{
"type": "FeatureCollection",
"name": "กลุ่ม_15",
"crs": { "type": "name", "properties": { "name": "urn:ogc:def:crs:EPSG::32647" } },
"xy_coordinate_resolution": 1e-15,
"features": [
{"type":"Feature","properties":{"รหัสกลุ่มคิว":"15/008","รหัสรับเหมา":null,"ชื่อ-สกุล รับเหมา":null,"นักเกษตร":"1502","ศูนย์":"K2-15","โควตา":"712087","ชาวไร่":"นางสาว เกษรา ศรีพรหมทอง","ประเภทอ้อย":"ตอ2","พื้นที่":15.11,"ตันรวม":120.88,"รหัสแปลง":"320501121501","กลุ่ม":"กลุ่ม_15"},"geometry":{"type":"MultiPolygon","coordinates":[[[[978766.024400000460446,1624361.99269999936223],[978737.815399999730289,1624368.856699999421835],[978737.628200000151992,1624378.933800000697374],[978726.339100000448525,1624382.081199999898672],[978723.288499999791384,1624370.614700000733137],[978661.244300000369549,1624381.168299999088049],[978669.301599999889731,1624430.588899999856949],[978697.994599999859929,1624428.168500000610948],[978713.835699999704957,1624556.361500000581145],[978861.530899999663234,1624593.8542],[978853.075000000186265,1624559.904500000178814],[978766.024400000460446,1624361.99269999936223]]]]}},
{"type":"Feature","properties":{"รหัสกลุ่มคิว":"15/008","รหัสรับเหมา":null,"ชื่อ-สกุล รับเหมา":null,"นักเกษตร":"1502","ศูนย์":"K2-15","โควตา":"712087","ชาวไร่":"นางสาว เกษรา ศรีพรหมทอง","ประเภทอ้อย":"ปลายฝน","พื้นที่":10.52,"ตันรวม":136.76,"รหัสแปลง":"320501121517","กลุ่ม":"กลุ่ม_15"},"geometry":{"type":"MultiPolygon","coordinates":[[[[978600.206500000320375,1624294.909],[978612.032599999569356,1624293.785700000822544],[978702.302500000223517,1624284.545199999585748],[978733.310800000093877,1624281.487999999895692],[978772.043800000101328,1624274.087400000542402],[978846.670699999667704,1624260.21030000038445],[978910.027400000020862,1624251.490000000223517],[978907.392500000074506,1624198.32179999910295],[978866.143899999558926,1624200.934699999168515],[978822.796699999831617,1624207.836200000718236],[978778.44579999987036,1624219.703600000590086],[978745.017300000414252,1624225.818299999460578],[978726.833599999547005,1624230.200300000607967],[978670.152900000102818,1624234.470499999821186],[978596.292399999685585,1624241.016000000759959],[978600.206500000320375,1624294.909]]]]}},
{"type":"Feature","properties":{"รหัสกลุ่มคิว":"15/008","รหัสรับเหมา":null,"ชื่อ-สกุล รับเหมา":null,"นักเกษตร":"1502","ศูนย์":"K2-15","โควตา":"712367","ชาวไร่":"นาย มวย ศรีพรหมทอง","ประเภทอ้อย":"ปลายฝน","พื้นที่":4.77,"ตันรวม":62.01,"รหัสแปลง":"320501121520","กลุ่ม":"กลุ่ม_15"},"geometry":{"type":"MultiPolygon","coordinates":[[[[978599.813500000163913,1624295.618000000715256],[978602.283999999985099,1624322.4831000007689],[978913.030399999581277,1624276.468699999153614],[978911.736899999901652,1624249.633199999108911],[978779.7955,1624272.825300000607967],[978738.697800000198185,1624280.519999999552965],[978599.813500000163913,1624295.618000000715256]]]]}},
{"type":"Feature","properties":{"รหัสกลุ่มคิว":"15/008","รหัสรับเหมา":null,"ชื่อ-สกุล รับเหมา":null,"นักเกษตร":"1502","ศูนย์":"K2-15","โควตา":"712087","ชาวไร่":"นางสาว เกษรา ศรีพรหมทอง","ประเภทอ้อย":"ปลายฝน","พื้นที่":5.55,"ตันรวม":72.15,"รหัสแปลง":"320501121531","กลุ่ม":"กลุ่ม_15"},"geometry":{"type":"MultiPolygon","coordinates":[[[[978028.03139999974519,1624286.479299999773502],[978014.231300000101328,1624301.739499999210238],[978033.570000000298023,1624407.877299999818206],[978062.512199999764562,1624547.484099999070168],[978095.961199999786913,1624558.309599999338388],[978086.595800000242889,1624448.4846],[978028.03139999974519,1624286.479299999773502]]]]}},
{"type":"Feature","properties":{"รหัสกลุ่มคิว":"15/008","รหัสรับเหมา":null,"ชื่อ-สกุล รับเหมา":null,"นักเกษตร":"1502","ศูนย์":"K2-15","โควตา":"719393","ชาวไร่":"นางสาว จินตนา ขอจงดี","ประเภทอ้อย":"ตอ2","พื้นที่":4.83,"ตันรวม":38.64,"รหัสแปลง":"320501121542","กลุ่ม":"กลุ่ม_15"},"geometry":{"type":"MultiPolygon","coordinates":[[[[979001.753600000403821,1623422.761700000613928],[979075.430200000293553,1623426.660000000149012],[979078.160099999979138,1623378.2654],[979110.920800000429153,1623376.956700000911951],[979113.201100000180304,1623338.306800000369549],[979001.370799999684095,1623341.253599999472499],[979001.753600000403821,1623422.761700000613928]]]]}},
{"type":"Feature","properties":{"รหัสกลุ่มคิว":"15/008","รหัสรับเหมา":null,"ชื่อ-สกุล รับเหมา":null,"นักเกษตร":"1502","ศูนย์":"K2-15","โควตา":"712087","ชาวไร่":"นางสาว เกษรา ศรีพรหมทอง","ประเภทอ้อย":"ตอ2","พื้นที่":3.37,"ตันรวม":26.96,"รหัสแปลง":"320501121544","กลุ่ม":"กลุ่ม_15"},"geometry":{"type":"MultiPolygon","coordinates":[[[[978574.450500000268221,1624121.649599999189377],[978573.080400000326335,1624120.8881],[978564.802799999713898,1624121.966900000348687],[978531.932699999772012,1624114.970499999821186],[978569.021399999968708,1624280.543600000441074],[978594.963700000196695,1624270.127299999818206],[978574.450500000268221,1624121.649599999189377]]]]}},
{"type":"Feature","properties":{"รหัสกลุ่มคิว":"15/001","รหัสรับเหมา":"738889","ชื่อ-สกุล รับเหมา":"รถตัดโรงงานเบอร์ 01","นักเกษตร":"1503","ศูนย์":"K2-15","โควตา":"719136","ชาวไร่":"นาย ธเนศ สีน้ำคำ","ประเภทอ้อย":"ปลายฝน","พื้นที่":13.46,"ตันรวม":174.98,"รหัสแปลง":"320501130005","กลุ่ม":"กลุ่ม_15"},"geometry":{"type":"MultiPolygon","coordinates":[[[[971759.189699999988079,1621154.869200000539422],[971753.071299999952316,1621201.339999999850988],[971787.131799999624491,1621199.409900000318885],[971808.068900000303984,1621382.843000000342727],[971919.721699999645352,1621371.320299999788404],[971908.624800000339746,1621312.129899999126792],[971899.472400000318885,1621310.658800000324845],[971872.609000000171363,1621182.3893],[971759.189699999988079,1621154.869200000539422]]]]}},
{"type":"Feature","properties":{"รหัสกลุ่มคิว":"15/008","รหัสรับเหมา":null,"ชื่อ-สกุล รับเหมา":null,"นักเกษตร":"1502","ศูนย์":"K2-15","โควตา":"710075","ชาวไร่":"นางสาว วิสา ขอจงดี","ประเภทอ้อย":"ปลายฝน","พื้นที่":5.5,"ตันรวม":71.5,"รหัสแปลง":"320501161503","กลุ่ม":"กลุ่ม_15"},"geometry":{"type":"MultiPolygon","coordinates":[[[[978661.562800000421703,1624117.720799999311566],[978582.424200000241399,1624114.317500000819564],[978593.131599999964237,1624238.2215],[978662.774299999698997,1624230.159900000318885],[978661.562800000421703,1624117.720799999311566]]]]}},
{"type":"Feature","properties":{"รหัสกลุ่มคิว":"15/008","รหัสรับเหมา":null,"ชื่อ-สกุล รับเหมา":null,"นักเกษตร":"1502","ศูนย์":"K2-15","โควตา":"716484","ชาวไร่":"นาย ประเสริฐ มีหมดจบ","ประเภทอ้อย":"ปลายฝน","พื้นที่":2.65,"ตันรวม":34.45,"รหัสแปลง":"320502021561","กลุ่ม":"กลุ่ม_15"},"geometry":{"type":"MultiPolygon","coordinates":[[[[981360.150000000372529,1634398.89750000089407],[981155.426400000229478,1634416.03969999961555],[981159.034500000067055,1634436.470200000330806],[981365.732599999755621,1634418.948000000789762],[981360.150000000372529,1634398.89750000089407]]]]}},
{"type":"Feature","properties":{"รหัสกลุ่มคิว":"15/008","รหัสรับเหมา":null,"ชื่อ-สกุล รับเหมา":null,"นักเกษตร":"1502","ศูนย์":"K2-15","โควตา":"716358","ชาวไร่":"นาง สำรบ สุภาพ","ประเภทอ้อย":"ตอ1","พื้นที่":4.0,"ตันรวม":36.0,"รหัสแปลง":"320502060030","กลุ่ม":"กลุ่ม_15"},"geometry":{"type":"MultiPolygon","coordinates":[[[[980866.700000000186265,1631242.525699999183416],[980818.053199999965727,1631074.178600000217557],[980786.284099999815226,1631078.880699999630451],[980816.137600000016391,1631229.289000000804663],[980866.700000000186265,1631242.525699999183416]]]]}},
{"type":"Feature","properties":{"รหัสกลุ่มคิว":"15/008","รหัสรับเหมา":null,"ชื่อ-สกุล รับเหมา":null,"นักเกษตร":"1502","ศูนย์":"K2-15","โควตา":"712009","ชาวไร่":"นาย สะเทียน เสาะสืบงาม","ประเภทอ้อย":"ปลายฝน","พื้นที่":2.08,"ตันรวม":27.04,"รหัสแปลง":"320502060049","กลุ่ม":"กลุ่ม_15"},"geometry":{"type":"MultiPolygon","coordinates":[[[[980895.943599999882281,1631332.471000000834465],[980887.274400000460446,1631293.563300000503659],[980806.175999999977648,1631278.452099999412894],[980797.684899999760091,1631313.627100000157952],[980895.943599999882281,1631332.471000000834465]]]]}},
{"type":"Feature","properties":{"รหัสกลุ่มคิว":"15/008","รหัสรับเหมา":null,"ชื่อ-สกุล รับเหมา":null,"นักเกษตร":"1502","ศูนย์":"K2-15","โควตา":"712028","ชาวไร่":"นาง สำเร็จ ไทยยิ่ง","ประเภทอ้อย":"ตอ5","พื้นที่":4.59,"ตันรวม":32.13,"รหัสแปลง":"320502061583","กลุ่ม":"กลุ่ม_15"},"geometry":{"type":"MultiPolygon","coordinates":[[[[980705.607900000177324,1631460.4715],[980535.128600000403821,1631431.771500000730157],[980531.577899999916553,1631443.125700000673532],[980817.365199999883771,1631503.563699999824166],[980815.177199999801815,1631495.253000000491738],[980777.135800000280142,1631480.686899999156594],[980785.409799999557436,1631436.037799999117851],[980716.720099999569356,1631424.124900000169873],[980705.607900000177324,1631460.4715]]]]}},
{"type":"Feature","properties":{"รหัสกลุ่มคิว":"15/008","รหัสรับเหมา":null,"ชื่อ-สกุล รับเหมา":null,"นักเกษตร":"1502","ศูนย์":"K2-15","โควตา":"716905","ชาวไร่":"นางสาว พัชรี แก้วเขียวงาม","ประเภทอ้อย":"ปลายฝน","พื้นที่":10.11,"ตันรวม":131.43,"รหัสแปลง":"320502130106","กลุ่ม":"กลุ่ม_15"},"geometry":{"type":"MultiPolygon","coordinates":[[[[985501.771300000138581,1633555.173599999397993],[985608.2796,1633534.398],[985610.203700000420213,1633544.5793999992311],[985701.289499999955297,1633516.884700000286102],[985680.352900000289083,1633498.732300000265241],[985669.172600000165403,1633497.2478],[985663.077600000426173,1633478.004899999126792],[985643.16260000038892,1633469.486600000411272],[985624.218299999833107,1633427.465099999681115],[985572.285500000230968,1633424.899599999189377],[985529.914900000207126,1633458.168800000101328],[985510.031000000424683,1633457.0945999994874],[985501.771300000138581,1633555.173599999397993]]]]}},
{"type":"Feature","properties":{"รหัสกลุ่มคิว":"15/003","รหัสรับเหมา":"738889","ชื่อ-สกุล รับเหมา":"รถตัดโรงงานเบอร์ 18","นักเกษตร":"1202","ศูนย์":"K2-15","โควตา":"715227","ชาวไร่":"นาย หาว กลีพัด","ประเภทอ้อย":"ตอ1","พื้นที่":2.75,"ตันรวม":24.75,"รหัสแปลง":"320504051532","กลุ่ม":"กลุ่ม_15"},"geometry":{"type":"MultiPolygon","coordinates":[[[[968009.452600000426173,1617873.986999999731779],[967992.375900000333786,1617936.262800000607967],[967972.268000000156462,1617996.012700000777841],[967953.518899999558926,1618057.068600000813603],[967936.346300000324845,1618115.78319999948144],[967955.837000000290573,1618112.6842],[967971.148900000378489,1618063.210400000214577],[967987.822999999858439,1618010.682299999520183],[968017.22649999987334,1617913.1831],[968017.303299999795854,1617902.001599999144673],[968020.845900000073016,1617879.775399999693036],[968009.452600000426173,1617873.986999999731779]]]]}},
{"type":"Feature","properties":{"รหัสกลุ่มคิว":"15/008","รหัสรับเหมา":null,"ชื่อ-สกุล รับเหมา":null,"นักเกษตร":"1502","ศูนย์":"K2-15","โควตา":"715404","ชาวไร่":"นาง สะอาดจิต แสนกล้า","ประเภทอ้อย":"ตอ1","พื้นที่":20.21,"ตันรวม":181.89,"รหัสแปลง":"320504051585","กลุ่ม":"กลุ่ม_15"},"geometry":{"type":"MultiPolygon","coordinates":[[[[967479.927799999713898,1619743.945800000801682],[967596.763500000350177,1619351.569399999454618],[967522.673000000417233,1619329.149700000882149],[967402.728099999949336,1619721.322499999776483],[967479.927799999713898,1619743.945800000801682]]]]}},
{"type":"Feature","properties":{"รหัสกลุ่มคิว":"15/008","รหัสรับเหมา":null,"ชื่อ-สกุล รับเหมา":null,"นักเกษตร":"1502","ศูนย์":"K2-15","โควตา":"715979","ชาวไร่":"นางสาว ภัทรวดี สมปอง","ประเภทอ้อย":"ตอ2","พื้นที่":17.73,"ตันรวม":141.84,"รหัสแปลง":"320504051588","กลุ่ม":"กลุ่ม_15"},"geometry":{"type":"MultiPolygon","coordinates":[[[[968417.338299999944866,1619560.6722999997437],[968438.551799999549985,1619463.249399999156594],[968457.990500000305474,1619405.734300000593066],[968492.704900000244379,1619418.637700000777841],[968565.745799999684095,1619177.931399999186397],[968528.319099999964237,1619165.793600000441074],[968518.606900000013411,1619193.782600000500679],[968477.398900000378489,1619181.5168999992311],[968359.203300000168383,1619572.414899999275804],[968410.462899999693036,1619579.231899999082088],[968417.338299999944866,1619560.6722999997437]]]]}},
{"type":"Feature","properties":{"รหัสกลุ่มคิว":"15/001","รหัสรับเหมา":"738889","ชื่อ-สกุล รับเหมา":"รถตัดโรงงานเบอร์ 01","นักเกษตร":"1503","ศูนย์":"K2-15","โควตา":"711664","ชาวไร่":"นาย พิทักษ์ มัญจะกาเภท","ประเภทอ้อย":"ปลายฝน","พื้นที่":23.95,"ตันรวม":311.35,"รหัสแปลง":"320504051601","กลุ่ม":"กลุ่ม_15"},"geometry":{"type":"MultiPolygon","coordinates":[[[[968423.189899999648333,1619079.443399999290705],[968285.829800000414252,1619549.336300000548363],[968313.030600000172853,1619557.806900000199676],[968359.973399999551475,1619569.428899999707937],[968379.049100000411272,1619513.409499999135733],[968497.066599999554455,1619104.152599999681115],[968423.189899999648333,1619079.443399999290705]]]]}},
{"type":"Feature","properties":{"รหัสกลุ่มคิว":"15/001","รหัสรับเหมา":"738889","ชื่อ-สกุล รับเหมา":"รถตัดโรงงานเบอร์ 01","นักเกษตร":"1503","ศูนย์":"K2-15","โควตา":"715740","ชาวไร่":"นาย สุริยา สีน้ำคำ","ประเภทอ้อย":"ตอ1","พื้นที่":10.19,"ตันรวม":91.71,"รหัสแปลง":"320504051619","กลุ่ม":"กลุ่ม_15"},"geometry":{"type":"MultiPolygon","coordinates":[[[[968243.393699999898672,1618471.85219999961555],[968185.372200000099838,1618462.380100000649691],[968184.356399999931455,1618461.838199999183416],[968159.251199999824166,1618736.372899999842048],[968200.770100000314415,1618740.395700000226498],[968208.674300000071526,1618738.387399999424815],[968218.870699999853969,1618740.88429999910295],[968243.393699999898672,1618471.85219999961555]]]]}},
{"type":"Feature","properties":{"รหัสกลุ่มคิว":"15/007","รหัสรับเหมา":"722724","ชื่อ-สกุล รับเหมา":"นาง ณีรนุช แถวถิ่น","นักเกษตร":"1501","ศูนย์":"K2-15","โควตา":"722724","ชาวไร่":"นาง ณีรนุช แถวถิ่น","ประเภทอ้อย":"ตอ2","พื้นที่":20.74,"ตันรวม":165.92,"รหัสแปลง":"320504070003","กลุ่ม":"กลุ่ม_15"},"geometry":{"type":"MultiPolygon","coordinates":[[[[966927.866499999538064,1615748.634800000116229],[966927.48450000025332,1615585.706399999558926],[966932.119300000369549,1615585.062599999830127],[966957.080599999986589,1615581.357799999415874],[966965.133600000292063,1615534.563699999824166],[966973.417200000025332,1615517.332800000905991],[967063.507000000216067,1615533.4528],[967020.762199999764562,1615446.17879999987781],[967015.539200000464916,1615442.709499999880791],[967004.422600000165403,1615426.407700000330806],[966994.8277000002563,1615421.407600000500679],[966987.754300000146031,1615421.221799999475479],[966962.533699999563396,1615430.301300000399351],[966962.819600000046194,1615440.186300000175834],[966950.526700000278652,1615478.071599999442697],[966930.333499999716878,1615514.999900000169873],[966869.849299999885261,1615564.7358],[966800.041400000452995,1615576.599500000476837],[966806.851800000295043,1615682.441600000485778],[966809.773900000378489,1615713.848500000312924],[966823.288200000301003,1615723.710400000214577],[966827.156899999827147,1615738.0406],[966858.929299999959767,1615738.9211],[966863.926099999807775,1615748.246999999508262],[966927.866499999538064,1615748.634800000116229]]]]}},
{"type":"Feature","properties":{"รหัสกลุ่มคิว":"15/007","รหัสรับเหมา":"722724","ชื่อ-สกุล รับเหมา":"นาง ณีรนุช แถวถิ่น","นักเกษตร":"1501","ศูนย์":"K2-15","โควตา":"722724","ชาวไร่":"นาง ณีรนุช แถวถิ่น","ประเภทอ้อย":"ต้นฝน","พื้นที่":5.89,"ตันรวม":64.79,"รหัสแปลง":"320504070034","กลุ่ม":"กลุ่ม_15"},"geometry":{"type":"MultiPolygon","coordinates":[[[[967031.671799999661744,1615671.809900000691414],[967049.095800000242889,1615602.0932],[966958.022499999962747,1615585.104800000786781],[966945.140599999576807,1615578.788699999451637],[966929.017699999734759,1615582.9682],[966929.373599999584258,1615677.717499999329448],[967031.671799999661744,1615671.809900000691414]]]]}},
{"type":"Feature","properties":{"รหัสกลุ่มคิว":"15/001","รหัสรับเหมา":"738889","ชื่อ-สกุล รับเหมา":"รถตัดโรงงานเบอร์ 01","นักเกษตร":"1503","ศูนย์":"K2-15","โควตา":"719136","ชาวไร่":"นาย ธเนศ สีน้ำคำ","ประเภทอ้อย":"ตอ1","พื้นที่":24.09,"ตันรวม":216.81,"รหัสแปลง":"320504131524","กลุ่ม":"กลุ่ม_15"},"geometry":{"type":"MultiPolygon","coordinates":[[[[968880.717400000430644,1618111.011499999091029],[968909.690799999982119,1618120.650299999862909],[968908.400799999944866,1618118.22069999948144],[968908.497200000099838,1618115.896500000730157],[968907.369099999777973,1618113.152899999171495],[968906.736299999989569,1618112.298900000751019],[968906.162100000306964,1618111.371600000187755],[968906.278500000014901,1618106.99129999987781],[968906.705599999986589,1618106.013399999588728],[968907.048999999649823,1618105.059399999678135],[968907.213899999856949,1618104.119799999520183],[968907.064000000245869,1618103.149599999189377],[968906.7182,1618102.200200000777841],[968902.161799999885261,1618099.105699999257922],[968901.419499999843538,1618098.327299999073148],[968900.901800000108778,1618097.384500000625849],[968900.595900000073016,1618096.381400000303984],[968902.332700000144541,1618089.290200000628829],[968902.633399999700487,1618088.306500000879169],[968903.029799999669194,1618087.294800000265241],[968904.071700000204146,1618084.222200000658631],[968906.963399999774992,1618084.730200000107288],[968909.7193,1618082.232999999076128],[968910.340900000184774,1618081.476199999451637],[968911.541799999773502,1618079.742200000211596],[968913.555100000463426,1618077.668800000101328],[968915.257699999958277,1618076.304999999701977],[968918.587500000372529,1618074.862500000745058],[968919.572399999946356,1618074.425499999895692],[968931.059299999848008,1618078.481300000101328],[968932.144700000062585,1618079.95409999974072],[968932.911000000312924,1618080.551200000569224],[968933.825400000438094,1618081.028999999165535],[968936.435300000011921,1618082.938100000843406],[968937.25760000012815,1618085.01039999909699],[968937.375,1618087.338600000366569],[968937.2341,1618089.784],[968936.933699999935925,1618093.3388],[968936.832499999552965,1618094.338500000536442],[968936.886900000274181,1618095.390000000596046],[968937.223100000061095,1618096.446900000795722],[968938.920800000429153,1618099.50650000013411],[968941.033400000073016,1618102.293600000441074],[968942.444199999794364,1618104.253799999132752],[968942.650399999693036,1618105.872099999338388],[968962.259600000455976,1618113.8147],[969085.7652000002563,1617710.2741],[969078.906499999575317,1617704.4923],[969089.214499999769032,1617671.164799999445677],[969085.714800000190735,1617657.064899999648333],[969088.573800000362098,1617644.404699999839067],[969091.2511,1617636.884500000625849],[969061.847799999639392,1617627.682199999690056],[969028.556699999608099,1617618.204700000584126],[968880.717400000430644,1618111.011499999091029]]]]}},
{"type":"Feature","properties":{"รหัสกลุ่มคิว":"15/003","รหัสรับเหมา":"738889","ชื่อ-สกุล รับเหมา":"รถตัดโรงงานเบอร์ 18","นักเกษตร":"1202","ศูนย์":"K2-15","โควตา":"715227","ชาวไร่":"นาย หาว กลีพัด","ประเภทอ้อย":"ตอ1","พื้นที่":5.67,"ตันรวม":51.03,"รหัสแปลง":"320504131574","กลุ่ม":"กลุ่ม_15"},"geometry":{"type":"MultiPolygon","coordinates":[[[[968339.201100000180304,1617975.277100000530481],[968185.645800000056624,1618463.7179000005126],[968204.379599999636412,1618463.152200000360608],[968319.024600000120699,1618098.198200000450015],[968357.871600000187755,1617978.037900000810623],[968339.201100000180304,1617975.277100000530481]]]]}},
{"type":"Feature","properties":{"รหัสกลุ่มคิว":"15/007","รหัสรับเหมา":"722724","ชื่อ-สกุล รับเหมา":"นาง ณีรนุช แถวถิ่น","นักเกษตร":"1501","ศูนย์":"K2-15","โควตา":"722724","ชาวไร่":"นาง ณีรนุช แถวถิ่น","ประเภทอ้อย":"ตอ2","พื้นที่":8.51,"ตันรวม":68.08,"รหัสแปลง":"320504131580","กลุ่ม":"กลุ่ม_15"},"geometry":{"type":"MultiPolygon","coordinates":[[[[967650.996700000017881,1616143.890699999406934],[967617.766800000332296,1616131.380000000819564],[967519.668899999931455,1616494.386],[967555.095800000242889,1616505.919299999251962],[967650.996700000017881,1616143.890699999406934]]]]}},
{"type":"Feature","properties":{"รหัสกลุ่มคิว":"15/007","รหัสรับเหมา":"722724","ชื่อ-สกุล รับเหมา":"นาง ณีรนุช แถวถิ่น","นักเกษตร":"1501","ศูนย์":"K2-15","โควตา":"719086","ชาวไร่":"นาง รัศมี บุญอยู่","ประเภทอ้อย":"ปลายฝน","พื้นที่":13.33,"ตันรวม":173.29,"รหัสแปลง":"320504141514","กลุ่ม":"กลุ่ม_15"},"geometry":{"type":"MultiPolygon","coordinates":[[[[966090.056499999947846,1620337.214600000530481],[966193.462799999862909,1620125.484999999403954],[966091.366100000217557,1620108.193199999630451],[966026.798200000077486,1620416.608200000599027],[966051.041299999691546,1620419.658900000154972],[966082.281000000424683,1620423.952299999073148],[966090.056499999947846,1620337.214600000530481]]]]}},
{"type":"Feature","properties":{"รหัสกลุ่มคิว":"15/008","รหัสรับเหมา":null,"ชื่อ-สกุล รับเหมา":null,"นักเกษตร":"1502","ศูนย์":"K2-15","โควตา":"726772","ชาวไร่":"นาง อุทิศ คิดดีจริง","ประเภทอ้อย":"ตอ1","พื้นที่":3.9,"ตันรวม":35.1,"รหัสแปลง":"320506060021","กลุ่ม":"กลุ่ม_15"},"geometry":{"type":"MultiPolygon","coordinates":[[[[979861.32799999974668,1623086.830600000917912],[979850.466099999845028,1623088.300599999725819],[979848.399600000120699,1623112.579800000414252],[979845.899299999698997,1623110.952600000426173],[979841.057400000281632,1623091.188200000673532],[979840.09499999973923,1623089.704199999570847],[979818.317499999888241,1623092.651399999856949],[979832.888100000098348,1623221.306500000879169],[979886.865699999965727,1623216.6919],[979861.32799999974668,1623086.830600000917912]]]]}},
{"type":"Feature","properties":{"รหัสกลุ่มคิว":"15/008","รหัสรับเหมา":null,"ชื่อ-สกุล รับเหมา":null,"นักเกษตร":"1502","ศูนย์":"K2-15","โควตา":"726074","ชาวไร่":"นาย พิสุทธิ์ คิดดีจริง","ประเภทอ้อย":"ปลายฝน","พื้นที่":3.43,"ตันรวม":44.59,"รหัสแปลง":"320506060028","กลุ่ม":"กลุ่ม_15"},"geometry":{"type":"MultiPolygon","coordinates":[[[[979947.554700000211596,1624228.702299999073148],[979957.179100000299513,1624490.642300000414252],[979979.99239999987185,1624497.443],[979966.836900000460446,1624232.352600000798702],[979947.554700000211596,1624228.702299999073148]]]]}},
{"type":"Feature","properties":{"รหัสกลุ่มคิว":"15/008","รหัสรับเหมา":null,"ชื่อ-สกุล รับเหมา":null,"นักเกษตร":"1502","ศูนย์":"K2-15","โควตา":"726074","ชาวไร่":"นาย พิสุทธิ์ คิดดีจริง","ประเภทอ้อย":"ปลายฝน","พื้นที่":6.33,"ตันรวม":82.29,"รหัสแปลง":"320506060029","กลุ่ม":"กลุ่ม_15"},"geometry":{"type":"MultiPolygon","coordinates":[[[[979852.646099999547005,1624459.658399999141693],[979867.416199999861419,1624463.60359999909997],[979867.51549999974668,1624464.0449],[979878.226400000043213,1624464.824999999254942],[979879.905500000342727,1624469.505200000479817],[979905.604899999685585,1624473.619100000709295],[979891.873700000345707,1624272.03969999961555],[979841.421699999831617,1624266.016200000420213],[979852.646099999547005,1624459.658399999141693]]]]}},
{"type":"Feature","properties":{"รหัสกลุ่มคิว":"15/008","รหัสรับเหมา":null,"ชื่อ-สกุล รับเหมา":null,"นักเกษตร":"1502","ศูนย์":"K2-15","โควตา":"726101","ชาวไร่":"นาย สำเนียง คิดดีจริง","ประเภทอ้อย":"ปลายฝน","พื้นที่":1.94,"ตันรวม":25.22,"รหัสแปลง":"320506060042","กลุ่ม":"กลุ่ม_15"},"geometry":{"type":"MultiPolygon","coordinates":[[[[980138.993999999947846,1624142.348300000652671],[980119.115899999625981,1624210.183599999174476],[980163.5296,1624212.722799999639392],[980168.404900000430644,1624202.8344],[980189.169200000353158,1624163.120899999514222],[980172.076500000432134,1624153.539200000464916],[980138.993999999947846,1624142.348300000652671]]]]}},
{"type":"Feature","properties":{"รหัสกลุ่มคิว":"15/008","รหัสรับเหมา":null,"ชื่อ-สกุล รับเหมา":null,"นักเกษตร":"1502","ศูนย์":"K2-15","โควตา":"726072","ชาวไร่":"นาย ลิม มีบุตรดี","ประเภทอ้อย":"ปลายฝน","พื้นที่":5.22,"ตันรวม":67.86,"รหัสแปลง":"320506060058","กลุ่ม":"กลุ่ม_15"},"geometry":{"type":"MultiPolygon","coordinates":[[[[979127.826899999752641,1624097.8553],[979093.939299999736249,1624100.147399999201298],[979098.645299999974668,1624126.310000000521541],[979110.30530000012368,1624128.3882],[979114.425999999977648,1624147.698300000280142],[979108.396999999880791,1624152.202099999412894],[979100.815799999982119,1624162.4070999994874],[979108.230299999937415,1624215.61769999936223],[979179.951399999670684,1624239.215299999341369],[979173.498599999584258,1624182.880400000140071],[979166.918600000441074,1624133.0143],[979162.377999999560416,1624107.594499999657273],[979127.826899999752641,1624097.8553]]]]}},
{"type":"Feature","properties":{"รหัสกลุ่มคิว":"15/008","รหัสรับเหมา":null,"ชื่อ-สกุล รับเหมา":null,"นักเกษตร":"1502","ศูนย์":"K2-15","โควตา":"726101","ชาวไร่":"นาย สำเนียง คิดดีจริง","ประเภทอ้อย":"ตอ1","พื้นที่":8.9,"ตันรวม":80.1,"รหัสแปลง":"320506061510","กลุ่ม":"กลุ่ม_15"},"geometry":{"type":"MultiPolygon","coordinates":[[[[979640.225200000219047,1622913.414899999275804],[979639.012400000356138,1622899.892200000584126],[979599.425499999895692,1622905.205299999564886],[979607.874400000087917,1622966.93610000051558],[979644.191700000315905,1622963.215099999681115],[979687.495500000193715,1622962.506999999284744],[979780.589599999599159,1622948.777100000530481],[979839.033200000412762,1622927.843699999153614],[979920.406000000424683,1622917.519099999219179],[979927.541699999943376,1622888.907700000330806],[979640.225200000219047,1622913.414899999275804]]]]}},
{"type":"Feature","properties":{"รหัสกลุ่มคิว":"15/008","รหัสรับเหมา":null,"ชื่อ-สกุล รับเหมา":null,"นักเกษตร":"1502","ศูนย์":"K2-15","โควตา":"726074","ชาวไร่":"นาย พิสุทธิ์ คิดดีจริง","ประเภทอ้อย":"ปลายฝน","พื้นที่":3.96,"ตันรวม":51.48,"รหัสแปลง":"320506061535","กลุ่ม":"กลุ่ม_15"},"geometry":{"type":"MultiPolygon","coordinates":[[[[980280.647099999710917,1623277.562100000679493],[980228.249499999918044,1623165.204600000753999],[980172.251299999654293,1623161.613500000908971],[980247.42920000012964,1623302.4879],[980280.647099999710917,1623277.562100000679493]]]]}},
{"type":"Feature","properties":{"รหัสกลุ่มคิว":"15/008","รหัสรับเหมา":null,"ชื่อ-สกุล รับเหมา":null,"นักเกษตร":"1502","ศูนย์":"K2-15","โควตา":"726772","ชาวไร่":"นาง อุทิศ คิดดีจริง","ประเภทอ้อย":"ปลายฝน","พื้นที่":7.95,"ตันรวม":103.35,"รหัสแปลง":"320506061541","กลุ่ม":"กลุ่ม_15"},"geometry":{"type":"MultiPolygon","coordinates":[[[[979511.418600000441074,1623017.340700000524521],[979560.523299999535084,1623149.45409999974072],[979642.877500000409782,1623131.844000000506639],[979630.616399999707937,1623077.671700000762939],[979611.010200000368059,1623000.924599999561906],[979511.418600000441074,1623017.340700000524521]]]]}},
{"type":"Feature","properties":{"รหัสกลุ่มคิว":"15/008","รหัสรับเหมา":null,"ชื่อ-สกุล รับเหมา":null,"นักเกษตร":"1502","ศูนย์":"K2-15","โควตา":"726078","ชาวไร่":"นาง สายบัว ดีพาชู","ประเภทอ้อย":"ปลายฝน","พื้นที่":11.95,"ตันรวม":155.35,"รหัสแปลง":"320506061556","กลุ่ม":"กลุ่ม_15"},"geometry":{"type":"MultiPolygon","coordinates":[[[[978971.549100000411272,1624520.938400000333786],[979089.644299999810755,1624812.49379999935627],[979099.385900000110269,1624836.072000000625849],[979106.643799999728799,1624840.738700000569224],[979115.874200000427663,1624863.730000000447035],[979118.200899999588728,1624865.090399999171495],[979124.495500000193715,1624875.026599999517202],[979154.399500000290573,1624856.596899999305606],[979025.950600000098348,1624500.841299999505281],[978971.549100000411272,1624520.938400000333786]]]]}},
{"type":"Feature","properties":{"รหัสกลุ่มคิว":"15/008","รหัสรับเหมา":null,"ชื่อ-สกุล รับเหมา":null,"นักเกษตร":"1502","ศูนย์":"K2-15","โควตา":"726421","ชาวไร่":"นาง สำลี คิดดีจริง","ประเภทอ้อย":"ปลายฝน","พื้นที่":7.38,"ตันรวม":95.94,"รหัสแปลง":"320506061561","กลุ่ม":"กลุ่ม_15"},"geometry":{"type":"MultiPolygon","coordinates":[[[[979144.04839999973774,1621136.570599999278784],[979148.745099999941885,1621035.177999999374151],[979146.008500000461936,1621013.124500000849366],[979146.041600000113249,1620987.107200000435114],[979148.340200000442564,1620913.234300000593066],[979149.917999999597669,1620839.206299999728799],[979150.010700000450015,1620822.149399999529123],[979145.841199999675155,1620798.910700000822544],[979138.646099999547005,1620799.058000000193715],[979139.005400000140071,1620795.939899999648333],[979144.987099999561906,1620794.320000000298023],[979140.308500000275671,1620748.793099999427795],[979123.978900000452995,1620682.377900000661612],[979119.735100000165403,1620662.31389999948442],[979110.10329999960959,1620607.103900000452995],[979108.185700000263751,1620563.663499999791384],[979092.208899999968708,1620567.467000000178814],[979093.867700000293553,1620608.517100000753999],[979091.098799999803305,1620611.612299999222159],[979093.817300000227988,1620628.927300000563264],[979099.678399999625981,1620640.77930000051856],[979104.071999999694526,1620678.324300000444055],[979105.565399999730289,1620682.974099999293685],[979120.094499999657273,1620758.852299999445677],[979124.815899999812245,1620798.8432],[979128.268699999898672,1620836.2621],[979129.695000000298023,1620845.988199999555945],[979130.808100000023842,1620864.406600000336766],[979131.092000000178814,1620887.925100000575185],[979129.623999999836087,1620936.484300000593066],[979124.480499999597669,1621013.20130000077188],[979116.306499999947846,1621133.266100000590086],[979144.04839999973774,1621136.570599999278784]]]]}},
{"type":"Feature","properties":{"รหัสกลุ่มคิว":"15/008","รหัสรับเหมา":null,"ชื่อ-สกุล รับเหมา":null,"นักเกษตร":"1502","ศูนย์":"K2-15","โควตา":"719487","ชาวไร่":"นาย ศรเงิน ชรากลาง","ประเภทอ้อย":"ปลายฝน","พื้นที่":4.39,"ตันรวม":57.07,"รหัสแปลง":"320506061580","กลุ่ม":"กลุ่ม_15"},"geometry":{"type":"MultiPolygon","coordinates":[[[[980130.286199999973178,1624064.91190000064671],[980089.386800000444055,1624214.329800000414252],[980080.246100000105798,1624258.891000000759959],[980105.49309999961406,1624267.117499999701977],[980122.466199999675155,1624197.582000000402331],[980162.601099999621511,1624053.811300000175834],[980149.075899999588728,1624050.309900000691414],[980152.035699999891222,1623997.11570000089705],[980135.877600000239909,1623994.747199999168515],[980130.286199999973178,1624064.91190000064671]]]]}},
{"type":"Feature","properties":{"รหัสกลุ่มคิว":"15/008","รหัสรับเหมา":null,"ชื่อ-สกุล รับเหมา":null,"นักเกษตร":"1502","ศูนย์":"K2-15","โควตา":"719408","ชาวไร่":"นางสาว จันทนา มีบุตรดี","ประเภทอ้อย":"ตอ1","พื้นที่":7.21,"ตันรวม":64.89,"รหัสแปลง":"320506111501","กลุ่ม":"กลุ่ม_15"},"geometry":{"type":"MultiPolygon","coordinates":[[[[980731.937699999660254,1620031.736600000411272],[980881.299800000153482,1619971.625600000843406],[980873.769999999552965,1619951.693299999460578],[980830.109699999913573,1619956.19620000012219],[980810.159599999897182,1619908.6546],[980794.457799999974668,1619910.564500000327826],[980784.028199999593198,1619900.744599999859929],[980720.486600000411272,1619927.414000000804663],[980731.937699999660254,1620031.736600000411272]]]]}},
{"type":"Feature","properties":{"รหัสกลุ่มคิว":"15/008","รหัสรับเหมา":null,"ชื่อ-สกุล รับเหมา":null,"นักเกษตร":"1502","ศูนย์":"K2-15","โควตา":"726978","ชาวไร่":"นาย สุนทร เยียวรัมย์","ประเภทอ้อย":"ตอ1","พื้นที่":5.59,"ตันรวม":50.31,"รหัสแปลง":"320506111502","กลุ่ม":"กลุ่ม_15"},"geometry":{"type":"MultiPolygon","coordinates":[[[[980590.124400000087917,1618654.790999999269843],[980644.700600000098348,1618653.829700000584126],[980645.894000000320375,1618602.266799999400973],[980642.28110000025481,1618492.921599999070168],[980585.464800000190735,1618497.906700000166893],[980589.461400000378489,1618596.905200000852346],[980590.124400000087917,1618654.790999999269843]]]]}},
{"type":"Feature","properties":{"รหัสกลุ่มคิว":"15/008","รหัสรับเหมา":null,"ชื่อ-สกุล รับเหมา":null,"นักเกษตร":"1502","ศูนย์":"K2-15","โควตา":"712368","ชาวไร่":"นาง กมลวัทน์ คลายทุกข์","ประเภทอ้อย":"ปลายฝน","พื้นที่":10.1,"ตันรวม":131.3,"รหัสแปลง":"320507011518","กลุ่ม":"กลุ่ม_15"},"geometry":{"type":"MultiPolygon","coordinates":[[[[978101.867499999701977,1622458.050599999725819],[978104.495699999853969,1622480.1042],[978377.343100000172853,1622373.408299999311566],[978343.791699999943376,1622349.269099999219179],[978277.230000000447035,1622374.403699999675155],[978257.387799999676645,1622321.32039999961853],[978250.21129999961704,1622320.07039999961853],[978154.10329999960959,1622355.534800000488758],[978161.230600000359118,1622432.77449999935925],[978101.867499999701977,1622458.050599999725819]]]]}},
{"type":"Feature","properties":{"รหัสกลุ่มคิว":"15/001","รหัสรับเหมา":"738889","ชื่อ-สกุล รับเหมา":"รถตัดโรงงานเบอร์ 01","นักเกษตร":"1503","ศูนย์":"K2-15","โควตา":"719136","ชาวไร่":"นาย ธเนศ สีน้ำคำ","ประเภทอ้อย":"ตอ1","พื้นที่":14.64,"ตันรวม":131.76,"รหัสแปลง":"320507051553","กลุ่ม":"กลุ่ม_15"},"geometry":{"type":"MultiPolygon","coordinates":[[[[971791.128600000403821,1621541.51549999974668],[972011.940700000151992,1621524.334699999541044],[971970.129900000058115,1621367.106499999761581],[971968.658499999903142,1621365.4474],[971927.339499999769032,1621370.394200000911951],[971935.067499999888241,1621406.5811],[971934.511900000274181,1621425.657600000500679],[971911.546000000089407,1621439.177799999713898],[971898.76659999974072,1621456.402200000360608],[971883.764700000174344,1621455.846599999815226],[971879.31969999987632,1621458.62470000050962],[971880.56319999974221,1621469.472699999809265],[971868.445299999788404,1621468.758300000801682],[971839.228900000452995,1621380.943],[971807.414599999785423,1621384.751900000497699],[971807.779199999757111,1621387.1239],[971807.932000000029802,1621434.537900000810623],[971813.949099999852479,1621434.04079999960959],[971809.802600000053644,1621471.426000000908971],[971807.489099999889731,1621476.957499999552965],[971806.596499999985099,1621477.036800000816584],[971802.85259999986738,1621486.607300000265241],[971791.128600000403821,1621541.51549999974668]]]]}},
{"type":"Feature","properties":{"รหัสกลุ่มคิว":"15/004","รหัสรับเหมา":"738889","ชื่อ-สกุล รับเหมา":"รถตัดโรงงานเบอร์ 22","นักเกษตร":"1507","ศูนย์":"K2-15","โควตา":"715257","ชาวไร่":"นาย ทองดา ก่อแก้ว","ประเภทอ้อย":"ตอ1","พื้นที่":1.66,"ตันรวม":14.94,"รหัสแปลง":"320509131524","กลุ่ม":"กลุ่ม_15"},"geometry":{"type":"MultiPolygon","coordinates":[[[[970213.31180000025779,1606684.683199999853969],[970228.763100000098348,1606620.642899999395013],[970198.100899999961257,1606613.402599999681115],[970167.592299999669194,1606683.071399999782443],[970213.31180000025779,1606684.683199999853969]]]]}},
{"type":"Feature","properties":{"รหัสกลุ่มคิว":"15/004","รหัสรับเหมา":"738889","ชื่อ-สกุล รับเหมา":"รถตัดโรงงานเบอร์ 22","นักเกษตร":"1507","ศูนย์":"K2-15","โควตา":"715056","ชาวไร่":"นาย อาณัติ แก่นชัย","ประเภทอ้อย":"ปลายฝน","พื้นที่":7.48,"ตันรวม":97.24,"รหัสแปลง":"320509131528","กลุ่ม":"กลุ่ม_15"},"geometry":{"type":"MultiPolygon","coordinates":[[[[970298.351800000295043,1608431.090500000864267],[970279.421299999579787,1608176.754499999806285],[970233.156899999827147,1608181.540100000798702],[970235.947800000198185,1608211.546900000423193],[970245.017500000074506,1608353.785499999299645],[970248.461600000038743,1608414.308700000867248],[970251.003100000321865,1608433.828600000590086],[970253.525200000032783,1608434.456900000572205],[970298.351800000295043,1608431.090500000864267]]]]}},
{"type":"Feature","properties":{"รหัสกลุ่มคิว":"15/001","รหัสรับเหมา":"738889","ชื่อ-สกุล รับเหมา":"รถตัดโรงงานเบอร์ 01","นักเกษตร":"1503","ศูนย์":"K2-15","โควตา":"715740","ชาวไร่":"นาย สุริยา สีน้ำคำ","ประเภทอ้อย":"ตอ1","พื้นที่":26.61,"ตันรวม":239.49,"รหัสแปลง":"320509131549","กลุ่ม":"กลุ่ม_15"},"geometry":{"type":"MultiPolygon","coordinates":[[[[969577.178999999538064,1607560.431900000199676],[969573.807599999941885,1607536.949899999424815],[969608.944299999624491,1607529.816400000825524],[969604.316599999554455,1607506.139599999412894],[969608.238699999637902,1607505.045199999585748],[969605.816399999894202,1607442.777499999850988],[969202.153199999593198,1607553.490900000557303],[969196.151100000366569,1607557.807900000363588],[969216.400200000032783,1607655.727800000458956],[969577.178999999538064,1607560.431900000199676]]]]}},
{"type":"Feature","properties":{"รหัสกลุ่มคิว":"15/004","รหัสรับเหมา":"738889","ชื่อ-สกุล รับเหมา":"รถตัดโรงงานเบอร์ 22","นักเกษตร":"1507","ศูนย์":"K2-15","โควตา":"715514","ชาวไร่":"นางสาว เรียม บูรณะ","ประเภทอ้อย":"ปลายฝน","พื้นที่":6.54,"ตันรวม":85.02,"รหัสแปลง":"320509131553","กลุ่ม":"กลุ่ม_15"},"geometry":{"type":"MultiPolygon","coordinates":[[[[969978.179299999959767,1607823.783099999651313],[970026.667000000365078,1607813.619599999859929],[970021.712700000032783,1607794.676000000908971],[970016.380599999800324,1607793.778899999335408],[970017.230399999767542,1607784.243599999696016],[970021.366399999707937,1607781.400900000706315],[970020.108900000341237,1607761.618300000205636],[969863.122399999760091,1607799.999800000339746],[969875.821800000034273,1607878.746099999174476],[969901.209099999628961,1607876.061499999836087],[969924.351300000213087,1607867.288899999111891],[969978.179299999959767,1607823.783099999651313]]]]}},
{"type":"Feature","properties":{"รหัสกลุ่มคิว":"15/004","รหัสรับเหมา":"738889","ชื่อ-สกุล รับเหมา":"รถตัดโรงงานเบอร์ 22","นักเกษตร":"1507","ศูนย์":"K2-15","โควตา":"715257","ชาวไร่":"นาย ทองดา ก่อแก้ว","ประเภทอ้อย":"ปลายฝน","พื้นที่":1.7,"ตันรวม":22.1,"รหัสแปลง":"320509131562","กลุ่ม":"กลุ่ม_15"},"geometry":{"type":"MultiPolygon","coordinates":[[[[970178.033999999985099,1606866.140699999406934],[970189.625199999660254,1606794.86009999923408],[970161.010200000368059,1606795.651900000870228],[970157.375,1606817.615000000223517],[970146.463600000366569,1606822.967399999499321],[970142.056900000199676,1606836.198400000110269],[970145.87459999974817,1606837.29839999973774],[970148.310999999754131,1606839.651000000536442],[970142.084699999541044,1606842.275299999862909],[970136.870299999602139,1606869.633500000461936],[970159.140999999828637,1606879.115299999713898],[970162.242499999701977,1606865.473300000652671],[970178.033999999985099,1606866.140699999406934]]]]}},
{"type":"Feature","properties":{"รหัสกลุ่มคิว":"15/004","รหัสรับเหมา":"738889","ชื่อ-สกุล รับเหมา":"รถตัดโรงงานเบอร์ 22","นักเกษตร":"1507","ศูนย์":"K2-15","โควตา":"715666","ชาวไร่":"นาย นคร สาลี","ประเภทอ้อย":"ต้นฝน","พื้นที่":7.3,"ตันรวม":80.3,"รหัสแปลง":"320509131570","กลุ่ม":"กลุ่ม_15"},"geometry":{"type":"MultiPolygon","coordinates":[[[[971098.993700000457466,1608057.487999999895692],[971125.138100000098348,1608060.320900000631809],[971127.114199999719858,1608056.842499999329448],[971139.04700000025332,1608046.447599999606609],[971151.407200000248849,1608043.82010000012815],[971163.075400000438094,1608034.430700000375509],[971176.922799999825656,1608013.214099999517202],[971194.252199999988079,1608007.805400000885129],[971200.022900000214577,1608007.750600000843406],[971211.338700000196695,1608003.511299999430776],[971223.713899999856949,1608001.402100000530481],[971233.257100000046194,1607992.994799999520183],[971240.737599999643862,1607960.2434],[971152.696399999782443,1607959.616900000721216],[971141.552799999713898,1607958.412000000476837],[971138.896300000138581,1607952.83049999922514],[971067.717799999751151,1607954.644400000572205],[971070.72759999986738,1607987.73619999922812],[971098.993700000457466,1608057.487999999895692]]]]}},
{"type":"Feature","properties":{"รหัสกลุ่มคิว":"15/004","รหัสรับเหมา":"738889","ชื่อ-สกุล รับเหมา":"รถตัดโรงงานเบอร์ 22","นักเกษตร":"1507","ศูนย์":"K2-15","โควตา":"710469","ชาวไร่":"นาง วันเพ็ญ ฉนวนรัมย์","ประเภทอ้อย":"ตอ1","พื้นที่":8.34,"ตันรวม":75.06,"รหัสแปลง":"320509131572","กลุ่ม":"กลุ่ม_15"},"geometry":{"type":"MultiPolygon","coordinates":[[[[969689.68709999974817,1607517.148800000548363],[969846.594899999909103,1607487.2346],[969858.786399999633431,1607537.382200000807643],[970003.836199999786913,1607505.948599999770522],[969985.025200000032783,1607444.027799999341369],[969871.059299999848008,1607460.525399999693036],[969867.034799999557436,1607463.7763],[969687.755300000309944,1607495.667099999263883],[969689.68709999974817,1607517.148800000548363]]]]}},
{"type":"Feature","properties":{"รหัสกลุ่มคิว":"15/004","รหัสรับเหมา":"738889","ชื่อ-สกุล รับเหมา":"รถตัดโรงงานเบอร์ 22","นักเกษตร":"1507","ศูนย์":"K2-15","โควตา":"710469","ชาวไร่":"นาง วันเพ็ญ ฉนวนรัมย์","ประเภทอ้อย":"ตอ2","พื้นที่":10.19,"ตันรวม":81.52,"รหัสแปลง":"320509131582","กลุ่ม":"กลุ่ม_15"},"geometry":{"type":"MultiPolygon","coordinates":[[[[970381.928299999795854,1607104.48509999923408],[970292.287299999967217,1607420.882200000807643],[970260.694899999536574,1607421.6634],[970298.870799999684095,1607538.66469999961555],[970352.769600000232458,1607339.573799999430776],[970343.827800000086427,1607336.8662],[970347.688500000163913,1607331.634500000625849],[970355.442900000140071,1607333.022700000554323],[970420.279000000096858,1607115.188200000673532],[970381.928299999795854,1607104.48509999923408]]]]}},
{"type":"Feature","properties":{"รหัสกลุ่มคิว":"15/007","รหัสรับเหมา":"722724","ชื่อ-สกุล รับเหมา":"นาง ณีรนุช แถวถิ่น","นักเกษตร":"1501","ศูนย์":"K2-15","โควตา":"719086","ชาวไร่":"นาง รัศมี บุญอยู่","ประเภทอ้อย":"ตอ1","พื้นที่":9.12,"ตันรวม":82.08,"รหัสแปลง":"320509181551","กลุ่ม":"กลุ่ม_15"},"geometry":{"type":"MultiPolygon","coordinates":[[[[968532.24100000038743,1612210.493699999526143],[968133.86629999987781,1612192.065300000831485],[968126.22829999960959,1612227.616100000217557],[968529.185300000011921,1612247.2522],[968532.24100000038743,1612210.493699999526143]]]]}},
{"type":"Feature","properties":{"รหัสกลุ่มคิว":"15/008","รหัสรับเหมา":null,"ชื่อ-สกุล รับเหมา":null,"นักเกษตร":"1502","ศูนย์":"K2-15","โควตา":"716556","ชาวไร่":"นาย สุภาพ สินสร้าง","ประเภทอ้อย":"ตอ2","พื้นที่":5.03,"ตันรวม":40.24,"รหัสแปลง":"320508021508","กลุ่ม":"กลุ่ม_15"},"geometry":{"type":"MultiPolygon","coordinates":[[[[985200.75870000012219,1626806.711400000378489],[985169.773299999535084,1626809.3553],[985143.09250000026077,1627055.024800000712276],[985174.282300000078976,1627068.809499999508262],[985200.75870000012219,1626806.711400000378489]]]]}},
{"type":"Feature","properties":{"รหัสกลุ่มคิว":"15/008","รหัสรับเหมา":null,"ชื่อ-สกุล รับเหมา":null,"นักเกษตร":"1502","ศูนย์":"K2-15","โควตา":"713320","ชาวไร่":"นาง นุชนาถ ทรงฉลาด","ประเภทอ้อย":"ตอ1","พื้นที่":1.37,"ตันรวม":12.33,"รหัสแปลง":"320508050039","กลุ่ม":"กลุ่ม_15"},"geometry":{"type":"MultiPolygon","coordinates":[[[[987703.7171,1630051.01630000025034],[987760.697100000455976,1630054.822100000455976],[987763.467400000430644,1630014.355399999767542],[987716.20160000026226,1630008.963400000706315],[987703.7171,1630051.01630000025034]]]]}},
{"type":"Feature","properties":{"รหัสกลุ่มคิว":"15/008","รหัสรับเหมา":null,"ชื่อ-สกุล รับเหมา":null,"นักเกษตร":"1502","ศูนย์":"K2-15","โควตา":"716556","ชาวไร่":"นาย สุภาพ สินสร้าง","ประเภทอ้อย":"ตอ1","พื้นที่":5.02,"ตันรวม":45.18,"รหัสแปลง":"320508050092","กลุ่ม":"กลุ่ม_15"},"geometry":{"type":"MultiPolygon","coordinates":[[[[985068.536000000312924,1629960.83559999987483],[984975.295699999667704,1629977.5143],[984976.026899999938905,1630018.397600000724196],[985073.166400000452995,1629985.170099999755621],[985271.247200000099838,1629985.03319999948144],[985268.161500000394881,1629960.463999999687076],[985068.536000000312924,1629960.83559999987483]]]]}},
{"type":"Feature","properties":{"รหัสกลุ่มคิว":"15/008","รหัสรับเหมา":null,"ชื่อ-สกุล รับเหมา":null,"นักเกษตร":"1502","ศูนย์":"K2-15","โควตา":"713324","ชาวไร่":"นาย ธีรพงษ์ ใจองอาจ","ประเภทอ้อย":"ตอ1","พื้นที่":13.85,"ตันรวม":124.65,"รหัสแปลง":"320508051599","กลุ่ม":"กลุ่ม_15"},"geometry":{"type":"MultiPolygon","coordinates":[[[[986999.161500000394881,1630593.681099999696016],[986718.442800000309944,1630516.215199999511242],[986721.357200000435114,1630591.992499999701977],[986901.259600000455976,1630632.887599999085069],[986946.178999999538064,1630661.380599999800324],[987034.047399999573827,1630660.709699999541044],[987036.840499999932945,1630609.082499999552965],[987000.985399999655783,1630600.464500000700355],[986999.161500000394881,1630593.681099999696016]]]]}},
{"type":"Feature","properties":{"รหัสกลุ่มคิว":"15/008","รหัสรับเหมา":null,"ชื่อ-สกุล รับเหมา":null,"นักเกษตร":"1502","ศูนย์":"K2-15","โควตา":"712004","ชาวไร่":"นาง คำพจน์ จันทร์อ่อน","ประเภทอ้อย":"ตอ1","พื้นที่":2.64,"ตันรวม":23.76,"รหัสแปลง":"320508071517","กลุ่ม":"กลุ่ม_15"},"geometry":{"type":"MultiPolygon","coordinates":[[[[988334.563699999824166,1625389.199400000274181],[988334.004999999888241,1625352.875099999830127],[988221.093299999833107,1625348.293099999427795],[988220.477800000458956,1625386.280899999663234],[988334.563699999824166,1625389.199400000274181]]]]}},
{"type":"Feature","properties":{"รหัสกลุ่มคิว":"15/008","รหัสรับเหมา":null,"ชื่อ-สกุล รับเหมา":null,"นักเกษตร":"1502","ศูนย์":"K2-15","โควตา":"712004","ชาวไร่":"นาง คำพจน์ จันทร์อ่อน","ประเภทอ้อย":"ตอ1","พื้นที่":2.63,"ตันรวม":23.67,"รหัสแปลง":"320508071521","กลุ่ม":"กลุ่ม_15"},"geometry":{"type":"MultiPolygon","coordinates":[[[[988331.285099999979138,1625429.296900000423193],[988333.693199999630451,1625390.978700000792742],[988220.235100000165403,1625386.145199999213219],[988218.854199999943376,1625421.996500000357628],[988331.285099999979138,1625429.296900000423193]]]]}},
{"type":"Feature","properties":{"รหัสกลุ่มคิว":"15/001","รหัสรับเหมา":"738889","ชื่อ-สกุล รับเหมา":"รถตัดโรงงานเบอร์ 01","นักเกษตร":"1503","ศูนย์":"K2-15","โควตา":"710837","ชาวไร่":"นาง สมอน สืบเทพ","ประเภทอ้อย":"ตอ1","พื้นที่":7.29,"ตันรวม":65.61,"รหัสแปลง":"320509010032","กลุ่ม":"กลุ่ม_15"},"geometry":{"type":"MultiPolygon","coordinates":[[[[974902.398199999704957,1608141.490399999544024],[974899.983500000089407,1608034.042199999094009],[974853.21889999974519,1608037.3257],[974856.299999999813735,1608140.939600000157952],[974853.348699999973178,1608140.037399999797344],[974847.231100000441074,1607992.300599999725819],[974801.976999999955297,1607993.135099999606609],[974809.631799999624491,1608142.656400000676513],[974854.574099999852479,1608143.071599999442697],[974856.135300000198185,1608143.934800000861287],[974902.398199999704957,1608141.490399999544024]]]]}},
{"type":"Feature","properties":{"รหัสกลุ่มคิว":"15/001","รหัสรับเหมา":"738889","ชื่อ-สกุล รับเหมา":"รถตัดโรงงานเบอร์ 01","นักเกษตร":"1503","ศูนย์":"K2-15","โควตา":"711001","ชาวไร่":"นาง จินตนา ประจวบสุข","ประเภทอ้อย":"ปลายฝน","พื้นที่":11.02,"ตันรวม":143.26,"รหัสแปลง":"320509010051","กลุ่ม":"กลุ่ม_15"},"geometry":{"type":"MultiPolygon","coordinates":[[[[974823.615000000223517,1607724.71199999935925],[974827.264200000092387,1607661.045199999585748],[974836.090200000442564,1607576.400100000202656],[974778.612099999561906,1607573.0186],[974729.980600000359118,1607574.67339999973774],[974727.249099999666214,1607658.04619999974966],[974703.107499999925494,1607661.834699999541044],[974703.793100000359118,1607685.847999999299645],[974717.701799999922514,1607698.339999999850988],[974725.551099999807775,1607760.800100000575185],[974734.264700000174344,1607765.3388],[974795.079800000414252,1607718.935499999672174],[974823.615000000223517,1607724.71199999935925]]]]}},
{"type":"Feature","properties":{"รหัสกลุ่มคิว":"15/001","รหัสรับเหมา":"738889","ชื่อ-สกุล รับเหมา":"รถตัดโรงงานเบอร์ 01","นักเกษตร":"1503","ศูนย์":"K2-15","โควตา":"719077","ชาวไร่":"นาง คำใบ ลักขษร","ประเภทอ้อย":"ตอ1","พื้นที่":8.58,"ตันรวม":77.22,"รหัสแปลง":"320509010099","กลุ่ม":"กลุ่ม_15"},"geometry":{"type":"MultiPolygon","coordinates":[[[[973347.281899999827147,1607772.9825],[973346.755300000309944,1607742.125800000503659],[973342.436900000087917,1607693.930500000715256],[973338.09250000026077,1607640.230499999597669],[973335.180900000035763,1607608.521500000730157],[973248.63289999961853,1607617.960999999195337],[973253.044900000095367,1607676.537499999627471],[973259.349299999885261,1607724.4781],[973264.001899999566376,1607770.359200000762939],[973347.281899999827147,1607772.9825]]]]}},
{"type":"Feature","properties":{"รหัสกลุ่มคิว":"15/004","รหัสรับเหมา":"738889","ชื่อ-สกุล รับเหมา":"รถตัดโรงงานเบอร์ 22","นักเกษตร":"1507","ศูนย์":"K2-15","โควตา":"711058","ชาวไร่":"นาง สมอน ดีสาห่าง","ประเภทอ้อย":"ตอ1","พื้นที่":4.85,"ตันรวม":43.65,"รหัสแปลง":"320509015034","กลุ่ม":"กลุ่ม_15"},"geometry":{"type":"MultiPolygon","coordinates":[[[[974394.117300000041723,1607705.417099999263883],[974357.121700000017881,1607618.843800000846386],[974319.921400000341237,1607636.600199999287724],[974356.366399999707937,1607723.2028],[974354.275299999862909,1607725.108200000599027],[974319.567200000397861,1607644.888599999248981],[974315.30530000012368,1607647.497700000181794],[974309.929399999789894,1607641.006899999454618],[974280.122100000269711,1607651.7675],[974322.886300000362098,1607746.446399999782443],[974394.117300000041723,1607705.417099999263883]]]]}},
{"type":"Feature","properties":{"รหัสกลุ่มคิว":"15/001","รหัสรับเหมา":"738889","ชื่อ-สกุล รับเหมา":"รถตัดโรงงานเบอร์ 01","นักเกษตร":"1503","ศูนย์":"K2-15","โควตา":"719077","ชาวไร่":"นาง คำใบ ลักขษร","ประเภทอ้อย":"ตอ1","พื้นที่":4.51,"ตันรวม":40.59,"รหัสแปลง":"320509015047","กลุ่ม":"กลุ่ม_15"},"geometry":{"type":"MultiPolygon","coordinates":[[[[974326.572300000116229,1608053.7555],[974313.744599999859929,1608330.121400000527501],[974338.099799999967217,1608337.052200000733137],[974353.24210000038147,1608048.260299999266863],[974326.572300000116229,1608053.7555]]]]}},
{"type":"Feature","properties":{"รหัสกลุ่มคิว":"15/001","รหัสรับเหมา":"738889","ชื่อ-สกุล รับเหมา":"รถตัดโรงงานเบอร์ 01","นักเกษตร":"1503","ศูนย์":"K2-15","โควตา":"710837","ชาวไร่":"นาง สมอน สืบเทพ","ประเภทอ้อย":"ตอ2","พื้นที่":8.81,"ตันรวม":70.48,"รหัสแปลง":"320509015085","กลุ่ม":"กลุ่ม_15"},"geometry":{"type":"MultiPolygon","coordinates":[[[[974847.885200000368059,1607979.959000000730157],[974852.245299999602139,1608033.89919999986887],[974898.062699999660254,1608031.818800000473857],[974895.540199999697506,1607990.636499999091029],[974895.693099999800324,1607945.165200000628829],[974893.87569999974221,1607916.1754],[974895.541899999603629,1607858.9726],[974795.025899999774992,1607867.748999999836087],[974801.646900000050664,1607988.6228],[974837.255199999548495,1607987.2983],[974838.331399999558926,1607985.406700000166893],[974844.2034,1607982.7511],[974847.885200000368059,1607979.959000000730157]]]]}},
{"type":"Feature","properties":{"รหัสกลุ่มคิว":"15/004","รหัสรับเหมา":"738889","ชื่อ-สกุล รับเหมา":"รถตัดโรงงานเบอร์ 22","นักเกษตร":"1507","ศูนย์":"K2-15","โควตา":"710492","ชาวไร่":"นาย ชูเกียรติ แสงลํ้า","ประเภทอ้อย":"ตอ2","พื้นที่":6.74,"ตันรวม":53.92,"รหัสแปลง":"320509015243","กลุ่ม":"กลุ่ม_15"},"geometry":{"type":"MultiPolygon","coordinates":[[[[974166.350999999791384,1607697.822799999266863],[974225.213600000366569,1607973.38910000026226],[974238.759399999864399,1607965.080800000578165],[974237.140100000426173,1607936.480000000447035],[974239.807699999772012,1607927.649399999529123],[974241.642199999652803,1607922.7983],[974261.759200000204146,1607907.844399999827147],[974203.520299999974668,1607700.190199999138713],[974196.224700000137091,1607688.38120000064373],[974166.350999999791384,1607697.822799999266863]]]]}},
{"type":"Feature","properties":{"รหัสกลุ่มคิว":"15/001","รหัสรับเหมา":"738889","ชื่อ-สกุล รับเหมา":"รถตัดโรงงานเบอร์ 01","นักเกษตร":"1503","ศูนย์":"K2-15","โควตา":"715467","ชาวไร่":"นาง มาลี ศรีปุชัยนนท์","ประเภทอ้อย":"ตอ2","พื้นที่":14.71,"ตันรวม":117.68,"รหัสแปลง":"320509015280","กลุ่ม":"กลุ่ม_15"},"geometry":{"type":"MultiPolygon","coordinates":[[[[972514.091599999926984,1609049.218100000172853],[972388.581000000238419,1608876.532800000160933],[972377.764600000344217,1608902.887399999424815],[972346.414800000376999,1608916.183499999344349],[972296.526899999938905,1608913.9803],[972266.414800000376999,1608950.79759999923408],[972240.821299999952316,1609009.78690000064671],[972514.091599999926984,1609049.218100000172853]]]]}},
{"type":"Feature","properties":{"รหัสกลุ่มคิว":"15/001","รหัสรับเหมา":"738889","ชื่อ-สกุล รับเหมา":"รถตัดโรงงานเบอร์ 01","นักเกษตร":"1503","ศูนย์":"K2-15","โควตา":"715245","ชาวไร่":"นาง ประไพร ศรีนาค","ประเภทอ้อย":"ตอ1","พื้นที่":6.68,"ตันรวม":60.12,"รหัสแปลง":"320509015289","กลุ่ม":"กลุ่ม_15"},"geometry":{"type":"MultiPolygon","coordinates":[[[[973475.882500000298023,1606690.010299999266863],[973681.038599999621511,1606686.105699999257922],[973676.735999999567866,1606627.628699999302626],[973671.240299999713898,1606625.492000000551343],[973605.571299999952316,1606627.832800000905991],[973604.411399999633431,1606641.846200000494719],[973566.888700000010431,1606645.6554000005126],[973566.897699999623001,1606632.418600000441074],[973490.082100000232458,1606636.595499999821186],[973475.882500000298023,1606690.010299999266863]]]]}},
{"type":"Feature","properties":{"รหัสกลุ่มคิว":"15/001","รหัสรับเหมา":"738889","ชื่อ-สกุล รับเหมา":"รถตัดโรงงานเบอร์ 01","นักเกษตร":"1503","ศูนย์":"K2-15","โควตา":"711002","ชาวไร่":"นาง วันเพ็ญ สืบเทพ","ประเภทอ้อย":"ตอ1","พื้นที่":6.82,"ตันรวม":61.38,"รหัสแปลง":"320509015290","กลุ่ม":"กลุ่ม_15"},"geometry":{"type":"MultiPolygon","coordinates":[[[[974287.136900000274181,1608053.426599999889731],[974280.851599999703467,1608092.461500000208616],[974267.622499999590218,1608094.049000000581145],[974266.828700000420213,1608117.861600000411272],[974241.534500000067055,1608115.162799999117851],[974238.302000000141561,1608122.312699999660254],[974243.35149999987334,1608142.209499999880791],[974245.424200000241399,1608142.159600000828505],[974254.528500000014901,1608143.822499999776483],[974257.701000000350177,1608147.941299999132752],[974258.418899999931455,1608149.662399999797344],[974250.882399999536574,1608174.105499999597669],[974250.886699999682605,1608178.92989999987185],[974274.10149999987334,1608182.402100000530481],[974268.008899999782443,1608275.730699999257922],[974289.293300000019372,1608277.136900000274181],[974293.209999999962747,1608231.181500000879169],[974316.675599999725819,1608233.073400000110269],[974325.682099999859929,1608049.7027000002563],[974287.136900000274181,1608053.426599999889731]]]]}},
{"type":"Feature","properties":{"รหัสกลุ่มคิว":"15/001","รหัสรับเหมา":"738889","ชื่อ-สกุล รับเหมา":"รถตัดโรงงานเบอร์ 01","นักเกษตร":"1503","ศูนย์":"K2-15","โควตา":"710212","ชาวไร่":"นาง สมพร สายกระสุน","ประเภทอ้อย":"ปลายฝน","พื้นที่":10.47,"ตันรวม":136.11,"รหัสแปลง":"320509015292","กลุ่ม":"กลุ่ม_15"},"geometry":{"type":"MultiPolygon","coordinates":[[[[972218.116200000047684,1609180.553600000217557],[972470.452399999834597,1609180.5449],[972482.690999999642372,1609158.974099999293685],[972485.330900000408292,1609149.354299999773502],[972465.463200000114739,1609135.911299999803305],[972466.322499999776483,1609107.088199999183416],[972231.862300000153482,1609119.045199999585748],[972218.116200000047684,1609180.553600000217557]]]]}},
{"type":"Feature","properties":{"รหัสกลุ่มคิว":"15/001","รหัสรับเหมา":"738889","ชื่อ-สกุล รับเหมา":"รถตัดโรงงานเบอร์ 01","นักเกษตร":"1503","ศูนย์":"K2-15","โควตา":"710721","ชาวไร่":"นาย สุรพล สืบเทพ","ประเภทอ้อย":"ปลายฝน","พื้นที่":12.32,"ตันรวม":160.16,"รหัสแปลง":"320509015300","กลุ่ม":"กลุ่ม_15"},"geometry":{"type":"MultiPolygon","coordinates":[[[[972710.643000000156462,1608518.090700000524521],[972669.224700000137091,1608503.937599999830127],[972661.559299999848008,1608515.25789999961853],[972655.585900000296533,1608518.948000000789762],[972661.308699999935925,1608525.662399999797344],[972678.606599999591708,1608536.600199999287724],[972706.115799999795854,1608554.739199999719858],[972706.296099999919534,1608564.932299999520183],[972710.61670000012964,1608573.141699999570847],[972714.802199999801815,1608579.778899999335408],[972719.449799999594688,1608581.762800000607967],[972734.31290000025183,1608585.778699999675155],[972744.803899999707937,1608587.925899999216199],[972905.793899999931455,1608586.543700000271201],[973094.971199999563396,1608562.907800000160933],[973097.959499999880791,1608559.744000000879169],[973099.492300000041723,1608557.9243],[973099.574000000022352,1608556.318499999120831],[973095.698099999688566,1608548.759800000116229],[973093.067200000397861,1608546.028100000694394],[973091.563799999654293,1608544.410800000652671],[973088.115399999544024,1608540.922399999573827],[973087.102900000289083,1608540.241800000891089],[973082.77489999961108,1608538.046599999070168],[973055.930900000035763,1608538.10190000012517],[973010.915400000289083,1608541.196900000795722],[972988.248999999836087,1608541.947200000286102],[972974.473299999721348,1608540.899299999698997],[972958.603699999861419,1608539.881100000813603],[972904.10869999974966,1608535.092199999839067],[972911.768000000156462,1608584.528799999505281],[972903.671699999831617,1608584.846300000324845],[972900.258600000292063,1608534.760600000619888],[972710.643000000156462,1608518.090700000524521]]]]}},
{"type":"Feature","properties":{"รหัสกลุ่มคิว":"15/001","รหัสรับเหมา":"738889","ชื่อ-สกุล รับเหมา":"รถตัดโรงงานเบอร์ 01","นักเกษตร":"1503","ศูนย์":"K2-15","โควตา":"715245","ชาวไร่":"นาง ประไพร ศรีนาค","ประเภทอ้อย":"ตอ1","พื้นที่":7.3,"ตันรวม":65.7,"รหัสแปลง":"320509015323","กลุ่ม":"กลุ่ม_15"},"geometry":{"type":"MultiPolygon","coordinates":[[[[973667.641200000420213,1606685.050599999725819],[973474.509600000455976,1606688.508500000461936],[973461.402599999681115,1606748.1118],[973502.5477,1606748.585100000724196],[973503.236899999901652,1606728.125700000673532],[973525.328499999828637,1606729.546299999579787],[973523.577100000344217,1606749.371899999678135],[973567.671900000423193,1606750.110500000417233],[973568.464100000448525,1606747.523399999365211],[973664.227300000376999,1606746.496400000527501],[973667.641200000420213,1606685.050599999725819]]]]}},
{"type":"Feature","properties":{"รหัสกลุ่มคิว":"15/001","รหัสรับเหมา":"738889","ชื่อ-สกุล รับเหมา":"รถตัดโรงงานเบอร์ 01","นักเกษตร":"1503","ศูนย์":"K2-15","โควตา":"711097","ชาวไร่":"นาย อุดร ทองจันทร์","ประเภทอ้อย":"ปลายฝน","พื้นที่":12.86,"ตันรวม":167.18,"รหัสแปลง":"320509015327","กลุ่ม":"กลุ่ม_15"},"geometry":{"type":"MultiPolygon","coordinates":[[[[972641.521200000308454,1608947.0658],[972672.126799999736249,1608928.981100000441074],[972609.738900000229478,1608815.849500000476837],[972581.746000000275671,1608768.833000000566244],[972559.150500000454485,1608733.246500000357628],[972540.973600000143051,1608702.925200000405312],[972546.397599999792874,1608703.08390000090003],[972554.520299999974668,1608721.8429000005126],[972610.532700000330806,1608813.097899999469519],[972633.657300000078976,1608853.473400000482798],[972637.890700000338256,1608858.447499999776483],[972645.298999999649823,1608872.523399999365211],[972654.665300000458956,1608888.186799999326468],[972669.67090000025928,1608917.686499999836087],[972704.505499999970198,1608902.980799999088049],[972601.735600000247359,1608702.264499999582767],[972521.397099999710917,1608702.755599999800324],[972534.474600000306964,1608725.191800000146031],[972512.934999999590218,1608740.122999999672174],[972641.521200000308454,1608947.0658]]]]}},
{"type":"Feature","properties":{"รหัสกลุ่มคิว":"15/001","รหัสรับเหมา":"738889","ชื่อ-สกุล รับเหมา":"รถตัดโรงงานเบอร์ 01","นักเกษตร":"1503","ศูนย์":"K2-15","โควตา":"715952","ชาวไร่":"นางสาว อนงค์ ศรีสุข","ประเภทอ้อย":"ตอ1","พื้นที่":4.71,"ตันรวม":42.39,"รหัสแปลง":"320509015328","กลุ่ม":"กลุ่ม_15"},"geometry":{"type":"MultiPolygon","coordinates":[[[[972493.669300000183284,1609011.412799999117851],[972520.92989999987185,1608994.573100000619888],[972517.695299999788404,1608983.950799999758601],[972410.735500000417233,1608827.719200000166893],[972407.392199999652803,1608825.567399999126792],[972400.230200000107288,1608840.96059999987483],[972395.710799999535084,1608844.795099999755621],[972383.558600000105798,1608851.457000000402331],[972378.4046,1608854.400699999183416],[972493.669300000183284,1609011.412799999117851]]]]}},
{"type":"Feature","properties":{"รหัสกลุ่มคิว":"15/001","รหัสรับเหมา":"738889","ชื่อ-สกุล รับเหมา":"รถตัดโรงงานเบอร์ 01","นักเกษตร":"1503","ศูนย์":"K2-15","โควตา":"715567","ชาวไร่":"นาย ภวัต สืบเทพ","ประเภทอ้อย":"ต้นฝน","พื้นที่":3.03,"ตันรวม":33.33,"รหัสแปลง":"320509015332","กลุ่ม":"กลุ่ม_15"},"geometry":{"type":"MultiPolygon","coordinates":[[[[973020.123100000433624,1607810.340399999171495],[972886.174399999901652,1607832.16499999910593],[972888.383899999782443,1607862.523600000888109],[973029.879300000146031,1607848.78969999961555],[973020.123100000433624,1607810.340399999171495]]]]}},
{"type":"Feature","properties":{"รหัสกลุ่มคิว":"15/001","รหัสรับเหมา":"738889","ชื่อ-สกุล รับเหมา":"รถตัดโรงงานเบอร์ 01","นักเกษตร":"1503","ศูนย์":"K2-15","โควตา":"719400","ชาวไร่":"นางสาว ชรัญดา ขุนแผน","ประเภทอ้อย":"ปลายฝน","พื้นที่":6.01,"ตันรวม":78.13,"รหัสแปลง":"320509015343","กลุ่ม":"กลุ่ม_15"},"geometry":{"type":"MultiPolygon","coordinates":[[[[972838.686999999918044,1609741.173900000751019],[972848.364099999889731,1609927.8761],[972894.877899999730289,1609923.609099999070168],[972895.830799999646842,1609904.287399999797344],[972892.123800000175834,1609732.0603],[972838.686999999918044,1609741.173900000751019]]]]}},
{"type":"Feature","properties":{"รหัสกลุ่มคิว":"15/001","รหัสรับเหมา":"738889","ชื่อ-สกุล รับเหมา":"รถตัดโรงงานเบอร์ 01","นักเกษตร":"1503","ศูนย์":"K2-15","โควตา":"715567","ชาวไร่":"นาย ภวัต สืบเทพ","ประเภทอ้อย":"ต้นฝน","พื้นที่":7.04,"ตันรวม":77.44,"รหัสแปลง":"320509015361","กลุ่ม":"กลุ่ม_15"},"geometry":{"type":"MultiPolygon","coordinates":[[[[972574.063099999912083,1607847.694199999794364],[972565.586799999698997,1607883.584599999710917],[972587.870000000111759,1607888.355000000447035],[972873.213100000284612,1607867.137399999424815],[972874.6409,1607860.036699999123812],[972883.567699999548495,1607857.717800000682473],[972887.675200000405312,1607835.779999999329448],[972574.063099999912083,1607847.694199999794364]]]]}},
{"type":"Feature","properties":{"รหัสกลุ่มคิว":"15/001","รหัสรับเหมา":"738889","ชื่อ-สกุล รับเหมา":"รถตัดโรงงานเบอร์ 01","นักเกษตร":"1503","ศูนย์":"K2-15","โควตา":"710212","ชาวไร่":"นาง สมพร สายกระสุน","ประเภทอ้อย":"ตอ1","พื้นที่":13.46,"ตันรวม":121.14,"รหัสแปลง":"320509015368","กลุ่ม":"กลุ่ม_15"},"geometry":{"type":"MultiPolygon","coordinates":[[[[971568.535600000061095,1609268.17339999973774],[971555.733799999579787,1609358.757500000298023],[971768.048999999649823,1609396.584799999371171],[971775.123599999584258,1609373.720200000330806],[971782.134399999864399,1609290.675300000235438],[971568.535600000061095,1609268.17339999973774]]]]}},
{"type":"Feature","properties":{"รหัสกลุ่มคิว":"15/001","รหัสรับเหมา":"738889","ชื่อ-สกุล รับเหมา":"รถตัดโรงงานเบอร์ 01","นักเกษตร":"1503","ศูนย์":"K2-15","โควตา":"715399","ชาวไร่":"นาง ชลทิชา ช่างอาจ","ประเภทอ้อย":"ปลายฝน","พื้นที่":16.03,"ตันรวม":208.39,"รหัสแปลง":"320509015375","กลุ่ม":"กลุ่ม_15"},"geometry":{"type":"MultiPolygon","coordinates":[[[[972722.107800000347197,1609346.09940000064671],[972743.195700000040233,1609542.104599999263883],[972742.416500000283122,1609563.905200000852346],[972748.699099999852479,1609602.480399999767542],[972763.102500000037253,1609658.959899999201298],[972825.337199999950826,1609644.441600000485778],[972813.889200000092387,1609584.136399999260902],[972810.005199999548495,1609561.32179999910295],[972799.761599999852479,1609494.5691],[972793.219399999827147,1609441.383600000292063],[972790.816899999976158,1609397.706399999558926],[972799.047399999573827,1609353.678899999707937],[972802.662100000306964,1609324.907500000670552],[972802.557500000111759,1609283.493000000715256],[972794.491200000047684,1609281.489199999719858],[972795.7347999997437,1609273.0088],[972723.471400000154972,1609275.132799999788404],[972722.262600000016391,1609319.295199999585748],[972722.107800000347197,1609346.09940000064671]]]]}},
{"type":"Feature","properties":{"รหัสกลุ่มคิว":"15/001","รหัสรับเหมา":"738889","ชื่อ-สกุล รับเหมา":"รถตัดโรงงานเบอร์ 01","นักเกษตร":"1503","ศูนย์":"K2-15","โควตา":"711097","ชาวไร่":"นาย อุดร ทองจันทร์","ประเภทอ้อย":"ตอ1","พื้นที่":5.99,"ตันรวม":53.91,"รหัสแปลง":"320509015380","กลุ่ม":"กลุ่ม_15"},"geometry":{"type":"MultiPolygon","coordinates":[[[[972553.100300000049174,1608702.295800000429153],[972600.464800000190735,1608698.152000000700355],[972593.334599999710917,1608613.331900000572205],[972543.220200000330806,1608628.246899999678135],[972521.24309999961406,1608615.148900000378489],[972476.9841,1608650.14809999987483],[972474.223699999973178,1608701.685399999842048],[972486.644000000320375,1608711.0493],[972553.100300000049174,1608702.295800000429153]]]]}},
{"type":"Feature","properties":{"รหัสกลุ่มคิว":"15/001","รหัสรับเหมา":"738889","ชื่อ-สกุล รับเหมา":"รถตัดโรงงานเบอร์ 01","นักเกษตร":"1503","ศูนย์":"K2-15","โควตา":"715027","ชาวไร่":"นาย สังวร ศรีแก้ว","ประเภทอ้อย":"ตอ1","พื้นที่":5.67,"ตันรวม":51.03,"รหัสแปลง":"320509020038","กลุ่ม":"กลุ่ม_15"},"geometry":{"type":"MultiPolygon","coordinates":[[[[973176.126699999906123,1611989.6119],[973181.384800000116229,1612074.5592],[973221.244500000029802,1612073.532500000670552],[973220.968500000424683,1612015.855000000447035],[973212.651700000278652,1611955.121799999848008],[973204.923299999907613,1611905.29079999960959],[973190.575299999676645,1611843.074899999424815],[973157.636400000192225,1611848.175300000235438],[973174.717000000178814,1611968.728199999779463],[973176.126699999906123,1611989.6119]]]]}},
{"type":"Feature","properties":{"รหัสกลุ่มคิว":"15/001","รหัสรับเหมา":"738889","ชื่อ-สกุล รับเหมา":"รถตัดโรงงานเบอร์ 01","นักเกษตร":"1503","ศูนย์":"K2-15","โควตา":"715132","ชาวไร่":"นาง คำพวน ศรีสุข","ประเภทอ้อย":"ตอ1","พื้นที่":6.0,"ตันรวม":54.0,"รหัสแปลง":"320509020039","กลุ่ม":"กลุ่ม_15"},"geometry":{"type":"MultiPolygon","coordinates":[[[[973180.104199999943376,1612054.040699999779463],[973167.802600000053644,1611927.120500000193715],[973164.110700000077486,1611903.886700000613928],[973160.668300000019372,1611905.387700000777841],[973161.285799999721348,1611919.273299999535084],[973141.671000000089407,1611918.262000000104308],[973136.782999999821186,1611906.01799999922514],[973165.302099999971688,1611901.775399999693036],[973157.262099999934435,1611848.647199999541044],[973123.320600000210106,1611849.761600000783801],[973128.844700000248849,1611899.045299999415874],[973134.879999999888241,1611957.967299999669194],[973146.176799999549985,1612122.637800000607967],[973181.067099999636412,1612120.7665],[973180.104199999943376,1612054.040699999779463]]]]}},
{"type":"Feature","properties":{"รหัสกลุ่มคิว":"15/001","รหัสรับเหมา":"738889","ชื่อ-สกุล รับเหมา":"รถตัดโรงงานเบอร์ 01","นักเกษตร":"1503","ศูนย์":"K2-15","โควตา":"711001","ชาวไร่":"นาง จินตนา ประจวบสุข","ประเภทอ้อย":"ตอ1","พื้นที่":11.15,"ตันรวม":100.35,"รหัสแปลง":"320509021502","กลุ่ม":"กลุ่ม_15"},"geometry":{"type":"MultiPolygon","coordinates":[[[[972179.005800000391901,1611411.2588],[972021.364500000141561,1611424.242799999192357],[972017.407200000248849,1611427.695299999788404],[972022.221699999645352,1611441.601399999111891],[972021.599499999545515,1611447.83669999986887],[972021.856900000013411,1611458.900900000706315],[972023.320700000040233,1611469.764799999073148],[972180.199199999682605,1611462.339700000360608],[972180.386500000022352,1611466.875700000673532],[972023.955599999986589,1611474.477399999275804],[972024.951200000010431,1611481.866499999538064],[972024.975399999879301,1611482.1798],[972028.572300000116229,1611535.333399999886751],[972194.339700000360608,1611527.293400000780821],[972179.005800000391901,1611411.2588]]]]}},
{"type":"Feature","properties":{"รหัสกลุ่มคิว":"15/003","รหัสรับเหมา":"738889","ชื่อ-สกุล รับเหมา":"รถตัดโรงงานเบอร์ 18","นักเกษตร":"1202","ศูนย์":"K2-15","โควตา":"710096","ชาวไร่":"นาย สุพันธ์ สมนิยาม","ประเภทอ้อย":"ตอ1","พื้นที่":15.86,"ตันรวม":142.74,"รหัสแปลง":"320509030016","กลุ่ม":"กลุ่ม_15"},"geometry":{"type":"MultiPolygon","coordinates":[[[[968260.732800000347197,1615036.023399999365211],[968402.268899999558926,1615018.8575],[968381.924200000241399,1614900.69620000012219],[968377.060100000351667,1614862.221300000324845],[968369.907700000330806,1614791.462400000542402],[968301.608900000341237,1614797.7423],[968300.269299999810755,1614807.862700000405312],[968297.764200000092387,1614807.2292],[968281.788900000043213,1614848.758899999782443],[968270.902400000020862,1614891.118899999186397],[968286.694500000216067,1614892.936899999156594],[968282.252500000409782,1614923.85219999961555],[968264.076000000350177,1614923.682399999350309],[968260.647199999541044,1614973.948300000280142],[968261.578599999658763,1615008.320499999448657],[968275.821800000034273,1615010.854299999773502],[968278.647499999962747,1615027.0494],[968263.332499999552965,1615029.780500000342727],[968260.732800000347197,1615036.023399999365211]]]]}},
{"type":"Feature","properties":{"รหัสกลุ่มคิว":"15/003","รหัสรับเหมา":"738889","ชื่อ-สกุล รับเหมา":"รถตัดโรงงานเบอร์ 18","นักเกษตร":"1202","ศูนย์":"K2-15","โควตา":"715404","ชาวไร่":"นาง สะอาดจิต แสนกล้า","ประเภทอ้อย":"ตอ5","พื้นที่":6.75,"ตันรวม":47.25,"รหัสแปลง":"320509030040","กลุ่ม":"กลุ่ม_15"},"geometry":{"type":"MultiPolygon","coordinates":[[[[968378.222000000067055,1613887.722999999299645],[968402.539499999955297,1614033.1272],[968438.301300000399351,1614023.090500000864267],[968397.505599999800324,1613806.879599999636412],[968329.328499999828637,1613808.162399999797344],[968339.424999999813735,1613890.240900000557303],[968378.222000000067055,1613887.722999999299645]]]]}},
{"type":"Feature","properties":{"รหัสกลุ่มคิว":"15/003","รหัสรับเหมา":"738889","ชื่อ-สกุล รับเหมา":"รถตัดโรงงานเบอร์ 18","นักเกษตร":"1202","ศูนย์":"K2-15","โควตา":"719464","ชาวไร่":"นาย อภิสิทธิ์ กลีพัด","ประเภทอ้อย":"ตอ1","พื้นที่":5.63,"ตันรวม":50.67,"รหัสแปลง":"320509031511","กลุ่ม":"กลุ่ม_15"},"geometry":{"type":"MultiPolygon","coordinates":[[[[971293.307500000111759,1614425.097799999639392],[971234.993900000117719,1614433.035900000482798],[971260.309100000187755,1614586.783600000664592],[971316.451799999922514,1614579.3585],[971293.307500000111759,1614425.097799999639392]]]]}},
{"type":"Feature","properties":{"รหัสกลุ่มคิว":"15/003","รหัสรับเหมา":"738889","ชื่อ-สกุล รับเหมา":"รถตัดโรงงานเบอร์ 18","นักเกษตร":"1202","ศูนย์":"K2-15","โควตา":"715681","ชาวไร่":"นาย สุพจน์ ตะลาโส","ประเภทอ้อย":"ตอ1","พื้นที่":13.85,"ตันรวม":124.65,"รหัสแปลง":"320509031536","กลุ่ม":"กลุ่ม_15"},"geometry":{"type":"MultiPolygon","coordinates":[[[[970983.30489999987185,1613812.0153],[971028.496799999848008,1614074.849600000306964],[971046.418800000101328,1614079.261],[971051.104299999773502,1614125.939300000667572],[971075.274100000038743,1614123.815300000831485],[971072.363599999807775,1614144.095499999821186],[971071.954400000162423,1614174.776799999177456],[971079.065600000321865,1614179.535199999809265],[971080.486399999819696,1614161.814600000157952],[971112.396200000308454,1614159.839299999177456],[971052.401100000366569,1613814.636199999600649],[970983.30489999987185,1613812.0153]]]]}},
{"type":"Feature","properties":{"รหัสกลุ่มคิว":"15/007","รหัสรับเหมา":"722724","ชื่อ-สกุล รับเหมา":"นาง ณีรนุช แถวถิ่น","นักเกษตร":"1501","ศูนย์":"K2-15","โควตา":"715642","ชาวไร่":"นางสาว โสภา แท่นแก้ว","ประเภทอ้อย":"ปลายฝน","พื้นที่":12.93,"ตันรวม":168.09,"รหัสแปลง":"320509031540","กลุ่ม":"กลุ่ม_15"},"geometry":{"type":"MultiPolygon","coordinates":[[[[969228.9386,1614252.954900000244379],[969277.167200000025332,1614423.773399999365211],[969294.965499999932945,1614425.223300000652671],[969304.580599999986589,1614477.910399999469519],[969376.377600000239909,1614470.965600000694394],[969324.369099999777973,1614234.260500000789762],[969228.9386,1614252.954900000244379]]]]}},
{"type":"Feature","properties":{"รหัสกลุ่มคิว":"15/007","รหัสรับเหมา":"722724","ชื่อ-สกุล รับเหมา":"นาง ณีรนุช แถวถิ่น","นักเกษตร":"1501","ศูนย์":"K2-15","โควตา":"715642","ชาวไร่":"นางสาว โสภา แท่นแก้ว","ประเภทอ้อย":"ตอ1","พื้นที่":11.6,"ตันรวม":104.4,"รหัสแปลง":"320509031542","กลุ่ม":"กลุ่ม_15"},"geometry":{"type":"MultiPolygon","coordinates":[[[[969418.690499999560416,1614471.0362],[969461.897599999792874,1614725.320900000631809],[969523.435499999672174,1614699.3235],[969504.88370000012219,1614464.552200000733137],[969418.690499999560416,1614471.0362]]]]}},
{"type":"Feature","properties":{"รหัสกลุ่มคิว":"15/003","รหัสรับเหมา":"738889","ชื่อ-สกุล รับเหมา":"รถตัดโรงงานเบอร์ 18","นักเกษตร":"1202","ศูนย์":"K2-15","โควตา":"719464","ชาวไร่":"นาย อภิสิทธิ์ กลีพัด","ประเภทอ้อย":"ตอ1","พื้นที่":6.84,"ตันรวม":61.56,"รหัสแปลง":"320509031543","กลุ่ม":"กลุ่ม_15"},"geometry":{"type":"MultiPolygon","coordinates":[[[[970331.831100000068545,1613463.7873],[970372.135900000110269,1613587.500099999830127],[970404.004300000146031,1613578.312899999320507],[970378.932699999772012,1613505.362199999392033],[970509.032399999909103,1613472.5461],[970450.915900000371039,1613423.17989999987185],[970331.831100000068545,1613463.7873]]]]}},
{"type":"Feature","properties":{"รหัสกลุ่มคิว":"15/003","รหัสรับเหมา":"738889","ชื่อ-สกุล รับเหมา":"รถตัดโรงงานเบอร์ 18","นักเกษตร":"1202","ศูนย์":"K2-15","โควตา":"715575","ชาวไร่":"นาย เหียด เรืองสุขสุด","ประเภทอ้อย":"ปลายฝน","พื้นที่":11.18,"ตันรวม":145.34,"รหัสแปลง":"320509031583","กลุ่ม":"กลุ่ม_15"},"geometry":{"type":"MultiPolygon","coordinates":[[[[968417.979299999773502,1613682.212899999693036],[968524.583200000226498,1613692.620799999684095],[968574.350300000049174,1613527.7820999994874],[968477.467799999751151,1613510.451999999582767],[968417.979299999773502,1613682.212899999693036]]]]}},
{"type":"Feature","properties":{"รหัสกลุ่มคิว":"15/003","รหัสรับเหมา":"738889","ชื่อ-สกุล รับเหมา":"รถตัดโรงงานเบอร์ 18","นักเกษตร":"1202","ศูนย์":"K2-15","โควตา":"715404","ชาวไร่":"นาง สะอาดจิต แสนกล้า","ประเภทอ้อย":"ตอ1","พื้นที่":11.81,"ตันรวม":106.29,"รหัสแปลง":"320509031586","กลุ่ม":"กลุ่ม_15"},"geometry":{"type":"MultiPolygon","coordinates":[[[[969860.166600000113249,1613992.373299999162555],[969897.07799999974668,1614229.024399999529123],[969685.560300000011921,1614243.067199999466538],[969688.611399999819696,1614274.313200000673532],[969950.105800000019372,1614252.011600000783801],[969908.260900000110269,1614004.6919],[969905.52350000012666,1614004.368699999526143],[969900.794700000435114,1613983.855699999257922],[969860.166600000113249,1613992.373299999162555]]]]}},
{"type":"Feature","properties":{"รหัสกลุ่มคิว":"15/003","รหัสรับเหมา":"738889","ชื่อ-สกุล รับเหมา":"รถตัดโรงงานเบอร์ 18","นักเกษตร":"1202","ศูนย์":"K2-15","โควตา":"715682","ชาวไร่":"นาง ผกามาส กลีพัด","ประเภทอ้อย":"ปลายฝน","พื้นที่":8.27,"ตันรวม":107.51,"รหัสแปลง":"320509031596","กลุ่ม":"กลุ่ม_15"},"geometry":{"type":"MultiPolygon","coordinates":[[[[970204.169700000435114,1613350.602],[970209.356999999843538,1613474.565700000151992],[970215.923799999989569,1613498.355200000107288],[970282.618599999696016,1613475.969900000840425],[970273.334800000302494,1613283.894600000232458],[970222.770499999634922,1613291.429700000211596],[970223.68099999986589,1613347.2785],[970204.169700000435114,1613350.602]]]]}},
{"type":"Feature","properties":{"รหัสกลุ่มคิว":"15/003","รหัสรับเหมา":"738889","ชื่อ-สกุล รับเหมา":"รถตัดโรงงานเบอร์ 18","นักเกษตร":"1202","ศูนย์":"K2-15","โควตา":"715681","ชาวไร่":"นาย สุพจน์ ตะลาโส","ประเภทอ้อย":"ปลายฝน","พื้นที่":14.82,"ตันรวม":192.66,"รหัสแปลง":"320509031613","กลุ่ม":"กลุ่ม_15"},"geometry":{"type":"MultiPolygon","coordinates":[[[[971669.20920000039041,1613829.816400000825524],[971691.018099999986589,1614016.035700000822544],[971735.883399999700487,1614052.024900000542402],[971737.823300000280142,1614035.42339999973774],[971790.695700000040233,1614029.599999999627471],[971765.628100000321865,1613750.695000000298023],[971724.900799999944866,1613752.315199999138713],[971728.649799999780953,1613800.824699999764562],[971732.394199999980628,1613830.8465],[971669.20920000039041,1613829.816400000825524]]]]}},
{"type":"Feature","properties":{"รหัสกลุ่มคิว":"15/003","รหัสรับเหมา":"738889","ชื่อ-สกุล รับเหมา":"รถตัดโรงงานเบอร์ 18","นักเกษตร":"1202","ศูนย์":"K2-15","โควตา":"719463","ชาวไร่":"นาย กิตติศักดิ์ กลีพัด","ประเภทอ้อย":"ตอ1","พื้นที่":10.99,"ตันรวม":98.91,"รหัสแปลง":"320509031619","กลุ่ม":"กลุ่ม_15"},"geometry":{"type":"MultiPolygon","coordinates":[[[[971866.664200000464916,1613749.8651],[971895.199199999682605,1614035.677699999883771],[971966.064899999648333,1614030.570599999278784],[971918.731900000013411,1613748.463300000876188],[971866.664200000464916,1613749.8651]]]]}},
{"type":"Feature","properties":{"รหัสกลุ่มคิว":"15/003","รหัสรับเหมา":"738889","ชื่อ-สกุล รับเหมา":"รถตัดโรงงานเบอร์ 18","นักเกษตร":"1202","ศูนย์":"K2-15","โควตา":"710279","ชาวไร่":"นาย พงษ์ไทย เย็นเสมอ","ประเภทอ้อย":"ตอ1","พื้นที่":16.22,"ตันรวม":145.98,"รหัสแปลง":"320509031625","กลุ่ม":"กลุ่ม_15"},"geometry":{"type":"MultiPolygon","coordinates":[[[[968548.135099999606609,1614380.986700000241399],[968610.094700000248849,1614317.842700000852346],[968555.107400000095367,1614236.937400000169873],[968585.805399999953806,1614185.287100000306964],[968545.186900000087917,1614145.708799999207258],[968526.503899999894202,1614138.676400000229478],[968488.87430000025779,1614137.934299999848008],[968466.111200000159442,1614114.102800000458956],[968458.020200000144541,1614145.145300000905991],[968463.607499999925494,1614152.731699999421835],[968468.761400000192225,1614161.193099999800324],[968469.449000000022352,1614178.28999999910593],[968459.073800000362098,1614207.55489999987185],[968445.036299999803305,1614218.0669],[968423.332999999634922,1614209.391699999570847],[968411.486800000071526,1614206.157800000160933],[968398.667399999685585,1614215.949300000444055],[968548.135099999606609,1614380.986700000241399]]]]}},
{"type":"Feature","properties":{"รหัสกลุ่มคิว":"15/003","รหัสรับเหมา":"738889","ชื่อ-สกุล รับเหมา":"รถตัดโรงงานเบอร์ 18","นักเกษตร":"1202","ศูนย์":"K2-15","โควตา":"715228","ชาวไร่":"นาย ชินกร ประสานดี","ประเภทอ้อย":"ตอ1","พื้นที่":8.44,"ตันรวม":75.96,"รหัสแปลง":"320509031629","กลุ่ม":"กลุ่ม_15"},"geometry":{"type":"MultiPolygon","coordinates":[[[[970985.31319999974221,1613502.4616],[970998.028099999763072,1613558.754499999806285],[971241.603099999949336,1613539.1952],[971235.879800000227988,1613488.863299999386072],[971059.346400000154972,1613494.448699999600649],[971057.536700000055134,1613503.349500000476837],[970985.31319999974221,1613502.4616]]]]}},
{"type":"Feature","properties":{"รหัสกลุ่มคิว":"15/003","รหัสรับเหมา":"738889","ชื่อ-สกุล รับเหมา":"รถตัดโรงงานเบอร์ 18","นักเกษตร":"1202","ศูนย์":"K2-15","โควตา":"710921","ชาวไร่":"นาง เที่ยง มัญจะกาเภท","ประเภทอ้อย":"ตอ2","พื้นที่":6.92,"ตันรวม":55.36,"รหัสแปลง":"320509031636","กลุ่ม":"กลุ่ม_15"},"geometry":{"type":"MultiPolygon","coordinates":[[[[968484.086500000208616,1613067.221000000834465],[968554.613499999977648,1613063.777899999171495],[968553.348699999973178,1612918.883300000801682],[968474.884300000034273,1612914.758899999782443],[968484.086500000208616,1613067.221000000834465]]]]}},
{"type":"Feature","properties":{"รหัสกลุ่มคิว":"15/003","รหัสรับเหมา":"738889","ชื่อ-สกุล รับเหมา":"รถตัดโรงงานเบอร์ 18","นักเกษตร":"1202","ศูนย์":"K2-15","โควตา":"711651","ชาวไร่":"นาง ละออง เพลินพร้อม","ประเภทอ้อย":"ตอ2","พื้นที่":10.68,"ตันรวม":85.44,"รหัสแปลง":"320509031639","กลุ่ม":"กลุ่ม_15"},"geometry":{"type":"MultiPolygon","coordinates":[[[[968654.230299999937415,1613680.478000000119209],[968648.776600000448525,1613684.315899999812245],[968626.959099999628961,1613697.1097999997437],[968609.912200000137091,1613703.58699999935925],[968610.811300000175834,1613733.209000000730157],[968604.536899999715388,1613733.243300000205636],[968556.319600000046194,1613735.150699999183416],[968552.188000000081956,1613749.927500000223517],[968540.111399999819696,1613752.982300000265241],[968520.52240000013262,1613750.811200000345707],[968521.016900000162423,1613788.217700000852346],[968528.185800000093877,1613792.144799999892712],[968554.122000000439584,1613795.732599999755621],[968557.831000000238419,1613814.848600000143051],[968564.976300000213087,1613825.047900000587106],[968567.562599999830127,1613839.982899999246001],[968566.421799999661744,1613866.224999999627471],[968561.853000000119209,1613870.908399999141693],[968568.741200000047684,1613927.874800000339746],[968588.629700000397861,1613920.07880000025034],[968600.784300000406802,1613913.951899999752641],[968625.621899999678135,1613909.61460000090301],[968613.117899999953806,1613803.905300000682473],[968666.480399999767542,1613796.76659999974072],[968665.525500000454485,1613781.939200000837445],[968654.230299999937415,1613680.478000000119209]]]]}},
{"type":"Feature","properties":{"รหัสกลุ่มคิว":"15/003","รหัสรับเหมา":"738889","ชื่อ-สกุล รับเหมา":"รถตัดโรงงานเบอร์ 18","นักเกษตร":"1202","ศูนย์":"K2-15","โควตา":"719227","ชาวไร่":"นาย ยอด สมปอง","ประเภทอ้อย":"ตอ1","พื้นที่":4.35,"ตันรวม":39.15,"รหัสแปลง":"320509031657","กลุ่ม":"กลุ่ม_15"},"geometry":{"type":"MultiPolygon","coordinates":[[[[969129.995099999941885,1614803.4528],[969228.343000000342727,1614999.079],[969262.021599999628961,1614980.530300000682473],[969245.159099999815226,1614942.762599999085069],[969212.037700000219047,1614898.360999999567866],[969155.544700000435114,1614796.235300000756979],[969129.995099999941885,1614803.4528]]]]}},
{"type":"Feature","properties":{"รหัสกลุ่มคิว":"15/003","รหัสรับเหมา":"738889","ชื่อ-สกุล รับเหมา":"รถตัดโรงงานเบอร์ 18","นักเกษตร":"1202","ศูนย์":"K2-15","โควตา":"711801","ชาวไร่":"นาง สุนีย์ ประสินเดิม","ประเภทอ้อย":"ปลายฝน","พื้นที่":2.75,"ตันรวม":35.75,"รหัสแปลง":"320509031664","กลุ่ม":"กลุ่ม_15"},"geometry":{"type":"MultiPolygon","coordinates":[[[[968676.55449999962002,1613053.686499999836087],[968671.602400000207126,1612982.972200000658631],[968671.418899999931455,1612983.153599999845028],[968607.669300000183284,1612983.415200000628829],[968609.667100000195205,1613010.81389999948442],[968615.113300000317395,1613046.227700000628829],[968618.762799999676645,1613053.137499999254942],[968676.55449999962002,1613053.686499999836087]]]]}},
{"type":"Feature","properties":{"รหัสกลุ่มคิว":"15/001","รหัสรับเหมา":"738889","ชื่อ-สกุล รับเหมา":"รถตัดโรงงานเบอร์ 01","นักเกษตร":"1503","ศูนย์":"K2-15","โควตา":"715004","ชาวไร่":"นาย ชัยสิทธิ์ สำราญดี","ประเภทอ้อย":"ปลายฝน","พื้นที่":9.56,"ตันรวม":124.28,"รหัสแปลง":"320509061507","กลุ่ม":"กลุ่ม_15"},"geometry":{"type":"MultiPolygon","coordinates":[[[[971763.020399999804795,1615990.705900000408292],[971773.357400000095367,1616056.741800000891089],[971979.66330000013113,1616016.277799999341369],[971976.589499999769032,1615986.88429999910295],[972009.739799999631941,1615980.824100000783801],[972001.895800000056624,1615944.281700000166893],[971763.020399999804795,1615990.705900000408292]]]]}},
{"type":"Feature","properties":{"รหัสกลุ่มคิว":"15/004","รหัสรับเหมา":"738889","ชื่อ-สกุล รับเหมา":"รถตัดโรงงานเบอร์ 22","นักเกษตร":"1507","ศูนย์":"K2-15","โควตา":"715802","ชาวไร่":"นาย สมศักดิ์ นาชพัด","ประเภทอ้อย":"ปลายฝน","พื้นที่":5.28,"ตันรวม":68.64,"รหัสแปลง":"320509090100","กลุ่ม":"กลุ่ม_15"},"geometry":{"type":"MultiPolygon","coordinates":[[[[971877.455099999904633,1610095.082100000232458],[971817.910699999891222,1610091.536100000143051],[971821.725700000301003,1610061.659600000828505],[971832.181499999947846,1610023.591],[971769.176500000059605,1610031.441099999472499],[971757.410600000061095,1610034.543099999427795],[971747.776700000278652,1610039.16499999910593],[971736.709999999962747,1610080.919299999251962],[971729.359899999573827,1610088.543099999427795],[971728.740199999883771,1610111.455700000748038],[971869.9693,1610119.1570999994874],[971877.455099999904633,1610095.082100000232458]]]]}},
{"type":"Feature","properties":{"รหัสกลุ่มคิว":"15/004","รหัสรับเหมา":"738889","ชื่อ-สกุล รับเหมา":"รถตัดโรงงานเบอร์ 22","นักเกษตร":"1507","ศูนย์":"K2-15","โควตา":"715319","ชาวไร่":"นาย สุขสันต์ แทนคำ","ประเภทอ้อย":"ตอ5","พื้นที่":7.27,"ตันรวม":50.89,"รหัสแปลง":"320509091519","กลุ่ม":"กลุ่ม_15"},"geometry":{"type":"MultiPolygon","coordinates":[[[[972782.362700000405312,1608159.089999999850988],[972772.430399999953806,1608045.277599999681115],[972698.61670000012964,1608052.725600000470877],[972671.323099999688566,1608048.769600000232458],[972676.442200000397861,1608155.728399999439716],[972721.676799999549985,1608159.201400000602007],[972730.81209999974817,1608166.673599999397993],[972755.542200000025332,1608167.479000000283122],[972763.282399999909103,1608165.267100000753999],[972782.362700000405312,1608159.089999999850988]]]]}},
{"type":"Feature","properties":{"รหัสกลุ่มคิว":"15/004","รหัสรับเหมา":"738889","ชื่อ-สกุล รับเหมา":"รถตัดโรงงานเบอร์ 22","นักเกษตร":"1507","ศูนย์":"K2-15","โควตา":"710626","ชาวไร่":"นาง เยาวภา สุขบัว","ประเภทอ้อย":"ปลายฝน","พื้นที่":6.77,"ตันรวม":88.01,"รหัสแปลง":"320509091520","กลุ่ม":"กลุ่ม_15"},"geometry":{"type":"MultiPolygon","coordinates":[[[[972986.787800000049174,1607690.986600000411272],[972991.208200000226498,1607723.425100000575185],[973020.452899999916553,1607804.408500000834465],[973065.217899999581277,1608071.307199999690056],[973089.877500000409782,1608072.150800000876188],[973061.278300000354648,1607873.227600000798702],[973050.424499999731779,1607819.4046],[973039.37540000025183,1607775.746200000867248],[973017.96169999986887,1607690.291200000792742],[972986.787800000049174,1607690.986600000411272]]]]}},
{"type":"Feature","properties":{"รหัสกลุ่มคิว":"15/001","รหัสรับเหมา":"738889","ชื่อ-สกุล รับเหมา":"รถตัดโรงงานเบอร์ 01","นักเกษตร":"1503","ศูนย์":"K2-15","โควตา":"715467","ชาวไร่":"นาง มาลี ศรีปุชัยนนท์","ประเภทอ้อย":"ปลายฝน","พื้นที่":12.76,"ตันรวม":165.88,"รหัสแปลง":"320509091527","กลุ่ม":"กลุ่ม_15"},"geometry":{"type":"MultiPolygon","coordinates":[[[[972726.536199999973178,1607915.550200000405312],[972633.92960000038147,1607925.553999999538064],[972633.277200000360608,1607942.818199999630451],[972632.012000000104308,1607955.472699999809265],[972645.884800000116229,1607959.3607],[972668.155799999833107,1607958.00789999961853],[972702.215599999763072,1607960.790400000289083],[972778.892699999734759,1607959.456000000238419],[972852.057000000029802,1607956.861999999731779],[972887.423799999989569,1607958.947799999266863],[972904.287100000306964,1607960.403100000694394],[972971.929299999959767,1607959.713400000706315],[973045.192699999548495,1607954.782400000840425],[973043.258200000040233,1607920.809499999508262],[973038.32079999987036,1607898.007999999448657],[972969.0466,1607900.885800000280142],[972958.912200000137091,1607902.500399999320507],[972942.865600000135601,1607902.74349999986589],[972890.796799999661744,1607905.650299999862909],[972854.919400000013411,1607908.200400000438094],[972844.966500000096858,1607908.069199999794364],[972828.412700000219047,1607909.177799999713898],[972808.440000000409782,1607908.518100000917912],[972757.799999999813735,1607910.521999999880791],[972739.151999999769032,1607913.596000000834465],[972726.536199999973178,1607915.550200000405312]]]]}},
{"type":"Feature","properties":{"รหัสกลุ่มคิว":"15/001","รหัสรับเหมา":"738889","ชื่อ-สกุล รับเหมา":"รถตัดโรงงานเบอร์ 01","นักเกษตร":"1503","ศูนย์":"K2-15","โควตา":"715256","ชาวไร่":"นางสาว อุรารัตน์ สุวคนธ์","ประเภทอ้อย":"ปลายฝน","พื้นที่":7.4,"ตันรวม":96.2,"รหัสแปลง":"320509091540","กลุ่ม":"กลุ่ม_15"},"geometry":{"type":"MultiPolygon","coordinates":[[[[973801.178299999795854,1605687.68610000051558],[973736.94440000038594,1605670.939999999478459],[973728.270800000056624,1605701.608899999409914],[973728.184000000357628,1605706.801899999380112],[973727.8284,1605716.705399999395013],[973697.334699999541044,1605848.9671],[973760.282800000160933,1605863.36460000090301],[973801.178299999795854,1605687.68610000051558]]]]}},
{"type":"Feature","properties":{"รหัสกลุ่มคิว":"15/004","รหัสรับเหมา":"738889","ชื่อ-สกุล รับเหมา":"รถตัดโรงงานเบอร์ 22","นักเกษตร":"1507","ศูนย์":"K2-15","โควตา":"710661","ชาวไร่":"นาย สมพร พรมสุทธิ","ประเภทอ้อย":"ปลายฝน","พื้นที่":5.41,"ตันรวม":70.33,"รหัสแปลง":"320509091545","กลุ่ม":"กลุ่ม_15"},"geometry":{"type":"MultiPolygon","coordinates":[[[[972272.92090000025928,1607619.051100000739098],[972416.030100000090897,1607660.989399999380112],[972475.5943,1607673.224600000306964],[972487.801900000311434,1607637.777699999511242],[972288.083300000056624,1607579.778400000184774],[972272.92090000025928,1607619.051100000739098]]]]}},
{"type":"Feature","properties":{"รหัสกลุ่มคิว":"15/004","รหัสรับเหมา":"738889","ชื่อ-สกุล รับเหมา":"รถตัดโรงงานเบอร์ 22","นักเกษตร":"1507","ศูนย์":"K2-15","โควตา":"719385","ชาวไร่":"นาย อำนาจ ศิริ","ประเภทอ้อย":"ตอ1","พื้นที่":2.93,"ตันรวม":26.37,"รหัสแปลง":"320509091547","กลุ่ม":"กลุ่ม_15"},"geometry":{"type":"MultiPolygon","coordinates":[[[[971595.717899999581277,1607702.301699999719858],[971436.050400000065565,1607672.33],[971438.553299999795854,1607699.148399999365211],[971589.559999999590218,1607735.099500000476837],[971595.717899999581277,1607702.301699999719858]]]]}},
{"type":"Feature","properties":{"รหัสกลุ่มคิว":"15/004","รหัสรับเหมา":"738889","ชื่อ-สกุล รับเหมา":"รถตัดโรงงานเบอร์ 22","นักเกษตร":"1507","ศูนย์":"K2-15","โควตา":"715802","ชาวไร่":"นาย สมศักดิ์ นาชพัด","ประเภทอ้อย":"ปลายฝน","พื้นที่":11.78,"ตันรวม":153.14,"รหัสแปลง":"320509091552","กลุ่ม":"กลุ่ม_15"},"geometry":{"type":"MultiPolygon","coordinates":[[[[974280.045800000429153,1607654.2686],[974187.0932,1607420.023499999195337],[974129.191700000315905,1607434.443299999460578],[974199.556800000369549,1607688.033800000324845],[974280.045800000429153,1607654.2686]]]]}},
{"type":"Feature","properties":{"รหัสกลุ่มคิว":"15/007","รหัสรับเหมา":"722724","ชื่อ-สกุล รับเหมา":"นาง ณีรนุช แถวถิ่น","นักเกษตร":"1501","ศูนย์":"K2-15","โควตา":"722724","ชาวไร่":"นาง ณีรนุช แถวถิ่น","ประเภทอ้อย":"ตอ1","พื้นที่":12.62,"ตันรวม":113.58,"รหัสแปลง":"320509091583","กลุ่ม":"กลุ่ม_15"},"geometry":{"type":"MultiPolygon","coordinates":[[[[972831.1727,1607204.635500000789762],[972822.636800000444055,1607250.418600000441074],[972924.137400000356138,1607268.831599999219179],[973100.878499999642372,1607292.07149999961257],[973091.912100000306964,1607219.661399999633431],[972971.00789999961853,1607203.156199999153614],[972825.124900000169873,1607167.730000000447035],[972831.1727,1607204.635500000789762]]]]}},
{"type":"Feature","properties":{"รหัสกลุ่มคิว":"15/001","รหัสรับเหมา":"738889","ชื่อ-สกุล รับเหมา":"รถตัดโรงงานเบอร์ 01","นักเกษตร":"1503","ศูนย์":"K2-15","โควตา":"710787","ชาวไร่":"นาง วิพา กระจ่างจิตร","ประเภทอ้อย":"ตอ1","พื้นที่":4.78,"ตันรวม":43.02,"รหัสแปลง":"320509091593","กลุ่ม":"กลุ่ม_15"},"geometry":{"type":"MultiPolygon","coordinates":[[[[973594.101599999703467,1607175.09569999948144],[973393.434799999929965,1607179.060399999842048],[973392.168999999761581,1607219.284800000488758],[973595.898699999786913,1607210.411699999123812],[973596.495900000445545,1607200.370999999344349],[973595.894899999722838,1607196.723200000822544],[973594.101599999703467,1607175.09569999948144]]]]}},
{"type":"Feature","properties":{"รหัสกลุ่มคิว":"15/001","รหัสรับเหมา":"738889","ชื่อ-สกุล รับเหมา":"รถตัดโรงงานเบอร์ 01","นักเกษตร":"1503","ศูนย์":"K2-15","โควตา":"719076","ชาวไร่":"นาง กฤษติยา ผายสุวรรณ์","ประเภทอ้อย":"ปลายฝน","พื้นที่":5.2,"ตันรวม":67.6,"รหัสแปลง":"320509101535","กลุ่ม":"กลุ่ม_15"},"geometry":{"type":"MultiPolygon","coordinates":[[[[974194.257100000046194,1609611.656300000846386],[974199.329800000414252,1609649.31220000050962],[974196.724399999715388,1609675.380000000819564],[974192.722400000318885,1609715.36460000090301],[974188.348500000312924,1609741.622400000691414],[974186.813000000081956,1609831.632200000807643],[974225.987399999983609,1609828.981000000610948],[974225.900799999944866,1609789.537599999457598],[974233.692699999548495,1609661.778599999845028],[974233.338899999856949,1609633.162200000137091],[974232.314399999566376,1609608.38880000077188],[974194.257100000046194,1609611.656300000846386]]]]}},
{"type":"Feature","properties":{"รหัสกลุ่มคิว":"15/001","รหัสรับเหมา":"738889","ชื่อ-สกุล รับเหมา":"รถตัดโรงงานเบอร์ 01","นักเกษตร":"1503","ศูนย์":"K2-15","โควตา":"715860","ชาวไร่":"นาง ทองม้วน สว่างภพ","ประเภทอ้อย":"ปลายฝน","พื้นที่":11.33,"ตันรวม":147.29,"รหัสแปลง":"320509101554","กลุ่ม":"กลุ่ม_15"},"geometry":{"type":"MultiPolygon","coordinates":[[[[973070.600399999879301,1609814.993000000715256],[973125.973500000312924,1609820.125499999150634],[973126.747000000439584,1609817.367200000211596],[973130.534799999557436,1609817.07039999961853],[973141.733300000429153,1609759.234099999070168],[973139.039800000376999,1609758.8125],[973138.118300000205636,1609759.903999999165535],[973135.908099999651313,1609762.449799999594688],[973134.965200000442564,1609764.6502],[973117.428299999795854,1609758.7665],[973116.411999999545515,1609755.419199999421835],[973112.061700000427663,1609738.141799999400973],[973108.997499999590218,1609738.267699999734759],[973081.551300000399351,1609732.563200000673532],[973039.260400000028312,1609730.825400000438094],[973026.686200000345707,1609729.104599999263883],[973005.406299999915063,1609730.544099999591708],[972951.798000000417233,1609727.294600000604987],[972893.95990000013262,1609728.585899999365211],[972890.825899999588728,1609751.080700000748038],[972897.555900000035763,1609794.4715],[973045.995900000445545,1609811.376900000497699],[973067.331299999728799,1609816.409199999645352],[973070.600399999879301,1609814.993000000715256]]]]}},
{"type":"Feature","properties":{"รหัสกลุ่มคิว":"15/001","รหัสรับเหมา":"738889","ชื่อ-สกุล รับเหมา":"รถตัดโรงงานเบอร์ 01","นักเกษตร":"1503","ศูนย์":"K2-15","โควตา":"719007","ชาวไร่":"นาย สา เชือดรัมย์","ประเภทอ้อย":"ตอ1","พื้นที่":7.2,"ตันรวม":64.8,"รหัสแปลง":"320509101568","กลุ่ม":"กลุ่ม_15"},"geometry":{"type":"MultiPolygon","coordinates":[[[[973407.310100000351667,1610220.319399999454618],[973390.209300000220537,1610269.658600000664592],[973390.249900000169873,1610284.016000000759959],[973394.861299999989569,1610296.067199999466538],[973537.063000000081956,1610350.438200000673532],[973551.752100000157952,1610281.03690000064671],[973476.287100000306964,1610249.871600000187755],[973407.310100000351667,1610220.319399999454618]]]]}},
{"type":"Feature","properties":{"รหัสกลุ่มคิว":"15/001","รหัสรับเหมา":"738889","ชื่อ-สกุล รับเหมา":"รถตัดโรงงานเบอร์ 01","นักเกษตร":"1503","ศูนย์":"K2-15","โควตา":"715951","ชาวไร่":"นาย สวน กันสุมาโส","ประเภทอ้อย":"ปลายฝน","พื้นที่":12.11,"ตันรวม":157.43,"รหัสแปลง":"320509101570","กลุ่ม":"กลุ่ม_15"},"geometry":{"type":"MultiPolygon","coordinates":[[[[974555.585699999704957,1609372.713300000876188],[974518.25069999974221,1609374.808499999344349],[974570.754900000058115,1609862.307399999350309],[974612.660500000230968,1609867.5965],[974555.585699999704957,1609372.713300000876188]]]]}},
{"type":"Feature","properties":{"รหัสกลุ่มคิว":"15/001","รหัสรับเหมา":"738889","ชื่อ-สกุล รับเหมา":"รถตัดโรงงานเบอร์ 01","นักเกษตร":"1503","ศูนย์":"K2-15","โควตา":"715860","ชาวไร่":"นาง ทองม้วน สว่างภพ","ประเภทอ้อย":"ตอ1","พื้นที่":4.66,"ตันรวม":41.94,"รหัสแปลง":"320509101576","กลุ่ม":"กลุ่ม_15"},"geometry":{"type":"MultiPolygon","coordinates":[[[[973644.326200000010431,1609399.665200000628829],[973693.332000000402331,1609412.932800000533462],[973698.681900000199676,1609410.872700000181794],[973705.532200000248849,1609413.003499999642372],[973735.016699999570847,1609288.916400000452995],[973681.816700000315905,1609278.959000000730157],[973644.326200000010431,1609399.665200000628829]]]]}},
{"type":"Feature","properties":{"รหัสกลุ่มคิว":"15/004","รหัสรับเหมา":"738889","ชื่อ-สกุล รับเหมา":"รถตัดโรงงานเบอร์ 22","นักเกษตร":"1507","ศูนย์":"K2-15","โควตา":"715514","ชาวไร่":"นางสาว เรียม บูรณะ","ประเภทอ้อย":"ตอ1","พื้นที่":5.25,"ตันรวม":47.25,"รหัสแปลง":"320509111506","กลุ่ม":"กลุ่ม_15"},"geometry":{"type":"MultiPolygon","coordinates":[[[[969633.30350000038743,1608443.010500000789762],[969514.535500000230968,1608491.758300000801682],[969382.286299999803305,1608534.909199999645352],[969389.266699999570847,1608574.974099999293685],[969667.864299999549985,1608453.468000000342727],[969648.521999999880791,1608438.309399999678135],[969633.30350000038743,1608443.010500000789762]]]]}},
{"type":"Feature","properties":{"รหัสกลุ่มคิว":"15/001","รหัสรับเหมา":"738889","ชื่อ-สกุล รับเหมา":"รถตัดโรงงานเบอร์ 01","นักเกษตร":"1503","ศูนย์":"K2-15","โควตา":"719352","ชาวไร่":"นาย พิทักษ์ สืบเทพ","ประเภทอ้อย":"ตอ1","พื้นที่":14.48,"ตันรวม":130.32,"รหัสแปลง":"320509120022","กลุ่ม":"กลุ่ม_15"},"geometry":{"type":"MultiPolygon","coordinates":[[[[969346.657800000160933,1608672.574500000104308],[969212.409500000067055,1608714.199100000783801],[969254.921500000171363,1608878.562100000679493],[969299.42119999974966,1608872.992799999192357],[969299.894799999892712,1608846.344100000336766],[969321.217899999581277,1608845.124600000679493],[969326.88300000037998,1608872.294199999421835],[969376.708599999547005,1608867.880400000140071],[969360.638199999928474,1608768.76490000076592],[969346.657800000160933,1608672.574500000104308]]]]}},
{"type":"Feature","properties":{"รหัสกลุ่มคิว":"15/004","รหัสรับเหมา":"738889","ชื่อ-สกุล รับเหมา":"รถตัดโรงงานเบอร์ 22","นักเกษตร":"1507","ศูนย์":"K2-15","โควตา":"715497","ชาวไร่":"นางสาว อนงค์ แหวนวิเศษ","ประเภทอ้อย":"ปลายฝน","พื้นที่":4.71,"ตันรวม":61.23,"รหัสแปลง":"320509121523","กลุ่ม":"กลุ่ม_15"},"geometry":{"type":"MultiPolygon","coordinates":[[[[970667.889499999582767,1609089.857799999415874],[970759.376799999736249,1609080.700500000268221],[970748.838100000284612,1609000.818900000303984],[970647.296500000171363,1609017.73340000025928],[970667.889499999582767,1609089.857799999415874]]]]}},
{"type":"Feature","properties":{"รหัสกลุ่มคิว":"15/004","รหัสรับเหมา":"738889","ชื่อ-สกุล รับเหมา":"รถตัดโรงงานเบอร์ 22","นักเกษตร":"1507","ศูนย์":"K2-15","โควตา":"715514","ชาวไร่":"นางสาว เรียม บูรณะ","ประเภทอ้อย":"ปลายฝน","พื้นที่":3.19,"ตันรวม":41.47,"รหัสแปลง":"320509121535","กลุ่ม":"กลุ่ม_15"},"geometry":{"type":"MultiPolygon","coordinates":[[[[970664.615399999544024,1609588.875900000333786],[970670.522300000302494,1609620.03800000064075],[970692.481900000013411,1609618.863700000569224],[970703.46030000038445,1609509.014599999412894],[970671.160199999809265,1609501.4978],[970664.417399999685585,1609531.534499999135733],[970639.733599999919534,1609530.230100000277162],[970637.731599999591708,1609584.210200000554323],[970664.615399999544024,1609588.875900000333786]]]]}},
{"type":"Feature","properties":{"รหัสกลุ่มคิว":"15/004","รหัสรับเหมา":"738889","ชื่อ-สกุล รับเหมา":"รถตัดโรงงานเบอร์ 22","นักเกษตร":"1507","ศูนย์":"K2-15","โควตา":"715780","ชาวไร่":"นาย วิสิทธิ์ จินดาศรี","ประเภทอ้อย":"ตอ1","พื้นที่":10.51,"ตันรวม":94.59,"รหัสแปลง":"320509121556","กลุ่ม":"กลุ่ม_15"},"geometry":{"type":"MultiPolygon","coordinates":[[[[969523.759300000034273,1609068.183399999514222],[969496.567699999548495,1608935.85249999910593],[969535.62459999974817,1608927.723899999633431],[969514.169800000265241,1608825.081700000911951],[969426.803199999965727,1608835.431500000879169],[969438.386900000274181,1608889.079700000584126],[969450.517199999652803,1608923.512000000104308],[969456.652900000102818,1608941.746200000867248],[969443.09389999974519,1608944.445499999448657],[969468.767900000326335,1609080.814400000497699],[969523.759300000034273,1609068.183399999514222]]]]}},
{"type":"Feature","properties":{"รหัสกลุ่มคิว":"15/003","รหัสรับเหมา":"738889","ชื่อ-สกุล รับเหมา":"รถตัดโรงงานเบอร์ 18","นักเกษตร":"1202","ศูนย์":"K2-15","โควตา":"715780","ชาวไร่":"นาย วิสิทธิ์ จินดาศรี","ประเภทอ้อย":"ตอ4","พื้นที่":5.98,"ตันรวม":41.86,"รหัสแปลง":"320509121584","กลุ่ม":"กลุ่ม_15"},"geometry":{"type":"MultiPolygon","coordinates":[[[[970274.591799999587238,1611883.843699999153614],[970305.804999999701977,1612030.230399999767542],[970346.325500000268221,1612026.357699999585748],[970348.736399999819696,1611983.7006],[970342.0921,1611870.511299999430776],[970336.696600000374019,1611859.990199999883771],[970330.7347999997437,1611853.502599999308586],[970327.540400000289083,1611853.3717],[970306.602699999697506,1611861.82660000026226],[970296.700899999588728,1611862.929300000891089],[970284.654000000096858,1611870.582900000736117],[970273.7182,1611879.805800000205636],[970274.591799999587238,1611883.843699999153614]]]]}},
{"type":"Feature","properties":{"รหัสกลุ่มคิว":"15/004","รหัสรับเหมา":"738889","ชื่อ-สกุล รับเหมา":"รถตัดโรงงานเบอร์ 22","นักเกษตร":"1507","ศูนย์":"K2-15","โควตา":"715666","ชาวไร่":"นาย นคร สาลี","ประเภทอ้อย":"ตอ1","พื้นที่":7.18,"ตันรวม":64.62,"รหัสแปลง":"320509130014","กลุ่ม":"กลุ่ม_15"},"geometry":{"type":"MultiPolygon","coordinates":[[[[970779.825100000016391,1607940.754899999126792],[970674.64809999987483,1607937.419800000265241],[970672.904900000430644,1607972.98619999922812],[970622.500300000421703,1607972.833599999547005],[970627.75,1608023.500499999150634],[970775.141200000420213,1608027.07799999974668],[970779.825100000016391,1607940.754899999126792]]]]}},
{"type":"Feature","properties":{"รหัสกลุ่มคิว":"15/001","รหัสรับเหมา":"738889","ชื่อ-สกุล รับเหมา":"รถตัดโรงงานเบอร์ 01","นักเกษตร":"1503","ศูนย์":"K2-15","โควตา":"710721","ชาวไร่":"นาย สุรพล สืบเทพ","ประเภทอ้อย":"ตอ1","พื้นที่":5.99,"ตันรวม":53.91,"รหัสแปลง":"320509130035","กลุ่ม":"กลุ่ม_15"},"geometry":{"type":"MultiPolygon","coordinates":[[[[970568.701200000010431,1607231.057700000703335],[970476.161100000143051,1607554.194499999284744],[970505.769799999892712,1607547.96059999987483],[970606.755900000222027,1607194.669800000265241],[970588.064199999906123,1607191.163599999621511],[970579.694099999964237,1607229.695900000631809],[970568.701200000010431,1607231.057700000703335]]]]}},
{"type":"Feature","properties":{"รหัสกลุ่มคิว":"15/004","รหัสรับเหมา":"738889","ชื่อ-สกุล รับเหมา":"รถตัดโรงงานเบอร์ 22","นักเกษตร":"1507","ศูนย์":"K2-15","โควตา":"710152","ชาวไร่":"นาง สุภาพร เพชรใสดี","ประเภทอ้อย":"ตอ1","พื้นที่":7.9,"ตันรวม":71.1,"รหัสแปลง":"320509130039","กลุ่ม":"กลุ่ม_15"},"geometry":{"type":"MultiPolygon","coordinates":[[[[970839.506400000303984,1605400.340399999171495],[970832.896499999798834,1605449.760299999266863],[970831.040900000371039,1605478.345300000160933],[970841.53760000038892,1605532.111600000411272],[970871.762299999594688,1605522.271800000220537],[970888.834300000220537,1605511.56980000063777],[970910.139700000174344,1605487.794199999421835],[970928.189600000157952,1605478.6294],[970967.298499999567866,1605462.787599999457598],[970971.663399999961257,1605408.136900000274181],[970839.506400000303984,1605400.340399999171495]]]]}},
{"type":"Feature","properties":{"รหัสกลุ่มคิว":"15/004","รหัสรับเหมา":"738889","ชื่อ-สกุล รับเหมา":"รถตัดโรงงานเบอร์ 22","นักเกษตร":"1507","ศูนย์":"K2-15","โควตา":"710963","ชาวไร่":"นาย สุรศักดิ์ ใจพินิจ","ประเภทอ้อย":"ปลายฝน","พื้นที่":17.46,"ตันรวม":226.98,"รหัสแปลง":"320509130043","กลุ่ม":"กลุ่ม_15"},"geometry":{"type":"MultiPolygon","coordinates":[[[[971333.730399999767542,1607989.478900000452995],[971369.164099999703467,1608161.350299999117851],[971491.599299999885261,1608144.652699999511242],[971492.144700000062585,1607956.276499999687076],[971526.501799999736249,1607958.598300000652671],[971521.638299999758601,1607930.40430000051856],[971482.712299999780953,1607940.936200000345707],[971443.274600000120699,1607949.979399999603629],[971359.389000000432134,1607985.1634],[971333.730399999767542,1607989.478900000452995]]]]}},
{"type":"Feature","properties":{"รหัสกลุ่มคิว":"15/004","รหัสรับเหมา":"738889","ชื่อ-สกุล รับเหมา":"รถตัดโรงงานเบอร์ 22","นักเกษตร":"1507","ศูนย์":"K2-15","โควตา":"710780","ชาวไร่":"นาง หนูสร เถรี","ประเภทอ้อย":"ตอ3","พื้นที่":4.64,"ตันรวม":32.48,"รหัสแปลง":"320509130051","กลุ่ม":"กลุ่ม_15"},"geometry":{"type":"MultiPolygon","coordinates":[[[[970593.478600000031292,1607713.634999999776483],[970346.481100000441074,1607788.150699999183416],[970345.572800000198185,1607788.804500000551343],[970354.764999999664724,1607814.887199999764562],[970594.689399999566376,1607744.94620000012219],[970594.697800000198185,1607744.787699999287724],[970593.478600000031292,1607713.634999999776483]]]]}},
{"type":"Feature","properties":{"รหัสกลุ่มคิว":"15/004","รหัสรับเหมา":"738889","ชื่อ-สกุล รับเหมา":"รถตัดโรงงานเบอร์ 22","นักเกษตร":"1507","ศูนย์":"K2-15","โควตา":"710866","ชาวไร่":"นาง สุเทพ ยืนยง","ประเภทอ้อย":"ตอ1","พื้นที่":5.07,"ตันรวม":45.63,"รหัสแปลง":"320509130055","กลุ่ม":"กลุ่ม_15"},"geometry":{"type":"MultiPolygon","coordinates":[[[[970390.316100000403821,1608154.210400000214577],[970432.300099999643862,1608146.089999999850988],[970408.28899999987334,1607951.63150000013411],[970368.121799999848008,1607966.570800000801682],[970390.316100000403821,1608154.210400000214577]]]]}},
{"type":"Feature","properties":{"รหัสกลุ่มคิว":"15/001","รหัสรับเหมา":"738889","ชื่อ-สกุล รับเหมา":"รถตัดโรงงานเบอร์ 01","นักเกษตร":"1503","ศูนย์":"K2-15","โควตา":"710721","ชาวไร่":"นาย สุรพล สืบเทพ","ประเภทอ้อย":"ต้นฝน","พื้นที่":7.94,"ตันรวม":87.34,"รหัสแปลง":"320509130056","กลุ่ม":"กลุ่ม_15"},"geometry":{"type":"MultiPolygon","coordinates":[[[[972068.9527000002563,1607320.31389999948442],[972153.191800000146031,1607376.997199999168515],[972157.178000000305474,1607373.194599999114871],[972190.699699999764562,1607242.042400000616908],[972116.451399999670684,1607200.583100000396371],[972091.977800000458956,1607248.503000000491738],[972068.9527000002563,1607320.31389999948442]]]]}},
{"type":"Feature","properties":{"รหัสกลุ่มคิว":"15/001","รหัสรับเหมา":"738889","ชื่อ-สกุล รับเหมา":"รถตัดโรงงานเบอร์ 01","นักเกษตร":"1503","ศูนย์":"K2-15","โควตา":"710922","ชาวไร่":"นาย สุพิน สีน้ำคำ","ประเภทอ้อย":"ปลายฝน","พื้นที่":8.47,"ตันรวม":110.11,"รหัสแปลง":"320509130062","กลุ่ม":"กลุ่ม_15"},"geometry":{"type":"MultiPolygon","coordinates":[[[[969900.650200000032783,1607328.38910000026226],[969940.5152000002563,1607190.276000000536442],[969906.877799999900162,1607187.970499999821186],[969896.347099999897182,1607201.81980000063777],[969887.616899999789894,1607215.703400000929832],[969804.618200000375509,1607223.363900000229478],[969810.11600000038743,1607256.1908],[969805.480899999849498,1607263.127399999648333],[969780.020100000314415,1607266.5241],[969780.963299999944866,1607307.056500000879169],[969900.650200000032783,1607328.38910000026226]]]]}},
{"type":"Feature","properties":{"รหัสกลุ่มคิว":"15/001","รหัสรับเหมา":"738889","ชื่อ-สกุล รับเหมา":"รถตัดโรงงานเบอร์ 01","นักเกษตร":"1503","ศูนย์":"K2-15","โควตา":"710922","ชาวไร่":"นาย สุพิน สีน้ำคำ","ประเภทอ้อย":"ปลายฝน","พื้นที่":5.43,"ตันรวม":70.59,"รหัสแปลง":"320509130064","กลุ่ม":"กลุ่ม_15"},"geometry":{"type":"MultiPolygon","coordinates":[[[[969941.728900000452995,1606937.226199999451637],[969848.895600000396371,1606916.94510000012815],[969825.385800000280142,1607000.556800000369549],[969915.995500000193715,1607029.685900000855327],[969941.728900000452995,1606937.226199999451637]]]]}},
{"type":"Feature","properties":{"รหัสกลุ่มคิว":"15/004","รหัสรับเหมา":"738889","ชื่อ-สกุล รับเหมา":"รถตัดโรงงานเบอร์ 22","นักเกษตร":"1507","ศูนย์":"K2-15","โควตา":"710777","ชาวไร่":"นาง ภาวิณี ปานเพชร","ประเภทอ้อย":"ตอ1","พื้นที่":10.86,"ตันรวม":97.74,"รหัสแปลง":"320509130081","กลุ่ม":"กลุ่ม_15"},"geometry":{"type":"MultiPolygon","coordinates":[[[[970519.528599999845028,1607620.728199999779463],[970308.892,1607668.878599999472499],[970329.724499999545515,1607743.779899999499321],[970386.744199999608099,1607729.338700000196695],[970386.379300000146031,1607723.204299999400973],[970406.348199999891222,1607720.4211],[970409.321700000204146,1607730.123800000175834],[970556.67119999974966,1607687.654500000178814],[970547.237999999895692,1607656.375900000333786],[970537.165400000289083,1607656.810100000351667],[970531.77170000039041,1607642.896099999547005],[970522.621500000357628,1607639.512199999764562],[970519.528599999845028,1607620.728199999779463]]]]}},
{"type":"Feature","properties":{"รหัสกลุ่มคิว":"15/004","รหัสรับเหมา":"738889","ชื่อ-สกุล รับเหมา":"รถตัดโรงงานเบอร์ 22","นักเกษตร":"1507","ศูนย์":"K2-15","โควตา":"710866","ชาวไร่":"นาง สุเทพ ยืนยง","ประเภทอ้อย":"ตอ1","พื้นที่":5.95,"ตันรวม":53.55,"รหัสแปลง":"320509130083","กลุ่ม":"กลุ่ม_15"},"geometry":{"type":"MultiPolygon","coordinates":[[[[970441.790300000458956,1608258.299100000411272],[970431.417299999855459,1608151.571599999442697],[970388.160099999979138,1608158.573999999091029],[970335.631699999794364,1608168.589500000700355],[970346.271499999798834,1608265.723799999803305],[970385.004399999976158,1608261.918299999088049],[970375.759899999946356,1608164.8926],[970378.971199999563396,1608164.967299999669194],[970389.093500000424683,1608261.748999999836087],[970441.790300000458956,1608258.299100000411272]]]]}},
{"type":"Feature","properties":{"รหัสกลุ่มคิว":"15/004","รหัสรับเหมา":"738889","ชื่อ-สกุล รับเหมา":"รถตัดโรงงานเบอร์ 22","นักเกษตร":"1507","ศูนย์":"K2-15","โควตา":"710661","ชาวไร่":"นาย สมพร พรมสุทธิ","ประเภทอ้อย":"ปลายฝน","พื้นที่":14.97,"ตันรวม":194.61,"รหัสแปลง":"320509130092","กลุ่ม":"กลุ่ม_15"},"geometry":{"type":"MultiPolygon","coordinates":[[[[969292.759100000374019,1606387.529100000858307],[969301.971199999563396,1606447.971400000154972],[969302.190200000070035,1606449.410900000482798],[969265.186999999918044,1606463.583100000396371],[969273.364500000141561,1606502.644400000572205],[969276.602300000376999,1606508.77559999935329],[969299.722500000149012,1606536.839700000360608],[969316.349700000137091,1606544.021199999377131],[969325.202399999834597,1606549.434100000187755],[969338.713800000026822,1606540.502699999138713],[969355.649100000038743,1606536.8421],[969371.608099999837577,1606543.983200000599027],[969400.560999999754131,1606558.866699999198318],[969428.807599999941885,1606560.105799999088049],[969449.181800000369549,1606549.520400000736117],[969451.763700000010431,1606549.968900000676513],[969407.134899999946356,1606374.505300000309944],[969292.759100000374019,1606387.529100000858307]]]]}},
{"type":"Feature","properties":{"รหัสกลุ่มคิว":"15/004","รหัสรับเหมา":"738889","ชื่อ-สกุล รับเหมา":"รถตัดโรงงานเบอร์ 22","นักเกษตร":"1507","ศูนย์":"K2-15","โควตา":"710866","ชาวไร่":"นาง สุเทพ ยืนยง","ประเภทอ้อย":"ปลายฝน","พื้นที่":2.54,"ตันรวม":33.02,"รหัสแปลง":"320509130095","กลุ่ม":"กลุ่ม_15"},"geometry":{"type":"MultiPolygon","coordinates":[[[[970321.95409999974072,1608170.668700000271201],[970278.303000000305474,1608178.554500000551343],[970288.987900000065565,1608270.507200000807643],[970330.754599999636412,1608266.73509999923408],[970321.95409999974072,1608170.668700000271201]]]]}},
{"type":"Feature","properties":{"รหัสกลุ่มคิว":"15/004","รหัสรับเหมา":"738889","ชื่อ-สกุล รับเหมา":"รถตัดโรงงานเบอร์ 22","นักเกษตร":"1507","ศูนย์":"K2-15","โควตา":"711090","ชาวไร่":"นางสาว ดวง สีน้ำคำ","ประเภทอ้อย":"ปลายฝน","พื้นที่":7.14,"ตันรวม":92.82,"รหัสแปลง":"320509130107","กลุ่ม":"กลุ่ม_15"},"geometry":{"type":"MultiPolygon","coordinates":[[[[971033.92119999974966,1607232.04869999922812],[970949.952499999664724,1607535.2982],[970974.294300000183284,1607543.343499999493361],[970981.96239999961108,1607537.943900000303984],[970987.886300000362098,1607538.981599999591708],[971043.536199999973178,1607332.063799999654293],[971051.663800000213087,1607302.639599999412894],[971067.597599999979138,1607241.75139999948442],[971033.92119999974966,1607232.04869999922812]]]]}},
{"type":"Feature","properties":{"รหัสกลุ่มคิว":"15/004","รหัสรับเหมา":"738889","ชื่อ-สกุล รับเหมา":"รถตัดโรงงานเบอร์ 22","นักเกษตร":"1507","ศูนย์":"K2-15","โควตา":"711090","ชาวไร่":"นางสาว ดวง สีน้ำคำ","ประเภทอ้อย":"ปลายฝน","พื้นที่":3.21,"ตันรวม":41.73,"รหัสแปลง":"320509130108","กลุ่ม":"กลุ่ม_15"},"geometry":{"type":"MultiPolygon","coordinates":[[[[971033.848699999973178,1607511.1612],[971097.791000000201166,1607286.716399999335408],[971078.113400000147521,1607280.1173],[971072.117499999701977,1607283.121799999848008],[971016.910099999979138,1607503.186899999156594],[971033.848699999973178,1607511.1612]]]]}},
{"type":"Feature","properties":{"รหัสกลุ่มคิว":"15/001","รหัสรับเหมา":"738889","ชื่อ-สกุล รับเหมา":"รถตัดโรงงานเบอร์ 01","นักเกษตร":"1503","ศูนย์":"K2-15","โควตา":"719136","ชาวไร่":"นาย ธเนศ สีน้ำคำ","ประเภทอ้อย":"ปลายฝน","พื้นที่":39.85,"ตันรวม":518.05,"รหัสแปลง":"320509130113","กลุ่ม":"กลุ่ม_15"},"geometry":{"type":"MultiPolygon","coordinates":[[[[971779.658300000242889,1621453.433499999344349],[971807.303899999707937,1621448.373800000175834],[971801.279199999757111,1621341.632799999788404],[971799.5777000002563,1621302.976399999111891],[971797.900799999944866,1621296.356100000441074],[971791.990299999713898,1621283.961200000718236],[971792.833200000226498,1621271.755699999630451],[971793.526499999687076,1621255.833399999886751],[971791.908099999651313,1621244.119400000199676],[971791.754999999888241,1621235.496300000697374],[971782.983799999579787,1621231.174799999222159],[971786.081199999898672,1621203.246899999678135],[971752.915199999697506,1621200.973200000822544],[971758.248999999836087,1621152.8366],[971714.578900000080466,1621137.650100000202656],[971635.011800000444055,1621115.569399999454618],[971592.675499999895692,1621233.4679000005126],[971559.417399999685585,1621275.391100000590086],[971519.107099999673665,1621324.935100000351667],[971518.855800000019372,1621325.418299999088049],[971518.666600000113249,1621334.765699999406934],[971515.507699999958277,1621343.137299999594688],[971515.955500000156462,1621343.6085],[971514.395899999886751,1621358.088600000366569],[971517.459300000220537,1621359.249299999326468],[971525.052099999971688,1621364.292199999094009],[971546.709800000302494,1621378.342299999669194],[971565.911500000394881,1621393.167999999597669],[971581.837600000202656,1621400.709100000560284],[971584.936099999584258,1621402.121200000867248],[971596.204699999652803,1621404.694900000467896],[971601.024400000460446,1621404.730399999767542],[971608.134499999694526,1621404.293099999427795],[971618.628200000151992,1621400.908500000834465],[971624.400399999693036,1621398.15819999948144],[971660.679299999959767,1621406.505300000309944],[971663.229600000195205,1621412.309399999678135],[971687.357400000095367,1621423.172700000926852],[971693.902999999932945,1621427.125],[971732.81900000013411,1621451.926999999210238],[971753.659799999557436,1621452.406300000846386],[971779.658300000242889,1621453.433499999344349]]]]}},
{"type":"Feature","properties":{"รหัสกลุ่มคิว":"15/004","รหัสรับเหมา":"738889","ชื่อ-สกุล รับเหมา":"รถตัดโรงงานเบอร์ 22","นักเกษตร":"1507","ศูนย์":"K2-15","โควตา":"710780","ชาวไร่":"นาง หนูสร เถรี","ประเภทอ้อย":"ปลายฝน","พื้นที่":5.61,"ตันรวม":72.93,"รหัสแปลง":"320509130130","กลุ่ม":"กลุ่ม_15"},"geometry":{"type":"MultiPolygon","coordinates":[[[[970592.955199999734759,1607712.9206000007689],[970590.25829999987036,1607681.566600000485778],[970332.479000000283122,1607753.290899999439716],[970344.050800000317395,1607788.601299999281764],[970592.955199999734759,1607712.9206000007689]]]]}},
{"type":"Feature","properties":{"รหัสกลุ่มคิว":"15/004","รหัสรับเหมา":"738889","ชื่อ-สกุล รับเหมา":"รถตัดโรงงานเบอร์ 22","นักเกษตร":"1507","ศูนย์":"K2-15","โควตา":"710931","ชาวไร่":"นาง ปราณี แสนกล้า","ประเภทอ้อย":"ตอ1","พื้นที่":17.27,"ตันรวม":155.43,"รหัสแปลง":"320509130139","กลุ่ม":"กลุ่ม_15"},"geometry":{"type":"MultiPolygon","coordinates":[[[[969233.344100000336766,1607726.552200000733137],[969246.447499999776483,1607790.612700000405312],[969626.623100000433624,1607693.084300000220537],[969624.121799999848008,1607660.311899999156594],[969420.922500000335276,1607717.599500000476837],[969419.898599999956787,1607714.622099999338388],[969444.875099999830127,1607708.257999999448657],[969624.006400000303984,1607658.800499999895692],[969623.627100000157952,1607653.830700000748038],[969657.012699999846518,1607645.183199999853969],[969656.526700000278652,1607612.13150000013411],[969233.344100000336766,1607726.552200000733137]]]]}},
{"type":"Feature","properties":{"รหัสกลุ่มคิว":"15/004","รหัสรับเหมา":"738889","ชื่อ-สกุล รับเหมา":"รถตัดโรงงานเบอร์ 22","นักเกษตร":"1507","ศูนย์":"K2-15","โควตา":"710664","ชาวไร่":"นาง สุภาพ ใจพินิจ","ประเภทอ้อย":"ปลายฝน","พื้นที่":9.03,"ตันรวม":117.39,"รหัสแปลง":"320509130149","กลุ่ม":"กลุ่ม_15"},"geometry":{"type":"MultiPolygon","coordinates":[[[[970835.395700000226498,1607782.814099999144673],[970840.546099999919534,1607875.740000000223517],[970944.184399999678135,1607873.041999999433756],[970988.07010000012815,1607851.53690000064671],[970987.080799999646842,1607766.187699999660254],[970835.395700000226498,1607782.814099999144673]]]]}},
{"type":"Feature","properties":{"รหัสกลุ่มคิว":"15/004","รหัสรับเหมา":"738889","ชื่อ-สกุล รับเหมา":"รถตัดโรงงานเบอร์ 22","นักเกษตร":"1507","ศูนย์":"K2-15","โควตา":"710866","ชาวไร่":"นาง สุเทพ ยืนยง","ประเภทอ้อย":"ปลายฝน","พื้นที่":5.57,"ตันรวม":72.41,"รหัสแปลง":"320509130153","กลุ่ม":"กลุ่ม_15"},"geometry":{"type":"MultiPolygon","coordinates":[[[[969633.485700000077486,1607177.395999999716878],[969628.675699999555945,1607136.817900000140071],[969617.186999999918044,1607115.893500000238419],[969615.135200000368059,1607100.69510000012815],[969627.127700000070035,1607095.192700000479817],[969630.533800000324845,1607077.1404],[969562.223799999803305,1607060.679099999368191],[969529.512799999676645,1607170.422700000926852],[969535.341699999757111,1607176.4496],[969545.763299999758601,1607177.757400000467896],[969599.650700000114739,1607176.011499999091029],[969626.287299999967217,1607177.073899999260902],[969633.485700000077486,1607177.395999999716878]]]]}},
{"type":"Feature","properties":{"รหัสกลุ่มคิว":"15/001","รหัสรับเหมา":"738889","ชื่อ-สกุล รับเหมา":"รถตัดโรงงานเบอร์ 01","นักเกษตร":"1503","ศูนย์":"K2-15","โควตา":"710922","ชาวไร่":"นาย สุพิน สีน้ำคำ","ประเภทอ้อย":"ตอ1","พื้นที่":20.85,"ตันรวม":187.65,"รหัสแปลง":"320509130184","กลุ่ม":"กลุ่ม_15"},"geometry":{"type":"MultiPolygon","coordinates":[[[[969643.92920000012964,1607208.531899999827147],[969643.122899999842048,1607259.724700000137091],[969666.22649999987334,1607256.509199999272823],[969669.655799999833107,1607270.7204],[969643.994300000369549,1607274.157800000160933],[969642.796500000171363,1607354.274800000712276],[969779.724499999545515,1607332.7027000002563],[969773.38150000013411,1607316.464700000360608],[969771.372200000099838,1607290.864499999210238],[969771.763600000180304,1607258.726700000464916],[969773.675300000235438,1607245.01549999974668],[969778.89809999987483,1607234.99239999987185],[969781.955599999986589,1607219.11119999922812],[969798.388299999758601,1607215.150800000876188],[969795.972400000318885,1607184.130799999460578],[969645.157800000160933,1607210.580800000578165],[969648.208700000308454,1607206.998500000685453],[969746.517500000074506,1607191.410399999469519],[969731.164800000376999,1607060.96309999935329],[969730.457700000144541,1607060.182],[969704.598399999551475,1607064.46309999935329],[969631.643199999816716,1607085.554999999701977],[969628.13289999961853,1607102.290500000119209],[969616.802600000053644,1607106.620100000873208],[969612.875199999660254,1607112.237800000235438],[969628.367700000293553,1607136.462200000882149],[969639.494199999608099,1607187.88910000026226],[969643.92920000012964,1607208.531899999827147]]]]}},
{"type":"Feature","properties":{"รหัสกลุ่มคิว":"15/004","รหัสรับเหมา":"738889","ชื่อ-สกุล รับเหมา":"รถตัดโรงงานเบอร์ 22","นักเกษตร":"1507","ศูนย์":"K2-15","โควตา":"710664","ชาวไร่":"นาง สุภาพ ใจพินิจ","ประเภทอ้อย":"ปลายฝน","พื้นที่":4.59,"ตันรวม":59.67,"รหัสแปลง":"320509130199","กลุ่ม":"กลุ่ม_15"},"geometry":{"type":"MultiPolygon","coordinates":[[[[970791.794400000013411,1607933.927899999544024],[970921.057500000111759,1607943.253599999472499],[970909.988599999807775,1607879.661299999803305],[970794.751299999654293,1607876.887700000777841],[970791.794400000013411,1607933.927899999544024]]]]}},
{"type":"Feature","properties":{"รหัสกลุ่มคิว":"15/004","รหัสรับเหมา":"738889","ชื่อ-สกุล รับเหมา":"รถตัดโรงงานเบอร์ 22","นักเกษตร":"1507","ศูนย์":"K2-15","โควตา":"715056","ชาวไร่":"นาย อาณัติ แก่นชัย","ประเภทอ้อย":"ปลายฝน","พื้นที่":7.84,"ตันรวม":101.92,"รหัสแปลง":"320509130209","กลุ่ม":"กลุ่ม_15"},"geometry":{"type":"MultiPolygon","coordinates":[[[[970184.55420000012964,1608007.052300000563264],[970209.424899999983609,1608180.291500000283122],[970280.115899999625981,1608171.44789999909699],[970251.666899999603629,1607990.550899999216199],[970184.55420000012964,1608007.052300000563264]]]]}},
{"type":"Feature","properties":{"รหัสกลุ่มคิว":"15/004","รหัสรับเหมา":"738889","ชื่อ-สกุล รับเหมา":"รถตัดโรงงานเบอร์ 22","นักเกษตร":"1507","ศูนย์":"K2-15","โควตา":"715066","ชาวไร่":"นาย สิรินทร์ ปอยทอง","ประเภทอ้อย":"ตอ1","พื้นที่":2.58,"ตันรวม":23.22,"รหัสแปลง":"320509130247","กลุ่ม":"กลุ่ม_15"},"geometry":{"type":"MultiPolygon","coordinates":[[[[969074.138500000350177,1607155.60249999910593],[969126.215400000102818,1607127.335400000214577],[969100.33600000012666,1607061.28940000012517],[969089.51549999974668,1607070.692500000819564],[969078.458599999547005,1607077.583100000396371],[969050.071899999864399,1607102.523399999365211],[969051.396999999880791,1607109.724099999293685],[969047.536600000225008,1607113.823400000110269],[969074.138500000350177,1607155.60249999910593]]]]}},
{"type":"Feature","properties":{"รหัสกลุ่มคิว":"15/004","รหัสรับเหมา":"738889","ชื่อ-สกุล รับเหมา":"รถตัดโรงงานเบอร์ 22","นักเกษตร":"1507","ศูนย์":"K2-15","โควตา":"715080","ชาวไร่":"นาย ศรีไพร สาลี","ประเภทอ้อย":"ตอ1","พื้นที่":5.71,"ตันรวม":51.39,"รหัสแปลง":"320509130262","กลุ่ม":"กลุ่ม_15"},"geometry":{"type":"MultiPolygon","coordinates":[[[[970729.590599999763072,1607290.174900000914931],[970687.948400000110269,1607281.09569999948144],[970627.634800000116229,1607476.168199999257922],[970672.765399999916553,1607487.927300000563264],[970729.590599999763072,1607290.174900000914931]]]]}},
{"type":"Feature","properties":{"รหัสกลุ่มคิว":"15/004","รหัสรับเหมา":"738889","ชื่อ-สกุล รับเหมา":"รถตัดโรงงานเบอร์ 22","นักเกษตร":"1507","ศูนย์":"K2-15","โควตา":"715056","ชาวไร่":"นาย อาณัติ แก่นชัย","ประเภทอ้อย":"ปลายฝน","พื้นที่":8.01,"ตันรวม":104.13,"รหัสแปลง":"320509130281","กลุ่ม":"กลุ่ม_15"},"geometry":{"type":"MultiPolygon","coordinates":[[[[970192.635900000110269,1608425.387199999764562],[970211.118999999947846,1608421.494100000709295],[970247.756199999712408,1608422.552300000563264],[970233.610799999907613,1608216.391799999400973],[970197.673899999819696,1608218.881100000813603],[970194.958800000138581,1608186.314500000327826],[970168.700400000438094,1608192.808900000527501],[970192.635900000110269,1608425.387199999764562]]]]}},
{"type":"Feature","properties":{"รหัสกลุ่มคิว":"15/004","รหัสรับเหมา":"738889","ชื่อ-สกุล รับเหมา":"รถตัดโรงงานเบอร์ 22","นักเกษตร":"1507","ศูนย์":"K2-15","โควตา":"710065","ชาวไร่":"นาย ตัน คงทรัพย์","ประเภทอ้อย":"ตอ1","พื้นที่":3.96,"ตันรวม":35.64,"รหัสแปลง":"320509130299","กลุ่ม":"กลุ่ม_15"},"geometry":{"type":"MultiPolygon","coordinates":[[[[971592.792299999855459,1607739.638000000268221],[971441.124699999578297,1607701.596799999475479],[971435.740600000135601,1607758.698699999600649],[971464.917899999767542,1607762.214800000190735],[971464.834400000050664,1607747.876599999144673],[971590.984299999661744,1607775.134099999442697],[971592.792299999855459,1607739.638000000268221]]]]}},
{"type":"Feature","properties":{"รหัสกลุ่มคิว":"15/004","รหัสรับเหมา":"738889","ชื่อ-สกุล รับเหมา":"รถตัดโรงงานเบอร์ 22","นักเกษตร":"1507","ศูนย์":"K2-15","โควตา":"715056","ชาวไร่":"นาย อาณัติ แก่นชัย","ประเภทอ้อย":"ตอ2","พื้นที่":4.71,"ตันรวม":37.68,"รหัสแปลง":"320509131507","กลุ่ม":"กลุ่ม_15"},"geometry":{"type":"MultiPolygon","coordinates":[[[[969318.417700000107288,1607195.406999999657273],[969313.222599999979138,1607150.891799999400973],[969309.722799999639392,1607113.589999999850988],[969305.89919999986887,1607082.11089999973774],[969301.580699999816716,1607046.99970000050962],[969275.160600000061095,1607051.4002],[969271.888700000010431,1607029.137000000104308],[969254.7652000002563,1607032.431399999186397],[969257.4205,1607054.159299999475479],[969260.458999999798834,1607098.264000000432134],[969262.115500000305474,1607135.549499999731779],[969265.86739999987185,1607166.309599999338388],[969269.824300000444055,1607201.001199999824166],[969289.826899999752641,1607200.3596],[969318.417700000107288,1607195.406999999657273]]]]}},
{"type":"Feature","properties":{"รหัสกลุ่มคิว":"15/004","รหัสรับเหมา":"738889","ชื่อ-สกุล รับเหมา":"รถตัดโรงงานเบอร์ 22","นักเกษตร":"1507","ศูนย์":"K2-15","โควตา":"715056","ชาวไร่":"นาย อาณัติ แก่นชัย","ประเภทอ้อย":"ตอ1","พื้นที่":6.61,"ตันรวม":59.49,"รหัสแปลง":"320509131584","กลุ่ม":"กลุ่ม_15"},"geometry":{"type":"MultiPolygon","coordinates":[[[[969440.112700000405312,1607880.171499999240041],[969447.003700000233948,1607872.590500000864267],[969443.012000000104308,1607817.935399999842048],[969287.666299999691546,1607841.7331000007689],[969253.190399999730289,1607846.49239999987185],[969254.957600000314415,1607895.526699999347329],[969440.112700000405312,1607880.171499999240041]]]]}},
{"type":"Feature","properties":{"รหัสกลุ่มคิว":"15/004","รหัสรับเหมา":"738889","ชื่อ-สกุล รับเหมา":"รถตัดโรงงานเบอร์ 22","นักเกษตร":"1507","ศูนย์":"K2-15","โควตา":"710931","ชาวไร่":"นาง ปราณี แสนกล้า","ประเภทอ้อย":"ตอ1","พื้นที่":12.8,"ตันรวม":115.2,"รหัสแปลง":"320509131588","กลุ่ม":"กลุ่ม_15"},"geometry":{"type":"MultiPolygon","coordinates":[[[[970080.295800000429153,1605303.875],[970042.948099999688566,1605292.731100000441074],[969947.861399999819696,1605613.9518],[969892.242300000041723,1605805.432499999180436],[969901.517699999734759,1605809.03999999910593],[969897.281899999827147,1605823.572200000286102],[969921.628700000233948,1605830.848999999463558],[970080.295800000429153,1605303.875]]]]}},
{"type":"Feature","properties":{"รหัสกลุ่มคิว":"15/004","รหัสรับเหมา":"738889","ชื่อ-สกุล รับเหมา":"รถตัดโรงงานเบอร์ 22","นักเกษตร":"1507","ศูนย์":"K2-15","โควตา":"710152","ชาวไร่":"นาง สุภาพร เพชรใสดี","ประเภทอ้อย":"ตอ1","พื้นที่":4.65,"ตันรวม":41.85,"รหัสแปลง":"320509131592","กลุ่ม":"กลุ่ม_15"},"geometry":{"type":"MultiPolygon","coordinates":[[[[970766.706500000320375,1605582.833499999716878],[970789.974299999885261,1605573.8564],[970793.732400000095367,1605563.542899999767542],[970796.791100000031292,1605558.6985],[970801.401700000278652,1605555.254300000146031],[970844.667600000277162,1605534.29079999960959],[970828.513399999588728,1605488.278899999335408],[970804.120199999772012,1605499.823400000110269],[970789.421099999919534,1605501.894500000402331],[970745.362700000405312,1605527.063100000843406],[970734.699699999764562,1605537.0943],[970711.230999999679625,1605595.855200000107288],[970739.095200000330806,1605611.095499999821186],[970766.706500000320375,1605582.833499999716878]]]]}},
{"type":"Feature","properties":{"รหัสกลุ่มคิว":"15/004","รหัสรับเหมา":"738889","ชื่อ-สกุล รับเหมา":"รถตัดโรงงานเบอร์ 22","นักเกษตร":"1507","ศูนย์":"K2-15","โควตา":"715066","ชาวไร่":"นาย สิรินทร์ ปอยทอง","ประเภทอ้อย":"ปลายฝน","พื้นที่":7.17,"ตันรวม":93.21,"รหัสแปลง":"320509131600","กลุ่ม":"กลุ่ม_15"},"geometry":{"type":"MultiPolygon","coordinates":[[[[969100.624400000087917,1607047.673800000920892],[969085.00760000012815,1607015.428999999538064],[969067.9527000002563,1606972.885500000789762],[969032.903500000014901,1606883.38289999961853],[969009.064600000157952,1606899.674799999222159],[969000.372600000351667,1606903.877399999648333],[968998.358,1606955.667999999597669],[969014.370000000111759,1606997.763299999758601],[969018.187400000169873,1607008.86710000038147],[969016.895200000144541,1607013.054099999368191],[969020.69469999987632,1607026.800799999386072],[969046.575199999846518,1607100.290500000119209],[969048.958700000308454,1607104.46000000089407],[969071.466099999845028,1607085.1601],[969092.097699999809265,1607066.011900000274181],[969100.624400000087917,1607047.673800000920892]]]]}},
{"type":"Feature","properties":{"รหัสกลุ่มคิว":"15/008","รหัสรับเหมา":null,"ชื่อ-สกุล รับเหมา":null,"นักเกษตร":"1502","ศูนย์":"K2-15","โควตา":"715263","ชาวไร่":"นาย เปลือน กลีบแดง","ประเภทอ้อย":"ตอ1","พื้นที่":9.28,"ตันรวม":83.52,"รหัสแปลง":"320509131608","กลุ่ม":"กลุ่ม_15"},"geometry":{"type":"MultiPolygon","coordinates":[[[[972596.111899999901652,1619211.791500000283122],[972632.902300000190735,1618918.34940000064671],[972576.305800000205636,1618937.341],[972567.342000000178814,1619013.79839999973774],[972554.307199999690056,1619121.480699999257922],[972544.254399999976158,1619198.507200000807643],[972596.111899999901652,1619211.791500000283122]]]]}},
{"type":"Feature","properties":{"รหัสกลุ่มคิว":"15/004","รหัสรับเหมา":"738889","ชื่อ-สกุล รับเหมา":"รถตัดโรงงานเบอร์ 22","นักเกษตร":"1507","ศูนย์":"K2-15","โควตา":"710787","ชาวไร่":"นาง วิพา กระจ่างจิตร","ประเภทอ้อย":"ปลายฝน","พื้นที่":5.01,"ตันรวม":65.13,"รหัสแปลง":"320509131610","กลุ่ม":"กลุ่ม_15"},"geometry":{"type":"MultiPolygon","coordinates":[[[[973024.69539999961853,1606141.951099999248981],[973035.50789999961853,1606094.898399999365211],[972994.529699999839067,1606081.06279999949038],[972986.309299999848008,1606102.185200000181794],[972886.673200000077486,1606063.714800000190735],[972875.916100000031292,1606064.50899999961257],[972879.610500000417233,1606099.711300000548363],[972881.640700000338256,1606104.078600000590086],[972885.509999999776483,1606108.01630000025034],[972890.400799999944866,1606111.83500000089407],[972951.925699999555945,1606137.041899999603629],[972999.07799999974668,1606155.4551],[973022.911600000225008,1606161.013900000602007],[973024.69539999961853,1606141.951099999248981]]]]}},
{"type":"Feature","properties":{"รหัสกลุ่มคิว":"15/004","รหัสรับเหมา":"738889","ชื่อ-สกุล รับเหมา":"รถตัดโรงงานเบอร์ 22","นักเกษตร":"1507","ศูนย์":"K2-15","โควตา":"710059","ชาวไร่":"นาย บุญทนุ จินดาศรี","ประเภทอ้อย":"ตอ1","พื้นที่":6.28,"ตันรวม":56.52,"รหัสแปลง":"320509131636","กลุ่ม":"กลุ่ม_15"},"geometry":{"type":"MultiPolygon","coordinates":[[[[971797.980499999597669,1607341.25650000013411],[971800.953499999828637,1607340.921900000423193],[971892.953499999828637,1607284.711500000208616],[971965.132500000298023,1607242.670399999246001],[971967.794700000435114,1607238.984400000423193],[971949.294400000013411,1607207.990299999713898],[971891.478500000201166,1607231.67],[971866.839200000278652,1607245.4463],[971858.981700000353158,1607229.6831],[971826.47690000012517,1607241.261199999600649],[971823.854399999603629,1607270.074699999764562],[971777.786999999545515,1607288.806099999696016],[971797.980499999597669,1607341.25650000013411]]]]}},
{"type":"Feature","properties":{"รหัสกลุ่มคิว":"15/004","รหัสรับเหมา":"738889","ชื่อ-สกุล รับเหมา":"รถตัดโรงงานเบอร์ 22","นักเกษตร":"1507","ศูนย์":"K2-15","โควตา":"715936","ชาวไร่":"นางสาว วันเพ็ญ กระแสเทพ","ประเภทอ้อย":"ปลายฝน","พื้นที่":6.29,"ตันรวม":81.77,"รหัสแปลง":"320509131640","กลุ่ม":"กลุ่ม_15"},"geometry":{"type":"MultiPolygon","coordinates":[[[[969147.878999999724329,1607008.232300000265241],[969081.557799999602139,1606849.461799999698997],[969034.037700000219047,1606885.715700000524521],[969098.555100000463426,1607044.636600000783801],[969147.878999999724329,1607008.232300000265241]]]]}},
{"type":"Feature","properties":{"รหัสกลุ่มคิว":"15/004","รหัสรับเหมา":"738889","ชื่อ-สกุล รับเหมา":"รถตัดโรงงานเบอร์ 22","นักเกษตร":"1507","ศูนย์":"K2-15","โควตา":"715257","ชาวไร่":"นาย ทองดา ก่อแก้ว","ประเภทอ้อย":"ปลายฝน","พื้นที่":2.22,"ตันรวม":28.86,"รหัสแปลง":"320509131642","กลุ่ม":"กลุ่ม_15"},"geometry":{"type":"MultiPolygon","coordinates":[[[[970203.612900000065565,1606765.010500000789762],[970183.626000000163913,1606841.767899999395013],[970179.189199999906123,1606870.281300000846386],[970200.729500000365078,1606874.489199999719858],[970243.61600000038743,1606724.087999999523163],[970232.849499999545515,1606731.135800000280142],[970224.225200000219047,1606738.622600000351667],[970203.612900000065565,1606765.010500000789762]]]]}},
{"type":"Feature","properties":{"รหัสกลุ่มคิว":"15/001","รหัสรับเหมา":"738889","ชื่อ-สกุล รับเหมา":"รถตัดโรงงานเบอร์ 01","นักเกษตร":"1503","ศูนย์":"K2-15","โควตา":"710922","ชาวไร่":"นาย สุพิน สีน้ำคำ","ประเภทอ้อย":"ตอ1","พื้นที่":5.3,"ตันรวม":47.7,"รหัสแปลง":"320509131648","กลุ่ม":"กลุ่ม_15"},"geometry":{"type":"MultiPolygon","coordinates":[[[[969980.111100000329316,1607049.511600000783801],[970027.384399999864399,1606884.353900000452995],[970003.451200000010431,1606875.002599999308586],[969986.303199999965727,1606923.074200000613928],[969955.10120000038296,1606912.081199999898672],[969926.528800000436604,1607022.11009999923408],[969980.111100000329316,1607049.511600000783801]]]]}},
{"type":"Feature","properties":{"รหัสกลุ่มคิว":"15/004","รหัสรับเหมา":"738889","ชื่อ-สกุล รับเหมา":"รถตัดโรงงานเบอร์ 22","นักเกษตร":"1507","ศูนย์":"K2-15","โควตา":"710777","ชาวไร่":"นาง ภาวิณี ปานเพชร","ประเภทอ้อย":"ตอ2","พื้นที่":5.88,"ตันรวม":47.04,"รหัสแปลง":"320509131651","กลุ่ม":"กลุ่ม_15"},"geometry":{"type":"MultiPolygon","coordinates":[[[[970324.412399999797344,1609739.309599999338388],[970410.205699999816716,1609733.073699999600649],[970394.196000000461936,1609634.75139999948442],[970329.582600000314415,1609637.560100000351667],[970290.306099999696016,1609655.495100000873208],[970302.500099999830127,1609680.4397],[970324.412399999797344,1609739.309599999338388]]]]}},
{"type":"Feature","properties":{"รหัสกลุ่มคิว":"15/001","รหัสรับเหมา":"738889","ชื่อ-สกุล รับเหมา":"รถตัดโรงงานเบอร์ 01","นักเกษตร":"1503","ศูนย์":"K2-15","โควตา":"710922","ชาวไร่":"นาย สุพิน สีน้ำคำ","ประเภทอ้อย":"ตอ1","พื้นที่":4.57,"ตันรวม":41.13,"รหัสแปลง":"320509131654","กลุ่ม":"กลุ่ม_15"},"geometry":{"type":"MultiPolygon","coordinates":[[[[969746.086799999698997,1607189.517699999734759],[969764.767599999904633,1607185.333399999886751],[969763.501799999736249,1607180.629899999126792],[969780.119199999608099,1607175.490499999374151],[969783.771399999968708,1607181.0768],[969803.447100000455976,1607176.669700000435114],[969794.500799999572337,1607084.938500000163913],[969792.745099999941885,1607085.1402000002563],[969790.267,1607054.596100000664592],[969788.431599999777973,1607051.560699999332428],[969733.186099999584258,1607060.712099999189377],[969746.184000000357628,1607189.234400000423193],[969746.086799999698997,1607189.517699999734759]]]]}},
{"type":"Feature","properties":{"รหัสกลุ่มคิว":"15/004","รหัสรับเหมา":"738889","ชื่อ-สกุล รับเหมา":"รถตัดโรงงานเบอร์ 22","นักเกษตร":"1507","ศูนย์":"K2-15","โควตา":"715056","ชาวไร่":"นาย อาณัติ แก่นชัย","ประเภทอ้อย":"ตอ2","พื้นที่":3.48,"ตันรวม":27.84,"รหัสแปลง":"320509131665","กลุ่ม":"กลุ่ม_15"},"geometry":{"type":"MultiPolygon","coordinates":[[[[970208.973199999891222,1608181.365499999374151],[970179.481999999843538,1608010.653599999845028],[970158.97510000038892,1608011.634099999442697],[970170.112099999561906,1608056.412200000137091],[970154.890700000338256,1608058.694900000467896],[970168.877100000157952,1608187.913899999111891],[970208.973199999891222,1608181.365499999374151]]]]}},
{"type":"Feature","properties":{"รหัสกลุ่มคิว":"15/001","รหัสรับเหมา":"738889","ชื่อ-สกุล รับเหมา":"รถตัดโรงงานเบอร์ 01","นักเกษตร":"1503","ศูนย์":"K2-15","โควตา":"719136","ชาวไร่":"นาย ธเนศ สีน้ำคำ","ประเภทอ้อย":"ตอ1","พื้นที่":8.51,"ตันรวม":76.59,"รหัสแปลง":"320509131667","กลุ่ม":"กลุ่ม_15"},"geometry":{"type":"MultiPolygon","coordinates":[[[[970601.557500000111759,1607894.267899999395013],[970599.502399999648333,1607830.293700000271201],[970482.92850000038743,1607864.680700000375509],[970390.875300000421703,1607887.815400000661612],[970394.209300000220537,1607896.069700000807643],[970389.726999999955297,1607897.128799999132752],[970398.183100000023842,1607922.930099999532104],[970405.810999999754131,1607948.012399999424815],[970521.393099999986589,1607922.123999999836087],[970522.546500000171363,1607921.596899999305606],[970572.717199999839067,1607907.41469999961555],[970572.946399999782443,1607904.298800000920892],[970576.004900000058115,1607902.98509999923408],[970582.46129999961704,1607906.97749999910593],[970600.266800000332296,1607897.395700000226498],[970601.557500000111759,1607894.267899999395013]]]]}},
{"type":"Feature","properties":{"รหัสกลุ่มคิว":"15/001","รหัสรับเหมา":"738889","ชื่อ-สกุล รับเหมา":"รถตัดโรงงานเบอร์ 01","นักเกษตร":"1503","ศูนย์":"K2-15","โควตา":"710721","ชาวไร่":"นาย สุรพล สืบเทพ","ประเภทอ้อย":"ตอ1","พื้นที่":7.28,"ตันรวม":65.52,"รหัสแปลง":"320509131669","กลุ่ม":"กลุ่ม_15"},"geometry":{"type":"MultiPolygon","coordinates":[[[[969500.20299999974668,1608490.386199999600649],[969473.501600000075996,1608398.366499999538064],[969356.315000000409782,1608432.920800000429153],[969386.426900000311434,1608525.559900000691414],[969500.20299999974668,1608490.386199999600649]]]]}},
{"type":"Feature","properties":{"รหัสกลุ่มคิว":"15/007","รหัสรับเหมา":"722724","ชื่อ-สกุล รับเหมา":"นาง ณีรนุช แถวถิ่น","นักเกษตร":"1501","ศูนย์":"K2-15","โควตา":"719086","ชาวไร่":"นาง รัศมี บุญอยู่","ประเภทอ้อย":"ตอ1","พื้นที่":14.84,"ตันรวม":133.56,"รหัสแปลง":"320509151521","กลุ่ม":"กลุ่ม_15"},"geometry":{"type":"MultiPolygon","coordinates":[[[[971336.706500000320375,1609820.9824],[971337.337000000290573,1610033.351099999621511],[971484.189299999736249,1610046.774900000542402],[971482.868900000117719,1609927.150000000372529],[971410.229899999685585,1609927.551899999380112],[971409.426500000059605,1609834.797700000926852],[971336.706500000320375,1609820.9824]]]]}},
{"type":"Feature","properties":{"รหัสกลุ่มคิว":"15/001","รหัสรับเหมา":"738889","ชื่อ-สกุล รับเหมา":"รถตัดโรงงานเบอร์ 01","นักเกษตร":"1503","ศูนย์":"K2-15","โควตา":"715441","ชาวไร่":"นาย บัญชา ตะลาโส","ประเภทอ้อย":"ปลายฝน","พื้นที่":9.61,"ตันรวม":124.93,"รหัสแปลง":"320509151527","กลุ่ม":"กลุ่ม_15"},"geometry":{"type":"MultiPolygon","coordinates":[[[[972198.902300000190735,1611014.226500000804663],[972197.599299999885261,1611050.927400000393391],[972339.897300000302494,1611037.158600000664592],[972324.383600000292063,1611012.128599999472499],[972311.688900000415742,1610975.665400000289083],[972301.126799999736249,1610929.559699999168515],[972293.02489999961108,1610902.003699999302626],[972242.033400000073016,1610913.770999999716878],[972199.664599999785423,1610918.930600000545382],[972198.902300000190735,1611014.226500000804663]]]]}},
{"type":"Feature","properties":{"รหัสกลุ่มคิว":"15/004","รหัสรับเหมา":"738889","ชื่อ-สกุล รับเหมา":"รถตัดโรงงานเบอร์ 22","นักเกษตร":"1507","ศูนย์":"K2-15","โควตา":"715936","ชาวไร่":"นางสาว วันเพ็ญ กระแสเทพ","ประเภทอ้อย":"ตอ1","พื้นที่":1.64,"ตันรวม":14.76,"รหัสแปลง":"320509151550","กลุ่ม":"กลุ่ม_15"},"geometry":{"type":"MultiPolygon","coordinates":[[[[971133.723500000312924,1611344.351700000464916],[971061.932400000281632,1611324.8542],[971050.879700000397861,1611352.428099999204278],[971141.618599999696016,1611380.373099999502301],[971133.723500000312924,1611344.351700000464916]]]]}},
{"type":"Feature","properties":{"รหัสกลุ่มคิว":"15/004","รหัสรับเหมา":"738889","ชื่อ-สกุล รับเหมา":"รถตัดโรงงานเบอร์ 22","นักเกษตร":"1507","ศูนย์":"K2-15","โควตา":"715936","ชาวไร่":"นางสาว วันเพ็ญ กระแสเทพ","ประเภทอ้อย":"ตอ1","พื้นที่":2.59,"ตันรวม":23.31,"รหัสแปลง":"320509151551","กลุ่ม":"กลุ่ม_15"},"geometry":{"type":"MultiPolygon","coordinates":[[[[971004.270999999716878,1611405.17710000090301],[970993.732200000435114,1611438.252299999818206],[971037.578499999828637,1611452.588700000196695],[971042.964900000020862,1611453.431500000879169],[971104.99959999974817,1611477.175599999725819],[971110.274100000038743,1611465.075099999085069],[971120.620299999602139,1611460.836500000208616],[971134.821399999782443,1611452.7895],[971004.270999999716878,1611405.17710000090301]]]]}},
{"type":"Feature","properties":{"รหัสกลุ่มคิว":"15/001","รหัสรับเหมา":"738889","ชื่อ-สกุล รับเหมา":"รถตัดโรงงานเบอร์ 01","นักเกษตร":"1503","ศูนย์":"K2-15","โควตา":"710212","ชาวไร่":"นาง สมพร สายกระสุน","ประเภทอ้อย":"ปลายฝน","พื้นที่":7.38,"ตันรวม":95.94,"รหัสแปลง":"320509151553","กลุ่ม":"กลุ่ม_15"},"geometry":{"type":"MultiPolygon","coordinates":[[[[970979.176599999889731,1612280.427899999544024],[971002.96750000026077,1612283.479900000616908],[971010.373300000093877,1612269.3904],[971028.404799999669194,1612266.608200000599027],[971040.484199999831617,1612256.942099999636412],[971065.149100000038743,1612242.261900000274181],[971089.251600000075996,1612245.636099999770522],[971096.778599999845028,1612256.768699999898672],[971099.979700000025332,1612259.488900000229478],[971122.646099999547005,1612266.695800000801682],[971116.912399999797344,1612302.605100000277162],[971161.799599999561906,1612308.140699999406934],[971167.763299999758601,1612279.793099999427795],[971181.746000000275671,1612266.497600000351667],[971201.496500000357628,1612238.102800000458956],[971148.381799999624491,1612232.08530000038445],[971111.84499999973923,1612228.825300000607967],[971109.451200000010431,1612218.659700000658631],[971097.855800000019372,1612216.390699999406934],[971099.317499999888241,1612189.477399999275804],[971036.897599999792874,1612183.2917],[971030.355499999597669,1612221.919800000265241],[970988.782200000248849,1612222.793999999761581],[970979.176599999889731,1612280.427899999544024]]]]}},
{"type":"Feature","properties":{"รหัสกลุ่มคิว":"15/003","รหัสรับเหมา":"738889","ชื่อ-สกุล รับเหมา":"รถตัดโรงงานเบอร์ 18","นักเกษตร":"1202","ศูนย์":"K2-15","โควตา":"715031","ชาวไร่":"นาง ประยงค์ เสาใย","ประเภทอ้อย":"ตอ1","พื้นที่":4.78,"ตันรวม":43.02,"รหัสแปลง":"320509160027","กลุ่ม":"กลุ่ม_15"},"geometry":{"type":"MultiPolygon","coordinates":[[[[969141.980999999679625,1612454.107300000265241],[969153.59389999974519,1612492.937699999660254],[969269.188900000415742,1612446.299200000241399],[969327.442400000058115,1612424.030300000682473],[969315.704699999652803,1612386.031500000506639],[969169.313900000415742,1612440.100999999791384],[969169.040400000289083,1612443.388000000268221],[969141.980999999679625,1612454.107300000265241]]]]}},
{"type":"Feature","properties":{"รหัสกลุ่มคิว":"15/003","รหัสรับเหมา":"738889","ชื่อ-สกุล รับเหมา":"รถตัดโรงงานเบอร์ 18","นักเกษตร":"1202","ศูนย์":"K2-15","โควตา":"719524","ชาวไร่":"นาย มานพ ปรากฏกล้า","ประเภทอ้อย":"ปลายฝน","พื้นที่":8.17,"ตันรวม":106.21,"รหัสแปลง":"320509161515","กลุ่ม":"กลุ่ม_15"},"geometry":{"type":"MultiPolygon","coordinates":[[[[970336.363300000317395,1612654.133600000292063],[970347.987399999983609,1612752.338600000366569],[970400.874699999578297,1612755.200799999758601],[970444.775700000114739,1612757.1513],[970443.345999999903142,1612653.225600000470877],[970449.670599999837577,1612605.095100000500679],[970436.487399999983609,1612607.060900000855327],[970399.41469999961555,1612624.652899999171495],[970336.363300000317395,1612654.133600000292063]]]]}},
{"type":"Feature","properties":{"รหัสกลุ่มคิว":"15/003","รหัสรับเหมา":"738889","ชื่อ-สกุล รับเหมา":"รถตัดโรงงานเบอร์ 18","นักเกษตร":"1202","ศูนย์":"K2-15","โควตา":"715479","ชาวไร่":"นางสาว นันทิยา เสาใย","ประเภทอ้อย":"ตอ1","พื้นที่":3.31,"ตันรวม":29.79,"รหัสแปลง":"320509161521","กลุ่ม":"กลุ่ม_15"},"geometry":{"type":"MultiPolygon","coordinates":[[[[969530.157399999909103,1612312.706000000238419],[969513.55460000038147,1612238.385900000110269],[969476.989599999971688,1612243.392200000584126],[969486.088600000366569,1612288.984899999573827],[969506.931800000369549,1612383.773299999535084],[969543.592000000178814,1612371.472899999469519],[969530.157399999909103,1612312.706000000238419]]]]}},
{"type":"Feature","properties":{"รหัสกลุ่มคิว":"15/003","รหัสรับเหมา":"738889","ชื่อ-สกุล รับเหมา":"รถตัดโรงงานเบอร์ 18","นักเกษตร":"1202","ศูนย์":"K2-15","โควตา":"715535","ชาวไร่":"นาง สุภาพร งามวิไล","ประเภทอ้อย":"ตอ1","พื้นที่":5.61,"ตันรวม":50.49,"รหัสแปลง":"320509161542","กลุ่ม":"กลุ่ม_15"},"geometry":{"type":"MultiPolygon","coordinates":[[[[969078.948499999940395,1612274.755400000140071],[969091.255800000391901,1612346.904699999839067],[969227.100200000219047,1612296.257999999448657],[969217.18819999974221,1612258.436699999496341],[969088.442699999548495,1612305.490199999883771],[969088.442699999548495,1612300.9923],[969216.3277000002563,1612255.153300000354648],[969211.323499999940395,1612236.058800000697374],[969078.948499999940395,1612274.755400000140071]]]]}},
{"type":"Feature","properties":{"รหัสกลุ่มคิว":"15/003","รหัสรับเหมา":"738889","ชื่อ-สกุล รับเหมา":"รถตัดโรงงานเบอร์ 18","นักเกษตร":"1202","ศูนย์":"K2-15","โควตา":"715479","ชาวไร่":"นางสาว นันทิยา เสาใย","ประเภทอ้อย":"ปลายฝน","พื้นที่":3.83,"ตันรวม":49.79,"รหัสแปลง":"320509161559","กลุ่ม":"กลุ่ม_15"},"geometry":{"type":"MultiPolygon","coordinates":[[[[969560.349700000137091,1612422.424699999392033],[969541.570000000298023,1612368.6381],[969497.57660000026226,1612380.92259999923408],[969504.533200000412762,1612393.811599999666214],[969554.848000000230968,1612521.779799999669194],[969575.82799999974668,1612517.004699999466538],[969576.092899999581277,1612512.57289999909699],[969589.840699999593198,1612509.323300000280142],[969560.349700000137091,1612422.424699999392033]]]]}},
{"type":"Feature","properties":{"รหัสกลุ่มคิว":"15/003","รหัสรับเหมา":"738889","ชื่อ-สกุล รับเหมา":"รถตัดโรงงานเบอร์ 18","นักเกษตร":"1202","ศูนย์":"K2-15","โควตา":"715535","ชาวไร่":"นาง สุภาพร งามวิไล","ประเภทอ้อย":"ตอ1","พื้นที่":4.07,"ตันรวม":36.63,"รหัสแปลง":"320509161576","กลุ่ม":"กลุ่ม_15"},"geometry":{"type":"MultiPolygon","coordinates":[[[[969302.266200000420213,1612348.9035],[969310.666299999691546,1612371.063500000163913],[969425.043700000271201,1612350.695900000631809],[969410.428600000217557,1612295.695000000298023],[969292.182500000111759,1612320.610500000417233],[969302.266200000420213,1612348.9035]]]]}},
{"type":"Feature","properties":{"รหัสกลุ่มคิว":"15/003","รหัสรับเหมา":"738889","ชื่อ-สกุล รับเหมา":"รถตัดโรงงานเบอร์ 18","นักเกษตร":"1202","ศูนย์":"K2-15","โควตา":"715031","ชาวไร่":"นาง ประยงค์ เสาใย","ประเภทอ้อย":"ตอ1","พื้นที่":3.62,"ตันรวม":32.58,"รหัสแปลง":"320509161590","กลุ่ม":"กลุ่ม_15"},"geometry":{"type":"MultiPolygon","coordinates":[[[[969365.078099999576807,1613103.864199999719858],[969375.697200000286102,1613138.849099999293685],[969532.846699999645352,1613127.391100000590086],[969536.415699999779463,1613092.307],[969365.078099999576807,1613103.864199999719858]]]]}},
{"type":"Feature","properties":{"รหัสกลุ่มคิว":"15/003","รหัสรับเหมา":"738889","ชื่อ-สกุล รับเหมา":"รถตัดโรงงานเบอร์ 18","นักเกษตร":"1202","ศูนย์":"K2-15","โควตา":"715031","ชาวไร่":"นาง ประยงค์ เสาใย","ประเภทอ้อย":"ตอ1","พื้นที่":3.65,"ตันรวม":32.85,"รหัสแปลง":"320509161600","กลุ่ม":"กลุ่ม_15"},"geometry":{"type":"MultiPolygon","coordinates":[[[[968906.320199999958277,1612456.238900000229478],[968868.76410000026226,1612465.065700000151992],[968873.617700000293553,1612485.2204],[969071.101300000213087,1612469.248299999162555],[969071.617700000293553,1612490.290699999779463],[969104.745299999602139,1612486.004300000146031],[969101.810899999924004,1612450.151000000536442],[969094.798899999819696,1612451.624299999326468],[969095.884899999946356,1612448.765799999237061],[968906.320199999958277,1612456.238900000229478]]]]}},
{"type":"Feature","properties":{"รหัสกลุ่มคิว":"15/001","รหัสรับเหมา":"738889","ชื่อ-สกุล รับเหมา":"รถตัดโรงงานเบอร์ 01","นักเกษตร":"1503","ศูนย์":"K2-15","โควตา":"719397","ชาวไร่":"นาง สุวรรณ สีแสงสว่าง","ประเภทอ้อย":"ปลายฝน","พื้นที่":7.87,"ตันรวม":102.31,"รหัสแปลง":"320509191515","กลุ่ม":"กลุ่ม_15"},"geometry":{"type":"MultiPolygon","coordinates":[[[[975389.379599999636412,1609849.554400000721216],[975559.680800000205636,1609919.401599999517202],[975596.24349999986589,1609859.66609999909997],[975459.153500000014901,1609808.77309999987483],[975458.448699999600649,1609810.186000000685453],[975454.661199999973178,1609814.030799999833107],[975450.509499999694526,1609811.3947],[975450.968700000084937,1609805.196000000461936],[975410.186599999666214,1609789.731599999591708],[975389.511599999852479,1609846.359899999573827],[975389.379599999636412,1609849.554400000721216]]]]}},
{"type":"Feature","properties":{"รหัสกลุ่มคิว":"15/001","รหัสรับเหมา":"738889","ชื่อ-สกุล รับเหมา":"รถตัดโรงงานเบอร์ 01","นักเกษตร":"1503","ศูนย์":"K2-15","โควตา":"710924","ชาวไร่":"นาย ทา เชือดรัมย์","ประเภทอ้อย":"ตอ1","พื้นที่":8.69,"ตันรวม":78.21,"รหัสแปลง":"320509191538","กลุ่ม":"กลุ่ม_15"},"geometry":{"type":"MultiPolygon","coordinates":[[[[975844.526999999769032,1609976.181399999186397],[975816.411100000143051,1609972.358300000429153],[975795.895700000226498,1610018.175000000745058],[975789.600700000301003,1610033.654500000178814],[975783.370699999853969,1610051.644500000402331],[975768.079199999570847,1610098.748099999502301],[975754.376699999906123,1610144.2939],[975744.7193,1610147.812899999320507],[975739.771599999628961,1610147.124900000169873],[975740.626699999906123,1610145.487800000235438],[975747.488499999977648,1610132.264499999582767],[975754.668999999761581,1610117.872700000181794],[975759.860100000165403,1610102.975299999117851],[975774.707700000144541,1610066.807499999180436],[975782.46860000025481,1610047.500399999320507],[975812.965400000102818,1609969.48509999923408],[975780.372000000439584,1609963.388900000602007],[975734.080799999646842,1610066.807900000363588],[975720.155899999663234,1610101.25760000012815],[975710.976700000464916,1610143.052799999713898],[975744.915500000119209,1610148.402799999341369],[975754.692800000309944,1610144.848099999129772],[975799.24349999986589,1610150.929400000721216],[975844.526999999769032,1609976.181399999186397]]]]}},
{"type":"Feature","properties":{"รหัสกลุ่มคิว":"15/008","รหัสรับเหมา":null,"ชื่อ-สกุล รับเหมา":null,"นักเกษตร":"1502","ศูนย์":"K2-15","โควตา":"716304","ชาวไร่":"นาง ราตรี ระบือนาม","ประเภทอ้อย":"ปลายฝน","พื้นที่":6.98,"ตันรวม":90.74,"รหัสแปลง":"320512091554","กลุ่ม":"กลุ่ม_15"},"geometry":{"type":"MultiPolygon","coordinates":[[[[977575.195199999958277,1632370.705900000408292],[977530.47510000038892,1632455.009999999776483],[977630.049200000241399,1632493.606200000271201],[977670.303999999538064,1632351.338999999687076],[977627.286500000394881,1632359.931800000369549],[977603.963399999774992,1632402.199100000783801],[977599.465499999932945,1632400.029500000178814],[977618.13190000038594,1632361.360500000417233],[977575.195199999958277,1632370.705900000408292]]]]}},
{"type":"Feature","properties":{"รหัสกลุ่มคิว":"15/008","รหัสรับเหมา":null,"ชื่อ-สกุล รับเหมา":null,"นักเกษตร":"1502","ศูนย์":"K2-15","โควตา":"715263","ชาวไร่":"นาย เปลือน กลีบแดง","ประเภทอ้อย":"ตอ2","พื้นที่":9.0,"ตันรวม":72.0,"รหัสแปลง":"320515071506","กลุ่ม":"กลุ่ม_15"},"geometry":{"type":"MultiPolygon","coordinates":[[[[973757.722599999979138,1620522.312599999830127],[974029.979299999773502,1620507.873999999836087],[974027.038200000301003,1620451.983999999240041],[973784.628700000233948,1620465.221300000324845],[973789.981300000101328,1620488.13880000077188],[973752.122800000011921,1620497.658700000494719],[973757.722599999979138,1620522.312599999830127]]]]}},
{"type":"Feature","properties":{"รหัสกลุ่มคิว":"15/004","รหัสรับเหมา":"738889","ชื่อ-สกุล รับเหมา":"รถตัดโรงงานเบอร์ 22","นักเกษตร":"1507","ศูนย์":"K2-15","โควตา":"710469","ชาวไร่":"นาง วันเพ็ญ ฉนวนรัมย์","ประเภทอ้อย":"ตอ5","พื้นที่":9.97,"ตันรวม":69.79,"รหัสแปลง":"320515071511","กลุ่ม":"กลุ่ม_15"},"geometry":{"type":"MultiPolygon","coordinates":[[[[972478.993700000457466,1619941.86009999923408],[972454.300699999555945,1619698.804099999368191],[972383.342400000430644,1619690.941999999806285],[972395.462700000032783,1619768.293800000101328],[972405.623200000263751,1619825.938200000673532],[972417.736800000071526,1619946.41499999910593],[972478.993700000457466,1619941.86009999923408]]]]}},
{"type":"Feature","properties":{"รหัสกลุ่มคิว":"15/001","รหัสรับเหมา":"738889","ชื่อ-สกุล รับเหมา":"รถตัดโรงงานเบอร์ 01","นักเกษตร":"1503","ศูนย์":"K2-15","โควตา":"719352","ชาวไร่":"นาย พิทักษ์ สืบเทพ","ประเภทอ้อย":"ปลายฝน","พื้นที่":7.12,"ตันรวม":92.56,"รหัสแปลง":"320515081522","กลุ่ม":"กลุ่ม_15"},"geometry":{"type":"MultiPolygon","coordinates":[[[[972709.205699999816716,1618717.580800000578165],[972763.530399999581277,1618897.139799999073148],[972811.005099999718368,1618898.4671],[972806.041000000201166,1618840.398299999535084],[972767.294700000435114,1618695.183900000527501],[972709.205699999816716,1618717.580800000578165]]]]}},
{"type":"Feature","properties":{"รหัสกลุ่มคิว":"15/008","รหัสรับเหมา":null,"ชื่อ-สกุล รับเหมา":null,"นักเกษตร":"1502","ศูนย์":"K2-15","โควตา":"710616","ชาวไร่":"นาง เสาวลักษณ์ ดาทอง","ประเภทอ้อย":"ตอ1","พื้นที่":6.71,"ตันรวม":60.39,"รหัสแปลง":"320515090009","กลุ่ม":"กลุ่ม_15"},"geometry":{"type":"MultiPolygon","coordinates":[[[[972829.917200000025332,1617086.490800000727177],[972829.070199999958277,1617118.555600000545382],[973154.423799999989569,1617101.079600000753999],[973155.324400000274181,1617067.009099999442697],[972829.917200000025332,1617086.490800000727177]]]]}},
{"type":"Feature","properties":{"รหัสกลุ่มคิว":"15/008","รหัสรับเหมา":null,"ชื่อ-สกุล รับเหมา":null,"นักเกษตร":"1502","ศูนย์":"K2-15","โควตา":"719271","ชาวไร่":"นาย บุญสงค์ นากอก","ประเภทอ้อย":"ตอ1","พื้นที่":10.14,"ตันรวม":91.26,"รหัสแปลง":"320515101504","กลุ่ม":"กลุ่ม_15"},"geometry":{"type":"MultiPolygon","coordinates":[[[[973885.464599999599159,1617595.294099999591708],[973670.190799999982119,1617601.294600000604987],[973679.118800000287592,1617670.243100000545382],[973798.115399999544024,1617680.311899999156594],[973874.476099999621511,1617669.958200000226498],[973879.380099999718368,1617649.161599999293685],[973896.408200000412762,1617634.516000000759959],[973885.464599999599159,1617595.294099999591708]]]]}},
{"type":"Feature","properties":{"รหัสกลุ่มคิว":"15/008","รหัสรับเหมา":null,"ชื่อ-สกุล รับเหมา":null,"นักเกษตร":"1502","ศูนย์":"K2-15","โควตา":"719271","ชาวไร่":"นาย บุญสงค์ นากอก","ประเภทอ้อย":"ตอ2","พื้นที่":16.47,"ตันรวม":131.76,"รหัสแปลง":"320515101534","กลุ่ม":"กลุ่ม_15"},"geometry":{"type":"MultiPolygon","coordinates":[[[[973240.5148,1618314.386900000274181],[973288.031700000166893,1618479.016100000590086],[973472.772199999541044,1618466.9543999992311],[973498.768199999816716,1618390.572200000286102],[973240.5148,1618314.386900000274181]]]]}},
{"type":"Feature","properties":{"รหัสกลุ่มคิว":"15/008","รหัสรับเหมา":null,"ชื่อ-สกุล รับเหมา":null,"นักเกษตร":"1502","ศูนย์":"K2-15","โควตา":"719271","ชาวไร่":"นาย บุญสงค์ นากอก","ประเภทอ้อย":"ปลายฝน","พื้นที่":4.36,"ตันรวม":56.68,"รหัสแปลง":"320515101554","กลุ่ม":"กลุ่ม_15"},"geometry":{"type":"MultiPolygon","coordinates":[[[[975356.004099999554455,1619103.731799999251962],[975359.48340000025928,1619098.967299999669194],[975372.54590000025928,1619094.791799999773502],[975362.645700000226498,1618966.601600000634789],[975311.263600000180304,1618951.539899999275804],[975326.330699999816716,1619106.7379],[975356.004099999554455,1619103.731799999251962]]]]}},
{"type":"Feature","properties":{"รหัสกลุ่มคิว":"15/008","รหัสรับเหมา":null,"ชื่อ-สกุล รับเหมา":null,"นักเกษตร":"1502","ศูนย์":"K2-15","โควตา":"715504","ชาวไร่":"นาง เปลื้อน ฉิมจันทร์","ประเภทอ้อย":"ปลายฝน","พื้นที่":3.76,"ตันรวม":48.88,"รหัสแปลง":"320515121501","กลุ่ม":"กลุ่ม_15"},"geometry":{"type":"MultiPolygon","coordinates":[[[[977500.349000000394881,1618029.708100000396371],[977506.568099999800324,1618075.223600000143051],[977515.747399999760091,1618118.291999999433756],[977568.106800000183284,1618113.340299999341369],[977578.317200000397861,1618111.066099999472499],[977567.718999999575317,1618020.821599999442697],[977556.231200000271201,1618022.721799999475479],[977500.349000000394881,1618029.708100000396371]]]]}},
{"type":"Feature","properties":{"รหัสกลุ่มคิว":"15/007","รหัสรับเหมา":"722724","ชื่อ-สกุล รับเหมา":"นาง ณีรนุช แถวถิ่น","นักเกษตร":"1501","ศูนย์":"K2-15","โควตา":"723010","ชาวไร่":"นาย จำนอง สออนรัมย์","ประเภทอ้อย":"ตอ1","พื้นที่":9.06,"ตันรวม":81.54,"รหัสแปลง":"320606010008","กลุ่ม":"กลุ่ม_15"},"geometry":{"type":"MultiPolygon","coordinates":[[[[980920.988699999637902,1599258.05320000089705],[980859.048899999819696,1599302.583699999377131],[980952.964800000190735,1599443.423499999567866],[981034.866899999789894,1599415.269799999892712],[980920.988699999637902,1599258.05320000089705]]]]}},
{"type":"Feature","properties":{"รหัสกลุ่มคิว":"15/007","รหัสรับเหมา":"722724","ชื่อ-สกุล รับเหมา":"นาง ณีรนุช แถวถิ่น","นักเกษตร":"1501","ศูนย์":"K2-15","โควตา":"725705","ชาวไร่":"นาย เรืองศักดิ์ ไกรสูรย์","ประเภทอ้อย":"ตอ2","พื้นที่":5.09,"ตันรวม":40.72,"รหัสแปลง":"320606010011","กลุ่ม":"กลุ่ม_15"},"geometry":{"type":"MultiPolygon","coordinates":[[[[980463.139999999664724,1598985.3936],[980541.432300000451505,1598869.505200000479817],[980519.229600000195205,1598834.314600000157952],[980419.994599999859929,1598905.792300000786781],[980425.319600000046194,1598909.963300000876188],[980430.031700000166893,1598908.575500000268221],[980433.887099999934435,1598914.197100000455976],[980426.354700000025332,1598921.6316],[980463.139999999664724,1598985.3936]]]]}},
{"type":"Feature","properties":{"รหัสกลุ่มคิว":"15/007","รหัสรับเหมา":"722724","ชื่อ-สกุล รับเหมา":"นาง ณีรนุช แถวถิ่น","นักเกษตร":"1501","ศูนย์":"K2-15","โควตา":"723005","ชาวไร่":"นาง พัตร รักษา","ประเภทอ้อย":"ตอ1","พื้นที่":8.02,"ตันรวม":72.18,"รหัสแปลง":"320606010020","กลุ่ม":"กลุ่ม_15"},"geometry":{"type":"MultiPolygon","coordinates":[[[[980710.364299999549985,1598699.181900000199676],[980623.642099999822676,1598554.967599999159575],[980604.8902000002563,1598571.765599999576807],[980608.388500000350177,1598583.5494],[980600.923700000159442,1598596.098999999463558],[980590.370000000111759,1598592.471899999305606],[980554.090200000442564,1598606.947599999606609],[980650.784500000067055,1598742.522299999371171],[980710.364299999549985,1598699.181900000199676]]]]}},
{"type":"Feature","properties":{"รหัสกลุ่มคิว":"15/007","รหัสรับเหมา":"722724","ชื่อ-สกุล รับเหมา":"นาง ณีรนุช แถวถิ่น","นักเกษตร":"1501","ศูนย์":"K2-15","โควตา":"723018","ชาวไร่":"นาย บุญช่วย สุขพินิจ","ประเภทอ้อย":"ตอ2","พื้นที่":6.86,"ตันรวม":54.88,"รหัสแปลง":"320606010026","กลุ่ม":"กลุ่ม_15"},"geometry":{"type":"MultiPolygon","coordinates":[[[[981476.713999999687076,1599533.616499999538064],[981334.558100000023842,1599346.431900000199676],[981320.607400000095367,1599334.140699999406934],[981310.768299999646842,1599344.668199999257922],[981296.876699999906123,1599337.401399999856949],[981287.222699999809265,1599347.087200000882149],[981339.724100000225008,1599422.576400000602007],[981437.391900000162423,1599559.556700000539422],[981476.713999999687076,1599533.616499999538064]]]]}},
{"type":"Feature","properties":{"รหัสกลุ่มคิว":"15/007","รหัสรับเหมา":"722724","ชื่อ-สกุล รับเหมา":"นาง ณีรนุช แถวถิ่น","นักเกษตร":"1501","ศูนย์":"K2-15","โควตา":"719436","ชาวไร่":"นางสาว อุสาห์ ศรีสำอางค์","ประเภทอ้อย":"ตอ1","พื้นที่":10.72,"ตันรวม":96.48,"รหัสแปลง":"320606010033","กลุ่ม":"กลุ่ม_15"},"geometry":{"type":"MultiPolygon","coordinates":[[[[980689.020399999804795,1598356.926999999210238],[980811.704199999570847,1598526.853199999779463],[980879.091599999926984,1598480.486099999397993],[980758.742999999783933,1598311.9682],[980689.020399999804795,1598356.926999999210238]]]]}},
{"type":"Feature","properties":{"รหัสกลุ่มคิว":"15/007","รหัสรับเหมา":"722724","ชื่อ-สกุล รับเหมา":"นาง ณีรนุช แถวถิ่น","นักเกษตร":"1501","ศูนย์":"K2-15","โควตา":"723146","ชาวไร่":"นาย สำราญ ปัญญาวัน","ประเภทอ้อย":"ตอ2","พื้นที่":10.81,"ตันรวม":86.48,"รหัสแปลง":"320606010034","กลุ่ม":"กลุ่ม_15"},"geometry":{"type":"MultiPolygon","coordinates":[[[[980833.387600000016391,1597983.569700000807643],[980960.441300000064075,1598160.641000000759959],[981026.205299999564886,1598114.301200000569224],[980899.870000000111759,1597940.213199999183416],[980833.387600000016391,1597983.569700000807643]]]]}},
{"type":"Feature","properties":{"รหัสกลุ่มคิว":"15/007","รหัสรับเหมา":"722724","ชื่อ-สกุล รับเหมา":"นาง ณีรนุช แถวถิ่น","นักเกษตร":"1501","ศูนย์":"K2-15","โควตา":"722724","ชาวไร่":"นาง ณีรนุช แถวถิ่น","ประเภทอ้อย":"ปลายฝน","พื้นที่":12.61,"ตันรวม":163.93,"รหัสแปลง":"320606010132","กลุ่ม":"กลุ่ม_15"},"geometry":{"type":"MultiPolygon","coordinates":[[[[980671.497200000099838,1598780.147900000214577],[980609.024799999780953,1598819.598300000652671],[980598.574699999764562,1598804.7039],[980661.267,1598764.662499999627471],[980647.237599999643862,1598745.067900000140071],[980584.950799999758601,1598792.704800000414252],[980744.644999999552965,1599020.903100000694394],[980806.686700000427663,1598979.357200000435114],[980671.497200000099838,1598780.147900000214577]]]]}},
{"type":"Feature","properties":{"รหัสกลุ่มคิว":"15/007","รหัสรับเหมา":"722724","ชื่อ-สกุล รับเหมา":"นาง ณีรนุช แถวถิ่น","นักเกษตร":"1501","ศูนย์":"K2-15","โควตา":"725705","ชาวไร่":"นาย เรืองศักดิ์ ไกรสูรย์","ประเภทอ้อย":"ตอ1","พื้นที่":11.17,"ตันรวม":100.53,"รหัสแปลง":"320606010147","กลุ่ม":"กลุ่ม_15"},"geometry":{"type":"MultiPolygon","coordinates":[[[[980404.207499999552965,1598939.321599999442697],[980384.210199999623001,1598948.363299999386072],[980377.395700000226498,1598965.2412],[980361.591699999757111,1599008.939200000837445],[980352.495600000023842,1599013.385199999436736],[980468.613900000229478,1599195.5384],[980478.734299999661744,1599203.315300000831485],[980515.064299999736249,1599179.059599999338388],[980506.377700000070035,1599171.68019999936223],[980497.055900000035763,1599150.606499999761581],[980489.669700000435114,1599141.218499999493361],[980480.043100000359118,1599135.854699999094009],[980472.123700000345707,1599126.08669999986887],[980465.850499999709427,1599115.05629999935627],[980447.934399999678135,1599072.553099999204278],[980457.108599999919534,1599054.796399999409914],[980451.328300000168383,1599036.934599999338388],[980462.605800000019372,1599012.932299999520183],[980464.344499999657273,1598997.619899999350309],[980418.683400000445545,1598908.355399999767542],[980391.182400000281632,1598923.353000000119209],[980404.207499999552965,1598939.321599999442697]]]]}},
{"type":"Feature","properties":{"รหัสกลุ่มคิว":"15/007","รหัสรับเหมา":"722724","ชื่อ-สกุล รับเหมา":"นาง ณีรนุช แถวถิ่น","นักเกษตร":"1501","ศูนย์":"K2-15","โควตา":"723146","ชาวไร่":"นาย สำราญ ปัญญาวัน","ประเภทอ้อย":"ต้นฝน","พื้นที่":13.16,"ตันรวม":144.76,"รหัสแปลง":"320606010150","กลุ่ม":"กลุ่ม_15"},"geometry":{"type":"MultiPolygon","coordinates":[[[[980858.091199999675155,1598588.2237],[980729.091900000348687,1598411.073699999600649],[980713.424300000071526,1598411.232200000435114],[980707.470900000073016,1598402.326099999248981],[980698.586400000378489,1598406.233999999240041],[980717.874200000427663,1598439.0636],[980685.230100000277162,1598488.642400000244379],[980789.394600000232458,1598633.482599999755621],[980858.091199999675155,1598588.2237]]]]}},
{"type":"Feature","properties":{"รหัสกลุ่มคิว":"15/007","รหัสรับเหมา":"722724","ชื่อ-สกุล รับเหมา":"นาง ณีรนุช แถวถิ่น","นักเกษตร":"1501","ศูนย์":"K2-15","โควตา":"722744","ชาวไร่":"นาย สัมพันธ์ สุขพินิจ","ประเภทอ้อย":"ตอ1","พื้นที่":9.87,"ตันรวม":88.83,"รหัสแปลง":"320606010214","กลุ่ม":"กลุ่ม_15"},"geometry":{"type":"MultiPolygon","coordinates":[[[[978286.057199999690056,1603053.708799999207258],[978293.014299999922514,1602868.003699999302626],[978273.613499999977648,1602872.205199999734759],[978266.229899999685585,1602841.734300000593066],[978241.827499999664724,1602851.898199999704957],[978210.471300000324845,1602845.462799999862909],[978212.051199999637902,1603056.526000000536442],[978286.057199999690056,1603053.708799999207258]]]]}},
{"type":"Feature","properties":{"รหัสกลุ่มคิว":"15/007","รหัสรับเหมา":"722724","ชื่อ-สกุล รับเหมา":"นาง ณีรนุช แถวถิ่น","นักเกษตร":"1501","ศูนย์":"K2-15","โควตา":"715348","ชาวไร่":"นาย ณัฐธิชานนท์ สิงห์ด้วง","ประเภทอ้อย":"ปลายฝน","พื้นที่":1.36,"ตันรวม":17.68,"รหัสแปลง":"320606011515","กลุ่ม":"กลุ่ม_15"},"geometry":{"type":"MultiPolygon","coordinates":[[[[980476.847500000149012,1599567.223600000143051],[980457.77379999961704,1599583.6414],[980459.034199999645352,1599593.518100000917912],[980496.06940000038594,1599645.282800000160933],[980520.2511,1599627.164799999445677],[980476.847500000149012,1599567.223600000143051]]]]}},
{"type":"Feature","properties":{"รหัสกลุ่มคิว":"15/007","รหัสรับเหมา":"722724","ชื่อ-สกุล รับเหมา":"นาง ณีรนุช แถวถิ่น","นักเกษตร":"1501","ศูนย์":"K2-15","โควตา":"722639","ชาวไร่":"นาง เพยาว์ บุญช่วย","ประเภทอ้อย":"ตอ1","พื้นที่":5.4,"ตันรวม":48.6,"รหัสแปลง":"320606011546","กลุ่ม":"กลุ่ม_15"},"geometry":{"type":"MultiPolygon","coordinates":[[[[979998.661600000225008,1599896.059499999508262],[979902.24210000038147,1599750.415899999439716],[979866.734899999573827,1599772.280799999833107],[979903.002899999730289,1599855.337600000202656],[979924.552199999801815,1599880.722400000318885],[979960.561300000175834,1599914.995100000873208],[979998.661600000225008,1599896.059499999508262]]]]}},
{"type":"Feature","properties":{"รหัสกลุ่มคิว":"15/007","รหัสรับเหมา":"722724","ชื่อ-สกุล รับเหมา":"นาง ณีรนุช แถวถิ่น","นักเกษตร":"1501","ศูนย์":"K2-15","โควตา":"715108","ชาวไร่":"นาย สุชาติ พันธุ์ศิลป์","ประเภทอ้อย":"ปลายฝน","พื้นที่":4.49,"ตันรวม":58.37,"รหัสแปลง":"320606011552","กลุ่ม":"กลุ่ม_15"},"geometry":{"type":"MultiPolygon","coordinates":[[[[981408.917600000277162,1599528.537499999627471],[981353.44510000012815,1599552.5153],[981330.699199999682605,1599576.48369999974966],[981315.513600000180304,1599600.419399999082088],[981334.291100000031292,1599651.217599999159575],[981357.906499999575317,1599638.745899999514222],[981431.695199999958277,1599565.280200000852346],[981408.917600000277162,1599528.537499999627471]]]]}},
{"type":"Feature","properties":{"รหัสกลุ่มคิว":"15/007","รหัสรับเหมา":"722724","ชื่อ-สกุล รับเหมา":"นาง ณีรนุช แถวถิ่น","นักเกษตร":"1501","ศูนย์":"K2-15","โควตา":"715961","ชาวไร่":"นาง คณิตตา เรืองกระจาย","ประเภทอ้อย":"ปลายฝน","พื้นที่":9.21,"ตันรวม":119.73,"รหัสแปลง":"320606011599","กลุ่ม":"กลุ่ม_15"},"geometry":{"type":"MultiPolygon","coordinates":[[[[977857.203599999658763,1603190.675699999555945],[978087.134700000286102,1603165.331700000911951],[978080.150899999774992,1603098.623500000685453],[977852.235299999825656,1603130.0548],[977857.203599999658763,1603190.675699999555945]]]]}},
{"type":"Feature","properties":{"รหัสกลุ่มคิว":"15/007","รหัสรับเหมา":"722724","ชื่อ-สกุล รับเหมา":"นาง ณีรนุช แถวถิ่น","นักเกษตร":"1501","ศูนย์":"K2-15","โควตา":"715347","ชาวไร่":"นาง มลิวัลย์ แฮะประโคน","ประเภทอ้อย":"ปลายฝน","พื้นที่":3.92,"ตันรวม":50.96,"รหัสแปลง":"320606011618","กลุ่ม":"กลุ่ม_15"},"geometry":{"type":"MultiPolygon","coordinates":[[[[977995.551799999549985,1602959.195499999448657],[977959.55460000038147,1602955.412900000810623],[977930.106599999591708,1603111.070900000631809],[977977.03139999974519,1603106.626299999654293],[977995.551799999549985,1602959.195499999448657]]]]}},
{"type":"Feature","properties":{"รหัสกลุ่มคิว":"15/007","รหัสรับเหมา":"722724","ชื่อ-สกุล รับเหมา":"นาง ณีรนุช แถวถิ่น","นักเกษตร":"1501","ศูนย์":"K2-15","โควตา":"723002","ชาวไร่":"นาง อำนวย ศรีสำอางค์","ประเภทอ้อย":"ตอ1","พื้นที่":15.91,"ตันรวม":143.19,"รหัสแปลง":"320606011619","กลุ่ม":"กลุ่ม_15"},"geometry":{"type":"MultiPolygon","coordinates":[[[[981906.349700000137091,1599369.041300000622869],[981871.787700000219047,1599318.391200000420213],[981862.769299999810755,1599312.6711],[981803.640800000168383,1599357.285800000652671],[981951.16509999986738,1599583.923900000751019],[981975.030299999751151,1599621.52280000038445],[981989.356999999843538,1599611.086200000718236],[981982.44400000013411,1599599.696900000795722],[982014.260300000198185,1599584.748400000855327],[982026.393699999898672,1599587.959899999201298],[982037.081399999558926,1599594.668999999761581],[982020.083999999798834,1599530.635199999436736],[981970.820299999788404,1599460.825899999588728],[981906.349700000137091,1599369.041300000622869]]]]}},
{"type":"Feature","properties":{"รหัสกลุ่มคิว":"15/007","รหัสรับเหมา":"722724","ชื่อ-สกุล รับเหมา":"นาง ณีรนุช แถวถิ่น","นักเกษตร":"1501","ศูนย์":"K2-15","โควตา":"723018","ชาวไร่":"นาย บุญช่วย สุขพินิจ","ประเภทอ้อย":"ตอ2","พื้นที่":9.74,"ตันรวม":77.92,"รหัสแปลง":"320606011628","กลุ่ม":"กลุ่ม_15"},"geometry":{"type":"MultiPolygon","coordinates":[[[[980771.015599999576807,1599619.751199999824166],[980654.225999999791384,1599445.330700000748038],[980591.38300000037998,1599489.933000000193715],[980724.713899999856949,1599676.403699999675155],[980741.911700000055134,1599667.9070999994874],[980732.762000000104308,1599654.749900000169873],[980735.872999999672174,1599632.00730000063777],[980748.480600000359118,1599619.867200000211596],[980761.881599999964237,1599623.1570999994874],[980771.015599999576807,1599619.751199999824166]]]]}},
{"type":"Feature","properties":{"รหัสกลุ่มคิว":"15/007","รหัสรับเหมา":"722724","ชื่อ-สกุล รับเหมา":"นาง ณีรนุช แถวถิ่น","นักเกษตร":"1501","ศูนย์":"K2-15","โควตา":"722639","ชาวไร่":"นาง เพยาว์ บุญช่วย","ประเภทอ้อย":"ปลายฝน","พื้นที่":8.11,"ตันรวม":105.43,"รหัสแปลง":"320606011653","กลุ่ม":"กลุ่ม_15"},"geometry":{"type":"MultiPolygon","coordinates":[[[[980256.2829,1598875.0351],[980285.709800000302494,1598859.477800000458956],[980277.466300000436604,1598843.60950000025332],[980313.359000000171363,1598817.1151],[980215.911500000394881,1598681.696100000292063],[980199.208599999547005,1598695.2149],[980204.834699999541044,1598704.056800000369549],[980161.053700000047684,1598738.855100000277162],[980256.2829,1598875.0351]]]]}},
{"type":"Feature","properties":{"รหัสกลุ่มคิว":"15/007","รหัสรับเหมา":"722724","ชื่อ-สกุล รับเหมา":"นาง ณีรนุช แถวถิ่น","นักเกษตร":"1501","ศูนย์":"K2-15","โควตา":"722683","ชาวไร่":"นาย สุมิด วิวาสุขุ","ประเภทอ้อย":"ตอ1","พื้นที่":5.61,"ตันรวม":50.49,"รหัสแปลง":"320606011658","กลุ่ม":"กลุ่ม_15"},"geometry":{"type":"MultiPolygon","coordinates":[[[[980920.490000000223517,1598469.767699999734759],[980794.311099999584258,1598291.287699999287724],[980760.276600000448525,1598312.506899999454618],[980889.506000000052154,1598496.778400000184774],[980920.490000000223517,1598469.767699999734759]]]]}},
{"type":"Feature","properties":{"รหัสกลุ่มคิว":"15/007","รหัสรับเหมา":"722724","ชื่อ-สกุล รับเหมา":"นาง ณีรนุช แถวถิ่น","นักเกษตร":"1501","ศูนย์":"K2-15","โควตา":"719461","ชาวไร่":"นาย วราธร บุญมี","ประเภทอ้อย":"ตอ1","พื้นที่":10.38,"ตันรวม":93.42,"รหัสแปลง":"320606021573","กลุ่ม":"กลุ่ม_15"},"geometry":{"type":"MultiPolygon","coordinates":[[[[978933.507500000298023,1603666.858300000429153],[978919.068400000222027,1603850.807900000363588],[979027.728600000031292,1603857.284399999305606],[979010.639600000344217,1603738.0456000007689],[979017.567099999636412,1603677.6097999997437],[978933.507500000298023,1603666.858300000429153]]]]}},
{"type":"Feature","properties":{"รหัสกลุ่มคิว":"15/003","รหัสรับเหมา":"738889","ชื่อ-สกุล รับเหมา":"รถตัดโรงงานเบอร์ 18","นักเกษตร":"1202","ศูนย์":"K2-15","โควตา":"722587","ชาวไร่":"นาง บุญทิน สุขสบาย","ประเภทอ้อย":"ปลายฝน","พื้นที่":8.59,"ตันรวม":111.67,"รหัสแปลง":"320606030032","กลุ่ม":"กลุ่ม_15"},"geometry":{"type":"MultiPolygon","coordinates":[[[[979275.529400000348687,1609722.623700000345707],[979278.53969999961555,1609795.195299999788404],[979398.287499999627471,1609792.494799999520183],[979493.424399999901652,1609792.673100000247359],[979491.327600000426173,1609733.810799999162555],[979468.987900000065565,1609731.441700000315905],[979463.640599999576807,1609748.682199999690056],[979441.479700000025332,1609751.220000000670552],[979441.678700000047684,1609732.250600000843406],[979366.337100000120699,1609725.7456],[979364.638000000268221,1609724.2027000002563],[979275.529400000348687,1609722.623700000345707]]]]}},
{"type":"Feature","properties":{"รหัสกลุ่มคิว":"15/003","รหัสรับเหมา":"738889","ชื่อ-สกุล รับเหมา":"รถตัดโรงงานเบอร์ 18","นักเกษตร":"1202","ศูนย์":"K2-15","โควตา":"722602","ชาวไร่":"นาย แหลม ค้ำคูณ","ประเภทอ้อย":"ปลายฝน","พื้นที่":5.03,"ตันรวม":65.39,"รหัสแปลง":"320606031615","กลุ่ม":"กลุ่ม_15"},"geometry":{"type":"MultiPolygon","coordinates":[[[[979274.854799999855459,1609718.976299999281764],[979090.092299999669194,1609743.106200000271201],[979098.223799999803305,1609782.647700000554323],[979275.877299999818206,1609767.165500000119209],[979274.854799999855459,1609718.976299999281764]]]]}},
{"type":"Feature","properties":{"รหัสกลุ่มคิว":"15/003","รหัสรับเหมา":"738889","ชื่อ-สกุล รับเหมา":"รถตัดโรงงานเบอร์ 18","นักเกษตร":"1202","ศูนย์":"K2-15","โควตา":"722588","ชาวไร่":"นาง จุรีรัตน์ ใสพร้าว","ประเภทอ้อย":"ตอ3","พื้นที่":5.01,"ตันรวม":35.07,"รหัสแปลง":"320606031625","กลุ่ม":"กลุ่ม_15"},"geometry":{"type":"MultiPolygon","coordinates":[[[[977865.135200000368059,1609462.634700000286102],[977734.25789999961853,1609410.2105],[977719.649600000120699,1609433.050799999386072],[977731.832499999552965,1609456.8585],[977720.888799999840558,1609501.740299999713898],[977794.557099999859929,1609507.791400000452995],[977790.617899999953806,1609479.642100000753999],[977798.388799999840558,1609478.1612],[977802.678000000305474,1609485.176799999549985],[977857.482699999585748,1609481.32799999974668],[977865.135200000368059,1609462.634700000286102]]]]}},
{"type":"Feature","properties":{"รหัสกลุ่มคิว":"15/003","รหัสรับเหมา":"738889","ชื่อ-สกุล รับเหมา":"รถตัดโรงงานเบอร์ 18","นักเกษตร":"1202","ศูนย์":"K2-15","โควตา":"715770","ชาวไร่":"นางสาว คำปน สืบกงแสง","ประเภทอ้อย":"ปลายฝน","พื้นที่":8.93,"ตันรวม":116.09,"รหัสแปลง":"320606031630","กลุ่ม":"กลุ่ม_15"},"geometry":{"type":"MultiPolygon","coordinates":[[[[977886.417500000447035,1609737.446399999782443],[977883.538800000213087,1609774.368200000375509],[977950.235700000077486,1609780.841099999845028],[978061.519600000232458,1609791.5088],[978092.048600000329316,1609796.169800000265241],[978257.660600000061095,1609819.542600000277162],[978261.948699999600649,1609802.801000000908971],[978261.444199999794364,1609791.697799999266863],[978254.184000000357628,1609776.025900000706315],[977886.417500000447035,1609737.446399999782443]]]]}},
{"type":"Feature","properties":{"รหัสกลุ่มคิว":"15/003","รหัสรับเหมา":"738889","ชื่อ-สกุล รับเหมา":"รถตัดโรงงานเบอร์ 18","นักเกษตร":"1202","ศูนย์":"K2-15","โควตา":"722588","ชาวไร่":"นาง จุรีรัตน์ ใสพร้าว","ประเภทอ้อย":"ตอ4","พื้นที่":5.6,"ตันรวม":39.2,"รหัสแปลง":"320606031646","กลุ่ม":"กลุ่ม_15"},"geometry":{"type":"MultiPolygon","coordinates":[[[[977893.547100000083447,1609398.630699999630451],[977783.050099999643862,1609353.079900000244379],[977764.044900000095367,1609388.100299999117851],[977755.518799999728799,1609399.873700000345707],[977744.502500000409782,1609415.801699999719858],[977866.310300000011921,1609464.761299999430776],[977893.547100000083447,1609398.630699999630451]]]]}},
{"type":"Feature","properties":{"รหัสกลุ่มคิว":"15/003","รหัสรับเหมา":"738889","ชื่อ-สกุล รับเหมา":"รถตัดโรงงานเบอร์ 18","นักเกษตร":"1202","ศูนย์":"K2-15","โควตา":"722588","ชาวไร่":"นาง จุรีรัตน์ ใสพร้าว","ประเภทอ้อย":"ตอ1","พื้นที่":1.78,"ตันรวม":16.02,"รหัสแปลง":"320606031673","กลุ่ม":"กลุ่ม_15"},"geometry":{"type":"MultiPolygon","coordinates":[[[[977899.973699999973178,1609372.347100000828505],[977793.831500000320375,1609330.479299999773502],[977783.089399999938905,1609352.729100000113249],[977890.53110000025481,1609394.9594],[977893.178000000305474,1609394.279799999669194],[977899.973699999973178,1609372.347100000828505]]]]}},
{"type":"Feature","properties":{"รหัสกลุ่มคิว":"15/003","รหัสรับเหมา":"738889","ชื่อ-สกุล รับเหมา":"รถตัดโรงงานเบอร์ 18","นักเกษตร":"1202","ศูนย์":"K2-15","โควตา":"722585","ชาวไร่":"นาย แสงทอง กระแสโสม","ประเภทอ้อย":"ตอ1","พื้นที่":4.59,"ตันรวม":41.31,"รหัสแปลง":"320606031677","กลุ่ม":"กลุ่ม_15"},"geometry":{"type":"MultiPolygon","coordinates":[[[[979278.961500000208616,1609825.649800000712276],[979277.047799999825656,1609767.664200000464916],[979146.305700000375509,1609779.869000000879169],[979153.622600000351667,1609835.783800000324845],[979278.961500000208616,1609825.649800000712276]]]]}},
{"type":"Feature","properties":{"รหัสกลุ่มคิว":"15/007","รหัสรับเหมา":"722724","ชื่อ-สกุล รับเหมา":"นาง ณีรนุช แถวถิ่น","นักเกษตร":"1501","ศูนย์":"K2-15","โควตา":"715988","ชาวไร่":"นาย ไพวัน จันทร์สว่าง","ประเภทอ้อย":"ตอ1","พื้นที่":24.01,"ตันรวม":216.09,"รหัสแปลง":"320606051542","กลุ่ม":"กลุ่ม_15"},"geometry":{"type":"MultiPolygon","coordinates":[[[[975130.7659,1601717.2434],[975152.036299999803305,1601966.201400000602007],[975239.987900000065565,1601926.216099999845028],[975303.710400000214577,1601881.061799999326468],[975331.916100000031292,1601854.22690000012517],[975318.315499999560416,1601712.791600000113249],[975130.7659,1601717.2434]]]]}},
{"type":"Feature","properties":{"รหัสกลุ่มคิว":"15/003","รหัสรับเหมา":"738889","ชื่อ-สกุล รับเหมา":"รถตัดโรงงานเบอร์ 18","นักเกษตร":"1202","ศูนย์":"K2-15","โควตา":"715231","ชาวไร่":"นางสาว เปียน ดวงเด่นฉาย","ประเภทอ้อย":"ตอ1","พื้นที่":3.02,"ตันรวม":27.18,"รหัสแปลง":"320606070131","กลุ่ม":"กลุ่ม_15"},"geometry":{"type":"MultiPolygon","coordinates":[[[[977595.365799999795854,1609842.80599999986589],[977546.558400000445545,1609841.440099999308586],[977546.386900000274181,1609822.113299999386072],[977520.892099999822676,1609823.580700000748038],[977519.622200000099838,1609895.497199999168515],[977595.82050000037998,1609903.8092],[977595.365799999795854,1609842.80599999986589]]]]}},
{"type":"Feature","properties":{"รหัสกลุ่มคิว":"15/003","รหัสรับเหมา":"738889","ชื่อ-สกุล รับเหมา":"รถตัดโรงงานเบอร์ 18","นักเกษตร":"1202","ศูนย์":"K2-15","โควตา":"722728","ชาวไร่":"นาง เสวียน ไกรเภช","ประเภทอ้อย":"ปลายฝน","พื้นที่":2.39,"ตันรวม":31.07,"รหัสแปลง":"320606071524","กลุ่ม":"กลุ่ม_15"},"geometry":{"type":"MultiPolygon","coordinates":[[[[976770.114699999801815,1609258.631400000303984],[976695.278500000014901,1609263.716299999505281],[976704.201000000350177,1609317.135299999266863],[976774.044599999673665,1609309.911499999463558],[976770.114699999801815,1609258.631400000303984]]]]}},
{"type":"Feature","properties":{"รหัสกลุ่มคิว":"15/003","รหัสรับเหมา":"738889","ชื่อ-สกุล รับเหมา":"รถตัดโรงงานเบอร์ 18","นักเกษตร":"1202","ศูนย์":"K2-15","โควตา":"719442","ชาวไร่":"นางสาว มลฤดี ลอยเลื่อน","ประเภทอ้อย":"ตอ1","พื้นที่":12.88,"ตันรวม":115.92,"รหัสแปลง":"320606071531","กลุ่ม":"กลุ่ม_15"},"geometry":{"type":"MultiPolygon","coordinates":[[[[976573.570000000298023,1609075.223099999129772],[976538.434600000269711,1609079.890599999576807],[976542.430800000205636,1609113.107699999585748],[976508.386900000274181,1609117.559000000357628],[976551.231499999761581,1609398.8015],[976617.347900000400841,1609383.241800000891089],[976573.570000000298023,1609075.223099999129772]]]]}},
{"type":"Feature","properties":{"รหัสกลุ่มคิว":"15/003","รหัสรับเหมา":"738889","ชื่อ-สกุล รับเหมา":"รถตัดโรงงานเบอร์ 18","นักเกษตร":"1202","ศูนย์":"K2-15","โควตา":"715231","ชาวไร่":"นางสาว เปียน ดวงเด่นฉาย","ประเภทอ้อย":"ตอ1","พื้นที่":11.5,"ตันรวม":103.5,"รหัสแปลง":"320606071535","กลุ่ม":"กลุ่ม_15"},"geometry":{"type":"MultiPolygon","coordinates":[[[[977477.417600000277162,1610027.344699999317527],[977479.822999999858439,1609892.046599999070168],[977478.001699999906123,1609826.714999999850988],[977469.40500000026077,1609825.817099999636412],[977469.085699999704957,1609805.634400000795722],[977394.108799999579787,1609809.158700000494719],[977396.857599999755621,1609849.764699999243021],[977398.356700000353158,1609868.071000000461936],[977399.209999999962747,1609913.748700000345707],[977399.972799999639392,1609968.86600000038743],[977362.706799999810755,1609960.573699999600649],[977359.676400000229478,1610001.502299999818206],[977477.417600000277162,1610027.344699999317527]]]]}},
{"type":"Feature","properties":{"รหัสกลุ่มคิว":"15/003","รหัสรับเหมา":"738889","ชื่อ-สกุล รับเหมา":"รถตัดโรงงานเบอร์ 18","นักเกษตร":"1202","ศูนย์":"K2-15","โควตา":"723144","ชาวไร่":"นาย พองศรี จำนงมี","ประเภทอ้อย":"ตอ1","พื้นที่":3.82,"ตันรวม":34.38,"รหัสแปลง":"320606071539","กลุ่ม":"กลุ่ม_15"},"geometry":{"type":"MultiPolygon","coordinates":[[[[976700.009800000116229,1608174.654100000858307],[976727.391499999910593,1608172.366599999368191],[976704.119400000199676,1607959.65059999935329],[976674.64989999961108,1607960.465700000524521],[976700.009800000116229,1608174.654100000858307]]]]}},
{"type":"Feature","properties":{"รหัสกลุ่มคิว":"15/003","รหัสรับเหมา":"738889","ชื่อ-สกุล รับเหมา":"รถตัดโรงงานเบอร์ 18","นักเกษตร":"1202","ศูนย์":"K2-15","โควตา":"723618","ชาวไร่":"นาง สำเริง สุขพินิจ","ประเภทอ้อย":"ตอ1","พื้นที่":6.0,"ตันรวม":54.0,"รหัสแปลง":"320606071547","กลุ่ม":"กลุ่ม_15"},"geometry":{"type":"MultiPolygon","coordinates":[[[[976770.091199999675155,1608152.29839999973774],[976746.817699999548495,1607946.872600000351667],[976707.084599999710917,1607951.187400000169873],[976705.668999999761581,1607962.955299999564886],[976728.627299999818206,1608172.898600000888109],[976765.68030000012368,1608171.181199999526143],[976769.102800000458956,1608162.318499999120831],[976770.091199999675155,1608152.29839999973774]]]]}},
{"type":"Feature","properties":{"รหัสกลุ่มคิว":"15/003","รหัสรับเหมา":"738889","ชื่อ-สกุล รับเหมา":"รถตัดโรงงานเบอร์ 18","นักเกษตร":"1202","ศูนย์":"K2-15","โควตา":"719171","ชาวไร่":"นางสาว ติน สายแสงจันทร์","ประเภทอ้อย":"ปลายฝน","พื้นที่":4.46,"ตันรวม":57.98,"รหัสแปลง":"320606071551","กลุ่ม":"กลุ่ม_15"},"geometry":{"type":"MultiPolygon","coordinates":[[[[977233.51630000025034,1609924.895199999213219],[977241.209099999628961,1609926.9803],[977240.355999999679625,1609935.861600000411272],[977275.850700000301003,1609940.649399999529123],[977280.224999999627471,1609940.05210000090301],[977282.619800000451505,1609937.324100000783801],[977282.962000000290573,1609807.872400000691414],[977213.310200000181794,1609823.905099999159575],[977233.51630000025034,1609924.895199999213219]]]]}},
{"type":"Feature","properties":{"รหัสกลุ่มคิว":"15/003","รหัสรับเหมา":"738889","ชื่อ-สกุล รับเหมา":"รถตัดโรงงานเบอร์ 18","นักเกษตร":"1202","ศูนย์":"K2-15","โควตา":"719442","ชาวไร่":"นางสาว มลฤดี ลอยเลื่อน","ประเภทอ้อย":"ปลายฝน","พื้นที่":3.92,"ตันรวม":50.96,"รหัสแปลง":"320606071554","กลุ่ม":"กลุ่ม_15"},"geometry":{"type":"MultiPolygon","coordinates":[[[[976306.939299999736249,1609188.247700000181794],[976333.167799999937415,1609300.162599999457598],[976382.825600000098348,1609292.618899999186397],[976368.054299999959767,1609182.686200000345707],[976306.939299999736249,1609188.247700000181794]]]]}},
{"type":"Feature","properties":{"รหัสกลุ่มคิว":"15/003","รหัสรับเหมา":"738889","ชื่อ-สกุล รับเหมา":"รถตัดโรงงานเบอร์ 18","นักเกษตร":"1202","ศูนย์":"K2-15","โควตา":"715934","ชาวไร่":"นาง บูรภา ดวงเด่นฉาย","ประเภทอ้อย":"ตอ1","พื้นที่":3.91,"ตันรวม":35.19,"รหัสแปลง":"320606071561","กลุ่ม":"กลุ่ม_15"},"geometry":{"type":"MultiPolygon","coordinates":[[[[977885.847599999979138,1609735.44620000012219],[978091.302899999544024,1609756.8311],[978094.798600000329316,1609724.877000000327826],[978033.880900000222027,1609723.3202],[978028.838000000454485,1609720.283600000664592],[977888.69510000012815,1609704.361400000751019],[977885.847599999979138,1609735.44620000012219]]]]}},
{"type":"Feature","properties":{"รหัสกลุ่มคิว":"15/003","รหัสรับเหมา":"738889","ชื่อ-สกุล รับเหมา":"รถตัดโรงงานเบอร์ 18","นักเกษตร":"1202","ศูนย์":"K2-15","โควตา":"723581","ชาวไร่":"นาย ประสิทธิ์ สายบัวแดง","ประเภทอ้อย":"ปลายฝน","พื้นที่":5.29,"ตันรวม":68.77,"รหัสแปลง":"320606071566","กลุ่ม":"กลุ่ม_15"},"geometry":{"type":"MultiPolygon","coordinates":[[[[976568.999499999918044,1610099.795299999415874],[976613.499800000339746,1610154.381999999284744],[976691.653300000354648,1610240.584599999710917],[976730.047899999655783,1610216.836300000548363],[976699.416299999691546,1610184.141000000759959],[976593.321700000204146,1610071.4178],[976560.044200000353158,1610079.3235],[976568.999499999918044,1610099.795299999415874]]]]}},
{"type":"Feature","properties":{"รหัสกลุ่มคิว":"15/003","รหัสรับเหมา":"738889","ชื่อ-สกุล รับเหมา":"รถตัดโรงงานเบอร์ 18","นักเกษตร":"1202","ศูนย์":"K2-15","โควตา":"723144","ชาวไร่":"นาย พองศรี จำนงมี","ประเภทอ้อย":"ปลายฝน","พื้นที่":5.09,"ตันรวม":66.17,"รหัสแปลง":"320606071581","กลุ่ม":"กลุ่ม_15"},"geometry":{"type":"MultiPolygon","coordinates":[[[[976863.494900000281632,1607774.981899999082088],[976860.368900000117719,1607802.870300000533462],[976864.071999999694526,1607860.389699999243021],[976866.510099999606609,1607926.7127],[976902.674999999813735,1607924.253100000321865],[976903.65639999974519,1607724.842700000852346],[976856.45990000013262,1607724.389799999073148],[976863.494900000281632,1607774.981899999082088]]]]}},
{"type":"Feature","properties":{"รหัสกลุ่มคิว":"15/003","รหัสรับเหมา":"738889","ชื่อ-สกุล รับเหมา":"รถตัดโรงงานเบอร์ 18","นักเกษตร":"1202","ศูนย์":"K2-15","โควตา":"723581","ชาวไร่":"นาย ประสิทธิ์ สายบัวแดง","ประเภทอ้อย":"ตอ1","พื้นที่":2.72,"ตันรวม":24.48,"รหัสแปลง":"320606071587","กลุ่ม":"กลุ่ม_15"},"geometry":{"type":"MultiPolygon","coordinates":[[[[976662.025700000114739,1610020.183299999684095],[976825.481599999591708,1609982.157600000500679],[976818.41469999961555,1609954.365199999883771],[976658.137199999764562,1609996.891000000759959],[976662.025700000114739,1610020.183299999684095]]]]}},
{"type":"Feature","properties":{"รหัสกลุ่มคิว":"15/003","รหัสรับเหมา":"738889","ชื่อ-สกุล รับเหมา":"รถตัดโรงงานเบอร์ 18","นักเกษตร":"1202","ศูนย์":"K2-15","โควตา":"722728","ชาวไร่":"นาง เสวียน ไกรเภช","ประเภทอ้อย":"ตอ1","พื้นที่":2.69,"ตันรวม":24.21,"รหัสแปลง":"320606071596","กลุ่ม":"กลุ่ม_15"},"geometry":{"type":"MultiPolygon","coordinates":[[[[976315.9057,1609083.8586],[976425.287100000306964,1609081.029799999669194],[976430.280799999833107,1609048.390599999576807],[976337.47690000012517,1609033.02930000051856],[976315.9057,1609083.8586]]]]}},
{"type":"Feature","properties":{"รหัสกลุ่มคิว":"15/007","รหัสรับเหมา":"722724","ชื่อ-สกุล รับเหมา":"นาง ณีรนุช แถวถิ่น","นักเกษตร":"1501","ศูนย์":"K2-15","โควตา":"723007","ชาวไร่":"นาง หัด สุขพินิจ","ประเภทอ้อย":"ตอ1","พื้นที่":14.68,"ตันรวม":132.12,"รหัสแปลง":"320606080022","กลุ่ม":"กลุ่ม_15"},"geometry":{"type":"MultiPolygon","coordinates":[[[[980634.961500000208616,1604285.449500000104308],[980636.231399999931455,1604357.574200000613928],[980937.128800000064075,1604338.298100000247359],[980935.936499999836087,1604303.899900000542402],[980910.746500000357628,1604252.804099999368191],[980634.961500000208616,1604285.449500000104308]]]]}},
{"type":"Feature","properties":{"รหัสกลุ่มคิว":"15/007","รหัสรับเหมา":"722724","ชื่อ-สกุล รับเหมา":"นาง ณีรนุช แถวถิ่น","นักเกษตร":"1501","ศูนย์":"K2-15","โควตา":"722657","ชาวไร่":"นาง ลัดดา เหมาะตัว","ประเภทอ้อย":"ปลายฝน","พื้นที่":5.23,"ตันรวม":67.99,"รหัสแปลง":"320606080095","กลุ่ม":"กลุ่ม_15"},"geometry":{"type":"MultiPolygon","coordinates":[[[[980991.46999999973923,1603304.064300000667572],[980991.502000000327826,1603274.666600000113249],[980750.422899999655783,1603284.579900000244379],[980743.284500000067055,1603318.091700000688434],[980882.055399999953806,1603315.98589999973774],[980991.46999999973923,1603304.064300000667572]]]]}},
{"type":"Feature","properties":{"รหัสกลุ่มคิว":"15/007","รหัสรับเหมา":"722724","ชื่อ-สกุล รับเหมา":"นาง ณีรนุช แถวถิ่น","นักเกษตร":"1501","ศูนย์":"K2-15","โควตา":"722351","ชาวไร่":"นาย ภาค สาทิพจันทร์","ประเภทอ้อย":"ตอ1","พื้นที่":6.58,"ตันรวม":59.22,"รหัสแปลง":"320606080101","กลุ่ม":"กลุ่ม_15"},"geometry":{"type":"MultiPolygon","coordinates":[[[[980906.765399999916553,1603570.779999999329448],[980945.745400000363588,1603558.231100000441074],[980951.305100000463426,1603599.574699999764562],[980961.158999999985099,1603622.082699999213219],[981006.298000000417233,1603602.9543999992311],[980989.947700000368059,1603478.415200000628829],[980985.440700000151992,1603476.262900000438094],[980941.905199999921024,1603482.03690000064671],[980891.07010000012815,1603497.678600000217557],[980906.765399999916553,1603570.779999999329448]]]]}},
{"type":"Feature","properties":{"รหัสกลุ่มคิว":"15/007","รหัสรับเหมา":"722724","ชื่อ-สกุล รับเหมา":"นาง ณีรนุช แถวถิ่น","นักเกษตร":"1501","ศูนย์":"K2-15","โควตา":"719435","ชาวไร่":"นางสาว ธนิตา สุขพินิจ","ประเภทอ้อย":"ตอ1","พื้นที่":12.9,"ตันรวม":116.1,"รหัสแปลง":"320606080112","กลุ่ม":"กลุ่ม_15"},"geometry":{"type":"MultiPolygon","coordinates":[[[[980936.155100000090897,1604340.780799999833107],[980660.912100000306964,1604361.618100000545382],[980660.861899999901652,1604380.682800000533462],[980637.740100000053644,1604381.627000000327826],[980639.767199999652803,1604428.852299999445677],[980914.79009999986738,1604422.757500000298023],[980914.297500000335276,1604394.451099999248981],[980928.326899999752641,1604394.694499999284744],[980936.155100000090897,1604340.780799999833107]]]]}},
{"type":"Feature","properties":{"รหัสกลุ่มคิว":"15/007","รหัสรับเหมา":"722724","ชื่อ-สกุล รับเหมา":"นาง ณีรนุช แถวถิ่น","นักเกษตร":"1501","ศูนย์":"K2-15","โควตา":"715995","ชาวไร่":"นาง แสงน้อย จุกหอม","ประเภทอ้อย":"ตอ1","พื้นที่":2.38,"ตันรวม":21.42,"รหัสแปลง":"320606081517","กลุ่ม":"กลุ่ม_15"},"geometry":{"type":"MultiPolygon","coordinates":[[[[979230.812699999660254,1604575.649299999698997],[979220.55420000012964,1604738.930099999532104],[979244.330099999904633,1604738.27140000090003],[979253.832299999892712,1604576.48450000025332],[979230.812699999660254,1604575.649299999698997]]]]}},
{"type":"Feature","properties":{"รหัสกลุ่มคิว":"15/007","รหัสรับเหมา":"722724","ชื่อ-สกุล รับเหมา":"นาง ณีรนุช แถวถิ่น","นักเกษตร":"1501","ศูนย์":"K2-15","โควตา":"715584","ชาวไร่":"นาย สมพบ สุขพินิจ","ประเภทอ้อย":"ตอ2","พื้นที่":11.48,"ตันรวม":91.84,"รหัสแปลง":"320606081539","กลุ่ม":"กลุ่ม_15"},"geometry":{"type":"MultiPolygon","coordinates":[[[[980166.978500000201166,1604115.171499999240041],[980154.854799999855459,1604087.473500000312924],[980098.339100000448525,1604100.669600000604987],[980054.585099999792874,1604105.823699999600649],[979963.09389999974519,1604119.183000000193715],[979902.503999999724329,1604128.286599999293685],[979969.064000000245869,1604222.87639999948442],[980044.017500000074506,1604202.773600000888109],[980114.042899999767542,1604174.454500000923872],[980101.776800000108778,1604139.510800000280142],[980166.978500000201166,1604115.171499999240041]]]]}},
{"type":"Feature","properties":{"รหัสกลุ่มคิว":"15/003","รหัสรับเหมา":"738889","ชื่อ-สกุล รับเหมา":"รถตัดโรงงานเบอร์ 18","นักเกษตร":"1202","ศูนย์":"K2-15","โควตา":"719070","ชาวไร่":"นาย ธวัชชัย วารีดำ","ประเภทอ้อย":"ปลายฝน","พื้นที่":12.92,"ตันรวม":167.96,"รหัสแปลง":"320606090011","กลุ่ม":"กลุ่ม_15"},"geometry":{"type":"MultiPolygon","coordinates":[[[[975404.095900000073016,1604604.139499999582767],[975441.650299999862909,1604478.218599999323487],[975438.533499999903142,1604471.687599999830127],[975432.21169999986887,1604435.143999999389052],[975408.333599999547005,1604421.557399999350309],[975286.960900000296533,1604886.786599999293685],[975301.542100000195205,1604896.681399999186397],[975297.791600000113249,1604923.0472999997437],[975318.220700000412762,1604928.617499999701977],[975404.095900000073016,1604604.139499999582767]]]]}},
{"type":"Feature","properties":{"รหัสกลุ่มคิว":"15/003","รหัสรับเหมา":"738889","ชื่อ-สกุล รับเหมา":"รถตัดโรงงานเบอร์ 18","นักเกษตร":"1202","ศูนย์":"K2-15","โควตา":"723433","ชาวไร่":"นาย สิงห์ จำนงดี","ประเภทอ้อย":"ตอ1","พื้นที่":10.65,"ตันรวม":95.85,"รหัสแปลง":"320606090013","กลุ่ม":"กลุ่ม_15"},"geometry":{"type":"MultiPolygon","coordinates":[[[[975419.285299999639392,1604872.3268],[975484.35950000025332,1604879.496999999508262],[975506.449799999594688,1604574.496600000187755],[975475.2034,1604578.701500000432134],[975465.472000000067055,1604578.8838],[975458.764299999922514,1604571.729000000283122],[975419.285299999639392,1604872.3268]]]]}},
{"type":"Feature","properties":{"รหัสกลุ่มคิว":"15/003","รหัสรับเหมา":"738889","ชื่อ-สกุล รับเหมา":"รถตัดโรงงานเบอร์ 18","นักเกษตร":"1202","ศูนย์":"K2-15","โควตา":"722672","ชาวไร่":"นาย พิกุล ดาวัลย์","ประเภทอ้อย":"ตอ1","พื้นที่":5.66,"ตันรวม":50.94,"รหัสแปลง":"320606090042","กลุ่ม":"กลุ่ม_15"},"geometry":{"type":"MultiPolygon","coordinates":[[[[975409.919099999591708,1604868.1458],[975448.878100000321865,1604599.71059999987483],[975427.323300000280142,1604596.843800000846386],[975365.439899999648333,1604859.863199999555945],[975409.919099999591708,1604868.1458]]]]}},
{"type":"Feature","properties":{"รหัสกลุ่มคิว":"15/003","รหัสรับเหมา":"738889","ชื่อ-สกุล รับเหมา":"รถตัดโรงงานเบอร์ 18","นักเกษตร":"1202","ศูนย์":"K2-15","โควตา":"722682","ชาวไร่":"นาย สมสิต มูลไชย","ประเภทอ้อย":"ตอ3","พื้นที่":4.99,"ตันรวม":34.93,"รหัสแปลง":"320606090105","กลุ่ม":"กลุ่ม_15"},"geometry":{"type":"MultiPolygon","coordinates":[[[[974732.317999999970198,1605235.508300000801682],[974664.475200000219047,1605217.42],[974629.929100000299513,1605328.651000000536442],[974700.626400000415742,1605340.564600000157952],[974732.317999999970198,1605235.508300000801682]]]]}},
{"type":"Feature","properties":{"รหัสกลุ่มคิว":"15/003","รหัสรับเหมา":"738889","ชื่อ-สกุล รับเหมา":"รถตัดโรงงานเบอร์ 18","นักเกษตร":"1202","ศูนย์":"K2-15","โควตา":"723433","ชาวไร่":"นาย สิงห์ จำนงดี","ประเภทอ้อย":"ตอ1","พื้นที่":6.93,"ตันรวม":62.37,"รหัสแปลง":"320606090106","กลุ่ม":"กลุ่ม_15"},"geometry":{"type":"MultiPolygon","coordinates":[[[[974720.66399999987334,1605612.86629999987781],[974771.628499999642372,1605609.701999999582767],[974741.39879999961704,1605375.782800000160933],[974698.769600000232458,1605373.31279999949038],[974720.66399999987334,1605612.86629999987781]]]]}},
{"type":"Feature","properties":{"รหัสกลุ่มคิว":"15/003","รหัสรับเหมา":"738889","ชื่อ-สกุล รับเหมา":"รถตัดโรงงานเบอร์ 18","นักเกษตร":"1202","ศูนย์":"K2-15","โควตา":"722682","ชาวไร่":"นาย สมสิต มูลไชย","ประเภทอ้อย":"ตอ2","พื้นที่":6.38,"ตันรวม":51.04,"รหัสแปลง":"320606090109","กลุ่ม":"กลุ่ม_15"},"geometry":{"type":"MultiPolygon","coordinates":[[[[974775.593299999833107,1605071.917500000447035],[974702.869699999690056,1605055.894400000572205],[974677.001199999824166,1605156.416999999433756],[974706.627999999560416,1605165.13370000012219],[974695.7796,1605226.915100000798702],[974730.693400000222027,1605235.2632],[974775.593299999833107,1605071.917500000447035]]]]}},
{"type":"Feature","properties":{"รหัสกลุ่มคิว":"15/004","รหัสรับเหมา":"738889","ชื่อ-สกุล รับเหมา":"รถตัดโรงงานเบอร์ 22","นักเกษตร":"1507","ศูนย์":"K2-15","โควตา":"722803","ชาวไร่":"นาย จิมจุ่ย ศรีสุข","ประเภทอ้อย":"ปลายฝน","พื้นที่":5.03,"ตันรวม":65.39,"รหัสแปลง":"320606091501","กลุ่ม":"กลุ่ม_15"},"geometry":{"type":"MultiPolygon","coordinates":[[[[972170.094600000418723,1605721.845200000330806],[972131.284199999645352,1605955.443499999120831],[972137.599100000225008,1605959.451199999079108],[972173.482599999755621,1605958.507799999788404],[972185.415699999779463,1605827.113700000569224],[972188.7511,1605795.500700000673532],[972192.285899999551475,1605768.604699999094009],[972195.036000000312924,1605738.941600000485778],[972195.53899999987334,1605727.067800000309944],[972170.094600000418723,1605721.845200000330806]]]]}},
{"type":"Feature","properties":{"รหัสกลุ่มคิว":"15/007","รหัสรับเหมา":"722724","ชื่อ-สกุล รับเหมา":"นาง ณีรนุช แถวถิ่น","นักเกษตร":"1501","ศูนย์":"K2-15","โควตา":"719130","ชาวไร่":"นาย วิชาญ สุขพินิจ","ประเภทอ้อย":"ตอ2","พื้นที่":8.07,"ตันรวม":64.56,"รหัสแปลง":"320606091511","กลุ่ม":"กลุ่ม_15"},"geometry":{"type":"MultiPolygon","coordinates":[[[[980516.737300000153482,1598981.254100000485778],[980612.376699999906123,1599112.977],[980674.091300000436604,1599071.183599999174476],[980582.695000000298023,1598931.861500000581145],[980516.737300000153482,1598981.254100000485778]]]]}},
{"type":"Feature","properties":{"รหัสกลุ่มคิว":"15/003","รหัสรับเหมา":"738889","ชื่อ-สกุล รับเหมา":"รถตัดโรงงานเบอร์ 18","นักเกษตร":"1202","ศูนย์":"K2-15","โควตา":"722682","ชาวไร่":"นาย สมสิต มูลไชย","ประเภทอ้อย":"ตอ1","พื้นที่":8.66,"ตันรวม":77.94,"รหัสแปลง":"320606091529","กลุ่ม":"กลุ่ม_15"},"geometry":{"type":"MultiPolygon","coordinates":[[[[974698.974600000306964,1605375.184800000861287],[974638.066599999554455,1605377.251800000667572],[974663.47580000013113,1605611.609099999070168],[974720.252700000070035,1605610.92820000089705],[974698.974600000306964,1605375.184800000861287]]]]}},
{"type":"Feature","properties":{"รหัสกลุ่มคิว":"15/007","รหัสรับเหมา":"722724","ชื่อ-สกุล รับเหมา":"นาง ณีรนุช แถวถิ่น","นักเกษตร":"1501","ศูนย์":"K2-15","โควตา":"715349","ชาวไร่":"นาง นิตยา ชิมจันทร์","ประเภทอ้อย":"ตอ2","พื้นที่":19.35,"ตันรวม":154.8,"รหัสแปลง":"320606111501","กลุ่ม":"กลุ่ม_15"},"geometry":{"type":"MultiPolygon","coordinates":[[[[980987.440499999560416,1603310.960100000724196],[980782.697999999858439,1603319.876900000497699],[980819.908400000073016,1603512.5131],[980931.946800000034273,1603481.046399999409914],[980926.283999999985099,1603422.45240000076592],[980962.612399999983609,1603415.73589999973774],[980968.769500000402331,1603472.7043999992311],[980989.972199999727309,1603469.27559999935329],[980987.440499999560416,1603310.960100000724196]]]]}},
{"type":"Feature","properties":{"รหัสกลุ่มคิว":"15/007","รหัสรับเหมา":"722724","ชื่อ-สกุล รับเหมา":"นาง ณีรนุช แถวถิ่น","นักเกษตร":"1501","ศูนย์":"K2-15","โควตา":"722578","ชาวไร่":"นาย มีชัย จิตคะติ","ประเภทอ้อย":"ปลายฝน","พื้นที่":5.81,"ตันรวม":75.53,"รหัสแปลง":"320606111540","กลุ่ม":"กลุ่ม_15"},"geometry":{"type":"MultiPolygon","coordinates":[[[[979992.079800000414252,1599224.403100000694394],[980054.501000000163913,1599313.285199999809265],[980094.951399999670684,1599286.9956],[980109.38219999987632,1599312.02170000039041],[980135.853699999861419,1599301.870699999853969],[980055.478400000371039,1599178.532199999317527],[979992.079800000414252,1599224.403100000694394]]]]}},
{"type":"Feature","properties":{"รหัสกลุ่มคิว":"15/007","รหัสรับเหมา":"722724","ชื่อ-สกุล รับเหมา":"นาง ณีรนุช แถวถิ่น","นักเกษตร":"1501","ศูนย์":"K2-15","โควตา":"722724","ชาวไร่":"นาง ณีรนุช แถวถิ่น","ประเภทอ้อย":"ปลายฝน","พื้นที่":4.87,"ตันรวม":63.31,"รหัสแปลง":"320606111547","กลุ่ม":"กลุ่ม_15"},"geometry":{"type":"MultiPolygon","coordinates":[[[[981127.814600000157952,1603590.60700000077486],[981188.236399999819696,1603587.623099999502301],[981191.924300000071526,1603580.1722999997437],[981200.952200000174344,1603543.27449999935925],[981213.994300000369549,1603510.081299999728799],[981175.210799999535084,1603508.3585],[981169.239099999889731,1603474.906500000506639],[981125.812800000421703,1603477.09180000051856],[981119.934500000439584,1603525.348899999633431],[981127.814600000157952,1603590.60700000077486]]]]}},
{"type":"Feature","properties":{"รหัสกลุ่มคิว":"15/007","รหัสรับเหมา":"722724","ชื่อ-สกุล รับเหมา":"นาง ณีรนุช แถวถิ่น","นักเกษตร":"1501","ศูนย์":"K2-15","โควตา":"722724","ชาวไร่":"นาง ณีรนุช แถวถิ่น","ประเภทอ้อย":"ปลายฝน","พื้นที่":6.87,"ตันรวม":89.31,"รหัสแปลง":"320606111552","กลุ่ม":"กลุ่ม_15"},"geometry":{"type":"MultiPolygon","coordinates":[[[[979390.173200000077486,1602945.665300000458956],[979385.773599999956787,1602824.991599999368191],[979296.988199999555945,1602815.220799999311566],[979307.185700000263751,1602948.991699999198318],[979374.184999999590218,1602948.568900000303984],[979390.173200000077486,1602945.665300000458956]]]]}},
{"type":"Feature","properties":{"รหัสกลุ่มคิว":"15/007","รหัสรับเหมา":"722724","ชื่อ-สกุล รับเหมา":"นาง ณีรนุช แถวถิ่น","นักเกษตร":"1501","ศูนย์":"K2-15","โควตา":"722644","ชาวไร่":"นาง รุ่งนภา บึงจันทร์","ประเภทอ้อย":"ตอ3","พื้นที่":4.51,"ตันรวม":31.57,"รหัสแปลง":"320606111567","กลุ่ม":"กลุ่ม_15"},"geometry":{"type":"MultiPolygon","coordinates":[[[[980608.08530000038445,1603277.394600000232458],[980642.783300000242889,1603279.411000000312924],[980644.513199999928474,1603240.229699999094009],[980570.094200000166893,1603241.505200000479817],[980486.304999999701977,1603243.1689],[980482.076299999840558,1603256.218100000172853],[980477.090599999763072,1603260.169199999421835],[980479.829199999570847,1603270.708200000226498],[980488.978799999691546,1603290.658399999141693],[980479.923799999989569,1603306.130899999290705],[980543.310499999672174,1603287.040500000119209],[980608.08530000038445,1603277.394600000232458]]]]}},
{"type":"Feature","properties":{"รหัสกลุ่มคิว":"15/007","รหัสรับเหมา":"722724","ชื่อ-สกุล รับเหมา":"นาง ณีรนุช แถวถิ่น","นักเกษตร":"1501","ศูนย์":"K2-15","โควตา":"715988","ชาวไร่":"นาย ไพวัน จันทร์สว่าง","ประเภทอ้อย":"ตอ1","พื้นที่":8.53,"ตันรวม":76.77,"รหัสแปลง":"320606111588","กลุ่ม":"กลุ่ม_15"},"geometry":{"type":"MultiPolygon","coordinates":[[[[981674.810399999842048,1602293.895600000396371],[981622.612200000323355,1602280.689600000157952],[981604.991799999959767,1602329.844499999657273],[981597.880099999718368,1602328.482300000265241],[981568.940999999642372,1602360.550799999386072],[981537.205199999734759,1602378.807399999350309],[981510.335699999704957,1602378.959499999880791],[981480.740299999713898,1602417.813500000163913],[981654.332799999974668,1602420.043400000780821],[981674.810399999842048,1602293.895600000396371]]]]}},
{"type":"Feature","properties":{"รหัสกลุ่มคิว":"15/007","รหัสรับเหมา":"722724","ชื่อ-สกุล รับเหมา":"นาง ณีรนุช แถวถิ่น","นักเกษตร":"1501","ศูนย์":"K2-15","โควตา":"722724","ชาวไร่":"นาง ณีรนุช แถวถิ่น","ประเภทอ้อย":"ตอ2","พื้นที่":16.93,"ตันรวม":135.44,"รหัสแปลง":"320606111595","กลุ่ม":"กลุ่ม_15"},"geometry":{"type":"MultiPolygon","coordinates":[[[[980566.613499999977648,1602524.401799999177456],[980589.755800000391901,1602605.940099999308586],[980821.35120000038296,1602636.184000000357628],[980801.850499999709427,1602486.273600000888109],[980566.613499999977648,1602524.401799999177456]]]]}},
{"type":"Feature","properties":{"รหัสกลุ่มคิว":"15/003","รหัสรับเหมา":"738889","ชื่อ-สกุล รับเหมา":"รถตัดโรงงานเบอร์ 18","นักเกษตร":"1202","ศูนย์":"K2-15","โควตา":"722672","ชาวไร่":"นาย พิกุล ดาวัลย์","ประเภทอ้อย":"ปลายฝน","พื้นที่":8.71,"ตันรวม":113.23,"รหัสแปลง":"320606120022","กลุ่ม":"กลุ่ม_15"},"geometry":{"type":"MultiPolygon","coordinates":[[[[974641.623200000263751,1603444.132099999114871],[974651.3432,1603375.721999999135733],[974440.443199999630451,1603337.44400000013411],[974423.666500000283122,1603393.586200000718236],[974641.623200000263751,1603444.132099999114871]]]]}},
{"type":"Feature","properties":{"รหัสกลุ่มคิว":"15/007","รหัสรับเหมา":"722724","ชื่อ-สกุล รับเหมา":"นาง ณีรนุช แถวถิ่น","นักเกษตร":"1501","ศูนย์":"K2-15","โควตา":"723512","ชาวไร่":"นาย วิลัย พลซ้าย","ประเภทอ้อย":"ตอ2","พื้นที่":11.16,"ตันรวม":89.28,"รหัสแปลง":"320606120032","กลุ่ม":"กลุ่ม_15"},"geometry":{"type":"MultiPolygon","coordinates":[[[[976287.632799999788404,1603680.01630000025034],[976264.7347999997437,1603585.221599999815226],[976089.255699999630451,1603588.883099999278784],[976087.701500000432134,1603683.847100000828505],[976287.632799999788404,1603680.01630000025034]]]]}},
{"type":"Feature","properties":{"รหัสกลุ่มคิว":"15/007","รหัสรับเหมา":"722724","ชื่อ-สกุล รับเหมา":"นาง ณีรนุช แถวถิ่น","นักเกษตร":"1501","ศูนย์":"K2-15","โควตา":"723652","ชาวไร่":"นาย ฉัตรณรงค์ สุขประสงค์","ประเภทอ้อย":"ตอ2","พื้นที่":4.13,"ตันรวม":33.04,"รหัสแปลง":"320606120052","กลุ่ม":"กลุ่ม_15"},"geometry":{"type":"MultiPolygon","coordinates":[[[[975794.085400000214577,1604398.566500000655651],[975930.42920000012964,1604433.943],[975940.369800000451505,1604382.732999999076128],[975815.390300000086427,1604355.985200000926852],[975794.085400000214577,1604398.566500000655651]]]]}},
{"type":"Feature","properties":{"รหัสกลุ่มคิว":"15/007","รหัสรับเหมา":"722724","ชื่อ-สกุล รับเหมา":"นาง ณีรนุช แถวถิ่น","นักเกษตร":"1501","ศูนย์":"K2-15","โควตา":"722724","ชาวไร่":"นาง ณีรนุช แถวถิ่น","ประเภทอ้อย":"ปลายฝน","พื้นที่":8.49,"ตันรวม":110.37,"รหัสแปลง":"320606120116","กลุ่ม":"กลุ่ม_15"},"geometry":{"type":"MultiPolygon","coordinates":[[[[977073.947999999858439,1604600.048900000751019],[977077.161799999885261,1604652.758099999278784],[977082.457600000314415,1604661.121600000187755],[977059.449799999594688,1604658.146500000730157],[977057.209800000302494,1604644.408600000664592],[977050.529900000430644,1604644.01549999974668],[977062.963700000196695,1604822.970200000330806],[977112.387600000016391,1604818.939500000327826],[977125.842799999751151,1604770.126700000837445],[977124.841300000436604,1604699.501499999314547],[977128.500300000421703,1604610.377499999478459],[977073.947999999858439,1604600.048900000751019]]]]}},
{"type":"Feature","properties":{"รหัสกลุ่มคิว":"15/003","รหัสรับเหมา":"738889","ชื่อ-สกุล รับเหมา":"รถตัดโรงงานเบอร์ 18","นักเกษตร":"1202","ศูนย์":"K2-15","โควตา":"719439","ชาวไร่":"นาย อ็อด อาจยิ่งยงค์","ประเภทอ้อย":"ปลายฝน","พื้นที่":5.3,"ตันรวม":68.9,"รหัสแปลง":"320606121512","กลุ่ม":"กลุ่ม_15"},"geometry":{"type":"MultiPolygon","coordinates":[[[[977542.941200000233948,1604146.406600000336766],[977542.385499999858439,1604172.899800000712276],[977541.38190000038594,1604190.467599999159575],[977525.30420000012964,1604270.200899999588728],[977527.855100000277162,1604270.989],[977563.290000000037253,1604279.590700000524521],[977636.693599999882281,1604137.181500000879169],[977542.941200000233948,1604146.406600000336766]]]]}},
{"type":"Feature","properties":{"รหัสกลุ่มคิว":"15/007","รหัสรับเหมา":"722724","ชื่อ-สกุล รับเหมา":"นาง ณีรนุช แถวถิ่น","นักเกษตร":"1501","ศูนย์":"K2-15","โควตา":"722724","ชาวไร่":"นาง ณีรนุช แถวถิ่น","ประเภทอ้อย":"ต้นฝน","พื้นที่":4.52,"ตันรวม":49.72,"รหัสแปลง":"320606121518","กลุ่ม":"กลุ่ม_15"},"geometry":{"type":"MultiPolygon","coordinates":[[[[980927.91509999986738,1603637.990499999374151],[980899.495900000445545,1603555.860200000926852],[980835.458899999968708,1603571.885500000789762],[980869.546799999661744,1603657.9199],[980873.990600000135601,1603662.367499999701977],[980896.877100000157952,1603659.632999999448657],[980901.745600000023842,1603677.632400000467896],[980946.7045,1603663.723099999129772],[980938.822900000028312,1603641.322599999606609],[980927.91509999986738,1603637.990499999374151]]]]}},
{"type":"Feature","properties":{"รหัสกลุ่มคิว":"15/007","รหัสรับเหมา":"722724","ชื่อ-สกุล รับเหมา":"นาง ณีรนุช แถวถิ่น","นักเกษตร":"1501","ศูนย์":"K2-15","โควตา":"715140","ชาวไร่":"นาง อุเทน ปัสสาคำ","ประเภทอ้อย":"ตอ2","พื้นที่":4.45,"ตันรวม":35.6,"รหัสแปลง":"320606121520","กลุ่ม":"กลุ่ม_15"},"geometry":{"type":"MultiPolygon","coordinates":[[[[975964.774699999950826,1604953.020999999716878],[975994.826500000432134,1604954.013399999588728],[975992.915400000289083,1604924.885099999606609],[975998.996000000275671,1604921.489199999719858],[975999.309999999590218,1604864.98960000090301],[976010.243700000457466,1604856.719900000840425],[976012.616799999959767,1604762.842199999839067],[975968.591099999845028,1604767.7358],[975964.774699999950826,1604953.020999999716878]]]]}},
{"type":"Feature","properties":{"รหัสกลุ่มคิว":"15/003","รหัสรับเหมา":"738889","ชื่อ-สกุล รับเหมา":"รถตัดโรงงานเบอร์ 18","นักเกษตร":"1202","ศูนย์":"K2-15","โควตา":"722672","ชาวไร่":"นาย พิกุล ดาวัลย์","ประเภทอ้อย":"ตอ2","พื้นที่":12.2,"ตันรวม":97.6,"รหัสแปลง":"320606121526","กลุ่ม":"กลุ่ม_15"},"geometry":{"type":"MultiPolygon","coordinates":[[[[975482.211900000460446,1604000.83420000039041],[975405.008500000461936,1603973.220100000500679],[975374.132000000216067,1604224.447599999606609],[975462.360999999567866,1604227.57880000025034],[975463.351700000464916,1604186.965600000694394],[975464.904299999587238,1604135.517100000753999],[975482.211900000460446,1604000.83420000039041]]]]}},
{"type":"Feature","properties":{"รหัสกลุ่มคิว":"15/007","รหัสรับเหมา":"722724","ชื่อ-สกุล รับเหมา":"นาง ณีรนุช แถวถิ่น","นักเกษตร":"1501","ศูนย์":"K2-15","โควตา":"723512","ชาวไร่":"นาย วิลัย พลซ้าย","ประเภทอ้อย":"ปลายฝน","พื้นที่":3.98,"ตันรวม":51.74,"รหัสแปลง":"320606121529","กลุ่ม":"กลุ่ม_15"},"geometry":{"type":"MultiPolygon","coordinates":[[[[975913.605700000189245,1603599.863800000399351],[975894.924499999731779,1603661.422700000926852],[976007.4704,1603657.955600000917912],[976008.75069999974221,1603596.249900000169873],[975913.605700000189245,1603599.863800000399351]]]]}},
{"type":"Feature","properties":{"รหัสกลุ่มคิว":"15/003","รหัสรับเหมา":"738889","ชื่อ-สกุล รับเหมา":"รถตัดโรงงานเบอร์ 18","นักเกษตร":"1202","ศูนย์":"K2-15","โควตา":"719439","ชาวไร่":"นาย อ็อด อาจยิ่งยงค์","ประเภทอ้อย":"ตอ1","พื้นที่":6.2,"ตันรวม":55.8,"รหัสแปลง":"320606121539","กลุ่ม":"กลุ่ม_15"},"geometry":{"type":"MultiPolygon","coordinates":[[[[977632.780199999921024,1604137.319900000467896],[977557.937300000339746,1604281.03800000064075],[977615.553999999538064,1604298.456499999389052],[977696.625799999572337,1604135.177400000393391],[977632.780199999921024,1604137.319900000467896]]]]}},
{"type":"Feature","properties":{"รหัสกลุ่มคิว":"15/003","รหัสรับเหมา":"738889","ชื่อ-สกุล รับเหมา":"รถตัดโรงงานเบอร์ 18","นักเกษตร":"1202","ศูนย์":"K2-15","โควตา":"710065","ชาวไร่":"นาย ตัน คงทรัพย์","ประเภทอ้อย":"ปลายฝน","พื้นที่":3.5,"ตันรวม":45.5,"รหัสแปลง":"320606121541","กลุ่ม":"กลุ่ม_15"},"geometry":{"type":"MultiPolygon","coordinates":[[[[976891.052000000141561,1603832.267100000753999],[976894.742300000041723,1603916.918299999088049],[976973.077200000174344,1603905.13230000063777],[976946.73450000025332,1603826.574799999594688],[976891.052000000141561,1603832.267100000753999]]]]}},
{"type":"Feature","properties":{"รหัสกลุ่มคิว":"15/007","รหัสรับเหมา":"722724","ชื่อ-สกุล รับเหมา":"นาง ณีรนุช แถวถิ่น","นักเกษตร":"1501","ศูนย์":"K2-15","โควตา":"722558","ชาวไร่":"นาง ศศิภา อุปฮาด","ประเภทอ้อย":"ตอ1","พื้นที่":13.55,"ตันรวม":121.95,"รหัสแปลง":"320607091521","กลุ่ม":"กลุ่ม_15"},"geometry":{"type":"MultiPolygon","coordinates":[[[[982280.931400000117719,1603579.870100000873208],[982328.895600000396371,1603424.814500000327826],[982317.481900000013411,1603412.148700000718236],[982293.137900000438094,1603405.3498],[982263.91509999986738,1603401.995699999853969],[982220.884300000034273,1603521.38539999909699],[982209.668600000441074,1603542.649700000882149],[982184.963999999687076,1603545.305800000205636],[982099.848299999721348,1603544.160000000149012],[982090.226800000295043,1603594.019899999722838],[982071.625300000421703,1603602.403200000524521],[982080.042299999855459,1603606.158600000664592],[982121.988599999807775,1603608.009199999272823],[982128.239500000141561,1603619.502399999648333],[982198.834599999710917,1603621.211400000378489],[982209.439899999648333,1603587.133899999782443],[982223.546799999661744,1603587.822100000455976],[982266.79619999974966,1603580.96199999935925],[982280.931400000117719,1603579.870100000873208]]]]}},
{"type":"Feature","properties":{"รหัสกลุ่มคิว":"15/004","รหัสรับเหมา":"738889","ชื่อ-สกุล รับเหมา":"รถตัดโรงงานเบอร์ 22","นักเกษตร":"1507","ศูนย์":"K2-15","โควตา":"710642","ชาวไร่":"นาย รุ่งสิทธิ์ บัววัน","ประเภทอ้อย":"ตอ1","พื้นที่":7.03,"ตันรวม":63.27,"รหัสแปลง":"321401150159","กลุ่ม":"กลุ่ม_15"},"geometry":{"type":"MultiPolygon","coordinates":[[[[968852.534799999557436,1604320.600400000810623],[968797.934799999929965,1604304.113099999725819],[968794.498499999754131,1604322.004799999296665],[968791.121899999678135,1604377.322000000625849],[968798.856300000101328,1604384.709799999371171],[968805.166000000201166,1604429.712400000542402],[968814.057099999859929,1604470.307399999350309],[968842.710400000214577,1604464.02449999935925],[968848.619400000199676,1604490.404999999329448],[968874.866499999538064,1604486.247199999168515],[968883.294300000183284,1604376.238900000229478],[968846.041600000113249,1604367.526100000366569],[968852.534799999557436,1604320.600400000810623]]]]}},
{"type":"Feature","properties":{"รหัสกลุ่มคิว":"15/008","รหัสรับเหมา":null,"ชื่อ-สกุล รับเหมา":null,"นักเกษตร":"1502","ศูนย์":"K2-15","โควตา":"715404","ชาวไร่":"นาง สะอาดจิต แสนกล้า","ประเภทอ้อย":"ตอ2","พื้นที่":12.38,"ตันรวม":99.04,"รหัสแปลง":"320501061502","กลุ่ม":"กลุ่ม_15"},"geometry":{"type":"MultiPolygon","coordinates":[[[[971540.363800000399351,1622065.387299999594688],[971518.495199999772012,1622061.899800000712276],[971518.051799999549985,1622056.338300000876188],[971510.835900000296533,1622055.27930000051856],[971463.14809999987483,1622050.405500000342727],[971461.771800000220537,1622094.074799999594688],[971449.54619999974966,1622243.394500000402331],[971471.9364,1622253.916999999433756],[971477.4046,1622220.782600000500679],[971577.076000000350177,1622216.332900000736117],[971590.784599999897182,1622109.412200000137091],[971567.393799999728799,1622104.713899999856949],[971563.936200000345707,1622103.442399999126792],[971562.636199999600649,1622074.250399999320507],[971549.749499999918044,1622072.208699999377131],[971540.363800000399351,1622065.387299999594688]]]]}},
{"type":"Feature","properties":{"รหัสกลุ่มคิว":"15/001","รหัสรับเหมา":"738889","ชื่อ-สกุล รับเหมา":"รถตัดโรงงานเบอร์ 01","นักเกษตร":"1503","ศูนย์":"K2-15","โควตา":"710721","ชาวไร่":"นาย สุรพล สืบเทพ","ประเภทอ้อย":"ตอ1","พื้นที่":5.29,"ตันรวม":47.61,"รหัสแปลง":"320509090081","กลุ่ม":"กลุ่ม_15"},"geometry":{"type":"MultiPolygon","coordinates":[[[[972620.370199999772012,1605937.2820999994874],[972644.963100000284612,1605938.596599999815226],[972647.106999999843538,1605952.537799999117851],[972647.276200000196695,1605954.314799999818206],[972653.104899999685585,1605957.693299999460578],[972660.985399999655783,1605952.987999999895692],[972669.905500000342727,1605946.08420000039041],[972678.919599999673665,1605937.66579999960959],[972685.635700000450015,1605932.809499999508262],[972689.807300000451505,1605928.369300000369549],[972692.043600000441074,1605925.653400000184774],[972695.041400000452995,1605922.118000000715256],[972698.526100000366569,1605918.272399999201298],[972701.721400000154972,1605909.4485],[972702.676699999719858,1605900.1535],[972704.77419999986887,1605893.291899999603629],[972707.720700000412762,1605883.635800000280142],[972707.740799999795854,1605880.164200000464916],[972708.000599999912083,1605874.05379999987781],[972708.286799999885261,1605870.176899999380112],[972706.464300000108778,1605860.494699999690056],[972703.96999999973923,1605855.580600000917912],[972701.487300000153482,1605853.220200000330806],[972681.806400000117719,1605850.89949999935925],[972672.178899999707937,1605850.384400000795722],[972668.74239999987185,1605849.686200000345707],[972665.5152000002563,1605847.939400000497699],[972662.938400000333786,1605846.030899999663234],[972661.958200000226498,1605830.97829999960959],[972616.9364,1605831.064899999648333],[972620.370199999772012,1605937.2820999994874]]]]}},
{"type":"Feature","properties":{"รหัสกลุ่มคิว":"15/001","รหัสรับเหมา":"738889","ชื่อ-สกุล รับเหมา":"รถตัดโรงงานเบอร์ 01","นักเกษตร":"1503","ศูนย์":"K2-15","โควตา":"715399","ชาวไร่":"นาง ชลทิชา ช่างอาจ","ประเภทอ้อย":"ปลายฝน","พื้นที่":10.01,"ตันรวม":130.13,"รหัสแปลง":"320509090105","กลุ่ม":"กลุ่ม_15"},"geometry":{"type":"MultiPolygon","coordinates":[[[[972341.439000000245869,1608627.754499999806285],[972317.924100000411272,1608700.948999999091029],[972298.714100000448525,1608768.816199999302626],[972311.470999999903142,1608772.488600000739098],[972313.153500000014901,1608781.163100000470877],[972344.42200000025332,1608787.0866],[972366.934000000357628,1608785.744999999180436],[972389.933699999935925,1608775.661800000816584],[972395.918200000189245,1608752.135099999606609],[972403.922500000335276,1608744.599300000816584],[972408.920400000177324,1608740.270400000736117],[972409.597900000400841,1608739.5945999994874],[972428.339999999850988,1608739.471799999475479],[972432.392900000326335,1608737.534099999815226],[972438.427899999544024,1608704.457599999383092],[972439.702200000174344,1608694.367900000885129],[972441.293300000019372,1608682.187699999660254],[972440.658599999733269,1608677.92820000089705],[972437.489799999631941,1608662.9101],[972436.86710000038147,1608656.954800000414252],[972436.266099999658763,1608641.2018],[972341.439000000245869,1608627.754499999806285]]]]}},
{"type":"Feature","properties":{"รหัสกลุ่มคิว":"15/004","รหัสรับเหมา":"738889","ชื่อ-สกุล รับเหมา":"รถตัดโรงงานเบอร์ 22","นักเกษตร":"1507","ศูนย์":"K2-15","โควตา":"715319","ชาวไร่":"นาย สุขสันต์ แทนคำ","ประเภทอ้อย":"ตอ4","พื้นที่":3.14,"ตันรวม":21.98,"รหัสแปลง":"320509091522","กลุ่ม":"กลุ่ม_15"},"geometry":{"type":"MultiPolygon","coordinates":[[[[972775.488400000147521,1608043.661299999803305],[972777.04590000025928,1608057.438300000503659],[972782.88329999987036,1608120.722799999639392],[972787.837000000290573,1608157.481300000101328],[972804.450799999758601,1608160.331700000911951],[972805.217299999669194,1608173.482300000265241],[972824.232099999673665,1608173.703199999406934],[972824.381699999794364,1608143.347799999639392],[972821.014899999834597,1608079.558199999853969],[972820.090400000102818,1608050.147299999371171],[972819.072200000286102,1608042.5625],[972775.488400000147521,1608043.661299999803305]]]]}},
{"type":"Feature","properties":{"รหัสกลุ่มคิว":"15/001","รหัสรับเหมา":"738889","ชื่อ-สกุล รับเหมา":"รถตัดโรงงานเบอร์ 01","นักเกษตร":"1503","ศูนย์":"K2-15","โควตา":"715860","ชาวไร่":"นาง ทองม้วน สว่างภพ","ประเภทอ้อย":"ตอ1","พื้นที่":2.17,"ตันรวม":19.53,"รหัสแปลง":"320509100053","กลุ่ม":"กลุ่ม_15"},"geometry":{"type":"MultiPolygon","coordinates":[[[[974688.422600000165403,1608363.237299999222159],[974620.785899999551475,1608366.19620000012219],[974618.142500000074506,1608404.197100000455976],[974691.136800000444055,1608423.850099999457598],[974688.422600000165403,1608363.237299999222159]]]]}},
{"type":"Feature","properties":{"รหัสกลุ่มคิว":"15/001","รหัสรับเหมา":"738889","ชื่อ-สกุล รับเหมา":"รถตัดโรงงานเบอร์ 01","นักเกษตร":"1503","ศูนย์":"K2-15","โควตา":"715256","ชาวไร่":"นางสาว อุรารัตน์ สุวคนธ์","ประเภทอ้อย":"ตอ1","พื้นที่":7.8,"ตันรวม":70.2,"รหัสแปลง":"320509101528","กลุ่ม":"กลุ่ม_15"},"geometry":{"type":"MultiPolygon","coordinates":[[[[973981.871600000187755,1609759.551899999380112],[973984.211600000038743,1609818.68720000050962],[974048.464700000360608,1609824.022199999541044],[974049.400700000114739,1609796.207299999892712],[974047.178999999538064,1609795.138399999588728],[974046.322800000198185,1609790.610400000587106],[974052.355800000019372,1609788.156500000506639],[974054.654199999757111,1609749.814099999144673],[974059.559299999848008,1609659.370200000703335],[974015.575100000016391,1609663.913699999451637],[973965.118200000375509,1609669.618100000545382],[973968.237399999983609,1609717.764399999752641],[973971.070899999700487,1609747.5976],[973983.579400000162423,1609747.4726],[973981.871600000187755,1609759.551899999380112]]]]}},
{"type":"Feature","properties":{"รหัสกลุ่มคิว":"15/008","รหัสรับเหมา":null,"ชื่อ-สกุล รับเหมา":null,"นักเกษตร":"1502","ศูนย์":"K2-15","โควตา":"726072","ชาวไร่":"นาย ลิม มีบุตรดี","ประเภทอ้อย":"ตอ1","พื้นที่":3.65,"ตันรวม":32.85,"รหัสแปลง":"320506061585","กลุ่ม":"กลุ่ม_15"},"geometry":{"type":"MultiPolygon","coordinates":[[[[979124.786399999633431,1624008.824200000613928],[979102.418700000271201,1623896.749900000169873],[979059.450600000098348,1623893.393699999898672],[979059.874400000087917,1623927.11570000089705],[979071.846499999985099,1623985.612800000235438],[979066.502899999730289,1623987.99379999935627],[979076.411399999633431,1624020.753000000491738],[979124.786399999633431,1624008.824200000613928]]]]}},
{"type":"Feature","properties":{"รหัสกลุ่มคิว":"15/008","รหัสรับเหมา":null,"ชื่อ-สกุล รับเหมา":null,"นักเกษตร":"1502","ศูนย์":"K2-15","โควตา":"719505","ชาวไร่":"นาย ณัฐพล โฉมใส","ประเภทอ้อย":"ปลายฝน","พื้นที่":9.13,"ตันรวม":118.69,"รหัสแปลง":"320508031581","กลุ่ม":"กลุ่ม_15"},"geometry":{"type":"MultiPolygon","coordinates":[[[[984151.686099999584258,1625607.108999999240041],[984218.925699999555945,1625597.350700000301003],[984205.075899999588728,1625539.119100000709295],[984194.239799999631941,1625540.287100000306964],[984194.917200000025332,1625551.686799999326468],[984180.073900000192225,1625555.36009999923408],[984176.258600000292063,1625537.292400000616908],[984204.045199999585748,1625534.624299999326468],[984150.221800000406802,1625328.701400000602007],[984111.42339999973774,1625344.407400000840425],[984151.686099999584258,1625607.108999999240041]]]]}},
{"type":"Feature","properties":{"รหัสกลุ่มคิว":"15/008","รหัสรับเหมา":null,"ชื่อ-สกุล รับเหมา":null,"นักเกษตร":"1502","ศูนย์":"K2-15","โควตา":"713320","ชาวไร่":"นาง นุชนาถ ทรงฉลาด","ประเภทอ้อย":"ตอ1","พื้นที่":5.28,"ตันรวม":47.52,"รหัสแปลง":"320508051512","กลุ่ม":"กลุ่ม_15"},"geometry":{"type":"MultiPolygon","coordinates":[[[[987252.302199999801815,1629926.743000000715256],[987224.414599999785423,1629827.83049999922514],[987146.678399999625981,1629849.278300000354648],[987174.940600000321865,1629951.057299999520183],[987201.56180000025779,1629943.168199999257922],[987252.302199999801815,1629926.743000000715256]]]]}},
{"type":"Feature","properties":{"รหัสกลุ่มคิว":"15/008","รหัสรับเหมา":null,"ชื่อ-สกุล รับเหมา":null,"นักเกษตร":"1502","ศูนย์":"K2-15","โควตา":"713310","ชาวไร่":"นาง วรรนิดา จบหล้า","ประเภทอ้อย":"ตอ1","พื้นที่":12.26,"ตันรวม":110.34,"รหัสแปลง":"320508070027","กลุ่ม":"กลุ่ม_15"},"geometry":{"type":"MultiPolygon","coordinates":[[[[987693.110999999567866,1625268.670800000429153],[987698.034400000236928,1625201.136],[987465.5296,1625145.168400000780821],[987468.952200000174344,1625249.178099999204278],[987693.110999999567866,1625268.670800000429153]]]]}},
{"type":"Feature","properties":{"รหัสกลุ่มคิว":"15/008","รหัสรับเหมา":null,"ชื่อ-สกุล รับเหมา":null,"นักเกษตร":"1502","ศูนย์":"K2-15","โควตา":"719492","ชาวไร่":"นาย คงศักดิ์ ศรีสุข","ประเภทอ้อย":"ปลายฝน","พื้นที่":9.03,"ตันรวม":117.39,"รหัสแปลง":"320508090046","กลุ่ม":"กลุ่ม_15"},"geometry":{"type":"MultiPolygon","coordinates":[[[[993523.201700000092387,1627259.134800000116229],[993378.373100000433624,1627276.195599999278784],[993394.834400000050664,1627375.347100000828505],[993527.473500000312924,1627366.195800000801682],[993523.201700000092387,1627259.134800000116229]]]]}},
{"type":"Feature","properties":{"รหัสกลุ่มคิว":"15/008","รหัสรับเหมา":null,"ชื่อ-สกุล รับเหมา":null,"นักเกษตร":"1502","ศูนย์":"K2-15","โควตา":"719492","ชาวไร่":"นาย คงศักดิ์ ศรีสุข","ประเภทอ้อย":"ตอ1","พื้นที่":4.47,"ตันรวม":40.23,"รหัสแปลง":"320508090063","กลุ่ม":"กลุ่ม_15"},"geometry":{"type":"MultiPolygon","coordinates":[[[[993297.611600000411272,1627288.215199999511242],[993227.394600000232458,1627297.782600000500679],[993233.942300000227988,1627389.35080000013113],[993316.613499999977648,1627380.665200000628829],[993297.611600000411272,1627288.215199999511242]]]]}},
{"type":"Feature","properties":{"รหัสกลุ่มคิว":"15/004","รหัสรับเหมา":"738889","ชื่อ-สกุล รับเหมา":"รถตัดโรงงานเบอร์ 22","นักเกษตร":"1507","ศูนย์":"K2-15","โควตา":"719353","ชาวไร่":"นาย วิโรจน์ ทองสุข","ประเภทอ้อย":"ต้นฝน","พื้นที่":10.0,"ตันรวม":110.0,"รหัสแปลง":"320509010019","กลุ่ม":"กลุ่ม_15"},"geometry":{"type":"MultiPolygon","coordinates":[[[[971441.078999999910593,1608457.679500000551343],[971387.921299999579787,1608467.17710000090301],[971421.12540000025183,1608738.956499999389052],[971482.77350000012666,1608734.464800000190735],[971441.078999999910593,1608457.679500000551343]]]]}},
{"type":"Feature","properties":{"รหัสกลุ่มคิว":"15/004","รหัสรับเหมา":"738889","ชื่อ-สกุล รับเหมา":"รถตัดโรงงานเบอร์ 22","นักเกษตร":"1507","ศูนย์":"K2-15","โควตา":"715802","ชาวไร่":"นาย สมศักดิ์ นาชพัด","ประเภทอ้อย":"ปลายฝน","พื้นที่":19.57,"ตันรวม":254.41,"รหัสแปลง":"320509021501","กลุ่ม":"กลุ่ม_15"},"geometry":{"type":"MultiPolygon","coordinates":[[[[971689.966500000096858,1610676.664899999275804],[971476.293399999849498,1610664.716399999335408],[971439.302299999631941,1610662.312000000849366],[971426.162200000137091,1610663.63399999961257],[971383.129599999636412,1610684.110600000247359],[971345.864199999719858,1610673.587999999523163],[971335.121000000275671,1610673.266699999570847],[971324.747000000439584,1610678.934499999508262],[971319.501500000245869,1610684.654200000688434],[971318.880800000391901,1610689.297800000756979],[971321.288200000301003,1610696.7928],[971345.497100000269711,1610699.893899999558926],[971366.095200000330806,1610702.630599999800324],[971386.693400000222027,1610705.36739999987185],[971398.375599999912083,1610706.608300000429153],[971410.057799999602139,1610707.849099999293685],[971421.849600000306964,1610708.075300000607967],[971433.64130000025034,1610708.301400000229478],[971445.114400000311434,1610708.706399999558926],[971456.587600000202656,1610709.111300000920892],[971468.060700000263751,1610709.51630000025034],[971479.533900000154972,1610709.92119999974966],[971489.548299999907613,1610709.854499999433756],[971499.562800000421703,1610709.787799999117851],[971509.577200000174344,1610709.721000000834465],[971519.591699999757111,1610709.65430000051856],[971539.723600000143051,1610709.781700000166893],[971559.958599999547005,1610710.1699],[971580.193599999882281,1610710.5581],[971600.067200000397861,1610711.013399999588728],[971619.940700000151992,1610711.468599999323487],[971638.857599999755621,1610712.977800000458956],[971650.032700000330806,1610712.489800000563264],[971672.38300000037998,1610711.513599999248981],[971690.411100000143051,1610711.028699999675155],[971689.828999999910593,1610714.732899999246001],[971669.730999999679625,1610714.568600000813603],[971648.0472999997437,1610714.596200000494719],[971637.205400000326335,1610714.609999999403954],[971621.384300000034273,1610713.197200000286102],[971598.536500000394881,1610713.287000000476837],[971575.688699999824166,1610713.376900000497699],[971552.840900000184774,1610713.466700000688434],[971529.934799999929965,1610713.106499999761581],[971518.4527000002563,1610712.701400000602007],[971495.488400000147521,1610711.891100000590086],[971484.006199999712408,1610711.485999999567866],[971472.524000000208616,1610711.080900000408292],[971461.041899999603629,1610710.675699999555945],[971449.559700000099838,1610710.270600000396371],[971438.077600000426173,1610709.865499999374151],[971426.595499999821186,1610709.460400000214577],[971406.273699999786913,1610707.961400000378489],[971395.671099999919534,1610706.772099999710917],[971385.068400000222027,1610705.582699999213219],[971366.322300000116229,1610703.312899999320507],[971358.17879999987781,1610702.232300000265241],[971350.035299999639392,1610701.151799999177456],[971321.787800000049174,1610698.348300000652671],[971323.301099999807775,1610703.059499999508262],[971327.053700000047684,1610719.24100000038743],[971321.043200000189245,1610731.5493],[971328.630400000140071,1610737.207699999213219],[971331.122700000181794,1610739.152300000190735],[971370.868599999696016,1610750.256100000813603],[971416.120600000023842,1610758.623500000685453],[971458.479799999855459,1610765.698799999430776],[971469.899400000460446,1610764.781999999657273],[971509.24349999986589,1610764.443],[971574.989799999631941,1610761.068800000473857],[971587.341400000266731,1610762.605900000780821],[971608.209800000302494,1610761.893699999898672],[971626.26630000025034,1610759.6722999997437],[971675.597799999639392,1610760.419199999421835],[971689.999699999578297,1610719.531400000676513],[971697.063299999572337,1610684.959599999710917],[971689.966500000096858,1610676.664899999275804]]]]}},
{"type":"Feature","properties":{"รหัสกลุ่มคิว":"15/004","รหัสรับเหมา":"738889","ชื่อ-สกุล รับเหมา":"รถตัดโรงงานเบอร์ 22","นักเกษตร":"1507","ศูนย์":"K2-15","โควตา":"710277","ชาวไร่":"นาย สุมิตร ไชยสงคราม","ประเภทอ้อย":"ตอ1","พื้นที่":5.49,"ตันรวม":49.41,"รหัสแปลง":"320509130235","กลุ่ม":"กลุ่ม_15"},"geometry":{"type":"MultiPolygon","coordinates":[[[[971618.228099999949336,1606224.966099999845028],[971651.356499999761581,1606230.217700000852346],[971658.355800000019372,1606221.108300000429153],[971685.403699999675155,1606055.386700000613928],[971694.129900000058115,1606003.5833],[971698.315600000321865,1605989.747899999842048],[971701.849799999967217,1605984.4901],[971704.346199999563396,1605976.417099999263883],[971707.984199999831617,1605974.04079999960959],[971709.477500000037253,1605973.0954],[971672.722599999979138,1605967.286399999633431],[971672.458499999716878,1605966.967399999499321],[971618.228099999949336,1606224.966099999845028]]]]}},
{"type":"Feature","properties":{"รหัสกลุ่มคิว":"15/004","รหัสรับเหมา":"738889","ชื่อ-สกุล รับเหมา":"รถตัดโรงงานเบอร์ 22","นักเกษตร":"1507","ศูนย์":"K2-15","โควตา":"710152","ชาวไร่":"นาง สุภาพร เพชรใสดี","ประเภทอ้อย":"ตอ1","พื้นที่":10.79,"ตันรวม":97.11,"รหัสแปลง":"320509131566","กลุ่ม":"กลุ่ม_15"},"geometry":{"type":"MultiPolygon","coordinates":[[[[970621.793200000189245,1607002.915899999439716],[970660.930399999953806,1607011.430299999192357],[970790.88399999961257,1606570.74349999986589],[970757.722500000149012,1606559.790899999439716],[970621.793200000189245,1607002.915899999439716]]]]}},
{"type":"Feature","properties":{"รหัสกลุ่มคิว":"15/003","รหัสรับเหมา":"738889","ชื่อ-สกุล รับเหมา":"รถตัดโรงงานเบอร์ 18","นักเกษตร":"1202","ศูนย์":"K2-15","โควตา":"711062","ชาวไร่":"นาง กรกมล สุขสบาย","ประเภทอ้อย":"ตอ1","พื้นที่":20.84,"ตันรวม":187.56,"รหัสแปลง":"320509151512","กลุ่ม":"กลุ่ม_15"},"geometry":{"type":"MultiPolygon","coordinates":[[[[971455.757299999706447,1610043.3629],[971200.612399999983609,1610012.405200000852346],[971196.554399999789894,1610158.377699999138713],[971409.165300000458956,1610181.494999999180436],[971416.047500000335276,1610151.307600000873208],[971411.922899999655783,1610122.203299999237061],[971415.260499999858439,1610098.418500000610948],[971444.393600000068545,1610100.640900000929832],[971455.757299999706447,1610043.3629]]]]}},
{"type":"Feature","properties":{"รหัสกลุ่มคิว":"15/003","รหัสรับเหมา":"738889","ชื่อ-สกุล รับเหมา":"รถตัดโรงงานเบอร์ 18","นักเกษตร":"1202","ศูนย์":"K2-15","โควตา":"728063","ชาวไร่":"นาย ณัฐวุฒิ คำเล็ก","ประเภทอ้อย":"ตอ1","พื้นที่":3.35,"ตันรวม":30.15,"รหัสแปลง":"320509161572","กลุ่ม":"กลุ่ม_15"},"geometry":{"type":"MultiPolygon","coordinates":[[[[968971.1864,1611799.464999999850988],[968974.39740000013262,1611834.498700000345707],[968980.809200000017881,1611840.710699999704957],[969089.377299999818206,1611821.132099999114871],[969080.36699999962002,1611774.695800000801682],[968972.663900000043213,1611794.1722999997437],[968971.1864,1611799.464999999850988]]]]}},
{"type":"Feature","properties":{"รหัสกลุ่มคิว":"15/004","รหัสรับเหมา":"738889","ชื่อ-สกุล รับเหมา":"รถตัดโรงงานเบอร์ 22","นักเกษตร":"1507","ศูนย์":"K2-15","โควตา":"710152","ชาวไร่":"นาง สุภาพร เพชรใสดี","ประเภทอ้อย":"ปลายฝน","พื้นที่":12.23,"ตันรวม":158.99,"รหัสแปลง":"320509171534","กลุ่ม":"กลุ่ม_15"},"geometry":{"type":"MultiPolygon","coordinates":[[[[975394.338000000454485,1615297.621400000527501],[975393.245000000111759,1615298.251800000667572],[975340.340699999593198,1615226.115499999374151],[975303.936200000345707,1615171.978000000119209],[975286.332999999634922,1615141.870300000533462],[975237.734899999573827,1615047.93129999935627],[975208.885999999940395,1615068.448799999430776],[975319.135900000110269,1615261.017200000584126],[975363.212100000120699,1615318.816400000825524],[975420.49239999987185,1615280.73200000077486],[975402.958399999886751,1615256.356899999082088],[975400.927400000393391,1615249.661699999123812],[975375.256599999964237,1615217.73340000025928],[975274.343500000424683,1615045.1283],[975264.717299999669194,1615049.378900000825524],[975257.649799999780953,1615042.401200000196695],[975246.209300000220537,1615047.356100000441074],[975255.687400000169873,1615078.600400000810623],[975286.105600000359118,1615135.0252],[975305.271399999968708,1615168.121300000697374],[975331.641699999570847,1615210.416600000113249],[975344.578200000338256,1615230.450099999085069],[975394.338000000454485,1615297.621400000527501]]]]}},
{"type":"Feature","properties":{"รหัสกลุ่มคิว":"15/007","รหัสรับเหมา":"722724","ชื่อ-สกุล รับเหมา":"นาง ณีรนุช แถวถิ่น","นักเกษตร":"1501","ศูนย์":"K2-15","โควตา":"715427","ชาวไร่":"นาย บรรลังทอง โฉลกดี","ประเภทอ้อย":"ปลายฝน","พื้นที่":6.42,"ตันรวม":83.46,"รหัสแปลง":"320606011506","กลุ่ม":"กลุ่ม_15"},"geometry":{"type":"MultiPolygon","coordinates":[[[[980715.395700000226498,1598699.211899999529123],[980859.622100000269711,1598914.973200000822544],[980865.470200000330806,1598918.156400000676513],[980880.254300000146031,1598900.350700000301003],[980893.499400000087917,1598894.926799999549985],[980869.981200000271201,1598863.786399999633431],[980847.075299999676645,1598825.826400000602007],[980796.892199999652803,1598748.947499999776483],[980747.585400000214577,1598676.484400000423193],[980715.395700000226498,1598699.211899999529123]]]]}},
{"type":"Feature","properties":{"รหัสกลุ่มคิว":"15/003","รหัสรับเหมา":"738889","ชื่อ-สกุล รับเหมา":"รถตัดโรงงานเบอร์ 18","นักเกษตร":"1202","ศูนย์":"K2-15","โควตา":"719441","ชาวไร่":"นางสาว หทัยรัตน์ ไม้สนธิ์","ประเภทอ้อย":"ตอ1","พื้นที่":5.17,"ตันรวม":46.53,"รหัสแปลง":"320606021553","กลุ่ม":"กลุ่ม_15"},"geometry":{"type":"MultiPolygon","coordinates":[[[[978361.723699999973178,1609317.593900000676513],[978288.466400000266731,1609292.740399999544024],[978253.089900000020862,1609394.881799999624491],[978325.12569999974221,1609418.901699999347329],[978361.723699999973178,1609317.593900000676513]]]]}},
{"type":"Feature","properties":{"รหัสกลุ่มคิว":"15/003","รหัสรับเหมา":"738889","ชื่อ-สกุล รับเหมา":"รถตัดโรงงานเบอร์ 18","นักเกษตร":"1202","ศูนย์":"K2-15","โควตา":"715230","ชาวไร่":"นางสาว ฤทัยขวัญ พูลสารยิ่ง","ประเภทอ้อย":"ตอ1","พื้นที่":9.76,"ตันรวม":87.84,"รหัสแปลง":"320606071502","กลุ่ม":"กลุ่ม_15"},"geometry":{"type":"MultiPolygon","coordinates":[[[[976314.187300000339746,1609082.8026],[976336.86629999987781,1609024.99269999936223],[976313.338899999856949,1609014.134199999272823],[976328.546099999919534,1608980.431500000879169],[976326.194600000046194,1608978.30599999986589],[976327.748300000093877,1608971.57039999961853],[976209.241200000047684,1608951.1085],[976141.310600000433624,1609028.346400000154972],[976314.187300000339746,1609082.8026]]]]}},
{"type":"Feature","properties":{"รหัสกลุ่มคิว":"15/007","รหัสรับเหมา":"722724","ชื่อ-สกุล รับเหมา":"นาง ณีรนุช แถวถิ่น","นักเกษตร":"1501","ศูนย์":"K2-15","โควตา":"715223","ชาวไร่":"นาง สมัย บุญมี","ประเภทอ้อย":"ปลายฝน","พื้นที่":4.89,"ตันรวม":63.57,"รหัสแปลง":"320606110150","กลุ่ม":"กลุ่ม_15"},"geometry":{"type":"MultiPolygon","coordinates":[[[[980780.256299999542534,1602723.4024],[980471.003499999642372,1602817.626800000667572],[980479.034500000067055,1602839.971400000154972],[980633.444099999964237,1602790.803400000557303],[980636.27419999986887,1602796.699300000444055],[980737.113199999555945,1602768.793600000441074],[980738.245299999602139,1602755.94480000063777],[980775.942099999636412,1602745.337200000882149],[980778.565899999812245,1602739.773700000718236],[980782.271099999547005,1602738.138499999418855],[980780.256299999542534,1602723.4024]]]]}},
{"type":"Feature","properties":{"รหัสกลุ่มคิว":"15/001","รหัสรับเหมา":"738889","ชื่อ-สกุล รับเหมา":"รถตัดโรงงานเบอร์ 01","นักเกษตร":"1503","ศูนย์":"K2-15","โควตา":"710579","ชาวไร่":"นางสาว รัชนี ชารัมย์","ประเภทอ้อย":"ตอ1","พื้นที่":7.13,"ตันรวม":64.17,"รหัสแปลง":"320509150034","กลุ่ม":"กลุ่ม_15"},"geometry":{"type":"MultiPolygon","coordinates":[[[[971785.247999999672174,1611961.661800000816584],[971778.607800000347197,1612063.585400000214577],[971888.668399999849498,1612071.431199999526143],[971891.652900000102818,1611962.966499999165535],[971785.247999999672174,1611961.661800000816584]]]]}},
{"type":"Feature","properties":{"รหัสกลุ่มคิว":"15/003","รหัสรับเหมา":"738889","ชื่อ-สกุล รับเหมา":"รถตัดโรงงานเบอร์ 18","นักเกษตร":"1202","ศูนย์":"K2-15","โควตา":"722602","ชาวไร่":"นาย แหลม ค้ำคูณ","ประเภทอ้อย":"ตอ2","พื้นที่":10.8,"ตันรวม":86.4,"รหัสแปลง":"320606030034","กลุ่ม":"กลุ่ม_15"},"geometry":{"type":"MultiPolygon","coordinates":[[[[979296.486399999819696,1610158.321699999272823],[979388.195199999958277,1610165.469799999147654],[979377.065200000070035,1610026.541200000792742],[979376.831000000238419,1609972.802799999713898],[979278.242999999783933,1609981.003000000491738],[979284.821100000292063,1610055.592199999839067],[979297.140999999828637,1610139.315700000151992],[979296.486399999819696,1610158.321699999272823]]]]}},
{"type":"Feature","properties":{"รหัสกลุ่มคิว":"15/007","รหัสรับเหมา":"722724","ชื่อ-สกุล รับเหมา":"นาง ณีรนุช แถวถิ่น","นักเกษตร":"1501","ศูนย์":"K2-15","โควตา":"722724","ชาวไร่":"นาง ณีรนุช แถวถิ่น","ประเภทอ้อย":"ตอ2","พื้นที่":13.93,"ตันรวม":111.44,"รหัสแปลง":"320606110118","กลุ่ม":"กลุ่ม_15"},"geometry":{"type":"MultiPolygon","coordinates":[[[[981114.510700000450015,1603366.082800000905991],[980991.357400000095367,1603365.920499999076128],[980989.003800000064075,1603410.005999999120831],[980992.036000000312924,1603445.530099999159575],[981040.6727,1603437.276399999856949],[981036.632699999958277,1603600.030899999663234],[981037.903800000436604,1603602.222200000658631],[981125.861399999819696,1603590.406199999153614],[981116.683600000105798,1603476.407199999317527],[981120.297500000335276,1603474.157600000500679],[981114.510700000450015,1603366.082800000905991]]]]}},
{"type":"Feature","properties":{"รหัสกลุ่มคิว":"15/004","รหัสรับเหมา":"738889","ชื่อ-สกุล รับเหมา":"รถตัดโรงงานเบอร์ 22","นักเกษตร":"1507","ศูนย์":"K2-15","โควตา":"710152","ชาวไร่":"นาง สุภาพร เพชรใสดี","ประเภทอ้อย":"ตอ1","พื้นที่":5.18,"ตันรวม":46.62,"รหัสแปลง":"321401151522","กลุ่ม":"กลุ่ม_15"},"geometry":{"type":"MultiPolygon","coordinates":[[[[972116.082299999892712,1605305.97829999960959],[972196.451200000010431,1605048.825099999085069],[972191.242300000041723,1605045.2357],[972190.332499999552965,1605043.247099999338388],[972190.127399999648333,1605042.388000000268221],[972192.286700000055134,1605037.762700000777841],[972181.118200000375509,1605035.021999999880791],[972144.988800000399351,1605148.244999999180436],[972127.88329999987036,1605140.147299999371171],[972127.231900000013411,1605141.934000000357628],[972105.580199999734759,1605211.557600000873208],[972104.855499999597669,1605215.9364],[972103.443900000303984,1605216.560499999672174],[972102.919900000095367,1605217.736300000920892],[972080.69550000037998,1605287.70160000026226],[972094.309000000357628,1605291.099199999123812],[972096.618999999947846,1605301.307399999350309],[972116.082299999892712,1605305.97829999960959]]]]}},
{"type":"Feature","properties":{"รหัสกลุ่มคิว":"15/001","รหัสรับเหมา":"738889","ชื่อ-สกุล รับเหมา":"รถตัดโรงงานเบอร์ 01","นักเกษตร":"1503","ศูนย์":"K2-15","โควตา":"711002","ชาวไร่":"นาง วันเพ็ญ สืบเทพ","ประเภทอ้อย":"ปลายฝน","พื้นที่":0.96,"ตันรวม":12.48,"รหัสแปลง":"320509015027","กลุ่ม":"กลุ่ม_15"},"geometry":{"type":"MultiPolygon","coordinates":[[[[974283.848199999891222,1608054.817099999636412],[974266.912700000219047,1608055.0456000007689],[974252.496899999678135,1608083.4243],[974244.887000000104308,1608095.11009999923408],[974239.284599999897182,1608114.784399999305606],[974266.584800000302494,1608118.823000000789762],[974268.167000000365078,1608092.785299999639392],[974281.604799999855459,1608087.128000000491738],[974283.848199999891222,1608054.817099999636412]]]]}},
{"type":"Feature","properties":{"รหัสกลุ่มคิว":"15/003","รหัสรับเหมา":"738889","ชื่อ-สกุล รับเหมา":"รถตัดโรงงานเบอร์ 18","นักเกษตร":"1202","ศูนย์":"K2-15","โควตา":"719292","ชาวไร่":"นางสาว สุจิตรา บุญอยู่","ประเภทอ้อย":"ตอ2","พื้นที่":5.13,"ตันรวม":41.04,"รหัสแปลง":"320509081514","กลุ่ม":"กลุ่ม_15"},"geometry":{"type":"MultiPolygon","coordinates":[[[[967803.70380000025034,1612582.57880000025034],[967803.939299999736249,1612617.9046],[967907.765800000168383,1612614.104499999433756],[967907.92090000025928,1612566.228800000622869],[967835.930700000375509,1612559.620300000533462],[967839.547399999573827,1612518.4869],[967783.389700000174344,1612504.444700000807643],[967779.818799999542534,1612550.036800000816584],[967803.207399999722838,1612554.712999999523163],[967803.70380000025034,1612582.57880000025034]]]]}},
{"type":"Feature","properties":{"รหัสกลุ่มคิว":"15/001","รหัสรับเหมา":"738889","ชื่อ-สกุล รับเหมา":"รถตัดโรงงานเบอร์ 01","นักเกษตร":"1503","ศูนย์":"K2-15","โควตา":"715011","ชาวไร่":"นาย สวัสดิ์ ศรีสุข","ประเภทอ้อย":"ต้นฝน","พื้นที่":2.56,"ตันรวม":28.16,"รหัสแปลง":"320509090044","กลุ่ม":"กลุ่ม_15"},"geometry":{"type":"MultiPolygon","coordinates":[[[[973589.066599999554455,1607141.523299999535084],[973465.289200000464916,1607137.591299999505281],[973459.271599999628961,1607173.586799999698997],[973594.160400000400841,1607168.8893],[973589.066599999554455,1607141.523299999535084]]]]}},
{"type":"Feature","properties":{"รหัสกลุ่มคิว":"15/004","รหัสรับเหมา":"738889","ชื่อ-สกุล รับเหมา":"รถตัดโรงงานเบอร์ 22","นักเกษตร":"1507","ศูนย์":"K2-15","โควตา":"710492","ชาวไร่":"นาย ชูเกียรติ แสงลํ้า","ประเภทอ้อย":"ตอ1","พื้นที่":4.58,"ตันรวม":41.22,"รหัสแปลง":"320509091529","กลุ่ม":"กลุ่ม_15"},"geometry":{"type":"MultiPolygon","coordinates":[[[[972412.859000000171363,1607064.89949999935925],[972600.735700000077486,1607112.0921],[972606.834599999710917,1607072.41330000013113],[972455.369800000451505,1607035.297800000756979],[972451.404799999669194,1607044.528400000184774],[972414.981300000101328,1607034.252699999138713],[972412.859000000171363,1607064.89949999935925]]]]}},
{"type":"Feature","properties":{"รหัสกลุ่มคิว":"15/001","รหัสรับเหมา":"738889","ชื่อ-สกุล รับเหมา":"รถตัดโรงงานเบอร์ 01","นักเกษตร":"1503","ศูนย์":"K2-15","โควตา":"719368","ชาวไร่":"นาย ประยงค์ จำนงมี","ประเภทอ้อย":"ตอ1","พื้นที่":6.05,"ตันรวม":54.45,"รหัสแปลง":"320509110034","กลุ่ม":"กลุ่ม_15"},"geometry":{"type":"MultiPolygon","coordinates":[[[[974078.984299999661744,1611102.686799999326468],[974019.699900000356138,1611034.827600000426173],[973915.984400000423193,1611080.800300000235438],[974015.938000000081956,1611153.100999999791384],[974078.984299999661744,1611102.686799999326468]]]]}},
{"type":"Feature","properties":{"รหัสกลุ่มคิว":"15/004","รหัสรับเหมา":"738889","ชื่อ-สกุล รับเหมา":"รถตัดโรงงานเบอร์ 22","นักเกษตร":"1507","ศูนย์":"K2-15","โควตา":"710963","ชาวไร่":"นาย สุรศักดิ์ ใจพินิจ","ประเภทอ้อย":"ตอ1","พื้นที่":5.18,"ตันรวม":46.62,"รหัสแปลง":"320509130031","กลุ่ม":"กลุ่ม_15"},"geometry":{"type":"MultiPolygon","coordinates":[[[[971265.525899999774992,1607586.409099999815226],[971311.089700000360608,1607428.061599999666214],[971271.778599999845028,1607413.191099999472499],[971209.749099999666214,1607622.292899999767542],[971240.754399999976158,1607617.582800000905991],[971245.816100000403821,1607586.3059],[971265.525899999774992,1607586.409099999815226]]]]}},
{"type":"Feature","properties":{"รหัสกลุ่มคิว":"15/004","รหัสรับเหมา":"738889","ชื่อ-สกุล รับเหมา":"รถตัดโรงงานเบอร์ 22","นักเกษตร":"1507","ศูนย์":"K2-15","โควตา":"715666","ชาวไร่":"นาย นคร สาลี","ประเภทอ้อย":"ตอ1","พื้นที่":8.68,"ตันรวม":78.12,"รหัสแปลง":"320509130178","กลุ่ม":"กลุ่ม_15"},"geometry":{"type":"MultiPolygon","coordinates":[[[[970197.389600000344217,1607780.822300000116229],[970159.128999999724329,1607634.477099999785423],[970139.997899999842048,1607634.760800000280142],[970139.767,1607638.3048],[970137.84250000026077,1607639.596899999305606],[970131.932699999772012,1607640.543400000780821],[970129.039499999955297,1607640.214199999347329],[970123.678199999965727,1607639.428600000217557],[970160.927899999544024,1607793.560000000521541],[970162.684700000099838,1607822.445599999278784],[970169.286999999545515,1608006.866100000217557],[970207.774400000460446,1607999.237500000745058],[970199.712799999862909,1607786.381699999794364],[970165.521200000308454,1607793.140799999237061],[970163.450600000098348,1607788.84180000051856],[970197.389600000344217,1607780.822300000116229]]]]}},
{"type":"Feature","properties":{"รหัสกลุ่มคิว":"15/004","รหัสรับเหมา":"738889","ชื่อ-สกุล รับเหมา":"รถตัดโรงงานเบอร์ 22","นักเกษตร":"1507","ศูนย์":"K2-15","โควตา":"710963","ชาวไร่":"นาย สุรศักดิ์ ใจพินิจ","ประเภทอ้อย":"ตอ1","พื้นที่":7.44,"ตันรวม":66.96,"รหัสแปลง":"320509130296","กลุ่ม":"กลุ่ม_15"},"geometry":{"type":"MultiPolygon","coordinates":[[[[971190.093399999663234,1607383.229599999263883],[971163.77419999986887,1607375.145600000396371],[971102.443900000303984,1607587.180299999192357],[971090.488800000399351,1607635.798100000247359],[971103.291799999773502,1607637.595899999141693],[971135.531999999657273,1607631.716900000348687],[971170.802099999971688,1607625.180500000715256],[971186.488099999725819,1607572.8805],[971179.493700000457466,1607571.759400000795722],[971152.307699999772012,1607558.663899999111891],[971151.960799999535084,1607556.629599999636412],[971155.345900000073016,1607545.594200000166893],[971166.39740000013262,1607497.723400000482798],[971177.41370000038296,1607443.788899999111891],[971189.182000000029802,1607393.363900000229478],[971190.093399999663234,1607383.229599999263883]]]]}},
{"type":"Feature","properties":{"รหัสกลุ่มคิว":"15/001","รหัสรับเหมา":"738889","ชื่อ-สกุล รับเหมา":"รถตัดโรงงานเบอร์ 01","นักเกษตร":"1503","ศูนย์":"K2-15","โควตา":"715256","ชาวไร่":"นางสาว อุรารัตน์ สุวคนธ์","ประเภทอ้อย":"ปลายฝน","พื้นที่":10.02,"ตันรวม":130.26,"รหัสแปลง":"320606060062","กลุ่ม":"กลุ่ม_15"},"geometry":{"type":"MultiPolygon","coordinates":[[[[973688.05489999987185,1605845.761600000783801],[973689.027999999932945,1605841.526200000196695],[973694.228600000031292,1605839.343299999833107],[973726.74100000038743,1605700.340399999171495],[973725.528099999763072,1605696.751900000497699],[973663.489699999801815,1605678.637199999764562],[973586.235500000417233,1605768.188999999314547],[973562.828999999910593,1605810.152499999850988],[973688.05489999987185,1605845.761600000783801]]]]}},
{"type":"Feature","properties":{"รหัสกลุ่มคิว":"15/003","รหัสรับเหมา":"738889","ชื่อ-สกุล รับเหมา":"รถตัดโรงงานเบอร์ 18","นักเกษตร":"1202","ศูนย์":"K2-15","โควตา":"715230","ชาวไร่":"นางสาว ฤทัยขวัญ พูลสารยิ่ง","ประเภทอ้อย":"ปลายฝน","พื้นที่":7.56,"ตันรวม":98.28,"รหัสแปลง":"320606120069","กลุ่ม":"กลุ่ม_15"},"geometry":{"type":"MultiPolygon","coordinates":[[[[977330.540500000119209,1604001.701099999248981],[977263.320000000298023,1604009.112999999895692],[977270.721900000236928,1604172.3293999992311],[977345.750500000081956,1604173.364099999889731],[977341.980499999597669,1604116.054700000211596],[977337.53249999973923,1604065.686499999836087],[977330.540500000119209,1604001.701099999248981]]]]}},
{"type":"Feature","properties":{"รหัสกลุ่มคิว":"15/001","รหัสรับเหมา":"738889","ชื่อ-สกุล รับเหมา":"รถตัดโรงงานเบอร์ 01","นักเกษตร":"1503","ศูนย์":"K2-15","โควตา":"719077","ชาวไร่":"นาง คำใบ ลักขษร","ประเภทอ้อย":"ตอ1","พื้นที่":3.81,"ตันรวม":34.29,"รหัสแปลง":"320509010010","กลุ่ม":"กลุ่ม_15"},"geometry":{"type":"MultiPolygon","coordinates":[[[[974170.507799999788404,1608475.868200000375509],[974294.108300000429153,1608470.344699999317527],[974291.445700000040233,1608414.299000000581145],[974187.908200000412762,1608423.518100000917912],[974170.507799999788404,1608475.868200000375509]]]]}},
{"type":"Feature","properties":{"รหัสกลุ่มคิว":"15/004","รหัสรับเหมา":"738889","ชื่อ-สกุล รับเหมา":"รถตัดโรงงานเบอร์ 22","นักเกษตร":"1507","ศูนย์":"K2-15","โควตา":"710186","ชาวไร่":"นาง สมศรี ศรีสุข","ประเภทอ้อย":"ตอ2","พื้นที่":4.89,"ตันรวม":39.12,"รหัสแปลง":"320509090010","กลุ่ม":"กลุ่ม_15"},"geometry":{"type":"MultiPolygon","coordinates":[[[[972091.804100000299513,1607341.193099999800324],[972064.916000000201166,1607460.519099999219179],[972100.757799999788404,1607473.312400000169873],[972099.306900000199676,1607487.9989],[972123.612700000405312,1607494.897299999371171],[972151.524600000120699,1607383.298000000417233],[972091.804100000299513,1607341.193099999800324]]]]}},
{"type":"Feature","properties":{"รหัสกลุ่มคิว":"15/001","รหัสรับเหมา":"738889","ชื่อ-สกุล รับเหมา":"รถตัดโรงงานเบอร์ 01","นักเกษตร":"1503","ศูนย์":"K2-15","โควตา":"710924","ชาวไร่":"นาย ทา เชือดรัมย์","ประเภทอ้อย":"ปลายฝน","พื้นที่":8.7,"ตันรวม":113.1,"รหัสแปลง":"320509110019","กลุ่ม":"กลุ่ม_15"},"geometry":{"type":"MultiPolygon","coordinates":[[[[973930.041500000283122,1610488.6031],[973951.305499999783933,1610534.67850000038743],[974037.099499999545515,1610559.25789999961853],[973956.7652000002563,1610363.584799999371171],[973915.034799999557436,1610370.175499999895692],[973891.562699999660254,1610373.2358],[973891.026100000366569,1610373.0406],[973885.682099999859929,1610369.979499999433756],[973883.010099999606609,1610368.448899999260902],[973881.043899999931455,1610367.671499999240041],[973878.343399999663234,1610367.6195],[973878.879999999888241,1610367.8147],[973930.041500000283122,1610488.6031]]]]}},
{"type":"Feature","properties":{"รหัสกลุ่มคิว":"15/004","รหัสรับเหมา":"738889","ชื่อ-สกุล รับเหมา":"รถตัดโรงงานเบอร์ 22","นักเกษตร":"1507","ศูนย์":"K2-15","โควตา":"710963","ชาวไร่":"นาย สุรศักดิ์ ใจพินิจ","ประเภทอ้อย":"ปลายฝน","พื้นที่":6.54,"ตันรวม":85.02,"รหัสแปลง":"320509130022","กลุ่ม":"กลุ่ม_15"},"geometry":{"type":"MultiPolygon","coordinates":[[[[971157.552000000141561,1607557.9408],[971172.488800000399351,1607568.024800000712276],[971188.2341,1607573.502499999478459],[971258.965400000102818,1607322.133899999782443],[971225.042100000195205,1607306.510199999436736],[971194.184299999848008,1607384.8608],[971157.552000000141561,1607557.9408]]]]}},
{"type":"Feature","properties":{"รหัสกลุ่มคิว":"15/004","รหัสรับเหมา":"738889","ชื่อ-สกุล รับเหมา":"รถตัดโรงงานเบอร์ 22","นักเกษตร":"1507","ศูนย์":"K2-15","โควตา":"710931","ชาวไร่":"นาง ปราณี แสนกล้า","ประเภทอ้อย":"ปลายฝน","พื้นที่":6.98,"ตันรวม":90.74,"รหัสแปลง":"320509130087","กลุ่ม":"กลุ่ม_15"},"geometry":{"type":"MultiPolygon","coordinates":[[[[969302.793300000019372,1607027.366399999707937],[969311.396099999547005,1607081.234999999403954],[969309.842299999669194,1607086.723799999803305],[969377.324599999934435,1607076.6798],[969378.226599999703467,1607050.662699999287724],[969405.848699999973178,1607048.011],[969411.087000000290573,1607071.4265],[969467.151999999769032,1607062.406500000506639],[969557.558000000193715,1607048.967499999329448],[969551.700699999928474,1607035.920099999755621],[969496.659699999727309,1607039.462300000712276],[969489.251899999566376,1607001.788599999621511],[969302.793300000019372,1607027.366399999707937]]]]}},
{"type":"Feature","properties":{"รหัสกลุ่มคิว":"15/001","รหัสรับเหมา":"738889","ชื่อ-สกุล รับเหมา":"รถตัดโรงงานเบอร์ 01","นักเกษตร":"1503","ศูนย์":"K2-15","โควตา":"719076","ชาวไร่":"นาง กฤษติยา ผายสุวรรณ์","ประเภทอ้อย":"ตอ1","พื้นที่":7.02,"ตันรวม":63.18,"รหัสแปลง":"320606040032","กลุ่ม":"กลุ่ม_15"},"geometry":{"type":"MultiPolygon","coordinates":[[[[974855.408099999651313,1608676.830800000578165],[974906.3591,1608680.886600000783801],[974901.049999999813735,1608476.75760000012815],[974895.464399999938905,1608471.63370000012219],[974887.743200000375509,1608468.307700000703335],[974884.969499999657273,1608456.632099999114871],[974848.420099999755621,1608456.35080000013113],[974855.408099999651313,1608676.830800000578165]]]]}},
{"type":"Feature","properties":{"รหัสกลุ่มคิว":"15/007","รหัสรับเหมา":"722724","ชื่อ-สกุล รับเหมา":"นาง ณีรนุช แถวถิ่น","นักเกษตร":"1501","ศูนย์":"K2-15","โควตา":"715112","ชาวไร่":"นาง สงบ ประสมทรัพย์","ประเภทอ้อย":"ปลายฝน","พื้นที่":8.0,"ตันรวม":104.0,"รหัสแปลง":"320606110078","กลุ่ม":"กลุ่ม_15"},"geometry":{"type":"MultiPolygon","coordinates":[[[[981885.963999999687076,1601046.269799999892712],[982048.792000000365078,1601276.458799999207258],[982089.53870000038296,1601253.087300000712276],[981943.854500000365078,1601051.736400000751019],[981935.072599999606609,1601043.522299999371171],[981921.347199999727309,1601021.513299999758601],[981885.963999999687076,1601046.269799999892712]]]]}},
{"type":"Feature","properties":{"รหัสกลุ่มคิว":"15/008","รหัสรับเหมา":null,"ชื่อ-สกุล รับเหมา":null,"นักเกษตร":"1502","ศูนย์":"K2-15","โควตา":"726978","ชาวไร่":"นาย สุนทร เยียวรัมย์","ประเภทอ้อย":"ตอ1","พื้นที่":12.2,"ตันรวม":109.8,"รหัสแปลง":"320501090016","กลุ่ม":"กลุ่ม_15"},"geometry":{"type":"MultiPolygon","coordinates":[[[[977514.199799999594688,1625971.362600000575185],[977455.731800000183284,1625969.025399999693036],[977518.275200000032783,1626442.763699999079108],[977542.644600000232458,1626440.861500000581145],[977514.199799999594688,1625971.362600000575185]]]]}},
{"type":"Feature","properties":{"รหัสกลุ่มคิว":"15/001","รหัสรับเหมา":"738889","ชื่อ-สกุล รับเหมา":"รถตัดโรงงานเบอร์ 01","นักเกษตร":"1503","ศูนย์":"K2-15","โควตา":"715093","ชาวไร่":"นาง จีรพันธุ์ ลักขษร","ประเภทอ้อย":"ตอ1","พื้นที่":13.62,"ตันรวม":122.58,"รหัสแปลง":"320509150032","กลุ่ม":"กลุ่ม_15"},"geometry":{"type":"MultiPolygon","coordinates":[[[[970771.639999999664724,1612069.425200000405312],[971066.426799999549985,1612100.239],[971065.933000000193715,1612097.480900000780821],[971065.465200000442564,1612089.531899999827147],[971072.730200000107288,1612027.807700000703335],[970915.881299999542534,1612010.296299999579787],[970913.408200000412762,1612005.615499999374151],[970794.687699999660254,1611993.349600000306964],[970793.303399999625981,1611995.5559],[970780.629700000397861,1612033.072599999606609],[970777.409500000067055,1612043.626199999824166],[970773.781499999575317,1612053.929199999198318],[970771.639999999664724,1612069.425200000405312]]]]}},
{"type":"Feature","properties":{"รหัสกลุ่มคิว":"15/007","รหัสรับเหมา":"722724","ชื่อ-สกุล รับเหมา":"นาง ณีรนุช แถวถิ่น","นักเกษตร":"1501","ศูนย์":"K2-15","โควตา":"719438","ชาวไร่":"นาย วรเชษฐ ศิริชัย","ประเภทอ้อย":"ตอ1","พื้นที่":2.4,"ตันรวม":21.6,"รหัสแปลง":"320606010053","กลุ่ม":"กลุ่ม_15"},"geometry":{"type":"MultiPolygon","coordinates":[[[[980556.939000000245869,1599305.5789],[980492.511800000444055,1599221.41190000064671],[980483.003299999982119,1599235.928600000217557],[980485.264399999752641,1599248.001299999654293],[980472.052099999971688,1599255.483799999579787],[980529.267799999564886,1599333.683399999514222],[980542.583100000396371,1599325.52170000039041],[980556.939000000245869,1599305.5789]]]]}},
{"type":"Feature","properties":{"รหัสกลุ่มคิว":"15/007","รหัสรับเหมา":"722724","ชื่อ-สกุล รับเหมา":"นาง ณีรนุช แถวถิ่น","นักเกษตร":"1501","ศูนย์":"K2-15","โควตา":"722724","ชาวไร่":"นาง ณีรนุช แถวถิ่น","ประเภทอ้อย":"ตอ2","พื้นที่":26.47,"ตันรวม":211.76,"รหัสแปลง":"320504070040","กลุ่ม":"กลุ่ม_15"},"geometry":{"type":"MultiPolygon","coordinates":[[[[967517.301799999549985,1616142.264499999582767],[967432.371299999766052,1616117.197300000116229],[967367.448800000362098,1616106.4869],[967317.786100000143051,1616097.977900000289083],[967296.279900000430644,1616091.3717],[967265.424999999813735,1616088.166400000452995],[967228.468700000084937,1616081.11460000090301],[967229.056300000287592,1616135.652699999511242],[967241.854299999773502,1616153.084899999201298],[967255.175800000317395,1616194.151900000870228],[967263.370199999772012,1616228.939500000327826],[967267.25069999974221,1616232.380000000819564],[967268.172600000165403,1616239.096000000834465],[967283.349799999967217,1616249.306199999526143],[967298.242300000041723,1616252.75929999910295],[967310.731700000353158,1616259.2369],[967323.439799999818206,1616266.488399999216199],[967330.337899999693036,1616267.977700000628829],[967357.449400000274181,1616274.018799999728799],[967370.109899999573827,1616279.062100000679493],[967383.242899999953806,1616285.896999999880791],[967400.233599999919534,1616290.683499999344349],[967418.091699999757111,1616294.683599999174476],[967470.10950000025332,1616303.27449999935925],[967517.301799999549985,1616142.264499999582767]]]]}},
{"type":"Feature","properties":{"รหัสกลุ่มคิว":"15/001","รหัสรับเหมา":"738889","ชื่อ-สกุล รับเหมา":"รถตัดโรงงานเบอร์ 01","นักเกษตร":"1503","ศูนย์":"K2-15","โควตา":"710579","ชาวไร่":"นางสาว รัชนี ชารัมย์","ประเภทอ้อย":"ตอ1","พื้นที่":6.22,"ตันรวม":55.98,"รหัสแปลง":"320509150014","กลุ่ม":"กลุ่ม_15"},"geometry":{"type":"MultiPolygon","coordinates":[[[[971573.068900000303984,1612042.083499999716878],[971572.536199999973178,1612026.723500000312924],[971573.560600000433624,1612008.9408],[971599.188500000163913,1612009.529400000348687],[971597.591199999675155,1611959.296299999579787],[971563.577100000344217,1611962.159499999135733],[971558.042200000025332,1611946.995200000703335],[971517.962600000202656,1611959.623199999332428],[971508.310300000011921,1611960.310799999162555],[971463.687400000169873,1611980.192700000479817],[971453.720099999569356,1611990.361700000241399],[971452.471199999563396,1612030.541300000622869],[971573.068900000303984,1612042.083499999716878]]]]}},
{"type":"Feature","properties":{"รหัสกลุ่มคิว":"15/007","รหัสรับเหมา":"722724","ชื่อ-สกุล รับเหมา":"นาง ณีรนุช แถวถิ่น","นักเกษตร":"1501","ศูนย์":"K2-15","โควตา":"722744","ชาวไร่":"นาย สัมพันธ์ สุขพินิจ","ประเภทอ้อย":"ปลายฝน","พื้นที่":12.24,"ตันรวม":159.12,"รหัสแปลง":"320606010179","กลุ่ม":"กลุ่ม_15"},"geometry":{"type":"MultiPolygon","coordinates":[[[[980986.153500000014901,1599214.562100000679493],[981049.164599999785423,1599291.546399999409914],[981080.982099999673665,1599290.653400000184774],[981129.552699999883771,1599258.205700000748038],[981156.491600000299513,1599256.069700000807643],[981194.463600000366569,1599218.74349999986589],[981123.285500000230968,1599118.98589999973774],[980986.153500000014901,1599214.562100000679493]]]]}},
{"type":"Feature","properties":{"รหัสกลุ่มคิว":"15/008","รหัสรับเหมา":null,"ชื่อ-สกุล รับเหมา":null,"นักเกษตร":"1502","ศูนย์":"K2-15","โควตา":"715404","ชาวไร่":"นาง สะอาดจิต แสนกล้า","ประเภทอ้อย":"ตอ2","พื้นที่":5.42,"ตันรวม":43.36,"รหัสแปลง":"320501183008","กลุ่ม":"กลุ่ม_15"},"geometry":{"type":"MultiPolygon","coordinates":[[[[971488.693799999542534,1621939.170099999755621],[971554.16469999961555,1621948.143400000408292],[971552.600200000219047,1621886.801000000908971],[971522.4523,1621884.841900000348687],[971522.669900000095367,1621842.498999999836087],[971549.506799999624491,1621842.425200000405312],[971547.11809999961406,1621797.352],[971481.658499999903142,1621793.19649999961257],[971484.011599999852479,1621885.6754],[971488.693799999542534,1621939.170099999755621]]]]}},
{"type":"Feature","properties":{"รหัสกลุ่มคิว":"15/008","รหัสรับเหมา":null,"ชื่อ-สกุล รับเหมา":null,"นักเกษตร":"1502","ศูนย์":"K2-15","โควตา":"726072","ชาวไร่":"นาย ลิม มีบุตรดี","ประเภทอ้อย":"ปลายฝน","พื้นที่":6.46,"ตันรวม":83.98,"รหัสแปลง":"320506060032","กลุ่ม":"กลุ่ม_15"},"geometry":{"type":"MultiPolygon","coordinates":[[[[979111.931400000117719,1624229.38230000063777],[979142.9534,1624408.984400000423193],[979170.035099999979138,1624404.147700000554323],[979172.706000000238419,1624403.168500000610948],[979176.760700000450015,1624397.395199999213219],[979179.769899999722838,1624401.781999999657273],[979206.847000000067055,1624398.716900000348687],[979177.553299999795854,1624251.861600000411272],[979111.931400000117719,1624229.38230000063777]]]]}},
{"type":"Feature","properties":{"รหัสกลุ่มคิว":"15/008","รหัสรับเหมา":null,"ชื่อ-สกุล รับเหมา":null,"นักเกษตร":"1502","ศูนย์":"K2-15","โควตา":"710492","ชาวไร่":"นาย ชูเกียรติ แสงลํ้า","ประเภทอ้อย":"ตอ1","พื้นที่":11.65,"ตันรวม":104.85,"รหัสแปลง":"320501171501","กลุ่ม":"กลุ่ม_15"},"geometry":{"type":"MultiPolygon","coordinates":[[[[977115.890599999576807,1622425.360500000417233],[977131.458899999968708,1622523.637299999594688],[977216.588499999605119,1622518.682099999859929],[977210.72580000013113,1622437.00650000013411],[977200.271399999968708,1622313.145099999383092],[977111.448400000110269,1622322.999399999156594],[977110.034300000406802,1622378.687100000679493],[977115.890599999576807,1622425.360500000417233]]]]}},
{"type":"Feature","properties":{"รหัสกลุ่มคิว":"15/008","รหัสรับเหมา":null,"ชื่อ-สกุล รับเหมา":null,"นักเกษตร":"1502","ศูนย์":"K2-15","โควตา":"716304","ชาวไร่":"นาง ราตรี ระบือนาม","ประเภทอ้อย":"ปลายฝน","พื้นที่":7.6,"ตันรวม":98.8,"รหัสแปลง":"320502021562","กลุ่ม":"กลุ่ม_15"},"geometry":{"type":"MultiPolygon","coordinates":[[[[981338.110299999825656,1634331.261199999600649],[981147.699599999934435,1634348.285499999299645],[981153.777900000102818,1634379.691600000485778],[981170.449099999852479,1634380.6064],[981173.900700000114739,1634411.4101],[981357.167500000447035,1634394.630200000479817],[981338.110299999825656,1634331.261199999600649]]]]}},
{"type":"Feature","properties":{"รหัสกลุ่มคิว":"15/008","รหัสรับเหมา":null,"ชื่อ-สกุล รับเหมา":null,"นักเกษตร":"1502","ศูนย์":"K2-15","โควตา":"713663","ชาวไร่":"นาง ศิรประภา หมู่แสนกอ","ประเภทอ้อย":"ปลายฝน","พื้นที่":5.07,"ตันรวม":65.91,"รหัสแปลง":"320502060003","กลุ่ม":"กลุ่ม_15"},"geometry":{"type":"MultiPolygon","coordinates":[[[[980222.003399999812245,1630748.116900000721216],[980190.634100000374019,1630627.512199999764562],[980140.78760000038892,1630633.587200000882149],[980181.974700000137091,1630784.688999999314547],[980231.197800000198185,1630777.805299999192357],[980232.361200000159442,1630770.360999999567866],[980246.384399999864399,1630769.447100000455976],[980243.212199999950826,1630745.969499999657273],[980222.003399999812245,1630748.116900000721216]]]]}},
{"type":"Feature","properties":{"รหัสกลุ่มคิว":"15/008","รหัสรับเหมา":null,"ชื่อ-สกุล รับเหมา":null,"นักเกษตร":"1502","ศูนย์":"K2-15","โควตา":"716309","ชาวไร่":"นาง พยอม เพชรใสดี","ประเภทอ้อย":"ปลายฝน","พื้นที่":1.08,"ตันรวม":14.04,"รหัสแปลง":"320502061655","กลุ่ม":"กลุ่ม_15"},"geometry":{"type":"MultiPolygon","coordinates":[[[[980080.564000000245869,1630325.075099999085069],[980060.802600000053644,1630327.562000000849366],[980069.971199999563396,1630405.478199999779463],[980093.61089999973774,1630404.0987],[980080.564000000245869,1630325.075099999085069]]]]}},
{"type":"Feature","properties":{"รหัสกลุ่มคิว":"15/008","รหัสรับเหมา":null,"ชื่อ-สกุล รับเหมา":null,"นักเกษตร":"1502","ศูนย์":"K2-15","โควตา":"716309","ชาวไร่":"นาง พยอม เพชรใสดี","ประเภทอ้อย":"ตอ2","พื้นที่":4.65,"ตันรวม":37.2,"รหัสแปลง":"320502061660","กลุ่ม":"กลุ่ม_15"},"geometry":{"type":"MultiPolygon","coordinates":[[[[980204.103199999779463,1630303.683700000867248],[980135.589599999599159,1630308.098200000822544],[980131.142799999564886,1630397.736600000411272],[980215.419700000435114,1630409.02449999935925],[980204.103199999779463,1630303.683700000867248]]]]}},
{"type":"Feature","properties":{"รหัสกลุ่มคิว":"15/001","รหัสรับเหมา":"738889","ชื่อ-สกุล รับเหมา":"รถตัดโรงงานเบอร์ 01","นักเกษตร":"1503","ศูนย์":"K2-15","โควตา":"719136","ชาวไร่":"นาย ธเนศ สีน้ำคำ","ประเภทอ้อย":"ต้นฝน","พื้นที่":20.63,"ตันรวม":226.93,"รหัสแปลง":"320504051640","กลุ่ม":"กลุ่ม_15"},"geometry":{"type":"MultiPolygon","coordinates":[[[[968208.282300000078976,1619533.261800000444055],[968347.205799999646842,1619061.837099999189377],[968318.992700000293553,1619051.2138],[968289.16440000012517,1619144.423000000417233],[968246.854100000113249,1619135.062699999660254],[968135.340499999932945,1619508.894899999722838],[968208.282300000078976,1619533.261800000444055]]]]}},
{"type":"Feature","properties":{"รหัสกลุ่มคิว":"15/004","รหัสรับเหมา":"738889","ชื่อ-สกุล รับเหมา":"รถตัดโรงงานเบอร์ 22","นักเกษตร":"1507","ศูนย์":"K2-15","โควตา":"710469","ชาวไร่":"นาง วันเพ็ญ ฉนวนรัมย์","ประเภทอ้อย":"ต้นฝน","พื้นที่":12.11,"ตันรวม":133.21,"รหัสแปลง":"320509111501","กลุ่ม":"กลุ่ม_15"},"geometry":{"type":"MultiPolygon","coordinates":[[[[975061.73340000025928,1609434.845200000330806],[975058.998800000175834,1609383.832499999552965],[975051.27240000013262,1609338.2043999992311],[974950.21999999973923,1609350.475600000470877],[974911.378299999982119,1609352.04109999909997],[974907.938699999824166,1609397.020400000736117],[974757.389899999834597,1609398.2763],[974739.120900000445545,1609392.760600000619888],[974739.411999999545515,1609394.374500000849366],[974746.492999999783933,1609398.367200000211596],[974750.490100000053644,1609427.610999999567866],[974737.058899999596179,1609430.503200000151992],[974738.616200000047684,1609435.5395],[975061.73340000025928,1609434.845200000330806]]]]}},
{"type":"Feature","properties":{"รหัสกลุ่มคิว":"15/004","รหัสรับเหมา":"738889","ชื่อ-สกุล รับเหมา":"รถตัดโรงงานเบอร์ 22","นักเกษตร":"1507","ศูนย์":"K2-15","โควตา":"715497","ชาวไร่":"นางสาว อนงค์ แหวนวิเศษ","ประเภทอ้อย":"ตอ1","พื้นที่":3.44,"ตันรวม":30.96,"รหัสแปลง":"320509121521","กลุ่ม":"กลุ่ม_15"},"geometry":{"type":"MultiPolygon","coordinates":[[[[969770.847099999897182,1609389.39750000089407],[969755.87569999974221,1609334.020300000905991],[969672.111200000159442,1609353.865900000557303],[969675.740299999713898,1609380.74129999987781],[969686.895600000396371,1609419.037499999627471],[969770.847099999897182,1609389.39750000089407]]]]}},
{"type":"Feature","properties":{"รหัสกลุ่มคิว":"15/004","รหัสรับเหมา":"738889","ชื่อ-สกุล รับเหมา":"รถตัดโรงงานเบอร์ 22","นักเกษตร":"1507","ศูนย์":"K2-15","โควตา":"710152","ชาวไร่":"นาง สุภาพร เพชรใสดี","ประเภทอ้อย":"ตอ1","พื้นที่":9.43,"ตันรวม":84.87,"รหัสแปลง":"320509130009","กลุ่ม":"กลุ่ม_15"},"geometry":{"type":"MultiPolygon","coordinates":[[[[970636.020499999634922,1606528.457900000736117],[970604.723600000143051,1606522.464999999850988],[970499.037700000219047,1606844.410800000652671],[970496.265399999916553,1606841.200999999418855],[970516.533200000412762,1606780.687999999150634],[970480.302600000053644,1606768.6721],[970459.813699999824166,1606845.919199999421835],[970475.840400000102818,1606845.531899999827147],[970486.45160000026226,1606840.852800000458956],[970497.628700000233948,1606847.85249999910593],[970494.653599999845028,1606858.542999999597669],[970531.209099999628961,1606867.403799999505281],[970533.058100000023842,1606864.748199999332428],[970636.020499999634922,1606528.457900000736117]]]]}},
{"type":"Feature","properties":{"รหัสกลุ่มคิว":"15/004","รหัสรับเหมา":"738889","ชื่อ-สกุล รับเหมา":"รถตัดโรงงานเบอร์ 22","นักเกษตร":"1507","ศูนย์":"K2-15","โควตา":"710469","ชาวไร่":"นาง วันเพ็ญ ฉนวนรัมย์","ประเภทอ้อย":"ตอ1","พื้นที่":9.69,"ตันรวม":87.21,"รหัสแปลง":"320509130019","กลุ่ม":"กลุ่ม_15"},"geometry":{"type":"MultiPolygon","coordinates":[[[[969904.66260000038892,1607884.796],[969915.913399999961257,1608087.786499999463558],[969936.119199999608099,1608088.421800000593066],[969933.173499999567866,1608069.388900000602007],[969943.71889999974519,1608066.481100000441074],[969991.257500000298023,1608065.872199999168515],[969974.916899999603629,1607845.86089999973774],[969970.049599999561906,1607844.273900000378489],[969960.191499999724329,1607850.067800000309944],[969950.814000000245869,1607857.969499999657273],[969922.002600000239909,1607876.482699999585748],[969904.66260000038892,1607884.796]]]]}},
{"type":"Feature","properties":{"รหัสกลุ่มคิว":"15/004","รหัสรับเหมา":"738889","ชื่อ-สกุล รับเหมา":"รถตัดโรงงานเบอร์ 22","นักเกษตร":"1507","ศูนย์":"K2-15","โควตา":"710469","ชาวไร่":"นาง วันเพ็ญ ฉนวนรัมย์","ประเภทอ้อย":"ตอ2","พื้นที่":7.2,"ตันรวม":57.6,"รหัสแปลง":"320509130033","กลุ่ม":"กลุ่ม_15"},"geometry":{"type":"MultiPolygon","coordinates":[[[[970498.022699999623001,1607177.130200000479817],[970471.896300000138581,1607172.519400000572205],[970394.656299999915063,1607442.0998],[970374.307000000029802,1607511.589299999177456],[970357.580299999564886,1607576.379300000146031],[970387.846099999733269,1607571.6108],[970498.022699999623001,1607177.130200000479817]]]]}},
{"type":"Feature","properties":{"รหัสกลุ่มคิว":"15/004","รหัสรับเหมา":"738889","ชื่อ-สกุล รับเหมา":"รถตัดโรงงานเบอร์ 22","นักเกษตร":"1507","ศูนย์":"K2-15","โควตา":"715666","ชาวไร่":"นาย นคร สาลี","ประเภทอ้อย":"ตอ2","พื้นที่":6.69,"ตันรวม":53.52,"รหัสแปลง":"320509130048","กลุ่ม":"กลุ่ม_15"},"geometry":{"type":"MultiPolygon","coordinates":[[[[970740.7034,1608124.7642],[970744.228699999861419,1608031.662599999457598],[970621.471099999733269,1608028.093599999323487],[970640.931400000117719,1608127.4923],[970740.7034,1608124.7642]]]]}},
{"type":"Feature","properties":{"รหัสกลุ่มคิว":"15/004","รหัสรับเหมา":"738889","ชื่อ-สกุล รับเหมา":"รถตัดโรงงานเบอร์ 22","นักเกษตร":"1507","ศูนย์":"K2-15","โควตา":"719479","ชาวไร่":"นาง สมหมาย สุขจิตร","ประเภทอ้อย":"ตอ1","พื้นที่":4.45,"ตันรวม":40.05,"รหัสแปลง":"320509130050","กลุ่ม":"กลุ่ม_15"},"geometry":{"type":"MultiPolygon","coordinates":[[[[970542.809500000439584,1606570.199899999424815],[970482.898199999704957,1606764.668600000441074],[970522.62430000025779,1606777.850400000810623],[970537.453900000080466,1606718.868599999696016],[970503.315499999560416,1606711.380599999800324],[970501.560700000263751,1606710.742599999532104],[970509.958700000308454,1606680.701899999752641],[970548.406999999657273,1606692.778999999165535],[970581.161700000055134,1606584.152000000700355],[970542.809500000439584,1606570.199899999424815]]]]}},
{"type":"Feature","properties":{"รหัสกลุ่มคิว":"15/004","รหัสรับเหมา":"738889","ชื่อ-สกุล รับเหมา":"รถตัดโรงงานเบอร์ 22","นักเกษตร":"1507","ศูนย์":"K2-15","โควตา":"710931","ชาวไร่":"นาง ปราณี แสนกล้า","ประเภทอ้อย":"ปลายฝน","พื้นที่":6.05,"ตันรวม":78.65,"รหัสแปลง":"320509130157","กลุ่ม":"กลุ่ม_15"},"geometry":{"type":"MultiPolygon","coordinates":[[[[971285.030600000172853,1607236.057],[971294.811499999836087,1607237.21000000089407],[971357.227900000289083,1607053.157600000500679],[971366.20990000013262,1607053.1425],[971444.294599999673665,1606790.894200000911951],[971418.734000000171363,1606786.279500000178814],[971285.030600000172853,1607236.057]]]]}},
{"type":"Feature","properties":{"รหัสกลุ่มคิว":"15/004","รหัสรับเหมา":"738889","ชื่อ-สกุล รับเหมา":"รถตัดโรงงานเบอร์ 22","นักเกษตร":"1507","ศูนย์":"K2-15","โควตา":"715936","ชาวไร่":"นางสาว วันเพ็ญ กระแสเทพ","ประเภทอ้อย":"ปลายฝน","พื้นที่":6.43,"ตันรวม":83.59,"รหัสแปลง":"320509130260","กลุ่ม":"กลุ่ม_15"},"geometry":{"type":"MultiPolygon","coordinates":[[[[969393.741100000217557,1607007.92369999922812],[969331.750300000421703,1606801.53830000013113],[969299.274299999698997,1606804.432299999520183],[969286.420300000347197,1606807.8849],[969318.571299999952316,1606926.073799999430776],[969326.875799999572337,1606943.979399999603629],[969342.254499999806285,1607016.00139999948442],[969393.741100000217557,1607007.92369999922812]]]]}},
{"type":"Feature","properties":{"รหัสกลุ่มคิว":"15/001","รหัสรับเหมา":"738889","ชื่อ-สกุล รับเหมา":"รถตัดโรงงานเบอร์ 01","นักเกษตร":"1503","ศูนย์":"K2-15","โควตา":"710721","ชาวไร่":"นาย สุรพล สืบเทพ","ประเภทอ้อย":"ตอ1","พื้นที่":7.78,"ตันรวม":70.02,"รหัสแปลง":"320509130282","กลุ่ม":"กลุ่ม_15"},"geometry":{"type":"MultiPolygon","coordinates":[[[[969562.363699999637902,1607052.155999999493361],[969464.07010000012815,1607064.957699999213219],[969314.216500000096858,1607094.5285],[969310.529900000430644,1607143.341700000688434],[969447.717799999751151,1607120.869000000879169],[969550.807099999859929,1607103.683399999514222],[969562.363699999637902,1607052.155999999493361]]]]}},
{"type":"Feature","properties":{"รหัสกลุ่มคิว":"15/004","รหัสรับเหมา":"738889","ชื่อ-สกุล รับเหมา":"รถตัดโรงงานเบอร์ 22","นักเกษตร":"1507","ศูนย์":"K2-15","โควตา":"710152","ชาวไร่":"นาง สุภาพร เพชรใสดี","ประเภทอ้อย":"ปลายฝน","พื้นที่":7.74,"ตันรวม":100.62,"รหัสแปลง":"320509130301","กลุ่ม":"กลุ่ม_15"},"geometry":{"type":"MultiPolygon","coordinates":[[[[970556.824300000444055,1605683.135700000450015],[970586.414599999785423,1605689.985999999567866],[970594.372200000099838,1605669.432199999690056],[970604.109400000423193,1605659.450099999085069],[970632.449400000274181,1605646.8651],[970636.512900000438094,1605632.152899999171495],[970638.821800000034273,1605624.432399999350309],[970643.584099999628961,1605601.414300000295043],[970646.224899999797344,1605595.179099999368191],[970665.260700000450015,1605522.7029],[970680.950500000268221,1605502.851399999111891],[970685.917799999937415,1605487.971599999815226],[970618.111399999819696,1605473.182],[970556.824300000444055,1605683.135700000450015]]]]}},
{"type":"Feature","properties":{"รหัสกลุ่มคิว":"15/008","รหัสรับเหมา":null,"ชื่อ-สกุล รับเหมา":null,"นักเกษตร":"1502","ศูนย์":"K2-15","โควตา":"710579","ชาวไร่":"นางสาว รัชนี ชารัมย์","ประเภทอ้อย":"ตอ1","พื้นที่":8.7,"ตันรวม":78.3,"รหัสแปลง":"320504141652","กลุ่ม":"กลุ่ม_15"},"geometry":{"type":"MultiPolygon","coordinates":[[[[967686.306200000457466,1619884.6107],[967738.991600000299513,1619696.595000000670552],[967670.854799999855459,1619673.912100000306964],[967647.073099999688566,1619777.695599999278784],[967641.614500000141561,1619775.872899999842048],[967616.359899999573827,1619864.405500000342727],[967686.306200000457466,1619884.6107]]]]}},
{"type":"Feature","properties":{"รหัสกลุ่มคิว":"15/008","รหัสรับเหมา":null,"ชื่อ-สกุล รับเหมา":null,"นักเกษตร":"1502","ศูนย์":"K2-15","โควตา":"713310","ชาวไร่":"นาง วรรนิดา จบหล้า","ประเภทอ้อย":"ปลายฝน","พื้นที่":5.54,"ตันรวม":72.02,"รหัสแปลง":"320508050015","กลุ่ม":"กลุ่ม_15"},"geometry":{"type":"MultiPolygon","coordinates":[[[[986249.237800000235438,1629424.5603],[986249.846699999645352,1629619.413799999281764],[986296.50870000012219,1629621.595899999141693],[986294.764399999752641,1629431.520300000905991],[986249.237800000235438,1629424.5603]]]]}},
{"type":"Feature","properties":{"รหัสกลุ่มคิว":"15/008","รหัสรับเหมา":null,"ชื่อ-สกุล รับเหมา":null,"นักเกษตร":"1502","ศูนย์":"K2-15","โควตา":"713571","ชาวไร่":"นาย ประชิด พอกสนิท","ประเภทอ้อย":"ตอ1","พื้นที่":4.54,"ตันรวม":40.86,"รหัสแปลง":"320508051614","กลุ่ม":"กลุ่ม_15"},"geometry":{"type":"MultiPolygon","coordinates":[[[[985285.779699999839067,1630072.205800000578165],[985269.808400000445545,1630049.923599999397993],[985267.969600000418723,1630032.400699999183416],[985120.714200000278652,1630043.098500000312924],[985128.842299999669194,1630097.430299999192357],[985285.779699999839067,1630072.205800000578165]]]]}},
{"type":"Feature","properties":{"รหัสกลุ่มคิว":"15/008","รหัสรับเหมา":null,"ชื่อ-สกุล รับเหมา":null,"นักเกษตร":"1502","ศูนย์":"K2-15","โควตา":"718193","ชาวไร่":"นาง สุณี ดีพาชู","ประเภทอ้อย":"ตอ1","พื้นที่":4.33,"ตันรวม":38.97,"รหัสแปลง":"320508071502","กลุ่ม":"กลุ่ม_15"},"geometry":{"type":"MultiPolygon","coordinates":[[[[988381.887000000104308,1625703.733799999579787],[988383.056900000199676,1625802.910000000149012],[988453.42879999987781,1625800.514000000432134],[988450.678899999707937,1625700.585899999365211],[988381.887000000104308,1625703.733799999579787]]]]}},
{"type":"Feature","properties":{"รหัสกลุ่มคิว":"15/001","รหัสรับเหมา":"738889","ชื่อ-สกุล รับเหมา":"รถตัดโรงงานเบอร์ 01","นักเกษตร":"1503","ศูนย์":"K2-15","โควตา":"710212","ชาวไร่":"นาง สมพร สายกระสุน","ประเภทอ้อย":"ปลายฝน","พื้นที่":20.28,"ตันรวม":263.64,"รหัสแปลง":"320509015045","กลุ่ม":"กลุ่ม_15"},"geometry":{"type":"MultiPolygon","coordinates":[[[[972554.471599999815226,1609227.378599999472499],[972520.477699999697506,1609221.431199999526143],[972496.919800000265241,1609216.085799999535084],[972485.691899999976158,1609211.927899999544024],[972471.457999999634922,1609210.709100000560284],[972470.842000000178814,1609289.104000000283122],[972470.33559999987483,1609370.036499999463558],[972470.166699999943376,1609397.014000000432134],[972470.114000000059605,1609434.969699999317527],[972466.145200000144541,1609433.8585],[972466.380900000222027,1609390.95240000076592],[972466.741899999789894,1609323.843699999153614],[972467.4386,1609210.364900000393391],[972465.869900000281632,1609210.230599999427795],[972454.435899999924004,1609205.044800000265241],[972437.931300000287592,1609210.562599999830127],[972407.489500000141561,1609270.684399999678135],[972399.455699999816716,1609321.185499999672174],[972398.225899999961257,1609335.311599999666214],[972393.480600000359118,1609400.156500000506639],[972397.164900000207126,1609401.987600000575185],[972396.352099999785423,1609418.483300000429153],[972477.930700000375509,1609437.955600000917912],[972553.753399999812245,1609459.365399999544024],[972554.471599999815226,1609227.378599999472499]]]]}},
{"type":"Feature","properties":{"รหัสกลุ่มคิว":"15/001","รหัสรับเหมา":"738889","ชื่อ-สกุล รับเหมา":"รถตัดโรงงานเบอร์ 01","นักเกษตร":"1503","ศูนย์":"K2-15","โควตา":"710212","ชาวไร่":"นาง สมพร สายกระสุน","ประเภทอ้อย":"ตอ2","พื้นที่":4.13,"ตันรวม":33.04,"รหัสแปลง":"320509015088","กลุ่ม":"กลุ่ม_15"},"geometry":{"type":"MultiPolygon","coordinates":[[[[971548.876799999736249,1609402.135099999606609],[971694.232599999755621,1609430.253699999302626],[971702.830199999734759,1609384.4857],[971558.335900000296533,1609359.995400000363588],[971548.876799999736249,1609402.135099999606609]]]]}},
{"type":"Feature","properties":{"รหัสกลุ่มคิว":"15/001","รหัสรับเหมา":"738889","ชื่อ-สกุล รับเหมา":"รถตัดโรงงานเบอร์ 01","นักเกษตร":"1503","ศูนย์":"K2-15","โควตา":"715399","ชาวไร่":"นาง ชลทิชา ช่างอาจ","ประเภทอ้อย":"ปลายฝน","พื้นที่":13.3,"ตันรวม":172.9,"รหัสแปลง":"320509015240","กลุ่ม":"กลุ่ม_15"},"geometry":{"type":"MultiPolygon","coordinates":[[[[972182.162800000049174,1609324.167700000107288],[972171.221699999645352,1609361.707800000905991],[972190.720700000412762,1609380.9561],[972200.722500000149012,1609403.720300000160933],[972328.311999999918044,1609393.926799999549985],[972360.977099999785423,1609395.562300000339746],[972375.992499999701977,1609413.225999999791384],[972385.888199999928474,1609413.0921],[972392.829699999652803,1609392.123999999836087],[972397.869599999859929,1609366.0767],[972400.391099999658763,1609361.4441],[972381.275500000454485,1609274.677999999374151],[972182.162800000049174,1609324.167700000107288]]]]}},
{"type":"Feature","properties":{"รหัสกลุ่มคิว":"15/004","รหัสรับเหมา":"738889","ชื่อ-สกุล รับเหมา":"รถตัดโรงงานเบอร์ 22","นักเกษตร":"1507","ศูนย์":"K2-15","โควตา":"710186","ชาวไร่":"นาง สมศรี ศรีสุข","ประเภทอ้อย":"ตอ1","พื้นที่":2.2,"ตันรวม":19.8,"รหัสแปลง":"320509015293","กลุ่ม":"กลุ่ม_15"},"geometry":{"type":"MultiPolygon","coordinates":[[[[972067.391800000332296,1607316.610200000926852],[972006.278900000266731,1607264.312699999660254],[971977.102800000458956,1607286.482200000435114],[972030.847299999557436,1607348.317800000309944],[972049.017599999904633,1607337.755400000140071],[972060.080799999646842,1607325.805500000715256],[972067.391800000332296,1607316.610200000926852]]]]}},
{"type":"Feature","properties":{"รหัสกลุ่มคิว":"15/001","รหัสรับเหมา":"738889","ชื่อ-สกุล รับเหมา":"รถตัดโรงงานเบอร์ 01","นักเกษตร":"1503","ศูนย์":"K2-15","โควตา":"715087","ชาวไร่":"นาง หนูจันทร์ สืบเทพ","ประเภทอ้อย":"ตอ1","พื้นที่":9.64,"ตันรวม":86.76,"รหัสแปลง":"320509015382","กลุ่ม":"กลุ่ม_15"},"geometry":{"type":"MultiPolygon","coordinates":[[[[974589.063400000333786,1608080.532199999317527],[974575.223500000312924,1608086.545199999585748],[974569.149699999950826,1608089.690500000491738],[974517.593500000424683,1608108.681700000539422],[974479.676799999549985,1608123.591900000348687],[974461.622200000099838,1608126.57740000076592],[974437.53110000025481,1608124.828600000590086],[974436.702800000086427,1608168.99210000038147],[974434.636300000362098,1608216.559499999508262],[974432.746899999678135,1608224.036299999803305],[974444.2511,1608222.459799999371171],[974480.506099999882281,1608222.65819999948144],[974481.181599999777973,1608222.040100000798702],[974536.856200000271201,1608220.1502],[974535.759100000374019,1608171.433599999174476],[974536.397099999710917,1608171.301699999719858],[974573.259700000286102,1608168.916200000792742],[974577.669999999925494,1608168.80599999986589],[974578.235999999567866,1608168.932299999520183],[974580.889899999834597,1608174.502100000157952],[974608.011400000192225,1608170.691999999806285],[974589.063400000333786,1608080.532199999317527]]]]}},
{"type":"Feature","properties":{"รหัสกลุ่มคิว":"15/001","รหัสรับเหมา":"738889","ชื่อ-สกุล รับเหมา":"รถตัดโรงงานเบอร์ 01","นักเกษตร":"1503","ศูนย์":"K2-15","โควตา":"719400","ชาวไร่":"นางสาว ชรัญดา ขุนแผน","ประเภทอ้อย":"ตอ1","พื้นที่":6.92,"ตันรวม":62.28,"รหัสแปลง":"320509015388","กลุ่ม":"กลุ่ม_15"},"geometry":{"type":"MultiPolygon","coordinates":[[[[972826.872999999672174,1609691.067600000649691],[972771.489799999631941,1609702.839400000870228],[972790.196299999952316,1609776.708699999377131],[972786.673299999907613,1609832.144099999219179],[972786.254200000315905,1609837.253100000321865],[972780.735999999567866,1609900.85869999974966],[972844.294900000095367,1609901.614800000563264],[972843.321000000461936,1609864.02419999986887],[972833.618400000035763,1609740.69480000063777],[972826.872999999672174,1609691.067600000649691]]]]}},
{"type":"Feature","properties":{"รหัสกลุ่มคิว":"15/001","รหัสรับเหมา":"738889","ชื่อ-สกุล รับเหมา":"รถตัดโรงงานเบอร์ 01","นักเกษตร":"1503","ศูนย์":"K2-15","โควตา":"719076","ชาวไร่":"นาง กฤษติยา ผายสุวรรณ์","ประเภทอ้อย":"ปลายฝน","พื้นที่":7.18,"ตันรวม":93.34,"รหัสแปลง":"320509015400","กลุ่ม":"กลุ่ม_15"},"geometry":{"type":"MultiPolygon","coordinates":[[[[973332.092299999669194,1609984.381300000473857],[973555.949699999764562,1609975.5647],[973548.755599999800324,1609928.281999999657273],[973290.845999999903142,1609937.737600000575185],[973293.375799999572337,1609946.660499999299645],[973312.274699999950826,1609956.637900000438094],[973332.092299999669194,1609984.381300000473857]]]]}},
{"type":"Feature","properties":{"รหัสกลุ่มคิว":"15/001","รหัสรับเหมา":"738889","ชื่อ-สกุล รับเหมา":"รถตัดโรงงานเบอร์ 01","นักเกษตร":"1503","ศูนย์":"K2-15","โควตา":"727155","ชาวไร่":"นางสาว สมปอง แสนกล้า","ประเภทอ้อย":"ตอ2","พื้นที่":10.37,"ตันรวม":82.96,"รหัสแปลง":"320509015402","กลุ่ม":"กลุ่ม_15"},"geometry":{"type":"MultiPolygon","coordinates":[[[[972160.39989999961108,1608917.5954],[972164.609899999573827,1608890.79450000077486],[972135.800400000065565,1608881.190199999138713],[972099.857499999925494,1608873.395899999886751],[971785.02350000012666,1608825.44620000012219],[971784.453499999828637,1608879.247199999168515],[972160.39989999961108,1608917.5954]]]]}},
{"type":"Feature","properties":{"รหัสกลุ่มคิว":"15/001","รหัสรับเหมา":"738889","ชื่อ-สกุล รับเหมา":"รถตัดโรงงานเบอร์ 01","นักเกษตร":"1503","ศูนย์":"K2-15","โควตา":"719077","ชาวไร่":"นาง คำใบ ลักขษร","ประเภทอ้อย":"ปลายฝน","พื้นที่":6.12,"ตันรวม":79.56,"รหัสแปลง":"320509015406","กลุ่ม":"กลุ่ม_15"},"geometry":{"type":"MultiPolygon","coordinates":[[[[973625.171000000089407,1606921.525399999693036],[973550.223199999891222,1606916.174699999392033],[973581.775000000372529,1607056.841099999845028],[973636.788200000301003,1607052.568499999120831],[973635.411199999973178,1607030.143100000917912],[973579.379800000227988,1607033.311200000345707],[973578.24210000038147,1607025.294299999251962],[973651.785600000061095,1607023.514399999752641],[973660.645800000056624,1607022.040699999779463],[973625.171000000089407,1606921.525399999693036]]]]}},
{"type":"Feature","properties":{"รหัสกลุ่มคิว":"15/003","รหัสรับเหมา":"738889","ชื่อ-สกุล รับเหมา":"รถตัดโรงงานเบอร์ 18","นักเกษตร":"1202","ศูนย์":"K2-15","โควตา":"719133","ชาวไร่":"นางสาว ชมภู่ ชมเชย","ประเภทอ้อย":"ปลายฝน","พื้นที่":7.08,"ตันรวม":92.04,"รหัสแปลง":"320509031549","กลุ่ม":"กลุ่ม_15"},"geometry":{"type":"MultiPolygon","coordinates":[[[[968440.975499999709427,1615271.488800000399351],[968288.815999999642372,1615291.134600000455976],[968301.31180000025779,1615362.7325],[968453.44620000012219,1615344.3805],[968455.479000000283122,1615341.646299999207258],[968440.975499999709427,1615271.488800000399351]]]]}},
{"type":"Feature","properties":{"รหัสกลุ่มคิว":"15/003","รหัสรับเหมา":"738889","ชื่อ-สกุล รับเหมา":"รถตัดโรงงานเบอร์ 18","นักเกษตร":"1202","ศูนย์":"K2-15","โควตา":"715681","ชาวไร่":"นาย สุพจน์ ตะลาโส","ประเภทอ้อย":"ตอ1","พื้นที่":7.85,"ตันรวม":70.65,"รหัสแปลง":"320509031587","กลุ่ม":"กลุ่ม_15"},"geometry":{"type":"MultiPolygon","coordinates":[[[[971342.494699999690056,1613767.704199999570847],[971564.861299999989569,1613787.507400000467896],[971564.651700000278652,1613742.20890000090003],[971556.684100000187755,1613725.786699999123812],[971350.191700000315905,1613713.868699999526143],[971342.494699999690056,1613767.704199999570847]]]]}},
{"type":"Feature","properties":{"รหัสกลุ่มคิว":"15/003","รหัสรับเหมา":"738889","ชื่อ-สกุล รับเหมา":"รถตัดโรงงานเบอร์ 18","นักเกษตร":"1202","ศูนย์":"K2-15","โควตา":"713105","ชาวไร่":"นาย ทองสมุด กัลสุมาโส","ประเภทอ้อย":"ปลายฝน","พื้นที่":9.46,"ตันรวม":122.98,"รหัสแปลง":"320509031611","กลุ่ม":"กลุ่ม_15"},"geometry":{"type":"MultiPolygon","coordinates":[[[[967342.938400000333786,1614664.8673],[967338.781000000424683,1614879.427200000733137],[967387.38399999961257,1614876.223300000652671],[967415.480700000189245,1614860.13990000076592],[967411.57799999974668,1614667.644500000402331],[967342.938400000333786,1614664.8673]]]]}},
{"type":"Feature","properties":{"รหัสกลุ่มคิว":"15/003","รหัสรับเหมา":"738889","ชื่อ-สกุล รับเหมา":"รถตัดโรงงานเบอร์ 18","นักเกษตร":"1202","ศูนย์":"K2-15","โควตา":"712839","ชาวไร่":"นาย บุญสงค์ พวงนาค","ประเภทอ้อย":"ปลายฝน","พื้นที่":4.52,"ตันรวม":58.76,"รหัสแปลง":"320509031671","กลุ่ม":"กลุ่ม_15"},"geometry":{"type":"MultiPolygon","coordinates":[[[[969410.602699999697506,1613333.066999999806285],[969422.139700000174344,1613387.263599999248981],[969424.097099999897182,1613387.67369999922812],[969427.401399999856949,1613391.379599999636412],[969540.991499999538064,1613376.93129999935627],[969525.849600000306964,1613315.272700000554323],[969410.602699999697506,1613333.066999999806285]]]]}},
{"type":"Feature","properties":{"รหัสกลุ่มคิว":"15/003","รหัสรับเหมา":"738889","ชื่อ-สกุล รับเหมา":"รถตัดโรงงานเบอร์ 18","นักเกษตร":"1202","ศูนย์":"K2-15","โควตา":"719227","ชาวไร่":"นาย ยอด สมปอง","ประเภทอ้อย":"ปลายฝน","พื้นที่":8.7,"ตันรวม":113.1,"รหัสแปลง":"320509031673","กลุ่ม":"กลุ่ม_15"},"geometry":{"type":"MultiPolygon","coordinates":[[[[969267.530299999751151,1614987.765000000596046],[969299.485799999907613,1615025.787499999627471],[969327.299200000241399,1615011.506400000303984],[969351.919700000435114,1615044.360500000417233],[969372.6398,1615072.666400000452995],[969399.3125,1615107.28800000064075],[969444.018400000408292,1615166.090099999681115],[969464.370099999941885,1615194.21059999987483],[969459.747100000269711,1615199.18889999948442],[969444.701799999922514,1615212.08049999922514],[969453.312699999660254,1615222.084300000220537],[969503.800300000235438,1615179.258199999108911],[969497.996500000357628,1615163.369400000199676],[969490.147300000302494,1615146.4243],[969474.948200000450015,1615114.039899999275804],[969427.736700000241399,1615064.841099999845028],[969353.754300000146031,1614997.697300000116229],[969303.482499999925494,1614963.8618],[969267.530299999751151,1614987.765000000596046]]]]}},
{"type":"Feature","properties":{"รหัสกลุ่มคิว":"15/003","รหัสรับเหมา":"738889","ชื่อ-สกุล รับเหมา":"รถตัดโรงงานเบอร์ 18","นักเกษตร":"1202","ศูนย์":"K2-15","โควตา":"711651","ชาวไร่":"นาง ละออง เพลินพร้อม","ประเภทอ้อย":"ตอ2","พื้นที่":2.8,"ตันรวม":22.4,"รหัสแปลง":"320509031679","กลุ่ม":"กลุ่ม_15"},"geometry":{"type":"MultiPolygon","coordinates":[[[[968674.969600000418723,1613869.618699999526143],[968670.502500000409782,1613801.692900000140071],[968615.331199999898672,1613807.036800000816584],[968628.677000000141561,1613908.0945999994874],[968674.969600000418723,1613869.618699999526143]]]]}},
{"type":"Feature","properties":{"รหัสกลุ่มคิว":"15/001","รหัสรับเหมา":"738889","ชื่อ-สกุล รับเหมา":"รถตัดโรงงานเบอร์ 01","นักเกษตร":"1503","ศูนย์":"K2-15","โควตา":"715004","ชาวไร่":"นาย ชัยสิทธิ์ สำราญดี","ประเภทอ้อย":"ตอ1","พื้นที่":13.57,"ตันรวม":122.13,"รหัสแปลง":"320509061506","กลุ่ม":"กลุ่ม_15"},"geometry":{"type":"MultiPolygon","coordinates":[[[[972013.098299999721348,1615814.794099999591708],[971615.498999999836087,1615910.112600000575185],[971630.793600000441074,1615938.693],[971633.702499999664724,1615955.942500000819564],[971902.17119999974966,1615899.549000000581145],[972028.466199999675155,1615867.595200000330806],[972013.098299999721348,1615814.794099999591708]]]]}},
{"type":"Feature","properties":{"รหัสกลุ่มคิว":"15/007","รหัสรับเหมา":"722724","ชื่อ-สกุล รับเหมา":"นาง ณีรนุช แถวถิ่น","นักเกษตร":"1501","ศูนย์":"K2-15","โควตา":"722724","ชาวไร่":"นาง ณีรนุช แถวถิ่น","ประเภทอ้อย":"ปลายฝน","พื้นที่":11.67,"ตันรวม":151.71,"รหัสแปลง":"320509061532","กลุ่ม":"กลุ่ม_15"},"geometry":{"type":"MultiPolygon","coordinates":[[[[981431.986600000411272,1602497.689600000157952],[981370.194099999964237,1602513.777000000700355],[981360.681300000287592,1602582.950300000607967],[981349.278300000354648,1602625.773],[981338.165699999779463,1602695.623099999502301],[981331.786899999715388,1602793.058800000697374],[981329.158999999985099,1602812.167600000277162],[981397.69539999961853,1602803.668800000101328],[981396.903300000354648,1602729.489800000563264],[981402.724200000055134,1602672.868899999186397],[981412.249200000427663,1602622.597999999299645],[981426.000799999572337,1602551.100299999117851],[981431.986600000411272,1602497.689600000157952]]]]}},
{"type":"Feature","properties":{"รหัสกลุ่มคิว":"15/001","รหัสรับเหมา":"738889","ชื่อ-สกุล รับเหมา":"รถตัดโรงงานเบอร์ 01","นักเกษตร":"1503","ศูนย์":"K2-15","โควตา":"719077","ชาวไร่":"นาง คำใบ ลักขษร","ประเภทอ้อย":"ปลายฝน","พื้นที่":15.82,"ตันรวม":205.66,"รหัสแปลง":"320509071558","กลุ่ม":"กลุ่ม_15"},"geometry":{"type":"MultiPolygon","coordinates":[[[[973519.530500000342727,1608457.386900000274181],[973385.731999999843538,1608389.624900000169873],[973322.708499999716878,1608357.0318],[973284.634899999946356,1608341.738399999216199],[973249.243200000375509,1608325.4529],[973175.465200000442564,1608300.130000000819564],[973173.651800000108778,1608363.60840000025928],[973195.712299999780953,1608368.477299999445677],[973217.411100000143051,1608374.053600000217557],[973222.123700000345707,1608375.921299999579787],[973292.936300000175834,1608414.722699999809265],[973417.708899999968708,1608486.304999999701977],[973507.538200000301003,1608540.864099999889731],[973520.183400000445545,1608471.873199999332428],[973514.136400000192225,1608471.000399999320507],[973519.530500000342727,1608457.386900000274181]]]]}},
{"type":"Feature","properties":{"รหัสกลุ่มคิว":"15/003","รหัสรับเหมา":"738889","ชื่อ-สกุล รับเหมา":"รถตัดโรงงานเบอร์ 18","นักเกษตร":"1202","ศูนย์":"K2-15","โควตา":"719073","ชาวไร่":"นาย สมจิตร ศรีเพชร","ประเภทอ้อย":"ตอ2","พื้นที่":9.94,"ตันรวม":79.52,"รหัสแปลง":"320509071559","กลุ่ม":"กลุ่ม_15"},"geometry":{"type":"MultiPolygon","coordinates":[[[[970347.792100000195205,1612029.861400000751019],[970243.422899999655783,1612043.590299999341369],[970265.434500000439584,1612161.411800000816584],[970265.505900000222027,1612188.28319999948144],[970281.246600000187755,1612223.182499999180436],[970316.514600000344217,1612214.450999999418855],[970345.803700000047684,1612213.276000000536442],[970347.792100000195205,1612029.861400000751019]]]]}},
{"type":"Feature","properties":{"รหัสกลุ่มคิว":"15/004","รหัสรับเหมา":"738889","ชื่อ-สกุล รับเหมา":"รถตัดโรงงานเบอร์ 22","นักเกษตร":"1507","ศูนย์":"K2-15","โควตา":"719353","ชาวไร่":"นาย วิโรจน์ ทองสุข","ประเภทอ้อย":"ตอ1","พื้นที่":2.38,"ตันรวม":21.42,"รหัสแปลง":"320509090073","กลุ่ม":"กลุ่ม_15"},"geometry":{"type":"MultiPolygon","coordinates":[[[[971966.63370000012219,1605072.225099999457598],[971897.948099999688566,1605277.43720000050962],[971913.160899999551475,1605283.791400000452995],[971924.194600000046194,1605257.304099999368191],[971982.386699999682605,1605077.52250000089407],[971966.63370000012219,1605072.225099999457598]]]]}},
{"type":"Feature","properties":{"รหัสกลุ่มคิว":"15/004","รหัสรับเหมา":"738889","ชื่อ-สกุล รับเหมา":"รถตัดโรงงานเบอร์ 22","นักเกษตร":"1507","ศูนย์":"K2-15","โควตา":"715006","ชาวไร่":"นาง อรอนงค์ ผลเจริญ","ประเภทอ้อย":"ปลายฝน","พื้นที่":2.08,"ตันรวม":27.04,"รหัสแปลง":"320509091515","กลุ่ม":"กลุ่ม_15"},"geometry":{"type":"MultiPolygon","coordinates":[[[[972825.709599999710917,1607787.542300000786781],[972679.388700000010431,1607781.590500000864267],[972679.654799999669194,1607805.259800000116229],[972829.442699999548495,1607808.874800000339746],[972825.709599999710917,1607787.542300000786781]]]]}},
{"type":"Feature","properties":{"รหัสกลุ่มคิว":"15/001","รหัสรับเหมา":"738889","ชื่อ-สกุล รับเหมา":"รถตัดโรงงานเบอร์ 01","นักเกษตร":"1503","ศูนย์":"K2-15","โควตา":"715245","ชาวไร่":"นาง ประไพร ศรีนาค","ประเภทอ้อย":"ตอ2","พื้นที่":14.74,"ตันรวม":117.92,"รหัสแปลง":"320509091516","กลุ่ม":"กลุ่ม_15"},"geometry":{"type":"MultiPolygon","coordinates":[[[[973712.683000000193715,1606616.176400000229478],[973846.049100000411272,1606597.101600000634789],[973861.046099999919534,1606594.89299999922514],[973860.048499999567866,1606584.946900000795722],[973860.436900000087917,1606578.406300000846386],[973858.075400000438094,1606569.023],[973853.72690000012517,1606545.2719],[973851.769799999892712,1606529.635700000450015],[973846.105299999937415,1606526.215600000694394],[973822.843100000172853,1606527.769500000402331],[973802.577800000086427,1606531.13150000013411],[973776.863400000147521,1606533.865199999883771],[973733.122000000439584,1606539.174200000241399],[973718.185399999842048,1606540.878200000151992],[973686.412899999879301,1606544.47719999961555],[973663.642500000074506,1606549.127900000661612],[973647.800499999895692,1606551.942700000479817],[973599.705099999904633,1606563.367900000885129],[973505.880400000140071,1606584.186499999836087],[973493.710900000296533,1606623.621300000697374],[973496.957799999974668,1606631.033700000494719],[973712.683000000193715,1606616.176400000229478]]]]}},
{"type":"Feature","properties":{"รหัสกลุ่มคิว":"15/004","รหัสรับเหมา":"738889","ชื่อ-สกุล รับเหมา":"รถตัดโรงงานเบอร์ 22","นักเกษตร":"1507","ศูนย์":"K2-15","โควตา":"719385","ชาวไร่":"นาย อำนาจ ศิริ","ประเภทอ้อย":"ตอ2","พื้นที่":4.31,"ตันรวม":34.48,"รหัสแปลง":"320509091541","กลุ่ม":"กลุ่ม_15"},"geometry":{"type":"MultiPolygon","coordinates":[[[[972219.755199999548495,1607693.272299999371171],[972060.850300000049174,1607649.356699999421835],[972043.320199999958277,1607688.832800000905991],[972209.523400000296533,1607731.30320000089705],[972219.755199999548495,1607693.272299999371171]]]]}},
{"type":"Feature","properties":{"รหัสกลุ่มคิว":"15/004","รหัสรับเหมา":"738889","ชื่อ-สกุล รับเหมา":"รถตัดโรงงานเบอร์ 22","นักเกษตร":"1507","ศูนย์":"K2-15","โควตา":"715006","ชาวไร่":"นาง อรอนงค์ ผลเจริญ","ประเภทอ้อย":"ตอ5","พื้นที่":4.12,"ตันรวม":28.84,"รหัสแปลง":"320509091599","กลุ่ม":"กลุ่ม_15"},"geometry":{"type":"MultiPolygon","coordinates":[[[[976019.630900000222027,1607691.766699999570847],[976023.895100000314415,1607900.510700000450015],[976055.149500000290573,1607897.362099999561906],[976051.506099999882281,1607688.66440000012517],[976045.3136,1607690.054500000551343],[976019.630900000222027,1607691.766699999570847]]]]}},
{"type":"Feature","properties":{"รหัสกลุ่มคิว":"15/007","รหัสรับเหมา":"722724","ชื่อ-สกุล รับเหมา":"นาง ณีรนุช แถวถิ่น","นักเกษตร":"1501","ศูนย์":"K2-15","โควตา":"722724","ชาวไร่":"นาง ณีรนุช แถวถิ่น","ประเภทอ้อย":"ตอ1","พื้นที่":6.93,"ตันรวม":62.37,"รหัสแปลง":"320509091603","กลุ่ม":"กลุ่ม_15"},"geometry":{"type":"MultiPolygon","coordinates":[[[[972895.640300000086427,1607064.694599999114871],[972885.052899999544024,1607102.953600000590086],[973160.289300000295043,1607179.895099999383092],[973172.554100000299513,1607144.2820999994874],[972895.640300000086427,1607064.694599999114871]]]]}},
{"type":"Feature","properties":{"รหัสกลุ่มคิว":"15/001","รหัสรับเหมา":"738889","ชื่อ-สกุล รับเหมา":"รถตัดโรงงานเบอร์ 01","นักเกษตร":"1503","ศูนย์":"K2-15","โควตา":"715027","ชาวไร่":"นาย สังวร ศรีแก้ว","ประเภทอ้อย":"ตอ1","พื้นที่":10.97,"ตันรวม":98.73,"รหัสแปลง":"320509100039","กลุ่ม":"กลุ่ม_15"},"geometry":{"type":"MultiPolygon","coordinates":[[[[975628.408200000412762,1608895.940300000831485],[975640.772199999541044,1608713.5504],[975587.960400000214577,1608711.312999999150634],[975573.591400000266731,1608889.605100000277162],[975574.956899999640882,1608961.261299999430776],[975577.711199999786913,1609020.384800000116229],[975641.433299999684095,1609022.943199999630451],[975631.605600000359118,1608906.585999999195337],[975630.616200000047684,1608903.204500000923872],[975628.408200000412762,1608895.940300000831485]]]]}},
{"type":"Feature","properties":{"รหัสกลุ่มคิว":"15/001","รหัสรับเหมา":"738889","ชื่อ-สกุล รับเหมา":"รถตัดโรงงานเบอร์ 01","นักเกษตร":"1503","ศูนย์":"K2-15","โควตา":"715256","ชาวไร่":"นางสาว อุรารัตน์ สุวคนธ์","ประเภทอ้อย":"ปลายฝน","พื้นที่":8.88,"ตันรวม":115.44,"รหัสแปลง":"320509101503","กลุ่ม":"กลุ่ม_15"},"geometry":{"type":"MultiPolygon","coordinates":[[[[975057.001400000415742,1609613.898299999535084],[974778.415199999697506,1609611.830700000748038],[974785.745600000023842,1609668.13230000063777],[975052.460400000214577,1609661.795399999246001],[975057.001400000415742,1609613.898299999535084]]]]}},
{"type":"Feature","properties":{"รหัสกลุ่มคิว":"15/001","รหัสรับเหมา":"738889","ชื่อ-สกุล รับเหมา":"รถตัดโรงงานเบอร์ 01","นักเกษตร":"1503","ศูนย์":"K2-15","โควตา":"715256","ชาวไร่":"นางสาว อุรารัตน์ สุวคนธ์","ประเภทอ้อย":"ปลายฝน","พื้นที่":3.09,"ตันรวม":40.17,"รหัสแปลง":"320509101509","กลุ่ม":"กลุ่ม_15"},"geometry":{"type":"MultiPolygon","coordinates":[[[[974788.109899999573827,1609668.927799999713898],[974792.377999999560416,1609686.695599999278784],[975053.489299999549985,1609681.041500000283122],[975054.888100000098348,1609661.378599999472499],[974788.109899999573827,1609668.927799999713898]]]]}},
{"type":"Feature","properties":{"รหัสกลุ่มคิว":"15/007","รหัสรับเหมา":"722724","ชื่อ-สกุล รับเหมา":"นาง ณีรนุช แถวถิ่น","นักเกษตร":"1501","ศูนย์":"K2-15","โควตา":"722724","ชาวไร่":"นาง ณีรนุช แถวถิ่น","ประเภทอ้อย":"ปลายฝน","พื้นที่":14.2,"ตันรวม":184.6,"รหัสแปลง":"320509101518","กลุ่ม":"กลุ่ม_15"},"geometry":{"type":"MultiPolygon","coordinates":[[[[972936.968299999833107,1606514.089299999177456],[972934.321399999782443,1606500.4101],[972937.552400000393391,1606497.2807],[972945.873700000345707,1606496.63399999961257],[972968.263700000010431,1606421.618200000375509],[972715.816399999894202,1606336.438400000333786],[972722.271599999628961,1606380.971400000154972],[972753.48589999973774,1606449.842700000852346],[972936.968299999833107,1606514.089299999177456]]]]}},
{"type":"Feature","properties":{"รหัสกลุ่มคิว":"15/001","รหัสรับเหมา":"738889","ชื่อ-สกุล รับเหมา":"รถตัดโรงงานเบอร์ 01","นักเกษตร":"1503","ศูนย์":"K2-15","โควตา":"719076","ชาวไร่":"นาง กฤษติยา ผายสุวรรณ์","ประเภทอ้อย":"ปลายฝน","พื้นที่":4.64,"ตันรวม":60.32,"รหัสแปลง":"320509101549","กลุ่ม":"กลุ่ม_15"},"geometry":{"type":"MultiPolygon","coordinates":[[[[974232.427199999801815,1609605.9605],[974212.987800000235438,1609417.704199999570847],[974202.726300000213087,1609415.66609999909997],[974203.272099999710917,1609414.7094],[974203.42920000012964,1609409.364499999210238],[974189.981599999591708,1609408.465299999341369],[974188.752100000157952,1609412.092199999839067],[974175.730200000107288,1609412.93610000051558],[974187.324099999852479,1609551.818800000473857],[974195.910600000061095,1609608.060799999162555],[974232.427199999801815,1609605.9605]]]]}},
{"type":"Feature","properties":{"รหัสกลุ่มคิว":"15/001","รหัสรับเหมา":"738889","ชื่อ-สกุล รับเหมา":"รถตัดโรงงานเบอร์ 01","นักเกษตร":"1503","ศูนย์":"K2-15","โควตา":"715860","ชาวไร่":"นาง ทองม้วน สว่างภพ","ประเภทอ้อย":"ตอ1","พื้นที่":10.66,"ตันรวม":95.94,"รหัสแปลง":"320509101579","กลุ่ม":"กลุ่ม_15"},"geometry":{"type":"MultiPolygon","coordinates":[[[[973596.683299999684095,1609546.81279999949038],[973642.272699999623001,1609404.170299999415874],[973532.463000000454485,1609367.513599999248981],[973478.427899999544024,1609484.056500000879169],[973537.733799999579787,1609523.38370000012219],[973554.239799999631941,1609480.983300000429153],[973546.039900000207126,1609472.844200000166893],[973553.386400000192225,1609442.009199999272823],[973569.560300000011921,1609448.075500000268221],[973543.989900000393391,1609514.051999999210238],[973541.937699999660254,1609523.933900000527501],[973596.683299999684095,1609546.81279999949038]]]]}},
{"type":"Feature","properties":{"รหัสกลุ่มคิว":"15/001","รหัสรับเหมา":"738889","ชื่อ-สกุล รับเหมา":"รถตัดโรงงานเบอร์ 01","นักเกษตร":"1503","ศูนย์":"K2-15","โควตา":"715027","ชาวไร่":"นาย สังวร ศรีแก้ว","ประเภทอ้อย":"ปลายฝน","พื้นที่":3.8,"ตันรวม":49.4,"รหัสแปลง":"320509101584","กลุ่ม":"กลุ่ม_15"},"geometry":{"type":"MultiPolygon","coordinates":[[[[974816.583800000138581,1609722.902000000700355],[974821.17920000012964,1609749.224199999123812],[974962.295699999667704,1609750.871099999174476],[975048.509800000116229,1609751.9134],[975047.926099999807775,1609729.816299999132752],[974963.474100000225008,1609722.685499999672174],[974916.181900000199676,1609722.651100000366569],[974816.583800000138581,1609722.902000000700355]]]]}},
{"type":"Feature","properties":{"รหัสกลุ่มคิว":"15/001","รหัสรับเหมา":"738889","ชื่อ-สกุล รับเหมา":"รถตัดโรงงานเบอร์ 01","นักเกษตร":"1503","ศูนย์":"K2-15","โควตา":"715467","ชาวไร่":"นาง มาลี ศรีปุชัยนนท์","ประเภทอ้อย":"ตอ2","พื้นที่":6.27,"ตันรวม":50.16,"รหัสแปลง":"320509101585","กลุ่ม":"กลุ่ม_15"},"geometry":{"type":"MultiPolygon","coordinates":[[[[973918.27379999961704,1609545.828400000929832],[973920.403300000354648,1609573.164300000295043],[973962.548899999819696,1609568.365599999204278],[973961.210199999623001,1609548.894200000911951],[973926.386900000274181,1609546.462799999862909],[973928.642599999904633,1609538.422900000587106],[973942.098600000143051,1609473.872500000521541],[973925.278300000354648,1609469.106899999082088],[973927.878899999894202,1609457.579500000923872],[973940.922799999825656,1609407.909900000318885],[973950.083599999547005,1609364.2621],[973909.196399999782443,1609349.60840000025928],[973901.673200000077486,1609381.232100000604987],[973886.898000000044703,1609446.389399999752641],[973905.736299999989569,1609450.909900000318885],[973907.186300000175834,1609452.943399999290705],[973904.645600000396371,1609469.214199999347329],[973880.970900000073016,1609467.917300000786781],[973866.8277000002563,1609532.64299999922514],[973889.46059999987483,1609540.7796],[973918.27379999961704,1609545.828400000929832]]]]}},
{"type":"Feature","properties":{"รหัสกลุ่มคิว":"15/004","รหัสรับเหมา":"738889","ชื่อ-สกุล รับเหมา":"รถตัดโรงงานเบอร์ 22","นักเกษตร":"1507","ศูนย์":"K2-15","โควตา":"715066","ชาวไร่":"นาย สิรินทร์ ปอยทอง","ประเภทอ้อย":"ตอ1","พื้นที่":8.86,"ตันรวม":79.74,"รหัสแปลง":"320509131509","กลุ่ม":"กลุ่ม_15"},"geometry":{"type":"MultiPolygon","coordinates":[[[[969545.308500000275671,1606955.905600000172853],[969527.343500000424683,1606906.203099999576807],[969505.328099999576807,1606908.371799999848008],[969501.44400000013411,1606894.802300000563264],[969523.699300000444055,1606889.495400000363588],[969521.19440000038594,1606850.810000000521541],[969486.271599999628961,1606849.774900000542402],[969427.972400000318885,1606818.345599999651313],[969398.814199999906123,1606807.807199999690056],[969412.428700000047684,1606896.8037],[969436.820299999788404,1606968.443],[969545.308500000275671,1606955.905600000172853]]]]}},
{"type":"Feature","properties":{"รหัสกลุ่มคิว":"15/004","รหัสรับเหมา":"738889","ชื่อ-สกุล รับเหมา":"รถตัดโรงงานเบอร์ 22","นักเกษตร":"1507","ศูนย์":"K2-15","โควตา":"719478","ชาวไร่":"นาง วิลาสิณีณ์ ศรีเพ็ชร","ประเภทอ้อย":"ตอ1","พื้นที่":8.75,"ตันรวม":78.75,"รหัสแปลง":"320509131533","กลุ่ม":"กลุ่ม_15"},"geometry":{"type":"MultiPolygon","coordinates":[[[[970003.50899999961257,1607508.881100000813603],[969658.732800000347197,1607575.273199999704957],[969663.2341,1607614.301400000229478],[969668.203700000420213,1607618.8553],[970014.108199999667704,1607541.727800000458956],[970003.50899999961257,1607508.881100000813603]]]]}},
{"type":"Feature","properties":{"รหัสกลุ่มคิว":"15/001","รหัสรับเหมา":"738889","ชื่อ-สกุล รับเหมา":"รถตัดโรงงานเบอร์ 01","นักเกษตร":"1503","ศูนย์":"K2-15","โควตา":"710721","ชาวไร่":"นาย สุรพล สืบเทพ","ประเภทอ้อย":"ตอ2","พื้นที่":5.99,"ตันรวม":47.92,"รหัสแปลง":"320509131581","กลุ่ม":"กลุ่ม_15"},"geometry":{"type":"MultiPolygon","coordinates":[[[[972067.441599999554455,1607317.3432],[972093.818099999800324,1607240.895500000566244],[972114.684000000357628,1607200.21309999935329],[972112.595900000073016,1607198.980699999257922],[972047.431300000287592,1607165.16330000013113],[971991.931200000457466,1607249.879300000146031],[972067.441599999554455,1607317.3432]]]]}},
{"type":"Feature","properties":{"รหัสกลุ่มคิว":"15/004","รหัสรับเหมา":"738889","ชื่อ-สกุล รับเหมา":"รถตัดโรงงานเบอร์ 22","นักเกษตร":"1507","ศูนย์":"K2-15","โควตา":"715667","ชาวไร่":"นาง ติ๋ม พรหมบุตร","ประเภทอ้อย":"ตอ1","พื้นที่":11.35,"ตันรวม":102.15,"รหัสแปลง":"320509131586","กลุ่ม":"กลุ่ม_15"},"geometry":{"type":"MultiPolygon","coordinates":[[[[969600.469700000248849,1608228.784900000318885],[969602.42090000025928,1608192.325500000268221],[969589.993200000375509,1608128.83420000039041],[969473.169800000265241,1608168.023199999704957],[969455.347599999979138,1608174.04700000025332],[969418.307000000029802,1608190.178600000217557],[969429.922600000165403,1608219.486999999731779],[969402.671400000341237,1608227.801200000569224],[969392.606999999843538,1608202.995799999684095],[969386.428700000047684,1608206.076999999582767],[969383.224499999545515,1608207.049699999392033],[969395.71889999974519,1608234.419299999251962],[969402.144799999892712,1608246.636700000613928],[969416.94440000038594,1608278.019099999219179],[969600.469700000248849,1608228.784900000318885]]]]}},
{"type":"Feature","properties":{"รหัสกลุ่มคิว":"15/004","รหัสรับเหมา":"738889","ชื่อ-สกุล รับเหมา":"รถตัดโรงงานเบอร์ 22","นักเกษตร":"1507","ศูนย์":"K2-15","โควตา":"710780","ชาวไร่":"นาง หนูสร เถรี","ประเภทอ้อย":"ปลายฝน","พื้นที่":17.7,"ตันรวม":230.1,"รหัสแปลง":"320509131672","กลุ่ม":"กลุ่ม_15"},"geometry":{"type":"MultiPolygon","coordinates":[[[[971634.20299999974668,1609030.529100000858307],[971177.958100000396371,1608985.55320000089705],[971173.891099999658763,1609066.265000000596046],[971293.273599999956787,1609077.055600000545382],[971324.222500000149012,1609078.572799999266863],[971463.229799999855459,1609080.311499999836087],[971471.799499999731779,1609046.643699999898672],[971609.831500000320375,1609071.104100000113249],[971612.275299999862909,1609056.360999999567866],[971636.040500000119209,1609056.816500000655651],[971634.20299999974668,1609030.529100000858307]]]]}},
{"type":"Feature","properties":{"รหัสกลุ่มคิว":"15/008","รหัสรับเหมา":null,"ชื่อ-สกุล รับเหมา":null,"นักเกษตร":"1502","ศูนย์":"K2-15","โควตา":"715263","ชาวไร่":"นาย เปลือน กลีบแดง","ประเภทอ้อย":"ตอ1","พื้นที่":7.41,"ตันรวม":66.69,"รหัสแปลง":"320509141514","กลุ่ม":"กลุ่ม_15"},"geometry":{"type":"MultiPolygon","coordinates":[[[[970692.618700000457466,1615569.464400000870228],[970699.992200000211596,1615513.3881],[970588.678100000135601,1615506.705],[970520.688799999654293,1615507.795399999246001],[970482.141400000080466,1615524.58420000039041],[970484.227500000037253,1615562.80629999935627],[970620.073400000110269,1615566.2994],[970692.618700000457466,1615569.464400000870228]]]]}},
{"type":"Feature","properties":{"รหัสกลุ่มคิว":"15/004","รหัสรับเหมา":"738889","ชื่อ-สกุล รับเหมา":"รถตัดโรงงานเบอร์ 22","นักเกษตร":"1507","ศูนย์":"K2-15","โควตา":"710680","ชาวไร่":"นาย พจน์ คงแรง","ประเภทอ้อย":"ตอ1","พื้นที่":10.3,"ตันรวม":92.7,"รหัสแปลง":"320509151518","กลุ่ม":"กลุ่ม_15"},"geometry":{"type":"MultiPolygon","coordinates":[[[[971389.059600000269711,1609407.596400000154972],[971426.252600000239909,1609412.191500000655651],[971459.178000000305474,1609413.931700000539422],[971461.718000000342727,1609384.770300000905991],[971449.673299999907613,1609383.6151],[971450.690899999812245,1609368.105100000277162],[971463.258600000292063,1609360.766100000590086],[971465.45920000039041,1609339.917500000447035],[971476.649799999780953,1609338.653000000864267],[971479.04700000025332,1609279.354299999773502],[971480.031499999575317,1609227.978199999779463],[971472.685399999842048,1609225.988600000739098],[971473.766200000420213,1609216.580800000578165],[971455.815600000321865,1609213.463700000196695],[971444.501000000163913,1609221.19649999961257],[971437.843700000084937,1609211.455399999395013],[971397.233099999837577,1609206.61009999923408],[971390.892900000326335,1609208.522199999541044],[971388.792100000195205,1609214.767699999734759],[971388.590800000354648,1609215.873099999502301],[971386.404699999839067,1609292.369000000879169],[971387.176799999549985,1609308.467800000682473],[971388.306099999696016,1609315.329800000414252],[971388.693400000222027,1609332.715399999171495],[971389.582399999722838,1609342.715600000694394],[971390.941200000233948,1609346.99379999935627],[971389.059600000269711,1609407.596400000154972]]]]}},
{"type":"Feature","properties":{"รหัสกลุ่มคิว":"15/003","รหัสรับเหมา":"738889","ชื่อ-สกุล รับเหมา":"รถตัดโรงงานเบอร์ 18","นักเกษตร":"1202","ศูนย์":"K2-15","โควตา":"715681","ชาวไร่":"นาย สุพจน์ ตะลาโส","ประเภทอ้อย":"ตอ1","พื้นที่":8.81,"ตันรวม":79.29,"รหัสแปลง":"320509151565","กลุ่ม":"กลุ่ม_15"},"geometry":{"type":"MultiPolygon","coordinates":[[[[971728.031600000336766,1613835.593100000172853],[971717.962299999780953,1613753.38230000063777],[971562.815700000151992,1613747.847100000828505],[971566.026300000026822,1613789.969399999827147],[971535.845499999821186,1613789.081900000572205],[971536.542200000025332,1613828.6601],[971728.031600000336766,1613835.593100000172853]]]]}},
{"type":"Feature","properties":{"รหัสกลุ่มคิว":"15/001","รหัสรับเหมา":"738889","ชื่อ-สกุล รับเหมา":"รถตัดโรงงานเบอร์ 01","นักเกษตร":"1503","ศูนย์":"K2-15","โควตา":"711664","ชาวไร่":"นาย พิทักษ์ มัญจะกาเภท","ประเภทอ้อย":"ตอ1","พื้นที่":13.39,"ตันรวม":120.51,"รหัสแปลง":"320509171555","กลุ่ม":"กลุ่ม_15"},"geometry":{"type":"MultiPolygon","coordinates":[[[[974958.470999999903142,1614515.473600000143051],[974910.27309999987483,1614526.777200000360608],[974827.590599999763072,1614552.904899999499321],[974647.44510000012815,1614564.031500000506639],[974646.389299999922514,1614600.542300000786781],[974842.47719999961555,1614603.596599999815226],[974862.978699999861419,1614595.56900000013411],[975004.051400000229478,1614606.113299999386072],[975005.154400000348687,1614603.3881],[975015.598299999721348,1614559.808599999174476],[975008.181699999608099,1614528.49129999987781],[975000.783999999985099,1614505.452099999412894],[974958.470999999903142,1614515.473600000143051]]]]}},
{"type":"Feature","properties":{"รหัสกลุ่มคิว":"15/008","รหัสรับเหมา":null,"ชื่อ-สกุล รับเหมา":null,"นักเกษตร":"1502","ศูนย์":"K2-15","โควตา":"715979","ชาวไร่":"นางสาว ภัทรวดี สมปอง","ประเภทอ้อย":"ตอ3","พื้นที่":6.69,"ตันรวม":46.83,"รหัสแปลง":"320515091565","กลุ่ม":"กลุ่ม_15"},"geometry":{"type":"MultiPolygon","coordinates":[[[[972828.357300000265241,1617120.012000000104308],[972828.828700000420213,1617150.7379],[972932.175599999725819,1617149.422800000756979],[973086.667500000447035,1617142.220899999141693],[973148.621500000357628,1617128.816800000146031],[973153.475999999791384,1617099.254300000146031],[973077.997999999672174,1617106.820499999448657],[972957.900200000032783,1617115.190099999308586],[972828.357300000265241,1617120.012000000104308]]]]}},
{"type":"Feature","properties":{"รหัสกลุ่มคิว":"15/004","รหัสรับเหมา":"738889","ชื่อ-สกุล รับเหมา":"รถตัดโรงงานเบอร์ 22","นักเกษตร":"1507","ศูนย์":"K2-15","โควตา":"710469","ชาวไร่":"นาง วันเพ็ญ ฉนวนรัมย์","ประเภทอ้อย":"ตอ1","พื้นที่":16.53,"ตันรวม":148.77,"รหัสแปลง":"320515100024","กลุ่ม":"กลุ่ม_15"},"geometry":{"type":"MultiPolygon","coordinates":[[[[974875.950199999846518,1617497.1402000002563],[974875.646499999798834,1617513.959100000560284],[974848.666100000031292,1617517.839500000700355],[974845.925699999555945,1617499.896600000560284],[974792.057099999859929,1617504.300300000235438],[974742.497800000011921,1617509.265799999237061],[974706.412800000049174,1617510.633600000292063],[974658.907300000078976,1617515.260800000280142],[974612.612499999813735,1617519.572200000286102],[974639.870199999772012,1617579.422800000756979],[975042.707399999722838,1617553.938200000673532],[975027.856700000353158,1617486.691299999132752],[974875.950199999846518,1617497.1402000002563]]]]}},
{"type":"Feature","properties":{"รหัสกลุ่มคิว":"15/008","รหัสรับเหมา":null,"ชื่อ-สกุล รับเหมา":null,"นักเกษตร":"1502","ศูนย์":"K2-15","โควตา":"719271","ชาวไร่":"นาย บุญสงค์ นากอก","ประเภทอ้อย":"ตอ1","พื้นที่":5.75,"ตันรวม":51.75,"รหัสแปลง":"320515101541","กลุ่ม":"กลุ่ม_15"},"geometry":{"type":"MultiPolygon","coordinates":[[[[975420.816499999724329,1618868.406400000676513],[975378.756099999882281,1618880.470200000330806],[975306.143600000068545,1618897.619200000539422],[975310.590699999593198,1618941.545],[975433.478500000201166,1618981.605399999767542],[975420.816499999724329,1618868.406400000676513]]]]}},
{"type":"Feature","properties":{"รหัสกลุ่มคิว":"15/007","รหัสรับเหมา":"722724","ชื่อ-สกุล รับเหมา":"นาง ณีรนุช แถวถิ่น","นักเกษตร":"1501","ศูนย์":"K2-15","โควตา":"719497","ชาวไร่":"นาย เอกชัย สืบดี","ประเภทอ้อย":"ปลายฝน","พื้นที่":4.12,"ตันรวม":53.56,"รหัสแปลง":"320606121514","กลุ่ม":"กลุ่ม_15"},"geometry":{"type":"MultiPolygon","coordinates":[[[[975750.041699999943376,1603688.289000000804663],[975715.467000000178814,1603675.51490000076592],[975659.675599999725819,1603851.675799999386072],[975693.257299999706447,1603861.556600000709295],[975750.041699999943376,1603688.289000000804663]]]]}},
{"type":"Feature","properties":{"รหัสกลุ่มคิว":"15/007","รหัสรับเหมา":"722724","ชื่อ-สกุล รับเหมา":"นาง ณีรนุช แถวถิ่น","นักเกษตร":"1501","ศูนย์":"K2-15","โควตา":"723002","ชาวไร่":"นาง อำนวย ศรีสำอางค์","ประเภทอ้อย":"ตอ2","พื้นที่":9.84,"ตันรวม":78.72,"รหัสแปลง":"320606010171","กลุ่ม":"กลุ่ม_15"},"geometry":{"type":"MultiPolygon","coordinates":[[[[980962.769999999552965,1598167.8322],[980846.136500000022352,1598009.760800000280142],[980782.28110000025481,1598053.180800000205636],[980894.887000000104308,1598215.130100000649691],[980962.769999999552965,1598167.8322]]]]}},
{"type":"Feature","properties":{"รหัสกลุ่มคิว":"15/007","รหัสรับเหมา":"722724","ชื่อ-สกุล รับเหมา":"นาง ณีรนุช แถวถิ่น","นักเกษตร":"1501","ศูนย์":"K2-15","โควตา":"715349","ชาวไร่":"นาง นิตยา ชิมจันทร์","ประเภทอ้อย":"ปลายฝน","พื้นที่":22.18,"ตันรวม":288.34,"รหัสแปลง":"320606011504","กลุ่ม":"กลุ่ม_15"},"geometry":{"type":"MultiPolygon","coordinates":[[[[978542.748599999584258,1603728.777000000700355],[978367.876000000163913,1603742.6831],[978352.091099999845028,1604027.092399999499321],[978424.485000000335276,1604026.330900000408292],[978542.748599999584258,1603728.777000000700355]]]]}},
{"type":"Feature","properties":{"รหัสกลุ่มคิว":"15/007","รหัสรับเหมา":"722724","ชื่อ-สกุล รับเหมา":"นาง ณีรนุช แถวถิ่น","นักเกษตร":"1501","ศูนย์":"K2-15","โควตา":"711621","ชาวไร่":"นาย สมพงษ์ โสนาพูน","ประเภทอ้อย":"ตอ1","พื้นที่":5.08,"ตันรวม":45.72,"รหัสแปลง":"320606011543","กลุ่ม":"กลุ่ม_15"},"geometry":{"type":"MultiPolygon","coordinates":[[[[980767.943500000052154,1601995.097100000828505],[981002.755800000391901,1601965.274399999529123],[981000.355600000359118,1601931.207000000402331],[980763.741899999789894,1601960.994799999520183],[980767.943500000052154,1601995.097100000828505]]]]}},
{"type":"Feature","properties":{"รหัสกลุ่มคิว":"15/007","รหัสรับเหมา":"722724","ชื่อ-สกุล รับเหมา":"นาง ณีรนุช แถวถิ่น","นักเกษตร":"1501","ศูนย์":"K2-15","โควตา":"723011","ชาวไร่":"นาย สิริ โฉลกดี","ประเภทอ้อย":"ปลายฝน","พื้นที่":11.54,"ตันรวม":150.02,"รหัสแปลง":"320606011560","กลุ่ม":"กลุ่ม_15"},"geometry":{"type":"MultiPolygon","coordinates":[[[[980585.233300000429153,1598790.994300000369549],[980528.290000000037253,1598830.268100000917912],[980536.609199999831617,1598850.476700000464916],[980586.250799999572337,1598813.6184],[980605.475700000301003,1598844.3257],[980558.752799999900162,1598879.371400000527501],[980552.498499999754131,1598875.220799999311566],[980675.466400000266731,1599065.508099999278784],[980706.220599999651313,1599046.701099999248981],[980720.567699999548495,1599027.054300000891089],[980725.516099999658763,1598998.8772],[980585.233300000429153,1598790.994300000369549]]]]}},
{"type":"Feature","properties":{"รหัสกลุ่มคิว":"15/007","รหัสรับเหมา":"722724","ชื่อ-สกุล รับเหมา":"นาง ณีรนุช แถวถิ่น","นักเกษตร":"1501","ศูนย์":"K2-15","โควตา":"715422","ชาวไร่":"นาง สุภาพ โฉลกดี","ประเภทอ้อย":"ตอ1","พื้นที่":5.44,"ตันรวม":48.96,"รหัสแปลง":"320606011679","กลุ่ม":"กลุ่ม_15"},"geometry":{"type":"MultiPolygon","coordinates":[[[[979521.735600000247359,1599524.5494],[979404.479299999773502,1599349.119100000709295],[979375.916600000113249,1599360.538100000470877],[979375.976800000295043,1599371.165699999779463],[979373.0943,1599378.044399999082088],[979488.834300000220537,1599546.464099999517202],[979521.735600000247359,1599524.5494]]]]}},
{"type":"Feature","properties":{"รหัสกลุ่มคิว":"15/007","รหัสรับเหมา":"722724","ชื่อ-สกุล รับเหมา":"นาง ณีรนุช แถวถิ่น","นักเกษตร":"1501","ศูนย์":"K2-15","โควตา":"719338","ชาวไร่":"นาง ราวี สุภาผล","ประเภทอ้อย":"ปลายฝน","พื้นที่":6.68,"ตันรวม":86.84,"รหัสแปลง":"320606011680","กลุ่ม":"กลุ่ม_15"},"geometry":{"type":"MultiPolygon","coordinates":[[[[979966.31969999987632,1599612.423100000247359],[979937.097500000149012,1599650.19400000013411],[980076.5614,1599842.6305],[980111.104700000025332,1599819.759199999272823],[979966.31969999987632,1599612.423100000247359]]]]}},
{"type":"Feature","properties":{"รหัสกลุ่มคิว":"15/007","รหัสรับเหมา":"722724","ชื่อ-สกุล รับเหมา":"นาง ณีรนุช แถวถิ่น","นักเกษตร":"1501","ศูนย์":"K2-15","โควตา":"719338","ชาวไร่":"นาง ราวี สุภาผล","ประเภทอ้อย":"ตอ2","พื้นที่":5.05,"ตันรวม":40.4,"รหัสแปลง":"320606011681","กลุ่ม":"กลุ่ม_15"},"geometry":{"type":"MultiPolygon","coordinates":[[[[979919.825799999758601,1599685.116399999707937],[980047.425099999643862,1599870.615800000727177],[980078.216900000348687,1599847.388499999418855],[979939.334800000302494,1599654.244200000539422],[979941.835900000296533,1599659.243699999526143],[979939.74309999961406,1599678.29839999973774],[979931.430399999953806,1599682.801000000908971],[979919.825799999758601,1599685.116399999707937]]]]}},
{"type":"Feature","properties":{"รหัสกลุ่มคิว":"15/003","รหัสรับเหมา":"738889","ชื่อ-สกุล รับเหมา":"รถตัดโรงงานเบอร์ 18","นักเกษตร":"1202","ศูนย์":"K2-15","โควตา":"719392","ชาวไร่":"นางสาว เจือย ดวงเด่นฉาย","ประเภทอ้อย":"ตอ1","พื้นที่":9.0,"ตันรวม":81.0,"รหัสแปลง":"320606031524","กลุ่ม":"กลุ่ม_15"},"geometry":{"type":"MultiPolygon","coordinates":[[[[978055.671000000089407,1609579.077299999073148],[977847.280199999921024,1609538.999399999156594],[977843.345999999903142,1609614.017100000753999],[978043.927000000141561,1609642.305400000885129],[978055.671000000089407,1609579.077299999073148]]]]}},
{"type":"Feature","properties":{"รหัสกลุ่มคิว":"15/003","รหัสรับเหมา":"738889","ชื่อ-สกุล รับเหมา":"รถตัดโรงงานเบอร์ 18","นักเกษตร":"1202","ศูนย์":"K2-15","โควตา":"719441","ชาวไร่":"นางสาว หทัยรัตน์ ไม้สนธิ์","ประเภทอ้อย":"ปลายฝน","พื้นที่":2.9,"ตันรวม":37.7,"รหัสแปลง":"320606031690","กลุ่ม":"กลุ่ม_15"},"geometry":{"type":"MultiPolygon","coordinates":[[[[978365.43030000012368,1609429.656099999323487],[978403.498300000093877,1609440.83530000038445],[978435.425699999555945,1609335.585100000724196],[978394.614500000141561,1609320.1371],[978365.43030000012368,1609429.656099999323487]]]]}},
{"type":"Feature","properties":{"รหัสกลุ่มคิว":"15/001","รหัสรับเหมา":"738889","ชื่อ-สกุล รับเหมา":"รถตัดโรงงานเบอร์ 01","นักเกษตร":"1503","ศูนย์":"K2-15","โควตา":"710775","ชาวไร่":"นาง ผ่องศรี สายกระสุน","ประเภทอ้อย":"ตอ1","พื้นที่":15.53,"ตันรวม":139.77,"รหัสแปลง":"320606040059","กลุ่ม":"กลุ่ม_15"},"geometry":{"type":"MultiPolygon","coordinates":[[[[976213.99349999986589,1609123.748099999502301],[976214.228699999861419,1609060.722799999639392],[976083.142,1609024.496500000357628],[976071.514999999664724,1609117.710799999535084],[976067.473699999973178,1609166.114900000393391],[976311.378999999724329,1609222.065600000321865],[976306.331399999558926,1609200.8344],[976301.520100000314415,1609179.792999999597669],[976245.993900000117719,1609166.348200000822544],[976252.708200000226498,1609130.787200000137091],[976213.99349999986589,1609123.748099999502301]]]]}},
{"type":"Feature","properties":{"รหัสกลุ่มคิว":"15/003","รหัสรับเหมา":"738889","ชื่อ-สกุล รับเหมา":"รถตัดโรงงานเบอร์ 18","นักเกษตร":"1202","ศูนย์":"K2-15","โควตา":"722976","ชาวไร่":"นาย สุชาติ สุขพินิจ","ประเภทอ้อย":"ตอ1","พื้นที่":18.16,"ตันรวม":163.44,"รหัสแปลง":"320606061507","กลุ่ม":"กลุ่ม_15"},"geometry":{"type":"MultiPolygon","coordinates":[[[[977758.7511,1604311.834100000560284],[977702.294200000353158,1604473.973099999129772],[977901.989000000059605,1604505.372700000181794],[977897.471400000154972,1604331.951500000432134],[977758.7511,1604311.834100000560284]]]]}},
{"type":"Feature","properties":{"รหัสกลุ่มคิว":"15/007","รหัสรับเหมา":"722724","ชื่อ-สกุล รับเหมา":"นาง ณีรนุช แถวถิ่น","นักเกษตร":"1501","ศูนย์":"K2-15","โควตา":"711621","ชาวไร่":"นาย สมพงษ์ โสนาพูน","ประเภทอ้อย":"ตอ1","พื้นที่":11.64,"ตันรวม":104.76,"รหัสแปลง":"320606061524","กลุ่ม":"กลุ่ม_15"},"geometry":{"type":"MultiPolygon","coordinates":[[[[980956.939799999818206,1601979.778000000864267],[980767.218000000342727,1602007.40059999935329],[980779.945700000040233,1602097.040300000458956],[980956.48589999973774,1602092.528899999335408],[980956.939799999818206,1601979.778000000864267]]]]}},
{"type":"Feature","properties":{"รหัสกลุ่มคิว":"15/003","รหัสรับเหมา":"738889","ชื่อ-สกุล รับเหมา":"รถตัดโรงงานเบอร์ 18","นักเกษตร":"1202","ศูนย์":"K2-15","โควตา":"715231","ชาวไร่":"นางสาว เปียน ดวงเด่นฉาย","ประเภทอ้อย":"ตอ2","พื้นที่":4.97,"ตันรวม":39.76,"รหัสแปลง":"320606071521","กลุ่ม":"กลุ่ม_15"},"geometry":{"type":"MultiPolygon","coordinates":[[[[977754.254700000397861,1609587.581700000911951],[977639.505599999800324,1609576.940099999308586],[977629.539800000376999,1609635.52559999935329],[977639.026800000108778,1609637.6623],[977638.653699999675155,1609645.855200000107288],[977742.982599999755621,1609657.489199999719858],[977754.254700000397861,1609587.581700000911951]]]]}},
{"type":"Feature","properties":{"รหัสกลุ่มคิว":"15/003","รหัสรับเหมา":"738889","ชื่อ-สกุล รับเหมา":"รถตัดโรงงานเบอร์ 18","นักเกษตร":"1202","ศูนย์":"K2-15","โควตา":"723142","ชาวไร่":"นาง จิตร ลอยเลื่อน","ประเภทอ้อย":"ตอ1","พื้นที่":4.07,"ตันรวม":36.63,"รหัสแปลง":"320606071593","กลุ่ม":"กลุ่ม_15"},"geometry":{"type":"MultiPolygon","coordinates":[[[[977829.307699999772012,1609988.86879999935627],[977725.010599999688566,1609975.3268],[977722.74930000025779,1609982.14809999987483],[977721.152700000442564,1610036.71199999935925],[977753.087500000372529,1610040.764000000432134],[977825.93790000025183,1610049.058399999514222],[977827.251600000075996,1610048.200500000268221],[977829.307699999772012,1609988.86879999935627]]]]}},
{"type":"Feature","properties":{"รหัสกลุ่มคิว":"15/003","รหัสรับเหมา":"738889","ชื่อ-สกุล รับเหมา":"รถตัดโรงงานเบอร์ 18","นักเกษตร":"1202","ศูนย์":"K2-15","โควตา":"723142","ชาวไร่":"นาง จิตร ลอยเลื่อน","ประเภทอ้อย":"ตอ4","พื้นที่":4.51,"ตันรวม":31.57,"รหัสแปลง":"320606071595","กลุ่ม":"กลุ่ม_15"},"geometry":{"type":"MultiPolygon","coordinates":[[[[976518.533400000073016,1609192.507799999788404],[976501.671400000341237,1609081.565899999812245],[976438.514600000344217,1609087.795399999246001],[976452.865799999795854,1609197.879799999296665],[976518.533400000073016,1609192.507799999788404]]]]}},
{"type":"Feature","properties":{"รหัสกลุ่มคิว":"15/007","รหัสรับเหมา":"722724","ชื่อ-สกุล รับเหมา":"นาง ณีรนุช แถวถิ่น","นักเกษตร":"1501","ศูนย์":"K2-15","โควตา":"722578","ชาวไร่":"นาย มีชัย จิตคะติ","ประเภทอ้อย":"ตอ1","พื้นที่":5.51,"ตันรวม":49.59,"รหัสแปลง":"320606110153","กลุ่ม":"กลุ่ม_15"},"geometry":{"type":"MultiPolygon","coordinates":[[[[981444.380400000140071,1601879.895500000566244],[981468.014999999664724,1602001.075799999758601],[981531.350899999961257,1601981.21680000051856],[981526.555100000463426,1601910.4583],[981513.622700000181794,1601859.250600000843406],[981444.380400000140071,1601879.895500000566244]]]]}},
{"type":"Feature","properties":{"รหัสกลุ่มคิว":"15/007","รหัสรับเหมา":"722724","ชื่อ-สกุล รับเหมา":"นาง ณีรนุช แถวถิ่น","นักเกษตร":"1501","ศูนย์":"K2-15","โควตา":"722724","ชาวไร่":"นาง ณีรนุช แถวถิ่น","ประเภทอ้อย":"ปลายฝน","พื้นที่":13.23,"ตันรวม":171.99,"รหัสแปลง":"320606131520","กลุ่ม":"กลุ่ม_15"},"geometry":{"type":"MultiPolygon","coordinates":[[[[981191.938299999572337,1599069.977700000628829],[981124.974700000137091,1599115.6952],[981188.160500000230968,1599205.321699999272823],[981212.329300000332296,1599188.137900000438094],[981223.011199999600649,1599200.397600000724196],[981198.808600000105798,1599220.208799999207258],[981255.775100000202656,1599300.412699999287724],[981268.485100000165403,1599289.14670000039041],[981276.075699999928474,1599295.066299999132752],[981285.118700000457466,1599302.3564],[981289.232499999925494,1599313.938300000503659],[981294.465499999932945,1599318.9956],[981299.95990000013262,1599319.285399999469519],[981307.371500000357628,1599321.7336],[981355.259800000116229,1599294.971200000494719],[981191.938299999572337,1599069.977700000628829]]]]}},
{"type":"Feature","properties":{"รหัสกลุ่มคิว":"15/004","รหัสรับเหมา":"738889","ชื่อ-สกุล รับเหมา":"รถตัดโรงงานเบอร์ 22","นักเกษตร":"1507","ศูนย์":"K2-15","โควตา":"715080","ชาวไร่":"นาย ศรีไพร สาลี","ประเภทอ้อย":"ปลายฝน","พื้นที่":5.27,"ตันรวม":68.51,"รหัสแปลง":"321401150098","กลุ่ม":"กลุ่ม_15"},"geometry":{"type":"MultiPolygon","coordinates":[[[[970675.886099999770522,1607593.89750000089407],[970704.798600000329316,1607498.787599999457598],[970620.856599999591708,1607474.228000000119209],[970596.16579999960959,1607569.213400000706315],[970675.886099999770522,1607593.89750000089407]]]]}},
{"type":"Feature","properties":{"รหัสกลุ่มคิว":"15/003","รหัสรับเหมา":"738889","ชื่อ-สกุล รับเหมา":"รถตัดโรงงานเบอร์ 18","นักเกษตร":"1202","ศูนย์":"K2-15","โควตา":"722602","ชาวไร่":"นาย แหลม ค้ำคูณ","ประเภทอ้อย":"ตอ1","พื้นที่":2.6,"ตันรวม":23.4,"รหัสแปลง":"320507061561","กลุ่ม":"กลุ่ม_15"},"geometry":{"type":"MultiPolygon","coordinates":[[[[977238.431200000457466,1610562.674499999731779],[977242.194199999794364,1610610.5373],[977327.07039999961853,1610609.691500000655651],[977329.034799999557436,1610562.839400000870228],[977238.431200000457466,1610562.674499999731779]]]]}},
{"type":"Feature","properties":{"รหัสกลุ่มคิว":"15/004","รหัสรับเหมา":"738889","ชื่อ-สกุล รับเหมา":"รถตัดโรงงานเบอร์ 22","นักเกษตร":"1507","ศูนย์":"K2-15","โควตา":"715122","ชาวไร่":"นาง สาธนา เที่ยงธรรม","ประเภทอ้อย":"ตอ1","พื้นที่":6.48,"ตันรวม":58.32,"รหัสแปลง":"320509090095","กลุ่ม":"กลุ่ม_15"},"geometry":{"type":"MultiPolygon","coordinates":[[[[972494.293499999679625,1607804.397199999541044],[972232.869099999777973,1607737.026499999687076],[972224.898599999956787,1607774.352],[972486.116799999959767,1607842.242900000885129],[972494.293499999679625,1607804.397199999541044]]]]}},
{"type":"Feature","properties":{"รหัสกลุ่มคิว":"15/004","รหัสรับเหมา":"738889","ชื่อ-สกุล รับเหมา":"รถตัดโรงงานเบอร์ 22","นักเกษตร":"1507","ศูนย์":"K2-15","โควตา":"710661","ชาวไร่":"นาย สมพร พรมสุทธิ","ประเภทอ้อย":"ตอ1","พื้นที่":8.26,"ตันรวม":74.34,"รหัสแปลง":"320509091554","กลุ่ม":"กลุ่ม_15"},"geometry":{"type":"MultiPolygon","coordinates":[[[[973090.222699999809265,1608078.051699999719858],[973101.487800000235438,1608080.472200000658631],[973108.835699999704957,1608020.056399999186397],[973105.533099999651313,1607990.13370000012219],[973083.514399999752641,1607859.435100000351667],[973013.978400000371039,1607560.614499999210238],[972984.320000000298023,1607566.312300000339746],[973004.557699999772012,1607631.296700000762939],[973021.105499999597669,1607698.99349999986589],[973052.48369999974966,1607829.583200000226498],[973090.222699999809265,1608078.051699999719858]]]]}},
{"type":"Feature","properties":{"รหัสกลุ่มคิว":"15/004","รหัสรับเหมา":"738889","ชื่อ-สกุล รับเหมา":"รถตัดโรงงานเบอร์ 22","นักเกษตร":"1507","ศูนย์":"K2-15","โควตา":"715802","ชาวไร่":"นาย สมศักดิ์ นาชพัด","ประเภทอ้อย":"ตอ1","พื้นที่":4.02,"ตันรวม":36.18,"รหัสแปลง":"320509091558","กลุ่ม":"กลุ่ม_15"},"geometry":{"type":"MultiPolygon","coordinates":[[[[972246.300499999895692,1607696.984899999573827],[972460.041299999691546,1607739.2972],[972462.519600000232458,1607717.596599999815226],[972255.239400000311434,1607660.273600000888109],[972246.300499999895692,1607696.984899999573827]]]]}},
{"type":"Feature","properties":{"รหัสกลุ่มคิว":"15/001","รหัสรับเหมา":"738889","ชื่อ-สกุล รับเหมา":"รถตัดโรงงานเบอร์ 01","นักเกษตร":"1503","ศูนย์":"K2-15","โควตา":"715191","ชาวไร่":"นาง ทองเลื่อน แก้วรักษา","ประเภทอ้อย":"ปลายฝน","พื้นที่":3.18,"ตันรวม":41.34,"รหัสแปลง":"320509101558","กลุ่ม":"กลุ่ม_15"},"geometry":{"type":"MultiPolygon","coordinates":[[[[974798.244599999859929,1609702.348999999463558],[975051.768899999558926,1609704.234999999403954],[975051.977400000207126,1609681.334000000730157],[974791.438299999572337,1609685.6985],[974798.244599999859929,1609702.348999999463558]]]]}},
{"type":"Feature","properties":{"รหัสกลุ่มคิว":"15/001","รหัสรับเหมา":"738889","ชื่อ-สกุล รับเหมา":"รถตัดโรงงานเบอร์ 01","นักเกษตร":"1503","ศูนย์":"K2-15","โควตา":"715860","ชาวไร่":"นาง ทองม้วน สว่างภพ","ประเภทอ้อย":"ตอ1","พื้นที่":5.35,"ตันรวม":48.15,"รหัสแปลง":"320509101565","กลุ่ม":"กลุ่ม_15"},"geometry":{"type":"MultiPolygon","coordinates":[[[[973572.608,1609375.369100000709295],[973642.549200000241399,1609396.207699999213219],[973679.719899999909103,1609276.730100000277162],[973629.65500000026077,1609270.583699999377131],[973609.292299999855459,1609266.144999999552965],[973572.608,1609375.369100000709295]]]]}},
{"type":"Feature","properties":{"รหัสกลุ่มคิว":"15/001","รหัสรับเหมา":"738889","ชื่อ-สกุล รับเหมา":"รถตัดโรงงานเบอร์ 01","นักเกษตร":"1503","ศูนย์":"K2-15","โควตา":"710721","ชาวไร่":"นาย สุรพล สืบเทพ","ประเภทอ้อย":"ตอ1","พื้นที่":5.08,"ตันรวม":45.72,"รหัสแปลง":"320509130104","กลุ่ม":"กลุ่ม_15"},"geometry":{"type":"MultiPolygon","coordinates":[[[[970486.609000000171363,1607236.736300000920892],[970392.086600000038743,1607570.709000000730157],[970393.441599999554455,1607570.943399999290705],[970393.719899999909103,1607571.422399999573827],[970416.947399999946356,1607565.742000000551343],[970421.200699999928474,1607557.887800000607967],[970439.466599999926984,1607492.919700000435114],[970433.055900000035763,1607488.683199999853969],[970441.646099999547005,1607460.341199999675155],[970449.316200000233948,1607460.998999999836087],[970459.314899999648333,1607426.86710000038147],[970468.413099999539554,1607391.33809999935329],[970509.364900000393391,1607243.93610000051558],[970486.609000000171363,1607236.736300000920892]]]]}},
{"type":"Feature","properties":{"รหัสกลุ่มคิว":"15/004","รหัสรับเหมา":"738889","ชื่อ-สกุล รับเหมา":"รถตัดโรงงานเบอร์ 22","นักเกษตร":"1507","ศูนย์":"K2-15","โควตา":"715351","ชาวไร่":"นาย ณัฏฐ์ธเนศ สีน้ำคำ","ประเภทอ้อย":"ปลายฝน","พื้นที่":4.31,"ตันรวม":56.03,"รหัสแปลง":"320509131529","กลุ่ม":"กลุ่ม_15"},"geometry":{"type":"MultiPolygon","coordinates":[[[[970241.278199999593198,1607606.814099999144673],[970282.221400000154972,1607762.685799999162555],[970326.513299999758601,1607751.388900000602007],[970280.995699999853969,1607598.805099999532104],[970241.278199999593198,1607606.814099999144673]]]]}},
{"type":"Feature","properties":{"รหัสกลุ่มคิว":"15/004","รหัสรับเหมา":"738889","ชื่อ-สกุล รับเหมา":"รถตัดโรงงานเบอร์ 22","นักเกษตร":"1507","ศูนย์":"K2-15","โควตา":"710664","ชาวไร่":"นาง สุภาพ ใจพินิจ","ประเภทอ้อย":"ปลายฝน","พื้นที่":5.04,"ตันรวม":65.52,"รหัสแปลง":"320509131555","กลุ่ม":"กลุ่ม_15"},"geometry":{"type":"MultiPolygon","coordinates":[[[[970828.552000000141561,1608377.813300000503659],[970822.036799999885261,1608297.750600000843406],[970717.878999999724329,1608315.450999999418855],[970745.917600000277162,1608400.667099999263883],[970828.552000000141561,1608377.813300000503659]]]]}},
{"type":"Feature","properties":{"รหัสกลุ่มคิว":"15/001","รหัสรับเหมา":"738889","ชื่อ-สกุล รับเหมา":"รถตัดโรงงานเบอร์ 01","นักเกษตร":"1503","ศูนย์":"K2-15","โควตา":"715004","ชาวไร่":"นาย ชัยสิทธิ์ สำราญดี","ประเภทอ้อย":"ปลายฝน","พื้นที่":8.85,"ตันรวม":115.05,"รหัสแปลง":"320509141511","กลุ่ม":"กลุ่ม_15"},"geometry":{"type":"MultiPolygon","coordinates":[[[[971753.569299999624491,1615936.081700000911951],[971767.23450000025332,1615988.639699999243021],[972004.337899999693036,1615939.829700000584126],[971994.393600000068545,1615876.28830000013113],[971915.186599999666214,1615898.879799999296665],[971753.569299999624491,1615936.081700000911951]]]]}},
{"type":"Feature","properties":{"รหัสกลุ่มคิว":"15/001","รหัสรับเหมา":"738889","ชื่อ-สกุล รับเหมา":"รถตัดโรงงานเบอร์ 01","นักเกษตร":"1503","ศูนย์":"K2-15","โควตา":"728363","ชาวไร่":"นาย สุพรรณ มีทรัพย์","ประเภทอ้อย":"ตอ1","พื้นที่":12.72,"ตันรวม":114.48,"รหัสแปลง":"320515101524","กลุ่ม":"กลุ่ม_15"},"geometry":{"type":"MultiPolygon","coordinates":[[[[973029.084999999962747,1612121.472799999639392],[973108.721300000324845,1612119.494200000539422],[973106.142300000414252,1612047.71169999986887],[973102.33669999986887,1611964.812899999320507],[973088.694799999706447,1611850.295199999585748],[973022.160099999979138,1611854.560100000351667],[973029.084999999962747,1612121.472799999639392]]]]}},
{"type":"Feature","properties":{"รหัสกลุ่มคิว":"15/007","รหัสรับเหมา":"722724","ชื่อ-สกุล รับเหมา":"นาง ณีรนุช แถวถิ่น","นักเกษตร":"1501","ศูนย์":"K2-15","โควตา":"715348","ชาวไร่":"นาย ณัฐธิชานนท์ สิงห์ด้วง","ประเภทอ้อย":"ตอ1","พื้นที่":5.71,"ตันรวม":51.39,"รหัสแปลง":"320606011600","กลุ่ม":"กลุ่ม_15"},"geometry":{"type":"MultiPolygon","coordinates":[[[[980240.141699999570847,1599586.968399999663234],[980176.521099999547005,1599630.697699999436736],[980242.95920000039041,1599728.430400000885129],[980306.845700000412762,1599686.262900000438094],[980240.141699999570847,1599586.968399999663234]]]]}},
{"type":"Feature","properties":{"รหัสกลุ่มคิว":"15/003","รหัสรับเหมา":"738889","ชื่อ-สกุล รับเหมา":"รถตัดโรงงานเบอร์ 18","นักเกษตร":"1202","ศูนย์":"K2-15","โควตา":"722585","ชาวไร่":"นาย แสงทอง กระแสโสม","ประเภทอ้อย":"ตอ1","พื้นที่":1.98,"ตันรวม":17.82,"รหัสแปลง":"320606030132","กลุ่ม":"กลุ่ม_15"},"geometry":{"type":"MultiPolygon","coordinates":[[[[977947.724799999967217,1609780.0132],[977861.764999999664724,1609773.335799999535084],[977860.051799999549985,1609809.296299999579787],[977943.638199999928474,1609818.303400000557303],[977947.724799999967217,1609780.0132]]]]}},
{"type":"Feature","properties":{"รหัสกลุ่มคิว":"15/007","รหัสรับเหมา":"722724","ชื่อ-สกุล รับเหมา":"นาง ณีรนุช แถวถิ่น","นักเกษตร":"1501","ศูนย์":"K2-15","โควตา":"722724","ชาวไร่":"นาง ณีรนุช แถวถิ่น","ประเภทอ้อย":"ปลายฝน","พื้นที่":7.52,"ตันรวม":97.76,"รหัสแปลง":"320606081617","กลุ่ม":"กลุ่ม_15"},"geometry":{"type":"MultiPolygon","coordinates":[[[[981390.689799999818206,1603395.749099999666214],[981389.794400000013411,1603561.2018],[981464.77419999986887,1603559.989900000393391],[981467.494699999690056,1603408.68610000051558],[981390.689799999818206,1603395.749099999666214]]]]}},
{"type":"Feature","properties":{"รหัสกลุ่มคิว":"15/001","รหัสรับเหมา":"738889","ชื่อ-สกุล รับเหมา":"รถตัดโรงงานเบอร์ 01","นักเกษตร":"1503","ศูนย์":"K2-15","โควตา":"715860","ชาวไร่":"นาง ทองม้วน สว่างภพ","ประเภทอ้อย":"ตอ1","พื้นที่":5.3,"ตันรวม":47.7,"รหัสแปลง":"320606091537","กลุ่ม":"กลุ่ม_15"},"geometry":{"type":"MultiPolygon","coordinates":[[[[973397.202499999664724,1604785.179500000551343],[973304.071100000292063,1604767.918700000271201],[973228.803299999795854,1604756.488299999386072],[973222.076100000180304,1604800.168600000441074],[973392.337100000120699,1604837.99269999936223],[973397.202499999664724,1604785.179500000551343]]]]}},
{"type":"Feature","properties":{"รหัสกลุ่มคิว":"15/003","รหัสรับเหมา":"738889","ชื่อ-สกุล รับเหมา":"รถตัดโรงงานเบอร์ 18","นักเกษตร":"1202","ศูนย์":"K2-15","โควตา":"715639","ชาวไร่":"นางสาว ลักขณา มากขำ","ประเภทอ้อย":"ตอ1","พื้นที่":7.25,"ตันรวม":65.25,"รหัสแปลง":"320509031784","กลุ่ม":"กลุ่ม_15"},"geometry":{"type":"MultiPolygon","coordinates":[[[[968368.096300000324845,1614336.326999999582767],[968395.578200000338256,1614471.805700000375509],[968474.390399999916553,1614455.7489],[968491.4682,1614494.89750000089407],[968525.896300000138581,1614483.538899999111891],[968398.511699999682605,1614318.236300000920892],[968368.096300000324845,1614336.326999999582767]]]]}},
{"type":"Feature","properties":{"รหัสกลุ่มคิว":"15/004","รหัสรับเหมา":"738889","ชื่อ-สกุล รับเหมา":"รถตัดโรงงานเบอร์ 22","นักเกษตร":"1507","ศูนย์":"K2-15","โควตา":"715066","ชาวไร่":"นาย สิรินทร์ ปอยทอง","ประเภทอ้อย":"ตอ1","พื้นที่":1.88,"ตันรวม":16.92,"รหัสแปลง":"320509131780","กลุ่ม":"กลุ่ม_15"},"geometry":{"type":"MultiPolygon","coordinates":[[[[969548.736499999649823,1606955.601099999621511],[969433.198200000450015,1606969.483200000599027],[969440.549999999813735,1606999.572100000455976],[969534.439899999648333,1606987.495999999344349],[969530.414099999703467,1606962.461899999529123],[969550.448900000192225,1606960.2555],[969548.736499999649823,1606955.601099999621511]]]]}},
{"type":"Feature","properties":{"รหัสกลุ่มคิว":"15/003","รหัสรับเหมา":"738889","ชื่อ-สกุล รับเหมา":"รถตัดโรงงานเบอร์ 18","นักเกษตร":"1202","ศูนย์":"K2-15","โควตา":"710065","ชาวไร่":"นาย ตัน คงทรัพย์","ประเภทอ้อย":"ตอ1","พื้นที่":5.8,"ตันรวม":52.2,"รหัสแปลง":"320606121651","กลุ่ม":"กลุ่ม_15"},"geometry":{"type":"MultiPolygon","coordinates":[[[[977568.246399999596179,1603847.644999999552965],[977314.250500000081956,1603876.874900000169873],[977320.244699999690056,1603904.082599999383092],[977326.277999999932945,1603911.150299999862909],[977428.70299999974668,1603902.277100000530481],[977429.001400000415742,1603897.520600000396371],[977445.94510000012815,1603896.1798],[977446.505699999630451,1603897.992200000211596],[977556.782100000418723,1603891.336899999529123],[977568.682199999690056,1603848.251299999654293],[977568.654400000348687,1603847.8991],[977568.246399999596179,1603847.644999999552965]]]]}},
{"type":"Feature","properties":{"รหัสกลุ่มคิว":"15/003","รหัสรับเหมา":"738889","ชื่อ-สกุล รับเหมา":"รถตัดโรงงานเบอร์ 18","นักเกษตร":"1202","ศูนย์":"K2-15","โควตา":"715230","ชาวไร่":"นางสาว ฤทัยขวัญ พูลสารยิ่ง","ประเภทอ้อย":"ปลายฝน","พื้นที่":4.16,"ตันรวม":54.08,"รหัสแปลง":"320606121653","กลุ่ม":"กลุ่ม_15"},"geometry":{"type":"MultiPolygon","coordinates":[[[[977405.071800000034273,1604065.600400000810623],[977343.430200000293553,1604070.600600000470877],[977352.029900000430644,1604178.942299999296665],[977414.921299999579787,1604168.602800000458956],[977405.071800000034273,1604065.600400000810623]]]]}},
{"type":"Feature","properties":{"รหัสกลุ่มคิว":"15/007","รหัสรับเหมา":"722724","ชื่อ-สกุล รับเหมา":"นาง ณีรนุช แถวถิ่น","นักเกษตร":"1501","ศูนย์":"K2-15","โควตา":"719118","ชาวไร่":"นาง พูนศิริ ชิมจันทร์","ประเภทอ้อย":"ปลายฝน","พื้นที่":11.0,"ตันรวม":143.0,"รหัสแปลง":"320606131629","กลุ่ม":"กลุ่ม_15"},"geometry":{"type":"MultiPolygon","coordinates":[[[[980813.03969999961555,1603514.629799999296665],[980778.399799999780953,1603321.033800000324845],[980715.393899999558926,1603316.171700000762939],[980741.682799999602139,1603424.940999999642372],[980668.704900000244379,1603497.48369999974966],[980669.461900000460446,1603519.63910000026226],[980696.887699999846518,1603538.683800000697374],[980813.03969999961555,1603514.629799999296665]]]]}},
{"type":"Feature","properties":{"รหัสกลุ่มคิว":"15/007","รหัสรับเหมา":"722724","ชื่อ-สกุล รับเหมา":"นาง ณีรนุช แถวถิ่น","นักเกษตร":"1501","ศูนย์":"K2-15","โควตา":"715655","ชาวไร่":"นาย วีรวัฒน์ พันธุ์ศิลป์","ประเภทอ้อย":"ปลายฝน","พื้นที่":8.66,"ตันรวม":112.58,"รหัสแปลง":"320606011794","กลุ่ม":"กลุ่ม_15"},"geometry":{"type":"MultiPolygon","coordinates":[[[[981869.080199999734759,1599458.8191],[981822.965599999763072,1599493.526499999687076],[981792.391200000420213,1599453.8213],[981776.25040000025183,1599469.682299999520183],[981904.291299999691546,1599642.568099999800324],[981960.931699999608099,1599600.650100000202656],[981869.080199999734759,1599458.8191]]]]}},
{"type":"Feature","properties":{"รหัสกลุ่มคิว":"15/004","รหัสรับเหมา":"738889","ชื่อ-สกุล รับเหมา":"รถตัดโรงงานเบอร์ 22","นักเกษตร":"1507","ศูนย์":"K2-15","โควตา":"715666","ชาวไร่":"นาย นคร สาลี","ประเภทอ้อย":"ปลายฝน","พื้นที่":6.87,"ตันรวม":89.31,"รหัสแปลง":"320509131783","กลุ่ม":"กลุ่ม_15"},"geometry":{"type":"MultiPolygon","coordinates":[[[[970074.3902000002563,1606370.713199999183416],[970062.22510000038892,1606303.8103],[970030.028699999675155,1606316.585699999704957],[970007.985000000335276,1606332.460999999195337],[969991.590200000442564,1606344.994300000369549],[969968.72510000038892,1606351.181399999186397],[969981.921699999831617,1606446.128399999812245],[970026.637900000438094,1606432.849600000306964],[970079.383500000461936,1606429.005999999120831],[970081.763600000180304,1606415.899399999529123],[970074.3902000002563,1606370.713199999183416]]]]}},
{"type":"Feature","properties":{"รหัสกลุ่มคิว":"15/008","รหัสรับเหมา":null,"ชื่อ-สกุล รับเหมา":null,"นักเกษตร":"1502","ศูนย์":"K2-15","โควตา":"716358","ชาวไร่":"นาง สำรบ สุภาพ","ประเภทอ้อย":"ปลายฝน","พื้นที่":3.86,"ตันรวม":50.18,"รหัสแปลง":"320502060036","กลุ่ม":"กลุ่ม_15"},"geometry":{"type":"MultiPolygon","coordinates":[[[[979970.090599999763072,1630312.472699999809265],[979973.383399999700487,1630342.7664],[980007.483500000089407,1630342.379799999296665],[980013.796000000089407,1630405.11769999936223],[980069.099999999627471,1630402.49070000089705],[980058.620699999853969,1630309.86739999987185],[979970.090599999763072,1630312.472699999809265]]]]}},
{"type":"Feature","properties":{"รหัสกลุ่มคิว":"15/008","รหัสรับเหมา":null,"ชื่อ-สกุล รับเหมา":null,"นักเกษตร":"1502","ศูนย์":"K2-15","โควตา":"712004","ชาวไร่":"นาง คำพจน์ จันทร์อ่อน","ประเภทอ้อย":"ปลายฝน","พื้นที่":7.59,"ตันรวม":98.67,"รหัสแปลง":"320508071546","กลุ่ม":"กลุ่ม_15"},"geometry":{"type":"MultiPolygon","coordinates":[[[[988242.702899999916553,1625714.062999999150634],[988244.524500000290573,1625794.016799999400973],[988381.762199999764562,1625803.374399999156594],[988378.81319999974221,1625705.656999999657273],[988242.702899999916553,1625714.062999999150634]]]]}},
{"type":"Feature","properties":{"รหัสกลุ่มคิว":"15/008","รหัสรับเหมา":null,"ชื่อ-สกุล รับเหมา":null,"นักเกษตร":"1502","ศูนย์":"K2-15","โควตา":"712004","ชาวไร่":"นาง คำพจน์ จันทร์อ่อน","ประเภทอ้อย":"ตอ2","พื้นที่":18.26,"ตันรวม":146.08,"รหัสแปลง":"320508101509","กลุ่ม":"กลุ่ม_15"},"geometry":{"type":"MultiPolygon","coordinates":[[[[991379.577800000086427,1627695.643500000238419],[991342.158900000154972,1627706.269099999219179],[991335.443400000222027,1627719.708699999377131],[991311.199699999764562,1627724.021999999880791],[991380.16330000013113,1628034.18779999949038],[991484.157399999909103,1627981.8445999994874],[991379.577800000086427,1627695.643500000238419]]]]}},
{"type":"Feature","properties":{"รหัสกลุ่มคิว":"15/001","รหัสรับเหมา":"738889","ชื่อ-สกุล รับเหมา":"รถตัดโรงงานเบอร์ 01","นักเกษตร":"1503","ศูนย์":"K2-15","โควตา":"719077","ชาวไร่":"นาง คำใบ ลักขษร","ประเภทอ้อย":"ตอ2","พื้นที่":7.84,"ตันรวม":62.72,"รหัสแปลง":"320509015357","กลุ่ม":"กลุ่ม_15"},"geometry":{"type":"MultiPolygon","coordinates":[[[[973175.254200000315905,1608361.093499999493361],[973168.043499999679625,1608450.507099999114871],[973203.456199999898672,1608467.318800000473857],[973222.854199999943376,1608480.594799999147654],[973244.606100000441074,1608493.693],[973242.064699999988079,1608498.676899999380112],[973260.04590000025928,1608513.980000000447035],[973294.072200000286102,1608462.998800000175834],[973315.794900000095367,1608425.231000000610948],[973295.765399999916553,1608414.66950000077486],[973219.757000000216067,1608373.6151],[973213.269999999552965,1608370.562999999150634],[973175.254200000315905,1608361.093499999493361]]]]}},
{"type":"Feature","properties":{"รหัสกลุ่มคิว":"15/001","รหัสรับเหมา":"738889","ชื่อ-สกุล รับเหมา":"รถตัดโรงงานเบอร์ 01","นักเกษตร":"1503","ศูนย์":"K2-15","โควตา":"710212","ชาวไร่":"นาง สมพร สายกระสุน","ประเภทอ้อย":"ต้นฝน","พื้นที่":7.79,"ตันรวม":85.69,"รหัสแปลง":"320509150030","กลุ่ม":"กลุ่ม_15"},"geometry":{"type":"MultiPolygon","coordinates":[[[[970868.861800000071526,1612171.956000000238419],[970852.908400000073016,1612239.63429999910295],[970857.074199999682605,1612266.480200000107288],[970978.224700000137091,1612280.652599999681115],[970992.132100000046194,1612179.175200000405312],[970868.861800000071526,1612171.956000000238419]]]]}},
{"type":"Feature","properties":{"รหัสกลุ่มคิว":"15/004","รหัสรับเหมา":"738889","ชื่อ-สกุล รับเหมา":"รถตัดโรงงานเบอร์ 22","นักเกษตร":"1507","ศูนย์":"K2-15","โควตา":"715514","ชาวไร่":"นางสาว เรียม บูรณะ","ประเภทอ้อย":"ปลายฝน","พื้นที่":6.09,"ตันรวม":79.17,"รหัสแปลง":"320509181562","กลุ่ม":"กลุ่ม_15"},"geometry":{"type":"MultiPolygon","coordinates":[[[[967338.116899999789894,1611014.00139999948442],[967440.865000000223517,1611029.143699999898672],[967451.659900000318885,1610929.660499999299645],[967353.029099999926984,1610922.773399999365211],[967338.116899999789894,1611014.00139999948442]]]]}},
{"type":"Feature","properties":{"รหัสกลุ่มคิว":"15/004","รหัสรับเหมา":"738889","ชื่อ-สกุล รับเหมา":"รถตัดโรงงานเบอร์ 22","นักเกษตร":"1507","ศูนย์":"K2-15","โควตา":"715433","ชาวไร่":"นาย บัวถัน สารภาพ","ประเภทอ้อย":"ปลายฝน","พื้นที่":22.16,"ตันรวม":288.08,"รหัสแปลง":"321403081574","กลุ่ม":"กลุ่ม_15"},"geometry":{"type":"MultiPolygon","coordinates":[[[[966783.441499999724329,1605064.227],[966716.769799999892712,1604646.655200000852346],[966692.098000000230968,1604646.373400000855327],[966600.508200000040233,1604650.926599999889731],[966630.303100000135601,1604761.2982],[966666.696800000034273,1604875.122300000861287],[966699.74210000038147,1604870.756100000813603],[966701.042700000107288,1604878.175200000405312],[966698.402999999932945,1604884.410599999129772],[966698.473000000230968,1604899.7555],[966724.805200000293553,1605018.860400000587106],[966697.878299999982119,1605023.495300000533462],[966701.076299999840558,1605038.266799999400973],[966713.610399999655783,1605080.2829],[966725.130599999800324,1605080.685699999332428],[966783.441499999724329,1605064.227]]]]}},
{"type":"Feature","properties":{"รหัสกลุ่มคิว":"15/008","รหัสรับเหมา":null,"ชื่อ-สกุล รับเหมา":null,"นักเกษตร":"1502","ศูนย์":"K2-15","โควตา":"712009","ชาวไร่":"นาย สะเทียน เสาะสืบงาม","ประเภทอ้อย":"ปลายฝน","พื้นที่":5.9,"ตันรวม":76.7,"รหัสแปลง":"320502061675","กลุ่ม":"กลุ่ม_15"},"geometry":{"type":"MultiPolygon","coordinates":[[[[980804.978500000201166,1631277.145899999886751],[980563.247100000269711,1631226.567700000479817],[980561.277300000190735,1631267.842599999159575],[980797.638000000268221,1631312.940500000491738],[980804.978500000201166,1631277.145899999886751]]]]}},
{"type":"Feature","properties":{"รหัสกลุ่มคิว":"15/001","รหัสรับเหมา":"738889","ชื่อ-สกุล รับเหมา":"รถตัดโรงงานเบอร์ 01","นักเกษตร":"1503","ศูนย์":"K2-15","โควตา":"719076","ชาวไร่":"นาง กฤษติยา ผายสุวรรณ์","ประเภทอ้อย":"ตอ3","พื้นที่":15.9,"ตันรวม":111.3,"รหัสแปลง":"320509015513","กลุ่ม":"กลุ่ม_15"},"geometry":{"type":"MultiPolygon","coordinates":[[[[973802.420099999755621,1608037.606000000610948],[973733.085199999623001,1608058.223300000652671],[973670.401300000026822,1608065.0152000002563],[973669.65749999973923,1608067.443499999120831],[973599.496700000017881,1608072.189400000497699],[973610.593700000084937,1608115.7676],[973627.800099999643862,1608185.625700000673532],[973629.28899999987334,1608186.5384],[973724.033999999985099,1608192.371300000697374],[973726.509499999694526,1608200.0274],[973823.310999999754131,1608157.852],[973814.995199999772012,1608114.716399999335408],[973802.420099999755621,1608037.606000000610948]]]]}},
{"type":"Feature","properties":{"รหัสกลุ่มคิว":"15/001","รหัสรับเหมา":"738889","ชื่อ-สกุล รับเหมา":"รถตัดโรงงานเบอร์ 01","นักเกษตร":"1503","ศูนย์":"K2-15","โควตา":"711058","ชาวไร่":"นาง สมอน ดีสาห่าง","ประเภทอ้อย":"ตอ1","พื้นที่":11.13,"ตันรวม":100.17,"รหัสแปลง":"320509015516","กลุ่ม":"กลุ่ม_15"},"geometry":{"type":"MultiPolygon","coordinates":[[[[973639.138399999588728,1607054.054700000211596],[973616.060499999672174,1607054.37529999949038],[973618.39919999986887,1607073.938999999314547],[973590.192599999718368,1607079.855000000447035],[973603.403300000354648,1607149.97749999910593],[973607.998399999924004,1607188.839400000870228],[973606.98589999973774,1607224.135800000280142],[973614.52489999961108,1607268.3322],[973637.280100000090897,1607370.446699999272823],[973662.241799999959767,1607363.645400000736117],[973697.321999999694526,1607354.564999999478459],[973639.138399999588728,1607054.054700000211596]]]]}},
{"type":"Feature","properties":{"รหัสกลุ่มคิว":"15/001","รหัสรับเหมา":"738889","ชื่อ-สกุล รับเหมา":"รถตัดโรงงานเบอร์ 01","นักเกษตร":"1503","ศูนย์":"K2-15","โควตา":"710721","ชาวไร่":"นาย สุรพล สืบเทพ","ประเภทอ้อย":"ตอ1","พื้นที่":15.25,"ตันรวม":137.25,"รหัสแปลง":"320509015519","กลุ่ม":"กลุ่ม_15"},"geometry":{"type":"MultiPolygon","coordinates":[[[[972343.894000000320375,1605752.118599999696016],[972354.033599999733269,1606148.104499999433756],[972357.985999999567866,1606149.226199999451637],[972365.786700000055134,1606148.510500000789762],[972376.568699999712408,1606143.814200000837445],[972400.599600000306964,1606132.818299999460578],[972407.535400000400841,1606123.539100000634789],[972414.419999999925494,1606099.45380000025034],[972439.089399999938905,1606086.607699999585748],[972404.326100000180304,1605863.702500000596046],[972397.871199999935925,1605863.504499999806285],[972389.247800000011921,1605764.769899999722838],[972343.894000000320375,1605752.118599999696016]]]]}},
{"type":"Feature","properties":{"รหัสกลุ่มคิว":"15/003","รหัสรับเหมา":"738889","ชื่อ-สกุล รับเหมา":"รถตัดโรงงานเบอร์ 18","นักเกษตร":"1202","ศูนย์":"K2-15","โควตา":"719113","ชาวไร่":"นาย ปรี ลอยเลื่อน","ประเภทอ้อย":"ตอ1","พื้นที่":6.6,"ตันรวม":59.4,"รหัสแปลง":"320606071710","กลุ่ม":"กลุ่ม_15"},"geometry":{"type":"MultiPolygon","coordinates":[[[[976635.457100000232458,1609071.394400000572205],[976572.657100000418723,1609074.876000000163913],[976592.436200000345707,1609213.570800000801682],[976643.108599999919534,1609208.010700000450015],[976639.712299999780953,1609193.823300000280142],[976657.636699999682605,1609193.378499999642372],[976659.940200000070035,1609204.732599999755621],[976676.510300000198185,1609202.125],[976675.04079999960959,1609128.5855],[976644.188000000081956,1609124.230499999597669],[976635.457100000232458,1609071.394400000572205]]]]}},
{"type":"Feature","properties":{"รหัสกลุ่มคิว":"15/004","รหัสรับเหมา":"738889","ชื่อ-สกุล รับเหมา":"รถตัดโรงงานเบอร์ 22","นักเกษตร":"1507","ศูนย์":"K2-15","โควตา":"715666","ชาวไร่":"นาย นคร สาลี","ประเภทอ้อย":"ปลายฝน","พื้นที่":8.0,"ตันรวม":104.0,"รหัสแปลง":"320509131788","กลุ่ม":"กลุ่ม_15"},"geometry":{"type":"MultiPolygon","coordinates":[[[[970947.298499999567866,1608050.2533],[970954.843399999663234,1608047.3882],[970961.342699999921024,1608048.11600000038743],[970977.611299999989569,1608051.040500000119209],[970999.135200000368059,1608055.994599999859929],[971008.714200000278652,1608060.797800000756979],[971024.929800000041723,1608066.095200000330806],[971042.676500000059605,1608072.420099999755621],[971051.034400000236928,1608076.542199999094009],[971065.291500000283122,1608066.495699999853969],[971087.744199999608099,1608061.486700000241399],[971099.076200000010431,1608060.518899999558926],[971081.541199999861419,1608014.323000000789762],[971074.976400000043213,1608003.236999999731779],[971068.715099999681115,1607982.445499999448657],[971065.339800000190735,1607954.840800000354648],[971052.018099999986589,1607954.7401],[971024.022599999792874,1607956.25],[971003.231800000183284,1607953.75139999948442],[970998.568599999882281,1607969.407800000160933],[970960.559200000017881,1607964.156199999153614],[970947.298499999567866,1608050.2533]]]]}},
{"type":"Feature","properties":{"รหัสกลุ่มคิว":"15/004","รหัสรับเหมา":"738889","ชื่อ-สกุล รับเหมา":"รถตัดโรงงานเบอร์ 22","นักเกษตร":"1507","ศูนย์":"K2-15","โควตา":"711090","ชาวไร่":"นางสาว ดวง สีน้ำคำ","ประเภทอ้อย":"ปลายฝน","พื้นที่":6.23,"ตันรวม":80.99,"รหัสแปลง":"320509131789","กลุ่ม":"กลุ่ม_15"},"geometry":{"type":"MultiPolygon","coordinates":[[[[969393.98589999973774,1608600.030300000682473],[969403.389899999834597,1608636.154899999499321],[969499.460400000214577,1608599.149299999698997],[969547.307799999602139,1608584.046],[969620.55420000012964,1608559.933700000867248],[969628.171099999919534,1608557.577299999073148],[969606.240000000223517,1608511.074300000444055],[969393.98589999973774,1608600.030300000682473]]]]}},
{"type":"Feature","properties":{"รหัสกลุ่มคิว":"15/004","รหัสรับเหมา":"738889","ชื่อ-สกุล รับเหมา":"รถตัดโรงงานเบอร์ 22","นักเกษตร":"1507","ศูนย์":"K2-15","โควตา":"715514","ชาวไร่":"นางสาว เรียม บูรณะ","ประเภทอ้อย":"ตอ3","พื้นที่":1.54,"ตันรวม":10.78,"รหัสแปลง":"320509131790","กลุ่ม":"กลุ่ม_15"},"geometry":{"type":"MultiPolygon","coordinates":[[[[969407.585500000044703,1608650.232100000604987],[969392.388700000010431,1608598.901699999347329],[969389.225700000301003,1608598.44649999961257],[969377.950299999676645,1608568.256100000813603],[969353.786799999885261,1608571.70299999974668],[969378.257799999788404,1608657.0746],[969407.585500000044703,1608650.232100000604987]]]]}},
{"type":"Feature","properties":{"รหัสกลุ่มคิว":"15/003","รหัสรับเหมา":"738889","ชื่อ-สกุล รับเหมา":"รถตัดโรงงานเบอร์ 18","นักเกษตร":"1202","ศูนย์":"K2-15","โควตา":"722589","ชาวไร่":"นาย ประกอบ ได้เปรียบ","ประเภทอ้อย":"ตอ1","พื้นที่":7.05,"ตันรวม":63.45,"รหัสแปลง":"320606071712","กลุ่ม":"กลุ่ม_15"},"geometry":{"type":"MultiPolygon","coordinates":[[[[976459.478500000201166,1608848.321100000292063],[976452.524799999780953,1608778.896500000730157],[976450.790000000037253,1608760.713400000706315],[976448.824699999764562,1608750.076999999582767],[976432.35840000025928,1608641.349500000476837],[976380.878899999894202,1608652.548900000751019],[976403.197200000286102,1608848.939799999818206],[976459.478500000201166,1608848.321100000292063]]]]}},
{"type":"Feature","properties":{"รหัสกลุ่มคิว":"15/003","รหัสรับเหมา":"738889","ชื่อ-สกุล รับเหมา":"รถตัดโรงงานเบอร์ 18","นักเกษตร":"1202","ศูนย์":"K2-15","โควตา":"715682","ชาวไร่":"นาง ผกามาส กลีพัด","ประเภทอ้อย":"ตอ1","พื้นที่":16.39,"ตันรวม":147.51,"รหัสแปลง":"320509031785","กลุ่ม":"กลุ่ม_15"},"geometry":{"type":"MultiPolygon","coordinates":[[[[970945.638700000010431,1613485.3597],[970927.396099999547005,1613760.286499999463558],[971040.078099999576807,1613762.449999999254942],[970984.185399999842048,1613512.906300000846386],[970960.225499999709427,1613382.110400000587106],[970918.079300000332296,1613382.595599999651313],[970895.75069999974221,1613467.024000000208616],[970945.638700000010431,1613485.3597]]]]}},
{"type":"Feature","properties":{"รหัสกลุ่มคิว":"15/003","รหัสรับเหมา":"738889","ชื่อ-สกุล รับเหมา":"รถตัดโรงงานเบอร์ 18","นักเกษตร":"1202","ศูนย์":"K2-15","โควตา":"719108","ชาวไร่":"นางสาว เกตสุดา กลุ่มยา","ประเภทอ้อย":"ตอ3","พื้นที่":6.88,"ตันรวม":48.16,"รหัสแปลง":"320504041690","กลุ่ม":"กลุ่ม_15"},"geometry":{"type":"MultiPolygon","coordinates":[[[[965338.095300000160933,1617395.35219999961555],[965380.224399999715388,1617404.734999999403954],[965414.215099999681115,1617204.48960000090301],[965378.302199999801815,1617195.740000000223517],[965337.755400000140071,1617184.048000000417233],[965323.127399999648333,1617255.244200000539422],[965366.071600000374019,1617261.036800000816584],[965338.095300000160933,1617395.35219999961555]]]]}},
{"type":"Feature","properties":{"รหัสกลุ่มคิว":"15/008","รหัสรับเหมา":null,"ชื่อ-สกุล รับเหมา":null,"นักเกษตร":"1502","ศูนย์":"K2-15","โควตา":"726772","ชาวไร่":"นาง อุทิศ คิดดีจริง","ประเภทอ้อย":"ปลายฝน","พื้นที่":7.99,"ตันรวม":103.87,"รหัสแปลง":"320506061718","กลุ่ม":"กลุ่ม_15"},"geometry":{"type":"MultiPolygon","coordinates":[[[[979785.088800000026822,1623781.923599999397993],[979803.102500000037253,1623512.220200000330806],[979754.264000000432134,1623515.079],[979738.24199999962002,1623780.556600000709295],[979785.088800000026822,1623781.923599999397993]]]]}},
{"type":"Feature","properties":{"รหัสกลุ่มคิว":"15/007","รหัสรับเหมา":"722724","ชื่อ-สกุล รับเหมา":"นาง ณีรนุช แถวถิ่น","นักเกษตร":"1501","ศูนย์":"K2-15","โควตา":"719130","ชาวไร่":"นาย วิชาญ สุขพินิจ","ประเภทอ้อย":"ปลายฝน","พื้นที่":6.34,"ตันรวม":82.42,"รหัสแปลง":"320606011797","กลุ่ม":"กลุ่ม_15"},"geometry":{"type":"MultiPolygon","coordinates":[[[[980110.971800000406802,1599107.999099999666214],[980038.061099999584258,1599005.74239999987185],[979971.604500000365078,1599047.8279],[980045.173299999907613,1599154.454700000584126],[980110.971800000406802,1599107.999099999666214]]]]}},
{"type":"Feature","properties":{"รหัสกลุ่มคิว":"15/001","รหัสรับเหมา":"738889","ชื่อ-สกุล รับเหมา":"รถตัดโรงงานเบอร์ 01","นักเกษตร":"1503","ศูนย์":"K2-15","โควตา":"719352","ชาวไร่":"นาย พิทักษ์ สืบเทพ","ประเภทอ้อย":"ตอ1","พื้นที่":6.89,"ตันรวม":62.01,"รหัสแปลง":"320509131794","กลุ่ม":"กลุ่ม_15"},"geometry":{"type":"MultiPolygon","coordinates":[[[[969726.757699999958277,1605514.349899999797344],[969764.940700000151992,1605520.086500000208616],[969846.533400000073016,1605242.899700000882149],[969812.0636,1605229.2642],[969726.757699999958277,1605514.349899999797344]]]]}},
{"type":"Feature","properties":{"รหัสกลุ่มคิว":"15/008","รหัสรับเหมา":null,"ชื่อ-สกุล รับเหมา":null,"นักเกษตร":"1502","ศูนย์":"K2-15","โควตา":"712371","ชาวไร่":"นาย ประทีป ปลายแก่น","ประเภทอ้อย":"ปลายฝน","พื้นที่":14.45,"ตันรวม":187.85,"รหัสแปลง":"320501051610","กลุ่ม":"กลุ่ม_15"},"geometry":{"type":"MultiPolygon","coordinates":[[[[977474.805900000035763,1623802.496600000187755],[977498.373999999836087,1624078.815500000491738],[977553.050599999725819,1624081.181099999696016],[977585.992999999783933,1624062.7829],[977580.498800000175834,1623966.531899999827147],[977550.560700000263751,1623813.225299999117851],[977474.805900000035763,1623802.496600000187755]]]]}},
{"type":"Feature","properties":{"รหัสกลุ่มคิว":"15/001","รหัสรับเหมา":"738889","ชื่อ-สกุล รับเหมา":"รถตัดโรงงานเบอร์ 01","นักเกษตร":"1503","ศูนย์":"K2-15","โควตา":"710721","ชาวไร่":"นาย สุรพล สืบเทพ","ประเภทอ้อย":"ปลายฝน","พื้นที่":15.98,"ตันรวม":207.74,"รหัสแปลง":"320606071715","กลุ่ม":"กลุ่ม_15"},"geometry":{"type":"MultiPolygon","coordinates":[[[[977374.408999999985099,1609476.782400000840425],[977472.262099999934435,1609456.32630000077188],[977445.608199999667704,1609234.722200000658631],[977329.888399999588728,1609222.187899999320507],[977374.408999999985099,1609476.782400000840425]]]]}},
{"type":"Feature","properties":{"รหัสกลุ่มคิว":"15/001","รหัสรับเหมา":"738889","ชื่อ-สกุล รับเหมา":"รถตัดโรงงานเบอร์ 01","นักเกษตร":"1503","ศูนย์":"K2-15","โควตา":"715467","ชาวไร่":"นาง มาลี ศรีปุชัยนนท์","ประเภทอ้อย":"ตอ2","พื้นที่":26.91,"ตันรวม":215.28,"รหัสแปลง":"320507051703","กลุ่ม":"กลุ่ม_15"},"geometry":{"type":"MultiPolygon","coordinates":[[[[975841.060499999672174,1615935.434100000187755],[975921.24280000012368,1616430.909499999135733],[975922.044400000013411,1616432.415999999269843],[976010.250900000333786,1616439.385199999436736],[975982.81180000025779,1616345.654899999499321],[975981.203099999576807,1616332.870999999344349],[975974.065999999642372,1616296.913599999621511],[975966.589200000278652,1616249.966299999505281],[975962.689500000327826,1616183.170700000599027],[975958.9227,1616129.212600000202656],[975953.308199999853969,1616052.970100000500679],[975949.569099999964237,1616021.101199999451637],[975941.583399999886751,1615970.0263],[975930.81969999987632,1615920.80210000090301],[975929.441899999976158,1615919.591700000688434],[975928.566300000064075,1615919.173100000247359],[975921.785899999551475,1615918.274800000712276],[975841.060499999672174,1615935.434100000187755]]]]}},
{"type":"Feature","properties":{"รหัสกลุ่มคิว":"15/004","รหัสรับเหมา":"738889","ชื่อ-สกุล รับเหมา":"รถตัดโรงงานเบอร์ 22","นักเกษตร":"1507","ศูนย์":"K2-15","โควตา":"719123","ชาวไร่":"นาย สุพจน์ จันแดง","ประเภทอ้อย":"ตอ1","พื้นที่":6.95,"ตันรวม":62.55,"รหัสแปลง":"320509131797","กลุ่ม":"กลุ่ม_15"},"geometry":{"type":"MultiPolygon","coordinates":[[[[970306.325100000016391,1607085.30350000038743],[970223.000799999572337,1607373.653000000864267],[970264.13399999961257,1607379.360999999567866],[970290.958599999547005,1607272.724099999293685],[970297.753600000403821,1607248.9496],[970291.132699999958277,1607238.415699999779463],[970292.527599999681115,1607234.122999999672174],[970302.10219999961555,1607233.734999999403954],[970341.049200000241399,1607097.467599999159575],[970306.325100000016391,1607085.30350000038743]]]]}},
{"type":"Feature","properties":{"รหัสกลุ่มคิว":"15/003","รหัสรับเหมา":"738889","ชื่อ-สกุล รับเหมา":"รถตัดโรงงานเบอร์ 18","นักเกษตร":"1202","ศูนย์":"K2-15","โควตา":"715934","ชาวไร่":"นาง บูรภา ดวงเด่นฉาย","ประเภทอ้อย":"ตอ1","พื้นที่":3.52,"ตันรวม":31.68,"รหัสแปลง":"320606071716","กลุ่ม":"กลุ่ม_15"},"geometry":{"type":"MultiPolygon","coordinates":[[[[978093.41440000012517,1609757.282600000500679],[978252.880400000140071,1609773.469699999317527],[978251.887099999934435,1609760.470000000670552],[978236.361299999989569,1609755.270400000736117],[978241.357400000095367,1609727.811599999666214],[978097.06940000038594,1609725.97829999960959],[978093.41440000012517,1609757.282600000500679]]]]}},
{"type":"Feature","properties":{"รหัสกลุ่มคิว":"15/007","รหัสรับเหมา":"722724","ชื่อ-สกุล รับเหมา":"นาง ณีรนุช แถวถิ่น","นักเกษตร":"1501","ศูนย์":"K2-15","โควตา":"723647","ชาวไร่":"นาง อุไรวรรณ แพงมาลา","ประเภทอ้อย":"ปลายฝน","พื้นที่":7.12,"ตันรวม":92.56,"รหัสแปลง":"320606011808","กลุ่ม":"กลุ่ม_15"},"geometry":{"type":"MultiPolygon","coordinates":[[[[980309.713399999774992,1599686.4594],[980398.572200000286102,1599791.702099999412894],[980409.303100000135601,1599787.836799999698997],[980442.03830000013113,1599794.417099999263883],[980466.005800000391901,1599765.486500000581145],[980374.978900000452995,1599641.154799999669194],[980309.713399999774992,1599686.4594]]]]}},
{"type":"Feature","properties":{"รหัสกลุ่มคิว":"15/004","รหัสรับเหมา":"738889","ชื่อ-สกุล รับเหมา":"รถตัดโรงงานเบอร์ 22","นักเกษตร":"1507","ศูนย์":"K2-15","โควตา":"763361","ชาวไร่":"นาย แอ็ด วงค์ประโคน","ประเภทอ้อย":"ตอ1","พื้นที่":13.63,"ตันรวม":122.67,"รหัสแปลง":"320509131799","กลุ่ม":"กลุ่ม_15"},"geometry":{"type":"MultiPolygon","coordinates":[[[[969989.165300000458956,1607429.870300000533462],[970010.861100000329316,1607518.89130000025034],[970025.604799999855459,1607561.813400000333786],[970042.6579,1607611.692299999296665],[970057.371399999596179,1607659.814999999478459],[970113.461900000460446,1607643.880100000649691],[970112.940200000070035,1607636.4517],[970155.012299999594688,1607624.142699999734759],[970145.164099999703467,1607592.835400000214577],[970137.870299999602139,1607588.7195999994874],[970128.200799999758601,1607562.207499999552965],[970128.755800000391901,1607557.644799999892712],[970129.848899999633431,1607548.729699999094009],[970129.799599999561906,1607545.594100000336766],[970088.150999999605119,1607412.045],[970068.259999999776483,1607415.668600000441074],[970041.877899999730289,1607427.982200000435114],[970049.809500000439584,1607470.201999999582767],[970015.193900000303984,1607478.492799999192357],[970005.333399999886751,1607428.676899999380112],[969989.165300000458956,1607429.870300000533462]]]]}},
{"type":"Feature","properties":{"รหัสกลุ่มคิว":"15/004","รหัสรับเหมา":"738889","ชื่อ-สกุล รับเหมา":"รถตัดโรงงานเบอร์ 22","นักเกษตร":"1507","ศูนย์":"K2-15","โควตา":"710065","ชาวไร่":"นาย ตัน คงทรัพย์","ประเภทอ้อย":"ปลายฝน","พื้นที่":8.71,"ตันรวม":113.23,"รหัสแปลง":"320509131800","กลุ่ม":"กลุ่ม_15"},"geometry":{"type":"MultiPolygon","coordinates":[[[[970560.051099999807775,1606504.951099999248981],[970541.985500000417233,1606498.320499999448657],[970531.828099999576807,1606492.58049999922514],[970510.433299999684095,1606490.508199999108911],[970479.358099999837577,1606504.889499999582767],[970442.53000000026077,1606641.361099999397993],[970478.029299999587238,1606668.845100000500679],[970485.595200000330806,1606678.2331000007689],[970474.098500000312924,1606716.181600000709295],[970492.63910000026226,1606724.40059999935329],[970560.051099999807775,1606504.951099999248981]]]]}},
{"type":"Feature","properties":{"รหัสกลุ่มคิว":"15/008","รหัสรับเหมา":null,"ชื่อ-สกุล รับเหมา":null,"นักเกษตร":"1502","ศูนย์":"K2-15","โควตา":"713334","ชาวไร่":"นาย สมพงษ์ พอกสนิท","ประเภทอ้อย":"ปลายฝน","พื้นที่":9.56,"ตันรวม":124.28,"รหัสแปลง":"320508051718","กลุ่ม":"กลุ่ม_15"},"geometry":{"type":"MultiPolygon","coordinates":[[[[985285.134100000374019,1630072.197300000116229],[985091.750900000333786,1630102.667999999597669],[985084.554399999789894,1630104.777499999850988],[984971.73369999974966,1630116.285199999809265],[984975.945700000040233,1630148.318399999290705],[985081.44539999961853,1630156.010099999606609],[985159.17850000038743,1630148.8443],[985160.479100000113249,1630154.552899999544024],[985265.363699999637902,1630118.255300000309944],[985295.130699999630451,1630114.82740000076592],[985291.411600000225008,1630098.293099999427795],[985286.717000000178814,1630098.842700000852346],[985285.702200000174344,1630092.832399999722838],[985285.134100000374019,1630072.197300000116229]]]]}},
{"type":"Feature","properties":{"รหัสกลุ่มคิว":"15/003","รหัสรับเหมา":"738889","ชื่อ-สกุล รับเหมา":"รถตัดโรงงานเบอร์ 18","นักเกษตร":"1202","ศูนย์":"K2-15","โควตา":"722728","ชาวไร่":"นาง เสวียน ไกรเภช","ประเภทอ้อย":"ตอ1","พื้นที่":2.77,"ตันรวม":24.93,"รหัสแปลง":"320606071720","กลุ่ม":"กลุ่ม_15"},"geometry":{"type":"MultiPolygon","coordinates":[[[[976417.117700000293553,1608856.872500000521541],[976393.911199999973178,1608903.343800000846386],[976432.349899999797344,1608918.129599999636412],[976423.226300000213087,1608958.1678],[976447.608099999837577,1608962.799799999222159],[976468.782100000418723,1608856.815500000491738],[976417.117700000293553,1608856.872500000521541]]]]}},
{"type":"Feature","properties":{"รหัสกลุ่มคิว":"15/007","รหัสรับเหมา":"722724","ชื่อ-สกุล รับเหมา":"นาง ณีรนุช แถวถิ่น","นักเกษตร":"1501","ศูนย์":"K2-15","โควตา":"719086","ชาวไร่":"นาง รัศมี บุญอยู่","ประเภทอ้อย":"ปลายฝน","พื้นที่":5.14,"ตันรวม":66.82,"รหัสแปลง":"320509031791","กลุ่ม":"กลุ่ม_15"},"geometry":{"type":"MultiPolygon","coordinates":[[[[969433.686700000427663,1614468.365299999713898],[969479.719800000078976,1614462.221599999815226],[969462.130900000222027,1614289.955299999564886],[969414.12459999974817,1614295.691600000485778],[969433.686700000427663,1614468.365299999713898]]]]}},
{"type":"Feature","properties":{"รหัสกลุ่มคิว":"15/004","รหัสรับเหมา":"738889","ชื่อ-สกุล รับเหมา":"รถตัดโรงงานเบอร์ 22","นักเกษตร":"1507","ศูนย์":"K2-15","โควตา":"710020","ชาวไร่":"นาย โฮม สาแก้ว","ประเภทอ้อย":"ปลายฝน","พื้นที่":12.44,"ตันรวม":161.72,"รหัสแปลง":"320509091717","กลุ่ม":"กลุ่ม_15"},"geometry":{"type":"MultiPolygon","coordinates":[[[[971432.21129999961704,1607671.717399999499321],[971599.189699999988079,1607699.317700000479817],[971615.192300000227988,1607634.918199999257922],[971621.117600000463426,1607607.670299999415874],[971623.459499999880791,1607579.429400000721216],[971616.88260000012815,1607574.866399999707937],[971515.161600000225008,1607572.549100000411272],[971508.75719999987632,1607577.787799999117851],[971496.259499999694526,1607581.4309],[971487.25,1607581.628200000151992],[971463.416199999861419,1607584.684599999338388],[971443.183500000275671,1607587.809900000691414],[971424.793300000019372,1607598.180500000715256],[971425.957799999974668,1607612.622999999672174],[971431.534300000406802,1607650.628799999132752],[971432.21129999961704,1607671.717399999499321]]]]}},
{"type":"Feature","properties":{"รหัสกลุ่มคิว":"15/007","รหัสรับเหมา":"722724","ชื่อ-สกุล รับเหมา":"นาง ณีรนุช แถวถิ่น","นักเกษตร":"1501","ศูนย์":"K2-15","โควตา":"715140","ชาวไร่":"นาง อุเทน ปัสสาคำ","ประเภทอ้อย":"ตอ1","พื้นที่":6.79,"ตันรวม":61.11,"รหัสแปลง":"320606121660","กลุ่ม":"กลุ่ม_15"},"geometry":{"type":"MultiPolygon","coordinates":[[[[976171.026300000026822,1604744.755200000479817],[976016.243599999696016,1604764.104599999263883],[976019.177400000393391,1604817.932499999180436],[976068.658599999733269,1604826.523600000888109],[976151.191300000064075,1604837.3311],[976159.40610000025481,1604827.131999999284744],[976171.026300000026822,1604744.755200000479817]]]]}},
{"type":"Feature","properties":{"รหัสกลุ่มคิว":"15/008","รหัสรับเหมา":null,"ชื่อ-สกุล รับเหมา":null,"นักเกษตร":"1502","ศูนย์":"K2-15","โควตา":"712004","ชาวไร่":"นาง คำพจน์ จันทร์อ่อน","ประเภทอ้อย":"ตอ1","พื้นที่":5.65,"ตันรวม":50.85,"รหัสแปลง":"320508071647","กลุ่ม":"กลุ่ม_15"},"geometry":{"type":"MultiPolygon","coordinates":[[[[989158.538800000213087,1627539.319599999114871],[989357.430499999783933,1627483.691400000825524],[989338.636300000362098,1627445.995699999853969],[989143.019299999810755,1627494.3717],[989158.538800000213087,1627539.319599999114871]]]]}},
{"type":"Feature","properties":{"รหัสกลุ่มคิว":"15/003","รหัสรับเหมา":"738889","ชื่อ-สกุล รับเหมา":"รถตัดโรงงานเบอร์ 18","นักเกษตร":"1202","ศูนย์":"K2-15","โควตา":"719126","ชาวไร่":"นาง ละเอียด ศรีสุข","ประเภทอ้อย":"ตอ1","พื้นที่":3.11,"ตันรวม":27.99,"รหัสแปลง":"320606071721","กลุ่ม":"กลุ่ม_15"},"geometry":{"type":"MultiPolygon","coordinates":[[[[976077.394999999552965,1609009.797900000587106],[976103.36089999973774,1608990.025399999693036],[975989.548899999819696,1608942.225600000470877],[975964.482300000265241,1608993.060599999502301],[976052.314299999736249,1609008.785700000822544],[976077.394999999552965,1609009.797900000587106]]]]}},
{"type":"Feature","properties":{"รหัสกลุ่มคิว":"15/001","รหัสรับเหมา":"738889","ชื่อ-สกุล รับเหมา":"รถตัดโรงงานเบอร์ 01","นักเกษตร":"1503","ศูนย์":"K2-15","โควตา":"715399","ชาวไร่":"นาง ชลทิชา ช่างอาจ","ประเภทอ้อย":"ตอ1","พื้นที่":7.82,"ตันรวม":70.38,"รหัสแปลง":"320509015527","กลุ่ม":"กลุ่ม_15"},"geometry":{"type":"MultiPolygon","coordinates":[[[[972861.304800000041723,1609488.817299999296665],[972809.565100000239909,1609501.705199999734759],[972802.352500000037253,1609509.886099999770522],[972837.994099999777973,1609736.860999999567866],[972889.627399999648333,1609728.976299999281764],[972876.558899999596179,1609691.1831],[972861.304800000041723,1609488.817299999296665]]]]}},
{"type":"Feature","properties":{"รหัสกลุ่มคิว":"15/003","รหัสรับเหมา":"738889","ชื่อ-สกุล รับเหมา":"รถตัดโรงงานเบอร์ 18","นักเกษตร":"1202","ศูนย์":"K2-15","โควตา":"719133","ชาวไร่":"นางสาว ชมภู่ ชมเชย","ประเภทอ้อย":"ตอ3","พื้นที่":4.95,"ตันรวม":34.65,"รหัสแปลง":"320509031794","กลุ่ม":"กลุ่ม_15"},"geometry":{"type":"MultiPolygon","coordinates":[[[[968253.124800000339746,1614302.206499999389052],[968279.044099999591708,1614305.742900000885129],[968284.291000000201166,1614289.6963],[968260.44579999987036,1614046.15059999935329],[968231.229700000025332,1614039.345799999311566],[968253.124800000339746,1614302.206499999389052]]]]}},
{"type":"Feature","properties":{"รหัสกลุ่มคิว":"15/007","รหัสรับเหมา":"722724","ชื่อ-สกุล รับเหมา":"นาง ณีรนุช แถวถิ่น","นักเกษตร":"1501","ศูนย์":"K2-15","โควตา":"719086","ชาวไร่":"นาง รัศมี บุญอยู่","ประเภทอ้อย":"ปลายฝน","พื้นที่":5.31,"ตันรวม":69.03,"รหัสแปลง":"320509161719","กลุ่ม":"กลุ่ม_15"},"geometry":{"type":"MultiPolygon","coordinates":[[[[968477.928600000217557,1613338.81900000013411],[968507.146599999628961,1613340.032400000840425],[968538.023299999535084,1613067.504899999126792],[968504.559799999929965,1613069.027699999511242],[968477.928600000217557,1613338.81900000013411]]]]}},
{"type":"Feature","properties":{"รหัสกลุ่มคิว":"15/007","รหัสรับเหมา":"722724","ชื่อ-สกุล รับเหมา":"นาง ณีรนุช แถวถิ่น","นักเกษตร":"1501","ศูนย์":"K2-15","โควตา":"723652","ชาวไร่":"นาย ฉัตรณรงค์ สุขประสงค์","ประเภทอ้อย":"ปลายฝน","พื้นที่":9.45,"ตันรวม":122.85,"รหัสแปลง":"320606121661","กลุ่ม":"กลุ่ม_15"},"geometry":{"type":"MultiPolygon","coordinates":[[[[975162.901800000108778,1603198.050100000575185],[975237.811999999918044,1603208.208100000396371],[975237.920800000429153,1603216.823799999430776],[975255.721199999563396,1603214.881100000813603],[975265.027999999932945,1603179.601700000464916],[975273.89049999974668,1603169.16190000064671],[975275.832600000314415,1603155.245500000193715],[975280.414200000464916,1603142.800899999216199],[975279.322599999606609,1603127.906500000506639],[975291.035500000230968,1603127.296599999070168],[975295.102400000207126,1603119.918199999257922],[975299.100599999539554,1603116.6151],[975302.673600000329316,1603127.993100000545382],[975311.424700000323355,1603132.270300000905991],[975316.242899999953806,1603101.463700000196695],[975324.941399999894202,1603090.218699999153614],[975338.379700000397861,1603085.727299999445677],[975329.169400000013411,1603076.101099999621511],[975329.608599999919534,1603068.8903],[975322.413800000213087,1603047.037499999627471],[975274.984400000423193,1603066.068800000473857],[975212.17119999974966,1603099.540100000798702],[975177.973299999721348,1603110.729399999603629],[975175.854700000025332,1603107.245500000193715],[975162.901800000108778,1603198.050100000575185]]]]}},
{"type":"Feature","properties":{"รหัสกลุ่มคิว":"15/004","รหัสรับเหมา":"738889","ชื่อ-สกุล รับเหมา":"รถตัดโรงงานเบอร์ 22","นักเกษตร":"1507","ศูนย์":"K2-15","โควตา":"715514","ชาวไร่":"นางสาว เรียม บูรณะ","ประเภทอ้อย":"ตอ3","พื้นที่":4.45,"ตันรวม":31.15,"รหัสแปลง":"320509121699","กลุ่ม":"กลุ่ม_15"},"geometry":{"type":"MultiPolygon","coordinates":[[[[969213.650100000202656,1608592.954700000584126],[969240.782700000330806,1608667.2369],[969247.310499999672174,1608685.778699999675155],[969260.687400000169873,1608682.547499999403954],[969261.976700000464916,1608690.643799999728799],[969313.417600000277162,1608678.270899999886751],[969288.047799999825656,1608580.9693],[969213.650100000202656,1608592.954700000584126]]]]}},
{"type":"Feature","properties":{"รหัสกลุ่มคิว":"15/004","รหัสรับเหมา":"738889","ชื่อ-สกุล รับเหมา":"รถตัดโรงงานเบอร์ 22","นักเกษตร":"1507","ศูนย์":"K2-15","โควตา":"715257","ชาวไร่":"นาย ทองดา ก่อแก้ว","ประเภทอ้อย":"ตอ1","พื้นที่":4.58,"ตันรวม":41.22,"รหัสแปลง":"321403011662","กลุ่ม":"กลุ่ม_15"},"geometry":{"type":"MultiPolygon","coordinates":[[[[971592.868300000205636,1604434.6108],[971632.113599999807775,1604461.855000000447035],[971637.094600000418723,1604455.322499999776483],[971694.903900000266731,1604381.640000000596046],[971730.984899999573827,1604336.427999999374151],[971701.898199999704957,1604333.617000000551343],[971699.448300000280142,1604329.015599999576807],[971680.073599999770522,1604329.618100000545382],[971678.37430000025779,1604329.5757],[971674.856200000271201,1604328.1042],[971669.894600000232458,1604333.503399999812245],[971667.426099999807775,1604337.7412],[971663.491799999959767,1604341.815700000151992],[971660.618400000035763,1604343.933800000697374],[971654.6398,1604349.901599999517202],[971643.263600000180304,1604361.913499999791384],[971643.918899999931455,1604369.245999999344349],[971636.287200000137091,1604381.401599999517202],[971634.838200000114739,1604383.0822],[971627.209400000050664,1604393.0471],[971624.056099999696016,1604395.622400000691414],[971620.489699999801815,1604397.1305],[971611.110700000077486,1604395.1831],[971603.296299999579787,1604413.395099999383092],[971603.517699999734759,1604414.248999999836087],[971603.841400000266731,1604415.130400000140071],[971604.544499999843538,1604420.812000000849366],[971595.184600000269711,1604427.817700000479817],[971593.326100000180304,1604432.940199999138713],[971592.868300000205636,1604434.6108]]]]}},
{"type":"Feature","properties":{"รหัสกลุ่มคิว":"15/008","รหัสรับเหมา":null,"ชื่อ-สกุล รับเหมา":null,"นักเกษตร":"1502","ศูนย์":"K2-15","โควตา":"716358","ชาวไร่":"นาง สำรบ สุภาพ","ประเภทอ้อย":"ตอ2","พื้นที่":4.1,"ตันรวม":32.8,"รหัสแปลง":"320502061783","กลุ่ม":"กลุ่ม_15"},"geometry":{"type":"MultiPolygon","coordinates":[[[[981120.610500000417233,1632536.899399999529123],[981119.300499999895692,1632527.289300000295043],[981086.024299999698997,1632529.557600000873208],[981083.771999999880791,1632519.32740000076592],[981094.745199999772012,1632516.564300000667572],[981091.806599999777973,1632501.798599999397993],[981165.800400000065565,1632497.979900000616908],[981164.387600000016391,1632460.421700000762939],[981131.390300000086427,1632463.485500000417233],[981125.251500000245869,1632441.422900000587106],[981094.151300000026822,1632443.612400000914931],[981068.482099999673665,1632451.3059],[981073.258899999782443,1632465.126299999654293],[981053.551500000059605,1632472.19370000064373],[981065.636699999682605,1632543.752699999138713],[981120.610500000417233,1632536.899399999529123]]]]}},
{"type":"Feature","properties":{"รหัสกลุ่มคิว":"15/001","รหัสรับเหมา":"738889","ชื่อ-สกุล รับเหมา":"รถตัดโรงงานเบอร์ 01","นักเกษตร":"1503","ศูนย์":"K2-15","โควตา":"710212","ชาวไร่":"นาง สมพร สายกระสุน","ประเภทอ้อย":"ตอ1","พื้นที่":11.16,"ตันรวม":100.44,"รหัสแปลง":"320509015533","กลุ่ม":"กลุ่ม_15"},"geometry":{"type":"MultiPolygon","coordinates":[[[[972050.438000000081956,1609510.552300000563264],[972059.920400000177324,1609460.21000000089407],[971702.308799999766052,1609387.948799999430776],[971695.303399999625981,1609434.375099999830127],[972050.438000000081956,1609510.552300000563264]]]]}},
{"type":"Feature","properties":{"รหัสกลุ่มคิว":"15/007","รหัสรับเหมา":"722724","ชื่อ-สกุล รับเหมา":"นาง ณีรนุช แถวถิ่น","นักเกษตร":"1501","ศูนย์":"K2-15","โควตา":"722724","ชาวไร่":"นาง ณีรนุช แถวถิ่น","ประเภทอ้อย":"ต้นฝน","พื้นที่":10.83,"ตันรวม":119.13,"รหัสแปลง":"320607061704","กลุ่ม":"กลุ่ม_15"},"geometry":{"type":"MultiPolygon","coordinates":[[[[981599.573300000280142,1604614.045499999076128],[981904.759999999776483,1604506.383199999108911],[981905.251000000163913,1604488.101199999451637],[981923.503999999724329,1604480.92820000089705],[981904.932599999941885,1604450.818600000813603],[981575.488199999555945,1604571.224899999797344],[981599.573300000280142,1604614.045499999076128]]]]}},
{"type":"Feature","properties":{"รหัสกลุ่มคิว":"15/004","รหัสรับเหมา":"738889","ชื่อ-สกุล รับเหมา":"รถตัดโรงงานเบอร์ 22","นักเกษตร":"1507","ศูนย์":"K2-15","โควตา":"710469","ชาวไร่":"นาง วันเพ็ญ ฉนวนรัมย์","ประเภทอ้อย":"ตอ1","พื้นที่":4.11,"ตันรวม":36.99,"รหัสแปลง":"320509111608","กลุ่ม":"กลุ่ม_15"},"geometry":{"type":"MultiPolygon","coordinates":[[[[974758.131400000303984,1609397.878599999472499],[974907.497800000011921,1609395.030200000852346],[974910.277499999850988,1609353.670299999415874],[974872.436200000345707,1609354.603800000622869],[974801.352800000458956,1609360.811899999156594],[974761.725399999879301,1609360.971599999815226],[974734.549499999731779,1609359.8925],[974737.911299999803305,1609391.0175],[974758.131400000303984,1609397.878599999472499]]]]}},
{"type":"Feature","properties":{"รหัสกลุ่มคิว":"15/008","รหัสรับเหมา":null,"ชื่อ-สกุล รับเหมา":null,"นักเกษตร":"1502","ศูนย์":"K2-15","โควตา":"710492","ชาวไร่":"นาย ชูเกียรติ แสงลํ้า","ประเภทอ้อย":"ตอ1","พื้นที่":7.61,"ตันรวม":68.49,"รหัสแปลง":"320515121605","กลุ่ม":"กลุ่ม_15"},"geometry":{"type":"MultiPolygon","coordinates":[[[[977978.2193,1617857.4967],[977843.593100000172853,1617885.482699999585748],[977872.228799999691546,1617969.313799999654293],[978008.292899999767542,1617941.591299999505281],[977978.2193,1617857.4967]]]]}},
{"type":"Feature","properties":{"รหัสกลุ่มคิว":"15/003","รหัสรับเหมา":"738889","ชื่อ-สกุล รับเหมา":"รถตัดโรงงานเบอร์ 18","นักเกษตร":"1202","ศูนย์":"K2-15","โควตา":"719432","ชาวไร่":"นาง สายแก้ว นามเขตร์","ประเภทอ้อย":"ปลายฝน","พื้นที่":6.39,"ตันรวม":83.07,"รหัสแปลง":"320606081746","กลุ่ม":"กลุ่ม_15"},"geometry":{"type":"MultiPolygon","coordinates":[[[[975654.049899999983609,1608150.155200000852346],[975720.745900000445545,1608140.932],[975725.50800000037998,1608138.506999999284744],[975697.385700000450015,1607999.472799999639392],[975626.258799999952316,1608014.49210000038147],[975654.049899999983609,1608150.155200000852346]]]]}},
{"type":"Feature","properties":{"รหัสกลุ่มคิว":"15/001","รหัสรับเหมา":"738889","ชื่อ-สกุล รับเหมา":"รถตัดโรงงานเบอร์ 01","นักเกษตร":"1503","ศูนย์":"K2-15","โควตา":"710837","ชาวไร่":"นาง สมอน สืบเทพ","ประเภทอ้อย":"ปลายฝน","พื้นที่":6.39,"ตันรวม":83.07,"รหัสแปลง":"320509015535","กลุ่ม":"กลุ่ม_15"},"geometry":{"type":"MultiPolygon","coordinates":[[[[973600.363499999977648,1607255.3717],[973440.055499999783933,1607264.677200000733137],[973375.114699999801815,1607269.715099999681115],[973293.061499999836087,1607274.794099999591708],[973297.689100000075996,1607315.1864],[973421.88329999987036,1607301.118699999526143],[973479.138600000180304,1607292.975199999287724],[973602.895100000314415,1607282.967299999669194],[973600.363499999977648,1607255.3717]]]]}},
{"type":"Feature","properties":{"รหัสกลุ่มคิว":"15/003","รหัสรับเหมา":"738889","ชื่อ-สกุล รับเหมา":"รถตัดโรงงานเบอร์ 18","นักเกษตร":"1202","ศูนย์":"K2-15","โควตา":"719433","ชาวไร่":"นาง สง่า เสาธงทอง","ประเภทอ้อย":"ตอ1","พื้นที่":7.47,"ตันรวม":67.23,"รหัสแปลง":"320606031817","กลุ่ม":"กลุ่ม_15"},"geometry":{"type":"MultiPolygon","coordinates":[[[[977449.741200000047684,1608975.328400000929832],[977403.807500000111759,1608973.651900000870228],[977349.673999999649823,1609220.680400000885129],[977361.10329999960959,1609224.091399999335408],[977397.844899999909103,1609226.112199999392033],[977449.741200000047684,1608975.328400000929832]]]]}},
{"type":"Feature","properties":{"รหัสกลุ่มคิว":"15/004","รหัสรับเหมา":"738889","ชื่อ-สกุล รับเหมา":"รถตัดโรงงานเบอร์ 22","นักเกษตร":"1507","ศูนย์":"K2-15","โควตา":"710152","ชาวไร่":"นาง สุภาพร เพชรใสดี","ประเภทอ้อย":"ปลายฝน","พื้นที่":5.71,"ตันรวม":74.23,"รหัสแปลง":"320509131810","กลุ่ม":"กลุ่ม_15"},"geometry":{"type":"MultiPolygon","coordinates":[[[[970040.544200000353158,1607016.92710000090301],[970019.223899999633431,1607010.974300000816584],[969972.792899999767542,1607169.44679999910295],[969981.350700000301003,1607174.046900000423193],[969977.075600000098348,1607180.990499999374151],[969970.593799999915063,1607180.866800000891089],[969903.964399999938905,1607416.229699999094009],[969925.933699999935925,1607416.463899999856949],[970040.544200000353158,1607016.92710000090301]]]]}},
{"type":"Feature","properties":{"รหัสกลุ่มคิว":"15/008","รหัสรับเหมา":null,"ชื่อ-สกุล รับเหมา":null,"นักเกษตร":"1502","ศูนย์":"K2-15","โควตา":"712004","ชาวไร่":"นาง คำพจน์ จันทร์อ่อน","ประเภทอ้อย":"ตอ2","พื้นที่":8.08,"ตันรวม":64.64,"รหัสแปลง":"320508071651","กลุ่ม":"กลุ่ม_15"},"geometry":{"type":"MultiPolygon","coordinates":[[[[987881.511599999852479,1625263.033800000324845],[987883.066700000315905,1625295.938100000843406],[988191.434200000017881,1625275.724199999123812],[988292.8761,1625260.829299999400973],[988291.599799999967217,1625237.0537],[987881.511599999852479,1625263.033800000324845]]]]}},
{"type":"Feature","properties":{"รหัสกลุ่มคิว":"15/007","รหัสรับเหมา":"722724","ชื่อ-สกุล รับเหมา":"นาง ณีรนุช แถวถิ่น","นักเกษตร":"1501","ศูนย์":"K2-15","โควตา":"722856","ชาวไร่":"นาย สมัย ภาที","ประเภทอ้อย":"ปลายฝน","พื้นที่":31.22,"ตันรวม":405.86,"รหัสแปลง":"320606011824","กลุ่ม":"กลุ่ม_15"},"geometry":{"type":"MultiPolygon","coordinates":[[[[981020.424100000411272,1601546.34940000064671],[980939.542799999937415,1601551.37470000050962],[980862.440700000151992,1601556.481499999761581],[980800.952100000344217,1601881.131100000813603],[980964.530100000090897,1601855.875399999320507],[981020.424100000411272,1601546.34940000064671]]]]}},
{"type":"Feature","properties":{"รหัสกลุ่มคิว":"15/001","รหัสรับเหมา":"738889","ชื่อ-สกุล รับเหมา":"รถตัดโรงงานเบอร์ 01","นักเกษตร":"1503","ศูนย์":"K2-15","โควตา":"719352","ชาวไร่":"นาย พิทักษ์ สืบเทพ","ประเภทอ้อย":"ปลายฝน","พื้นที่":13.32,"ตันรวม":173.16,"รหัสแปลง":"320509071670","กลุ่ม":"กลุ่ม_15"},"geometry":{"type":"MultiPolygon","coordinates":[[[[969028.532700000330806,1609566.124600000679493],[969044.842799999751151,1609646.194599999114871],[969065.229899999685585,1609640.355100000277162],[969078.271200000308454,1609684.496500000357628],[969050.911600000225008,1609688.6722],[969066.475300000049174,1609755.910000000149012],[969228.292999999597669,1609705.568099999800324],[969217.8739,1609656.417500000447035],[969151.055200000293553,1609663.980000000447035],[969127.729000000283122,1609554.975299999117851],[969028.532700000330806,1609566.124600000679493]]]]}},
{"type":"Feature","properties":{"รหัสกลุ่มคิว":"15/007","รหัสรับเหมา":"722724","ชื่อ-สกุล รับเหมา":"นาง ณีรนุช แถวถิ่น","นักเกษตร":"1501","ศูนย์":"K2-15","โควตา":"719438","ชาวไร่":"นาย วรเชษฐ ศิริชัย","ประเภทอ้อย":"ตอ1","พื้นที่":3.63,"ตันรวม":32.67,"รหัสแปลง":"320606011825","กลุ่ม":"กลุ่ม_15"},"geometry":{"type":"MultiPolygon","coordinates":[[[[980532.5148,1599338.464500000700355],[980621.686900000087917,1599458.591600000858307],[980653.457600000314415,1599436.404200000688434],[980570.298100000247359,1599320.899900000542402],[980532.5148,1599338.464500000700355]]]]}},
{"type":"Feature","properties":{"รหัสกลุ่มคิว":"15/007","รหัสรับเหมา":"722724","ชื่อ-สกุล รับเหมา":"นาง ณีรนุช แถวถิ่น","นักเกษตร":"1501","ศูนย์":"K2-15","โควตา":"719307","ชาวไร่":"นางสาว จิตตราภรณ์ เจ็นกระบวน","ประเภทอ้อย":"ปลายฝน","พื้นที่":3.88,"ตันรวม":50.44,"รหัสแปลง":"320606011826","กลุ่ม":"กลุ่ม_15"},"geometry":{"type":"MultiPolygon","coordinates":[[[[978335.24170000012964,1603692.02170000039041],[978334.342699999921024,1603937.661499999463558],[978349.792299999855459,1603937.114700000733137],[978358.051099999807775,1603896.650299999862909],[978358.428000000305474,1603865.973099999129772],[978362.513899999670684,1603739.7204],[978370.817800000309944,1603695.528200000524521],[978335.24170000012964,1603692.02170000039041]]]]}},
{"type":"Feature","properties":{"รหัสกลุ่มคิว":"15/008","รหัสรับเหมา":null,"ชื่อ-สกุล รับเหมา":null,"นักเกษตร":"1502","ศูนย์":"K2-15","โควตา":"719456","ชาวไร่":"นาย สาธิต คิดดีจริง","ประเภทอ้อย":"ตอ1","พื้นที่":4.98,"ตันรวม":44.82,"รหัสแปลง":"320506061734","กลุ่ม":"กลุ่ม_15"},"geometry":{"type":"MultiPolygon","coordinates":[[[[980776.544599999673665,1624109.287200000137091],[980761.85010000038892,1624061.855900000780821],[980691.470200000330806,1624091.9221],[980623.420300000347197,1624122.6502],[980603.807900000363588,1624130.314200000837445],[980610.02379999961704,1624174.295399999246001],[980614.507500000298023,1624174.556900000199676],[980631.370299999602139,1624168.247500000521541],[980634.405199999921024,1624160.754699999466538],[980635.321800000034273,1624161.866599999368191],[980776.544599999673665,1624109.287200000137091]]]]}},
{"type":"Feature","properties":{"รหัสกลุ่มคิว":"15/001","รหัสรับเหมา":"738889","ชื่อ-สกุล รับเหมา":"รถตัดโรงงานเบอร์ 01","นักเกษตร":"1503","ศูนย์":"K2-15","โควตา":"715951","ชาวไร่":"นาย สวน กันสุมาโส","ประเภทอ้อย":"ตอ1","พื้นที่":5.46,"ตันรวม":49.14,"รหัสแปลง":"320509101692","กลุ่ม":"กลุ่ม_15"},"geometry":{"type":"MultiPolygon","coordinates":[[[[973267.036899999715388,1609875.216099999845028],[973129.190700000151992,1609864.621400000527501],[973121.10259999986738,1609907.014000000432134],[973288.86809999961406,1609948.5164],[973290.201299999840558,1609946.792700000107288],[973267.036899999715388,1609875.216099999845028]]]]}},
{"type":"Feature","properties":{"รหัสกลุ่มคิว":"15/007","รหัสรับเหมา":"722724","ชื่อ-สกุล รับเหมา":"นาง ณีรนุช แถวถิ่น","นักเกษตร":"1501","ศูนย์":"K2-15","โควตา":"723652","ชาวไร่":"นาย ฉัตรณรงค์ สุขประสงค์","ประเภทอ้อย":"ปลายฝน","พื้นที่":9.94,"ตันรวม":129.22,"รหัสแปลง":"320606141606","กลุ่ม":"กลุ่ม_15"},"geometry":{"type":"MultiPolygon","coordinates":[[[[974089.300400000065565,1601289.182700000703335],[974403.794800000265241,1601370.88880000077188],[974417.7489,1601325.527200000360608],[974116.278199999593198,1601242.206599999219179],[974089.300400000065565,1601289.182700000703335]]]]}},
{"type":"Feature","properties":{"รหัสกลุ่มคิว":"15/008","รหัสรับเหมา":null,"ชื่อ-สกุล รับเหมา":null,"นักเกษตร":"1502","ศูนย์":"K2-15","โควตา":"718193","ชาวไร่":"นาง สุณี ดีพาชู","ประเภทอ้อย":"ปลายฝน","พื้นที่":13.76,"ตันรวม":178.88,"รหัสแปลง":"320508071653","กลุ่ม":"กลุ่ม_15"},"geometry":{"type":"MultiPolygon","coordinates":[[[[988618.157200000248849,1626059.843399999663234],[988264.63399999961257,1626094.310000000521541],[988288.608900000341237,1626157.822699999436736],[988600.728000000119209,1626125.494599999859929],[988600.936099999584258,1626121.798599999397993],[988616.906299999915063,1626115.968100000172853],[988618.157200000248849,1626059.843399999663234]]]]}},
{"type":"Feature","properties":{"รหัสกลุ่มคิว":"15/007","รหัสรับเหมา":"722724","ชื่อ-สกุล รับเหมา":"นาง ณีรนุช แถวถิ่น","นักเกษตร":"1501","ศูนย์":"K2-15","โควตา":"715345","ชาวไร่":"นาย จำนงค์ เรืองกระจาย","ประเภทอ้อย":"ตอ1","พื้นที่":7.3,"ตันรวม":65.7,"รหัสแปลง":"320606011829","กลุ่ม":"กลุ่ม_15"},"geometry":{"type":"MultiPolygon","coordinates":[[[[980719.582000000402331,1599388.589700000360608],[980614.238400000147521,1599254.941400000825524],[980605.296900000423193,1599255.555500000715256],[980600.714100000448525,1599254.7566],[980590.103000000119209,1599270.5998],[980598.110700000077486,1599280.939099999144673],[980596.270100000314415,1599298.287100000306964],[980571.856499999761581,1599315.418800000101328],[980654.879900000058115,1599432.755400000140071],[980719.582000000402331,1599388.589700000360608]]]]}},
{"type":"Feature","properties":{"รหัสกลุ่มคิว":"15/007","รหัสรับเหมา":"722724","ชื่อ-สกุล รับเหมา":"นาง ณีรนุช แถวถิ่น","นักเกษตร":"1501","ศูนย์":"K2-15","โควตา":"715345","ชาวไร่":"นาย จำนงค์ เรืองกระจาย","ประเภทอ้อย":"ตอ1","พื้นที่":4.77,"ตันรวม":42.93,"รหัสแปลง":"320606011830","กลุ่ม":"กลุ่ม_15"},"geometry":{"type":"MultiPolygon","coordinates":[[[[980573.497800000011921,1599292.942600000649691],[980570.179700000211596,1599271.995300000533462],[980597.499699999578297,1599233.109899999573827],[980545.374099999666214,1599168.78969999961555],[980488.122100000269711,1599218.1206],[980553.010499999858439,1599307.734899999573827],[980573.497800000011921,1599292.942600000649691]]]]}},
{"type":"Feature","properties":{"รหัสกลุ่มคิว":"15/004","รหัสรับเหมา":"738889","ชื่อ-สกุล รับเหมา":"รถตัดโรงงานเบอร์ 22","นักเกษตร":"1507","ศูนย์":"K2-15","โควตา":"719353","ชาวไร่":"นาย วิโรจน์ ทองสุข","ประเภทอ้อย":"ปลายฝน","พื้นที่":5.07,"ตันรวม":65.91,"รหัสแปลง":"321401151679","กลุ่ม":"กลุ่ม_15"},"geometry":{"type":"MultiPolygon","coordinates":[[[[972029.844200000166893,1604789.009999999776483],[971884.517,1605257.324799999594688],[971901.752700000070035,1605261.719900000840425],[972043.411199999973178,1604797.172900000587106],[972043.370400000363588,1604793.8278],[972029.844200000166893,1604789.009999999776483]]]]}},
{"type":"Feature","properties":{"รหัสกลุ่มคิว":"15/001","รหัสรับเหมา":"738889","ชื่อ-สกุล รับเหมา":"รถตัดโรงงานเบอร์ 01","นักเกษตร":"1503","ศูนย์":"K2-15","โควตา":"719077","ชาวไร่":"นาง คำใบ ลักขษร","ประเภทอ้อย":"ปลายฝน","พื้นที่":12.97,"ตันรวม":168.61,"รหัสแปลง":"320509015537","กลุ่ม":"กลุ่ม_15"},"geometry":{"type":"MultiPolygon","coordinates":[[[[973672.816999999806285,1607237.005599999800324],[973696.085199999623001,1607237.121300000697374],[973738.359600000083447,1607235.709000000730157],[973779.536500000394881,1607234.605100000277162],[973690.0777000002563,1606968.977700000628829],[973647.08629999961704,1606976.187899999320507],[973736.040400000289083,1607234.92119999974966],[973733.5152000002563,1607235.399599999189377],[973663.336900000460446,1607033.451400000602007],[973635.473699999973178,1607033.584699999541044],[973672.816999999806285,1607237.005599999800324]]]]}},
{"type":"Feature","properties":{"รหัสกลุ่มคิว":"15/003","รหัสรับเหมา":"738889","ชื่อ-สกุล รับเหมา":"รถตัดโรงงานเบอร์ 18","นักเกษตร":"1202","ศูนย์":"K2-15","โควตา":"723142","ชาวไร่":"นาง จิตร ลอยเลื่อน","ประเภทอ้อย":"ตอ2","พื้นที่":10.28,"ตันรวม":82.24,"รหัสแปลง":"320606071737","กลุ่ม":"กลุ่ม_15"},"geometry":{"type":"MultiPolygon","coordinates":[[[[976450.072200000286102,1609229.1294],[976485.872200000099838,1609449.094200000166893],[976553.096699999645352,1609426.698100000619888],[976517.944099999964237,1609194.310100000351667],[976475.897199999541044,1609200.855000000447035],[976478.003499999642372,1609225.631300000473857],[976450.072200000286102,1609229.1294]]]]}},
{"type":"Feature","properties":{"รหัสกลุ่มคิว":"15/001","รหัสรับเหมา":"738889","ชื่อ-สกุล รับเหมา":"รถตัดโรงงานเบอร์ 01","นักเกษตร":"1503","ศูนย์":"K2-15","โควตา":"715399","ชาวไร่":"นาง ชลทิชา ช่างอาจ","ประเภทอ้อย":"ตอ1","พื้นที่":5.22,"ตันรวม":46.98,"รหัสแปลง":"320509015538","กลุ่ม":"กลุ่ม_15"},"geometry":{"type":"MultiPolygon","coordinates":[[[[972796.323400000110269,1609469.418500000610948],[972859.183199999853969,1609467.529699999839067],[972860.663200000301003,1609422.071599999442697],[972858.037399999797344,1609409.190300000831485],[972855.989299999549985,1609407.691099999472499],[972851.057500000111759,1609407.342299999669194],[972831.895299999974668,1609408.713300000876188],[972833.382500000298023,1609390.199400000274181],[972860.149500000290573,1609389.600199999287724],[972860.825400000438094,1609336.499399999156594],[972807.17339999973774,1609325.8443],[972801.958499999716878,1609342.140100000426173],[972801.549999999813735,1609348.042400000616908],[972800.951999999582767,1609358.917199999094009],[972797.935700000263751,1609372.82039999961853],[972792.855399999767542,1609395.714500000700355],[972790.78899999987334,1609408.434599999338388],[972790.681200000457466,1609411.121400000527501],[972791.044300000183284,1609423.545499999076128],[972791.697200000286102,1609433.884199999272823],[972794.157200000248849,1609455.337999999523163],[972796.323400000110269,1609469.418500000610948]]]]}},
{"type":"Feature","properties":{"รหัสกลุ่มคิว":"15/004","รหัสรับเหมา":"738889","ชื่อ-สกุล รับเหมา":"รถตัดโรงงานเบอร์ 22","นักเกษตร":"1507","ศูนย์":"K2-15","โควตา":"710186","ชาวไร่":"นาง สมศรี ศรีสุข","ประเภทอ้อย":"ปลายฝน","พื้นที่":2.74,"ตันรวม":35.62,"รหัสแปลง":"320509131815","กลุ่ม":"กลุ่ม_15"},"geometry":{"type":"MultiPolygon","coordinates":[[[[972034.21129999961704,1607462.137700000777841],[972042.372000000439584,1607431.050200000405312],[972058.6716,1607379.412699999287724],[972025.507699999958277,1607361.7686],[972016.557699999772012,1607368.252599999308586],[972006.886900000274181,1607384.151399999856949],[971983.197599999606609,1607445.445800000801682],[972034.21129999961704,1607462.137700000777841]]]]}},
{"type":"Feature","properties":{"รหัสกลุ่มคิว":"15/003","รหัสรับเหมา":"738889","ชื่อ-สกุล รับเหมา":"รถตัดโรงงานเบอร์ 18","นักเกษตร":"1202","ศูนย์":"K2-15","โควตา":"719414","ชาวไร่":"นางสาว มุกดา สำราญดี","ประเภทอ้อย":"ตอ1","พื้นที่":5.16,"ตันรวม":46.44,"รหัสแปลง":"320509081638","กลุ่ม":"กลุ่ม_15"},"geometry":{"type":"MultiPolygon","coordinates":[[[[967762.766699999570847,1614193.3322],[967765.154799999669194,1614143.648600000888109],[967695.514700000174344,1614131.9679000005126],[967705.440999999642372,1614074.109200000762939],[967677.481700000353158,1614067.290500000119209],[967670.783200000412762,1614069.1963],[967660.31180000025779,1614070.660499999299645],[967588.800800000317395,1614053.213600000366569],[967586.973299999721348,1614073.514000000432134],[967668.881599999964237,1614093.377599999308586],[967674.080299999564886,1614094.585899999365211],[967655.980600000359118,1614165.599199999123812],[967762.766699999570847,1614193.3322]]]]}},
{"type":"Feature","properties":{"รหัสกลุ่มคิว":"15/007","รหัสรับเหมา":"722724","ชื่อ-สกุล รับเหมา":"นาง ณีรนุช แถวถิ่น","นักเกษตร":"1501","ศูนย์":"K2-15","โควตา":"719101","ชาวไร่":"นางสาว สมปอง เกิดมี","ประเภทอ้อย":"ตอ2","พื้นที่":5.43,"ตันรวม":43.44,"รหัสแปลง":"320606111742","กลุ่ม":"กลุ่ม_15"},"geometry":{"type":"MultiPolygon","coordinates":[[[[981289.874099999666214,1602961.622500000521541],[981284.590800000354648,1602966.308399999514222],[981253.335199999623001,1602973.477800000458956],[981204.780600000172853,1602984.903899999335408],[981227.178399999625981,1603086.839800000190735],[981296.591000000014901,1603085.202500000596046],[981290.177099999971688,1603022.344100000336766],[981294.150200000032783,1603019.799200000241399],[981289.874099999666214,1602961.622500000521541]]]]}},
{"type":"Feature","properties":{"รหัสกลุ่มคิว":"15/001","รหัสรับเหมา":"738889","ชื่อ-สกุล รับเหมา":"รถตัดโรงงานเบอร์ 01","นักเกษตร":"1503","ศูนย์":"K2-15","โควตา":"710212","ชาวไร่":"นาง สมพร สายกระสุน","ประเภทอ้อย":"ต้นฝน","พื้นที่":17.52,"ตันรวม":192.72,"รหัสแปลง":"320509015542","กลุ่ม":"กลุ่ม_15"},"geometry":{"type":"MultiPolygon","coordinates":[[[[971854.161600000225008,1609411.0515],[972055.183100000023842,1609452.209000000730157],[972073.144000000320375,1609417.46680000051856],[972101.893199999816716,1609320.765799999237061],[971865.299999999813735,1609298.126000000163913],[971854.161600000225008,1609411.0515]]]]}},
{"type":"Feature","properties":{"รหัสกลุ่มคิว":"15/004","รหัสรับเหมา":"738889","ชื่อ-สกุล รับเหมา":"รถตัดโรงงานเบอร์ 22","นักเกษตร":"1507","ศูนย์":"K2-15","โควตา":"715006","ชาวไร่":"นาง อรอนงค์ ผลเจริญ","ประเภทอ้อย":"ตอ1","พื้นที่":4.3,"ตันรวม":38.7,"รหัสแปลง":"320509091720","กลุ่ม":"กลุ่ม_15"},"geometry":{"type":"MultiPolygon","coordinates":[[[[972904.989400000311434,1607790.692600000649691],[972908.574799999594688,1607830.270099999383092],[973021.073099999688566,1607813.038599999621511],[972990.53139999974519,1607737.973799999803305],[972930.563000000081956,1607746.073300000280142],[972936.358799999579787,1607785.131999999284744],[972904.989400000311434,1607790.692600000649691]]]]}},
{"type":"Feature","properties":{"รหัสกลุ่มคิว":"15/007","รหัสรับเหมา":"722724","ชื่อ-สกุล รับเหมา":"นาง ณีรนุช แถวถิ่น","นักเกษตร":"1501","ศูนย์":"K2-15","โควตา":"719087","ชาวไร่":"นาย เหลื่อม ดีพินิจ","ประเภทอ้อย":"ตอ1","พื้นที่":7.32,"ตันรวม":65.88,"รหัสแปลง":"320606131643","กลุ่ม":"กลุ่ม_15"},"geometry":{"type":"MultiPolygon","coordinates":[[[[980872.776899999938905,1599441.981499999761581],[980916.732400000095367,1599492.469200000166893],[980919.418999999761581,1599489.191099999472499],[980945.928000000305474,1599458.984300000593066],[980948.481700000353158,1599460.660199999809265],[980958.526999999769032,1599455.816600000485778],[980855.572700000368059,1599304.36460000090301],[980798.008500000461936,1599343.164100000634789],[980859.332600000314415,1599424.599600000306964],[980867.916500000283122,1599425.746899999678135],[980873.650799999944866,1599434.724300000816584],[980872.776899999938905,1599441.981499999761581]]]]}},
{"type":"Feature","properties":{"รหัสกลุ่มคิว":"15/007","รหัสรับเหมา":"722724","ชื่อ-สกุล รับเหมา":"นาง ณีรนุช แถวถิ่น","นักเกษตร":"1501","ศูนย์":"K2-15","โควตา":"715655","ชาวไร่":"นาย วีรวัฒน์ พันธุ์ศิลป์","ประเภทอ้อย":"ตอ2","พื้นที่":4.23,"ตันรวม":33.84,"รหัสแปลง":"320606011835","กลุ่ม":"กลุ่ม_15"},"geometry":{"type":"MultiPolygon","coordinates":[[[[981389.241200000047684,1599492.078600000590086],[981257.432799999602139,1599537.583799999207258],[981288.321299999952316,1599585.821699999272823],[981409.689799999818206,1599530.13990000076592],[981389.241200000047684,1599492.078600000590086]]]]}},
{"type":"Feature","properties":{"รหัสกลุ่มคิว":"15/007","รหัสรับเหมา":"722724","ชื่อ-สกุล รับเหมา":"นาง ณีรนุช แถวถิ่น","นักเกษตร":"1501","ศูนย์":"K2-15","โควตา":"723005","ชาวไร่":"นาง พัตร รักษา","ประเภทอ้อย":"ปลายฝน","พื้นที่":3.88,"ตันรวม":50.44,"รหัสแปลง":"320606131644","กลุ่ม":"กลุ่ม_15"},"geometry":{"type":"MultiPolygon","coordinates":[[[[980558.032399999909103,1598605.664000000804663],[980540.005900000222027,1598607.698300000280142],[980534.853099999949336,1598627.138599999248981],[980528.752000000327826,1598634.876800000667572],[980617.864599999971688,1598758.1469],[980648.756699999794364,1598739.816099999472499],[980558.032399999909103,1598605.664000000804663]]]]}},
{"type":"Feature","properties":{"รหัสกลุ่มคิว":"15/001","รหัสรับเหมา":"738889","ชื่อ-สกุล รับเหมา":"รถตัดโรงงานเบอร์ 01","นักเกษตร":"1503","ศูนย์":"K2-15","โควตา":"719076","ชาวไร่":"นาง กฤษติยา ผายสุวรรณ์","ประเภทอ้อย":"ปลายฝน","พื้นที่":12.89,"ตันรวม":167.57,"รหัสแปลง":"320509015547","กลุ่ม":"กลุ่ม_15"},"geometry":{"type":"MultiPolygon","coordinates":[[[[973169.57010000012815,1608205.441600000485778],[973165.52350000012666,1608204.398800000548363],[973156.284099999815226,1608199.648800000548363],[973153.623599999584258,1608197.44679999910295],[973151.080400000326335,1608194.709100000560284],[973148.588999999687076,1608191.134800000116229],[973140.721300000324845,1608199.696900000795722],[973139.795199999585748,1608205.53940000012517],[973139.170800000429153,1608214.018799999728799],[973139.056699999608099,1608216.524700000882149],[973139.000599999912083,1608218.546900000423193],[973137.761500000022352,1608220.488700000569224],[973130.760099999606609,1608221.035299999639392],[973112.109000000171363,1608221.738399999216199],[973109.140399999916553,1608265.8213],[973107.488499999977648,1608324.954500000923872],[973107.423200000077486,1608338.587200000882149],[973099.614099999889731,1608403.318099999800324],[973092.413200000301003,1608528.949500000104308],[973095.4046,1608535.186699999496341],[973109.276899999938905,1608549.648600000888109],[973138.484899999573827,1608513.581000000238419],[973146.707399999722838,1608501.286399999633431],[973148.487200000323355,1608500.33559999987483],[973154.136599999852479,1608495.968299999833107],[973164.002899999730289,1608467.653100000694394],[973173.98450000025332,1608360.752900000661612],[973169.57010000012815,1608205.441600000485778]]]]}},
{"type":"Feature","properties":{"รหัสกลุ่มคิว":"15/003","รหัสรับเหมา":"738889","ชื่อ-สกุล รับเหมา":"รถตัดโรงงานเบอร์ 18","นักเกษตร":"1202","ศูนย์":"K2-15","โควตา":"719209","ชาวไร่":"นางสาว ภัทรปภา พูลสารยิ่ง","ประเภทอ้อย":"ปลายฝน","พื้นที่":6.59,"ตันรวม":85.67,"รหัสแปลง":"320606121667","กลุ่ม":"กลุ่ม_15"},"geometry":{"type":"MultiPolygon","coordinates":[[[[977161.691700000315905,1604027.754100000485778],[977160.188799999654293,1604028.164300000295043],[977068.361899999901652,1603999.859200000762939],[977029.544300000183284,1604115.38990000076592],[977105.842400000430644,1604135.301200000569224],[977161.691700000315905,1604027.754100000485778]]]]}},
{"type":"Feature","properties":{"รหัสกลุ่มคิว":"15/007","รหัสรับเหมา":"722724","ชื่อ-สกุล รับเหมา":"นาง ณีรนุช แถวถิ่น","นักเกษตร":"1501","ศูนย์":"K2-15","โควตา":"719215","ชาวไร่":"นาย ประนอม ฉายแก้ว","ประเภทอ้อย":"ตอ1","พื้นที่":3.88,"ตันรวม":34.92,"รหัสแปลง":"320606011840","กลุ่ม":"กลุ่ม_15"},"geometry":{"type":"MultiPolygon","coordinates":[[[[981193.427400000393391,1599067.719799999147654],[981311.202399999834597,1599220.853000000119209],[981337.859199999831617,1599199.555099999532104],[981218.925300000235438,1599050.742599999532104],[981193.427400000393391,1599067.719799999147654]]]]}},
{"type":"Feature","properties":{"รหัสกลุ่มคิว":"15/004","รหัสรับเหมา":"738889","ชื่อ-สกุล รับเหมา":"รถตัดโรงงานเบอร์ 22","นักเกษตร":"1507","ศูนย์":"K2-15","โควตา":"715470","ชาวไร่":"นาง ทองศรี แสนแก้วใส","ประเภทอ้อย":"ปลายฝน","พื้นที่":4.33,"ตันรวม":56.29,"รหัสแปลง":"320509091721","กลุ่ม":"กลุ่ม_15"},"geometry":{"type":"MultiPolygon","coordinates":[[[[972421.044800000265241,1607991.089400000870228],[972425.317900000140071,1607974.902300000190735],[972458.336900000460446,1607981.267000000923872],[972464.806099999696016,1607963.273299999535084],[972265.167700000107288,1607910.636299999430776],[972256.593299999833107,1607944.489],[972421.044800000265241,1607991.089400000870228]]]]}},
{"type":"Feature","properties":{"รหัสกลุ่มคิว":"15/004","รหัสรับเหมา":"738889","ชื่อ-สกุล รับเหมา":"รถตัดโรงงานเบอร์ 22","นักเกษตร":"1507","ศูนย์":"K2-15","โควตา":"715122","ชาวไร่":"นาง สาธนา เที่ยงธรรม","ประเภทอ้อย":"ปลายฝน","พื้นที่":5.15,"ตันรวม":66.95,"รหัสแปลง":"320509091722","กลุ่ม":"กลุ่ม_15"},"geometry":{"type":"MultiPolygon","coordinates":[[[[971970.032700000330806,1607833.589700000360608],[971929.692699999548495,1607840.582399999722838],[971933.310200000181794,1607861.816199999302626],[972141.146999999880791,1607918.417700000107288],[972152.656600000336766,1607879.401900000870228],[971970.032700000330806,1607833.589700000360608]]]]}},
{"type":"Feature","properties":{"รหัสกลุ่มคิว":"15/001","รหัสรับเหมา":"738889","ชื่อ-สกุล รับเหมา":"รถตัดโรงงานเบอร์ 01","นักเกษตร":"1503","ศูนย์":"K2-15","โควตา":"715467","ชาวไร่":"นาง มาลี ศรีปุชัยนนท์","ประเภทอ้อย":"ปลายฝน","พื้นที่":17.77,"ตันรวม":231.01,"รหัสแปลง":"320509031818","กลุ่ม":"กลุ่ม_15"},"geometry":{"type":"MultiPolygon","coordinates":[[[[975570.733599999919534,1602990.698000000789762],[975570.775700000114739,1603003.785199999809265],[975541.597000000067055,1603007.580800000578165],[975569.321399999782443,1603077.977900000289083],[975875.279900000430644,1603056.540300000458956],[975884.855100000277162,1602966.526499999687076],[975570.733599999919534,1602990.698000000789762]]]]}},
{"type":"Feature","properties":{"รหัสกลุ่มคิว":"15/001","รหัสรับเหมา":"738889","ชื่อ-สกุล รับเหมา":"รถตัดโรงงานเบอร์ 01","นักเกษตร":"1503","ศูนย์":"K2-15","โควตา":"715232","ชาวไร่":"นาง บุญมี พรหมบุตร","ประเภทอ้อย":"ตอ2","พื้นที่":7.47,"ตันรวม":59.76,"รหัสแปลง":"320509015549","กลุ่ม":"กลุ่ม_15"},"geometry":{"type":"MultiPolygon","coordinates":[[[[974381.729100000113249,1609165.585699999704957],[974367.800300000235438,1609164.806900000199676],[974330.561099999584258,1609162.758899999782443],[974324.259899999946356,1609161.742200000211596],[974325.709300000220537,1609220.029799999669194],[974338.834699999541044,1609328.223999999463558],[974344.219399999827147,1609370.608200000599027],[974368.379399999976158,1609366.249800000339746],[974400.262500000186265,1609361.6864],[974381.729100000113249,1609165.585699999704957]]]]}},
{"type":"Feature","properties":{"รหัสกลุ่มคิว":"15/003","รหัสรับเหมา":"738889","ชื่อ-สกุล รับเหมา":"รถตัดโรงงานเบอร์ 18","นักเกษตร":"1202","ศูนย์":"K2-15","โควตา":"715780","ชาวไร่":"นาย วิสิทธิ์ จินดาศรี","ประเภทอ้อย":"ตอ1","พื้นที่":5.68,"ตันรวม":51.12,"รหัสแปลง":"320509071672","กลุ่ม":"กลุ่ม_15"},"geometry":{"type":"MultiPolygon","coordinates":[[[[970244.42119999974966,1612038.9671],[970305.979500000365078,1612031.087200000882149],[970273.358300000429153,1611882.010299999266863],[970243.831799999810755,1611891.058299999684095],[970214.411000000312924,1611903.99070000089705],[970244.42119999974966,1612038.9671]]]]}},
{"type":"Feature","properties":{"รหัสกลุ่มคิว":"15/001","รหัสรับเหมา":"738889","ชื่อ-สกุล รับเหมา":"รถตัดโรงงานเบอร์ 01","นักเกษตร":"1503","ศูนย์":"K2-15","โควตา":"715191","ชาวไร่":"นาง ทองเลื่อน แก้วรักษา","ประเภทอ้อย":"ปลายฝน","พื้นที่":7.29,"ตันรวม":94.77,"รหัสแปลง":"320509101701","กลุ่ม":"กลุ่ม_15"},"geometry":{"type":"MultiPolygon","coordinates":[[[[975217.361200000159442,1608691.803600000217557],[975187.389299999922514,1608686.2331000007689],[975183.184799999929965,1609043.899900000542402],[975207.699699999764562,1609042.894200000911951],[975210.58420000039041,1609072.8293999992311],[975201.317200000397861,1609074.940500000491738],[975197.9534,1609071.917500000447035],[975189.728400000371039,1609068.800499999895692],[975185.065499999560416,1609133.049599999561906],[975209.895999999716878,1609125.024599999189377],[975217.361200000159442,1608691.803600000217557]]]]}},
{"type":"Feature","properties":{"รหัสกลุ่มคิว":"15/001","รหัสรับเหมา":"738889","ชื่อ-สกุล รับเหมา":"รถตัดโรงงานเบอร์ 01","นักเกษตร":"1503","ศูนย์":"K2-15","โควตา":"710189","ชาวไร่":"นาง ทองย้อย ศรีสุข","ประเภทอ้อย":"ตอ1","พื้นที่":5.49,"ตันรวม":49.41,"รหัสแปลง":"320509101703","กลุ่ม":"กลุ่ม_15"},"geometry":{"type":"MultiPolygon","coordinates":[[[[975188.152999999932945,1608686.362099999561906],[975161.845999999903142,1608683.935100000351667],[975163.918700000271201,1608981.763299999758601],[975177.492499999701977,1608984.0965],[975177.25040000025183,1609002.4507],[975162.301300000399351,1609004.413899999111891],[975160.183000000193715,1609061.897700000554323],[975175.156000000424683,1609060.88230000063777],[975175.689699999988079,1609047.514499999582767],[975186.254700000397861,1609046.77449999935925],[975188.152999999932945,1608686.362099999561906]]]]}},
{"type":"Feature","properties":{"รหัสกลุ่มคิว":"15/008","รหัสรับเหมา":null,"ชื่อ-สกุล รับเหมา":null,"นักเกษตร":"1502","ศูนย์":"K2-15","โควตา":"726780","ชาวไร่":"นาย สุราช มีชื่อ","ประเภทอ้อย":"ตอ1","พื้นที่":10.93,"ตันรวม":98.37,"รหัสแปลง":"320506061741","กลุ่ม":"กลุ่ม_15"},"geometry":{"type":"MultiPolygon","coordinates":[[[[978828.488499999977648,1621731.063699999824166],[978825.419800000265241,1621520.409800000488758],[978813.255099999718368,1621488.924200000241399],[978817.598600000143051,1621469.410700000822544],[978808.06319999974221,1621450.734300000593066],[978778.92960000038147,1621458.2982],[978775.297199999913573,1621744.4419],[978736.791500000283122,1621752.5614],[978740.124499999918044,1621802.9178],[978823.18680000025779,1621781.0658],[978816.549399999901652,1621733.9726],[978828.488499999977648,1621731.063699999824166]]]]}},
{"type":"Feature","properties":{"รหัสกลุ่มคิว":"15/008","รหัสรับเหมา":null,"ชื่อ-สกุล รับเหมา":null,"นักเกษตร":"1502","ศูนย์":"K2-15","โควตา":"726423","ชาวไร่":"นาง ทองบท มีบุตรดี","ประเภทอ้อย":"ปลายฝน","พื้นที่":4.31,"ตันรวม":56.03,"รหัสแปลง":"320506061746","กลุ่ม":"กลุ่ม_15"},"geometry":{"type":"MultiPolygon","coordinates":[[[[979118.071600000374019,1621117.188300000503659],[979132.589100000448525,1620854.344100000336766],[979103.401800000108778,1620855.867000000551343],[979105.417100000195205,1620873.617599999532104],[979093.622000000439584,1620984.074100000783801],[979104.501799999736249,1620986.558399999514222],[979092.704199999570847,1621089.373500000685453],[979097.137600000016391,1621117.876900000497699],[979118.071600000374019,1621117.188300000503659]]]]}},
{"type":"Feature","properties":{"รหัสกลุ่มคิว":"15/008","รหัสรับเหมา":null,"ชื่อ-สกุล รับเหมา":null,"นักเกษตร":"1502","ศูนย์":"K2-15","โควตา":"726101","ชาวไร่":"นาย สำเนียง คิดดีจริง","ประเภทอ้อย":"ปลายฝน","พื้นที่":6.53,"ตันรวม":84.89,"รหัสแปลง":"320506061749","กลุ่ม":"กลุ่ม_15"},"geometry":{"type":"MultiPolygon","coordinates":[[[[979354.070700000040233,1623732.692099999636412],[979491.349600000306964,1623760.088999999687076],[979498.512400000356138,1623703.831599999219179],[979308.565299999900162,1623665.3881],[979313.613499999977648,1623720.494400000199676],[979344.203900000080466,1623724.566099999472499],[979349.862200000323355,1623726.72859999909997],[979354.070700000040233,1623732.692099999636412]]]]}},
{"type":"Feature","properties":{"รหัสกลุ่มคิว":"15/007","รหัสรับเหมา":"722724","ชื่อ-สกุล รับเหมา":"นาง ณีรนุช แถวถิ่น","นักเกษตร":"1501","ศูนย์":"K2-15","โควตา":"719086","ชาวไร่":"นาง รัศมี บุญอยู่","ประเภทอ้อย":"ตอ1","พื้นที่":9.55,"ตันรวม":85.95,"รหัสแปลง":"320509031819","กลุ่ม":"กลุ่ม_15"},"geometry":{"type":"MultiPolygon","coordinates":[[[[970447.303399999625981,1612344.61119999922812],[970426.187800000421703,1612300.448000000789762],[970331.80489999987185,1612291.304199999198318],[970275.647599999792874,1612288.8618],[970149.311599999666214,1612293.554999999701977],[970137.334699999541044,1612345.335699999704957],[970447.303399999625981,1612344.61119999922812]]]]}},
{"type":"Feature","properties":{"รหัสกลุ่มคิว":"15/007","รหัสรับเหมา":"722724","ชื่อ-สกุล รับเหมา":"นาง ณีรนุช แถวถิ่น","นักเกษตร":"1501","ศูนย์":"K2-15","โควตา":"719118","ชาวไร่":"นาง พูนศิริ ชิมจันทร์","ประเภทอ้อย":"ปลายฝน","พื้นที่":7.14,"ตันรวม":92.82,"รหัสแปลง":"320606111752","กลุ่ม":"กลุ่ม_15"},"geometry":{"type":"MultiPolygon","coordinates":[[[[980352.72719999961555,1603430.393999999389052],[980347.345800000242889,1603521.462799999862909],[980483.297500000335276,1603537.890000000596046],[980480.292200000025332,1603511.687000000849366],[980465.645800000056624,1603491.1151],[980456.547500000335276,1603464.268699999898672],[980430.25719999987632,1603423.126900000497699],[980352.72719999961555,1603430.393999999389052]]]]}},
{"type":"Feature","properties":{"รหัสกลุ่มคิว":"15/003","รหัสรับเหมา":"738889","ชื่อ-สกุล รับเหมา":"รถตัดโรงงานเบอร์ 18","นักเกษตร":"1202","ศูนย์":"K2-15","โควตา":"728063","ชาวไร่":"นาย ณัฐวุฒิ คำเล็ก","ประเภทอ้อย":"ปลายฝน","พื้นที่":5.69,"ตันรวม":73.97,"รหัสแปลง":"320509031823","กลุ่ม":"กลุ่ม_15"},"geometry":{"type":"MultiPolygon","coordinates":[[[[967778.60869999974966,1612688.043500000610948],[967911.269600000232458,1612686.375700000673532],[967908.114500000141561,1612614.7434],[967779.229500000365078,1612620.5395],[967778.60869999974966,1612688.043500000610948]]]]}},
{"type":"Feature","properties":{"รหัสกลุ่มคิว":"15/008","รหัสรับเหมา":null,"ชื่อ-สกุล รับเหมา":null,"นักเกษตร":"1502","ศูนย์":"K2-15","โควตา":"712369","ชาวไร่":"นาย ธีรศักดิ์ สุดสำฤทธิ์","ประเภทอ้อย":"ตอ3","พื้นที่":2.81,"ตันรวม":19.67,"รหัสแปลง":"320501121677","กลุ่ม":"กลุ่ม_15"},"geometry":{"type":"MultiPolygon","coordinates":[[[[977929.369500000029802,1621876.613099999725819],[978058.230299999937415,1621826.7314],[978049.14879999961704,1621796.653200000524521],[977921.934200000017881,1621842.718900000676513],[977929.369500000029802,1621876.613099999725819]]]]}},
{"type":"Feature","properties":{"รหัสกลุ่มคิว":"15/004","รหัสรับเหมา":"738889","ชื่อ-สกุล รับเหมา":"รถตัดโรงงานเบอร์ 22","นักเกษตร":"1507","ศูนย์":"K2-15","โควตา":"715006","ชาวไร่":"นาง อรอนงค์ ผลเจริญ","ประเภทอ้อย":"ตอ2","พื้นที่":6.2,"ตันรวม":49.6,"รหัสแปลง":"320509091723","กลุ่ม":"กลุ่ม_15"},"geometry":{"type":"MultiPolygon","coordinates":[[[[971919.866100000217557,1607003.488900000229478],[971861.802500000223517,1607000.6974],[971816.811099999584258,1607149.729499999433756],[971817.902599999681115,1607149.275699999183416],[971824.017400000244379,1607143.7445],[971903.611399999819696,1607120.314200000837445],[971927.25040000025183,1607046.156700000166893],[971929.010700000450015,1607038.721899999305606],[971919.866100000217557,1607003.488900000229478]]]]}},
{"type":"Feature","properties":{"รหัสกลุ่มคิว":"15/007","รหัสรับเหมา":"722724","ชื่อ-สกุล รับเหมา":"นาง ณีรนุช แถวถิ่น","นักเกษตร":"1501","ศูนย์":"K2-15","โควตา":"719213","ชาวไร่":"นาย โปร่ง โฉลกดี","ประเภทอ้อย":"ตอ2","พื้นที่":8.71,"ตันรวม":69.68,"รหัสแปลง":"320606011845","กลุ่ม":"กลุ่ม_15"},"geometry":{"type":"MultiPolygon","coordinates":[[[[979651.842400000430644,1599433.289599999785423],[979507.720599999651313,1599224.501700000837445],[979506.572100000455976,1599224.405200000852346],[979495.250300000421703,1599231.316800000146031],[979489.168300000019372,1599232.452600000426173],[979481.904699999839067,1599259.387800000607967],[979480.903699999675155,1599263.0647],[979459.817499999888241,1599293.617200000211596],[979501.878499999642372,1599357.363600000739098],[979534.959800000302494,1599338.169099999591708],[979614.581299999728799,1599457.955299999564886],[979651.842400000430644,1599433.289599999785423]]]]}},
{"type":"Feature","properties":{"รหัสกลุ่มคิว":"15/004","รหัสรับเหมา":"738889","ชื่อ-สกุล รับเหมา":"รถตัดโรงงานเบอร์ 22","นักเกษตร":"1507","ศูนย์":"K2-15","โควตา":"723418","ชาวไร่":"นาย ประยูร ทองทัพ","ประเภทอ้อย":"ปลายฝน","พื้นที่":11.18,"ตันรวม":145.34,"รหัสแปลง":"321401091724","กลุ่ม":"กลุ่ม_15"},"geometry":{"type":"MultiPolygon","coordinates":[[[[970866.774799999780953,1603599.926999999210238],[970794.895800000056624,1603808.028200000524521],[970873.673499999567866,1603828.678600000217557],[970945.739799999631941,1603624.090900000184774],[970866.774799999780953,1603599.926999999210238]]]]}},
{"type":"Feature","properties":{"รหัสกลุ่มคิว":"15/004","รหัสรับเหมา":"738889","ชื่อ-สกุล รับเหมา":"รถตัดโรงงานเบอร์ 22","นักเกษตร":"1507","ศูนย์":"K2-15","โควตา":"723433","ชาวไร่":"นาย สิงห์ จำนงดี","ประเภทอ้อย":"ปลายฝน","พื้นที่":11.1,"ตันรวม":144.3,"รหัสแปลง":"321401091725","กลุ่ม":"กลุ่ม_15"},"geometry":{"type":"MultiPolygon","coordinates":[[[[970863.910600000061095,1603601.420399999246001],[970940.49100000038743,1603624.739199999719858],[971012.344899999909103,1603417.074500000104308],[970939.726300000213087,1603386.453700000420213],[970863.910600000061095,1603601.420399999246001]]]]}},
{"type":"Feature","properties":{"รหัสกลุ่มคิว":"15/004","รหัสรับเหมา":"738889","ชื่อ-สกุล รับเหมา":"รถตัดโรงงานเบอร์ 22","นักเกษตร":"1507","ศูนย์":"K2-15","โควตา":"723418","ชาวไร่":"นาย ประยูร ทองทัพ","ประเภทอ้อย":"ปลายฝน","พื้นที่":11.41,"ตันรวม":148.33,"รหัสแปลง":"321401091727","กลุ่ม":"กลุ่ม_15"},"geometry":{"type":"MultiPolygon","coordinates":[[[[971050.92119999974966,1603195.242599999532104],[971015.703900000080466,1603351.159],[970956.667700000107288,1603329.932099999859929],[970941.442400000058115,1603385.301000000908971],[971015.480700000189245,1603414.163799999281764],[971035.922100000083447,1603357.973799999803305],[971104.526300000026822,1603381.047800000756979],[971118.658099999651313,1603339.804099999368191],[971127.402499999850988,1603258.022900000214577],[971116.587700000032783,1603244.590900000184774],[971094.152900000102818,1603226.683700000867248],[971050.92119999974966,1603195.242599999532104]]]]}},
{"type":"Feature","properties":{"รหัสกลุ่มคิว":"15/008","รหัสรับเหมา":null,"ชื่อ-สกุล รับเหมา":null,"นักเกษตร":"1502","ศูนย์":"K2-15","โควตา":"719271","ชาวไร่":"นาย บุญสงค์ นากอก","ประเภทอ้อย":"ตอ2","พื้นที่":7.83,"ตันรวม":62.64,"รหัสแปลง":"320509015554","กลุ่ม":"กลุ่ม_15"},"geometry":{"type":"MultiPolygon","coordinates":[[[[973560.593700000084937,1617514.867900000885129],[973622.701500000432134,1617515.330299999564886],[973638.799800000153482,1617492.901599999517202],[973653.394999999552965,1617483.015599999576807],[973639.955199999734759,1617405.290500000119209],[973619.61849999986589,1617386.223999999463558],[973629.859699999913573,1617359.42960000038147],[973554.92989999987185,1617360.93779999949038],[973560.593700000084937,1617514.867900000885129]]]]}},
{"type":"Feature","properties":{"รหัสกลุ่มคิว":"15/008","รหัสรับเหมา":null,"ชื่อ-สกุล รับเหมา":null,"นักเกษตร":"1502","ศูนย์":"K2-15","โควตา":"716484","ชาวไร่":"นาย ประเสริฐ มีหมดจบ","ประเภทอ้อย":"ตอ2","พื้นที่":8.82,"ตันรวม":70.56,"รหัสแปลง":"320502081668","กลุ่ม":"กลุ่ม_15"},"geometry":{"type":"MultiPolygon","coordinates":[[[[979783.314299999736249,1634908.365900000557303],[979878.776999999769032,1634897.867799999192357],[979875.334800000302494,1634840.116800000891089],[979880.472400000318885,1634747.729900000616908],[979790.822300000116229,1634747.2029],[979786.088200000114739,1634839.72749999910593],[979783.314299999736249,1634908.365900000557303]]]]}},
{"type":"Feature","properties":{"รหัสกลุ่มคิว":"15/001","รหัสรับเหมา":"738889","ชื่อ-สกุล รับเหมา":"รถตัดโรงงานเบอร์ 01","นักเกษตร":"1503","ศูนย์":"K2-15","โควตา":"719174","ชาวไร่":"นาย พีระเดช มังกร","ประเภทอ้อย":"ปลายฝน","พื้นที่":5.04,"ตันรวม":65.52,"รหัสแปลง":"320515131661","กลุ่ม":"กลุ่ม_15"},"geometry":{"type":"MultiPolygon","coordinates":[[[[973027.385599999688566,1618701.834499999880791],[973032.458100000396371,1618653.678999999538064],[973033.245799999684095,1618622.264799999073148],[972959.616100000217557,1618649.866699999198318],[972908.478199999779463,1618668.8445999994874],[972929.103600000031292,1618700.857899999246001],[972951.683600000105798,1618734.203099999576807],[973027.385599999688566,1618701.834499999880791]]]]}},
{"type":"Feature","properties":{"รหัสกลุ่มคิว":"15/003","รหัสรับเหมา":"738889","ชื่อ-สกุล รับเหมา":"รถตัดโรงงานเบอร์ 18","นักเกษตร":"1202","ศูนย์":"K2-15","โควตา":"722600","ชาวไร่":"นาง วิลัย ดวงเด่นฉาย","ประเภทอ้อย":"ตอ1","พื้นที่":3.43,"ตันรวม":30.87,"รหัสแปลง":"320606071772","กลุ่ม":"กลุ่ม_15"},"geometry":{"type":"MultiPolygon","coordinates":[[[[978032.191800000146031,1609687.00870000012219],[978029.224600000306964,1609723.357300000265241],[978039.115500000305474,1609725.005000000819564],[978193.103699999861419,1609727.6743],[978194.877500000409782,1609693.917300000786781],[978090.10840000025928,1609693.85190000012517],[978032.191800000146031,1609687.00870000012219]]]]}},
{"type":"Feature","properties":{"รหัสกลุ่มคิว":"15/003","รหัสรับเหมา":"738889","ชื่อ-สกุล รับเหมา":"รถตัดโรงงานเบอร์ 18","นักเกษตร":"1202","ศูนย์":"K2-15","โควตา":"715230","ชาวไร่":"นางสาว ฤทัยขวัญ พูลสารยิ่ง","ประเภทอ้อย":"ปลายฝน","พื้นที่":4.55,"ตันรวม":59.15,"รหัสแปลง":"320606121674","กลุ่ม":"กลุ่ม_15"},"geometry":{"type":"MultiPolygon","coordinates":[[[[977480.419099999591708,1604153.45380000025034],[977469.399100000038743,1603944.985400000587106],[977468.9068,1603942.496500000357628],[977433.006400000303984,1603942.627599999308586],[977449.112700000405312,1604160.188699999824166],[977480.419099999591708,1604153.45380000025034]]]]}},
{"type":"Feature","properties":{"รหัสกลุ่มคิว":"15/003","รหัสรับเหมา":"738889","ชื่อ-สกุล รับเหมา":"รถตัดโรงงานเบอร์ 18","นักเกษตร":"1202","ศูนย์":"K2-15","โควตา":"719108","ชาวไร่":"นางสาว เกตสุดา กลุ่มยา","ประเภทอ้อย":"ตอ2","พื้นที่":3.75,"ตันรวม":30.0,"รหัสแปลง":"320504181736","กลุ่ม":"กลุ่ม_15"},"geometry":{"type":"MultiPolygon","coordinates":[[[[965335.641699999570847,1617410.617000000551343],[965343.941700000315905,1617368.478900000452995],[965347.599100000225008,1617353.370500000193715],[965353.381199999712408,1617319.862600000575185],[965358.684700000099838,1617293.967800000682473],[965364.912499999627471,1617263.771500000730157],[965324.671900000423193,1617255.333200000226498],[965297.549899999983609,1617406.667300000786781],[965309.843399999663234,1617407.806500000879169],[965335.641699999570847,1617410.617000000551343]]]]}},
{"type":"Feature","properties":{"รหัสกลุ่มคิว":"15/004","รหัสรับเหมา":"738889","ชื่อ-สกุล รับเหมา":"รถตัดโรงงานเบอร์ 22","นักเกษตร":"1507","ศูนย์":"K2-15","โควตา":"715936","ชาวไร่":"นางสาว วันเพ็ญ กระแสเทพ","ประเภทอ้อย":"ปลายฝน","พื้นที่":3.12,"ตันรวม":40.56,"รหัสแปลง":"320509131823","กลุ่ม":"กลุ่ม_15"},"geometry":{"type":"MultiPolygon","coordinates":[[[[969171.635400000028312,1607075.4222],[969148.408599999733269,1607008.79700000025332],[969098.057199999690056,1607042.408700000494719],[969120.341000000014901,1607101.80599999986589],[969132.077499999664724,1607128.650499999523163],[969145.933600000105798,1607119.855799999088049],[969155.884899999946356,1607108.028899999335408],[969171.635400000028312,1607075.4222]]]]}},
{"type":"Feature","properties":{"รหัสกลุ่มคิว":"15/007","รหัสรับเหมา":"722724","ชื่อ-สกุล รับเหมา":"นาง ณีรนุช แถวถิ่น","นักเกษตร":"1501","ศูนย์":"K2-15","โควตา":"719087","ชาวไร่":"นาย เหลื่อม ดีพินิจ","ประเภทอ้อย":"ปลายฝน","พื้นที่":14.71,"ตันรวม":191.23,"รหัสแปลง":"320606011855","กลุ่ม":"กลุ่ม_15"},"geometry":{"type":"MultiPolygon","coordinates":[[[[981187.22649999987334,1599062.291500000283122],[981017.732300000265241,1598824.372600000351667],[980998.124900000169873,1598839.38990000076592],[980987.642599999904633,1598843.01039999909699],[980985.9847999997437,1598840.964700000360608],[980975.511900000274181,1598849.8925],[980974.029799999669194,1598864.30210000090301],[980955.019799999892712,1598878.287100000306964],[981121.861600000411272,1599108.034399999305606],[981187.22649999987334,1599062.291500000283122]]]]}},
{"type":"Feature","properties":{"รหัสกลุ่มคิว":"15/007","รหัสรับเหมา":"722724","ชื่อ-สกุล รับเหมา":"นาง ณีรนุช แถวถิ่น","นักเกษตร":"1501","ศูนย์":"K2-15","โควตา":"722724","ชาวไร่":"นาง ณีรนุช แถวถิ่น","ประเภทอ้อย":"ตอ1","พื้นที่":4.84,"ตันรวม":43.56,"รหัสแปลง":"320606011856","กลุ่ม":"กลุ่ม_15"},"geometry":{"type":"MultiPolygon","coordinates":[[[[980603.840699999593198,1599810.892300000414252],[980519.662100000306964,1599841.386399999260902],[980548.524299999698997,1599871.037399999797344],[980547.390999999828637,1599878.233999999240041],[980533.959300000220537,1599890.234999999403954],[980552.307500000111759,1599920.2544],[980553.253899999894202,1599920.907299999147654],[980648.937800000421703,1599877.447599999606609],[980603.840699999593198,1599810.892300000414252]]]]}},
{"type":"Feature","properties":{"รหัสกลุ่มคิว":"15/007","รหัสรับเหมา":"722724","ชื่อ-สกุล รับเหมา":"นาง ณีรนุช แถวถิ่น","นักเกษตร":"1501","ศูนย์":"K2-15","โควตา":"715584","ชาวไร่":"นาย สมพบ สุขพินิจ","ประเภทอ้อย":"ตอ1","พื้นที่":12.82,"ตันรวม":115.38,"รหัสแปลง":"320606051685","กลุ่ม":"กลุ่ม_15"},"geometry":{"type":"MultiPolygon","coordinates":[[[[974896.58600000012666,1602469.61009999923408],[974855.764700000174344,1602470.953199999406934],[974810.756699999794364,1602983.720100000500679],[974850.464399999938905,1602980.549799999222159],[974896.58600000012666,1602469.61009999923408]]]]}},
{"type":"Feature","properties":{"รหัสกลุ่มคิว":"15/004","รหัสรับเหมา":"738889","ชื่อ-สกุล รับเหมา":"รถตัดโรงงานเบอร์ 22","นักเกษตร":"1507","ศูนย์":"K2-15","โควตา":"710931","ชาวไร่":"นาง ปราณี แสนกล้า","ประเภทอ้อย":"ตอ1","พื้นที่":6.46,"ตันรวม":58.14,"รหัสแปลง":"320509131824","กลุ่ม":"กลุ่ม_15"},"geometry":{"type":"MultiPolygon","coordinates":[[[[969152.32149999961257,1607349.764599999412894],[969019.43680000025779,1607351.3081],[969024.091000000014901,1607391.787499999627471],[969027.940100000239909,1607429.88230000063777],[969167.632100000046194,1607421.381799999624491],[969165.213100000284612,1607402.855100000277162],[969152.32149999961257,1607349.764599999412894]]]]}},
{"type":"Feature","properties":{"รหัสกลุ่มคิว":"15/004","รหัสรับเหมา":"738889","ชื่อ-สกุล รับเหมา":"รถตัดโรงงานเบอร์ 22","นักเกษตร":"1507","ศูนย์":"K2-15","โควตา":"715514","ชาวไร่":"นางสาว เรียม บูรณะ","ประเภทอ้อย":"ตอ1","พื้นที่":8.72,"ตันรวม":78.48,"รหัสแปลง":"320509121717","กลุ่ม":"กลุ่ม_15"},"geometry":{"type":"MultiPolygon","coordinates":[[[[970111.517099999822676,1608294.489900000393391],[969834.772099999710917,1608350.172800000756979],[969852.708100000396371,1608400.582100000232458],[970112.669400000013411,1608344.099899999797344],[970111.517099999822676,1608294.489900000393391]]]]}},
{"type":"Feature","properties":{"รหัสกลุ่มคิว":"15/008","รหัสรับเหมา":null,"ชื่อ-สกุล รับเหมา":null,"นักเกษตร":"1502","ศูนย์":"K2-15","โควตา":"726078","ชาวไร่":"นาง สายบัว ดีพาชู","ประเภทอ้อย":"ปลายฝน","พื้นที่":9.47,"ตันรวม":123.11,"รหัสแปลง":"320506061762","กลุ่ม":"กลุ่ม_15"},"geometry":{"type":"MultiPolygon","coordinates":[[[[980885.622499999590218,1625714.659099999815226],[980936.765999999828637,1625859.336100000888109],[981014.707799999974668,1625832.031899999827147],[980978.216099999845028,1625683.761199999600649],[980973.932099999859929,1625663.707399999722838],[980965.521599999628961,1625652.077500000596046],[980923.0148,1625671.5767],[980935.133100000210106,1625705.097899999469519],[980885.622499999590218,1625714.659099999815226]]]]}},
{"type":"Feature","properties":{"รหัสกลุ่มคิว":"15/001","รหัสรับเหมา":"738889","ชื่อ-สกุล รับเหมา":"รถตัดโรงงานเบอร์ 01","นักเกษตร":"1503","ศูนย์":"K2-15","โควตา":"719174","ชาวไร่":"นาย พีระเดช มังกร","ประเภทอ้อย":"ตอ1","พื้นที่":7.82,"ตันรวม":70.38,"รหัสแปลง":"320515071616","กลุ่ม":"กลุ่ม_15"},"geometry":{"type":"MultiPolygon","coordinates":[[[[972919.376600000075996,1618571.357799999415874],[972926.93059999961406,1618609.180400000885129],[972884.362599999643862,1618628.580399999395013],[972912.128600000403821,1618670.2094],[973059.166699999943376,1618614.128599999472499],[973046.041400000452995,1618541.501000000163913],[972919.376600000075996,1618571.357799999415874]]]]}},
{"type":"Feature","properties":{"รหัสกลุ่มคิว":"15/007","รหัสรับเหมา":"722724","ชื่อ-สกุล รับเหมา":"นาง ณีรนุช แถวถิ่น","นักเกษตร":"1501","ศูนย์":"K2-15","โควตา":"719086","ชาวไร่":"นาง รัศมี บุญอยู่","ประเภทอ้อย":"ตอ1","พื้นที่":20.23,"ตันรวม":182.07,"รหัสแปลง":"320509071681","กลุ่ม":"กลุ่ม_15"},"geometry":{"type":"MultiPolygon","coordinates":[[[[969208.461900000460446,1609508.997199999168515],[969283.227300000376999,1609498.221999999135733],[969206.609699999913573,1609067.864399999380112],[969145.377700000070035,1609086.662599999457598],[969143.295199999585748,1609091.984099999070168],[969135.486800000071526,1609095.347799999639392],[969208.461900000460446,1609508.997199999168515]]]]}},
{"type":"Feature","properties":{"รหัสกลุ่มคิว":"15/001","รหัสรับเหมา":"738889","ชื่อ-สกุล รับเหมา":"รถตัดโรงงานเบอร์ 01","นักเกษตร":"1503","ศูนย์":"K2-15","โควตา":"715740","ชาวไร่":"นาย สุริยา สีน้ำคำ","ประเภทอ้อย":"ตอ1","พื้นที่":6.25,"ตันรวม":56.25,"รหัสแปลง":"320504051780","กลุ่ม":"กลุ่ม_15"},"geometry":{"type":"MultiPolygon","coordinates":[[[[968184.309500000439584,1618468.403899999335408],[968144.920599999837577,1618461.208599999547005],[968120.869699999690056,1618512.097999999299645],[968113.152099999599159,1618641.812100000679493],[968169.036100000143051,1618644.992799999192357],[968184.309500000439584,1618468.403899999335408]]]]}},
{"type":"Feature","properties":{"รหัสกลุ่มคิว":"15/003","รหัสรับเหมา":"738889","ชื่อ-สกุล รับเหมา":"รถตัดโรงงานเบอร์ 18","นักเกษตร":"1202","ศูนย์":"K2-15","โควตา":"719193","ชาวไร่":"นางสาว กัลยา พลหาญ","ประเภทอ้อย":"ปลายฝน","พื้นที่":8.46,"ตันรวม":109.98,"รหัสแปลง":"320509031836","กลุ่ม":"กลุ่ม_15"},"geometry":{"type":"MultiPolygon","coordinates":[[[[970398.25650000013411,1614591.489399999380112],[970401.834800000302494,1614395.593000000342727],[970417.459800000302494,1614266.29700000025332],[970378.125199999660254,1614261.105599999427795],[970360.916699999943376,1614379.093900000676513],[970356.114299999549985,1614573.118000000715256],[970366.155100000090897,1614575.3443],[970366.541799999773502,1614592.729699999094009],[970398.25650000013411,1614591.489399999380112]]]]}},
{"type":"Feature","properties":{"รหัสกลุ่มคิว":"15/008","รหัสรับเหมา":null,"ชื่อ-สกุล รับเหมา":null,"นักเกษตร":"1502","ศูนย์":"K2-15","โควตา":"712004","ชาวไร่":"นาง คำพจน์ จันทร์อ่อน","ประเภทอ้อย":"ตอ2","พื้นที่":4.91,"ตันรวม":39.28,"รหัสแปลง":"320508051726","กลุ่ม":"กลุ่ม_15"},"geometry":{"type":"MultiPolygon","coordinates":[[[[985269.763100000098348,1629962.284199999645352],[985267.472400000318885,1629933.116100000217557],[984980.831699999980628,1629940.816600000485778],[984976.315000000409782,1629979.4408],[985067.185899999924004,1629960.805500000715256],[985269.763100000098348,1629962.284199999645352]]]]}},
{"type":"Feature","properties":{"รหัสกลุ่มคิว":"15/001","รหัสรับเหมา":"738889","ชื่อ-สกุล รับเหมา":"รถตัดโรงงานเบอร์ 01","นักเกษตร":"1503","ศูนย์":"K2-15","โควตา":"715132","ชาวไร่":"นาง คำพวน ศรีสุข","ประเภทอ้อย":"ปลายฝน","พื้นที่":4.46,"ตันรวม":57.98,"รหัสแปลง":"320509101707","กลุ่ม":"กลุ่ม_15"},"geometry":{"type":"MultiPolygon","coordinates":[[[[974826.321899999864399,1609785.067299999296665],[975046.183899999596179,1609782.601700000464916],[975047.769999999552965,1609753.351399999111891],[974821.636400000192225,1609750.239399999380112],[974826.321899999864399,1609785.067299999296665]]]]}},
{"type":"Feature","properties":{"รหัสกลุ่มคิว":"15/007","รหัสรับเหมา":"722724","ชื่อ-สกุล รับเหมา":"นาง ณีรนุช แถวถิ่น","นักเกษตร":"1501","ศูนย์":"K2-15","โควตา":"719086","ชาวไร่":"นาง รัศมี บุญอยู่","ประเภทอ้อย":"ตอ1","พื้นที่":8.03,"ตันรวม":72.27,"รหัสแปลง":"320509081646","กลุ่ม":"กลุ่ม_15"},"geometry":{"type":"MultiPolygon","coordinates":[[[[968140.513399999588728,1612117.640699999406934],[968528.272099999710917,1612133.539899999275804],[968530.046699999831617,1612097.154799999669194],[968285.963700000196695,1612091.944399999454618],[968143.459499999880791,1612085.899700000882149],[968140.513399999588728,1612117.640699999406934]]]]}},
{"type":"Feature","properties":{"รหัสกลุ่มคิว":"15/003","รหัสรับเหมา":"738889","ชื่อ-สกุล รับเหมา":"รถตัดโรงงานเบอร์ 18","นักเกษตร":"1202","ศูนย์":"K2-15","โควตา":"722587","ชาวไร่":"นาง บุญทิน สุขสบาย","ประเภทอ้อย":"ปลายฝน","พื้นที่":4.18,"ตันรวม":54.34,"รหัสแปลง":"320606031871","กลุ่ม":"กลุ่ม_15"},"geometry":{"type":"MultiPolygon","coordinates":[[[[979492.665300000458956,1609784.383600000292063],[979656.536999999545515,1609798.133300000801682],[979646.965699999593198,1609746.288200000301003],[979643.111200000159442,1609745.160199999809265],[979582.737700000405312,1609737.6418999992311],[979579.917399999685585,1609767.387599999085069],[979512.630099999718368,1609756.069299999624491],[979514.024299999698997,1609731.453199999406934],[979492.271599999628961,1609730.792899999767542],[979492.665300000458956,1609784.383600000292063]]]]}},
{"type":"Feature","properties":{"รหัสกลุ่มคิว":"15/003","รหัสรับเหมา":"738889","ชื่อ-สกุล รับเหมา":"รถตัดโรงงานเบอร์ 18","นักเกษตร":"1202","ศูนย์":"K2-15","โควตา":"715286","ชาวไร่":"นาง จำปี พูลพรหม","ประเภทอ้อย":"ปลายฝน","พื้นที่":9.24,"ตันรวม":120.12,"รหัสแปลง":"320509031838","กลุ่ม":"กลุ่ม_15"},"geometry":{"type":"MultiPolygon","coordinates":[[[[968662.818900000303984,1615077.337600000202656],[968740.375199999660254,1615061.597999999299645],[968710.745099999941885,1614893.634400000795722],[968647.175699999555945,1614907.94679999910295],[968648.537399999797344,1614919.620699999853969],[968616.415000000037253,1614924.634700000286102],[968662.818900000303984,1615077.337600000202656]]]]}},
{"type":"Feature","properties":{"รหัสกลุ่มคิว":"15/008","รหัสรับเหมา":null,"ชื่อ-สกุล รับเหมา":null,"นักเกษตร":"1502","ศูนย์":"K2-15","โควตา":"726072","ชาวไร่":"นาย ลิม มีบุตรดี","ประเภทอ้อย":"ตอ1","พื้นที่":5.36,"ตันรวม":48.24,"รหัสแปลง":"320506061764","กลุ่ม":"กลุ่ม_15"},"geometry":{"type":"MultiPolygon","coordinates":[[[[979226.272900000214577,1624263.365399999544024],[979236.360500000417233,1624344.159499999135733],[979233.9079,1624400.378499999642372],[979309.563099999912083,1624395.73960000090301],[979302.377600000239909,1624293.985400000587106],[979226.272900000214577,1624263.365399999544024]]]]}},
{"type":"Feature","properties":{"รหัสกลุ่มคิว":"15/008","รหัสรับเหมา":null,"ชื่อ-สกุล รับเหมา":null,"นักเกษตร":"1502","ศูนย์":"K2-15","โควตา":"726072","ชาวไร่":"นาย ลิม มีบุตรดี","ประเภทอ้อย":"ปลายฝน","พื้นที่":13.63,"ตันรวม":177.19,"รหัสแปลง":"320506061765","กลุ่ม":"กลุ่ม_15"},"geometry":{"type":"MultiPolygon","coordinates":[[[[979222.404699999839067,1624251.853900000452995],[979301.991600000299513,1624274.790200000628829],[979295.958800000138581,1624174.659499999135733],[979285.254599999636412,1624105.937599999830127],[979229.820600000210106,1624104.606699999421835],[979199.277400000020862,1623887.992000000551343],[979162.894299999810755,1623884.374600000679493],[979175.500900000333786,1623954.759999999776483],[979182.31940000038594,1624001.074899999424815],[979185.50719999987632,1624100.584699999541044],[979191.449000000022352,1624124.465299999341369],[979217.581500000320375,1624218.661000000312924],[979222.404699999839067,1624251.853900000452995]]]]}},
{"type":"Feature","properties":{"รหัสกลุ่มคิว":"15/003","รหัสรับเหมา":"738889","ชื่อ-สกุล รับเหมา":"รถตัดโรงงานเบอร์ 18","นักเกษตร":"1202","ศูนย์":"K2-15","โควตา":"710014","ชาวไร่":"นาย เหียน ได้ดี","ประเภทอ้อย":"ปลายฝน","พื้นที่":10.17,"ตันรวม":132.21,"รหัสแปลง":"320509031844","กลุ่ม":"กลุ่ม_15"},"geometry":{"type":"MultiPolygon","coordinates":[[[[967733.850700000301003,1613264.011600000783801],[967719.143699999898672,1613459.319900000467896],[967803.450400000438094,1613466.8429000005126],[967814.074400000274181,1613268.498800000175834],[967733.850700000301003,1613264.011600000783801]]]]}},
{"type":"Feature","properties":{"รหัสกลุ่มคิว":"15/004","รหัสรับเหมา":"738889","ชื่อ-สกุล รับเหมา":"รถตัดโรงงานเบอร์ 22","นักเกษตร":"1507","ศูนย์":"K2-15","โควตา":"710642","ชาวไร่":"นาย รุ่งสิทธิ์ บัววัน","ประเภทอ้อย":"ปลายฝน","พื้นที่":4.72,"ตันรวม":61.36,"รหัสแปลง":"320509131830","กลุ่ม":"กลุ่ม_15"},"geometry":{"type":"MultiPolygon","coordinates":[[[[970192.853500000201166,1607181.627499999478459],[970151.862399999983609,1607169.251499999314547],[970126.122600000351667,1607260.869200000539422],[970104.894399999640882,1607341.785399999469519],[970144.661100000143051,1607352.411299999803305],[970192.853500000201166,1607181.627499999478459]]]]}},
{"type":"Feature","properties":{"รหัสกลุ่มคิว":"15/003","รหัสรับเหมา":"738889","ชื่อ-สกุล รับเหมา":"รถตัดโรงงานเบอร์ 18","นักเกษตร":"1202","ศูนย์":"K2-15","โควตา":"719359","ชาวไร่":"นางสาว อวย ขะชี้ฟ้า","ประเภทอ้อย":"ปลายฝน","พื้นที่":6.59,"ตันรวม":85.67,"รหัสแปลง":"320606091656","กลุ่ม":"กลุ่ม_15"},"geometry":{"type":"MultiPolygon","coordinates":[[[[974557.646599999628961,1604298.34569999948144],[974198.944500000216067,1604188.750399999320507],[974188.115199999883771,1604214.125600000843406],[974205.113800000399351,1604220.054099999368191],[974408.20990000013262,1604283.491699999198318],[974409.408999999985099,1604281.22069999948144],[974548.628800000064075,1604323.93099999986589],[974557.646599999628961,1604298.34569999948144]]]]}},
{"type":"Feature","properties":{"รหัสกลุ่มคิว":"15/003","รหัสรับเหมา":"738889","ชื่อ-สกุล รับเหมา":"รถตัดโรงงานเบอร์ 18","นักเกษตร":"1202","ศูนย์":"K2-15","โควตา":"710095","ชาวไร่":"นาง อี สาคะเรศ","ประเภทอ้อย":"ปลายฝน","พื้นที่":2.05,"ตันรวม":26.65,"รหัสแปลง":"320509031847","กลุ่ม":"กลุ่ม_15"},"geometry":{"type":"MultiPolygon","coordinates":[[[[969570.35329999960959,1614449.5373],[969541.271499999798834,1614454.341600000858307],[969546.100599999539554,1614503.055099999532104],[969551.775500000454485,1614573.414599999785423],[969576.801699999719858,1614573.52419999986887],[969570.35329999960959,1614449.5373]]]]}},
{"type":"Feature","properties":{"รหัสกลุ่มคิว":"15/003","รหัสรับเหมา":"738889","ชื่อ-สกุล รับเหมา":"รถตัดโรงงานเบอร์ 18","นักเกษตร":"1202","ศูนย์":"K2-15","โควตา":"710279","ชาวไร่":"นาย พงษ์ไทย เย็นเสมอ","ประเภทอ้อย":"ตอ2","พื้นที่":4.26,"ตันรวม":34.08,"รหัสแปลง":"320509131833","กลุ่ม":"กลุ่ม_15"},"geometry":{"type":"MultiPolygon","coordinates":[[[[968903.814000000245869,1613232.591299999505281],[968861.728699999861419,1613260.412599999457598],[968858.666500000283122,1613267.387599999085069],[968855.735000000335276,1613277.698300000280142],[968860.875,1613336.135600000619888],[968861.760900000110269,1613338.115900000557303],[968869.80460000038147,1613351.566800000146031],[968875.349299999885261,1613371.466700000688434],[968896.983900000341237,1613377.712400000542402],[968901.689899999648333,1613402.6554000005126],[968919.747600000351667,1613400.685499999672174],[968903.814000000245869,1613232.591299999505281]]]]}},
{"type":"Feature","properties":{"รหัสกลุ่มคิว":"15/004","รหัสรับเหมา":"738889","ชื่อ-สกุล รับเหมา":"รถตัดโรงงานเบอร์ 22","นักเกษตร":"1507","ศูนย์":"K2-15","โควตา":"715936","ชาวไร่":"นางสาว วันเพ็ญ กระแสเทพ","ประเภทอ้อย":"ตอ1","พื้นที่":7.93,"ตันรวม":71.37,"รหัสแปลง":"320509151696","กลุ่ม":"กลุ่ม_15"},"geometry":{"type":"MultiPolygon","coordinates":[[[[971130.850300000049174,1611453.26799999922514],[971135.318300000391901,1611417.488099999725819],[971061.229100000113249,1611393.143100000917912],[971014.911999999545515,1611376.1711],[970974.521300000138581,1611360.052300000563264],[970918.526200000196695,1611331.247999999672174],[970807.819299999624491,1611291.227399999275804],[970794.149500000290573,1611327.939999999478459],[970852.08669999986887,1611349.386299999430776],[971130.850300000049174,1611453.26799999922514]]]]}},
{"type":"Feature","properties":{"รหัสกลุ่มคิว":"15/003","รหัสรับเหมา":"738889","ชื่อ-สกุล รับเหมา":"รถตัดโรงงานเบอร์ 18","นักเกษตร":"1202","ศูนย์":"K2-15","โควตา":"723414","ชาวไร่":"นาย สัมพันธ์ ลอยเลื่อน","ประเภทอ้อย":"ตอ1","พื้นที่":4.04,"ตันรวม":36.36,"รหัสแปลง":"320606091659","กลุ่ม":"กลุ่ม_15"},"geometry":{"type":"MultiPolygon","coordinates":[[[[975147.495299999602139,1605240.247600000351667],[975187.217299999669194,1605251.477800000458956],[975229.53110000025481,1605097.4857],[975191.548499999567866,1605086.222400000318885],[975147.495299999602139,1605240.247600000351667]]]]}},
{"type":"Feature","properties":{"รหัสกลุ่มคิว":"15/008","รหัสรับเหมา":null,"ชื่อ-สกุล รับเหมา":null,"นักเกษตร":"1502","ศูนย์":"K2-15","โควตา":"712004","ชาวไร่":"นาง คำพจน์ จันทร์อ่อน","ประเภทอ้อย":"ตอ1","พื้นที่":9.84,"ตันรวม":88.56,"รหัสแปลง":"320508071679","กลุ่ม":"กลุ่ม_15"},"geometry":{"type":"MultiPolygon","coordinates":[[[[989156.419499999843538,1627540.781500000506639],[989173.167000000365078,1627589.218000000342727],[989238.454699999652803,1627574.548900000751019],[989246.826500000432134,1627612.7127],[989387.568799999542534,1627566.470899999141693],[989372.825799999758601,1627525.8355],[989330.150999999605119,1627532.475999999791384],[989324.979799999855459,1627516.736600000411272],[989359.333899999968708,1627508.368699999526143],[989363.100300000049174,1627526.331499999389052],[989371.989299999549985,1627525.224899999797344],[989362.711400000378489,1627485.447499999776483],[989156.419499999843538,1627540.781500000506639]]]]}},
{"type":"Feature","properties":{"รหัสกลุ่มคิว":"15/004","รหัสรับเหมา":"738889","ชื่อ-สกุล รับเหมา":"รถตัดโรงงานเบอร์ 22","นักเกษตร":"1507","ศูนย์":"K2-15","โควตา":"715083","ชาวไร่":"นาง ปนัดดา เกิดเหลี่ยม","ประเภทอ้อย":"ปลายฝน","พื้นที่":10.04,"ตันรวม":130.52,"รหัสแปลง":"320606121682","กลุ่ม":"กลุ่ม_15"},"geometry":{"type":"MultiPolygon","coordinates":[[[[975185.533499999903142,1604811.408299999311566],[975223.774699999950826,1604821.390699999406934],[975326.805900000035763,1604416.025100000202656],[975285.966799999587238,1604419.897600000724196],[975185.533499999903142,1604811.408299999311566]]]]}},
{"type":"Feature","properties":{"รหัสกลุ่มคิว":"15/007","รหัสรับเหมา":"722724","ชื่อ-สกุล รับเหมา":"นาง ณีรนุช แถวถิ่น","นักเกษตร":"1501","ศูนย์":"K2-15","โควตา":"711000","ชาวไร่":"นาง ประสงค์ ธูปน้ำคำ","ประเภทอ้อย":"ปลายฝน","พื้นที่":5.94,"ตันรวม":77.22,"รหัสแปลง":"320509131836","กลุ่ม":"กลุ่ม_15"},"geometry":{"type":"MultiPolygon","coordinates":[[[[972194.4852,1607971.029200000688434],[972187.368400000035763,1608013.414100000634789],[972252.731399999931455,1608033.155300000682473],[972263.067800000309944,1608038.899800000712276],[972280.577100000344217,1608055.689600000157952],[972359.493200000375509,1608073.102800000458956],[972375.659599999897182,1608019.059399999678135],[972194.4852,1607971.029200000688434]]]]}},
{"type":"Feature","properties":{"รหัสกลุ่มคิว":"15/003","รหัสรับเหมา":"738889","ชื่อ-สกุล รับเหมา":"รถตัดโรงงานเบอร์ 18","นักเกษตร":"1202","ศูนย์":"K2-15","โควตา":"710964","ชาวไร่":"นาย วัฒนา สามลา","ประเภทอ้อย":"ตอ1","พื้นที่":10.61,"ตันรวม":95.49,"รหัสแปลง":"320504041722","กลุ่ม":"กลุ่ม_15"},"geometry":{"type":"MultiPolygon","coordinates":[[[[965502.24100000038743,1619273.952600000426173],[965469.016900000162423,1619269.807499999180436],[965469.740699999965727,1619279.064400000497699],[965454.427199999801815,1619279.697100000455976],[965449.938500000163913,1619269.629000000655651],[965430.330900000408292,1619268.885900000110269],[965480.369599999859929,1619524.394300000742078],[965545.849200000055134,1619507.894799999892712],[965502.24100000038743,1619273.952600000426173]]]]}},
{"type":"Feature","properties":{"รหัสกลุ่มคิว":"15/001","รหัสรับเหมา":"738889","ชื่อ-สกุล รับเหมา":"รถตัดโรงงานเบอร์ 01","นักเกษตร":"1503","ศูนย์":"K2-15","โควตา":"710837","ชาวไร่":"นาง สมอน สืบเทพ","ประเภทอ้อย":"ปลายฝน","พื้นที่":19.33,"ตันรวม":251.29,"รหัสแปลง":"320509021671","กลุ่ม":"กลุ่ม_15"},"geometry":{"type":"MultiPolygon","coordinates":[[[[973326.621399999596179,1609978.544800000265241],[973250.863300000317395,1610377.533399999141693],[973273.613599999807775,1610383.887499999254942],[973299.649299999698997,1610397.330199999734759],[973332.73340000025928,1610372.084100000560284],[973354.771499999798834,1610349.953199999406934],[973361.893799999728799,1610335.484999999403954],[973348.649600000120699,1610331.162599999457598],[973352.566999999806285,1610314.783800000324845],[973371.978600000031292,1610316.82149999961257],[973364.948800000362098,1610279.710400000214577],[973368.566499999724329,1610260.182900000363588],[973372.460400000214577,1610235.668999999761581],[973351.330299999564886,1610229.346100000664592],[973364.898299999535084,1610170.076400000602007],[973378.771599999628961,1610169.788799999281764],[973387.201899999752641,1610143.513499999418855],[973392.632100000046194,1610114.037399999797344],[973383.527900000102818,1610091.121999999508262],[973371.138199999928474,1610061.118100000545382],[973355.325600000098348,1610021.804300000891089],[973326.621399999596179,1609978.544800000265241]]]]}},
{"type":"Feature","properties":{"รหัสกลุ่มคิว":"15/007","รหัสรับเหมา":"722724","ชื่อ-สกุล รับเหมา":"นาง ณีรนุช แถวถิ่น","นักเกษตร":"1501","ศูนย์":"K2-15","โควตา":"723005","ชาวไร่":"นาง พัตร รักษา","ประเภทอ้อย":"ปลายฝน","พื้นที่":7.11,"ตันรวม":92.43,"รหัสแปลง":"320606011870","กลุ่ม":"กลุ่ม_15"},"geometry":{"type":"MultiPolygon","coordinates":[[[[980682.702800000086427,1598237.701199999079108],[980631.292799999937415,1598160.191500000655651],[980617.387400000356138,1598156.775699999183416],[980608.373700000345707,1598158.197300000116229],[980603.366799999959767,1598160.63399999961257],[980592.856200000271201,1598169.33049999922514],[980595.057500000111759,1598172.2331000007689],[980587.262299999594688,1598181.128799999132752],[980580.559999999590218,1598186.5811],[980586.589300000108778,1598189.5713],[980578.07079999987036,1598198.574999999254942],[980581.404799999669194,1598204.291799999773502],[980579.019799999892712,1598206.623999999836087],[980567.372899999842048,1598225.2972],[980560.295099999755621,1598230.484899999573827],[980560.301799999549985,1598235.323999999091029],[980553.358,1598248.100099999457598],[980549.127000000327826,1598255.69370000064373],[980544.413099999539554,1598259.580399999395013],[980533.181099999696016,1598265.281099999323487],[980529.706600000150502,1598267.925000000745058],[980534.520100000314415,1598279.19510000012815],[980556.296400000341237,1598309.172900000587106],[980682.702800000086427,1598237.701199999079108]]]]}},
{"type":"Feature","properties":{"รหัสกลุ่มคิว":"15/007","รหัสรับเหมา":"722724","ชื่อ-สกุล รับเหมา":"นาง ณีรนุช แถวถิ่น","นักเกษตร":"1501","ศูนย์":"K2-15","โควตา":"715642","ชาวไร่":"นางสาว โสภา แท่นแก้ว","ประเภทอ้อย":"ปลายฝน","พื้นที่":20.29,"ตันรวม":263.77,"รหัสแปลง":"320509031852","กลุ่ม":"กลุ่ม_15"},"geometry":{"type":"MultiPolygon","coordinates":[[[[969462.482599999755621,1613592.661399999633431],[969447.949599999934435,1613607.878200000151992],[969429.90500000026077,1613631.10869999974966],[969395.085699999704957,1613656.455800000578165],[969373.707399999722838,1613671.1667],[969356.314399999566376,1613679.419800000265241],[969367.424100000411272,1613705.224300000816584],[969380.35149999987334,1613718.6414],[969392.798999999649823,1613730.369999999180436],[969404.714499999769032,1613742.066299999132752],[969413.280199999921024,1613757.071599999442697],[969423.733599999919534,1613784.47859999909997],[969432.115500000305474,1613817.493100000545382],[969444.280899999663234,1613847.967700000852346],[969492.040599999949336,1613837.416899999603629],[969521.121199999935925,1613894.045800000429153],[969601.860799999907613,1613869.903000000864267],[969462.482599999755621,1613592.661399999633431]]]]}},
{"type":"Feature","properties":{"รหัสกลุ่มคิว":"15/007","รหัสรับเหมา":"722724","ชื่อ-สกุล รับเหมา":"นาง ณีรนุช แถวถิ่น","นักเกษตร":"1501","ศูนย์":"K2-15","โควตา":"715642","ชาวไร่":"นางสาว โสภา แท่นแก้ว","ประเภทอ้อย":"ปลายฝน","พื้นที่":8.55,"ตันรวม":111.15,"รหัสแปลง":"320509161743","กลุ่ม":"กลุ่ม_15"},"geometry":{"type":"MultiPolygon","coordinates":[[[[968602.407599999569356,1613155.2423],[968580.909900000318885,1613345.761900000274181],[968653.364400000311434,1613350.3114],[968673.392199999652803,1613162.6985],[968602.407599999569356,1613155.2423]]]]}},
{"type":"Feature","properties":{"รหัสกลุ่มคิว":"15/007","รหัสรับเหมา":"722724","ชื่อ-สกุล รับเหมา":"นาง ณีรนุช แถวถิ่น","นักเกษตร":"1501","ศูนย์":"K2-15","โควตา":"715642","ชาวไร่":"นางสาว โสภา แท่นแก้ว","ประเภทอ้อย":"ปลายฝน","พื้นที่":5.13,"ตันรวม":66.69,"รหัสแปลง":"320509031854","กลุ่ม":"กลุ่ม_15"},"geometry":{"type":"MultiPolygon","coordinates":[[[[969433.98369999974966,1614582.293400000780821],[969317.571899999864399,1614610.962099999189377],[969324.803199999965727,1614680.412499999627471],[969444.24280000012368,1614647.352800000458956],[969433.98369999974966,1614582.293400000780821]]]]}},
{"type":"Feature","properties":{"รหัสกลุ่มคิว":"15/001","รหัสรับเหมา":"738889","ชื่อ-สกุล รับเหมา":"รถตัดโรงงานเบอร์ 01","นักเกษตร":"1503","ศูนย์":"K2-15","โควตา":"710721","ชาวไร่":"นาย สุรพล สืบเทพ","ประเภทอ้อย":"ตอ2","พื้นที่":12.19,"ตันรวม":97.52,"รหัสแปลง":"320509091728","กลุ่ม":"กลุ่ม_15"},"geometry":{"type":"MultiPolygon","coordinates":[[[[969907.57799999974668,1603523.445599999278784],[969910.705900000408292,1603525.8301],[969905.384499999694526,1603538.635700000450015],[969946.662399999797344,1603552.6418999992311],[969985.663900000043213,1603422.8048],[969992.159300000406802,1603393.977900000289083],[970035.540699999779463,1603260.504799999296665],[969963.091199999675155,1603231.223799999803305],[969909.033300000242889,1603417.030600000172853],[969940.450400000438094,1603425.154500000178814],[969907.57799999974668,1603523.445599999278784]]]]}},
{"type":"Feature","properties":{"รหัสกลุ่มคิว":"15/007","รหัสรับเหมา":"722724","ชื่อ-สกุล รับเหมา":"นาง ณีรนุช แถวถิ่น","นักเกษตร":"1501","ศูนย์":"K2-15","โควตา":"715961","ชาวไร่":"นาง คณิตตา เรืองกระจาย","ประเภทอ้อย":"ตอ1","พื้นที่":14.6,"ตันรวม":131.4,"รหัสแปลง":"320606121683","กลุ่ม":"กลุ่ม_15"},"geometry":{"type":"MultiPolygon","coordinates":[[[[975368.463700000196695,1603420.220599999651313],[975292.730299999937415,1603689.04700000025332],[975302.931099999696016,1603692.57120000012219],[975307.229600000195205,1603684.519099999219179],[975348.548499999567866,1603699.920199999585748],[975345.824500000104308,1603710.405999999493361],[975368.041299999691546,1603716.75],[975434.560499999672174,1603499.314999999478459],[975447.750900000333786,1603431.177300000563264],[975368.463700000196695,1603420.220599999651313]]]]}},
{"type":"Feature","properties":{"รหัสกลุ่มคิว":"15/007","รหัสรับเหมา":"722724","ชื่อ-สกุล รับเหมา":"นาง ณีรนุช แถวถิ่น","นักเกษตร":"1501","ศูนย์":"K2-15","โควตา":"719144","ชาวไร่":"นาย ชัยชนะ สุขพินิจ","ประเภทอ้อย":"ปลายฝน","พื้นที่":13.97,"ตันรวม":181.61,"รหัสแปลง":"320606131657","กลุ่ม":"กลุ่ม_15"},"geometry":{"type":"MultiPolygon","coordinates":[[[[980223.177000000141561,1599031.834000000730157],[980286.794900000095367,1598990.258600000292063],[980119.695700000040233,1598752.354100000113249],[980054.673700000159442,1598795.247400000691414],[980223.177000000141561,1599031.834000000730157]]]]}},
{"type":"Feature","properties":{"รหัสกลุ่มคิว":"15/008","รหัสรับเหมา":null,"ชื่อ-สกุล รับเหมา":null,"นักเกษตร":"1502","ศูนย์":"K2-15","โควตา":"719271","ชาวไร่":"นาย บุญสงค์ นากอก","ประเภทอ้อย":"ตอ1","พื้นที่":13.3,"ตันรวม":119.7,"รหัสแปลง":"320507101656","กลุ่ม":"กลุ่ม_15"},"geometry":{"type":"MultiPolygon","coordinates":[[[[976068.324300000444055,1615049.555099999532104],[976036.155100000090897,1614970.911100000143051],[976019.667799999937415,1614942.580700000748038],[975995.972400000318885,1614917.114399999380112],[975950.874900000169873,1614944.272199999541044],[975919.245000000111759,1614956.3553],[975900.782800000160933,1614980.5449],[975893.729399999603629,1614995.755300000309944],[975856.746500000357628,1615030.411000000312924],[975882.677600000053644,1615084.852600000798702],[975962.527599999681115,1615071.957499999552965],[976005.923899999819696,1615066.021199999377131],[976068.324300000444055,1615049.555099999532104]]]]}},
{"type":"Feature","properties":{"รหัสกลุ่มคิว":"15/008","รหัสรับเหมา":null,"ชื่อ-สกุล รับเหมา":null,"นักเกษตร":"1502","ศูนย์":"K2-15","โควตา":"719271","ชาวไร่":"นาย บุญสงค์ นากอก","ประเภทอ้อย":"ตอ1","พื้นที่":6.9,"ตันรวม":62.1,"รหัสแปลง":"320515061633","กลุ่ม":"กลุ่ม_15"},"geometry":{"type":"MultiPolygon","coordinates":[[[[975382.97620000038296,1619131.33669999986887],[975408.632799999788404,1619247.019099999219179],[975418.347900000400841,1619256.6371],[975430.169300000183284,1619287.558000000193715],[975460.10219999961555,1619285.182],[975489.25829999987036,1619313.48200000077486],[975450.570000000298023,1619118.045299999415874],[975382.97620000038296,1619131.33669999986887]]]]}},
{"type":"Feature","properties":{"รหัสกลุ่มคิว":"15/007","รหัสรับเหมา":"722724","ชื่อ-สกุล รับเหมา":"นาง ณีรนุช แถวถิ่น","นักเกษตร":"1501","ศูนย์":"K2-15","โควตา":"722744","ชาวไร่":"นาย สัมพันธ์ สุขพินิจ","ประเภทอ้อย":"ปลายฝน","พื้นที่":2.74,"ตันรวม":35.62,"รหัสแปลง":"320606011877","กลุ่ม":"กลุ่ม_15"},"geometry":{"type":"MultiPolygon","coordinates":[[[[978218.61670000012964,1603057.217700000852346],[978220.024699999950826,1603121.349899999797344],[978282.354500000365078,1603124.686599999666214],[978290.697200000286102,1603058.37470000050962],[978218.61670000012964,1603057.217700000852346]]]]}},
{"type":"Feature","properties":{"รหัสกลุ่มคิว":"15/004","รหัสรับเหมา":"738889","ชื่อ-สกุล รับเหมา":"รถตัดโรงงานเบอร์ 22","นักเกษตร":"1507","ศูนย์":"K2-15","โควตา":"722803","ชาวไร่":"นาย จิมจุ่ย ศรีสุข","ประเภทอ้อย":"ปลายฝน","พื้นที่":8.93,"ตันรวม":116.09,"รหัสแปลง":"320606051700","กลุ่ม":"กลุ่ม_15"},"geometry":{"type":"MultiPolygon","coordinates":[[[[975474.947700000368059,1601950.479599999263883],[975450.044999999925494,1601707.978700000792742],[975400.853500000201166,1601722.224500000476837],[975406.378100000321865,1601959.135600000619888],[975474.947700000368059,1601950.479599999263883]]]]}},
{"type":"Feature","properties":{"รหัสกลุ่มคิว":"15/008","รหัสรับเหมา":null,"ชื่อ-สกุล รับเหมา":null,"นักเกษตร":"1502","ศูนย์":"K2-15","โควตา":"719280","ชาวไร่":"นาง ภัศรา เชื้อสายดวง","ประเภทอ้อย":"ตอ2","พื้นที่":3.12,"ตันรวม":24.96,"รหัสแปลง":"320501121691","กลุ่ม":"กลุ่ม_15"},"geometry":{"type":"MultiPolygon","coordinates":[[[[977933.041600000113249,1624312.883400000631809],[977896.458200000226498,1624318.875199999660254],[977898.370000000111759,1624339.903799999505281],[977898.667700000107288,1624352.86570000089705],[977892.934000000357628,1624393.486400000751019],[977926.901200000196695,1624389.4901],[977943.487200000323355,1624547.0793999992311],[977955.163399999961257,1624544.058000000193715],[977933.041600000113249,1624312.883400000631809]]]]}},
{"type":"Feature","properties":{"รหัสกลุ่มคิว":"15/004","รหัสรับเหมา":"738889","ชื่อ-สกุล รับเหมา":"รถตัดโรงงานเบอร์ 22","นักเกษตร":"1507","ศูนย์":"K2-15","โควตา":"710866","ชาวไร่":"นาง สุเทพ ยืนยง","ประเภทอ้อย":"ปลายฝน","พื้นที่":5.03,"ตันรวม":65.39,"รหัสแปลง":"320509131843","กลุ่ม":"กลุ่ม_15"},"geometry":{"type":"MultiPolygon","coordinates":[[[[970280.562800000421703,1608171.8125],[970323.39670000039041,1608168.07179999910295],[970297.537899999879301,1607981.480499999597669],[970254.476400000043213,1607993.392000000923872],[970280.562800000421703,1608171.8125]]]]}},
{"type":"Feature","properties":{"รหัสกลุ่มคิว":"15/007","รหัสรับเหมา":"722724","ชื่อ-สกุล รับเหมา":"นาง ณีรนุช แถวถิ่น","นักเกษตร":"1501","ศูนย์":"K2-15","โควตา":"722724","ชาวไร่":"นาง ณีรนุช แถวถิ่น","ประเภทอ้อย":"ตอ1","พื้นที่":7.39,"ตันรวม":66.51,"รหัสแปลง":"320606131658","กลุ่ม":"กลุ่ม_15"},"geometry":{"type":"MultiPolygon","coordinates":[[[[977878.221199999563396,1603120.707800000905991],[977919.451299999840558,1602952.275299999862909],[977922.627500000409782,1602826.921700000762939],[977908.588399999774992,1602826.094399999827147],[977885.244699999690056,1602828.540400000289083],[977885.749499999918044,1602935.22749999910593],[977884.849700000137091,1602939.213700000196695],[977879.475599999539554,1602960.31110000051558],[977854.924100000411272,1603037.212899999693036],[977836.365199999883771,1603107.323799999430776],[977829.659699999727309,1603127.617900000885129],[977878.221199999563396,1603120.707800000905991]]]]}},
{"type":"Feature","properties":{"รหัสกลุ่มคิว":"15/008","รหัสรับเหมา":null,"ชื่อ-สกุล รับเหมา":null,"นักเกษตร":"1502","ศูนย์":"K2-15","โควตา":"713363","ชาวไร่":"นาง สะอาด สืบสันต์","ประเภทอ้อย":"ปลายฝน","พื้นที่":2.13,"ตันรวม":27.69,"รหัสแปลง":"320516011662","กลุ่ม":"กลุ่ม_15"},"geometry":{"type":"MultiPolygon","coordinates":[[[[990282.612900000065565,1620264.143300000578165],[990177.056200000457466,1620283.707499999552965],[990176.596800000406802,1620292.817399999126792],[990167.334699999541044,1620293.347200000658631],[990170.4375,1620307.997500000521541],[990283.753999999724329,1620302.091900000348687],[990282.612900000065565,1620264.143300000578165]]]]}},
{"type":"Feature","properties":{"รหัสกลุ่มคิว":"15/008","รหัสรับเหมา":null,"ชื่อ-สกุล รับเหมา":null,"นักเกษตร":"1502","ศูนย์":"K2-15","โควตา":"726101","ชาวไร่":"นาย สำเนียง คิดดีจริง","ประเภทอ้อย":"ปลายฝน","พื้นที่":6.99,"ตันรวม":90.87,"รหัสแปลง":"320506061774","กลุ่ม":"กลุ่ม_15"},"geometry":{"type":"MultiPolygon","coordinates":[[[[979307.437300000339746,1623608.223400000482798],[979309.850300000049174,1623664.196399999782443],[979413.095499999821186,1623684.449300000444055],[979415.148199999704957,1623669.870400000363588],[979391.873700000345707,1623669.7820999994874],[979391.750099999830127,1623655.1426],[979416.581500000320375,1623655.48450000025332],[979414.656600000336766,1623684.9825],[979509.808199999853969,1623702.400900000706315],[979516.840699999593198,1623641.565899999812245],[979446.665199999697506,1623635.6305],[979307.437300000339746,1623608.223400000482798]]]]}},
{"type":"Feature","properties":{"รหัสกลุ่มคิว":"15/007","รหัสรับเหมา":"722724","ชื่อ-สกุล รับเหมา":"นาง ณีรนุช แถวถิ่น","นักเกษตร":"1501","ศูนย์":"K2-15","โควตา":"723006","ชาวไร่":"นาง วันนา สุขพินิจ","ประเภทอ้อย":"ตอ2","พื้นที่":9.97,"ตันรวม":79.76,"รหัสแปลง":"320606011880","กลุ่ม":"กลุ่ม_15"},"geometry":{"type":"MultiPolygon","coordinates":[[[[981212.767400000244379,1599871.619000000879169],[981239.426099999807775,1599935.5],[981383.303399999625981,1599841.813200000673532],[981397.416799999773502,1599793.565899999812245],[981367.241799999959767,1599758.951400000602007],[981328.545800000429153,1599776.5614],[981323.611999999731779,1599771.803899999707937],[981251.755699999630451,1599817.041500000283122],[981256.543899999931455,1599839.80350000038743],[981212.767400000244379,1599871.619000000879169]]]]}},
{"type":"Feature","properties":{"รหัสกลุ่มคิว":"15/004","รหัสรับเหมา":"738889","ชื่อ-สกุล รับเหมา":"รถตัดโรงงานเบอร์ 22","นักเกษตร":"1507","ศูนย์":"K2-15","โควตา":"715841","ชาวไร่":"นางสาว แต๋น พลอยหมื่นไวย","ประเภทอ้อย":"ตอ1","พื้นที่":6.72,"ตันรวม":60.48,"รหัสแปลง":"320509091729","กลุ่ม":"กลุ่ม_15"},"geometry":{"type":"MultiPolygon","coordinates":[[[[973098.023699999786913,1606409.888499999418855],[973092.433799999766052,1606419.579700000584126],[973080.094700000248849,1606414.905799999833107],[973068.780199999921024,1606441.311000000685453],[973331.50719999987632,1606520.49100000038743],[973344.1579,1606480.800300000235438],[973098.023699999786913,1606409.888499999418855]]]]}},
{"type":"Feature","properties":{"รหัสกลุ่มคิว":"15/008","รหัสรับเหมา":null,"ชื่อ-สกุล รับเหมา":null,"นักเกษตร":"1502","ศูนย์":"K2-15","โควตา":"719271","ชาวไร่":"นาย บุญสงค์ นากอก","ประเภทอ้อย":"ตอ2","พื้นที่":2.2,"ตันรวม":17.6,"รหัสแปลง":"320515061634","กลุ่ม":"กลุ่ม_15"},"geometry":{"type":"MultiPolygon","coordinates":[[[[975438.96059999987483,1619076.2204],[975431.643899999558926,1618989.551799999549985],[975399.600999999791384,1618980.054300000891089],[975394.11849999986589,1619076.82740000076592],[975438.96059999987483,1619076.2204]]]]}},
{"type":"Feature","properties":{"รหัสกลุ่มคิว":"15/008","รหัสรับเหมา":null,"ชื่อ-สกุล รับเหมา":null,"นักเกษตร":"1502","ศูนย์":"K2-15","โควตา":"712368","ชาวไร่":"นาง กมลวัทน์ คลายทุกข์","ประเภทอ้อย":"ตอ1","พื้นที่":5.95,"ตันรวม":53.55,"รหัสแปลง":"320501121692","กลุ่ม":"กลุ่ม_15"},"geometry":{"type":"MultiPolygon","coordinates":[[[[977974.776300000026822,1624281.484200000762939],[977987.417799999937415,1624280.412100000306964],[978010.749400000087917,1624247.756699999794364],[978044.506400000303984,1624210.553400000557303],[978058.187699999660254,1624189.847300000488758],[978088.478000000119209,1624145.039000000804663],[978023.541100000031292,1624118.892300000414252],[977994.52280000038445,1624115.655099999159575],[977975.264600000344217,1624262.42960000038147],[977974.776300000026822,1624281.484200000762939]]]]}},
{"type":"Feature","properties":{"รหัสกลุ่มคิว":"15/004","รหัสรับเหมา":"738889","ชื่อ-สกุล รับเหมา":"รถตัดโรงงานเบอร์ 22","นักเกษตร":"1507","ศูนย์":"K2-15","โควตา":"711090","ชาวไร่":"นางสาว ดวง สีน้ำคำ","ประเภทอ้อย":"ตอ1","พื้นที่":4.82,"ตันรวม":43.38,"รหัสแปลง":"320509131848","กลุ่ม":"กลุ่ม_15"},"geometry":{"type":"MultiPolygon","coordinates":[[[[969671.236700000241399,1608454.544399999082088],[969390.254599999636412,1608572.721300000324845],[969396.877000000327826,1608596.954199999570847],[969686.145200000144541,1608475.379300000146031],[969675.206199999898672,1608460.473400000482798],[969671.236700000241399,1608454.544399999082088]]]]}},
{"type":"Feature","properties":{"รหัสกลุ่มคิว":"15/004","รหัสรับเหมา":"738889","ชื่อ-สกุล รับเหมา":"รถตัดโรงงานเบอร์ 22","นักเกษตร":"1507","ศูนย์":"K2-15","โควตา":"710492","ชาวไร่":"นาย ชูเกียรติ แสงลํ้า","ประเภทอ้อย":"ตอ3","พื้นที่":5.82,"ตันรวม":40.74,"รหัสแปลง":"320509015564","กลุ่ม":"กลุ่ม_15"},"geometry":{"type":"MultiPolygon","coordinates":[[[[974206.510700000450015,1607705.574500000104308],[974254.638899999670684,1607882.957000000402331],[974303.417100000195205,1607831.507200000807643],[974239.409199999645352,1607674.084300000220537],[974212.887699999846518,1607684.7741],[974216.649299999698997,1607700.84569999948144],[974206.510700000450015,1607705.574500000104308]]]]}},
{"type":"Feature","properties":{"รหัสกลุ่มคิว":"15/003","รหัสรับเหมา":"738889","ชื่อ-สกุล รับเหมา":"รถตัดโรงงานเบอร์ 18","นักเกษตร":"1202","ศูนย์":"K2-15","โควตา":"715284","ชาวไร่":"นาย ธนกฤต ใจเพียร","ประเภทอ้อย":"ตอ1","พื้นที่":8.68,"ตันรวม":78.12,"รหัสแปลง":"320509031867","กลุ่ม":"กลุ่ม_15"},"geometry":{"type":"MultiPolygon","coordinates":[[[[968720.731800000183284,1614379.2994],[968653.713600000366569,1614145.638499999418855],[968632.089499999769032,1614146.519400000572205],[968578.186099999584258,1614149.926200000569224],[968570.852099999785423,1614156.81110000051558],[968606.14850000012666,1614194.274299999698997],[968639.263399999588728,1614242.2335],[968641.860100000165403,1614313.642400000244379],[968673.206000000238419,1614397.6173],[968720.731800000183284,1614379.2994]]]]}},
{"type":"Feature","properties":{"รหัสกลุ่มคิว":"15/001","รหัสรับเหมา":"738889","ชื่อ-สกุล รับเหมา":"รถตัดโรงงานเบอร์ 01","นักเกษตร":"1503","ศูนย์":"K2-15","โควตา":"715087","ชาวไร่":"นาง หนูจันทร์ สืบเทพ","ประเภทอ้อย":"ต้นฝน","พื้นที่":7.4,"ตันรวม":81.4,"รหัสแปลง":"320509015566","กลุ่ม":"กลุ่ม_15"},"geometry":{"type":"MultiPolygon","coordinates":[[[[972725.489000000059605,1607914.817900000140071],[973037.017199999652803,1607898.981200000271201],[973034.565200000070035,1607868.424900000914931],[973031.373200000263751,1607854.1162],[972893.309100000187755,1607867.171700000762939],[972890.942499999888241,1607871.614299999549985],[972722.73450000025332,1607880.415699999779463],[972725.489000000059605,1607914.817900000140071]]]]}},
{"type":"Feature","properties":{"รหัสกลุ่มคิว":"15/008","รหัสรับเหมา":null,"ชื่อ-สกุล รับเหมา":null,"นักเกษตร":"1502","ศูนย์":"K2-15","โควตา":"712369","ชาวไร่":"นาย ธีรศักดิ์ สุดสำฤทธิ์","ประเภทอ้อย":"ตอ2","พื้นที่":2.47,"ตันรวม":19.76,"รหัสแปลง":"320501121695","กลุ่ม":"กลุ่ม_15"},"geometry":{"type":"MultiPolygon","coordinates":[[[[978050.127399999648333,1621798.310799999162555],[978060.558899999596179,1621828.454299999400973],[978165.442400000058115,1621790.78319999948144],[978168.428000000305474,1621752.848600000143051],[978050.127399999648333,1621798.310799999162555]]]]}},
{"type":"Feature","properties":{"รหัสกลุ่มคิว":"15/007","รหัสรับเหมา":"722724","ชื่อ-สกุล รับเหมา":"นาง ณีรนุช แถวถิ่น","นักเกษตร":"1501","ศูนย์":"K2-15","โควตา":"715112","ชาวไร่":"นาง สงบ ประสมทรัพย์","ประเภทอ้อย":"ตอ1","พื้นที่":7.21,"ตันรวม":64.89,"รหัสแปลง":"320606081775","กลุ่ม":"กลุ่ม_15"},"geometry":{"type":"MultiPolygon","coordinates":[[[[981617.848000000230968,1603011.053999999538064],[981301.06969999987632,1603042.871999999508262],[981306.321800000034273,1603081.466299999505281],[981477.633799999952316,1603062.942199999466538],[981617.788499999791384,1603042.386099999770522],[981617.848000000230968,1603011.053999999538064]]]]}},
{"type":"Feature","properties":{"รหัสกลุ่มคิว":"15/007","รหัสรับเหมา":"722724","ชื่อ-สกุล รับเหมา":"นาง ณีรนุช แถวถิ่น","นักเกษตร":"1501","ศูนย์":"K2-15","โควตา":"722744","ชาวไร่":"นาย สัมพันธ์ สุขพินิจ","ประเภทอ้อย":"ปลายฝน","พื้นที่":6.01,"ตันรวม":78.13,"รหัสแปลง":"320606131660","กลุ่ม":"กลุ่ม_15"},"geometry":{"type":"MultiPolygon","coordinates":[[[[981154.200799999758601,1599254.702500000596046],[981129.288200000301003,1599258.205700000748038],[981080.727800000458956,1599289.329600000753999],[981050.941700000315905,1599292.07909999974072],[981116.540199999697506,1599384.50650000013411],[981142.048700000159442,1599360.780899999663234],[981157.135900000110269,1599354.048000000417233],[981179.402099999599159,1599330.259500000625849],[981185.918600000441074,1599319.477299999445677],[981182.39740000013262,1599296.666799999773502],[981154.200799999758601,1599254.702500000596046]]]]}},
{"type":"Feature","properties":{"รหัสกลุ่มคิว":"15/007","รหัสรับเหมา":"722724","ชื่อ-สกุล รับเหมา":"นาง ณีรนุช แถวถิ่น","นักเกษตร":"1501","ศูนย์":"K2-15","โควตา":"723006","ชาวไร่":"นาง วันนา สุขพินิจ","ประเภทอ้อย":"ปลายฝน","พื้นที่":5.46,"ตันรวม":70.98,"รหัสแปลง":"320606011888","กลุ่ม":"กลุ่ม_15"},"geometry":{"type":"MultiPolygon","coordinates":[[[[981381.300300000235438,1599843.0756],[981239.14989999961108,1599936.192500000819564],[981258.129900000058115,1599963.712200000882149],[981311.168100000359118,1599952.340700000524521],[981347.287399999797344,1599940.622500000521541],[981391.041400000452995,1599924.708499999716878],[981386.145100000314415,1599890.221599999815226],[981381.300300000235438,1599843.0756]]]]}},
{"type":"Feature","properties":{"รหัสกลุ่มคิว":"15/003","รหัสรับเหมา":"738889","ชื่อ-สกุล รับเหมา":"รถตัดโรงงานเบอร์ 18","นักเกษตร":"1202","ศูนย์":"K2-15","โควตา":"715478","ชาวไร่":"นาย ภิทัก ดวงเด่นฉาย","ประเภทอ้อย":"ตอ1","พื้นที่":4.04,"ตันรวม":36.36,"รหัสแปลง":"320606071791","กลุ่ม":"กลุ่ม_15"},"geometry":{"type":"MultiPolygon","coordinates":[[[[977827.942699999548495,1609919.30599999986589],[977727.508399999700487,1609907.0724],[977726.824199999682605,1609972.222400000318885],[977827.862399999983609,1609982.39780000038445],[977827.942699999548495,1609919.30599999986589]]]]}},
{"type":"Feature","properties":{"รหัสกลุ่มคิว":"15/007","รหัสรับเหมา":"722724","ชื่อ-สกุล รับเหมา":"นาง ณีรนุช แถวถิ่น","นักเกษตร":"1501","ศูนย์":"K2-15","โควตา":"723652","ชาวไร่":"นาย ฉัตรณรงค์ สุขประสงค์","ประเภทอ้อย":"ตอ1","พื้นที่":8.91,"ตันรวม":80.19,"รหัสแปลง":"320606121686","กลุ่ม":"กลุ่ม_15"},"geometry":{"type":"MultiPolygon","coordinates":[[[[975172.171299999579787,1603101.714700000360608],[975024.410899999551475,1603087.906300000846386],[975017.525799999944866,1603185.56980000063777],[975160.364900000393391,1603198.495999999344349],[975172.171299999579787,1603101.714700000360608]]]]}},
{"type":"Feature","properties":{"รหัสกลุ่มคิว":"15/008","รหัสรับเหมา":null,"ชื่อ-สกุล รับเหมา":null,"นักเกษตร":"1502","ศูนย์":"K2-15","โควตา":"719271","ชาวไร่":"นาย บุญสงค์ นากอก","ประเภทอ้อย":"ปลายฝน","พื้นที่":1.38,"ตันรวม":17.94,"รหัสแปลง":"320515021618","กลุ่ม":"กลุ่ม_15"},"geometry":{"type":"MultiPolygon","coordinates":[[[[976021.561300000175834,1619888.804999999701977],[975993.433400000445545,1619889.419700000435114],[975992.188400000333786,1619984.988800000399351],[976009.012400000356138,1619988.613500000908971],[976021.561300000175834,1619888.804999999701977]]]]}},
{"type":"Feature","properties":{"รหัสกลุ่มคิว":"15/008","รหัสรับเหมา":null,"ชื่อ-สกุล รับเหมา":null,"นักเกษตร":"1502","ศูนย์":"K2-15","โควตา":"716558","ชาวไร่":"นาง จำเนือน ชุ่มสูงเนิน","ประเภทอ้อย":"ปลายฝน","พื้นที่":16.54,"ตันรวม":215.02,"รหัสแปลง":"320508071685","กลุ่ม":"กลุ่ม_15"},"geometry":{"type":"MultiPolygon","coordinates":[[[[988266.58739999961108,1625989.985200000926852],[988276.36600000038743,1626038.385800000280142],[988266.651800000108778,1626069.269099999219179],[988256.866399999707937,1626087.5471],[988616.544099999591708,1626055.132200000807643],[988618.43030000012368,1625999.104599999263883],[988431.663599999621511,1626012.146299999207258],[988426.309399999678135,1625973.495899999514222],[988266.58739999961108,1625989.985200000926852]]]]}},
{"type":"Feature","properties":{"รหัสกลุ่มคิว":"15/007","รหัสรับเหมา":"722724","ชื่อ-สกุล รับเหมา":"นาง ณีรนุช แถวถิ่น","นักเกษตร":"1501","ศูนย์":"K2-15","โควตา":"711621","ชาวไร่":"นาย สมพงษ์ โสนาพูน","ประเภทอ้อย":"ตอ1","พื้นที่":8.77,"ตันรวม":78.93,"รหัสแปลง":"320606111775","กลุ่ม":"กลุ่ม_15"},"geometry":{"type":"MultiPolygon","coordinates":[[[[980981.924100000411272,1601931.921499999240041],[980978.767300000414252,1601911.197000000625849],[980999.205500000156462,1601900.228000000119209],[980995.917600000277162,1601877.300000000745058],[980954.784900000318885,1601871.902499999850988],[980873.216000000014901,1601886.383899999782443],[980765.33420000039041,1601896.128200000151992],[980754.646999999880791,1601902.169399999082088],[980763.423600000329316,1601959.406999999657273],[980981.924100000411272,1601931.921499999240041]]]]}},
{"type":"Feature","properties":{"รหัสกลุ่มคิว":"15/003","รหัสรับเหมา":"738889","ชื่อ-สกุล รับเหมา":"รถตัดโรงงานเบอร์ 18","นักเกษตร":"1202","ศูนย์":"K2-15","โควตา":"719350","ชาวไร่":"นางสาว จันทราภรณ์ พูลพรหม","ประเภทอ้อย":"ตอ1","พื้นที่":11.23,"ตันรวม":101.07,"รหัสแปลง":"320509031878","กลุ่ม":"กลุ่ม_15"},"geometry":{"type":"MultiPolygon","coordinates":[[[[968690.473199999891222,1614276.11879999935627],[968700.262799999676645,1614319.750099999830127],[968722.358799999579787,1614378.960699999704957],[968781.125099999830127,1614375.462400000542402],[968779.766800000332296,1614352.3278],[968734.876500000245869,1614213.927300000563264],[968730.542999999597669,1614176.870699999853969],[968717.986700000241399,1614108.414100000634789],[968648.469600000418723,1614099.690899999812245],[968650.749400000087917,1614112.305500000715256],[968650.159799999557436,1614124.310699999332428],[968690.473199999891222,1614276.11879999935627]]]]}},
{"type":"Feature","properties":{"รหัสกลุ่มคิว":"15/003","รหัสรับเหมา":"738889","ชื่อ-สกุล รับเหมา":"รถตัดโรงงานเบอร์ 18","นักเกษตร":"1202","ศูนย์":"K2-15","โควตา":"719227","ชาวไร่":"นาย ยอด สมปอง","ประเภทอ้อย":"ตอ1","พื้นที่":3.57,"ตันรวม":32.13,"รหัสแปลง":"320509031879","กลุ่ม":"กลุ่ม_15"},"geometry":{"type":"MultiPolygon","coordinates":[[[[969264.620699999853969,1614944.268799999728799],[969189.714200000278652,1614787.187999999150634],[969160.518099999986589,1614796.715399999171495],[969209.852400000207126,1614893.550599999725819],[969269.559899999760091,1614985.01630000025034],[969300.504599999636412,1614966.1963],[969264.620699999853969,1614944.268799999728799]]]]}},
{"type":"Feature","properties":{"รหัสกลุ่มคิว":"15/007","รหัสรับเหมา":"722724","ชื่อ-สกุล รับเหมา":"นาง ณีรนุช แถวถิ่น","นักเกษตร":"1501","ศูนย์":"K2-15","โควตา":"719086","ชาวไร่":"นาง รัศมี บุญอยู่","ประเภทอ้อย":"ตอ1","พื้นที่":34.73,"ตันรวม":312.57,"รหัสแปลง":"320507141628","กลุ่ม":"กลุ่ม_15"},"geometry":{"type":"MultiPolygon","coordinates":[[[[964614.794700000435114,1611213.974199999123812],[964505.544400000013411,1611202.073699999600649],[964376.847599999979138,1611197.4781],[964384.093299999833107,1611414.272099999710917],[964456.109899999573827,1611433.722699999809265],[964507.029400000348687,1611446.003200000151992],[964509.79619999974966,1611487.7785],[964582.896800000220537,1611498.45890000090003],[964597.937599999830127,1611374.016799999400973],[964614.794700000435114,1611213.974199999123812]]]]}},
{"type":"Feature","properties":{"รหัสกลุ่มคิว":"15/008","รหัสรับเหมา":null,"ชื่อ-สกุล รับเหมา":null,"นักเกษตร":"1502","ศูนย์":"K2-15","โควตา":"716905","ชาวไร่":"นางสาว พัชรี แก้วเขียวงาม","ประเภทอ้อย":"ปลายฝน","พื้นที่":4.25,"ตันรวม":55.25,"รหัสแปลง":"320502131766","กลุ่ม":"กลุ่ม_15"},"geometry":{"type":"MultiPolygon","coordinates":[[[[985502.578599999658763,1633560.364399999380112],[985504.514899999834597,1633636.197599999606609],[985615.818400000222027,1633586.91499999910593],[985608.721199999563396,1633540.538899999111891],[985502.578599999658763,1633560.364399999380112]]]]}},
{"type":"Feature","properties":{"รหัสกลุ่มคิว":"15/008","รหัสรับเหมา":null,"ชื่อ-สกุล รับเหมา":null,"นักเกษตร":"1502","ศูนย์":"K2-15","โควตา":"726078","ชาวไร่":"นาง สายบัว ดีพาชู","ประเภทอ้อย":"ปลายฝน","พื้นที่":8.86,"ตันรวม":115.18,"รหัสแปลง":"320506041545","กลุ่ม":"กลุ่ม_15"},"geometry":{"type":"MultiPolygon","coordinates":[[[[979118.234299999661744,1624486.736500000581145],[979122.096300000324845,1624526.73200000077486],[979123.602699999697506,1624542.671],[979126.042000000365078,1624555.221599999815226],[979132.763299999758601,1624577.788499999791384],[979143.927299999631941,1624608.68099999986589],[979156.278400000184774,1624649.0099],[979205.045800000429153,1624813.469200000166893],[979234.228500000201166,1624806.620500000193715],[979205.207899999804795,1624689.224099999293685],[979187.834400000050664,1624604.48369999974966],[979173.591000000014901,1624535.107599999755621],[979172.174499999731779,1624514.544199999421835],[979164.206100000068545,1624460.763900000602007],[979140.385700000450015,1624466.124099999666214],[979137.239299999549985,1624472.664100000634789],[979138.716799999587238,1624482.333499999716878],[979118.234299999661744,1624486.736500000581145]]]]}},
{"type":"Feature","properties":{"รหัสกลุ่มคิว":"15/003","รหัสรับเหมา":"738889","ชื่อ-สกุล รับเหมา":"รถตัดโรงงานเบอร์ 18","นักเกษตร":"1202","ศูนย์":"K2-15","โควตา":"710096","ชาวไร่":"นาย สุพันธ์ สมนิยาม","ประเภทอ้อย":"ตอ1","พื้นที่":5.76,"ตันรวม":51.84,"รหัสแปลง":"320509031885","กลุ่ม":"กลุ่ม_15"},"geometry":{"type":"MultiPolygon","coordinates":[[[[968404.627700000070035,1615020.30350000038743],[968258.151899999938905,1615036.9857],[968261.993400000035763,1615092.970899999141693],[968410.05350000038743,1615088.795499999076128],[968404.627700000070035,1615020.30350000038743]]]]}},
{"type":"Feature","properties":{"รหัสกลุ่มคิว":"15/003","รหัสรับเหมา":"738889","ชื่อ-สกุล รับเหมา":"รถตัดโรงงานเบอร์ 18","นักเกษตร":"1202","ศูนย์":"K2-15","โควตา":"723433","ชาวไร่":"นาย สิงห์ จำนงดี","ประเภทอ้อย":"ปลายฝน","พื้นที่":9.71,"ตันรวม":126.23,"รหัสแปลง":"320606091664","กลุ่ม":"กลุ่ม_15"},"geometry":{"type":"MultiPolygon","coordinates":[[[[974738.274600000120699,1605374.690999999642372],[974842.032399999909103,1604993.841199999675155],[974806.135599999688566,1604984.21169999986887],[974696.691700000315905,1605372.220100000500679],[974738.274600000120699,1605374.690999999642372]]]]}},
{"type":"Feature","properties":{"รหัสกลุ่มคิว":"15/004","รหัสรับเหมา":"738889","ชื่อ-สกุล รับเหมา":"รถตัดโรงงานเบอร์ 22","นักเกษตร":"1507","ศูนย์":"K2-15","โควตา":"710469","ชาวไร่":"นาง วันเพ็ญ ฉนวนรัมย์","ประเภทอ้อย":"ตอ3","พื้นที่":14.15,"ตันรวม":99.05,"รหัสแปลง":"320515131669","กลุ่ม":"กลุ่ม_15"},"geometry":{"type":"MultiPolygon","coordinates":[[[[972338.736399999819696,1620019.566999999806285],[972349.320700000040233,1620263.826400000602007],[972410.875199999660254,1620267.413799999281764],[972403.814000000245869,1620162.13399999961257],[972406.079900000244379,1620161.476700000464916],[972411.321100000292063,1620108.901100000366569],[972403.650200000032783,1620102.619599999859929],[972398.990799999795854,1620044.616699999198318],[972402.669900000095367,1620041.650699999183416],[972404.128399999812245,1620015.5456000007689],[972339.181200000457466,1620019.469100000336766],[972338.736399999819696,1620019.566999999806285]]]]}},
{"type":"Feature","properties":{"รหัสกลุ่มคิว":"15/004","รหัสรับเหมา":"738889","ชื่อ-สกุล รับเหมา":"รถตัดโรงงานเบอร์ 22","นักเกษตร":"1507","ศูนย์":"K2-15","โควตา":"710469","ชาวไร่":"นาง วันเพ็ญ ฉนวนรัมย์","ประเภทอ้อย":"ปลายฝน","พื้นที่":20.44,"ตันรวม":265.72,"รหัสแปลง":"320515131671","กลุ่ม":"กลุ่ม_15"},"geometry":{"type":"MultiPolygon","coordinates":[[[[972162.839399999938905,1618870.0033],[972211.949000000022352,1618694.948200000450015],[972183.177400000393391,1618683.854499999433756],[972192.25690000038594,1618651.86119999922812],[972175.270399999804795,1618645.801999999210238],[972172.510700000450015,1618630.219000000506639],[972114.535899999551475,1618611.721100000664592],[972107.158699999563396,1618620.822599999606609],[972094.801400000229478,1618617.441099999472499],[972101.237900000065565,1618601.111300000920892],[972076.665699999779463,1618605.628599999472499],[972039.558799999766052,1618746.528300000354648],[972015.28760000038892,1618847.372400000691414],[972046.707100000232458,1618851.861400000751019],[972061.096699999645352,1618805.9199],[972095.331399999558926,1618813.79109999909997],[972102.697399999946356,1618823.9167],[972091.921799999661744,1618850.515900000929832],[972162.839399999938905,1618870.0033]]]]}},
{"type":"Feature","properties":{"รหัสกลุ่มคิว":"15/003","รหัสรับเหมา":"738889","ชื่อ-สกุล รับเหมา":"รถตัดโรงงานเบอร์ 18","นักเกษตร":"1202","ศูนย์":"K2-15","โควตา":"710964","ชาวไร่":"นาย วัฒนา สามลา","ประเภทอ้อย":"ปลายฝน","พื้นที่":12.43,"ตันรวม":161.59,"รหัสแปลง":"320504131732","กลุ่ม":"กลุ่ม_15"},"geometry":{"type":"MultiPolygon","coordinates":[[[[969082.497100000269711,1617452.097999999299645],[969116.291400000452995,1617458.533600000664592],[969122.292999999597669,1617433.451899999752641],[969153.220599999651313,1617332.181199999526143],[969176.245699999853969,1617248.691400000825524],[969181.435200000181794,1617222.169600000604987],[969185.95920000039041,1617223.905500000342727],[969118.358,1617458.750199999660254],[969158.725599999539554,1617466.614499999210238],[969238.746600000187755,1617193.002699999138713],[969206.950100000016391,1617186.554199999198318],[969199.705199999734759,1617209.248700000345707],[969193.980600000359118,1617211.188799999654293],[969190.852500000037253,1617222.837799999862909],[969152.035000000149012,1617212.98369999974966],[969082.497100000269711,1617452.097999999299645]]]]}},
{"type":"Feature","properties":{"รหัสกลุ่มคิว":"15/004","รหัสรับเหมา":"738889","ชื่อ-สกุล รับเหมา":"รถตัดโรงงานเบอร์ 22","นักเกษตร":"1507","ศูนย์":"K2-15","โควตา":"715351","ชาวไร่":"นาย ณัฏฐ์ธเนศ สีน้ำคำ","ประเภทอ้อย":"ปลายฝน","พื้นที่":3.77,"ตันรวม":49.01,"รหัสแปลง":"320509131852","กลุ่ม":"กลุ่ม_15"},"geometry":{"type":"MultiPolygon","coordinates":[[[[970195.599700000137091,1607620.997500000521541],[970160.780799999833107,1607638.2401],[970198.2193,1607787.401399999856949],[970235.395600000396371,1607777.141100000590086],[970195.599700000137091,1607620.997500000521541]]]]}},
{"type":"Feature","properties":{"รหัสกลุ่มคิว":"15/001","รหัสรับเหมา":"738889","ชื่อ-สกุล รับเหมา":"รถตัดโรงงานเบอร์ 01","นักเกษตร":"1503","ศูนย์":"K2-15","โควตา":"719136","ชาวไร่":"นาย ธเนศ สีน้ำคำ","ประเภทอ้อย":"ตอ1","พื้นที่":6.03,"ตันรวม":54.27,"รหัสแปลง":"320504071686","กลุ่ม":"กลุ่ม_15"},"geometry":{"type":"MultiPolygon","coordinates":[[[[971870.872999999672174,1621181.486600000411272],[971896.548499999567866,1621308.33699999935925],[971907.290599999949336,1621310.771099999547005],[971921.763600000180304,1621370.252000000327826],[971964.664800000376999,1621365.163899999111891],[971934.560999999754131,1621199.6711],[971907.830599999986589,1621194.902200000360608],[971897.518500000238419,1621188.232200000435114],[971870.872999999672174,1621181.486600000411272]]]]}},
{"type":"Feature","properties":{"รหัสกลุ่มคิว":"15/007","รหัสรับเหมา":"722724","ชื่อ-สกุล รับเหมา":"นาง ณีรนุช แถวถิ่น","นักเกษตร":"1501","ศูนย์":"K2-15","โควตา":"723652","ชาวไร่":"นาย ฉัตรณรงค์ สุขประสงค์","ประเภทอ้อย":"ตอ1","พื้นที่":6.82,"ตันรวม":61.38,"รหัสแปลง":"320606121687","กลุ่ม":"กลุ่ม_15"},"geometry":{"type":"MultiPolygon","coordinates":[[[[975111.100999999791384,1603192.665300000458956],[975092.693799999542534,1603301.851199999451637],[975192.000599999912083,1603324.012900000438094],[975205.570199999958277,1603209.539000000804663],[975165.721099999733269,1603211.63539999909699],[975156.129200000315905,1603201.22440000064671],[975111.100999999791384,1603192.665300000458956]]]]}},
{"type":"Feature","properties":{"รหัสกลุ่มคิว":"15/003","รหัสรับเหมา":"738889","ชื่อ-สกุล รับเหมา":"รถตัดโรงงานเบอร์ 18","นักเกษตร":"1202","ศูนย์":"K2-15","โควตา":"715404","ชาวไร่":"นาง สะอาดจิต แสนกล้า","ประเภทอ้อย":"ตอ1","พื้นที่":11.63,"ตันรวม":104.67,"รหัสแปลง":"320509031889","กลุ่ม":"กลุ่ม_15"},"geometry":{"type":"MultiPolygon","coordinates":[[[[969825.862200000323355,1613998.867599999532104],[969849.487200000323355,1614171.471599999815226],[969689.730600000359118,1614185.011900000274181],[969686.503899999894202,1614242.845200000330806],[969896.451200000010431,1614231.898299999535084],[969849.575299999676645,1613963.610300000756979],[969833.281299999915063,1613967.53319999948144],[969838.072200000286102,1613993.044199999421835],[969825.862200000323355,1613998.867599999532104]]]]}},
{"type":"Feature","properties":{"รหัสกลุ่มคิว":"15/003","รหัสรับเหมา":"738889","ชื่อ-สกุล รับเหมา":"รถตัดโรงงานเบอร์ 18","นักเกษตร":"1202","ศูนย์":"K2-15","โควตา":"722585","ชาวไร่":"นาย แสงทอง กระแสโสม","ประเภทอ้อย":"ปลายฝน","พื้นที่":6.49,"ตันรวม":84.37,"รหัสแปลง":"320606071794","กลุ่ม":"กลุ่ม_15"},"geometry":{"type":"MultiPolygon","coordinates":[[[[977949.402800000272691,1609782.178300000727177],[977945.934600000269711,1609822.620500000193715],[977999.344899999909103,1609825.428999999538064],[978232.075299999676645,1609850.531500000506639],[978234.316800000146031,1609843.301100000739098],[978235.45409999974072,1609824.049599999561906],[978234.163800000213087,1609816.712799999862909],[977949.402800000272691,1609782.178300000727177]]]]}},
{"type":"Feature","properties":{"รหัสกลุ่มคิว":"15/004","รหัสรับเหมา":"738889","ชื่อ-สกุล รับเหมา":"รถตัดโรงงานเบอร์ 22","นักเกษตร":"1507","ศูนย์":"K2-15","โควตา":"710071","ชาวไร่":"นาง แจม จำเริญใหญ่","ประเภทอ้อย":"ปลายฝน","พื้นที่":7.24,"ตันรวม":94.12,"รหัสแปลง":"320509015568","กลุ่ม":"กลุ่ม_15"},"geometry":{"type":"MultiPolygon","coordinates":[[[[971499.255800000391901,1608892.060399999842048],[971644.105999999679625,1608908.5168999992311],[971646.654299999587238,1608860.128599999472499],[971596.133799999952316,1608855.462899999693036],[971594.050599999725819,1608804.397700000554323],[971498.131299999542534,1608800.341299999505281],[971499.255800000391901,1608892.060399999842048]]]]}},
{"type":"Feature","properties":{"รหัสกลุ่มคิว":"15/003","รหัสรับเหมา":"738889","ชื่อ-สกุล รับเหมา":"รถตัดโรงงานเบอร์ 18","นักเกษตร":"1202","ศูนย์":"K2-15","โควตา":"728063","ชาวไร่":"นาย ณัฐวุฒิ คำเล็ก","ประเภทอ้อย":"ตอ1","พื้นที่":4.1,"ตันรวม":36.9,"รหัสแปลง":"320509161757","กลุ่ม":"กลุ่ม_15"},"geometry":{"type":"MultiPolygon","coordinates":[[[[969089.951100000180304,1612574.945900000631809],[968975.81969999987632,1612573.825200000777841],[968894.018299999646842,1612575.107699999585748],[968894.95990000013262,1612611.626900000497699],[968924.057000000029802,1612606.423000000417233],[969089.776399999856949,1612609.207900000736117],[969089.951100000180304,1612574.945900000631809]]]]}},
{"type":"Feature","properties":{"รหัสกลุ่มคิว":"15/007","รหัสรับเหมา":"722724","ชื่อ-สกุล รับเหมา":"นาง ณีรนุช แถวถิ่น","นักเกษตร":"1501","ศูนย์":"K2-15","โควตา":"715112","ชาวไร่":"นาง สงบ ประสมทรัพย์","ประเภทอ้อย":"ตอ2","พื้นที่":6.87,"ตันรวม":54.96,"รหัสแปลง":"320606111778","กลุ่ม":"กลุ่ม_15"},"geometry":{"type":"MultiPolygon","coordinates":[[[[981577.166000000201166,1603018.064300000667572],[981573.478900000452995,1602979.336100000888109],[981294.437400000169873,1603004.426100000739098],[981300.986899999901652,1603043.899900000542402],[981577.166000000201166,1603018.064300000667572]]]]}},
{"type":"Feature","properties":{"รหัสกลุ่มคิว":"15/007","รหัสรับเหมา":"722724","ชื่อ-สกุล รับเหมา":"นาง ณีรนุช แถวถิ่น","นักเกษตร":"1501","ศูนย์":"K2-15","โควตา":"719213","ชาวไร่":"นาย โปร่ง โฉลกดี","ประเภทอ้อย":"ปลายฝน","พื้นที่":3.03,"ตันรวม":39.39,"รหัสแปลง":"320606011893","กลุ่ม":"กลุ่ม_15"},"geometry":{"type":"MultiPolygon","coordinates":[[[[979504.082499999552965,1599359.735999999567866],[979587.539099999703467,1599479.851500000804663],[979614.856300000101328,1599462.8158],[979533.605899999849498,1599342.022399999201298],[979504.082499999552965,1599359.735999999567866]]]]}},
{"type":"Feature","properties":{"รหัสกลุ่มคิว":"15/003","รหัสรับเหมา":"738889","ชื่อ-สกุล รับเหมา":"รถตัดโรงงานเบอร์ 18","นักเกษตร":"1202","ศูนย์":"K2-15","โควตา":"710100","ชาวไร่":"นาย เปรย สายรัตน์","ประเภทอ้อย":"ตอ2","พื้นที่":5.42,"ตันรวม":43.36,"รหัสแปลง":"320509031892","กลุ่ม":"กลุ่ม_15"},"geometry":{"type":"MultiPolygon","coordinates":[[[[969443.920699999667704,1614128.871400000527501],[969481.165599999949336,1614464.636399999260902],[969510.039599999785423,1614458.644799999892712],[969465.793800000101328,1614125.495500000193715],[969443.920699999667704,1614128.871400000527501]]]]}},
{"type":"Feature","properties":{"รหัสกลุ่มคิว":"15/001","รหัสรับเหมา":"738889","ชื่อ-สกุล รับเหมา":"รถตัดโรงงานเบอร์ 01","นักเกษตร":"1503","ศูนย์":"K2-15","โควตา":"719352","ชาวไร่":"นาย พิทักษ์ สืบเทพ","ประเภทอ้อย":"ตอ2","พื้นที่":14.54,"ตันรวม":116.32,"รหัสแปลง":"320509131856","กลุ่ม":"กลุ่ม_15"},"geometry":{"type":"MultiPolygon","coordinates":[[[[969881.454900000244379,1605269.588300000876188],[969842.70299999974668,1605263.448300000280142],[969766.470700000412762,1605520.90430000051856],[969754.356499999761581,1605521.639599999412894],[969752.158499999903142,1605521.058700000867248],[969725.074799999594688,1605515.607899999246001],[969687.832200000062585,1605641.394799999892712],[969727.692999999970198,1605650.9013],[969707.05350000038743,1605718.496500000357628],[969744.275999999605119,1605722.89919999986887],[969881.454900000244379,1605269.588300000876188]]]]}},
{"type":"Feature","properties":{"รหัสกลุ่มคิว":"15/001","รหัสรับเหมา":"738889","ชื่อ-สกุล รับเหมา":"รถตัดโรงงานเบอร์ 01","นักเกษตร":"1503","ศูนย์":"K2-15","โควตา":"715087","ชาวไร่":"นาง หนูจันทร์ สืบเทพ","ประเภทอ้อย":"ต้นฝน","พื้นที่":3.05,"ตันรวม":33.55,"รหัสแปลง":"320509015570","กลุ่ม":"กลุ่ม_15"},"geometry":{"type":"MultiPolygon","coordinates":[[[[972720.981900000013411,1607916.314300000667572],[972717.168800000101328,1607880.305500000715256],[972590.033400000073016,1607893.543500000610948],[972583.134600000455976,1607899.49100000038743],[972575.168300000019372,1607912.3597],[972595.355200000107288,1607918.35329999960959],[972603.690000000409782,1607930.091700000688434],[972720.981900000013411,1607916.314300000667572]]]]}},
{"type":"Feature","properties":{"รหัสกลุ่มคิว":"15/007","รหัสรับเหมา":"722724","ชื่อ-สกุล รับเหมา":"นาง ณีรนุช แถวถิ่น","นักเกษตร":"1501","ศูนย์":"K2-15","โควตา":"715655","ชาวไร่":"นาย วีรวัฒน์ พันธุ์ศิลป์","ประเภทอ้อย":"ปลายฝน","พื้นที่":1.8,"ตันรวม":23.4,"รหัสแปลง":"320606011895","กลุ่ม":"กลุ่ม_15"},"geometry":{"type":"MultiPolygon","coordinates":[[[[981823.325500000268221,1599491.7993],[981867.079400000162423,1599459.179999999701977],[981840.678299999795854,1599416.910499999299645],[981791.285000000149012,1599455.245699999853969],[981823.325500000268221,1599491.7993]]]]}},
{"type":"Feature","properties":{"รหัสกลุ่มคิว":"15/001","รหัสรับเหมา":"738889","ชื่อ-สกุล รับเหมา":"รถตัดโรงงานเบอร์ 01","นักเกษตร":"1503","ศูนย์":"K2-15","โควตา":"715087","ชาวไร่":"นาง หนูจันทร์ สืบเทพ","ประเภทอ้อย":"ปลายฝน","พื้นที่":3.77,"ตันรวม":49.01,"รหัสแปลง":"320509015571","กลุ่ม":"กลุ่ม_15"},"geometry":{"type":"MultiPolygon","coordinates":[[[[972861.883200000040233,1608529.963999999687076],[972876.434899999760091,1608531.907500000670552],[972880.210799999535084,1608513.4923],[972891.437599999830127,1608510.380200000479817],[972897.902599999681115,1608436.368599999696016],[972915.882500000298023,1608306.745300000533462],[972885.472199999727309,1608305.236700000241399],[972861.883200000040233,1608529.963999999687076]]]]}},
{"type":"Feature","properties":{"รหัสกลุ่มคิว":"15/001","รหัสรับเหมา":"738889","ชื่อ-สกุล รับเหมา":"รถตัดโรงงานเบอร์ 01","นักเกษตร":"1503","ศูนย์":"K2-15","โควตา":"710922","ชาวไร่":"นาย สุพิน สีน้ำคำ","ประเภทอ้อย":"ปลายฝน","พื้นที่":24.87,"ตันรวม":323.31,"รหัสแปลง":"320501111612","กลุ่ม":"กลุ่ม_15"},"geometry":{"type":"MultiPolygon","coordinates":[[[[971411.110399999655783,1621048.497400000691414],[971410.049499999731779,1621271.252800000831485],[971420.28870000038296,1621272.374900000169873],[971423.074599999934435,1621295.907999999821186],[971504.384300000034273,1621308.201199999079108],[971516.616600000299513,1621327.294800000265241],[971589.809100000187755,1621237.9342],[971604.322100000455976,1621204.197300000116229],[971613.292000000365078,1621175.935399999842048],[971613.041000000201166,1621172.197200000286102],[971615.539499999955297,1621118.071599999442697],[971525.087199999950826,1621093.77449999935925],[971499.698400000110269,1621084.779899999499321],[971467.355800000019372,1621072.323200000450015],[971444.256400000303984,1621065.961200000718236],[971419.353900000452995,1621059.749199999496341],[971416.123999999836087,1621049.888399999588728],[971411.110399999655783,1621048.497400000691414]]]]}},
{"type":"Feature","properties":{"รหัสกลุ่มคิว":"15/007","รหัสรับเหมา":"722724","ชื่อ-สกุล รับเหมา":"นาง ณีรนุช แถวถิ่น","นักเกษตร":"1501","ศูนย์":"K2-15","โควตา":"719323","ชาวไร่":"นาง ตรองจิตร โฉลกดี","ประเภทอ้อย":"ตอ2","พื้นที่":4.96,"ตันรวม":39.68,"รหัสแปลง":"320606121689","กลุ่ม":"กลุ่ม_15"},"geometry":{"type":"MultiPolygon","coordinates":[[[[975810.356200000271201,1603502.654200000688434],[975759.174599999561906,1603505.379799999296665],[975715.519000000320375,1603678.3114],[975750.00760000012815,1603689.60840000025928],[975810.356200000271201,1603502.654200000688434]]]]}},
{"type":"Feature","properties":{"รหัสกลุ่มคิว":"15/004","รหัสรับเหมา":"738889","ชื่อ-สกุล รับเหมา":"รถตัดโรงงานเบอร์ 22","นักเกษตร":"1507","ศูนย์":"K2-15","โควตา":"715006","ชาวไร่":"นาง อรอนงค์ ผลเจริญ","ประเภทอ้อย":"ตอ1","พื้นที่":4.85,"ตันรวม":43.65,"รหัสแปลง":"320509091734","กลุ่ม":"กลุ่ม_15"},"geometry":{"type":"MultiPolygon","coordinates":[[[[972901.931699999608099,1607748.332900000736117],[972908.399299999698997,1607749.196599999442697],[972907.594499999657273,1607785.421599999070168],[972933.831699999980628,1607780.143899999558926],[972928.72829999960959,1607740.652599999681115],[972903.356200000271201,1607746.4693],[972815.069099999964237,1607747.929999999701977],[972767.005800000391901,1607748.830900000408292],[972759.277400000020862,1607748.676999999210238],[972730.287399999797344,1607747.053400000557303],[972730.590099999681115,1607783.752399999648333],[972817.73369999974966,1607787.407700000330806],[972904.353199999779463,1607785.723300000652671],[972901.931699999608099,1607748.332900000736117]]]]}},
{"type":"Feature","properties":{"รหัสกลุ่มคิว":"15/003","รหัสรับเหมา":"738889","ชื่อ-สกุล รับเหมา":"รถตัดโรงงานเบอร์ 18","นักเกษตร":"1202","ศูนย์":"K2-15","โควตา":"715479","ชาวไร่":"นางสาว นันทิยา เสาใย","ประเภทอ้อย":"ปลายฝน","พื้นที่":7.5,"ตันรวม":97.5,"รหัสแปลง":"320509031900","กลุ่ม":"กลุ่ม_15"},"geometry":{"type":"MultiPolygon","coordinates":[[[[969103.289099999703467,1612381.183900000527501],[969104.920599999837577,1612393.910499999299645],[969096.8739,1612394.63539999909699],[969106.021499999798834,1612441.019600000232458],[969152.105499999597669,1612423.124299999326468],[969306.259300000034273,1612363.562400000169873],[969285.718100000172853,1612308.687400000169873],[969103.289099999703467,1612381.183900000527501]]]]}},
{"type":"Feature","properties":{"รหัสกลุ่มคิว":"15/004","รหัสรับเหมา":"738889","ชื่อ-สกุล รับเหมา":"รถตัดโรงงานเบอร์ 22","นักเกษตร":"1507","ศูนย์":"K2-15","โควตา":"710777","ชาวไร่":"นาง ภาวิณี ปานเพชร","ประเภทอ้อย":"ปลายฝน","พื้นที่":2.86,"ตันรวม":37.18,"รหัสแปลง":"320509121723","กลุ่ม":"กลุ่ม_15"},"geometry":{"type":"MultiPolygon","coordinates":[[[[970234.804299999959767,1609671.191099999472499],[970286.662800000049174,1609756.457399999722838],[970323.221599999815226,1609741.229100000113249],[970289.359000000171363,1609655.014499999582767],[970234.804299999959767,1609671.191099999472499]]]]}},
{"type":"Feature","properties":{"รหัสกลุ่มคิว":"15/008","รหัสรับเหมา":null,"ชื่อ-สกุล รับเหมา":null,"นักเกษตร":"1502","ศูนย์":"K2-15","โควตา":"713363","ชาวไร่":"นาง สะอาด สืบสันต์","ประเภทอ้อย":"ปลายฝน","พื้นที่":17.14,"ตันรวม":222.82,"รหัสแปลง":"320516011665","กลุ่ม":"กลุ่ม_15"},"geometry":{"type":"MultiPolygon","coordinates":[[[[990172.450799999758601,1620308.439099999144673],[990168.323099999688566,1620379.550499999895692],[990168.99129999987781,1620400.089999999850988],[990166.394000000320375,1620439.795700000599027],[990227.946600000374019,1620432.339600000530481],[990235.74199999962002,1620429.722300000488758],[990264.439199999906123,1620426.414799999445677],[990378.630400000140071,1620407.071100000292063],[990391.382100000046194,1620363.870699999853969],[990388.253399999812245,1620358.260299999266863],[990372.319099999964237,1620353.687300000339746],[990364.703700000420213,1620356.308199999853969],[990358.305399999953806,1620352.111600000411272],[990361.248300000093877,1620331.089700000360608],[990367.676099999807775,1620315.870300000533462],[990401.669499999843538,1620317.847100000828505],[990412.365299999713898,1620305.302300000563264],[990329.774699999950826,1620293.289000000804663],[990330.012000000104308,1620263.521600000560284],[990314.565700000151992,1620261.5472999997437],[990281.813699999824166,1620260.520199999213219],[990283.484199999831617,1620302.900499999523163],[990172.450799999758601,1620308.439099999144673]]]]}},
{"type":"Feature","properties":{"รหัสกลุ่มคิว":"15/003","รหัสรับเหมา":"738889","ชื่อ-สกุล รับเหมา":"รถตัดโรงงานเบอร์ 18","นักเกษตร":"1202","ศูนย์":"K2-15","โควตา":"710279","ชาวไร่":"นาย พงษ์ไทย เย็นเสมอ","ประเภทอ้อย":"ปลายฝน","พื้นที่":4.22,"ตันรวม":54.86,"รหัสแปลง":"320509031904","กลุ่ม":"กลุ่ม_15"},"geometry":{"type":"MultiPolygon","coordinates":[[[[968645.174300000071526,1614322.650399999693036],[968641.7966,1614264.840199999511242],[968641.225499999709427,1614244.500800000503659],[968625.394299999810755,1614222.340299999341369],[968589.892900000326335,1614186.05320000089705],[968557.857300000265241,1614239.462999999523163],[968613.881799999624491,1614320.587999999523163],[968626.34250000026077,1614314.8805],[968645.174300000071526,1614322.650399999693036]]]]}},
{"type":"Feature","properties":{"รหัสกลุ่มคิว":"15/004","รหัสรับเหมา":"738889","ชื่อ-สกุล รับเหมา":"รถตัดโรงงานเบอร์ 22","นักเกษตร":"1507","ศูนย์":"K2-15","โควตา":"710777","ชาวไร่":"นาง ภาวิณี ปานเพชร","ประเภทอ้อย":"ปลายฝน","พื้นที่":4.83,"ตันรวม":62.79,"รหัสแปลง":"320509131861","กลุ่ม":"กลุ่ม_15"},"geometry":{"type":"MultiPolygon","coordinates":[[[[970604.808600000105798,1607820.428999999538064],[970635.55420000012964,1607813.806600000709295],[970651.518299999646842,1607807.825999999418855],[970683.026499999687076,1607798.999800000339746],[970681.653400000184774,1607786.032500000670552],[970833.319799999706447,1607775.99070000089705],[970834.870000000111759,1607751.432299999520183],[970713.687800000421703,1607759.098799999803305],[970710.835699999704957,1607719.851399999111891],[970668.450500000268221,1607722.923599999397993],[970599.058299999684095,1607744.336799999698997],[970604.808600000105798,1607820.428999999538064]]]]}},
{"type":"Feature","properties":{"รหัสกลุ่มคิว":"15/007","รหัสรับเหมา":"722724","ชื่อ-สกุล รับเหมา":"นาง ณีรนุช แถวถิ่น","นักเกษตร":"1501","ศูนย์":"K2-15","โควตา":"723652","ชาวไร่":"นาย ฉัตรณรงค์ สุขประสงค์","ประเภทอ้อย":"ตอ1","พื้นที่":3.74,"ตันรวม":33.66,"รหัสแปลง":"320606121690","กลุ่ม":"กลุ่ม_15"},"geometry":{"type":"MultiPolygon","coordinates":[[[[977077.471699999645352,1603678.488900000229478],[977114.186999999918044,1603674.130799999460578],[977100.218799999915063,1603515.00139999948442],[977062.483199999667704,1603519.17259999923408],[977077.471699999645352,1603678.488900000229478]]]]}},
{"type":"Feature","properties":{"รหัสกลุ่มคิว":"15/003","รหัสรับเหมา":"738889","ชื่อ-สกุล รับเหมา":"รถตัดโรงงานเบอร์ 18","นักเกษตร":"1202","ศูนย์":"K2-15","โควตา":"715575","ชาวไร่":"นาย เหียด เรืองสุขสุด","ประเภทอ้อย":"ปลายฝน","พื้นที่":12.19,"ตันรวม":158.47,"รหัสแปลง":"320509031908","กลุ่ม":"กลุ่ม_15"},"geometry":{"type":"MultiPolygon","coordinates":[[[[968383.67960000038147,1613473.1064],[968321.433199999853969,1613658.819499999284744],[968357.722400000318885,1613672.637900000438094],[968421.367700000293553,1613677.735300000756979],[968479.820899999700487,1613502.117599999532104],[968383.67960000038147,1613473.1064]]]]}},
{"type":"Feature","properties":{"รหัสกลุ่มคิว":"15/008","รหัสรับเหมา":null,"ชื่อ-สกุล รับเหมา":null,"นักเกษตร":"1502","ศูนย์":"K2-15","โควตา":"712368","ชาวไร่":"นาง กมลวัทน์ คลายทุกข์","ประเภทอ้อย":"ปลายฝน","พื้นที่":8.33,"ตันรวม":108.29,"รหัสแปลง":"320501171611","กลุ่ม":"กลุ่ม_15"},"geometry":{"type":"MultiPolygon","coordinates":[[[[978425.693699999712408,1622267.118699999526143],[978252.503700000233948,1622322.518899999558926],[978278.722799999639392,1622380.904200000688434],[978345.82799999974668,1622355.5954],[978381.927699999883771,1622378.305400000885129],[978447.978699999861419,1622351.681900000199676],[978425.693699999712408,1622267.118699999526143]]]]}},
{"type":"Feature","properties":{"รหัสกลุ่มคิว":"15/004","รหัสรับเหมา":"738889","ชื่อ-สกุล รับเหมา":"รถตัดโรงงานเบอร์ 22","นักเกษตร":"1507","ศูนย์":"K2-15","โควตา":"710469","ชาวไร่":"นาง วันเพ็ญ ฉนวนรัมย์","ประเภทอ้อย":"ตอ5","พื้นที่":21.66,"ตันรวม":151.62,"รหัสแปลง":"320515071621","กลุ่ม":"กลุ่ม_15"},"geometry":{"type":"MultiPolygon","coordinates":[[[[972405.597400000318885,1619937.557199999690056],[972328.125099999830127,1619940.681399999186397],[972341.654099999926984,1620013.784900000318885],[972408.166600000113249,1620009.52449999935925],[972411.709599999710917,1619993.878399999812245],[972409.582899999804795,1619945.584000000730157],[972405.597400000318885,1619937.557199999690056]]]]}},
{"type":"Feature","properties":{"รหัสกลุ่มคิว":"15/004","รหัสรับเหมา":"738889","ชื่อ-สกุล รับเหมา":"รถตัดโรงงานเบอร์ 22","นักเกษตร":"1507","ศูนย์":"K2-15","โควตา":"715514","ชาวไร่":"นางสาว เรียม บูรณะ","ประเภทอ้อย":"ตอ1","พื้นที่":4.26,"ตันรวม":38.34,"รหัสแปลง":"320509131863","กลุ่ม":"กลุ่ม_15"},"geometry":{"type":"MultiPolygon","coordinates":[[[[970988.710199999623001,1607682.713899999856949],[970917.041100000031292,1607672.3388],[970906.931800000369549,1607705.993000000715256],[970904.674999999813735,1607729.272700000554323],[970904.676199999637902,1607777.057199999690056],[970967.691899999976158,1607764.832100000232458],[970972.986700000241399,1607760.3125],[970988.710199999623001,1607682.713899999856949]]]]}},
{"type":"Feature","properties":{"รหัสกลุ่มคิว":"15/004","รหัสรับเหมา":"738889","ชื่อ-สกุล รับเหมา":"รถตัดโรงงานเบอร์ 22","นักเกษตร":"1507","ศูนย์":"K2-15","โควตา":"715514","ชาวไร่":"นางสาว เรียม บูรณะ","ประเภทอ้อย":"ตอ2","พื้นที่":4.37,"ตันรวม":34.96,"รหัสแปลง":"320509131864","กลุ่ม":"กลุ่ม_15"},"geometry":{"type":"MultiPolygon","coordinates":[[[[969854.872499999590218,1607763.640699999406934],[969864.151999999769032,1607795.140000000596046],[970017.963000000454485,1607757.017300000414252],[970008.930700000375509,1607703.455800000578165],[969854.872499999590218,1607763.640699999406934]]]]}},
{"type":"Feature","properties":{"รหัสกลุ่มคิว":"15/008","รหัสรับเหมา":null,"ชื่อ-สกุล รับเหมา":null,"นักเกษตร":"1502","ศูนย์":"K2-15","โควตา":"710492","ชาวไร่":"นาย ชูเกียรติ แสงลํ้า","ประเภทอ้อย":"ตอ2","พื้นที่":36.04,"ตันรวม":288.32,"รหัสแปลง":"320501171613","กลุ่ม":"กลุ่ม_15"},"geometry":{"type":"MultiPolygon","coordinates":[[[[976329.947700000368059,1622472.251800000667572],[976289.447800000198185,1622659.887900000438094],[976479.956199999898672,1622688.392300000414252],[976443.683000000193715,1622763.369899999350309],[976496.588299999944866,1622773.555400000885129],[976505.132399999536574,1622766.953199999406934],[976510.919800000265241,1622772.690600000321865],[976574.507299999706447,1622776.298100000247359],[976587.568300000391901,1622545.377599999308586],[976329.947700000368059,1622472.251800000667572]]]]}},
{"type":"Feature","properties":{"รหัสกลุ่มคิว":"15/008","รหัสรับเหมา":null,"ชื่อ-สกุล รับเหมา":null,"นักเกษตร":"1502","ศูนย์":"K2-15","โควตา":"715682","ชาวไร่":"นาง ผกามาส กลีพัด","ประเภทอ้อย":"ตอ1","พื้นที่":15.31,"ตันรวม":137.79,"รหัสแปลง":"320501131647","กลุ่ม":"กลุ่ม_15"},"geometry":{"type":"MultiPolygon","coordinates":[[[[971853.337899999693036,1620623.5713],[971841.492700000293553,1620746.979100000113249],[972053.586199999786913,1620745.727099999785423],[972082.364299999549985,1620669.0793999992311],[972071.158400000073016,1620661.926699999719858],[972044.267699999734759,1620647.023299999535084],[972012.817599999718368,1620640.832100000232458],[971945.267900000326335,1620631.990800000727177],[971904.746299999766052,1620629.073999999091029],[971853.337899999693036,1620623.5713]]]]}},
{"type":"Feature","properties":{"รหัสกลุ่มคิว":"15/008","รหัสรับเหมา":null,"ชื่อ-สกุล รับเหมา":null,"นักเกษตร":"1502","ศูนย์":"K2-15","โควตา":"716294","ชาวไร่":"นาง อัจจิมา ผิวทอง","ประเภทอ้อย":"ตอ1","พื้นที่":4.0,"ตันรวม":36.0,"รหัสแปลง":"320502051792","กลุ่ม":"กลุ่ม_15"},"geometry":{"type":"MultiPolygon","coordinates":[[[[981621.633399999700487,1630252.568399999290705],[981686.798499999567866,1630532.05629999935627],[981707.115600000135601,1630529.011499999091029],[981644.2659,1630244.952099999412894],[981621.633399999700487,1630252.568399999290705]]]]}},
{"type":"Feature","properties":{"รหัสกลุ่มคิว":"15/004","รหัสรับเหมา":"738889","ชื่อ-สกุล รับเหมา":"รถตัดโรงงานเบอร์ 22","นักเกษตร":"1507","ศูนย์":"K2-15","โควตา":"715666","ชาวไร่":"นาย นคร สาลี","ประเภทอ้อย":"ตอ1","พื้นที่":7.72,"ตันรวม":69.48,"รหัสแปลง":"320509131868","กลุ่ม":"กลุ่ม_15"},"geometry":{"type":"MultiPolygon","coordinates":[[[[970923.891699999570847,1607947.3388],[970781.294700000435114,1607937.198999999091029],[970778.306900000199676,1608025.532299999147654],[970870.666699999943376,1608033.004300000146031],[970872.568799999542534,1608025.651000000536442],[970919.685999999754131,1608025.9221],[970923.925200000405312,1608020.627800000831485],[970923.065499999560416,1607990.768400000408292],[970923.016900000162423,1607980.422800000756979],[970922.810899999924004,1607974.356899999082088],[970926.189000000245869,1607950.570699999108911],[970923.891699999570847,1607947.3388]]]]}},
{"type":"Feature","properties":{"รหัสกลุ่มคิว":"15/004","รหัสรับเหมา":"738889","ชื่อ-สกุล รับเหมา":"รถตัดโรงงานเบอร์ 22","นักเกษตร":"1507","ศูนย์":"K2-15","โควตา":"715351","ชาวไร่":"นาย ณัฏฐ์ธเนศ สีน้ำคำ","ประเภทอ้อย":"ตอ1","พื้นที่":11.39,"ตันรวม":102.51,"รหัสแปลง":"320509131869","กลุ่ม":"กลุ่ม_15"},"geometry":{"type":"MultiPolygon","coordinates":[[[[970590.113800000399351,1607578.986300000920892],[970520.024100000038743,1607583.606899999082088],[970519.24199999962002,1607561.0131],[970509.596300000324845,1607549.090800000354648],[970285.920599999837577,1607594.309100000187755],[970283.832200000062585,1607595.5197],[970307.900000000372529,1607666.174900000914931],[970586.809299999848008,1607601.176699999719858],[970587.493999999947846,1607602.793600000441074],[970590.113800000399351,1607578.986300000920892]]]]}},
{"type":"Feature","properties":{"รหัสกลุ่มคิว":"15/008","รหัสรับเหมา":null,"ชื่อ-สกุล รับเหมา":null,"นักเกษตร":"1502","ศูนย์":"K2-15","โควตา":"710579","ชาวไร่":"นางสาว รัชนี ชารัมย์","ประเภทอ้อย":"ตอ4","พื้นที่":4.69,"ตันรวม":32.83,"รหัสแปลง":"320506041558","กลุ่ม":"กลุ่ม_15"},"geometry":{"type":"MultiPolygon","coordinates":[[[[979365.104199999943376,1624517.796299999579787],[979413.917600000277162,1624507.10840000025928],[979415.422600000165403,1624503.809900000691414],[979433.089599999599159,1624502.49349999986589],[979419.814899999648333,1624390.3706],[979361.408099999651313,1624394.5833],[979365.104199999943376,1624517.796299999579787]]]]}},
{"type":"Feature","properties":{"รหัสกลุ่มคิว":"15/003","รหัสรับเหมา":"738889","ชื่อ-สกุล รับเหมา":"รถตัดโรงงานเบอร์ 18","นักเกษตร":"1202","ศูนย์":"K2-15","โควตา":"719116","ชาวไร่":"นางสาว กุสุมา พ่อค้า","ประเภทอ้อย":"ตอ1","พื้นที่":5.12,"ตันรวม":46.08,"รหัสแปลง":"320509161769","กลุ่ม":"กลุ่ม_15"},"geometry":{"type":"MultiPolygon","coordinates":[[[[968831.341699999757111,1612946.309900000691414],[968855.760099999606609,1613067.013900000602007],[968899.091699999757111,1613061.858899999409914],[968950.099100000225008,1613054.052200000733137],[968903.123100000433624,1612982.151000000536442],[968858.713299999944866,1612944.187599999830127],[968831.341699999757111,1612946.309900000691414]]]]}},
{"type":"Feature","properties":{"รหัสกลุ่มคิว":"15/007","รหัสรับเหมา":"722724","ชื่อ-สกุล รับเหมา":"นาง ณีรนุช แถวถิ่น","นักเกษตร":"1501","ศูนย์":"K2-15","โควตา":"715422","ชาวไร่":"นาง สุภาพ โฉลกดี","ประเภทอ้อย":"ปลายฝน","พื้นที่":2.17,"ตันรวม":28.21,"รหัสแปลง":"320606011907","กลุ่ม":"กลุ่ม_15"},"geometry":{"type":"MultiPolygon","coordinates":[[[[979771.079800000414252,1599652.510700000450015],[979710.29009999986738,1599541.890000000596046],[979681.58420000039041,1599555.337200000882149],[979747.651999999769032,1599660.16609999909997],[979771.079800000414252,1599652.510700000450015]]]]}},
{"type":"Feature","properties":{"รหัสกลุ่มคิว":"15/003","รหัสรับเหมา":"738889","ชื่อ-สกุล รับเหมา":"รถตัดโรงงานเบอร์ 18","นักเกษตร":"1202","ศูนย์":"K2-15","โควตา":"722602","ชาวไร่":"นาย แหลม ค้ำคูณ","ประเภทอ้อย":"ตอ1","พื้นที่":8.22,"ตันรวม":73.98,"รหัสแปลง":"320606031897","กลุ่ม":"กลุ่ม_15"},"geometry":{"type":"MultiPolygon","coordinates":[[[[977929.791899999603629,1609187.732899999246001],[977812.06180000025779,1609139.054099999368191],[977806.071800000034273,1609151.383400000631809],[977801.503899999894202,1609167.732799999415874],[977812.390599999576807,1609186.009700000286102],[977813.791299999691546,1609202.589199999347329],[977807.007399999536574,1609214.287399999797344],[977798.602800000458956,1609224.63289999961853],[977793.980800000019372,1609242.545399999246001],[977836.337000000290573,1609257.906899999827147],[977839.202100000344217,1609262.019400000572205],[977923.376299999654293,1609280.949899999424815],[977934.635999999940395,1609226.384199999272823],[977933.331199999898672,1609221.675200000405312],[977936.735000000335276,1609218.750600000843406],[977939.63370000012219,1609201.437999999150634],[977927.424100000411272,1609198.749199999496341],[977929.791899999603629,1609187.732899999246001]]]]}},
{"type":"Feature","properties":{"รหัสกลุ่มคิว":"15/003","รหัสรับเหมา":"738889","ชื่อ-สกุล รับเหมา":"รถตัดโรงงานเบอร์ 18","นักเกษตร":"1202","ศูนย์":"K2-15","โควตา":"715231","ชาวไร่":"นางสาว เปียน ดวงเด่นฉาย","ประเภทอ้อย":"ปลายฝน","พื้นที่":10.25,"ตันรวม":133.25,"รหัสแปลง":"320606121693","กลุ่ม":"กลุ่ม_15"},"geometry":{"type":"MultiPolygon","coordinates":[[[[977307.75690000038594,1603391.237199999392033],[977258.971199999563396,1603398.614299999549985],[977252.173100000247359,1603433.4265],[977183.271300000138581,1603418.9682],[977186.13910000026226,1603531.619300000369549],[977291.491899999789894,1603552.32880000025034],[977328.767,1603394.786299999803305],[977313.880099999718368,1603391.355499999597669],[977307.75690000038594,1603391.237199999392033]]]]}},
{"type":"Feature","properties":{"รหัสกลุ่มคิว":"15/007","รหัสรับเหมา":"722724","ชื่อ-สกุล รับเหมา":"นาง ณีรนุช แถวถิ่น","นักเกษตร":"1501","ศูนย์":"K2-15","โควตา":"711000","ชาวไร่":"นาง ประสงค์ ธูปน้ำคำ","ประเภทอ้อย":"ปลายฝน","พื้นที่":5.99,"ตันรวม":77.87,"รหัสแปลง":"320509131870","กลุ่ม":"กลุ่ม_15"},"geometry":{"type":"MultiPolygon","coordinates":[[[[972265.438000000081956,1608112.525800000876188],[972277.752299999818206,1608062.106100000441074],[972273.400000000372529,1608054.257799999788404],[972264.61739999987185,1608042.627000000327826],[972256.607400000095367,1608037.666600000113249],[972242.288599999621511,1608032.955],[972214.5159,1608025.397099999710917],[972182.623300000093877,1608016.650900000706315],[972153.00760000012815,1608011.276200000196695],[972132.759499999694526,1608080.955800000578165],[972265.438000000081956,1608112.525800000876188]]]]}},
{"type":"Feature","properties":{"รหัสกลุ่มคิว":"15/008","รหัสรับเหมา":null,"ชื่อ-สกุล รับเหมา":null,"นักเกษตร":"1502","ศูนย์":"K2-15","โควตา":"719271","ชาวไร่":"นาย บุญสงค์ นากอก","ประเภทอ้อย":"ตอ1","พื้นที่":4.43,"ตันรวม":39.87,"รหัสแปลง":"320515101693","กลุ่ม":"กลุ่ม_15"},"geometry":{"type":"MultiPolygon","coordinates":[[[[973871.924100000411272,1616801.606300000101328],[973813.871799999848008,1616810.473400000482798],[973823.826100000180304,1616875.370300000533462],[973851.321800000034273,1616871.406999999657273],[973872.172799999825656,1616958.574200000613928],[973905.474200000055134,1616951.264499999582767],[973871.924100000411272,1616801.606300000101328]]]]}},
{"type":"Feature","properties":{"รหัสกลุ่มคิว":"15/001","รหัสรับเหมา":"738889","ชื่อ-สกุล รับเหมา":"รถตัดโรงงานเบอร์ 01","นักเกษตร":"1503","ศูนย์":"K2-15","โควตา":"715467","ชาวไร่":"นาง มาลี ศรีปุชัยนนท์","ประเภทอ้อย":"ปลายฝน","พื้นที่":10.45,"ตันรวม":135.85,"รหัสแปลง":"320509015579","กลุ่ม":"กลุ่ม_15"},"geometry":{"type":"MultiPolygon","coordinates":[[[[972784.210099999792874,1608522.925699999555945],[972861.367899999953806,1608528.660000000149012],[972883.552099999971688,1608302.056900000199676],[972812.052000000141561,1608301.7928],[972784.210099999792874,1608522.925699999555945]]]]}},
{"type":"Feature","properties":{"รหัสกลุ่มคิว":"15/007","รหัสรับเหมา":"722724","ชื่อ-สกุล รับเหมา":"นาง ณีรนุช แถวถิ่น","นักเกษตร":"1501","ศูนย์":"K2-15","โควตา":"719213","ชาวไร่":"นาย โปร่ง โฉลกดี","ประเภทอ้อย":"ตอ1","พื้นที่":2.24,"ตันรวม":20.16,"รหัสแปลง":"320606011909","กลุ่ม":"กลุ่ม_15"},"geometry":{"type":"MultiPolygon","coordinates":[[[[979658.723899999633431,1599445.685699999332428],[979627.419700000435114,1599467.686699999496341],[979668.984000000171363,1599525.835100000724196],[979684.392699999734759,1599555.803099999204278],[979711.197599999606609,1599542.035199999809265],[979712.3432,1599540.0461],[979658.723899999633431,1599445.685699999332428]]]]}},
{"type":"Feature","properties":{"รหัสกลุ่มคิว":"15/007","รหัสรับเหมา":"722724","ชื่อ-สกุล รับเหมา":"นาง ณีรนุช แถวถิ่น","นักเกษตร":"1501","ศูนย์":"K2-15","โควตา":"719307","ชาวไร่":"นางสาว จิตตราภรณ์ เจ็นกระบวน","ประเภทอ้อย":"ปลายฝน","พื้นที่":17.6,"ตันรวม":228.8,"รหัสแปลง":"320606131674","กลุ่ม":"กลุ่ม_15"},"geometry":{"type":"MultiPolygon","coordinates":[[[[978218.704800000414252,1603671.479299999773502],[978223.964200000278652,1603936.029999999329448],[978331.947700000368059,1603937.350099999457598],[978333.69469999987632,1603696.575799999758601],[978280.552400000393391,1603685.011399999260902],[978257.39850000012666,1603679.620899999514222],[978218.704800000414252,1603671.479299999773502]]]]}},
{"type":"Feature","properties":{"รหัสกลุ่มคิว":"15/004","รหัสรับเหมา":"738889","ชื่อ-สกุล รับเหมา":"รถตัดโรงงานเบอร์ 22","นักเกษตร":"1507","ศูนย์":"K2-15","โควตา":"710020","ชาวไร่":"นาย โฮม สาแก้ว","ประเภทอ้อย":"ปลายฝน","พื้นที่":3.46,"ตันรวม":44.98,"รหัสแปลง":"320509091738","กลุ่ม":"กลุ่ม_15"},"geometry":{"type":"MultiPolygon","coordinates":[[[[972271.804700000211596,1607792.4627],[972265.402499999850988,1607826.787799999117851],[972418.715800000354648,1607866.30629999935627],[972425.700500000268221,1607839.936799999326468],[972426.7818,1607832.6952],[972271.804700000211596,1607792.4627]]]]}},
{"type":"Feature","properties":{"รหัสกลุ่มคิว":"15/004","รหัสรับเหมา":"738889","ชื่อ-สกุล รับเหมา":"รถตัดโรงงานเบอร์ 22","นักเกษตร":"1507","ศูนย์":"K2-15","โควตา":"710866","ชาวไร่":"นาง สุเทพ ยืนยง","ประเภทอ้อย":"ปลายฝน","พื้นที่":4.44,"ตันรวม":57.72,"รหัสแปลง":"320509131871","กลุ่ม":"กลุ่ม_15"},"geometry":{"type":"MultiPolygon","coordinates":[[[[970336.808199999853969,1608164.416899999603629],[970368.209699999541044,1608156.049799999222159],[970373.252399999648333,1608151.448599999770522],[970347.255199999548495,1607965.840600000694394],[970310.680900000035763,1607976.730000000447035],[970318.312400000169873,1608029.404400000348687],[970328.035899999551475,1608096.173800000920892],[970336.808199999853969,1608164.416899999603629]]]]}},
{"type":"Feature","properties":{"รหัสกลุ่มคิว":"15/004","รหัสรับเหมา":"738889","ชื่อ-สกุล รับเหมา":"รถตัดโรงงานเบอร์ 22","นักเกษตร":"1507","ศูนย์":"K2-15","โควตา":"719353","ชาวไร่":"นาย วิโรจน์ ทองสุข","ประเภทอ้อย":"ตอ1","พื้นที่":3.36,"ตันรวม":30.24,"รหัสแปลง":"320509091739","กลุ่ม":"กลุ่ม_15"},"geometry":{"type":"MultiPolygon","coordinates":[[[[972045.563299999572337,1604796.485300000756979],[971963.6727,1605072.652100000530481],[971980.375500000081956,1605076.609899999573827],[972010.979600000195205,1604979.676000000908971],[972039.430399999953806,1604889.379499999806285],[972037.001199999824166,1604885.286499999463558],[972030.078499999828637,1604881.165200000628829],[972035.114699999801815,1604867.120899999514222],[972044.365399999544024,1604870.281700000166893],[972065.307900000363588,1604803.934499999508262],[972045.563299999572337,1604796.485300000756979]]]]}},
{"type":"Feature","properties":{"รหัสกลุ่มคิว":"15/003","รหัสรับเหมา":"738889","ชื่อ-สกุล รับเหมา":"รถตัดโรงงานเบอร์ 18","นักเกษตร":"1202","ศูนย์":"K2-15","โควตา":"719126","ชาวไร่":"นาง ละเอียด ศรีสุข","ประเภทอ้อย":"ตอ1","พื้นที่":6.21,"ตันรวม":55.89,"รหัสแปลง":"320606071804","กลุ่ม":"กลุ่ม_15"},"geometry":{"type":"MultiPolygon","coordinates":[[[[976509.471400000154972,1608762.177899999544024],[976468.275000000372529,1608512.662200000137091],[976445.908499999903142,1608447.438799999654293],[976397.606499999761581,1608454.58420000039041],[976408.956699999980628,1608519.114],[976440.269199999980628,1608514.556199999526143],[976487.328300000168383,1608764.931800000369549],[976509.471400000154972,1608762.177899999544024]]]]}},
{"type":"Feature","properties":{"รหัสกลุ่มคิว":"15/004","รหัสรับเหมา":"738889","ชื่อ-สกุล รับเหมา":"รถตัดโรงงานเบอร์ 22","นักเกษตร":"1507","ศูนย์":"K2-15","โควตา":"710777","ชาวไร่":"นาง ภาวิณี ปานเพชร","ประเภทอ้อย":"ตอ1","พื้นที่":2.91,"ตันรวม":26.19,"รหัสแปลง":"320509131872","กลุ่ม":"กลุ่ม_15"},"geometry":{"type":"MultiPolygon","coordinates":[[[[970715.61629999987781,1607758.428400000557303],[970836.776999999769032,1607749.85190000012517],[970838.602099999785423,1607718.039599999785423],[970768.567400000058115,1607714.665200000628829],[970759.455000000074506,1607715.066700000315905],[970711.942200000397861,1607719.519500000402331],[970715.61629999987781,1607758.428400000557303]]]]}},
{"type":"Feature","properties":{"รหัสกลุ่มคิว":"15/003","รหัสรับเหมา":"738889","ชื่อ-สกุล รับเหมา":"รถตัดโรงงานเบอร์ 18","นักเกษตร":"1202","ศูนย์":"K2-15","โควตา":"722672","ชาวไร่":"นาย พิกุล ดาวัลย์","ประเภทอ้อย":"ตอ1","พื้นที่":4.1,"ตันรวม":36.9,"รหัสแปลง":"320606091670","กลุ่ม":"กลุ่ม_15"},"geometry":{"type":"MultiPolygon","coordinates":[[[[974661.577600000426173,1603311.646600000560284],[974446.325000000186265,1603335.26490000076592],[974653.521499999798834,1603373.485500000417233],[974661.577600000426173,1603311.646600000560284]]]]}},
{"type":"Feature","properties":{"รหัสกลุ่มคิว":"15/004","รหัสรับเหมา":"738889","ชื่อ-สกุล รับเหมา":"รถตัดโรงงานเบอร์ 22","นักเกษตร":"1507","ศูนย์":"K2-15","โควตา":"710059","ชาวไร่":"นาย บุญทนุ จินดาศรี","ประเภทอ้อย":"ตอ1","พื้นที่":5.4,"ตันรวม":48.6,"รหัสแปลง":"320509131873","กลุ่ม":"กลุ่ม_15"},"geometry":{"type":"MultiPolygon","coordinates":[[[[971799.260900000110269,1607340.820699999108911],[971807.233500000089407,1607360.219900000840425],[971845.306900000199676,1607365.688999999314547],[971852.731700000353158,1607371.195599999278784],[971857.5636,1607374.691299999132752],[971905.411600000225008,1607341.373199999332428],[971950.122100000269711,1607295.430500000715256],[971989.600700000301003,1607260.223899999633431],[971981.195000000298023,1607253.78999999910593],[971965.128399999812245,1607245.817299999296665],[971878.912399999797344,1607295.46059999987483],[971799.260900000110269,1607340.820699999108911]]]]}},
{"type":"Feature","properties":{"รหัสกลุ่มคิว":"15/007","รหัสรับเหมา":"722724","ชื่อ-สกุล รับเหมา":"นาง ณีรนุช แถวถิ่น","นักเกษตร":"1501","ศูนย์":"K2-15","โควตา":"719215","ชาวไร่":"นาย ประนอม ฉายแก้ว","ประเภทอ้อย":"ตอ2","พื้นที่":4.84,"ตันรวม":38.72,"รหัสแปลง":"320606011913","กลุ่ม":"กลุ่ม_15"},"geometry":{"type":"MultiPolygon","coordinates":[[[[981256.944600000046194,1599023.5493],[981223.472900000400841,1599045.6667],[981343.340900000184774,1599201.5304000005126],[981356.624900000169873,1599182.028999999165535],[981360.101599999703467,1599151.88990000076592],[981256.944600000046194,1599023.5493]]]]}},
{"type":"Feature","properties":{"รหัสกลุ่มคิว":"15/007","รหัสรับเหมา":"722724","ชื่อ-สกุล รับเหมา":"นาง ณีรนุช แถวถิ่น","นักเกษตร":"1501","ศูนย์":"K2-15","โควตา":"715510","ชาวไร่":"นาง อำพร ฟอว์ซีทท์","ประเภทอ้อย":"ตอ1","พื้นที่":3.04,"ตันรวม":27.36,"รหัสแปลง":"320606081799","กลุ่ม":"กลุ่ม_15"},"geometry":{"type":"MultiPolygon","coordinates":[[[[981784.747899999842048,1601551.528799999505281],[981773.248200000263751,1601479.776399999856949],[981718.780500000342727,1601489.682600000873208],[981741.267,1601637.151100000366569],[981750.729399999603629,1601621.8618],[981741.858300000429153,1601558.1382],[981784.747899999842048,1601551.528799999505281]]]]}},
{"type":"Feature","properties":{"รหัสกลุ่มคิว":"15/001","รหัสรับเหมา":"738889","ชื่อ-สกุล รับเหมา":"รถตัดโรงงานเบอร์ 01","นักเกษตร":"1503","ศูนย์":"K2-15","โควตา":"715132","ชาวไร่":"นาง คำพวน ศรีสุข","ประเภทอ้อย":"ปลายฝน","พื้นที่":6.66,"ตันรวม":86.58,"รหัสแปลง":"320509101712","กลุ่ม":"กลุ่ม_15"},"geometry":{"type":"MultiPolygon","coordinates":[[[[974823.563699999824166,1609784.864299999549985],[974835.998100000433624,1609811.649700000882149],[974837.199199999682605,1609835.689099999144673],[974882.580000000074506,1609832.094799999147654],[974995.07039999961853,1609835.023700000718236],[975040.917299999855459,1609836.1743],[975045.913399999961257,1609782.227099999785423],[974823.563699999824166,1609784.864299999549985]]]]}},
{"type":"Feature","properties":{"รหัสกลุ่มคิว":"15/008","รหัสรับเหมา":null,"ชื่อ-สกุล รับเหมา":null,"นักเกษตร":"1502","ศูนย์":"K2-15","โควตา":"712371","ชาวไร่":"นาย ประทีป ปลายแก่น","ประเภทอ้อย":"ตอ1","พื้นที่":11.44,"ตันรวม":102.96,"รหัสแปลง":"320501141683","กลุ่ม":"กลุ่ม_15"},"geometry":{"type":"MultiPolygon","coordinates":[[[[977386.744400000199676,1625230.852700000628829],[977304.371000000275671,1625239.683499999344349],[977246.138100000098348,1625244.758899999782443],[977248.645600000396371,1625268.8531],[977252.721300000324845,1625284.513699999079108],[977275.221300000324845,1625318.933900000527501],[977284.713000000454485,1625334.273600000888109],[977313.561999999918044,1625374.274000000208616],[977338.462600000202656,1625399.331900000572205],[977399.118200000375509,1625397.646800000220537],[977386.744400000199676,1625230.852700000628829]]]]}},
{"type":"Feature","properties":{"รหัสกลุ่มคิว":"15/003","รหัสรับเหมา":"738889","ชื่อ-สกุล รับเหมา":"รถตัดโรงงานเบอร์ 18","นักเกษตร":"1202","ศูนย์":"K2-15","โควตา":"722672","ชาวไร่":"นาย พิกุล ดาวัลย์","ประเภทอ้อย":"ตอ1","พื้นที่":2.93,"ตันรวม":26.37,"รหัสแปลง":"320606091671","กลุ่ม":"กลุ่ม_15"},"geometry":{"type":"MultiPolygon","coordinates":[[[[974849.449799999594688,1603404.121500000357628],[974893.675499999895692,1603418.283299999311566],[974903.08739999961108,1603406.631899999454618],[974928.863599999807775,1603415.262399999424815],[974941.46129999961704,1603369.099500000476837],[974845.261300000362098,1603350.24070000089705],[974842.612200000323355,1603356.8454],[974849.493400000035763,1603364.372999999672174],[974842.631199999712408,1603374.594399999827147],[974840.884899999946356,1603390.4605],[974851.78139999974519,1603395.292099999263883],[974849.449799999594688,1603404.121500000357628]]]]}},
{"type":"Feature","properties":{"รหัสกลุ่มคิว":"15/004","รหัสรับเหมา":"738889","ชื่อ-สกุล รับเหมา":"รถตัดโรงงานเบอร์ 22","นักเกษตร":"1507","ศูนย์":"K2-15","โควตา":"715666","ชาวไร่":"นาย นคร สาลี","ประเภทอ้อย":"ตอ2","พื้นที่":7.45,"ตันรวม":59.6,"รหัสแปลง":"320509131876","กลุ่ม":"กลุ่ม_15"},"geometry":{"type":"MultiPolygon","coordinates":[[[[970745.16509999986738,1608042.996899999678135],[970744.374099999666214,1608126.590299999341369],[970748.42119999974966,1608179.318600000813603],[970760.03969999961555,1608174.495899999514222],[970770.091500000096858,1608172.376499999314547],[970795.971599999815226,1608162.060799999162555],[970808.274299999698997,1608156.6678],[970813.372600000351667,1608158.661000000312924],[970825.391400000080466,1608161.3289],[970826.381299999542534,1608161.104900000616908],[970832.36809999961406,1608137.2588],[970835.676199999637902,1608032.197699999436736],[970749.792600000277162,1608028.862800000235438],[970747.574799999594688,1608037.5811],[970743.190200000070035,1608037.149000000208616],[970745.16509999986738,1608042.996899999678135]]]]}},
{"type":"Feature","properties":{"รหัสกลุ่มคิว":"15/003","รหัสรับเหมา":"738889","ชื่อ-สกุล รับเหมา":"รถตัดโรงงานเบอร์ 18","นักเกษตร":"1202","ศูนย์":"K2-15","โควตา":"722588","ชาวไร่":"นาง จุรีรัตน์ ใสพร้าว","ประเภทอ้อย":"ตอ1","พื้นที่":3.93,"ตันรวม":35.37,"รหัสแปลง":"320606071807","กลุ่ม":"กลุ่ม_15"},"geometry":{"type":"MultiPolygon","coordinates":[[[[977722.778500000014901,1609509.776399999856949],[977709.94620000012219,1609513.510800000280142],[977635.042299999855459,1609511.932099999859929],[977602.343999999575317,1609567.298499999567866],[977714.761599999852479,1609580.796599999070168],[977722.778500000014901,1609509.776399999856949]]]]}},
{"type":"Feature","properties":{"รหัสกลุ่มคิว":"15/007","รหัสรับเหมา":"722724","ชื่อ-สกุล รับเหมา":"นาง ณีรนุช แถวถิ่น","นักเกษตร":"1501","ศูนย์":"K2-15","โควตา":"719086","ชาวไร่":"นาง รัศมี บุญอยู่","ประเภทอ้อย":"ปลายฝน","พื้นที่":18.56,"ตันรวม":241.28,"รหัสแปลง":"320606141616","กลุ่ม":"กลุ่ม_15"},"geometry":{"type":"MultiPolygon","coordinates":[[[[974912.351400000043213,1601208.762199999764562],[974920.348699999973178,1601186.360300000756979],[974923.910899999551475,1601160.360500000417233],[974923.337700000032783,1601133.911599999293685],[974612.06290000025183,1601049.898299999535084],[974587.974799999967217,1601122.751800000667572],[974912.351400000043213,1601208.762199999764562]]]]}},
{"type":"Feature","properties":{"รหัสกลุ่มคิว":"15/003","รหัสรับเหมา":"738889","ชื่อ-สกุล รับเหมา":"รถตัดโรงงานเบอร์ 18","นักเกษตร":"1202","ศูนย์":"K2-15","โควตา":"715639","ชาวไร่":"นางสาว ลักขณา มากขำ","ประเภทอ้อย":"ปลายฝน","พื้นที่":6.64,"ตันรวม":86.32,"รหัสแปลง":"320509081658","กลุ่ม":"กลุ่ม_15"},"geometry":{"type":"MultiPolygon","coordinates":[[[[968152.017300000414252,1613742.473500000312924],[968199.7659,1613731.3684],[968236.91260000038892,1613737.993200000375509],[968269.259200000204146,1613741.38370000012219],[968274.301900000311434,1613656.4408],[968132.368300000205636,1613668.151599999517202],[968125.561099999584258,1613732.355499999597669],[968139.56209999974817,1613734.656300000846386],[968152.017300000414252,1613742.473500000312924]]]]}},
{"type":"Feature","properties":{"รหัสกลุ่มคิว":"15/004","รหัสรับเหมา":"738889","ชื่อ-สกุล รับเหมา":"รถตัดโรงงานเบอร์ 22","นักเกษตร":"1507","ศูนย์":"K2-15","โควตา":"711090","ชาวไร่":"นางสาว ดวง สีน้ำคำ","ประเภทอ้อย":"ตอ2","พื้นที่":7.64,"ตันรวม":61.12,"รหัสแปลง":"320509131885","กลุ่ม":"กลุ่ม_15"},"geometry":{"type":"MultiPolygon","coordinates":[[[[969413.004099999554455,1608670.834899999201298],[969693.55449999962002,1608588.598999999463558],[969688.082499999552965,1608563.387399999424815],[969696.128299999982119,1608545.522700000554323],[969570.806200000457466,1608577.118000000715256],[969469.679999999701977,1608613.745300000533462],[969404.989500000141561,1608636.707900000736117],[969404.601300000213087,1608637.573400000110269],[969413.004099999554455,1608670.834899999201298]]]]}},
{"type":"Feature","properties":{"รหัสกลุ่มคิว":"15/003","รหัสรับเหมา":"738889","ชื่อ-สกุล รับเหมา":"รถตัดโรงงานเบอร์ 18","นักเกษตร":"1202","ศูนย์":"K2-15","โควตา":"715535","ชาวไร่":"นาง สุภาพร งามวิไล","ประเภทอ้อย":"ตอ1","พื้นที่":2.01,"ตันรวม":18.09,"รหัสแปลง":"320509161773","กลุ่ม":"กลุ่ม_15"},"geometry":{"type":"MultiPolygon","coordinates":[[[[969318.177799999713898,1612391.97069999948144],[969431.94400000013411,1612378.158700000494719],[969422.774000000208616,1612348.58049999922514],[969308.138199999928474,1612368.0844],[969318.177799999713898,1612391.97069999948144]]]]}},
{"type":"Feature","properties":{"รหัสกลุ่มคิว":"15/003","รหัสรับเหมา":"738889","ชื่อ-สกุล รับเหมา":"รถตัดโรงงานเบอร์ 18","นักเกษตร":"1202","ศูนย์":"K2-15","โควตา":"719347","ชาวไร่":"นาย พงษ์ศักดิ์ สมนิยาม","ประเภทอ้อย":"ตอ1","พื้นที่":12.44,"ตันรวม":111.96,"รหัสแปลง":"320509031921","กลุ่ม":"กลุ่ม_15"},"geometry":{"type":"MultiPolygon","coordinates":[[[[968740.0011,1614209.588400000706315],[968780.603199999779463,1614355.671499999240041],[968799.103900000452995,1614348.630400000140071],[968809.722799999639392,1614386.546700000762939],[968884.538499999791384,1614315.878200000151992],[968837.932099999859929,1614239.005899999290705],[968818.457999999634922,1614202.768999999389052],[968804.839499999769032,1614142.796],[968787.574199999682605,1614132.2982],[968786.966599999926984,1614164.084000000730157],[968789.556599999777973,1614188.721100000664592],[968768.063000000081956,1614192.192500000819564],[968760.751199999824166,1614131.970300000160933],[968753.982300000265241,1614109.287000000476837],[968721.837199999950826,1614104.790300000458956],[968740.0011,1614209.588400000706315]]]]}},
{"type":"Feature","properties":{"รหัสกลุ่มคิว":"15/007","รหัสรับเหมา":"722724","ชื่อ-สกุล รับเหมา":"นาง ณีรนุช แถวถิ่น","นักเกษตร":"1501","ศูนย์":"K2-15","โควตา":"719130","ชาวไร่":"นาย วิชาญ สุขพินิจ","ประเภทอ้อย":"ปลายฝน","พื้นที่":8.19,"ตันรวม":106.47,"รหัสแปลง":"320606011921","กลุ่ม":"กลุ่ม_15"},"geometry":{"type":"MultiPolygon","coordinates":[[[[980840.373599999584258,1598279.204],[980977.934899999760091,1598476.756400000303984],[980983.821800000034273,1598433.4206000007689],[980983.597099999897182,1598417.145500000566244],[980971.168999999761581,1598388.985300000756979],[980975.220200000330806,1598365.952099999412894],[980982.96169999986887,1598357.042600000277162],[980894.87540000025183,1598244.984899999573827],[980840.373599999584258,1598279.204]]]]}},
{"type":"Feature","properties":{"รหัสกลุ่มคิว":"15/003","รหัสรับเหมา":"738889","ชื่อ-สกุล รับเหมา":"รถตัดโรงงานเบอร์ 18","นักเกษตร":"1202","ศูนย์":"K2-15","โควตา":"719434","ชาวไร่":"นาย อนุชัย แจะไธสง","ประเภทอ้อย":"ตอ1","พื้นที่":7.82,"ตันรวม":70.38,"รหัสแปลง":"320606091672","กลุ่ม":"กลุ่ม_15"},"geometry":{"type":"MultiPolygon","coordinates":[[[[974177.332000000402331,1604254.150900000706315],[974171.370000000111759,1604281.882500000298023],[974615.360799999907613,1604408.54450000077486],[974622.503600000403821,1604386.041400000452995],[974599.434100000187755,1604384.8224],[974594.218299999833107,1604375.518400000408292],[974595.149699999950826,1604375.198000000789762],[974177.332000000402331,1604254.150900000706315]]]]}},
{"type":"Feature","properties":{"รหัสกลุ่มคิว":"15/007","รหัสรับเหมา":"722724","ชื่อ-สกุล รับเหมา":"นาง ณีรนุช แถวถิ่น","นักเกษตร":"1501","ศูนย์":"K2-15","โควตา":"723010","ชาวไร่":"นาย จำนอง สออนรัมย์","ประเภทอ้อย":"ปลายฝน","พื้นที่":30.84,"ตันรวม":400.92,"รหัสแปลง":"320606081803","กลุ่ม":"กลุ่ม_15"},"geometry":{"type":"MultiPolygon","coordinates":[[[[981886.168800000101328,1603999.5219],[981886.201100000180304,1603999.532500000670552],[981890.301500000059605,1604021.011399999260902],[981893.041799999773502,1604028.045199999585748],[981912.605100000277162,1604028.849700000137091],[981922.968399999663234,1604035.122600000351667],[982000.364299999549985,1604020.187899999320507],[982057.523599999956787,1604010.978900000452995],[982085.288399999961257,1604006.861600000411272],[982153.106800000183284,1603998.745100000873208],[982153.580099999904633,1604025.268699999898672],[982170.793600000441074,1604032.923499999567866],[982173.014600000344217,1604002.504200000315905],[982177.989500000141561,1603990.598899999633431],[982212.497700000181794,1603849.602800000458956],[982181.648199999704957,1603847.816600000485778],[982161.944600000046194,1603849.036000000312924],[982032.92119999974966,1603855.883400000631809],[981931.737900000065565,1603865.579],[981878.80420000012964,1603870.573100000619888],[981882.891099999658763,1603899.889599999412894],[981926.0318,1603896.011199999600649],[981926.867899999953806,1603901.084100000560284],[981870.984199999831617,1603910.505899999290705],[981867.145600000396371,1603918.14780000038445],[981867.476999999955297,1603920.058000000193715],[981887.115100000053644,1603948.436599999666214],[981886.168800000101328,1603999.5219]]]]}},
{"type":"Feature","properties":{"รหัสกลุ่มคิว":"15/004","รหัสรับเหมา":"738889","ชื่อ-สกุล รับเหมา":"รถตัดโรงงานเบอร์ 22","นักเกษตร":"1507","ศูนย์":"K2-15","โควตา":"715514","ชาวไร่":"นางสาว เรียม บูรณะ","ประเภทอ้อย":"ตอ2","พื้นที่":1.99,"ตันรวม":15.92,"รหัสแปลง":"320509121732","กลุ่ม":"กลุ่ม_15"},"geometry":{"type":"MultiPolygon","coordinates":[[[[969388.297199999913573,1608555.90819999948144],[969361.896399999968708,1608458.50029999949038],[969337.675699999555945,1608468.676999999210238],[969339.953599999658763,1608477.750499999150634],[969348.973699999973178,1608483.9178],[969345.180100000463426,1608493.30489999987185],[969336.771499999798834,1608495.6392],[969353.916799999773502,1608566.415699999779463],[969388.297199999913573,1608555.90819999948144]]]]}},
{"type":"Feature","properties":{"รหัสกลุ่มคิว":"15/001","รหัสรับเหมา":"738889","ชื่อ-สกุล รับเหมา":"รถตัดโรงงานเบอร์ 01","นักเกษตร":"1503","ศูนย์":"K2-15","โควตา":"715467","ชาวไร่":"นาง มาลี ศรีปุชัยนนท์","ประเภทอ้อย":"ปลายฝน","พื้นที่":12.47,"ตันรวม":162.11,"รหัสแปลง":"320509101715","กลุ่ม":"กลุ่ม_15"},"geometry":{"type":"MultiPolygon","coordinates":[[[[974180.590599999763072,1609473.056399999186397],[974173.003600000403821,1609404.027000000700355],[974083.040400000289083,1609392.02559999935329],[974006.457299999892712,1609379.717800000682473],[973955.633799999952316,1609364.655200000852346],[973938.285899999551475,1609419.1349],[973926.775100000202656,1609468.2029],[974180.590599999763072,1609473.056399999186397]]]]}},
{"type":"Feature","properties":{"รหัสกลุ่มคิว":"15/003","รหัสรับเหมา":"738889","ชื่อ-สกุล รับเหมา":"รถตัดโรงงานเบอร์ 18","นักเกษตร":"1202","ศูนย์":"K2-15","โควตา":"723433","ชาวไร่":"นาย สิงห์ จำนงดี","ประเภทอ้อย":"ปลายฝน","พื้นที่":3.55,"ตันรวม":46.15,"รหัสแปลง":"320606091673","กลุ่ม":"กลุ่ม_15"},"geometry":{"type":"MultiPolygon","coordinates":[[[[974839.869300000369549,1604988.691299999132752],[974880.146200000308454,1604838.081000000238419],[974846.544700000435114,1604829.301000000908971],[974803.050099999643862,1604978.242000000551343],[974839.869300000369549,1604988.691299999132752]]]]}},
{"type":"Feature","properties":{"รหัสกลุ่มคิว":"15/004","รหัสรับเหมา":"738889","ชื่อ-สกุล รับเหมา":"รถตัดโรงงานเบอร์ 22","นักเกษตร":"1507","ศูนย์":"K2-15","โควตา":"715122","ชาวไร่":"นาง สาธนา เที่ยงธรรม","ประเภทอ้อย":"ตอ2","พื้นที่":4.13,"ตันรวม":33.04,"รหัสแปลง":"320509131893","กลุ่ม":"กลุ่ม_15"},"geometry":{"type":"MultiPolygon","coordinates":[[[[972029.333200000226498,1607719.822300000116229],[972203.870900000445545,1607768.072000000625849],[972205.827100000344217,1607766.375700000673532],[972212.716900000348687,1607731.579700000584126],[972045.950899999588728,1607686.1667],[972029.333200000226498,1607719.822300000116229]]]]}},
{"type":"Feature","properties":{"รหัสกลุ่มคิว":"15/001","รหัสรับเหมา":"738889","ชื่อ-สกุล รับเหมา":"รถตัดโรงงานเบอร์ 01","นักเกษตร":"1503","ศูนย์":"K2-15","โควตา":"715951","ชาวไร่":"นาย สวน กันสุมาโส","ประเภทอ้อย":"ปลายฝน","พื้นที่":7.42,"ตันรวม":96.46,"รหัสแปลง":"320509015587","กลุ่ม":"กลุ่ม_15"},"geometry":{"type":"MultiPolygon","coordinates":[[[[974608.153800000436604,1609804.397700000554323],[974660.428399999625981,1609802.792999999597669],[974649.251400000415742,1609752.505100000649691],[974640.246199999935925,1609708.6097],[974628.620600000023842,1609654.851099999621511],[974619.189600000157952,1609568.052500000223517],[974616.43790000025183,1609538.106300000101328],[974615.858199999667704,1609516.621500000357628],[974575.892900000326335,1609516.316400000825524],[974608.153800000436604,1609804.397700000554323]]]]}},
{"type":"Feature","properties":{"รหัสกลุ่มคิว":"15/001","รหัสรับเหมา":"738889","ชื่อ-สกุล รับเหมา":"รถตัดโรงงานเบอร์ 01","นักเกษตร":"1503","ศูนย์":"K2-15","โควตา":"715952","ชาวไร่":"นางสาว อนงค์ ศรีสุข","ประเภทอ้อย":"ตอ3","พื้นที่":2.97,"ตันรวม":20.79,"รหัสแปลง":"320509015588","กลุ่ม":"กลุ่ม_15"},"geometry":{"type":"MultiPolygon","coordinates":[[[[972507.893600000068545,1608896.393999999389052],[972435.493400000035763,1608789.543500000610948],[972411.159900000318885,1608819.4046],[972474.785099999979138,1608919.0494],[972507.893600000068545,1608896.393999999389052]]]]}},
{"type":"Feature","properties":{"รหัสกลุ่มคิว":"15/003","รหัสรับเหมา":"738889","ชื่อ-สกุล รับเหมา":"รถตัดโรงงานเบอร์ 18","นักเกษตร":"1202","ศูนย์":"K2-15","โควตา":"719434","ชาวไร่":"นาย อนุชัย แจะไธสง","ประเภทอ้อย":"ปลายฝน","พื้นที่":6.05,"ตันรวม":78.65,"รหัสแปลง":"320606091674","กลุ่ม":"กลุ่ม_15"},"geometry":{"type":"MultiPolygon","coordinates":[[[[974529.995000000111759,1604408.676799999549985],[974538.652999999932945,1604384.721899999305606],[974165.817400000058115,1604280.879499999806285],[974159.923200000077486,1604304.97069999948144],[974529.995000000111759,1604408.676799999549985]]]]}},
{"type":"Feature","properties":{"รหัสกลุ่มคิว":"15/003","รหัสรับเหมา":"738889","ชื่อ-สกุล รับเหมา":"รถตัดโรงงานเบอร์ 18","นักเกษตร":"1202","ศูนย์":"K2-15","โควตา":"710095","ชาวไร่":"นาง อี สาคะเรศ","ประเภทอ้อย":"ตอ1","พื้นที่":5.71,"ตันรวม":51.39,"รหัสแปลง":"320509031929","กลุ่ม":"กลุ่ม_15"},"geometry":{"type":"MultiPolygon","coordinates":[[[[969541.811499999836087,1614454.35190000012517],[969504.248700000345707,1614460.1031],[969519.906899999827147,1614686.130100000649691],[969523.81319999974221,1614698.406300000846386],[969559.74210000038147,1614683.935100000351667],[969541.811499999836087,1614454.35190000012517]]]]}},
{"type":"Feature","properties":{"รหัสกลุ่มคิว":"15/007","รหัสรับเหมา":"722724","ชื่อ-สกุล รับเหมา":"นาง ณีรนุช แถวถิ่น","นักเกษตร":"1501","ศูนย์":"K2-15","โควตา":"719130","ชาวไร่":"นาย วิชาญ สุขพินิจ","ประเภทอ้อย":"ปลายฝน","พื้นที่":5.28,"ตันรวม":68.64,"รหัสแปลง":"320606131680","กลุ่ม":"กลุ่ม_15"},"geometry":{"type":"MultiPolygon","coordinates":[[[[980112.307400000281632,1599683.065300000831485],[980049.67339999973774,1599727.018100000917912],[980113.497299999929965,1599818.559399999678135],[980174.751500000245869,1599774.283900000154972],[980112.307400000281632,1599683.065300000831485]]]]}},
{"type":"Feature","properties":{"รหัสกลุ่มคิว":"15/003","รหัสรับเหมา":"738889","ชื่อ-สกุล รับเหมา":"รถตัดโรงงานเบอร์ 18","นักเกษตร":"1202","ศูนย์":"K2-15","โควตา":"719365","ชาวไร่":"นางสาว ปวีณา เย็นเสมอ","ประเภทอ้อย":"ตอ3","พื้นที่":6.16,"ตันรวม":43.12,"รหัสแปลง":"320509031930","กลุ่ม":"กลุ่ม_15"},"geometry":{"type":"MultiPolygon","coordinates":[[[[969484.285400000400841,1614270.783099999651313],[969510.389700000174344,1614459.111500000581145],[969536.17850000038743,1614457.017100000753999],[969491.27379999961704,1614112.667700000107288],[969485.026999999769032,1614109.775100000202656],[969481.844899999909103,1614078.471100000664592],[969462.468399999663234,1614084.200899999588728],[969484.285400000400841,1614270.783099999651313]]]]}},
{"type":"Feature","properties":{"รหัสกลุ่มคิว":"15/001","รหัสรับเหมา":"738889","ชื่อ-สกุล รับเหมา":"รถตัดโรงงานเบอร์ 01","นักเกษตร":"1503","ศูนย์":"K2-15","โควตา":"719352","ชาวไร่":"นาย พิทักษ์ สืบเทพ","ประเภทอ้อย":"ปลายฝน","พื้นที่":12.84,"ตันรวม":166.92,"รหัสแปลง":"320606061720","กลุ่ม":"กลุ่ม_15"},"geometry":{"type":"MultiPolygon","coordinates":[[[[973897.786899999715388,1605698.122300000861287],[973908.17960000038147,1605588.503900000825524],[973784.349899999797344,1605573.737700000405312],[973719.295300000347197,1605575.07630000077188],[973691.45920000039041,1605570.659199999645352],[973688.16399999987334,1605648.4298],[973897.786899999715388,1605698.122300000861287]]]]}},
{"type":"Feature","properties":{"รหัสกลุ่มคิว":"15/008","รหัสรับเหมา":null,"ชื่อ-สกุล รับเหมา":null,"นักเกษตร":"1502","ศูนย์":"K2-15","โควตา":"712028","ชาวไร่":"นาง สำเร็จ ไทยยิ่ง","ประเภทอ้อย":"ตอ2","พื้นที่":4.54,"ตันรวม":36.32,"รหัสแปลง":"320502061805","กลุ่ม":"กลุ่ม_15"},"geometry":{"type":"MultiPolygon","coordinates":[[[[980518.396499999798834,1631423.748500000685453],[980707.442400000058115,1631461.567399999126792],[980716.80599999986589,1631422.352700000628829],[980529.123300000093877,1631389.616399999707937],[980518.396499999798834,1631423.748500000685453]]]]}},
{"type":"Feature","properties":{"รหัสกลุ่มคิว":"15/004","รหัสรับเหมา":"738889","ชื่อ-สกุล รับเหมา":"รถตัดโรงงานเบอร์ 22","นักเกษตร":"1507","ศูนย์":"K2-15","โควตา":"719345","ชาวไร่":"นางสาว น้ำผึ้ง ศรีสุข","ประเภทอ้อย":"ตอ1","พื้นที่":3.1,"ตันรวม":27.9,"รหัสแปลง":"320509131898","กลุ่ม":"กลุ่ม_15"},"geometry":{"type":"MultiPolygon","coordinates":[[[[970945.57010000012815,1607543.3958],[970914.956699999980628,1607664.727600000798702],[970918.18099999986589,1607663.053300000727177],[970956.067999999970198,1607667.9452],[970956.784500000067055,1607667.213500000536442],[970985.653800000436604,1607554.981799999251962],[970958.161999999545515,1607547.3081],[970945.57010000012815,1607543.3958]]]]}},
{"type":"Feature","properties":{"รหัสกลุ่มคิว":"15/003","รหัสรับเหมา":"738889","ชื่อ-สกุล รับเหมา":"รถตัดโรงงานเบอร์ 18","นักเกษตร":"1202","ศูนย์":"K2-15","โควตา":"722672","ชาวไร่":"นาย พิกุล ดาวัลย์","ประเภทอ้อย":"ตอ3","พื้นที่":5.25,"ตันรวม":36.75,"รหัสแปลง":"320606091677","กลุ่ม":"กลุ่ม_15"},"geometry":{"type":"MultiPolygon","coordinates":[[[[975309.607099999673665,1603889.56870000064373],[975345.784599999897182,1603780.228900000452995],[975318.581699999980628,1603774.309599999338388],[975315.405899999663234,1603777.7971],[975270.439899999648333,1603765.386099999770522],[975237.532399999909103,1603869.850199999287724],[975309.607099999673665,1603889.56870000064373]]]]}},
{"type":"Feature","properties":{"รหัสกลุ่มคิว":"15/007","รหัสรับเหมา":"722724","ชื่อ-สกุล รับเหมา":"นาง ณีรนุช แถวถิ่น","นักเกษตร":"1501","ศูนย์":"K2-15","โควตา":"722724","ชาวไร่":"นาง ณีรนุช แถวถิ่น","ประเภทอ้อย":"ปลายฝน","พื้นที่":12.48,"ตันรวม":162.24,"รหัสแปลง":"320504041743","กลุ่ม":"กลุ่ม_15"},"geometry":{"type":"MultiPolygon","coordinates":[[[[965705.944500000216067,1620250.898],[965711.771200000308454,1620213.578199999406934],[965685.43680000025779,1620210.759600000455976],[965629.687599999830127,1620542.523299999535084],[965664.681499999947846,1620545.901399999856949],[965664.661199999973178,1620524.418400000780821],[965703.04839999973774,1620531.773299999535084],[965742.101599999703467,1620303.782700000330806],[965712.112700000405312,1620297.518999999389052],[965718.796500000171363,1620255.240299999713898],[965705.944500000216067,1620250.898]]]]}},
{"type":"Feature","properties":{"รหัสกลุ่มคิว":"15/004","รหัสรับเหมา":"738889","ชื่อ-สกุล รับเหมา":"รถตัดโรงงานเบอร์ 22","นักเกษตร":"1507","ศูนย์":"K2-15","โควตา":"715514","ชาวไร่":"นางสาว เรียม บูรณะ","ประเภทอ้อย":"ตอ1","พื้นที่":4.54,"ตันรวม":40.86,"รหัสแปลง":"320509121734","กลุ่ม":"กลุ่ม_15"},"geometry":{"type":"MultiPolygon","coordinates":[[[[969288.75069999974221,1608577.882500000298023],[969265.989799999631941,1608475.568299999460578],[969201.829900000244379,1608488.27140000090003],[969217.49100000038743,1608592.534299999475479],[969288.75069999974221,1608577.882500000298023]]]]}},
{"type":"Feature","properties":{"รหัสกลุ่มคิว":"15/004","รหัสรับเหมา":"738889","ชื่อ-สกุล รับเหมา":"รถตัดโรงงานเบอร์ 22","นักเกษตร":"1507","ศูนย์":"K2-15","โควตา":"715213","ชาวไร่":"นาย ตรีชญาภา สอนศรี","ประเภทอ้อย":"ต้นฝน","พื้นที่":4.02,"ตันรวม":44.22,"รหัสแปลง":"320509015591","กลุ่ม":"กลุ่ม_15"},"geometry":{"type":"MultiPolygon","coordinates":[[[[970672.578499999828637,1604499.723500000312924],[970713.694099999964237,1604511.213999999687076],[970759.149500000290573,1604365.273299999535084],[970719.803299999795854,1604353.031300000846386],[970672.578499999828637,1604499.723500000312924]]]]}},
{"type":"Feature","properties":{"รหัสกลุ่มคิว":"15/001","รหัสรับเหมา":"738889","ชื่อ-สกุล รับเหมา":"รถตัดโรงงานเบอร์ 01","นักเกษตร":"1503","ศูนย์":"K2-15","โควตา":"710721","ชาวไร่":"นาย สุรพล สืบเทพ","ประเภทอ้อย":"ปลายฝน","พื้นที่":14.36,"ตันรวม":186.68,"รหัสแปลง":"320509091744","กลุ่ม":"กลุ่ม_15"},"geometry":{"type":"MultiPolygon","coordinates":[[[[973954.439100000075996,1605419.877100000157952],[973768.184700000099838,1605470.450099999085069],[973765.727800000458956,1605569.371099999174476],[973805.130699999630451,1605572.19789999909699],[973934.482599999755621,1605585.244799999520183],[973940.061599999666214,1605487.841199999675155],[973948.048100000247359,1605491.20160000026226],[973954.439100000075996,1605419.877100000157952]]]]}},
{"type":"Feature","properties":{"รหัสกลุ่มคิว":"15/003","รหัสรับเหมา":"738889","ชื่อ-สกุล รับเหมา":"รถตัดโรงงานเบอร์ 18","นักเกษตร":"1202","ศูนย์":"K2-15","โควตา":"722602","ชาวไร่":"นาย แหลม ค้ำคูณ","ประเภทอ้อย":"ปลายฝน","พื้นที่":3.84,"ตันรวม":49.92,"รหัสแปลง":"320606031909","กลุ่ม":"กลุ่ม_15"},"geometry":{"type":"MultiPolygon","coordinates":[[[[979267.412499999627471,1609922.0428],[979240.520499999634922,1609923.803999999538064],[979269.487300000153482,1610152.615800000727177],[979295.817200000397861,1610153.285499999299645],[979267.412499999627471,1609922.0428]]]]}},
{"type":"Feature","properties":{"รหัสกลุ่มคิว":"15/004","รหัสรับเหมา":"738889","ชื่อ-สกุล รับเหมา":"รถตัดโรงงานเบอร์ 22","นักเกษตร":"1507","ศูนย์":"K2-15","โควตา":"719353","ชาวไร่":"นาย วิโรจน์ ทองสุข","ประเภทอ้อย":"ตอ1","พื้นที่":7.92,"ตันรวม":71.28,"รหัสแปลง":"320509015592","กลุ่ม":"กลุ่ม_15"},"geometry":{"type":"MultiPolygon","coordinates":[[[[971419.028800000436604,1608738.740000000223517],[971385.306599999777973,1608464.047800000756979],[971372.035500000230968,1608467.5263],[971373.739400000311434,1608478.432800000533462],[971368.512699999846518,1608483.59940000064671],[971364.158200000412762,1608483.177699999883771],[971362.353600000031292,1608478.150399999693036],[971356.519000000320375,1608478.948300000280142],[971362.956699999980628,1608516.576199999079108],[971337.942300000227988,1608524.561799999326468],[971371.506299999542534,1608741.513599999248981],[971419.028800000436604,1608738.740000000223517]]]]}},
{"type":"Feature","properties":{"รหัสกลุ่มคิว":"15/008","รหัสรับเหมา":null,"ชื่อ-สกุล รับเหมา":null,"นักเกษตร":"1502","ศูนย์":"K2-15","โควตา":"712004","ชาวไร่":"นาง คำพจน์ จันทร์อ่อน","ประเภทอ้อย":"ตอ1","พื้นที่":3.31,"ตันรวม":29.79,"รหัสแปลง":"320508081615","กลุ่ม":"กลุ่ม_15"},"geometry":{"type":"MultiPolygon","coordinates":[[[[989703.059299999848008,1627955.395400000736117],[989650.134399999864399,1627959.818199999630451],[989657.396900000050664,1628000.621799999848008],[989631.909199999645352,1628007.662000000476837],[989637.589900000020862,1628042.376900000497699],[989725.113900000229478,1628025.06279999949038],[989703.059299999848008,1627955.395400000736117]]]]}},
{"type":"Feature","properties":{"รหัสกลุ่มคิว":"15/004","รหัสรับเหมา":"738889","ชื่อ-สกุล รับเหมา":"รถตัดโรงงานเบอร์ 22","นักเกษตร":"1507","ศูนย์":"K2-15","โควตา":"715936","ชาวไร่":"นางสาว วันเพ็ญ กระแสเทพ","ประเภทอ้อย":"ปลายฝน","พื้นที่":3.11,"ตันรวม":40.43,"รหัสแปลง":"320509131903","กลุ่ม":"กลุ่ม_15"},"geometry":{"type":"MultiPolygon","coordinates":[[[[969169.239799999631941,1606880.726299999281764],[969153.9364,1606832.868699999526143],[969145.668999999761581,1606809.545399999246001],[969116.453999999910593,1606811.903100000694394],[969117.781700000166893,1606819.819299999624491],[969083.011800000444055,1606844.382999999448657],[969106.675999999977648,1606901.699400000274181],[969169.239799999631941,1606880.726299999281764]]]]}},
{"type":"Feature","properties":{"รหัสกลุ่มคิว":"15/003","รหัสรับเหมา":"738889","ชื่อ-สกุล รับเหมา":"รถตัดโรงงานเบอร์ 18","นักเกษตร":"1202","ศูนย์":"K2-15","โควตา":"722672","ชาวไร่":"นาย พิกุล ดาวัลย์","ประเภทอ้อย":"ตอ1","พื้นที่":7.38,"ตันรวม":66.42,"รหัสแปลง":"320606091679","กลุ่ม":"กลุ่ม_15"},"geometry":{"type":"MultiPolygon","coordinates":[[[[974655.380300000309944,1603376.572799999266863],[974804.951500000432134,1603408.355799999088049],[974810.070700000040233,1603388.229699999094009],[974834.91469999961555,1603393.400699999183416],[974834.276800000108778,1603370.805600000545382],[974830.451799999922514,1603369.155799999833107],[974835.7341,1603344.654500000178814],[974697.565499999560416,1603310.997400000691414],[974665.533599999733269,1603316.551599999889731],[974655.380300000309944,1603376.572799999266863]]]]}},
{"type":"Feature","properties":{"รหัสกลุ่มคิว":"15/003","รหัสรับเหมา":"738889","ชื่อ-สกุล รับเหมา":"รถตัดโรงงานเบอร์ 18","นักเกษตร":"1202","ศูนย์":"K2-15","โควตา":"719285","ชาวไร่":"นางสาว เกียง ยานรัมย์","ประเภทอ้อย":"ปลายฝน","พื้นที่":5.08,"ตันรวม":66.04,"รหัสแปลง":"320509121739","กลุ่ม":"กลุ่ม_15"},"geometry":{"type":"MultiPolygon","coordinates":[[[[968633.645399999804795,1615345.148199999704957],[968471.035199999809265,1615403.879799999296665],[968485.693099999800324,1615464.8904],[968541.642300000414252,1615433.811899999156594],[968623.228000000119209,1615384.8596],[968622.986100000329316,1615382.308199999853969],[968643.242200000211596,1615376.873400000855327],[968633.645399999804795,1615345.148199999704957]]]]}},
{"type":"Feature","properties":{"รหัสกลุ่มคิว":"15/001","รหัสรับเหมา":"738889","ชื่อ-สกุล รับเหมา":"รถตัดโรงงานเบอร์ 01","นักเกษตร":"1503","ศูนย์":"K2-15","โควตา":"715011","ชาวไร่":"นาย สวัสดิ์ ศรีสุข","ประเภทอ้อย":"ปลายฝน","พื้นที่":3.47,"ตันรวม":45.11,"รหัสแปลง":"321401151711","กลุ่ม":"กลุ่ม_15"},"geometry":{"type":"MultiPolygon","coordinates":[[[[972740.28870000038296,1604938.910700000822544],[972753.575899999588728,1605025.578099999576807],[972806.271900000050664,1605022.390000000596046],[972808.864500000141561,1604927.287100000306964],[972740.28870000038296,1604938.910700000822544]]]]}},
{"type":"Feature","properties":{"รหัสกลุ่มคิว":"15/003","รหัสรับเหมา":"738889","ชื่อ-สกุล รับเหมา":"รถตัดโรงงานเบอร์ 18","นักเกษตร":"1202","ศูนย์":"K2-15","โควตา":"715286","ชาวไร่":"นาง จำปี พูลพรหม","ประเภทอ้อย":"ปลายฝน","พื้นที่":13.23,"ตันรวม":171.99,"รหัสแปลง":"320509031937","กลุ่ม":"กลุ่ม_15"},"geometry":{"type":"MultiPolygon","coordinates":[[[[968674.266900000162423,1615142.658800000324845],[968705.871500000357628,1615363.627000000327826],[968760.104299999773502,1615352.278200000524521],[968765.680399999953806,1615301.564200000837445],[968764.622100000269711,1615258.172499999403954],[968742.827100000344217,1615060.0395],[968665.636199999600649,1615076.125900000333786],[968674.266900000162423,1615142.658800000324845]]]]}},
{"type":"Feature","properties":{"รหัสกลุ่มคิว":"15/004","รหัสรับเหมา":"738889","ชื่อ-สกุล รับเหมา":"รถตัดโรงงานเบอร์ 22","นักเกษตร":"1507","ศูนย์":"K2-15","โควตา":"710186","ชาวไร่":"นาง สมศรี ศรีสุข","ประเภทอ้อย":"ปลายฝน","พื้นที่":1.78,"ตันรวม":23.14,"รหัสแปลง":"320509131906","กลุ่ม":"กลุ่ม_15"},"geometry":{"type":"MultiPolygon","coordinates":[[[[972067.671099999919534,1607443.18889999948442],[972092.295699999667704,1607335.903699999675155],[972075.689600000157952,1607325.799599999561906],[972039.383799999952316,1607466.861700000241399],[972057.216099999845028,1607473.761299999430776],[972065.772300000302494,1607442.0044],[972067.671099999919534,1607443.18889999948442]]]]}},
{"type":"Feature","properties":{"รหัสกลุ่มคิว":"15/004","รหัสรับเหมา":"738889","ชื่อ-สกุล รับเหมา":"รถตัดโรงงานเบอร์ 22","นักเกษตร":"1507","ศูนย์":"K2-15","โควตา":"715802","ชาวไร่":"นาย สมศักดิ์ นาชพัด","ประเภทอ้อย":"ปลายฝน","พื้นที่":4.0,"ตันรวม":52.0,"รหัสแปลง":"320509131907","กลุ่ม":"กลุ่ม_15"},"geometry":{"type":"MultiPolygon","coordinates":[[[[972061.504099999554455,1607645.13260000012815],[972225.244500000029802,1607691.3476],[972238.383799999952316,1607654.254699999466538],[972076.379800000227988,1607611.400699999183416],[972061.504099999554455,1607645.13260000012815]]]]}},
{"type":"Feature","properties":{"รหัสกลุ่มคิว":"15/004","รหัสรับเหมา":"738889","ชื่อ-สกุล รับเหมา":"รถตัดโรงงานเบอร์ 22","นักเกษตร":"1507","ศูนย์":"K2-15","โควตา":"710661","ชาวไร่":"นาย สมพร พรมสุทธิ","ประเภทอ้อย":"ตอ1","พื้นที่":2.47,"ตันรวม":22.23,"รหัสแปลง":"320509091745","กลุ่ม":"กลุ่ม_15"},"geometry":{"type":"MultiPolygon","coordinates":[[[[972609.129200000315905,1607669.685900000855327],[972617.004300000146031,1607644.13910000026226],[972303.31180000025779,1607555.851700000464916],[972301.979799999855459,1607568.95240000076592],[972295.952399999834597,1607582.702500000596046],[972609.129200000315905,1607669.685900000855327]]]]}},
{"type":"Feature","properties":{"รหัสกลุ่มคิว":"15/004","รหัสรับเหมา":"738889","ชื่อ-สกุล รับเหมา":"รถตัดโรงงานเบอร์ 22","นักเกษตร":"1507","ศูนย์":"K2-15","โควตา":"719370","ชาวไร่":"นาย รณชัย ชมชื่น","ประเภทอ้อย":"ตอ3","พื้นที่":10.42,"ตันรวม":72.94,"รหัสแปลง":"320509101718","กลุ่ม":"กลุ่ม_15"},"geometry":{"type":"MultiPolygon","coordinates":[[[[972874.20380000025034,1608047.229699999094009],[972820.560999999754131,1608046.801899999380112],[972824.932099999859929,1608172.98340000025928],[972835.998200000263751,1608173.781700000166893],[972843.892799999564886,1608150.815099999308586],[972852.888700000010431,1608144.776000000536442],[972874.730399999767542,1608142.591],[972896.339900000020862,1608146.752000000327826],[972904.527900000102818,1608148.513299999758601],[972917.621500000357628,1608166.856899999082088],[972935.514000000432134,1608160.747999999672174],[972962.523599999956787,1608155.237999999895692],[972986.784400000236928,1608165.006300000473857],[972962.890100000426173,1608042.150000000372529],[972874.20380000025034,1608047.229699999094009]]]]}},
{"type":"Feature","properties":{"รหัสกลุ่มคิว":"15/004","รหัสรับเหมา":"738889","ชื่อ-สกุล รับเหมา":"รถตัดโรงงานเบอร์ 22","นักเกษตร":"1507","ศูนย์":"K2-15","โควตา":"719353","ชาวไร่":"นาย วิโรจน์ ทองสุข","ประเภทอ้อย":"ตอ1","พื้นที่":11.6,"ตันรวม":104.4,"รหัสแปลง":"320509091746","กลุ่ม":"กลุ่ม_15"},"geometry":{"type":"MultiPolygon","coordinates":[[[[971934.499800000339746,1607860.47580000013113],[971944.105200000107288,1607903.318299999460578],[972385.245000000111759,1608022.833499999716878],[972384.596400000154972,1608017.434599999338388],[972399.207100000232458,1608024.820800000801682],[972407.863300000317395,1607992.272600000724196],[972251.82880000025034,1607945.584899999201298],[971934.499800000339746,1607860.47580000013113]]]]}},
{"type":"Feature","properties":{"รหัสกลุ่มคิว":"15/003","รหัสรับเหมา":"738889","ชื่อ-สกุล รับเหมา":"รถตัดโรงงานเบอร์ 18","นักเกษตร":"1202","ศูนย์":"K2-15","โควตา":"719292","ชาวไร่":"นางสาว สุจิตรา บุญอยู่","ประเภทอ้อย":"ปลายฝน","พื้นที่":4.68,"ตันรวม":60.84,"รหัสแปลง":"320509031942","กลุ่ม":"กลุ่ม_15"},"geometry":{"type":"MultiPolygon","coordinates":[[[[969658.82660000026226,1614568.439999999478459],[969704.612499999813735,1614565.804500000551343],[969783.60950000025332,1614558.998800000175834],[969765.451200000010431,1614501.155999999493361],[969724.556900000199676,1614502.221200000494719],[969693.742300000041723,1614503.479599999263883],[969649.258799999952316,1614503.921599999070168],[969658.82660000026226,1614568.439999999478459]]]]}},
{"type":"Feature","properties":{"รหัสกลุ่มคิว":"15/008","รหัสรับเหมา":null,"ชื่อ-สกุล รับเหมา":null,"นักเกษตร":"1502","ศูนย์":"K2-15","โควตา":"719372","ชาวไร่":"นาย สุประเสริฐ จบหล้า","ประเภทอ้อย":"ตอ3","พื้นที่":4.1,"ตันรวม":28.7,"รหัสแปลง":"320502021749","กลุ่ม":"กลุ่ม_15"},"geometry":{"type":"MultiPolygon","coordinates":[[[[979145.599000000394881,1634671.132099999114871],[979281.067300000227988,1634662.790300000458956],[979275.394299999810755,1634614.189099999144673],[979259.543800000101328,1634616.947100000455976],[979202.227900000289083,1634616.99379999935627],[979201.224100000225008,1634617.962400000542402],[979139.174499999731779,1634626.0152000002563],[979145.599000000394881,1634671.132099999114871]]]]}},
{"type":"Feature","properties":{"รหัสกลุ่มคิว":"15/007","รหัสรับเหมา":"722724","ชื่อ-สกุล รับเหมา":"นาง ณีรนุช แถวถิ่น","นักเกษตร":"1501","ศูนย์":"K2-15","โควตา":"722724","ชาวไร่":"นาง ณีรนุช แถวถิ่น","ประเภทอ้อย":"ตอ2","พื้นที่":5.95,"ตันรวม":47.6,"รหัสแปลง":"321401191630","กลุ่ม":"กลุ่ม_15"},"geometry":{"type":"MultiPolygon","coordinates":[[[[973894.372999999672174,1599975.569199999794364],[973909.762699999846518,1599897.490800000727177],[973792.29009999986738,1599870.114900000393391],[973773.563500000163913,1599943.396199999377131],[973894.372999999672174,1599975.569199999794364]]]]}},
{"type":"Feature","properties":{"รหัสกลุ่มคิว":"15/007","รหัสรับเหมา":"722724","ชื่อ-สกุล รับเหมา":"นาง ณีรนุช แถวถิ่น","นักเกษตร":"1501","ศูนย์":"K2-15","โควตา":"722724","ชาวไร่":"นาง ณีรนุช แถวถิ่น","ประเภทอ้อย":"ตอ2","พื้นที่":5.28,"ตันรวม":42.24,"รหัสแปลง":"320509091748","กลุ่ม":"กลุ่ม_15"},"geometry":{"type":"MultiPolygon","coordinates":[[[[972943.395499999634922,1606518.767200000584126],[972761.713700000196695,1606458.579600000753999],[972778.463700000196695,1606514.2796],[972928.53940000012517,1606565.512599999085069],[972943.395499999634922,1606518.767200000584126]]]]}},
{"type":"Feature","properties":{"รหัสกลุ่มคิว":"15/007","รหัสรับเหมา":"722724","ชื่อ-สกุล รับเหมา":"นาง ณีรนุช แถวถิ่น","นักเกษตร":"1501","ศูนย์":"K2-15","โควตา":"722724","ชาวไร่":"นาง ณีรนุช แถวถิ่น","ประเภทอ้อย":"ตอ2","พื้นที่":8.2,"ตันรวม":65.6,"รหัสแปลง":"320504071696","กลุ่ม":"กลุ่ม_15"},"geometry":{"type":"MultiPolygon","coordinates":[[[[969728.06319999974221,1619012.934000000357628],[969417.768899999558926,1618928.88260000012815],[969405.756799999624491,1618965.183499999344349],[969718.024600000120699,1619054.792099999263883],[969728.06319999974221,1619012.934000000357628]]]]}},
{"type":"Feature","properties":{"รหัสกลุ่มคิว":"15/001","รหัสรับเหมา":"738889","ชื่อ-สกุล รับเหมา":"รถตัดโรงงานเบอร์ 01","นักเกษตร":"1503","ศูนย์":"K2-15","โควตา":"715087","ชาวไร่":"นาง หนูจันทร์ สืบเทพ","ประเภทอ้อย":"ตอ2","พื้นที่":12.59,"ตันรวม":100.72,"รหัสแปลง":"320509015596","กลุ่ม":"กลุ่ม_15"},"geometry":{"type":"MultiPolygon","coordinates":[[[[974473.162200000137091,1608366.123700000345707],[974607.030399999581277,1608394.124600000679493],[974609.661100000143051,1608391.198000000789762],[974610.948900000192225,1608389.481300000101328],[974612.240299999713898,1608380.5132],[974613.369099999777973,1608338.7248],[974613.485600000247359,1608229.592000000178814],[974559.635499999858439,1608230.40430000051856],[974561.457200000062585,1608226.495899999514222],[974521.4523,1608226.847400000318885],[974517.118300000205636,1608227.707800000905991],[974489.678199999965727,1608229.496300000697374],[974473.162200000137091,1608366.123700000345707]]]]}},
{"type":"Feature","properties":{"รหัสกลุ่มคิว":"15/007","รหัสรับเหมา":"722724","ชื่อ-สกุล รับเหมา":"นาง ณีรนุช แถวถิ่น","นักเกษตร":"1501","ศูนย์":"K2-15","โควตา":"723510","ชาวไร่":"นาง บุญโฮม ภูแก้ว","ประเภทอ้อย":"ตอ2","พื้นที่":9.43,"ตันรวม":75.44,"รหัสแปลง":"320606121706","กลุ่ม":"กลุ่ม_15"},"geometry":{"type":"MultiPolygon","coordinates":[[[[976082.531299999915063,1603734.086500000208616],[976103.771599999628961,1603819.173499999567866],[976162.521200000308454,1603812.991699999198318],[976216.524799999780953,1603806.961400000378489],[976232.461600000038743,1603803.057900000363588],[976236.538099999539554,1603798.392000000923872],[976296.323900000192225,1603781.36600000038743],[976297.410099999979138,1603768.036399999633431],[976292.529900000430644,1603728.8026],[976082.531299999915063,1603734.086500000208616]]]]}},
{"type":"Feature","properties":{"รหัสกลุ่มคิว":"15/007","รหัสรับเหมา":"722724","ชื่อ-สกุล รับเหมา":"นาง ณีรนุช แถวถิ่น","นักเกษตร":"1501","ศูนย์":"K2-15","โควตา":"722639","ชาวไร่":"นาง เพยาว์ บุญช่วย","ประเภทอ้อย":"ตอ1","พื้นที่":6.89,"ตันรวม":62.01,"รหัสแปลง":"320606011927","กลุ่ม":"กลุ่ม_15"},"geometry":{"type":"MultiPolygon","coordinates":[[[[979917.297899999655783,1599683.115000000223517],[979900.108900000341237,1599688.286399999633431],[979885.588899999856949,1599698.329700000584126],[979885.341300000436604,1599702.68129999935627],[979906.121299999766052,1599752.144099999219179],[980003.077399999834597,1599898.606799999251962],[980044.106499999761581,1599867.686000000685453],[979917.297899999655783,1599683.115000000223517]]]]}},
{"type":"Feature","properties":{"รหัสกลุ่มคิว":"15/007","รหัสรับเหมา":"722724","ชื่อ-สกุล รับเหมา":"นาง ณีรนุช แถวถิ่น","นักเกษตร":"1501","ศูนย์":"K2-15","โควตา":"719086","ชาวไร่":"นาง รัศมี บุญอยู่","ประเภทอ้อย":"ตอ2","พื้นที่":21.42,"ตันรวม":171.36,"รหัสแปลง":"320504151713","กลุ่ม":"กลุ่ม_15"},"geometry":{"type":"MultiPolygon","coordinates":[[[[965059.84250000026077,1620436.824999999254942],[965073.292100000195205,1620145.568299999460578],[965058.256199999712408,1619955.894300000742078],[964977.392599999904633,1619970.844100000336766],[964998.150200000032783,1620164.353800000622869],[964999.614000000059605,1620358.139499999582767],[964994.396599999628961,1620432.15819999948144],[965059.721599999815226,1620436.874800000339746],[965059.84250000026077,1620436.824999999254942]]]]}},
{"type":"Feature","properties":{"รหัสกลุ่มคิว":"15/007","รหัสรับเหมา":"722724","ชื่อ-สกุล รับเหมา":"นาง ณีรนุช แถวถิ่น","นักเกษตร":"1501","ศูนย์":"K2-15","โควตา":"719086","ชาวไร่":"นาง รัศมี บุญอยู่","ประเภทอ้อย":"ตอ2","พื้นที่":24.28,"ตันรวม":194.24,"รหัสแปลง":"320504151714","กลุ่ม":"กลุ่ม_15"},"geometry":{"type":"MultiPolygon","coordinates":[[[[965060.527599999681115,1620442.422700000926852],[964987.938799999654293,1620435.404899999499321],[964903.962100000120699,1620924.732899999246001],[964982.087299999780953,1620949.688400000333786],[965060.527599999681115,1620442.422700000926852]]]]}},
{"type":"Feature","properties":{"รหัสกลุ่มคิว":"15/003","รหัสรับเหมา":"738889","ชื่อ-สกุล รับเหมา":"รถตัดโรงงานเบอร์ 18","นักเกษตร":"1202","ศูนย์":"K2-15","โควตา":"710964","ชาวไร่":"นาย วัฒนา สามลา","ประเภทอ้อย":"ปลายฝน","พื้นที่":19.67,"ตันรวม":255.71,"รหัสแปลง":"320504051813","กลุ่ม":"กลุ่ม_15"},"geometry":{"type":"MultiPolygon","coordinates":[[[[969824.945199999958277,1620025.3531],[969949.879399999976158,1619609.863600000739098],[969914.887900000438094,1619604.595100000500679],[969911.247000000439584,1619616.599099999293685],[969905.425200000405312,1619615.521099999547005],[969919.562599999830127,1619523.820699999108911],[969898.448099999688566,1619519.14750000089407],[969768.559200000017881,1619931.379499999806285],[969819.897199999541044,1619941.185000000521541],[969812.46129999961704,1620022.5929000005126],[969824.945199999958277,1620025.3531]]]]}},
{"type":"Feature","properties":{"รหัสกลุ่มคิว":"15/008","รหัสรับเหมา":null,"ชื่อ-สกุล รับเหมา":null,"นักเกษตร":"1502","ศูนย์":"K2-15","โควตา":"716314","ชาวไร่":"นาย ชอบ มีคม","ประเภทอ้อย":"ต้นฝน","พื้นที่":10.38,"ตันรวม":114.18,"รหัสแปลง":"320502061806","กลุ่ม":"กลุ่ม_15"},"geometry":{"type":"MultiPolygon","coordinates":[[[[980969.663900000043213,1631131.195000000298023],[980958.359600000083447,1631075.200099999085069],[981023.370799999684095,1631040.908299999311566],[981012.245799999684095,1631011.654699999839067],[980827.483599999919534,1631063.79839999973774],[980864.427600000053644,1631185.409800000488758],[980969.663900000043213,1631131.195000000298023]]]]}},
{"type":"Feature","properties":{"รหัสกลุ่มคิว":"15/007","รหัสรับเหมา":"722724","ชื่อ-สกุล รับเหมา":"นาง ณีรนุช แถวถิ่น","นักเกษตร":"1501","ศูนย์":"K2-15","โควตา":"715510","ชาวไร่":"นาง อำพร ฟอว์ซีทท์","ประเภทอ้อย":"ตอ1","พื้นที่":3.01,"ตันรวม":27.09,"รหัสแปลง":"320606111819","กลุ่ม":"กลุ่ม_15"},"geometry":{"type":"MultiPolygon","coordinates":[[[[981738.874099999666214,1601630.907500000670552],[981711.793800000101328,1601454.8607],[981680.286899999715388,1601463.532500000670552],[981723.214900000020862,1601651.686200000345707],[981738.874099999666214,1601630.907500000670552]]]]}},
{"type":"Feature","properties":{"รหัสกลุ่มคิว":"15/003","รหัสรับเหมา":"738889","ชื่อ-สกุล รับเหมา":"รถตัดโรงงานเบอร์ 18","นักเกษตร":"1202","ศูนย์":"K2-15","โควตา":"710279","ชาวไร่":"นาย พงษ์ไทย เย็นเสมอ","ประเภทอ้อย":"ตอ1","พื้นที่":10.41,"ตันรวม":93.69,"รหัสแปลง":"320509031946","กลุ่ม":"กลุ่ม_15"},"geometry":{"type":"MultiPolygon","coordinates":[[[[968535.125799999572337,1614716.64949999935925],[968609.702200000174344,1614714.932199999690056],[968624.4989,1614788.607899999246001],[968687.323200000450015,1614770.582599999383092],[968649.863300000317395,1614610.8794],[968533.591799999587238,1614627.32880000025034],[968535.125799999572337,1614716.64949999935925]]]]}},
{"type":"Feature","properties":{"รหัสกลุ่มคิว":"15/008","รหัสรับเหมา":null,"ชื่อ-สกุล รับเหมา":null,"นักเกษตร":"1502","ศูนย์":"K2-15","โควตา":"726423","ชาวไร่":"นาง ทองบท มีบุตรดี","ประเภทอ้อย":"ปลายฝน","พื้นที่":4.35,"ตันรวม":56.55,"รหัสแปลง":"320506061822","กลุ่ม":"กลุ่ม_15"},"geometry":{"type":"MultiPolygon","coordinates":[[[[979062.566399999894202,1620560.86009999923408],[979079.82909999974072,1620729.458100000396371],[979083.966599999926984,1620751.78800000064075],[979089.96059999987483,1620784.560799999162555],[979095.964200000278652,1620851.698599999770522],[979101.598699999973178,1620852.630000000819564],[979101.632399999536574,1620857.68720000050962],[979131.332700000144541,1620854.736600000411272],[979130.620900000445545,1620846.639799999073148],[979128.110100000165403,1620830.304999999701977],[979119.748599999584258,1620828.463600000366569],[979114.343100000172853,1620785.848999999463558],[979104.295099999755621,1620784.238500000908971],[979102.471800000406802,1620775.697300000116229],[979112.618700000457466,1620772.212099999189377],[979104.479100000113249,1620723.206000000238419],[979080.247100000269711,1620724.855100000277162],[979076.705799999646842,1620693.428400000557303],[979096.451999999582767,1620690.989099999889731],[979098.877199999988079,1620683.825799999758601],[979104.906299999915063,1620681.166200000792742],[979100.911899999715388,1620650.206499999389052],[979094.91469999961555,1620633.891000000759959],[979090.326100000180304,1620608.271199999377131],[979093.594899999909103,1620607.057399999350309],[979091.45990000013262,1620563.522900000214577],[979062.566399999894202,1620560.86009999923408]]]]}},
{"type":"Feature","properties":{"รหัสกลุ่มคิว":"15/008","รหัสรับเหมา":null,"ชื่อ-สกุล รับเหมา":null,"นักเกษตร":"1502","ศูนย์":"K2-15","โควตา":"719377","ชาวไร่":"นางสาว เสาวภาคย์ มั่นยืน","ประเภทอ้อย":"ตอ1","พื้นที่":5.91,"ตันรวม":53.19,"รหัสแปลง":"320508121624","กลุ่ม":"กลุ่ม_15"},"geometry":{"type":"MultiPolygon","coordinates":[[[[989156.080900000408292,1623009.603000000119209],[989252.544700000435114,1622993.212300000712276],[989343.184799999929965,1622983.934399999678135],[989343.537200000137091,1622946.828400000929832],[989264.588499999605119,1622955.5285],[989266.371899999678135,1622937.388299999758601],[989138.595200000330806,1622954.301699999719858],[989156.080900000408292,1623009.603000000119209]]]]}},
{"type":"Feature","properties":{"รหัสกลุ่มคิว":"15/001","รหัสรับเหมา":"738889","ชื่อ-สกุล รับเหมา":"รถตัดโรงงานเบอร์ 01","นักเกษตร":"1503","ศูนย์":"K2-15","โควตา":"715467","ชาวไร่":"นาง มาลี ศรีปุชัยนนท์","ประเภทอ้อย":"ปลายฝน","พื้นที่":3.86,"ตันรวม":50.18,"รหัสแปลง":"320606111821","กลุ่ม":"กลุ่ม_15"},"geometry":{"type":"MultiPolygon","coordinates":[[[[981742.64740000013262,1602481.142100000753999],[981670.24959999974817,1602479.818499999120831],[981673.047600000165403,1602505.158099999651313],[981683.658099999651313,1602563.008199999108911],[981785.350200000219047,1602512.872999999672174],[981777.042100000195205,1602486.374299999326468],[981742.64740000013262,1602481.142100000753999]]]]}},
{"type":"Feature","properties":{"รหัสกลุ่มคิว":"15/003","รหัสรับเหมา":"738889","ชื่อ-สกุล รับเหมา":"รถตัดโรงงานเบอร์ 18","นักเกษตร":"1202","ศูนย์":"K2-15","โควตา":"710921","ชาวไร่":"นาง เที่ยง มัญจะกาเภท","ประเภทอ้อย":"ตอ1","พื้นที่":7.98,"ตันรวม":71.82,"รหัสแปลง":"320509031950","กลุ่ม":"กลุ่ม_15"},"geometry":{"type":"MultiPolygon","coordinates":[[[[968807.871199999935925,1613286.910900000482798],[968817.006000000052154,1613204.63399999961257],[968745.244900000281632,1613200.120300000533462],[968730.406499999575317,1613354.756799999624491],[968759.714900000020862,1613366.408800000324845],[968760.565499999560416,1613369.0132],[968814.202399999834597,1613370.222899999469519],[968815.723899999633431,1613328.286699999123812],[968820.397099999710917,1613309.88910000026226],[968823.845499999821186,1613289.619400000199676],[968807.871199999935925,1613286.910900000482798]]]]}},
{"type":"Feature","properties":{"รหัสกลุ่มคิว":"15/008","รหัสรับเหมา":null,"ชื่อ-สกุล รับเหมา":null,"นักเกษตร":"1502","ศูนย์":"K2-15","โควตา":"719454","ชาวไร่":"นางสาว ศศิธร สืบสันต์","ประเภทอ้อย":"ปลายฝน","พื้นที่":13.02,"ตันรวม":169.26,"รหัสแปลง":"320508071693","กลุ่ม":"กลุ่ม_15"},"geometry":{"type":"MultiPolygon","coordinates":[[[[989051.420699999667704,1625233.187899999320507],[988655.509700000286102,1625314.307199999690056],[988647.707200000062585,1625329.993300000205636],[988776.4375,1625314.811300000175834],[988779.666299999691546,1625353.871899999678135],[988995.152900000102818,1625324.326999999582767],[988998.028400000184774,1625288.388900000602007],[989045.183100000023842,1625286.85050000064075],[989051.420699999667704,1625233.187899999320507]]]]}},
{"type":"Feature","properties":{"รหัสกลุ่มคิว":"15/008","รหัสรับเหมา":null,"ชื่อ-สกุล รับเหมา":null,"นักเกษตร":"1502","ศูนย์":"K2-15","โควตา":"719377","ชาวไร่":"นางสาว เสาวภาคย์ มั่นยืน","ประเภทอ้อย":"ตอ2","พื้นที่":6.26,"ตันรวม":50.08,"รหัสแปลง":"320508121625","กลุ่ม":"กลุ่ม_15"},"geometry":{"type":"MultiPolygon","coordinates":[[[[988479.99199999962002,1623459.168199999257922],[988546.346599999815226,1623416.721200000494719],[988604.713800000026822,1623413.36739999987185],[988607.930800000205636,1623356.552200000733137],[988538.801099999807775,1623359.892300000414252],[988534.292000000365078,1623352.1875],[988457.345200000330806,1623360.57039999961853],[988479.99199999962002,1623459.168199999257922]]]]}},
{"type":"Feature","properties":{"รหัสกลุ่มคิว":"15/007","รหัสรับเหมา":"722724","ชื่อ-สกุล รับเหมา":"นาง ณีรนุช แถวถิ่น","นักเกษตร":"1501","ศูนย์":"K2-15","โควตา":"715348","ชาวไร่":"นาย ณัฐธิชานนท์ สิงห์ด้วง","ประเภทอ้อย":"ตอ2","พื้นที่":7.79,"ตันรวม":62.32,"รหัสแปลง":"320606011932","กลุ่ม":"กลุ่ม_15"},"geometry":{"type":"MultiPolygon","coordinates":[[[[980465.580099999904633,1599761.571000000461936],[980489.520899999886751,1599751.4013],[980484.995099999941885,1599740.375199999660254],[980501.108900000341237,1599726.550300000235438],[980518.30460000038147,1599714.975099999457598],[980527.075400000438094,1599705.205399999395013],[980446.787800000049174,1599590.064400000497699],[980375.427400000393391,1599640.1085],[980465.580099999904633,1599761.571000000461936]]]]}},
{"type":"Feature","properties":{"รหัสกลุ่มคิว":"15/008","รหัสรับเหมา":null,"ชื่อ-สกุล รับเหมา":null,"นักเกษตร":"1502","ศูนย์":"K2-15","โควตา":"712087","ชาวไร่":"นางสาว เกษรา ศรีพรหมทอง","ประเภทอ้อย":"ตอ2","พื้นที่":10.21,"ตันรวม":81.68,"รหัสแปลง":"320512121504","กลุ่ม":"กลุ่ม_15"},"geometry":{"type":"MultiPolygon","coordinates":[[[[976350.078099999576807,1632099.971699999645352],[976351.524799999780953,1631991.443600000813603],[976177.411899999715388,1631991.9616],[976182.77240000013262,1632075.143899999558926],[976350.078099999576807,1632099.971699999645352]]]]}},
{"type":"Feature","properties":{"รหัสกลุ่มคิว":"15/007","รหัสรับเหมา":"722724","ชื่อ-สกุล รับเหมา":"นาง ณีรนุช แถวถิ่น","นักเกษตร":"1501","ศูนย์":"K2-15","โควตา":"723652","ชาวไร่":"นาย ฉัตรณรงค์ สุขประสงค์","ประเภทอ้อย":"ตอ2","พื้นที่":2.7,"ตันรวม":21.6,"รหัสแปลง":"320606121711","กลุ่ม":"กลุ่ม_15"},"geometry":{"type":"MultiPolygon","coordinates":[[[[975555.58559999987483,1604509.862600000575185],[975636.39049999974668,1604505.766799999400973],[975629.765100000426173,1604411.46199999935925],[975584.077800000086427,1604425.216499999165535],[975603.926900000311434,1604478.014399999752641],[975553.567499999888241,1604496.572000000625849],[975555.58559999987483,1604509.862600000575185]]]]}},
{"type":"Feature","properties":{"รหัสกลุ่มคิว":"15/001","รหัสรับเหมา":"738889","ชื่อ-สกุล รับเหมา":"รถตัดโรงงานเบอร์ 01","นักเกษตร":"1503","ศูนย์":"K2-15","โควตา":"715952","ชาวไร่":"นางสาว อนงค์ ศรีสุข","ประเภทอ้อย":"ตอ2","พื้นที่":1.9,"ตันรวม":15.2,"รหัสแปลง":"320509015597","กลุ่ม":"กลุ่ม_15"},"geometry":{"type":"MultiPolygon","coordinates":[[[[972508.474100000225008,1608895.198300000280142],[972476.081699999980628,1608917.316099999472499],[972518.956500000320375,1608977.86629999987781],[972526.894799999892712,1608978.495699999853969],[972553.666600000113249,1608963.028699999675155],[972508.474100000225008,1608895.198300000280142]]]]}},
{"type":"Feature","properties":{"รหัสกลุ่มคิว":"15/003","รหัสรับเหมา":"738889","ชื่อ-สกุล รับเหมา":"รถตัดโรงงานเบอร์ 18","นักเกษตร":"1202","ศูนย์":"K2-15","โควตา":"719434","ชาวไร่":"นาย อนุชัย แจะไธสง","ประเภทอ้อย":"ตอ2","พื้นที่":3.55,"ตันรวม":28.4,"รหัสแปลง":"320606091682","กลุ่ม":"กลุ่ม_15"},"geometry":{"type":"MultiPolygon","coordinates":[[[[974249.558400000445545,1604613.469200000166893],[974274.660400000400841,1604522.354100000113249],[974245.270600000396371,1604512.003200000151992],[974218.741600000299513,1604501.272600000724196],[974192.443199999630451,1604593.234400000423193],[974249.558400000445545,1604613.469200000166893]]]]}},
{"type":"Feature","properties":{"รหัสกลุ่มคิว":"15/004","รหัสรับเหมา":"738889","ชื่อ-สกุล รับเหมา":"รถตัดโรงงานเบอร์ 22","นักเกษตร":"1507","ศูนย์":"K2-15","โควตา":"715973","ชาวไร่":"นาง น้อย แข่งขัน","ประเภทอ้อย":"ปลายฝน","พื้นที่":1.44,"ตันรวม":18.72,"รหัสแปลง":"320509151715","กลุ่ม":"กลุ่ม_15"},"geometry":{"type":"MultiPolygon","coordinates":[[[[972867.21129999961704,1606028.175699999555945],[972871.705000000074506,1606046.666799999773502],[972888.722000000067055,1606053.253799999132752],[972984.156000000424683,1606078.546499999240041],[973039.120799999684095,1606095.972699999809265],[973039.797199999913573,1606086.123199999332428],[972867.21129999961704,1606028.175699999555945]]]]}},
{"type":"Feature","properties":{"รหัสกลุ่มคิว":"15/008","รหัสรับเหมา":null,"ชื่อ-สกุล รับเหมา":null,"นักเกษตร":"1502","ศูนย์":"K2-15","โควตา":"734823","ชาวไร่":"นาง เข็มเพชร อยู่สบาย","ประเภทอ้อย":"ตอ1","พื้นที่":9.56,"ตันรวม":86.04,"รหัสแปลง":"320508111502","กลุ่ม":"กลุ่ม_15"},"geometry":{"type":"MultiPolygon","coordinates":[[[[992313.150200000032783,1626942.343399999663234],[992324.506699999794364,1626939.741699999198318],[992328.451000000350177,1626946.27250000089407],[992349.706299999728799,1627044.2029],[992389.465099999681115,1627040.2676],[992312.435300000011921,1626719.47749999910593],[992263.289499999955297,1626734.030300000682473],[992313.150200000032783,1626942.343399999663234]]]]}},
{"type":"Feature","properties":{"รหัสกลุ่มคิว":"15/004","รหัสรับเหมา":"738889","ชื่อ-สกุล รับเหมา":"รถตัดโรงงานเบอร์ 22","นักเกษตร":"1507","ศูนย์":"K2-15","โควตา":"715150","ชาวไร่":"นาย บุญไพร สาลี","ประเภทอ้อย":"ต้นฝน","พื้นที่":5.84,"ตันรวม":64.24,"รหัสแปลง":"320509121748","กลุ่ม":"กลุ่ม_15"},"geometry":{"type":"MultiPolygon","coordinates":[[[[970965.192900000140071,1609325.17369999922812],[970940.093399999663234,1609401.165200000628829],[970975.50040000025183,1609410.7668999992311],[971069.671900000423193,1609429.229699999094009],[971063.05489999987185,1609409.498299999162555],[971055.769899999722838,1609404.735400000587106],[971062.185300000011921,1609359.879699999466538],[971069.599100000225008,1609343.3597999997437],[970985.218399999663234,1609326.380100000649691],[970965.192900000140071,1609325.17369999922812]]]]}},
{"type":"Feature","properties":{"รหัสกลุ่มคิว":"15/008","รหัสรับเหมา":null,"ชื่อ-สกุล รับเหมา":null,"นักเกษตร":"1502","ศูนย์":"K2-15","โควตา":"727070","ชาวไร่":"นาง เชื่อม แถบทอง","ประเภทอ้อย":"ตอ2","พื้นที่":10.17,"ตันรวม":81.36,"รหัสแปลง":"320506041570","กลุ่ม":"กลุ่ม_15"},"geometry":{"type":"MultiPolygon","coordinates":[[[[979010.796699999831617,1624203.543700000271201],[979012.230600000359118,1624246.093900000676513],[979014.737300000153482,1624268.184100000187755],[979023.254800000227988,1624300.381100000813603],[979025.763399999588728,1624334.408099999651313],[979071.464599999599159,1624329.563500000163913],[979081.132699999958277,1624384.637299999594688],[979082.569899999536574,1624392.018500000238419],[979084.250500000081956,1624417.999600000679493],[979138.975499999709427,1624416.124800000339746],[979111.562199999578297,1624228.495300000533462],[979010.796699999831617,1624203.543700000271201]]]]}},
{"type":"Feature","properties":{"รหัสกลุ่มคิว":"15/008","รหัสรับเหมา":null,"ชื่อ-สกุล รับเหมา":null,"นักเกษตร":"1502","ศูนย์":"K2-15","โควตา":"719393","ชาวไร่":"นางสาว จินตนา ขอจงดี","ประเภทอ้อย":"ตอ2","พื้นที่":3.42,"ตันรวม":27.36,"รหัสแปลง":"320501121708","กลุ่ม":"กลุ่ม_15"},"geometry":{"type":"MultiPolygon","coordinates":[[[[979213.051699999719858,1623773.398800000548363],[979212.55449999962002,1623699.276200000196695],[979153.55379999987781,1623685.417700000107288],[979146.254200000315905,1623727.744200000539422],[979135.068599999882281,1623728.298599999397993],[979136.734400000423193,1623765.9222999997437],[979213.051699999719858,1623773.398800000548363]]]]}},
{"type":"Feature","properties":{"รหัสกลุ่มคิว":"15/008","รหัสรับเหมา":null,"ชื่อ-สกุล รับเหมา":null,"นักเกษตร":"1502","ศูนย์":"K2-15","โควตา":"719394","ชาวไร่":"นาง ปรวง มุ่งสุข","ประเภทอ้อย":"ตอ2","พื้นที่":8.9,"ตันรวม":71.2,"รหัสแปลง":"320508121626","กลุ่ม":"กลุ่ม_15"},"geometry":{"type":"MultiPolygon","coordinates":[[[[988192.051799999549985,1624084.240199999883771],[988207.536600000225008,1624135.739299999549985],[988238.471199999563396,1624122.343800000846386],[988241.058699999935925,1624132.625199999660254],[988334.286100000143051,1624096.854499999433756],[988301.478099999949336,1623986.6875],[988225.602400000207126,1624005.071900000795722],[988199.903199999593198,1624009.853800000622869],[988216.109299999661744,1624076.904699999839067],[988192.051799999549985,1624084.240199999883771]]]]}},
{"type":"Feature","properties":{"รหัสกลุ่มคิว":"15/007","รหัสรับเหมา":"722724","ชื่อ-สกุล รับเหมา":"นาง ณีรนุช แถวถิ่น","นักเกษตร":"1501","ศูนย์":"K2-15","โควตา":"723006","ชาวไร่":"นาง วันนา สุขพินิจ","ประเภทอ้อย":"ตอ2","พื้นที่":7.08,"ตันรวม":56.64,"รหัสแปลง":"320606011938","กลุ่ม":"กลุ่ม_15"},"geometry":{"type":"MultiPolygon","coordinates":[[[[981209.426799999549985,1599873.997999999672174],[981259.691399999894202,1599842.298599999397993],[981248.873399999924004,1599814.035700000822544],[981298.40610000025481,1599781.668700000271201],[981317.506000000052154,1599769.0504],[981289.467699999921024,1599705.163499999791384],[981253.501500000245869,1599732.574699999764562],[981168.619699999690056,1599789.2588],[981209.426799999549985,1599873.997999999672174]]]]}},
{"type":"Feature","properties":{"รหัสกลุ่มคิว":"15/001","รหัสรับเหมา":"738889","ชื่อ-สกุล รับเหมา":"รถตัดโรงงานเบอร์ 01","นักเกษตร":"1503","ศูนย์":"K2-15","โควตา":"719397","ชาวไร่":"นาง สุวรรณ สีแสงสว่าง","ประเภทอ้อย":"ตอ2","พื้นที่":22.52,"ตันรวม":180.16,"รหัสแปลง":"320509051618","กลุ่ม":"กลุ่ม_15"},"geometry":{"type":"MultiPolygon","coordinates":[[[[975662.007500000298023,1610660.306900000199676],[975644.325199999846518,1610670.977900000289083],[975654.027200000360608,1610739.262499999254942],[975700.166000000201166,1610744.024700000882149],[975878.190499999560416,1610743.389599999412894],[975923.707600000314415,1610741.697300000116229],[976001.243800000287592,1610745.739],[976107.932400000281632,1610755.222200000658631],[976147.889299999922514,1610759.418400000780821],[976147.763899999670684,1610759.139799999073148],[976143.388799999840558,1610700.995899999514222],[976080.546000000089407,1610690.459300000220537],[975925.268400000408292,1610668.621899999678135],[975662.007500000298023,1610660.306900000199676]]]]}},
{"type":"Feature","properties":{"รหัสกลุ่มคิว":"15/008","รหัสรับเหมา":null,"ชื่อ-สกุล รับเหมา":null,"นักเกษตร":"1502","ศูนย์":"K2-15","โควตา":"719394","ชาวไร่":"นาง ปรวง มุ่งสุข","ประเภทอ้อย":"ตอ2","พื้นที่":1.14,"ตันรวม":9.12,"รหัสแปลง":"320508121627","กลุ่ม":"กลุ่ม_15"},"geometry":{"type":"MultiPolygon","coordinates":[[[[988342.27489999961108,1623873.948899999260902],[988356.462100000120699,1623909.769200000911951],[988403.407700000330806,1623896.884400000795722],[988398.061700000427663,1623865.773499999195337],[988342.27489999961108,1623873.948899999260902]]]]}},
{"type":"Feature","properties":{"รหัสกลุ่มคิว":"15/003","รหัสรับเหมา":"738889","ชื่อ-สกุล รับเหมา":"รถตัดโรงงานเบอร์ 18","นักเกษตร":"1202","ศูนย์":"K2-15","โควตา":"715228","ชาวไร่":"นาย ชินกร ประสานดี","ประเภทอ้อย":"ตอ2","พื้นที่":4.02,"ตันรวม":32.16,"รหัสแปลง":"320509031961","กลุ่ม":"กลุ่ม_15"},"geometry":{"type":"MultiPolygon","coordinates":[[[[971356.175699999555945,1613632.303099999204278],[971359.70299999974668,1613594.9781],[971303.340800000354648,1613599.616699999198318],[971303.689399999566376,1613551.719499999657273],[971244.744099999777973,1613559.156099999323487],[971256.976999999955297,1613640.644600000232458],[971356.175699999555945,1613632.303099999204278]]]]}},
{"type":"Feature","properties":{"รหัสกลุ่มคิว":"15/008","รหัสรับเหมา":null,"ชื่อ-สกุล รับเหมา":null,"นักเกษตร":"1502","ศูนย์":"K2-15","โควตา":"719280","ชาวไร่":"นาง ภัศรา เชื้อสายดวง","ประเภทอ้อย":"ตอ2","พื้นที่":2.95,"ตันรวม":23.6,"รหัสแปลง":"320506041579","กลุ่ม":"กลุ่ม_15"},"geometry":{"type":"MultiPolygon","coordinates":[[[[977941.226400000043213,1624545.474199999123812],[977924.075299999676645,1624392.0472],[977895.197999999858439,1624395.918199999257922],[977911.498999999836087,1624555.98450000025332],[977941.226400000043213,1624545.474199999123812]]]]}},
{"type":"Feature","properties":{"รหัสกลุ่มคิว":"15/008","รหัสรับเหมา":null,"ชื่อ-สกุล รับเหมา":null,"นักเกษตร":"1502","ศูนย์":"K2-15","โควตา":"719372","ชาวไร่":"นาย สุประเสริฐ จบหล้า","ประเภทอ้อย":"ตอ2","พื้นที่":1.72,"ตันรวม":13.76,"รหัสแปลง":"320502081671","กลุ่ม":"กลุ่ม_15"},"geometry":{"type":"MultiPolygon","coordinates":[[[[979146.453099999576807,1634665.346999999135733],[979144.037100000306964,1634626.9967],[979072.002600000239909,1634629.679999999701977],[979077.360999999567866,1634668.994899999350309],[979146.453099999576807,1634665.346999999135733]]]]}},
{"type":"Feature","properties":{"รหัสกลุ่มคิว":"15/004","รหัสรับเหมา":"738889","ชื่อ-สกุล รับเหมา":"รถตัดโรงงานเบอร์ 22","นักเกษตร":"1507","ศูนย์":"K2-15","โควตา":"710152","ชาวไร่":"นาง สุภาพร เพชรใสดี","ประเภทอ้อย":"ตอ2","พื้นที่":15.56,"ตันรวม":124.48,"รหัสแปลง":"320509091753","กลุ่ม":"กลุ่ม_15"},"geometry":{"type":"MultiPolygon","coordinates":[[[[972042.167700000107288,1605283.318199999630451],[972079.894700000062585,1605285.718499999493361],[972162.018600000068545,1605026.352700000628829],[972179.775500000454485,1605033.1184],[972184.065899999812245,1605025.740800000727177],[972190.571600000374019,1605024.317900000140071],[972190.4847999997437,1605033.538599999621511],[972201.403599999845028,1605037.2994],[972256.384499999694526,1604853.629300000146031],[972183.519399999640882,1604833.5406],[972042.167700000107288,1605283.318199999630451]]]]}},
{"type":"Feature","properties":{"รหัสกลุ่มคิว":"15/004","รหัสรับเหมา":"738889","ชื่อ-สกุล รับเหมา":"รถตัดโรงงานเบอร์ 22","นักเกษตร":"1507","ศูนย์":"K2-15","โควตา":"711090","ชาวไร่":"นางสาว ดวง สีน้ำคำ","ประเภทอ้อย":"ปลายฝน","พื้นที่":1.4,"ตันรวม":18.2,"รหัสแปลง":"320509131917","กลุ่ม":"กลุ่ม_15"},"geometry":{"type":"MultiPolygon","coordinates":[[[[970975.150500000454485,1607621.843100000172853],[971005.923100000247359,1607625.229100000113249],[971022.883799999952316,1607562.708499999716878],[970991.964100000448525,1607548.929500000551343],[970975.150500000454485,1607621.843100000172853]]]]}},
{"type":"Feature","properties":{"รหัสกลุ่มคิว":"15/007","รหัสรับเหมา":"722724","ชื่อ-สกุล รับเหมา":"นาง ณีรนุช แถวถิ่น","นักเกษตร":"1501","ศูนย์":"K2-15","โควตา":"722724","ชาวไร่":"นาง ณีรนุช แถวถิ่น","ประเภทอ้อย":"ตอ2","พื้นที่":3.48,"ตันรวม":27.84,"รหัสแปลง":"320606011940","กลุ่ม":"กลุ่ม_15"},"geometry":{"type":"MultiPolygon","coordinates":[[[[977828.895399999804795,1602991.006999999284744],[977867.061099999584258,1602990.979800000786781],[977881.941800000146031,1602927.6722],[977880.370299999602139,1602827.009199999272823],[977842.623499999754131,1602832.131899999454618],[977851.588700000196695,1602898.780600000172853],[977847.522199999541044,1602928.057],[977828.895399999804795,1602991.006999999284744]]]]}},
{"type":"Feature","properties":{"รหัสกลุ่มคิว":"15/003","รหัสรับเหมา":"738889","ชื่อ-สกุล รับเหมา":"รถตัดโรงงานเบอร์ 18","นักเกษตร":"1202","ศูนย์":"K2-15","โควตา":"715228","ชาวไร่":"นาย ชินกร ประสานดี","ประเภทอ้อย":"ตอ2","พื้นที่":4.0,"ตันรวม":32.0,"รหัสแปลง":"320509031965","กลุ่ม":"กลุ่ม_15"},"geometry":{"type":"MultiPolygon","coordinates":[[[[971364.0784,1613593.310599999502301],[971367.650999999605119,1613516.739099999889731],[971256.372999999672174,1613523.819299999624491],[971253.664599999785423,1613535.960100000724196],[971247.144500000402331,1613538.812100000679493],[971244.495299999602139,1613555.9101],[971302.823400000110269,1613554.001199999824166],[971306.224999999627471,1613596.0482],[971362.799899999983609,1613592.597200000658631],[971364.0784,1613593.310599999502301]]]]}},
{"type":"Feature","properties":{"รหัสกลุ่มคิว":"15/008","รหัสรับเหมา":null,"ชื่อ-สกุล รับเหมา":null,"นักเกษตร":"1502","ศูนย์":"K2-15","โควตา":"712087","ชาวไร่":"นางสาว เกษรา ศรีพรหมทอง","ประเภทอ้อย":"ตอ2","พื้นที่":5.55,"ตันรวม":44.4,"รหัสแปลง":"320501121711","กลุ่ม":"กลุ่ม_15"},"geometry":{"type":"MultiPolygon","coordinates":[[[[978601.811099999584258,1624350.186699999496341],[978603.148900000378489,1624357.301799999549985],[978608.816599999554455,1624374.591600000858307],[978612.167500000447035,1624377.9178],[978617.772599999792874,1624378.817800000309944],[978642.881599999964237,1624375.535900000482798],[978713.254800000227988,1624362.474600000306964],[978781.908499999903142,1624349.427300000563264],[978888.258899999782443,1624328.519099999219179],[978916.120000000111759,1624324.028000000864267],[978915.841099999845028,1624297.277899999171495],[978823.189299999736249,1624314.328400000929832],[978711.181200000457466,1624333.33530000038445],[978601.811099999584258,1624350.186699999496341]]]]}},
{"type":"Feature","properties":{"รหัสกลุ่มคิว":"15/007","รหัสรับเหมา":"722724","ชื่อ-สกุล รับเหมา":"นาง ณีรนุช แถวถิ่น","นักเกษตร":"1501","ศูนย์":"K2-15","โควตา":"719346","ชาวไร่":"นาย สุทธิวิชญ์ อิสรีย์วรทัต","ประเภทอ้อย":"ปลายฝน","พื้นที่":15.35,"ตันรวม":199.55,"รหัสแปลง":"320504141824","กลุ่ม":"กลุ่ม_15"},"geometry":{"type":"MultiPolygon","coordinates":[[[[965759.051400000229478,1620212.77309999987483],[965772.14130000025034,1620137.983899999409914],[965744.759399999864399,1620131.530600000172853],[965742.642900000326335,1620148.127900000661612],[965724.658900000154972,1620147.230499999597669],[965746.020399999804795,1620055.945599999278784],[965784.499900000169873,1620067.372899999842048],[965790.364099999889731,1620033.868000000715256],[965757.744300000369549,1620026.406199999153614],[965783.07120000012219,1619915.971100000664592],[965810.3421,1619920.742900000885129],[965826.64740000013262,1619820.857799999415874],[965798.63190000038594,1619817.365900000557303],[965786.025600000284612,1619836.536299999803305],[965755.007399999536574,1619830.029400000348687],[965718.159599999897182,1620025.466700000688434],[965684.194099999964237,1620201.917999999597669],[965759.051400000229478,1620212.77309999987483]]]]}},
{"type":"Feature","properties":{"รหัสกลุ่มคิว":"15/008","รหัสรับเหมา":null,"ชื่อ-สกุล รับเหมา":null,"นักเกษตร":"1502","ศูนย์":"K2-15","โควตา":"719353","ชาวไร่":"นาย วิโรจน์ ทองสุข","ประเภทอ้อย":"ตอ1","พื้นที่":13.79,"ตันรวม":124.11,"รหัสแปลง":"320501183128","กลุ่ม":"กลุ่ม_15"},"geometry":{"type":"MultiPolygon","coordinates":[[[[973197.2489,1624327.144500000402331],[973195.091300000436604,1624324.744300000369549],[973171.488900000229478,1624325.097899999469519],[973150.643099999986589,1624318.363500000908971],[973118.302899999544024,1624367.362700000405312],[973117.980600000359118,1624367.388599999248981],[973146.690700000151992,1624532.057099999859929],[973281.652999999932945,1624532.627599999308586],[973268.053299999795854,1624498.749800000339746],[973247.066100000403821,1624452.378799999132752],[973197.2489,1624327.144500000402331]]]]}},
{"type":"Feature","properties":{"รหัสกลุ่มคิว":"15/004","รหัสรับเหมา":"738889","ชื่อ-สกุล รับเหมา":"รถตัดโรงงานเบอร์ 22","นักเกษตร":"1507","ศูนย์":"K2-15","โควตา":"719351","ชาวไร่":"นาย อนุวัฒน์ กันสุมาโส","ประเภทอ้อย":"ตอ1","พื้นที่":14.07,"ตันรวม":126.63,"รหัสแปลง":"320509161786","กลุ่ม":"กลุ่ม_15"},"geometry":{"type":"MultiPolygon","coordinates":[[[[970930.162800000049174,1612085.601399999111891],[970908.666600000113249,1612085.1415],[970785.133899999782443,1612071.02170000039041],[970783.574699999764562,1612077.221300000324845],[970769.268899999558926,1612079.995200000703335],[970693.040900000371039,1612078.6228],[970647.788599999621511,1612071.9353],[970663.788099999539554,1612147.044399999082088],[970664.176300000399351,1612149.004100000485778],[970722.810600000433624,1612156.004799999296665],[970921.333599999547005,1612174.36879999935627],[970930.162800000049174,1612085.601399999111891]]]]}},
{"type":"Feature","properties":{"รหัสกลุ่มคิว":"15/001","รหัสรับเหมา":"738889","ชื่อ-สกุล รับเหมา":"รถตัดโรงงานเบอร์ 01","นักเกษตร":"1503","ศูนย์":"K2-15","โควตา":"715232","ชาวไร่":"นาง บุญมี พรหมบุตร","ประเภทอ้อย":"ตอ1","พื้นที่":4.15,"ตันรวม":37.35,"รหัสแปลง":"320509015602","กลุ่ม":"กลุ่ม_15"},"geometry":{"type":"MultiPolygon","coordinates":[[[[974519.129800000227988,1608688.2956000007689],[974522.309700000099838,1608612.541600000113249],[974440.353400000371039,1608598.79839999973774],[974431.972299999557436,1608678.373400000855327],[974519.129800000227988,1608688.2956000007689]]]]}},
{"type":"Feature","properties":{"รหัสกลุ่มคิว":"15/001","รหัสรับเหมา":"738889","ชื่อ-สกุล รับเหมา":"รถตัดโรงงานเบอร์ 01","นักเกษตร":"1503","ศูนย์":"K2-15","โควตา":"715087","ชาวไร่":"นาง หนูจันทร์ สืบเทพ","ประเภทอ้อย":"ตอ1","พื้นที่":7.86,"ตันรวม":70.74,"รหัสแปลง":"320509015603","กลุ่ม":"กลุ่ม_15"},"geometry":{"type":"MultiPolygon","coordinates":[[[[974358.071899999864399,1608337.235200000926852],[974361.749499999918044,1608338.753699999302626],[974412.586900000460446,1608351.366399999707937],[974472.968500000424683,1608359.68610000051558],[974480.230200000107288,1608222.060599999502301],[974445.211799999698997,1608223.416799999773502],[974443.684600000269711,1608239.297800000756979],[974413.638799999840558,1608235.761499999091029],[974393.784900000318885,1608236.056700000539422],[974390.753999999724329,1608260.093000000342727],[974370.961199999786913,1608258.503599999472499],[974361.004700000397861,1608270.055800000205636],[974360.694199999794364,1608300.5274],[974382.807099999859929,1608308.1261],[974387.252399999648333,1608321.733899999409914],[974361.514499999582767,1608317.128100000321865],[974358.071899999864399,1608337.235200000926852]]]]}},
{"type":"Feature","properties":{"รหัสกลุ่มคิว":"15/008","รหัสรับเหมา":null,"ชื่อ-สกุล รับเหมา":null,"นักเกษตร":"1502","ศูนย์":"K2-15","โควตา":"719271","ชาวไร่":"นาย บุญสงค์ นากอก","ประเภทอ้อย":"ตอ1","พื้นที่":2.33,"ตันรวม":20.97,"รหัสแปลง":"320515101699","กลุ่ม":"กลุ่ม_15"},"geometry":{"type":"MultiPolygon","coordinates":[[[[974350.746100000105798,1620312.4693],[974433.32660000026226,1620305.938200000673532],[974439.849999999627471,1620266.684800000861287],[974346.589999999850988,1620266.907500000670552],[974350.746100000105798,1620312.4693]]]]}},
{"type":"Feature","properties":{"รหัสกลุ่มคิว":"15/008","รหัสรับเหมา":null,"ชื่อ-สกุล รับเหมา":null,"นักเกษตร":"1502","ศูนย์":"K2-15","โควตา":"712004","ชาวไร่":"นาง คำพจน์ จันทร์อ่อน","ประเภทอ้อย":"ตอ1","พื้นที่":5.67,"ตันรวม":51.03,"รหัสแปลง":"320508071697","กลุ่ม":"กลุ่ม_15"},"geometry":{"type":"MultiPolygon","coordinates":[[[[989707.702200000174344,1627950.964299999177456],[989849.790599999949336,1627940.0320999994874],[989833.546099999919534,1627880.1667],[989688.648199999704957,1627886.532199999317527],[989707.702200000174344,1627950.964299999177456]]]]}},
{"type":"Feature","properties":{"รหัสกลุ่มคิว":"15/008","รหัสรับเหมา":null,"ชื่อ-สกุล รับเหมา":null,"นักเกษตร":"1502","ศูนย์":"K2-15","โควตา":"719354","ชาวไร่":"นาย วุฒิชัย คิดดีจริง","ประเภทอ้อย":"ตอ1","พื้นที่":5.23,"ตันรวม":47.07,"รหัสแปลง":"320508071698","กลุ่ม":"กลุ่ม_15"},"geometry":{"type":"MultiPolygon","coordinates":[[[[988976.645800000056624,1627331.08420000039041],[988973.293800000101328,1627286.62529999949038],[988890.190799999982119,1627292.380599999800324],[988802.380800000391901,1627310.23619999922812],[988808.921400000341237,1627357.329800000414252],[988976.645800000056624,1627331.08420000039041]]]]}},
{"type":"Feature","properties":{"รหัสกลุ่มคิว":"15/003","รหัสรับเหมา":"738889","ชื่อ-สกุล รับเหมา":"รถตัดโรงงานเบอร์ 18","นักเกษตร":"1202","ศูนย์":"K2-15","โควตา":"722588","ชาวไร่":"นาง จุรีรัตน์ ใสพร้าว","ประเภทอ้อย":"ปลายฝน","พื้นที่":6.17,"ตันรวม":80.21,"รหัสแปลง":"320606071811","กลุ่ม":"กลุ่ม_15"},"geometry":{"type":"MultiPolygon","coordinates":[[[[977722.189500000327826,1609501.932],[977714.08559999987483,1609581.605399999767542],[977836.558500000275671,1609590.855399999767542],[977838.835699999704957,1609551.793400000780821],[977848.630800000391901,1609510.976099999621511],[977722.189500000327826,1609501.932]]]]}},
{"type":"Feature","properties":{"รหัสกลุ่มคิว":"15/007","รหัสรับเหมา":"722724","ชื่อ-สกุล รับเหมา":"นาง ณีรนุช แถวถิ่น","นักเกษตร":"1501","ศูนย์":"K2-15","โควตา":"723647","ชาวไร่":"นาง อุไรวรรณ แพงมาลา","ประเภทอ้อย":"ตอ1","พื้นที่":5.76,"ตันรวม":51.84,"รหัสแปลง":"320606011942","กลุ่ม":"กลุ่ม_15"},"geometry":{"type":"MultiPolygon","coordinates":[[[[980307.298600000329316,1599683.202099999412894],[980244.501600000075996,1599729.063799999654293],[980304.659500000067055,1599798.780300000682473],[980330.705699999816716,1599788.191999999806285],[980344.289599999785423,1599804.002100000157952],[980351.282100000418723,1599801.239099999889731],[980368.509700000286102,1599815.035399999469519],[980381.527900000102818,1599795.812100000679493],[980395.973399999551475,1599790.795299999415874],[980307.298600000329316,1599683.202099999412894]]]]}},
{"type":"Feature","properties":{"รหัสกลุ่มคิว":"15/008","รหัสรับเหมา":null,"ชื่อ-สกุล รับเหมา":null,"นักเกษตร":"1502","ศูนย์":"K2-15","โควตา":"719354","ชาวไร่":"นาย วุฒิชัย คิดดีจริง","ประเภทอ้อย":"ตอ1","พื้นที่":9.67,"ตันรวม":87.03,"รหัสแปลง":"320501101617","กลุ่ม":"กลุ่ม_15"},"geometry":{"type":"MultiPolygon","coordinates":[[[[972202.107800000347197,1625078.982899999246001],[972222.27309999987483,1625116.480200000107288],[972223.076899999752641,1625146.705700000748038],[972225.349700000137091,1625163.826999999582767],[972221.262900000438094,1625178.265900000929832],[972306.449000000022352,1625182.794399999082088],[972380.082399999722838,1625173.156500000506639],[972367.389700000174344,1625128.408399999141693],[972340.716099999845028,1625068.338500000536442],[972202.107800000347197,1625078.982899999246001]]]]}},
{"type":"Feature","properties":{"รหัสกลุ่มคิว":"15/008","รหัสรับเหมา":null,"ชื่อ-สกุล รับเหมา":null,"นักเกษตร":"1502","ศูนย์":"K2-15","โควตา":"719354","ชาวไร่":"นาย วุฒิชัย คิดดีจริง","ประเภทอ้อย":"ตอ1","พื้นที่":6.7,"ตันรวม":60.3,"รหัสแปลง":"320501101618","กลุ่ม":"กลุ่ม_15"},"geometry":{"type":"MultiPolygon","coordinates":[[[[972306.671900000423193,1625184.720000000670552],[972222.256199999712408,1625180.005699999630451],[972177.32660000026226,1625282.479800000786781],[972314.127600000239909,1625276.427400000393391],[972306.671900000423193,1625184.720000000670552]]]]}},
{"type":"Feature","properties":{"รหัสกลุ่มคิว":"15/003","รหัสรับเหมา":"738889","ชื่อ-สกุล รับเหมา":"รถตัดโรงงานเบอร์ 18","นักเกษตร":"1202","ศูนย์":"K2-15","โควตา":"723142","ชาวไร่":"นาง จิตร ลอยเลื่อน","ประเภทอ้อย":"ตอ1","พื้นที่":3.69,"ตันรวม":33.21,"รหัสแปลง":"320606071812","กลุ่ม":"กลุ่ม_15"},"geometry":{"type":"MultiPolygon","coordinates":[[[[976487.232099999673665,1609450.249900000169873],[976497.64989999961108,1609530.084899999201298],[976567.830799999646842,1609511.04079999960959],[976555.221099999733269,1609426.929999999701977],[976487.232099999673665,1609450.249900000169873]]]]}},
{"type":"Feature","properties":{"รหัสกลุ่มคิว":"15/001","รหัสรับเหมา":"738889","ชื่อ-สกุล รับเหมา":"รถตัดโรงงานเบอร์ 01","นักเกษตร":"1503","ศูนย์":"K2-15","โควตา":"719397","ชาวไร่":"นาง สุวรรณ สีแสงสว่าง","ประเภทอ้อย":"ตอ1","พื้นที่":27.83,"ตันรวม":250.47,"รหัสแปลง":"320509051620","กลุ่ม":"กลุ่ม_15"},"geometry":{"type":"MultiPolygon","coordinates":[[[[976073.010099999606609,1610835.372999999672174],[976077.348600000143051,1610795.603700000792742],[976069.595200000330806,1610794.165200000628829],[976068.983,1610752.242499999701977],[975924.57880000025034,1610743.137399999424815],[975690.331699999980628,1610745.122300000861287],[975667.236899999901652,1610740.869300000369549],[975656.142799999564886,1610740.614700000733137],[975623.968500000424683,1610740.897299999371171],[975619.5921,1610747.817800000309944],[975623.377299999818206,1610794.848999999463558],[975629.616600000299513,1610853.044099999591708],[976073.010099999606609,1610835.372999999672174]]]]}},
{"type":"Feature","properties":{"รหัสกลุ่มคิว":"15/008","รหัสรับเหมา":null,"ชื่อ-สกุล รับเหมา":null,"นักเกษตร":"1502","ศูนย์":"K2-15","โควตา":"726101","ชาวไร่":"นาย สำเนียง คิดดีจริง","ประเภทอ้อย":"ตอ1","พื้นที่":15.84,"ตันรวม":142.56,"รหัสแปลง":"320506061838","กลุ่ม":"กลุ่ม_15"},"geometry":{"type":"MultiPolygon","coordinates":[[[[979975.218299999833107,1622996.25650000013411],[979958.802600000053644,1622886.748400000855327],[979929.752500000409782,1622889.033299999311566],[979918.3454,1622920.410599999129772],[979844.369900000281632,1622927.530500000342727],[979787.781899999827147,1622949.4543999992311],[979610.048799999989569,1622973.85249999910593],[979621.881599999964237,1623027.021199999377131],[979975.218299999833107,1622996.25650000013411]]]]}},
{"type":"Feature","properties":{"รหัสกลุ่มคิว":"15/003","รหัสรับเหมา":"738889","ชื่อ-สกุล รับเหมา":"รถตัดโรงงานเบอร์ 18","นักเกษตร":"1202","ศูนย์":"K2-15","โควตา":"715479","ชาวไร่":"นางสาว นันทิยา เสาใย","ประเภทอ้อย":"ตอ1","พื้นที่":4.13,"ตันรวม":37.17,"รหัสแปลง":"320509161790","กลุ่ม":"กลุ่ม_15"},"geometry":{"type":"MultiPolygon","coordinates":[[[[969605.993400000035763,1612916.902100000530481],[969553.685499999672174,1612921.4474],[969543.227300000376999,1613035.127499999478459],[969600.691100000403821,1613043.437000000849366],[969605.993400000035763,1612916.902100000530481]]]]}},
{"type":"Feature","properties":{"รหัสกลุ่มคิว":"15/001","รหัสรับเหมา":"738889","ชื่อ-สกุล รับเหมา":"รถตัดโรงงานเบอร์ 01","นักเกษตร":"1503","ศูนย์":"K2-15","โควตา":"710924","ชาวไร่":"นาย ทา เชือดรัมย์","ประเภทอ้อย":"ตอ1","พื้นที่":6.77,"ตันรวม":60.93,"รหัสแปลง":"320509111616","กลุ่ม":"กลุ่ม_15"},"geometry":{"type":"MultiPolygon","coordinates":[[[[974357.268600000068545,1610650.329900000244379],[974428.7807,1610620.319399999454618],[974397.592199999839067,1610535.2708],[974388.214599999599159,1610497.712999999523163],[974333.169099999591708,1610513.387199999764562],[974336.955099999904633,1610522.519400000572205],[974303.819899999536574,1610531.67879999987781],[974357.268600000068545,1610650.329900000244379]]]]}},
{"type":"Feature","properties":{"รหัสกลุ่มคิว":"15/004","รหัสรับเหมา":"738889","ชื่อ-สกุล รับเหมา":"รถตัดโรงงานเบอร์ 22","นักเกษตร":"1507","ศูนย์":"K2-15","โควตา":"710642","ชาวไร่":"นาย รุ่งสิทธิ์ บัววัน","ประเภทอ้อย":"ตอ1","พื้นที่":3.44,"ตันรวม":30.96,"รหัสแปลง":"320509131920","กลุ่ม":"กลุ่ม_15"},"geometry":{"type":"MultiPolygon","coordinates":[[[[970229.450899999588728,1607056.2303],[970191.128200000151992,1607043.2653],[970153.431900000199676,1607167.8739],[970195.66399999987334,1607181.4781],[970229.450899999588728,1607056.2303]]]]}},
{"type":"Feature","properties":{"รหัสกลุ่มคิว":"15/001","รหัสรับเหมา":"738889","ชื่อ-สกุล รับเหมา":"รถตัดโรงงานเบอร์ 01","นักเกษตร":"1503","ศูนย์":"K2-15","โควตา":"710924","ชาวไร่":"นาย ทา เชือดรัมย์","ประเภทอ้อย":"ตอ1","พื้นที่":4.29,"ตันรวม":38.61,"รหัสแปลง":"320509111617","กลุ่ม":"กลุ่ม_15"},"geometry":{"type":"MultiPolygon","coordinates":[[[[974457.317800000309944,1610519.665500000119209],[974446.827899999916553,1610493.949400000274181],[974397.018899999558926,1610508.518200000748038],[974405.42850000038743,1610539.370699999853969],[974435.732200000435114,1610620.933599999174476],[974496.072300000116229,1610601.94620000012219],[974457.317800000309944,1610519.665500000119209]]]]}},
{"type":"Feature","properties":{"รหัสกลุ่มคิว":"15/007","รหัสรับเหมา":"722724","ชื่อ-สกุล รับเหมา":"นาง ณีรนุช แถวถิ่น","นักเกษตร":"1501","ศูนย์":"K2-15","โควตา":"715642","ชาวไร่":"นางสาว โสภา แท่นแก้ว","ประเภทอ้อย":"ตอ1","พื้นที่":13.2,"ตันรวม":118.8,"รหัสแปลง":"320509031974","กลุ่ม":"กลุ่ม_15"},"geometry":{"type":"MultiPolygon","coordinates":[[[[969236.763000000268221,1612073.305099999532104],[969201.434799999929965,1612065.605000000447035],[969192.571899999864399,1612058.225700000301003],[969164.987700000405312,1612059.917199999094009],[969193.199400000274181,1612166.756100000813603],[969231.737999999895692,1612307.9934],[969238.602900000289083,1612325.68720000050962],[969288.321299999952316,1612305.932],[969282.994199999608099,1612075.852299999445677],[969236.763000000268221,1612073.305099999532104]]]]}},
{"type":"Feature","properties":{"รหัสกลุ่มคิว":"15/008","รหัสรับเหมา":null,"ชื่อ-สกุล รับเหมา":null,"นักเกษตร":"1502","ศูนย์":"K2-15","โควตา":"719457","ชาวไร่":"นาย วิชัย คิดดีจริง","ประเภทอ้อย":"ตอ1","พื้นที่":5.03,"ตันรวม":45.27,"รหัสแปลง":"320506041584","กลุ่ม":"กลุ่ม_15"},"geometry":{"type":"MultiPolygon","coordinates":[[[[979099.05460000038147,1623870.467199999839067],[979126.636199999600649,1624090.479000000283122],[979135.045400000177324,1624090.878399999812245],[979136.888899999670684,1624103.471599999815226],[979163.122800000011921,1624102.605100000277162],[979135.758200000040233,1623876.128799999132752],[979101.873999999836087,1623871.271500000730157],[979099.05460000038147,1623870.467199999839067]]]]}},
{"type":"Feature","properties":{"รหัสกลุ่มคิว":"15/003","รหัสรับเหมา":"738889","ชื่อ-สกุล รับเหมา":"รถตัดโรงงานเบอร์ 18","นักเกษตร":"1202","ศูนย์":"K2-15","โควตา":"715682","ชาวไร่":"นาง ผกามาส กลีพัด","ประเภทอ้อย":"ตอ1","พื้นที่":9.41,"ตันรวม":84.69,"รหัสแปลง":"320509031976","กลุ่ม":"กลุ่ม_15"},"geometry":{"type":"MultiPolygon","coordinates":[[[[971288.879599999636412,1614355.684699999168515],[971319.512900000438094,1614598.089700000360608],[971384.567900000140071,1614586.029400000348687],[971379.20380000025034,1614415.471599999815226],[971356.059700000099838,1614401.715700000524521],[971353.315899999812245,1614413.310100000351667],[971320.702800000086427,1614395.674699999392033],[971320.409099999815226,1614373.484099999070168],[971288.879599999636412,1614355.684699999168515]]]]}},
{"type":"Feature","properties":{"รหัสกลุ่มคิว":"15/003","รหัสรับเหมา":"738889","ชื่อ-สกุล รับเหมา":"รถตัดโรงงานเบอร์ 18","นักเกษตร":"1202","ศูนย์":"K2-15","โควตา":"719292","ชาวไร่":"นางสาว สุจิตรา บุญอยู่","ประเภทอ้อย":"ตอ1","พื้นที่":2.5,"ตันรวม":22.5,"รหัสแปลง":"320509081663","กลุ่ม":"กลุ่ม_15"},"geometry":{"type":"MultiPolygon","coordinates":[[[[967691.752399999648333,1612543.8947],[967687.931400000117719,1612574.324899999424815],[967687.942400000058115,1612583.198599999770522],[967797.995900000445545,1612581.598200000822544],[967798.418100000359118,1612549.994100000709295],[967780.480899999849498,1612546.324699999764562],[967691.752399999648333,1612543.8947]]]]}},
{"type":"Feature","properties":{"รหัสกลุ่มคิว":"15/003","รหัสรับเหมา":"738889","ชื่อ-สกุล รับเหมา":"รถตัดโรงงานเบอร์ 18","นักเกษตร":"1202","ศูนย์":"K2-15","โควตา":"715405","ชาวไร่":"นาย เหลือ กลีพัด","ประเภทอ้อย":"ตอ1","พื้นที่":2.82,"ตันรวม":25.38,"รหัสแปลง":"320509161793","กลุ่ม":"กลุ่ม_15"},"geometry":{"type":"MultiPolygon","coordinates":[[[[971503.698400000110269,1613615.691999999806285],[971501.806900000199676,1613582.932700000703335],[971361.468000000342727,1613595.580600000917912],[971359.618599999696016,1613626.234300000593066],[971503.698400000110269,1613615.691999999806285]]]]}},
{"type":"Feature","properties":{"รหัสกลุ่มคิว":"15/007","รหัสรับเหมา":"722724","ชื่อ-สกุล รับเหมา":"นาง ณีรนุช แถวถิ่น","นักเกษตร":"1501","ศูนย์":"K2-15","โควตา":"715347","ชาวไร่":"นาง มลิวัลย์ แฮะประโคน","ประเภทอ้อย":"ปลายฝน","พื้นที่":3.05,"ตันรวม":39.65,"รหัสแปลง":"320606011948","กลุ่ม":"กลุ่ม_15"},"geometry":{"type":"MultiPolygon","coordinates":[[[[978003.915000000037253,1602810.989099999889731],[977966.839399999938905,1602823.770099999383092],[977961.642099999822676,1602952.613399999216199],[977995.373200000263751,1602958.818199999630451],[978003.915000000037253,1602810.989099999889731]]]]}},
{"type":"Feature","properties":{"รหัสกลุ่มคิว":"15/003","รหัสรับเหมา":"738889","ชื่อ-สกุล รับเหมา":"รถตัดโรงงานเบอร์ 18","นักเกษตร":"1202","ศูนย์":"K2-15","โควตา":"710014","ชาวไร่":"นาย เหียน ได้ดี","ประเภทอ้อย":"ตอ1","พื้นที่":24.25,"ตันรวม":218.25,"รหัสแปลง":"320509031982","กลุ่ม":"กลุ่ม_15"},"geometry":{"type":"MultiPolygon","coordinates":[[[[969767.667100000195205,1614892.940700000151992],[969781.365199999883771,1614929.807700000703335],[969815.279900000430644,1614916.2027000002563],[969857.950199999846518,1614879.696399999782443],[969781.057699999772012,1614560.613800000399351],[969659.521800000220537,1614569.747400000691414],[969676.837000000290573,1614681.001700000837445],[969691.279000000096858,1614679.059900000691414],[969689.832499999552965,1614669.973500000312924],[969691.441800000146031,1614670.559000000357628],[969692.951399999670684,1614685.747300000861287],[969767.667100000195205,1614892.940700000151992]]]]}},
{"type":"Feature","properties":{"รหัสกลุ่มคิว":"15/004","รหัสรับเหมา":"738889","ชื่อ-สกุล รับเหมา":"รถตัดโรงงานเบอร์ 22","นักเกษตร":"1507","ศูนย์":"K2-15","โควตา":"715809","ชาวไร่":"นาย ศรีศิลป์ ชมชื่น","ประเภทอ้อย":"ตอ1","พื้นที่":8.55,"ตันรวม":76.95,"รหัสแปลง":"320509111618","กลุ่ม":"กลุ่ม_15"},"geometry":{"type":"MultiPolygon","coordinates":[[[[973599.878600000403821,1610129.83699999935925],[973596.624699999578297,1610126.654799999669194],[973589.904400000348687,1610120.239499999210238],[973583.391099999658763,1610121.778000000864267],[973566.453599999658763,1610122.191299999132752],[973561.956199999898672,1610121.919800000265241],[973553.35010000038892,1610119.905300000682473],[973515.557000000029802,1610118.437899999320507],[973482.95990000013262,1610118.364900000393391],[973466.382500000298023,1610118.785199999809265],[973455.361200000159442,1610120.606599999591708],[973446.856800000183284,1610122.661399999633431],[973439.767900000326335,1610126.037599999457598],[973434.436499999836087,1610131.666200000792742],[973431.114099999889731,1610135.854499999433756],[973420.262099999934435,1610185.008199999108911],[973553.611999999731779,1610227.879699999466538],[973599.878600000403821,1610129.83699999935925]]]]}},
{"type":"Feature","properties":{"รหัสกลุ่มคิว":"15/001","รหัสรับเหมา":"738889","ชื่อ-สกุล รับเหมา":"รถตัดโรงงานเบอร์ 01","นักเกษตร":"1503","ศูนย์":"K2-15","โควตา":"719418","ชาวไร่":"นางสาว สอน จำเริญดี","ประเภทอ้อย":"ตอ1","พื้นที่":8.1,"ตันรวม":72.9,"รหัสแปลง":"320509071727","กลุ่ม":"กลุ่ม_15"},"geometry":{"type":"MultiPolygon","coordinates":[[[[970090.090300000272691,1611455.700899999588728],[970191.240500000305474,1611430.460400000214577],[970178.135599999688566,1611400.0756],[969961.345800000242889,1611445.473099999129772],[969853.814600000157952,1611465.415999999269843],[969863.241399999707937,1611509.22580000013113],[969938.100899999961257,1611493.279799999669194],[969938.549399999901652,1611488.666600000113249],[969951.002399999648333,1611487.24100000038743],[969951.503600000403821,1611489.284199999645352],[970030.729700000025332,1611471.0186],[970090.090300000272691,1611455.700899999588728]]]]}},
{"type":"Feature","properties":{"รหัสกลุ่มคิว":"15/001","รหัสรับเหมา":"738889","ชื่อ-สกุล รับเหมา":"รถตัดโรงงานเบอร์ 01","นักเกษตร":"1503","ศูนย์":"K2-15","โควตา":"715245","ชาวไร่":"นาง ประไพร ศรีนาค","ประเภทอ้อย":"ตอ1","พื้นที่":3.8,"ตันรวม":34.2,"รหัสแปลง":"320509091759","กลุ่ม":"กลุ่ม_15"},"geometry":{"type":"MultiPolygon","coordinates":[[[[973843.126699999906123,1606742.795299999415874],[973886.193799999542534,1606742.924599999561906],[973882.179399999789894,1606689.551100000739098],[973879.052400000393391,1606688.895300000905991],[973866.795800000429153,1606630.251800000667572],[973861.652400000020862,1606594.893500000238419],[973823.799399999901652,1606601.676899999380112],[973828.505499999970198,1606632.430800000205636],[973828.039800000376999,1606634.4474],[973843.126699999906123,1606742.795299999415874]]]]}},
{"type":"Feature","properties":{"รหัสกลุ่มคิว":"15/008","รหัสรับเหมา":null,"ชื่อ-สกุล รับเหมา":null,"นักเกษตร":"1502","ศูนย์":"K2-15","โควตา":"719408","ชาวไร่":"นางสาว จันทนา มีบุตรดี","ประเภทอ้อย":"ตอ1","พื้นที่":5.77,"ตันรวม":51.93,"รหัสแปลง":"320506011628","กลุ่ม":"กลุ่ม_15"},"geometry":{"type":"MultiPolygon","coordinates":[[[[981697.419099999591708,1619949.842599999159575],[981736.659599999897182,1619946.411499999463558],[981728.602800000458956,1619874.123999999836087],[981677.710400000214577,1619877.5417],[981688.806900000199676,1619933.954800000414252],[981621.579199999570847,1619929.543299999088049],[981625.533599999733269,1619958.821100000292063],[981695.095599999651313,1619947.063200000673532],[981688.986499999649823,1619981.432900000363588],[981627.89740000013262,1619976.32179999910295],[981628.317800000309944,1619979.433800000697374],[981565.484899999573827,1619986.641200000420213],[981566.782200000248849,1620021.455199999734759],[981693.29079999960959,1620005.486300000920892],[981697.419099999591708,1619949.842599999159575]]]]}},
{"type":"Feature","properties":{"รหัสกลุ่มคิว":"15/008","รหัสรับเหมา":null,"ชื่อ-สกุล รับเหมา":null,"นักเกษตร":"1502","ศูนย์":"K2-15","โควตา":"716314","ชาวไร่":"นาย ชอบ มีคม","ประเภทอ้อย":"ตอ1","พื้นที่":8.25,"ตันรวม":74.25,"รหัสแปลง":"320502061815","กลุ่ม":"กลุ่ม_15"},"geometry":{"type":"MultiPolygon","coordinates":[[[[980074.957700000144541,1630665.374600000679493],[979996.612999999895692,1630669.759999999776483],[980035.073499999940395,1630823.962500000372529],[980131.259100000374019,1630796.337999999523163],[980074.957700000144541,1630665.374600000679493]]]]}},
{"type":"Feature","properties":{"รหัสกลุ่มคิว":"15/003","รหัสรับเหมา":"738889","ชื่อ-สกุล รับเหมา":"รถตัดโรงงานเบอร์ 18","นักเกษตร":"1202","ศูนย์":"K2-15","โควตา":"722728","ชาวไร่":"นาง เสวียน ไกรเภช","ประเภทอ้อย":"ตอ1","พื้นที่":3.17,"ตันรวม":28.53,"รหัสแปลง":"320606071817","กลุ่ม":"กลุ่ม_15"},"geometry":{"type":"MultiPolygon","coordinates":[[[[976469.693500000052154,1608856.240800000727177],[976452.637199999764562,1608938.937100000679493],[976522.347099999897182,1608943.007999999448657],[976520.212600000202656,1608857.455199999734759],[976469.693500000052154,1608856.240800000727177]]]]}},
{"type":"Feature","properties":{"รหัสกลุ่มคิว":"15/008","รหัสรับเหมา":null,"ชื่อ-สกุล รับเหมา":null,"นักเกษตร":"1502","ศูนย์":"K2-15","โควตา":"714447","ชาวไร่":"นาย ณรงค์ ทรัพย์พูน","ประเภทอ้อย":"ตอ1","พื้นที่":11.13,"ตันรวม":100.17,"รหัสแปลง":"320513011669","กลุ่ม":"กลุ่ม_15"},"geometry":{"type":"MultiPolygon","coordinates":[[[[974434.036899999715388,1625414.283900000154972],[974488.68709999974817,1625417.752299999818206],[974489.541699999943376,1625521.673900000751019],[974537.423100000247359,1625521.4978],[974577.773000000044703,1625510.636600000783801],[974583.071700000204146,1625432.718699999153614],[974578.143000000156462,1625371.6108],[974447.521499999798834,1625341.147700000554323],[974434.036899999715388,1625414.283900000154972]]]]}},
{"type":"Feature","properties":{"รหัสกลุ่มคิว":"15/003","รหัสรับเหมา":"738889","ชื่อ-สกุล รับเหมา":"รถตัดโรงงานเบอร์ 18","นักเกษตร":"1202","ศูนย์":"K2-15","โควตา":"723135","ชาวไร่":"นาง สมอ้วน ดีสม","ประเภทอ้อย":"ตอ1","พื้นที่":7.35,"ตันรวม":66.15,"รหัสแปลง":"320606071818","กลุ่ม":"กลุ่ม_15"},"geometry":{"type":"MultiPolygon","coordinates":[[[[976400.183699999935925,1608806.144099999219179],[976375.018199999816716,1608604.972400000318885],[976323.139200000092387,1608614.307199999690056],[976327.654900000430644,1608625.341299999505281],[976338.2489,1608627.309000000357628],[976337.535899999551475,1608640.868699999526143],[976329.169300000183284,1608641.073999999091029],[976332.485999999567866,1608693.733999999240041],[976341.190600000321865,1608804.435399999842048],[976344.28870000038296,1608846.8267],[976347.875599999912083,1608850.733200000599027],[976370.225499999709427,1608850.188500000163913],[976371.151399999856949,1608806.596100000664592],[976400.183699999935925,1608806.144099999219179]]]]}},
{"type":"Feature","properties":{"รหัสกลุ่มคิว":"15/001","รหัสรับเหมา":"738889","ชื่อ-สกุล รับเหมา":"รถตัดโรงงานเบอร์ 01","นักเกษตร":"1503","ศูนย์":"K2-15","โควตา":"710837","ชาวไร่":"นาง สมอน สืบเทพ","ประเภทอ้อย":"ตอ1","พื้นที่":7.94,"ตันรวม":71.46,"รหัสแปลง":"320509015604","กลุ่ม":"กลุ่ม_15"},"geometry":{"type":"MultiPolygon","coordinates":[[[[973432.625599999912083,1607263.247300000861287],[973548.24129999987781,1607257.0811],[973546.580699999816716,1607209.150900000706315],[973435.097799999639392,1607216.092000000178814],[973400.857699999585748,1607216.836200000718236],[973315.584699999541044,1607219.968599999323487],[973313.608300000429153,1607226.028300000354648],[973287.059600000269711,1607219.3585],[973290.205799999646842,1607273.0154],[973311.330000000074506,1607272.1623],[973339.504099999554455,1607271.6853],[973432.625599999912083,1607263.247300000861287]]]]}},
{"type":"Feature","properties":{"รหัสกลุ่มคิว":"15/007","รหัสรับเหมา":"722724","ชื่อ-สกุล รับเหมา":"นาง ณีรนุช แถวถิ่น","นักเกษตร":"1501","ศูนย์":"K2-15","โควตา":"719086","ชาวไร่":"นาง รัศมี บุญอยู่","ประเภทอ้อย":"ตอ1","พื้นที่":6.7,"ตันรวม":60.3,"รหัสแปลง":"320509031983","กลุ่ม":"กลุ่ม_15"},"geometry":{"type":"MultiPolygon","coordinates":[[[[969443.38219999987632,1614939.970799999311566],[969556.752399999648333,1615112.593299999833107],[969562.926400000229478,1615091.081700000911951],[969595.524100000038743,1615062.496600000187755],[969486.242999999783933,1614911.397299999371171],[969443.38219999987632,1614939.970799999311566]]]]}},
{"type":"Feature","properties":{"รหัสกลุ่มคิว":"15/008","รหัสรับเหมา":null,"ชื่อ-สกุล รับเหมา":null,"นักเกษตร":"1502","ศูนย์":"K2-15","โควตา":"712004","ชาวไร่":"นาง คำพจน์ จันทร์อ่อน","ประเภทอ้อย":"ตอ1","พื้นที่":6.12,"ตันรวม":55.08,"รหัสแปลง":"320508071702","กลุ่ม":"กลุ่ม_15"},"geometry":{"type":"MultiPolygon","coordinates":[[[[989646.521900000050664,1627741.856599999591708],[989511.03760000038892,1627780.140799999237061],[989528.828200000338256,1627850.861400000751019],[989658.896200000308454,1627809.651200000196695],[989646.521900000050664,1627741.856599999591708]]]]}},
{"type":"Feature","properties":{"รหัสกลุ่มคิว":"15/003","รหัสรับเหมา":"738889","ชื่อ-สกุล รับเหมา":"รถตัดโรงงานเบอร์ 18","นักเกษตร":"1202","ศูนย์":"K2-15","โควตา":"722600","ชาวไร่":"นาง วิลัย ดวงเด่นฉาย","ประเภทอ้อย":"ตอ1","พื้นที่":3.98,"ตันรวม":35.82,"รหัสแปลง":"320606071819","กลุ่ม":"กลุ่ม_15"},"geometry":{"type":"MultiPolygon","coordinates":[[[[978031.442300000227988,1609687.261499999091029],[978091.532300000078976,1609693.598899999633431],[978196.61710000038147,1609694.7675],[978199.6261,1609655.336899999529123],[978142.221599999815226,1609655.947100000455976],[978098.848000000230968,1609655.936000000685453],[978035.306300000287592,1609648.202600000426173],[978031.442300000227988,1609687.261499999091029]]]]}},
{"type":"Feature","properties":{"รหัสกลุ่มคิว":"15/008","รหัสรับเหมา":null,"ชื่อ-สกุล รับเหมา":null,"นักเกษตร":"1502","ศูนย์":"K2-15","โควตา":"710492","ชาวไร่":"นาย ชูเกียรติ แสงลํ้า","ประเภทอ้อย":"ตอ1","พื้นที่":6.9,"ตันรวม":62.1,"รหัสแปลง":"320504041757","กลุ่ม":"กลุ่ม_15"},"geometry":{"type":"MultiPolygon","coordinates":[[[[966766.962100000120699,1617910.843399999663234],[966719.906600000336766,1617706.779100000858307],[966713.265300000086427,1617696.300000000745058],[966706.592299999669194,1617687.484099999070168],[966700.829900000244379,1617687.559000000357628],[966698.024600000120699,1617693.0515],[966677.233500000089407,1617697.646299999207258],[966681.164900000207126,1617718.056399999186397],[966679.351400000043213,1617728.189400000497699],[966682.520600000396371,1617750.803300000727177],[966684.447599999606609,1617763.04109999909997],[966691.283300000242889,1617791.640699999406934],[966705.204900000244379,1617835.7193],[966712.651100000366569,1617870.061300000175834],[966716.935800000093877,1617919.132200000807643],[966718.55599999986589,1617947.447499999776483],[966737.649600000120699,1617937.459300000220537],[966750.973799999803305,1617927.915699999779463],[966766.962100000120699,1617910.843399999663234]]]]}},
{"type":"Feature","properties":{"รหัสกลุ่มคิว":"15/003","รหัสรับเหมา":"738889","ชื่อ-สกุล รับเหมา":"รถตัดโรงงานเบอร์ 18","นักเกษตร":"1202","ศูนย์":"K2-15","โควตา":"711801","ชาวไร่":"นาง สุนีย์ ประสินเดิม","ประเภทอ้อย":"ตอ1","พื้นที่":6.73,"ตันรวม":60.57,"รหัสแปลง":"320509031985","กลุ่ม":"กลุ่ม_15"},"geometry":{"type":"MultiPolygon","coordinates":[[[[969325.121899999678135,1612990.09940000064671],[969328.192800000309944,1612980.175100000575185],[969343.768699999898672,1612975.481499999761581],[969329.603900000452995,1612859.2972],[969276.773699999786913,1612862.908800000324845],[969260.214200000278652,1612806.022099999710917],[969234.088600000366569,1612806.816700000315905],[969281.327600000426173,1612992.035000000149012],[969325.121899999678135,1612990.09940000064671]]]]}},
{"type":"Feature","properties":{"รหัสกลุ่มคิว":"15/003","รหัสรับเหมา":"738889","ชื่อ-สกุล รับเหมา":"รถตัดโรงงานเบอร์ 18","นักเกษตร":"1202","ศูนย์":"K2-15","โควตา":"719392","ชาวไร่":"นางสาว เจือย ดวงเด่นฉาย","ประเภทอ้อย":"ตอ1","พื้นที่":4.3,"ตันรวม":38.7,"รหัสแปลง":"320606071820","กลุ่ม":"กลุ่ม_15"},"geometry":{"type":"MultiPolygon","coordinates":[[[[976363.13219999987632,1609089.999900000169873],[976398.139899999834597,1609324.103800000622869],[976424.405799999833107,1609322.2195999994874],[976395.140599999576807,1609088.250099999830127],[976363.13219999987632,1609089.999900000169873]]]]}},
{"type":"Feature","properties":{"รหัสกลุ่มคิว":"15/008","รหัสรับเหมา":null,"ชื่อ-สกุล รับเหมา":null,"นักเกษตร":"1502","ศูนย์":"K2-15","โควตา":"715524","ชาวไร่":"นาย สมพิศ หาญเสมอ","ประเภทอ้อย":"ตอ1","พื้นที่":8.25,"ตันรวม":74.25,"รหัสแปลง":"320501171614","กลุ่ม":"กลุ่ม_15"},"geometry":{"type":"MultiPolygon","coordinates":[[[[976102.468799999915063,1622453.3366],[976107.656899999827147,1622408.880000000819564],[976031.261800000444055,1622384.64809999987483],[976023.869099999777973,1622394.487700000405312],[976002.023000000044703,1622397.759199999272823],[975964.424200000241399,1622396.470899999141693],[975998.017500000074506,1622390.840199999511242],[975962.805399999953806,1622377.9507],[975933.246700000017881,1622379.777499999850988],[975932.833399999886751,1622364.054099999368191],[975920.942499999888241,1622355.317299999296665],[975913.589499999769032,1622464.626900000497699],[976102.468799999915063,1622453.3366]]]]}},
{"type":"Feature","properties":{"รหัสกลุ่มคิว":"15/008","รหัสรับเหมา":null,"ชื่อ-สกุล รับเหมา":null,"นักเกษตร":"1502","ศูนย์":"K2-15","โควตา":"719450","ชาวไร่":"นางสาว นริสรา ระบือนาม","ประเภทอ้อย":"ตอ1","พื้นที่":4.67,"ตันรวม":42.03,"รหัสแปลง":"320508051735","กลุ่ม":"กลุ่ม_15"},"geometry":{"type":"MultiPolygon","coordinates":[[[[987364.946999999694526,1630262.586799999698997],[987278.585500000044703,1630395.647299999371171],[987320.581899999640882,1630421.4517],[987403.262900000438094,1630286.038599999621511],[987364.946999999694526,1630262.586799999698997]]]]}},
{"type":"Feature","properties":{"รหัสกลุ่มคิว":"15/008","รหัสรับเหมา":null,"ชื่อ-สกุล รับเหมา":null,"นักเกษตร":"1502","ศูนย์":"K2-15","โควตา":"719450","ชาวไร่":"นางสาว นริสรา ระบือนาม","ประเภทอ้อย":"ตอ1","พื้นที่":3.13,"ตันรวม":28.17,"รหัสแปลง":"320508051736","กลุ่ม":"กลุ่ม_15"},"geometry":{"type":"MultiPolygon","coordinates":[[[[987799.088700000196695,1629874.9879],[987855.674599999561906,1629846.261499999091029],[987734.086099999956787,1629806.336799999698997],[987717.822100000455976,1629854.614900000393391],[987799.088700000196695,1629874.9879]]]]}},
{"type":"Feature","properties":{"รหัสกลุ่มคิว":"15/007","รหัสรับเหมา":"722724","ชื่อ-สกุล รับเหมา":"นาง ณีรนุช แถวถิ่น","นักเกษตร":"1501","ศูนย์":"K2-15","โควตา":"719437","ชาวไร่":"นาย อังคาร ไกรอ่ำ","ประเภทอ้อย":"ตอ1","พื้นที่":3.98,"ตันรวม":35.82,"รหัสแปลง":"320606011954","กลุ่ม":"กลุ่ม_15"},"geometry":{"type":"MultiPolygon","coordinates":[[[[979984.145499999634922,1599345.426100000739098],[980050.143000000156462,1599309.311300000175834],[980003.699300000444055,1599241.634700000286102],[979974.162999999709427,1599259.856899999082088],[979954.918899999931455,1599261.211200000718236],[979934.688799999654293,1599279.186599999666214],[979984.145499999634922,1599345.426100000739098]]]]}},
{"type":"Feature","properties":{"รหัสกลุ่มคิว":"15/003","รหัสรับเหมา":"738889","ชื่อ-สกุล รับเหมา":"รถตัดโรงงานเบอร์ 18","นักเกษตร":"1202","ศูนย์":"K2-15","โควตา":"719459","ชาวไร่":"นางสาว สุภาพร พูลสารยิ่ง","ประเภทอ้อย":"ตอ1","พื้นที่":5.03,"ตันรวม":45.27,"รหัสแปลง":"320606071821","กลุ่ม":"กลุ่ม_15"},"geometry":{"type":"MultiPolygon","coordinates":[[[[976430.20409999974072,1609086.897900000214577],[976395.99129999987781,1609087.906099999323487],[976427.577899999916553,1609320.026900000870228],[976462.453499999828637,1609316.251800000667572],[976430.20409999974072,1609086.897900000214577]]]]}},
{"type":"Feature","properties":{"รหัสกลุ่มคิว":"15/008","รหัสรับเหมา":null,"ชื่อ-สกุล รับเหมา":null,"นักเกษตร":"1502","ศูนย์":"K2-15","โควตา":"718031","ชาวไร่":"นาย สุขสันต์ ทองเอี่ยม","ประเภทอ้อย":"ตอ1","พื้นที่":7.6,"ตันรวม":68.4,"รหัสแปลง":"320508071705","กลุ่ม":"กลุ่ม_15"},"geometry":{"type":"MultiPolygon","coordinates":[[[[987301.149400000460446,1625117.729800000786781],[987373.341900000348687,1625372.311300000175834],[987402.107699999585748,1625367.70240000076592],[987349.710900000296533,1625072.935200000181794],[987301.149400000460446,1625117.729800000786781]]]]}},
{"type":"Feature","properties":{"รหัสกลุ่มคิว":"15/003","รหัสรับเหมา":"738889","ชื่อ-สกุล รับเหมา":"รถตัดโรงงานเบอร์ 18","นักเกษตร":"1202","ศูนย์":"K2-15","โควตา":"723414","ชาวไร่":"นาย สัมพันธ์ ลอยเลื่อน","ประเภทอ้อย":"ตอ1","พื้นที่":2.77,"ตันรวม":24.93,"รหัสแปลง":"320606091684","กลุ่ม":"กลุ่ม_15"},"geometry":{"type":"MultiPolygon","coordinates":[[[[975241.433600000105798,1605218.495899999514222],[975272.60190000012517,1605112.362400000914931],[975235.191399999894202,1605100.131699999794364],[975203.044900000095367,1605212.280899999663234],[975241.433600000105798,1605218.495899999514222]]]]}},
{"type":"Feature","properties":{"รหัสกลุ่มคิว":"15/001","รหัสรับเหมา":"738889","ชื่อ-สกุล รับเหมา":"รถตัดโรงงานเบอร์ 01","นักเกษตร":"1503","ศูนย์":"K2-15","โควตา":"715011","ชาวไร่":"นาย สวัสดิ์ ศรีสุข","ประเภทอ้อย":"ตอ1","พื้นที่":5.04,"ตันรวม":45.36,"รหัสแปลง":"320509015605","กลุ่ม":"กลุ่ม_15"},"geometry":{"type":"MultiPolygon","coordinates":[[[[973357.802899999544024,1607092.638900000602007],[973341.536899999715388,1607132.999600000679493],[973483.022499999962747,1607137.752000000327826],[973579.000099999830127,1607139.227],[973584.380300000309944,1607112.33809999935329],[973357.802899999544024,1607092.638900000602007]]]]}},
{"type":"Feature","properties":{"รหัสกลุ่มคิว":"15/003","รหัสรับเหมา":"738889","ชื่อ-สกุล รับเหมา":"รถตัดโรงงานเบอร์ 18","นักเกษตร":"1202","ศูนย์":"K2-15","โควตา":"710921","ชาวไร่":"นาง เที่ยง มัญจะกาเภท","ประเภทอ้อย":"ตอ1","พื้นที่":5.98,"ตันรวม":53.82,"รหัสแปลง":"320509031990","กลุ่ม":"กลุ่ม_15"},"geometry":{"type":"MultiPolygon","coordinates":[[[[968676.092199999839067,1613200.463300000876188],[968659.058899999596179,1613347.478199999779463],[968728.066499999724329,1613354.712099999189377],[968733.707100000232458,1613200.824300000444055],[968676.092199999839067,1613200.463300000876188]]]]}},
{"type":"Feature","properties":{"รหัสกลุ่มคิว":"15/008","รหัสรับเหมา":null,"ชื่อ-สกุล รับเหมา":null,"นักเกษตร":"1502","ศูนย์":"K2-15","โควตา":"719473","ชาวไร่":"นาย พิศาล จรรยาเลิศอดุล","ประเภทอ้อย":"ตอ1","พื้นที่":31.78,"ตันรวม":286.02,"รหัสแปลง":"320508161505","กลุ่ม":"กลุ่ม_15"},"geometry":{"type":"MultiPolygon","coordinates":[[[[992751.012199999764562,1627934.406400000676513],[992817.75690000038594,1627867.0449],[992756.666799999773502,1627716.414799999445677],[992750.639700000174344,1627711.406099999323487],[992731.871899999678135,1627710.211400000378489],[992679.519500000402331,1627728.491399999707937],[992545.014700000174344,1627793.143400000408292],[992550.831799999810755,1627833.472999999299645],[992526.985799999907613,1627852.895400000736117],[992544.573599999770522,1627871.540699999779463],[992558.0159,1627873.3918999992311],[992606.780799999833107,1627989.024399999529123],[992696.203900000080466,1627977.525100000202656],[992700.251799999736249,1627955.371400000527501],[992751.012199999764562,1627934.406400000676513]]]]}},
{"type":"Feature","properties":{"รหัสกลุ่มคิว":"15/008","รหัสรับเหมา":null,"ชื่อ-สกุล รับเหมา":null,"นักเกษตร":"1502","ศูนย์":"K2-15","โควตา":"719454","ชาวไร่":"นางสาว ศศิธร สืบสันต์","ประเภทอ้อย":"ตอ1","พื้นที่":4.91,"ตันรวม":44.19,"รหัสแปลง":"320508071706","กลุ่ม":"กลุ่ม_15"},"geometry":{"type":"MultiPolygon","coordinates":[[[[989593.678000000305474,1626435.81110000051558],[989625.822200000286102,1626517.757799999788404],[989706.080500000156462,1626494.3399],[989672.570600000210106,1626402.333200000226498],[989593.678000000305474,1626435.81110000051558]]]]}},
{"type":"Feature","properties":{"รหัสกลุ่มคิว":"15/003","รหัสรับเหมา":"738889","ชื่อ-สกุล รับเหมา":"รถตัดโรงงานเบอร์ 18","นักเกษตร":"1202","ศูนย์":"K2-15","โควตา":"715682","ชาวไร่":"นาง ผกามาส กลีพัด","ประเภทอ้อย":"ตอ1","พื้นที่":8.83,"ตันรวม":79.47,"รหัสแปลง":"320509031992","กลุ่ม":"กลุ่ม_15"},"geometry":{"type":"MultiPolygon","coordinates":[[[[971233.66509999986738,1613489.965600000694394],[971218.987200000323355,1613410.372600000351667],[971077.205299999564886,1613413.750900000333786],[971076.588200000114739,1613408.377699999138713],[971055.63300000037998,1613411.857799999415874],[971051.657300000078976,1613497.008300000801682],[971233.66509999986738,1613489.965600000694394]]]]}},
{"type":"Feature","properties":{"รหัสกลุ่มคิว":"15/007","รหัสรับเหมา":"722724","ชื่อ-สกุล รับเหมา":"นาง ณีรนุช แถวถิ่น","นักเกษตร":"1501","ศูนย์":"K2-15","โควตา":"722724","ชาวไร่":"นาง ณีรนุช แถวถิ่น","ประเภทอ้อย":"ปลายฝน","พื้นที่":4.92,"ตันรวม":63.96,"รหัสแปลง":"320606011956","กลุ่ม":"กลุ่ม_15"},"geometry":{"type":"MultiPolygon","coordinates":[[[[978571.338000000454485,1603166.407999999821186],[978547.248599999584258,1603329.423100000247359],[978581.986600000411272,1603335.913599999621511],[978595.237800000235438,1603292.314899999648333],[978598.585500000044703,1603281.32630000077188],[978602.533900000154972,1603271.252399999648333],[978608.299499999731779,1603248.78800000064075],[978629.449300000444055,1603174.237700000405312],[978571.338000000454485,1603166.407999999821186]]]]}},
{"type":"Feature","properties":{"รหัสกลุ่มคิว":"15/008","รหัสรับเหมา":null,"ชื่อ-สกุล รับเหมา":null,"นักเกษตร":"1502","ศูนย์":"K2-15","โควตา":"726780","ชาวไร่":"นาย สุราช มีชื่อ","ประเภทอ้อย":"ตอ1","พื้นที่":12.86,"ตันรวม":115.74,"รหัสแปลง":"320506021644","กลุ่ม":"กลุ่ม_15"},"geometry":{"type":"MultiPolygon","coordinates":[[[[979163.961799999698997,1621507.084499999880791],[979041.17920000012964,1621534.627399999648333],[979056.485799999907613,1621589.4715],[979361.412999999709427,1621518.541899999603629],[979349.571999999694526,1621470.606499999761581],[979296.904900000430644,1621484.73369999974966],[979288.61710000038147,1621475.880899999290705],[979257.631400000303984,1621495.2412],[979245.263299999758601,1621455.800699999555945],[979163.328999999910593,1621456.780799999833107],[979163.961799999698997,1621507.084499999880791]]]]}},
{"type":"Feature","properties":{"รหัสกลุ่มคิว":"15/001","รหัสรับเหมา":"738889","ชื่อ-สกุล รับเหมา":"รถตัดโรงงานเบอร์ 01","นักเกษตร":"1503","ศูนย์":"K2-15","โควตา":"719397","ชาวไร่":"นาง สุวรรณ สีแสงสว่าง","ประเภทอ้อย":"ตอ1","พื้นที่":10.66,"ตันรวม":95.94,"รหัสแปลง":"320509051625","กลุ่ม":"กลุ่ม_15"},"geometry":{"type":"MultiPolygon","coordinates":[[[[975924.723399999551475,1610666.51799999922514],[976039.274299999698997,1610679.439899999648333],[976040.562699999660254,1610631.098999999463558],[975989.886800000444055,1610623.957599999383092],[975977.360299999825656,1610621.941299999132752],[975888.756000000052154,1610610.86769999936223],[975719.626000000163913,1610599.725700000301003],[975718.419200000353158,1610656.557600000873208],[975924.723399999551475,1610666.51799999922514]]]]}},
{"type":"Feature","properties":{"รหัสกลุ่มคิว":"15/001","รหัสรับเหมา":"738889","ชื่อ-สกุล รับเหมา":"รถตัดโรงงานเบอร์ 01","นักเกษตร":"1503","ศูนย์":"K2-15","โควตา":"719397","ชาวไร่":"นาง สุวรรณ สีแสงสว่าง","ประเภทอ้อย":"ตอ1","พื้นที่":6.03,"ตันรวม":54.27,"รหัสแปลง":"320509051626","กลุ่ม":"กลุ่ม_15"},"geometry":{"type":"MultiPolygon","coordinates":[[[[975647.753999999724329,1610365.920199999585748],[975459.375099999830127,1610356.768699999898672],[975457.736399999819696,1610367.35080000013113],[975449.383100000210106,1610364.39049999974668],[975441.851400000043213,1610405.338999999687076],[975478.902900000102818,1610407.2369],[975640.978500000201166,1610414.122600000351667],[975647.753999999724329,1610365.920199999585748]]]]}},
{"type":"Feature","properties":{"รหัสกลุ่มคิว":"15/008","รหัสรับเหมา":null,"ชื่อ-สกุล รับเหมา":null,"นักเกษตร":"1502","ศูนย์":"K2-15","โควตา":"726978","ชาวไร่":"นาย สุนทร เยียวรัมย์","ประเภทอ้อย":"ตอ1","พื้นที่":7.9,"ตันรวม":71.1,"รหัสแปลง":"320501141686","กลุ่ม":"กลุ่ม_15"},"geometry":{"type":"MultiPolygon","coordinates":[[[[977373.425300000235438,1625628.314999999478459],[977375.794700000435114,1625746.84180000051856],[977409.846300000324845,1625748.561200000345707],[977408.883500000461936,1625399.470100000500679],[977370.352900000289083,1625404.39670000039041],[977373.425300000235438,1625628.314999999478459]]]]}},
{"type":"Feature","properties":{"รหัสกลุ่มคิว":"15/003","รหัสรับเหมา":"738889","ชื่อ-สกุล รับเหมา":"รถตัดโรงงานเบอร์ 18","นักเกษตร":"1202","ศูนย์":"K2-15","โควตา":"710096","ชาวไร่":"นาย สุพันธ์ สมนิยาม","ประเภทอ้อย":"ตอ1","พื้นที่":13.32,"ตันรวม":119.88,"รหัสแปลง":"320509031994","กลุ่ม":"กลุ่ม_15"},"geometry":{"type":"MultiPolygon","coordinates":[[[[968583.242600000463426,1615128.901900000870228],[968537.877500000409782,1614996.593100000172853],[968408.687300000339746,1615039.046800000593066],[968421.460799999535084,1615180.900000000372529],[968583.242600000463426,1615128.901900000870228]]]]}},
{"type":"Feature","properties":{"รหัสกลุ่มคิว":"15/008","รหัสรับเหมา":null,"ชื่อ-สกุล รับเหมา":null,"นักเกษตร":"1502","ศูนย์":"K2-15","โควตา":"719393","ชาวไร่":"นางสาว จินตนา ขอจงดี","ประเภทอ้อย":"ตอ1","พื้นที่":2.37,"ตันรวม":21.33,"รหัสแปลง":"320501121714","กลุ่ม":"กลุ่ม_15"},"geometry":{"type":"MultiPolygon","coordinates":[[[[979138.185499999672174,1623726.605599999427795],[979093.605899999849498,1623723.3257],[979092.004099999554455,1623685.760700000450015],[979066.384200000204146,1623679.525399999693036],[979062.508399999700487,1623757.659600000828505],[979135.119599999859929,1623763.524299999698997],[979138.185499999672174,1623726.605599999427795]]]]}},
{"type":"Feature","properties":{"รหัสกลุ่มคิว":"15/003","รหัสรับเหมา":"738889","ชื่อ-สกุล รับเหมา":"รถตัดโรงงานเบอร์ 18","นักเกษตร":"1202","ศูนย์":"K2-15","โควตา":"711062","ชาวไร่":"นาง กรกมล สุขสบาย","ประเภทอ้อย":"ตอ1","พื้นที่":13.68,"ตันรวม":123.12,"รหัสแปลง":"320509151726","กลุ่ม":"กลุ่ม_15"},"geometry":{"type":"MultiPolygon","coordinates":[[[[972524.650899999774992,1612084.769400000572205],[972534.816399999894202,1611912.104900000616908],[972537.710400000214577,1611864.647099999710917],[972468.658200000412762,1611878.108899999409914],[972430.754499999806285,1611882.55629999935627],[972426.755400000140071,1611959.3882],[972422.215200000442564,1612017.537000000476837],[972418.35950000025332,1612077.547900000587106],[972524.650899999774992,1612084.769400000572205]]]]}},
{"type":"Feature","properties":{"รหัสกลุ่มคิว":"15/001","รหัสรับเหมา":"738889","ชื่อ-สกุล รับเหมา":"รถตัดโรงงานเบอร์ 01","นักเกษตร":"1503","ศูนย์":"K2-15","โควตา":"715860","ชาวไร่":"นาง ทองม้วน สว่างภพ","ประเภทอ้อย":"ตอ1","พื้นที่":7.79,"ตันรวม":70.11,"รหัสแปลง":"320509101723","กลุ่ม":"กลุ่ม_15"},"geometry":{"type":"MultiPolygon","coordinates":[[[[973656.733,1609800.808399999514222],[973650.207799999974668,1609847.173599999397993],[973671.885200000368059,1609847.61879999935627],[973673.577600000426173,1609837.511499999091029],[973685.19510000012815,1609842.410900000482798],[973696.162499999627471,1609842.572200000286102],[973698.418899999931455,1609843.749399999156594],[973698.658200000412762,1609844.565999999642372],[973685.669700000435114,1609844.75730000063777],[973682.417100000195205,1609848.625900000333786],[973650.494599999859929,1609848.440400000661612],[973649.000199999660254,1609870.990900000557303],[973660.028500000014901,1609874.104100000113249],[973660.145100000314415,1609897.733899999409914],[973759.473699999973178,1609904.586799999698997],[973787.280799999833107,1609874.778200000524521],[973790.449300000444055,1609839.212600000202656],[973783.014899999834597,1609836.33390000090003],[973781.035899999551475,1609823.113099999725819],[973781.140599999576807,1609804.61009999923408],[973656.733,1609800.808399999514222]]]]}},
{"type":"Feature","properties":{"รหัสกลุ่มคิว":"15/003","รหัสรับเหมา":"738889","ชื่อ-สกุล รับเหมา":"รถตัดโรงงานเบอร์ 18","นักเกษตร":"1202","ศูนย์":"K2-15","โควตา":"722682","ชาวไร่":"นาย สมสิต มูลไชย","ประเภทอ้อย":"ตอ1","พื้นที่":1.92,"ตันรวม":17.28,"รหัสแปลง":"320606091686","กลุ่ม":"กลุ่ม_15"},"geometry":{"type":"MultiPolygon","coordinates":[[[[974703.510800000280142,1605340.816600000485778],[974627.479100000113249,1605328.64670000039041],[974617.281999999657273,1605367.599300000816584],[974634.200899999588728,1605375.4857],[974693.748800000175834,1605373.444700000807643],[974703.510800000280142,1605340.816600000485778]]]]}},
{"type":"Feature","properties":{"รหัสกลุ่มคิว":"15/008","รหัสรับเหมา":null,"ชื่อ-สกุล รับเหมา":null,"นักเกษตร":"1502","ศูนย์":"K2-15","โควตา":"719372","ชาวไร่":"นาย สุประเสริฐ จบหล้า","ประเภทอ้อย":"ตอ1","พื้นที่":2.42,"ตันรวม":21.78,"รหัสแปลง":"320512071511","กลุ่ม":"กลุ่ม_15"},"geometry":{"type":"MultiPolygon","coordinates":[[[[979074.332600000314415,1634671.071599999442697],[979072.67960000038147,1634634.967399999499321],[978947.908300000242889,1634642.60249999910593],[978951.266099999658763,1634668.784800000488758],[979074.332600000314415,1634671.071599999442697]]]]}},
{"type":"Feature","properties":{"รหัสกลุ่มคิว":"15/004","รหัสรับเหมา":"738889","ชื่อ-สกุล รับเหมา":"รถตัดโรงงานเบอร์ 22","นักเกษตร":"1507","ศูนย์":"K2-15","โควตา":"715809","ชาวไร่":"นาย ศรีศิลป์ ชมชื่น","ประเภทอ้อย":"ตอ1","พื้นที่":1.62,"ตันรวม":14.58,"รหัสแปลง":"320509111622","กลุ่ม":"กลุ่ม_15"},"geometry":{"type":"MultiPolygon","coordinates":[[[[973512.597299999557436,1610262.771500000730157],[973525.476700000464916,1610229.926100000739098],[973457.720599999651313,1610203.8476],[973445.878800000064075,1610238.931399999186397],[973512.597299999557436,1610262.771500000730157]]]]}},
{"type":"Feature","properties":{"รหัสกลุ่มคิว":"15/004","รหัสรับเหมา":"738889","ชื่อ-สกุล รับเหมา":"รถตัดโรงงานเบอร์ 22","นักเกษตร":"1507","ศูนย์":"K2-15","โควตา":"710642","ชาวไร่":"นาย รุ่งสิทธิ์ บัววัน","ประเภทอ้อย":"ตอ1","พื้นที่":10.88,"ตันรวม":97.92,"รหัสแปลง":"321403051660","กลุ่ม":"กลุ่ม_15"},"geometry":{"type":"MultiPolygon","coordinates":[[[[970389.729399999603629,1605403.876499999314547],[970242.941700000315905,1605895.9156],[970276.04009999986738,1605905.068],[970294.130800000391901,1605848.178099999204278],[970338.617999999783933,1605697.39780000038445],[970349.884600000455976,1605656.957299999892712],[970384.964999999850988,1605544.651799999177456],[970382.626400000415742,1605541.1897],[970384.364900000393391,1605533.504799999296665],[970388.739199999719858,1605532.629899999126792],[970399.43030000012368,1605489.3333],[970382.013399999588728,1605481.986400000751019],[970387.47649999987334,1605461.707399999722838],[970408.899400000460446,1605460.748299999162555],[970424.535400000400841,1605414.091900000348687],[970389.729399999603629,1605403.876499999314547]]]]}},
{"type":"Feature","properties":{"รหัสกลุ่มคิว":"15/008","รหัสรับเหมา":null,"ชื่อ-สกุล รับเหมา":null,"นักเกษตร":"1502","ศูนย์":"K2-15","โควตา":"726421","ชาวไร่":"นาง สำลี คิดดีจริง","ประเภทอ้อย":"ตอ1","พื้นที่":10.68,"ตันรวม":96.12,"รหัสแปลง":"320506021645","กลุ่ม":"กลุ่ม_15"},"geometry":{"type":"MultiPolygon","coordinates":[[[[979112.569299999624491,1621355.387000000104308],[979081.243599999696016,1621217.765699999406934],[979064.161399999633431,1621216.690999999642372],[979011.339599999599159,1621229.521600000560284],[979017.827399999834597,1621265.8881],[978964.191599999554455,1621283.509999999776483],[978998.489199999719858,1621407.322200000286102],[979071.592699999921024,1621370.113900000229478],[979065.127600000239909,1621350.942900000140071],[979069.328499999828637,1621347.882200000807643],[979075.169400000013411,1621352.988900000229478],[979090.946000000461936,1621347.197100000455976],[979096.260099999606609,1621360.798599999397993],[979112.569299999624491,1621355.387000000104308]]]]}},
{"type":"Feature","properties":{"รหัสกลุ่มคิว":"15/008","รหัสรับเหมา":null,"ชื่อ-สกุล รับเหมา":null,"นักเกษตร":"1502","ศูนย์":"K2-15","โควตา":"726423","ชาวไร่":"นาง ทองบท มีบุตรดี","ประเภทอ้อย":"ตอ1","พื้นที่":5.41,"ตันรวม":48.69,"รหัสแปลง":"320506021646","กลุ่ม":"กลุ่ม_15"},"geometry":{"type":"MultiPolygon","coordinates":[[[[979117.615100000053644,1621367.1809],[979226.469399999827147,1621338.040999999269843],[979227.612300000153482,1621318.63230000063777],[979193.304299999959767,1621314.630799999460578],[979189.16509999986738,1621314.549599999561906],[979149.934999999590218,1621322.839400000870228],[979140.903900000266731,1621278.472400000318885],[979139.51630000025034,1621266.611999999731779],[979133.189100000075996,1621240.417700000107288],[979130.958399999886751,1621234.827099999412894],[979129.671000000089407,1621227.036299999803305],[979127.510599999688566,1621208.689400000497699],[979117.946999999694526,1621209.796],[979100.406899999827147,1621213.704299999400973],[979084.141099999658763,1621216.89809999987483],[979117.615100000053644,1621367.1809]]]]}},
{"type":"Feature","properties":{"รหัสกลุ่มคิว":"15/001","รหัสรับเหมา":"738889","ชื่อ-สกุล รับเหมา":"รถตัดโรงงานเบอร์ 01","นักเกษตร":"1503","ศูนย์":"K2-15","โควตา":"719136","ชาวไร่":"นาย ธเนศ สีน้ำคำ","ประเภทอ้อย":"ต้นฝน","พื้นที่":10.62,"ตันรวม":116.82,"รหัสแปลง":"320504051827","กลุ่ม":"กลุ่ม_15"},"geometry":{"type":"MultiPolygon","coordinates":[[[[969132.167000000365078,1617815.345300000160933],[969380.579199999570847,1617891.1656],[969394.890800000168383,1617835.825799999758601],[969094.401399999856949,1617746.399599999189377],[969092.737900000065565,1617751.636499999091029],[969090.74280000012368,1617752.706299999728799],[969088.026600000448525,1617753.183399999514222],[969084.719600000418723,1617753.487099999561906],[969083.098199999891222,1617753.827600000426173],[969078.641499999910593,1617754.092700000852346],[969067.450400000438094,1617796.356899999082088],[969087.157999999821186,1617802.54590000025928],[969091.17850000038743,1617778.547399999573827],[969137.843299999833107,1617787.807800000533462],[969132.167000000365078,1617815.345300000160933]]]]}},
{"type":"Feature","properties":{"รหัสกลุ่มคิว":"15/008","รหัสรับเหมา":null,"ชื่อ-สกุล รับเหมา":null,"นักเกษตร":"1502","ศูนย์":"K2-15","โควตา":"726101","ชาวไร่":"นาย สำเนียง คิดดีจริง","ประเภทอ้อย":"ตอ1","พื้นที่":5.75,"ตันรวม":51.75,"รหัสแปลง":"320506061851","กลุ่ม":"กลุ่ม_15"},"geometry":{"type":"MultiPolygon","coordinates":[[[[980922.340200000442564,1622640.886],[980901.699599999934435,1622637.705600000917912],[980902.719600000418723,1622631.623999999836087],[980840.662999999709427,1622628.921499999240041],[980829.604299999773502,1622742.415999999269843],[980924.150100000202656,1622731.706900000572205],[980922.340200000442564,1622640.886]]]]}},
{"type":"Feature","properties":{"รหัสกลุ่มคิว":"15/003","รหัสรับเหมา":"738889","ชื่อ-สกุล รับเหมา":"รถตัดโรงงานเบอร์ 18","นักเกษตร":"1202","ศูนย์":"K2-15","โควตา":"715284","ชาวไร่":"นาย ธนกฤต ใจเพียร","ประเภทอ้อย":"ตอ1","พื้นที่":6.19,"ตันรวม":55.71,"รหัสแปลง":"320509032000","กลุ่ม":"กลุ่ม_15"},"geometry":{"type":"MultiPolygon","coordinates":[[[[969042.548899999819696,1615129.553400000557303],[968914.590599999763072,1615135.793800000101328],[968914.360100000165403,1615166.662599999457598],[969019.332799999974668,1615157.209300000220537],[969018.573900000192225,1615159.228399999439716],[968957.991600000299513,1615163.615199999883771],[968914.698900000192225,1615167.778300000354648],[968832.348699999973178,1615171.194299999624491],[968836.310800000093877,1615208.798499999567866],[968987.504700000397861,1615202.078199999406934],[969042.548899999819696,1615129.553400000557303]]]]}},
{"type":"Feature","properties":{"รหัสกลุ่มคิว":"15/007","รหัสรับเหมา":"722724","ชื่อ-สกุล รับเหมา":"นาง ณีรนุช แถวถิ่น","นักเกษตร":"1501","ศูนย์":"K2-15","โควตา":"711000","ชาวไร่":"นาง ประสงค์ ธูปน้ำคำ","ประเภทอ้อย":"ตอ1","พื้นที่":11.0,"ตันรวม":99.0,"รหัสแปลง":"320509091761","กลุ่ม":"กลุ่ม_15"},"geometry":{"type":"MultiPolygon","coordinates":[[[[972651.693400000222027,1606449.565500000491738],[972636.18059999961406,1606384.162399999797344],[972602.159500000067055,1606385.673100000247359],[972551.797500000335276,1606243.814200000837445],[972549.219700000248849,1606242.921700000762939],[972549.027499999850988,1606242.181500000879169],[972549.423100000247359,1606240.542899999767542],[972550.912100000306964,1606237.623099999502301],[972538.752600000239909,1606197.412399999797344],[972476.517799999564886,1606219.341900000348687],[972504.035500000230968,1606297.92879999987781],[972560.197200000286102,1606444.335799999535084],[972651.693400000222027,1606449.565500000491738]]]]}},
{"type":"Feature","properties":{"รหัสกลุ่มคิว":"15/008","รหัสรับเหมา":null,"ชื่อ-สกุล รับเหมา":null,"นักเกษตร":"1502","ศูนย์":"K2-15","โควตา":"712004","ชาวไร่":"นาง คำพจน์ จันทร์อ่อน","ประเภทอ้อย":"ตอ1","พื้นที่":3.33,"ตันรวม":29.97,"รหัสแปลง":"320508071709","กลุ่ม":"กลุ่ม_15"},"geometry":{"type":"MultiPolygon","coordinates":[[[[989664.345999999903142,1627813.255899999290705],[989631.022499999962747,1627818.134700000286102],[989585.92989999987185,1627833.561000000685453],[989550.497999999672174,1627845.695699999108911],[989498.469100000336766,1627868.912200000137091],[989506.024400000460446,1627894.754200000315905],[989589.448800000362098,1627864.777200000360608],[989668.504999999888241,1627842.663200000301003],[989664.345999999903142,1627813.255899999290705]]]]}},
{"type":"Feature","properties":{"รหัสกลุ่มคิว":"15/007","รหัสรับเหมา":"722724","ชื่อ-สกุล รับเหมา":"นาง ณีรนุช แถวถิ่น","นักเกษตร":"1501","ศูนย์":"K2-15","โควตา":"719086","ชาวไร่":"นาง รัศมี บุญอยู่","ประเภทอ้อย":"ตอ1","พื้นที่":4.27,"ตันรวม":38.43,"รหัสแปลง":"320504151727","กลุ่ม":"กลุ่ม_15"},"geometry":{"type":"MultiPolygon","coordinates":[[[[963736.520399999804795,1619746.161599999293685],[963703.855800000019372,1619750.5329],[963744.108199999667704,1619981.815400000661612],[963769.190299999900162,1619978.594399999827147],[963736.520399999804795,1619746.161599999293685]]]]}},
{"type":"Feature","properties":{"รหัสกลุ่มคิว":"15/008","รหัสรับเหมา":null,"ชื่อ-สกุล รับเหมา":null,"นักเกษตร":"1502","ศูนย์":"K2-15","โควตา":"719488","ชาวไร่":"นาย ปรอม เหมาะหมาย","ประเภทอ้อย":"ตอ1","พื้นที่":8.67,"ตันรวม":78.03,"รหัสแปลง":"320506051627","กลุ่ม":"กลุ่ม_15"},"geometry":{"type":"MultiPolygon","coordinates":[[[[984827.041199999861419,1624960.193600000813603],[984853.8761,1624950.557800000533462],[984699.406000000424683,1624544.014399999752641],[984666.3898,1624556.671],[984827.041199999861419,1624960.193600000813603]]]]}},
{"type":"Feature","properties":{"รหัสกลุ่มคิว":"15/003","รหัสรับเหมา":"738889","ชื่อ-สกุล รับเหมา":"รถตัดโรงงานเบอร์ 18","นักเกษตร":"1202","ศูนย์":"K2-15","โควตา":"723581","ชาวไร่":"นาย ประสิทธิ์ สายบัวแดง","ประเภทอ้อย":"ตอ1","พื้นที่":3.95,"ตันรวม":35.55,"รหัสแปลง":"320606071824","กลุ่ม":"กลุ่ม_15"},"geometry":{"type":"MultiPolygon","coordinates":[[[[977107.718999999575317,1609914.896600000560284],[976876.180399999953806,1609943.458000000566244],[976878.11670000012964,1609974.065099999308586],[977074.74199999962002,1609948.388499999418855],[977075.872299999929965,1609933.966],[977088.295099999755621,1609932.992200000211596],[977107.718999999575317,1609914.896600000560284]]]]}},
{"type":"Feature","properties":{"รหัสกลุ่มคิว":"15/008","รหัสรับเหมา":null,"ชื่อ-สกุล รับเหมา":null,"นักเกษตร":"1502","ศูนย์":"K2-15","โควตา":"719271","ชาวไร่":"นาย บุญสงค์ นากอก","ประเภทอ้อย":"ตอ2","พื้นที่":2.35,"ตันรวม":18.8,"รหัสแปลง":"320515011643","กลุ่ม":"กลุ่ม_15"},"geometry":{"type":"MultiPolygon","coordinates":[[[[975420.985000000335276,1619343.214700000360608],[975493.786799999885261,1619330.579500000923872],[975491.378399999812245,1619315.556900000199676],[975462.988900000229478,1619284.8684],[975429.093100000172853,1619287.35219999961555],[975420.529199999757111,1619255.570299999788404],[975410.74930000025779,1619249.278799999505281],[975420.985000000335276,1619343.214700000360608]]]]}},
{"type":"Feature","properties":{"รหัสกลุ่มคิว":"15/007","รหัสรับเหมา":"722724","ชื่อ-สกุล รับเหมา":"นาง ณีรนุช แถวถิ่น","นักเกษตร":"1501","ศูนย์":"K2-15","โควตา":"715642","ชาวไร่":"นางสาว โสภา แท่นแก้ว","ประเภทอ้อย":"ตอ1","พื้นที่":16.66,"ตันรวม":149.94,"รหัสแปลง":"320509161798","กลุ่ม":"กลุ่ม_15"},"geometry":{"type":"MultiPolygon","coordinates":[[[[969364.290199999697506,1611638.155300000682473],[969254.731499999761581,1611632.364700000733137],[969278.690299999900162,1611801.60840000025928],[969325.21860000025481,1611807.488900000229478],[969337.765100000426173,1611961.355399999767542],[969395.574000000022352,1611961.16609999909997],[969364.290199999697506,1611638.155300000682473]]]]}},
{"type":"Feature","properties":{"รหัสกลุ่มคิว":"15/003","รหัสรับเหมา":"738889","ชื่อ-สกุล รับเหมา":"รถตัดโรงงานเบอร์ 18","นักเกษตร":"1202","ศูนย์":"K2-15","โควตา":"715405","ชาวไร่":"นาย เหลือ กลีพัด","ประเภทอ้อย":"ตอ2","พื้นที่":3.31,"ตันรวม":26.48,"รหัสแปลง":"320509032002","กลุ่ม":"กลุ่ม_15"},"geometry":{"type":"MultiPolygon","coordinates":[[[[971354.935800000093877,1613710.632099999114871],[971552.91469999961555,1613725.159600000828505],[971551.767099999822676,1613700.549200000241399],[971544.662800000049174,1613695.421],[971358.295199999585748,1613685.738600000739098],[971354.935800000093877,1613710.632099999114871]]]]}},
{"type":"Feature","properties":{"รหัสกลุ่มคิว":"15/001","รหัสรับเหมา":"738889","ชื่อ-สกุล รับเหมา":"รถตัดโรงงานเบอร์ 01","นักเกษตร":"1503","ศูนย์":"K2-15","โควตา":"710924","ชาวไร่":"นาย ทา เชือดรัมย์","ประเภทอ้อย":"ปลายฝน","พื้นที่":10.49,"ตันรวม":136.37,"รหัสแปลง":"320509111624","กลุ่ม":"กลุ่ม_15"},"geometry":{"type":"MultiPolygon","coordinates":[[[[973730.349200000055134,1611430.228900000452995],[973683.236800000071526,1611043.476700000464916],[973640.174300000071526,1611044.495500000193715],[973688.585099999792874,1611438.667600000277162],[973730.349200000055134,1611430.228900000452995]]]]}},
{"type":"Feature","properties":{"รหัสกลุ่มคิว":"15/008","รหัสรับเหมา":null,"ชื่อ-สกุล รับเหมา":null,"นักเกษตร":"1502","ศูนย์":"K2-15","โควตา":"726101","ชาวไร่":"นาย สำเนียง คิดดีจริง","ประเภทอ้อย":"ปลายฝน","พื้นที่":6.29,"ตันรวม":81.77,"รหัสแปลง":"320506061855","กลุ่ม":"กลุ่ม_15"},"geometry":{"type":"MultiPolygon","coordinates":[[[[980134.4386,1624154.276799999177456],[980193.160799999721348,1624161.535499999299645],[980200.502799999900162,1624145.224300000816584],[980207.451399999670684,1624103.204700000584126],[980214.056099999696016,1624069.498700000345707],[980219.216900000348687,1624054.253900000825524],[980213.191700000315905,1623994.598300000652671],[980151.469899999909103,1623993.382200000807643],[980152.109000000171363,1624015.767300000414252],[980148.963399999774992,1624047.50760000012815],[980162.74280000012368,1624051.66190000064671],[980155.20409999974072,1624077.953700000420213],[980134.4386,1624154.276799999177456]]]]}},
{"type":"Feature","properties":{"รหัสกลุ่มคิว":"15/008","รหัสรับเหมา":null,"ชื่อ-สกุล รับเหมา":null,"นักเกษตร":"1502","ศูนย์":"K2-15","โควตา":"715504","ชาวไร่":"นาง เปลื้อน ฉิมจันทร์","ประเภทอ้อย":"ปลายฝน","พื้นที่":6.02,"ตันรวม":78.26,"รหัสแปลง":"320515121613","กลุ่ม":"กลุ่ม_15"},"geometry":{"type":"MultiPolygon","coordinates":[[[[977656.887600000016391,1618088.776799999177456],[977693.715900000184774,1618078.8717],[977690.654799999669194,1618059.533800000324845],[977688.306400000117719,1618039.657400000840425],[977687.344600000418723,1618030.104900000616908],[977682.400200000032783,1618001.319700000807643],[977568.135499999858439,1618018.949400000274181],[977582.213200000114739,1618105.722799999639392],[977656.887600000016391,1618088.776799999177456]]]]}},
{"type":"Feature","properties":{"รหัสกลุ่มคิว":"15/007","รหัสรับเหมา":"722724","ชื่อ-สกุล รับเหมา":"นาง ณีรนุช แถวถิ่น","นักเกษตร":"1501","ศูนย์":"K2-15","โควตา":"719130","ชาวไร่":"นาย วิชาญ สุขพินิจ","ประเภทอ้อย":"ปลายฝน","พื้นที่":6.16,"ตันรวม":80.08,"รหัสแปลง":"320606011961","กลุ่ม":"กลุ่ม_15"},"geometry":{"type":"MultiPolygon","coordinates":[[[[979304.001199999824166,1599492.9539],[979231.53940000012517,1599387.462899999693036],[979168.004300000146031,1599433.542300000786781],[979238.16440000012517,1599535.3421],[979304.001199999824166,1599492.9539]]]]}},
{"type":"Feature","properties":{"รหัสกลุ่มคิว":"15/008","รหัสรับเหมา":null,"ชื่อ-สกุล รับเหมา":null,"นักเกษตร":"1502","ศูนย์":"K2-15","โควตา":"734823","ชาวไร่":"นาง เข็มเพชร อยู่สบาย","ประเภทอ้อย":"ปลายฝน","พื้นที่":6.07,"ตันรวม":78.91,"รหัสแปลง":"320508101613","กลุ่ม":"กลุ่ม_15"},"geometry":{"type":"MultiPolygon","coordinates":[[[[992264.861100000329316,1626730.829900000244379],[992238.716099999845028,1626737.7039],[992286.793300000019372,1626942.191800000146031],[992310.858900000341237,1627043.660800000652671],[992351.815399999730289,1627039.150499999523163],[992325.878600000403821,1626937.119799999520183],[992311.344499999657273,1626937.57909999974072],[992264.861100000329316,1626730.829900000244379]]]]}},
{"type":"Feature","properties":{"รหัสกลุ่มคิว":"15/003","รหัสรับเหมา":"738889","ชื่อ-สกุล รับเหมา":"รถตัดโรงงานเบอร์ 18","นักเกษตร":"1202","ศูนย์":"K2-15","โควตา":"719292","ชาวไร่":"นางสาว สุจิตรา บุญอยู่","ประเภทอ้อย":"ปลายฝน","พื้นที่":2.31,"ตันรวม":30.03,"รหัสแปลง":"320509081665","กลุ่ม":"กลุ่ม_15"},"geometry":{"type":"MultiPolygon","coordinates":[[[[967805.088200000114739,1612615.748800000175834],[967804.769199999980628,1612585.239800000563264],[967691.221699999645352,1612590.655799999833107],[967686.804299999959767,1612624.032400000840425],[967805.088200000114739,1612615.748800000175834]]]]}},
{"type":"Feature","properties":{"รหัสกลุ่มคิว":"15/008","รหัสรับเหมา":null,"ชื่อ-สกุล รับเหมา":null,"นักเกษตร":"1502","ศูนย์":"K2-15","โควตา":"727070","ชาวไร่":"นาง เชื่อม แถบทอง","ประเภทอ้อย":"ปลายฝน","พื้นที่":6.3,"ตันรวม":81.9,"รหัสแปลง":"320506061857","กลุ่ม":"กลุ่ม_15"},"geometry":{"type":"MultiPolygon","coordinates":[[[[980989.827899999916553,1620952.058800000697374],[981013.24959999974817,1620951.22580000013113],[981056.608199999667704,1620952.819499999284744],[981106.074900000356138,1620955.088400000706315],[981115.837000000290573,1620953.061899999156594],[981109.418399999849498,1620940.732200000435114],[981114.080000000074506,1620923.443499999120831],[981114.671099999919534,1620856.89159999974072],[981085.448400000110269,1620850.584100000560284],[981048.1722999997437,1620850.95920000039041],[981057.490299999713898,1620871.481499999761581],[981033.219600000418723,1620869.70920000039041],[981027.839700000360608,1620896.043700000271201],[980995.573800000362098,1620897.9967],[980989.827899999916553,1620952.058800000697374]]]]}},
{"type":"Feature","properties":{"รหัสกลุ่มคิว":"15/008","รหัสรับเหมา":null,"ชื่อ-สกุล รับเหมา":null,"นักเกษตร":"1502","ศูนย์":"K2-15","โควตา":"727070","ชาวไร่":"นาง เชื่อม แถบทอง","ประเภทอ้อย":"ปลายฝน","พื้นที่":6.21,"ตันรวม":80.73,"รหัสแปลง":"320506061858","กลุ่ม":"กลุ่ม_15"},"geometry":{"type":"MultiPolygon","coordinates":[[[[979771.74280000012368,1624774.116499999538064],[979743.458499999716878,1625177.3728],[979767.980999999679625,1625175.267400000244379],[979796.809200000017881,1624771.83669999986887],[979771.74280000012368,1624774.116499999538064]]]]}},
{"type":"Feature","properties":{"รหัสกลุ่มคิว":"15/008","รหัสรับเหมา":null,"ชื่อ-สกุล รับเหมา":null,"นักเกษตร":"1502","ศูนย์":"K2-15","โควตา":"719511","ชาวไร่":"นาง เสมียน น่าชม","ประเภทอ้อย":"ปลายฝน","พื้นที่":4.98,"ตันรวม":64.74,"รหัสแปลง":"320506101626","กลุ่ม":"กลุ่ม_15"},"geometry":{"type":"MultiPolygon","coordinates":[[[[982054.365399999544024,1622841.476099999621511],[982026.950000000186265,1622780.286699999123812],[981919.980100000277162,1622809.23619999922812],[981945.957100000232458,1622879.4572],[982054.365399999544024,1622841.476099999621511]]]]}},
{"type":"Feature","properties":{"รหัสกลุ่มคิว":"15/007","รหัสรับเหมา":"722724","ชื่อ-สกุล รับเหมา":"นาง ณีรนุช แถวถิ่น","นักเกษตร":"1501","ศูนย์":"K2-15","โควตา":"715961","ชาวไร่":"นาง คณิตตา เรืองกระจาย","ประเภทอ้อย":"ปลายฝน","พื้นที่":3.81,"ตันรวม":49.53,"รหัสแปลง":"320606121720","กลุ่ม":"กลุ่ม_15"},"geometry":{"type":"MultiPolygon","coordinates":[[[[975374.521099999547005,1603421.63429999910295],[975443.865399999544024,1603429.750199999660254],[975465.369300000369549,1603345.649399999529123],[975468.430399999953806,1603329.6502],[975416.219600000418723,1603345.577299999073148],[975385.647499999962747,1603361.417500000447035],[975374.521099999547005,1603421.63429999910295]]]]}},
{"type":"Feature","properties":{"รหัสกลุ่มคิว":"15/008","รหัสรับเหมา":null,"ชื่อ-สกุล รับเหมา":null,"นักเกษตร":"1502","ศูนย์":"K2-15","โควตา":"719354","ชาวไร่":"นาย วุฒิชัย คิดดีจริง","ประเภทอ้อย":"ปลายฝน","พื้นที่":7.09,"ตันรวม":92.17,"รหัสแปลง":"320501101619","กลุ่ม":"กลุ่ม_15"},"geometry":{"type":"MultiPolygon","coordinates":[[[[972612.620699999853969,1624912.700799999758601],[972523.876799999736249,1624921.6634],[972516.201999999582767,1624950.085100000724196],[972615.108799999579787,1624955.226700000464916],[972618.352699999697506,1624967.595899999141693],[972692.221699999645352,1624954.890699999406934],[972664.77379999961704,1624836.127699999138713],[972618.9989,1624835.899399999529123],[972612.620699999853969,1624912.700799999758601]]]]}},
{"type":"Feature","properties":{"รหัสกลุ่มคิว":"15/003","รหัสรับเหมา":"738889","ชื่อ-สกุล รับเหมา":"รถตัดโรงงานเบอร์ 18","นักเกษตร":"1202","ศูนย์":"K2-15","โควตา":"722589","ชาวไร่":"นาย ประกอบ ได้เปรียบ","ประเภทอ้อย":"ปลายฝน","พื้นที่":4.73,"ตันรวม":61.49,"รหัสแปลง":"320606071826","กลุ่ม":"กลุ่ม_15"},"geometry":{"type":"MultiPolygon","coordinates":[[[[976772.330500000156462,1608800.456000000238419],[976833.697499999776483,1608793.9496],[976833.372800000011921,1608817.067099999636412],[976859.815299999900162,1608818.598899999633431],[976861.795699999667704,1608794.363099999725819],[976906.804299999959767,1608794.032700000330806],[976908.697499999776483,1608751.881999999284744],[976770.373300000093877,1608737.748299999162555],[976772.330500000156462,1608800.456000000238419]]]]}},
{"type":"Feature","properties":{"รหัสกลุ่มคิว":"15/008","รหัสรับเหมา":null,"ชื่อ-สกุล รับเหมา":null,"นักเกษตร":"1502","ศูนย์":"K2-15","โควตา":"719454","ชาวไร่":"นางสาว ศศิธร สืบสันต์","ประเภทอ้อย":"ปลายฝน","พื้นที่":9.53,"ตันรวม":123.89,"รหัสแปลง":"320508071713","กลุ่ม":"กลุ่ม_15"},"geometry":{"type":"MultiPolygon","coordinates":[[[[989814.143000000156462,1626383.8706],[989840.673299999907613,1626377.113900000229478],[989840.996500000357628,1626362.400399999693036],[989787.999800000339746,1626368.178400000557303],[989756.308000000193715,1626366.003900000825524],[989672.715900000184774,1626404.663899999111891],[989709.042799999937415,1626499.999199999496341],[989766.119599999859929,1626487.475299999117851],[989812.298600000329316,1626480.978800000622869],[989822.158900000154972,1626474.714299999177456],[989814.143000000156462,1626383.8706]]]]}},
{"type":"Feature","properties":{"รหัสกลุ่มคิว":"15/008","รหัสรับเหมา":null,"ชื่อ-สกุล รับเหมา":null,"นักเกษตร":"1502","ศูนย์":"K2-15","โควตา":"719454","ชาวไร่":"นางสาว ศศิธร สืบสันต์","ประเภทอ้อย":"ปลายฝน","พื้นที่":17.18,"ตันรวม":223.34,"รหัสแปลง":"320508071714","กลุ่ม":"กลุ่ม_15"},"geometry":{"type":"MultiPolygon","coordinates":[[[[989292.392400000244379,1625345.396800000220537],[989278.863800000399351,1625320.636900000274181],[989285.345099999569356,1625321.323000000789762],[989341.428899999707937,1625318.534499999135733],[989343.934600000269711,1625294.463999999687076],[989354.215699999593198,1625286.029699999839067],[989351.643199999816716,1625264.988199999555945],[989304.486700000241399,1625275.8004],[989299.543499999679625,1625211.999500000849366],[989108.152800000272691,1625221.136199999600649],[989101.870299999602139,1625281.974300000816584],[989102.869199999608099,1625346.793099999427795],[989292.392400000244379,1625345.396800000220537]]]]}},
{"type":"Feature","properties":{"รหัสกลุ่มคิว":"15/001","รหัสรับเหมา":"738889","ชื่อ-สกุล รับเหมา":"รถตัดโรงงานเบอร์ 01","นักเกษตร":"1503","ศูนย์":"K2-15","โควตา":"719397","ชาวไร่":"นาง สุวรรณ สีแสงสว่าง","ประเภทอ้อย":"ปลายฝน","พื้นที่":9.26,"ตันรวม":120.38,"รหัสแปลง":"320509051627","กลุ่ม":"กลุ่ม_15"},"geometry":{"type":"MultiPolygon","coordinates":[[[[975668.951799999922514,1610531.792999999597669],[975663.714100000448525,1610628.962200000882149],[975623.368599999696016,1610634.409099999815226],[975633.393000000156462,1610673.023800000548363],[975611.082499999552965,1610685.200500000268221],[975611.043999999761581,1610680.487400000914931],[975601.457999999634922,1610651.104000000283122],[975547.514700000174344,1610660.761800000444055],[975545.21889999974519,1610664.368100000545382],[975529.517199999652803,1610665.894600000232458],[975538.272900000214577,1610784.390000000596046],[975538.54700000025332,1610784.465199999511242],[975552.69620000012219,1610783.979100000113249],[975552.435300000011921,1610761.4386],[975576.00650000013411,1610761.563999999314547],[975578.007399999536574,1610743.488900000229478],[975611.162399999797344,1610740.493100000545382],[975616.728600000031292,1610715.086799999698997],[975611.067800000309944,1610686.128699999302626],[975633.870099999941885,1610673.388000000268221],[975636.876199999824166,1610670.995799999684095],[975647.174399999901652,1610660.499099999666214],[975661.435100000351667,1610655.652300000190735],[975709.099999999627471,1610655.3278],[975711.89780000038445,1610651.304199999198318],[975714.392,1610535.482200000435114],[975713.246000000275671,1610534.338500000536442],[975668.951799999922514,1610531.792999999597669]]]]}},
{"type":"Feature","properties":{"รหัสกลุ่มคิว":"15/003","รหัสรับเหมา":"738889","ชื่อ-สกุล รับเหมา":"รถตัดโรงงานเบอร์ 18","นักเกษตร":"1202","ศูนย์":"K2-15","โควตา":"722728","ชาวไร่":"นาง เสวียน ไกรเภช","ประเภทอ้อย":"ปลายฝน","พื้นที่":1.05,"ตันรวม":13.65,"รหัสแปลง":"320606071827","กลุ่ม":"กลุ่ม_15"},"geometry":{"type":"MultiPolygon","coordinates":[[[[976398.701500000432134,1608910.851199999451637],[976381.2341,1608948.585799999535084],[976422.134899999946356,1608967.6535],[976429.861600000411272,1608922.45549999922514],[976398.701500000432134,1608910.851199999451637]]]]}},
{"type":"Feature","properties":{"รหัสกลุ่มคิว":"15/008","รหัสรับเหมา":null,"ชื่อ-สกุล รับเหมา":null,"นักเกษตร":"1502","ศูนย์":"K2-15","โควตา":"719394","ชาวไร่":"นาง ปรวง มุ่งสุข","ประเภทอ้อย":"ปลายฝน","พื้นที่":6.89,"ตันรวม":89.57,"รหัสแปลง":"320508121629","กลุ่ม":"กลุ่ม_15"},"geometry":{"type":"MultiPolygon","coordinates":[[[[988799.713499999605119,1623737.6064],[988709.38260000012815,1623758.41469999961555],[988715.474100000225008,1623795.588700000196695],[988807.383399999700487,1623770.833399999886751],[988812.482900000177324,1623787.226500000804663],[988961.103600000031292,1623735.185699999332428],[988949.937699999660254,1623687.061000000685453],[988861.010300000198185,1623720.651900000870228],[988799.713499999605119,1623737.6064]]]]}},
{"type":"Feature","properties":{"รหัสกลุ่มคิว":"15/008","รหัสรับเหมา":null,"ชื่อ-สกุล รับเหมา":null,"นักเกษตร":"1502","ศูนย์":"K2-15","โควตา":"719189","ชาวไร่":"นาย เชือง เล็งตามดี","ประเภทอ้อย":"ปลายฝน","พื้นที่":4.8,"ตันรวม":62.4,"รหัสแปลง":"320501121719","กลุ่ม":"กลุ่ม_15"},"geometry":{"type":"MultiPolygon","coordinates":[[[[977862.247800000011921,1622853.645500000566244],[977831.927899999544024,1622655.402599999681115],[977799.052500000223517,1622670.2895],[977812.060100000351667,1622787.395600000396371],[977814.720200000330806,1622844.57909999974072],[977821.786799999885261,1622860.618200000375509],[977862.247800000011921,1622853.645500000566244]]]]}},
{"type":"Feature","properties":{"รหัสกลุ่มคิว":"15/008","รหัสรับเหมา":null,"ชื่อ-สกุล รับเหมา":null,"นักเกษตร":"1502","ศูนย์":"K2-15","โควตา":"712004","ชาวไร่":"นาง คำพจน์ จันทร์อ่อน","ประเภทอ้อย":"ปลายฝน","พื้นที่":6.51,"ตันรวม":84.63,"รหัสแปลง":"320508071716","กลุ่ม":"กลุ่ม_15"},"geometry":{"type":"MultiPolygon","coordinates":[[[[989610.492999999783933,1627680.317099999636412],[989504.799200000241399,1627701.756400000303984],[989507.291799999773502,1627719.14949999935925],[989480.566200000233948,1627727.7949],[989499.179700000211596,1627784.688500000163913],[989646.32050000037998,1627743.755300000309944],[989610.492999999783933,1627680.317099999636412]]]]}},
{"type":"Feature","properties":{"รหัสกลุ่มคิว":"15/008","รหัสรับเหมา":null,"ชื่อ-สกุล รับเหมา":null,"นักเกษตร":"1502","ศูนย์":"K2-15","โควตา":"719453","ชาวไร่":"นาย สถิต หายโศรก","ประเภทอ้อย":"ปลายฝน","พื้นที่":3.43,"ตันรวม":44.59,"รหัสแปลง":"320508141504","กลุ่ม":"กลุ่ม_15"},"geometry":{"type":"MultiPolygon","coordinates":[[[[993420.775999999605119,1628511.08669999986887],[993396.914900000207126,1628413.647600000724196],[993339.500300000421703,1628447.733300000429153],[993368.349200000055134,1628526.561699999496341],[993420.775999999605119,1628511.08669999986887]]]]}},
{"type":"Feature","properties":{"รหัสกลุ่มคิว":"15/008","รหัสรับเหมา":null,"ชื่อ-สกุล รับเหมา":null,"นักเกษตร":"1502","ศูนย์":"K2-15","โควตา":"719453","ชาวไร่":"นาย สถิต หายโศรก","ประเภทอ้อย":"ปลายฝน","พื้นที่":6.05,"ตันรวม":78.65,"รหัสแปลง":"320508161506","กลุ่ม":"กลุ่ม_15"},"geometry":{"type":"MultiPolygon","coordinates":[[[[994764.999699999578297,1629096.394600000232458],[994709.781899999827147,1629090.198200000450015],[994680.940100000239909,1629239.513900000602007],[994711.009899999946356,1629254.25029999949038],[994741.688699999824166,1629264.269999999552965],[994764.999699999578297,1629096.394600000232458]]]]}},
{"type":"Feature","properties":{"รหัสกลุ่มคิว":"15/004","รหัสรับเหมา":"738889","ชื่อ-สกุล รับเหมา":"รถตัดโรงงานเบอร์ 22","นักเกษตร":"1507","ศูนย์":"K2-15","โควตา":"715470","ชาวไร่":"นาง ทองศรี แสนแก้วใส","ประเภทอ้อย":"ปลายฝน","พื้นที่":4.77,"ตันรวม":62.01,"รหัสแปลง":"320509091762","กลุ่ม":"กลุ่ม_15"},"geometry":{"type":"MultiPolygon","coordinates":[[[[972470.309999999590218,1607920.487600000575185],[972282.473000000230968,1607872.329199999570847],[972271.652999999932945,1607910.575799999758601],[972457.897599999792874,1607957.224700000137091],[972466.244500000029802,1607944.628399999812245],[972470.309999999590218,1607920.487600000575185]]]]}},
{"type":"Feature","properties":{"รหัสกลุ่มคิว":"15/001","รหัสรับเหมา":"738889","ชื่อ-สกุล รับเหมา":"รถตัดโรงงานเบอร์ 01","นักเกษตร":"1503","ศูนย์":"K2-15","โควตา":"715087","ชาวไร่":"นาง หนูจันทร์ สืบเทพ","ประเภทอ้อย":"ปลายฝน","พื้นที่":5.02,"ตันรวม":65.26,"รหัสแปลง":"320509015608","กลุ่ม":"กลุ่ม_15"},"geometry":{"type":"MultiPolygon","coordinates":[[[[974456.46239999961108,1608032.9989],[974352.262400000356138,1608047.075899999588728],[974349.525999999605119,1608114.319700000807643],[974426.228000000119209,1608115.79759999923408],[974436.423299999907613,1608119.506699999794364],[974453.856300000101328,1608121.5066],[974454.064000000245869,1608082.685599999502301],[974460.014399999752641,1608073.001599999144673],[974456.46239999961108,1608032.9989]]]]}},
{"type":"Feature","properties":{"รหัสกลุ่มคิว":"15/001","รหัสรับเหมา":"738889","ชื่อ-สกุล รับเหมา":"รถตัดโรงงานเบอร์ 01","นักเกษตร":"1503","ศูนย์":"K2-15","โควตา":"719397","ชาวไร่":"นาง สุวรรณ สีแสงสว่าง","ประเภทอ้อย":"ปลายฝน","พื้นที่":6.64,"ตันรวม":86.32,"รหัสแปลง":"320509191652","กลุ่ม":"กลุ่ม_15"},"geometry":{"type":"MultiPolygon","coordinates":[[[[975665.083100000396371,1609821.587999999523163],[975440.1568,1609745.504100000485778],[975421.655299999751151,1609789.518400000408292],[975615.199000000022352,1609858.524399999529123],[975630.59499999973923,1609826.097699999809265],[975657.091099999845028,1609834.37529999949038],[975665.083100000396371,1609821.587999999523163]]]]}},
{"type":"Feature","properties":{"รหัสกลุ่มคิว":"15/003","รหัสรับเหมา":"738889","ชื่อ-สกุล รับเหมา":"รถตัดโรงงานเบอร์ 18","นักเกษตร":"1202","ศูนย์":"K2-15","โควตา":"719414","ชาวไร่":"นางสาว มุกดา สำราญดี","ประเภทอ้อย":"ปลายฝน","พื้นที่":4.56,"ตันรวม":59.28,"รหัสแปลง":"320509081666","กลุ่ม":"กลุ่ม_15"},"geometry":{"type":"MultiPolygon","coordinates":[[[[967566.590599999763072,1614150.95409999974072],[967654.946700000204146,1614172.604399999603629],[967662.904400000348687,1614142.437999999150634],[967665.300400000065565,1614130.097699999809265],[967673.89670000039041,1614094.767300000414252],[967585.7204,1614073.120400000363588],[967566.590599999763072,1614150.95409999974072]]]]}},
{"type":"Feature","properties":{"รหัสกลุ่มคิว":"15/001","รหัสรับเหมา":"738889","ชื่อ-สกุล รับเหมา":"รถตัดโรงงานเบอร์ 01","นักเกษตร":"1503","ศูนย์":"K2-15","โควตา":"715399","ชาวไร่":"นาง ชลทิชา ช่างอาจ","ประเภทอ้อย":"ปลายฝน","พื้นที่":8.62,"ตันรวม":112.06,"รหัสแปลง":"320509161800","กลุ่ม":"กลุ่ม_15"},"geometry":{"type":"MultiPolygon","coordinates":[[[[968930.120000000111759,1611751.1371],[968896.971900000236928,1611666.943600000813603],[968840.913599999621511,1611679.184100000187755],[968789.694600000046194,1611692.626299999654293],[968732.916299999691546,1611704.85329999960959],[968738.024699999950826,1611758.007999999448657],[968770.045800000429153,1611759.72829999960959],[968802.614099999889731,1611761.089299999177456],[968854.97690000012517,1611763.198000000789762],[968870.461500000208616,1611763.308700000867248],[968884.880199999548495,1611762.659600000828505],[968908.17960000038147,1611759.0373],[968930.120000000111759,1611751.1371]]]]}},
{"type":"Feature","properties":{"รหัสกลุ่มคิว":"15/003","รหัสรับเหมา":"738889","ชื่อ-สกุล รับเหมา":"รถตัดโรงงานเบอร์ 18","นักเกษตร":"1202","ศูนย์":"K2-15","โควตา":"719116","ชาวไร่":"นางสาว กุสุมา พ่อค้า","ประเภทอ้อย":"ปลายฝน","พื้นที่":6.26,"ตันรวม":81.38,"รหัสแปลง":"320509032004","กลุ่ม":"กลุ่ม_15"},"geometry":{"type":"MultiPolygon","coordinates":[[[[968043.901300000026822,1613085.276499999687076],[968033.978099999949336,1613153.976500000804663],[968186.965099999681115,1613180.033900000154972],[968190.633200000040233,1613117.624600000679493],[968043.901300000026822,1613085.276499999687076]]]]}},
{"type":"Feature","properties":{"รหัสกลุ่มคิว":"15/008","รหัสรับเหมา":null,"ชื่อ-สกุล รับเหมา":null,"นักเกษตร":"1502","ศูนย์":"K2-15","โควตา":"787089","ชาวไร่":"นาย เกรียงศักดิ์ มีสิทธิ์","ประเภทอ้อย":"ปลายฝน","พื้นที่":7.41,"ตันรวม":96.33,"รหัสแปลง":"320501091656","กลุ่ม":"กลุ่ม_15"},"geometry":{"type":"MultiPolygon","coordinates":[[[[978805.052099999971688,1628516.957000000402331],[978788.739900000393391,1628498.115599999204278],[978627.776899999938905,1628587.975600000470877],[978650.290500000119209,1628643.380400000140071],[978844.56319999974221,1628528.813999999314547],[978820.838700000196695,1628496.181500000879169],[978816.278800000436604,1628497.959899999201298],[978816.183299999684095,1628509.22580000013113],[978805.052099999971688,1628516.957000000402331]]]]}},
{"type":"Feature","properties":{"รหัสกลุ่มคิว":"15/003","รหัสรับเหมา":"738889","ชื่อ-สกุล รับเหมา":"รถตัดโรงงานเบอร์ 18","นักเกษตร":"1202","ศูนย์":"K2-15","โควตา":"723135","ชาวไร่":"นาง สมอ้วน ดีสม","ประเภทอ้อย":"ปลายฝน","พื้นที่":4.57,"ตันรวม":59.41,"รหัสแปลง":"320606071830","กลุ่ม":"กลุ่ม_15"},"geometry":{"type":"MultiPolygon","coordinates":[[[[976372.708200000226498,1608605.444700000807643],[976345.051900000311434,1608463.465500000864267],[976292.88289999961853,1608466.888900000602007],[976309.555200000293553,1608533.63370000012219],[976317.330500000156462,1608574.98619999922812],[976323.096099999733269,1608614.914300000295043],[976372.708200000226498,1608605.444700000807643]]]]}},
{"type":"Feature","properties":{"รหัสกลุ่มคิว":"15/001","รหัสรับเหมา":"738889","ชื่อ-สกุล รับเหมา":"รถตัดโรงงานเบอร์ 01","นักเกษตร":"1503","ศูนย์":"K2-15","โควตา":"719352","ชาวไร่":"นาย พิทักษ์ สืบเทพ","ประเภทอ้อย":"ปลายฝน","พื้นที่":8.88,"ตันรวม":115.44,"รหัสแปลง":"320515081637","กลุ่ม":"กลุ่ม_15"},"geometry":{"type":"MultiPolygon","coordinates":[[[[972807.163099999539554,1618843.258600000292063],[972889.197999999858439,1618817.4748],[972883.839900000020862,1618793.07799999974668],[972887.070000000298023,1618785.749399999156594],[972889.127799999900162,1618769.831199999898672],[972890.51410000026226,1618757.968800000846386],[972890.193099999800324,1618749.935799999162555],[972845.301900000311434,1618678.556700000539422],[972834.981599999591708,1618671.172399999573827],[972767.207000000402331,1618692.7917],[972807.163099999539554,1618843.258600000292063]]]]}},
{"type":"Feature","properties":{"รหัสกลุ่มคิว":"15/004","รหัสรับเหมา":"738889","ชื่อ-สกุล รับเหมา":"รถตัดโรงงานเบอร์ 22","นักเกษตร":"1507","ศูนย์":"K2-15","โควตา":"710664","ชาวไร่":"นาง สุภาพ ใจพินิจ","ประเภทอ้อย":"ปลายฝน","พื้นที่":7.35,"ตันรวม":95.55,"รหัสแปลง":"320509131927","กลุ่ม":"กลุ่ม_15"},"geometry":{"type":"MultiPolygon","coordinates":[[[[970687.74309999961406,1607787.812699999660254],[970690.270600000396371,1607815.776699999347329],[970689.052299999631941,1607841.82039999961853],[970686.135900000110269,1607871.898800000548363],[970813.336600000038743,1607869.708699999377131],[970811.822700000368059,1607835.848099999129772],[970835.320600000210106,1607831.49070000089705],[970832.144100000150502,1607780.959799999371171],[970687.74309999961406,1607787.812699999660254]]]]}},
{"type":"Feature","properties":{"รหัสกลุ่มคิว":"15/001","รหัสรับเหมา":"738889","ชื่อ-สกุล รับเหมา":"รถตัดโรงงานเบอร์ 01","นักเกษตร":"1503","ศูนย์":"K2-15","โควตา":"715232","ชาวไร่":"นาง บุญมี พรหมบุตร","ประเภทอ้อย":"ปลายฝน","พื้นที่":8.42,"ตันรวม":109.46,"รหัสแปลง":"320509015610","กลุ่ม":"กลุ่ม_15"},"geometry":{"type":"MultiPolygon","coordinates":[[[[974259.596900000236928,1609145.1447],[974258.720300000160933,1609171.935499999672174],[974282.748999999836087,1609364.3048],[974307.735700000077486,1609366.8202],[974311.242200000211596,1609381.12360000051558],[974340.60329999960959,1609380.950200000777841],[974318.104100000113249,1609146.642300000414252],[974259.596900000236928,1609145.1447]]]]}},
{"type":"Feature","properties":{"รหัสกลุ่มคิว":"15/008","รหัสรับเหมา":null,"ชื่อ-สกุล รับเหมา":null,"นักเกษตร":"1502","ศูนย์":"K2-15","โควตา":"716314","ชาวไร่":"นาย ชอบ มีคม","ประเภทอ้อย":"ปลายฝน","พื้นที่":5.67,"ตันรวม":73.71,"รหัสแปลง":"320502061816","กลุ่ม":"กลุ่ม_15"},"geometry":{"type":"MultiPolygon","coordinates":[[[[980071.222699999809265,1630669.465299999341369],[980066.054399999789894,1630644.375199999660254],[980056.580000000074506,1630576.587200000882149],[979960.739000000059605,1630579.0592],[979955.010400000028312,1630646.878100000321865],[979977.184000000357628,1630646.946100000292063],[979974.97829999960959,1630665.435900000855327],[980071.222699999809265,1630669.465299999341369]]]]}},
{"type":"Feature","properties":{"รหัสกลุ่มคิว":"15/004","รหัสรับเหมา":"738889","ชื่อ-สกุล รับเหมา":"รถตัดโรงงานเบอร์ 22","นักเกษตร":"1507","ศูนย์":"K2-15","โควตา":"711090","ชาวไร่":"นางสาว ดวง สีน้ำคำ","ประเภทอ้อย":"ปลายฝน","พื้นที่":2.62,"ตันรวม":34.06,"รหัสแปลง":"320509131928","กลุ่ม":"กลุ่ม_15"},"geometry":{"type":"MultiPolygon","coordinates":[[[[969686.324099999852479,1608477.113800000399351],[969605.720300000160933,1608510.51630000025034],[969628.293200000189245,1608554.57630000077188],[969692.2171,1608536.384700000286102],[969690.740600000135601,1608491.063400000333786],[969686.324099999852479,1608477.113800000399351]]]]}},
{"type":"Feature","properties":{"รหัสกลุ่มคิว":"15/008","รหัสรับเหมา":null,"ชื่อ-สกุล รับเหมา":null,"นักเกษตร":"1502","ศูนย์":"K2-15","โควตา":"734823","ชาวไร่":"นาง เข็มเพชร อยู่สบาย","ประเภทอ้อย":"ปลายฝน","พื้นที่":4.63,"ตันรวม":60.19,"รหัสแปลง":"320508121630","กลุ่ม":"กลุ่ม_15"},"geometry":{"type":"MultiPolygon","coordinates":[[[[988868.239699999801815,1625477.482699999585748],[988972.071299999952316,1625473.2511],[988973.995000000111759,1625410.96309999935329],[988864.445299999788404,1625400.801699999719858],[988868.239699999801815,1625477.482699999585748]]]]}},
{"type":"Feature","properties":{"รหัสกลุ่มคิว":"15/004","รหัสรับเหมา":"738889","ชื่อ-สกุล รับเหมา":"รถตัดโรงงานเบอร์ 22","นักเกษตร":"1507","ศูนย์":"K2-15","โควตา":"715257","ชาวไร่":"นาย ทองดา ก่อแก้ว","ประเภทอ้อย":"ปลายฝน","พื้นที่":3.09,"ตันรวม":40.17,"รหัสแปลง":"320509131930","กลุ่ม":"กลุ่ม_15"},"geometry":{"type":"MultiPolygon","coordinates":[[[[970299.42339999973774,1606523.455],[970257.784699999727309,1606515.63539999909699],[970244.094899999909103,1606572.314400000497699],[970233.338100000284612,1606597.991100000217557],[970226.765100000426173,1606630.957599999383092],[970272.1705,1606630.160199999809265],[970299.42339999973774,1606523.455]]]]}},
{"type":"Feature","properties":{"รหัสกลุ่มคิว":"15/004","รหัสรับเหมา":"738889","ชื่อ-สกุล รับเหมา":"รถตัดโรงงานเบอร์ 22","นักเกษตร":"1507","ศูนย์":"K2-15","โควตา":"710664","ชาวไร่":"นาง สุภาพ ใจพินิจ","ประเภทอ้อย":"ปลายฝน","พื้นที่":8.25,"ตันรวม":107.25,"รหัสแปลง":"320509131931","กลุ่ม":"กลุ่ม_15"},"geometry":{"type":"MultiPolygon","coordinates":[[[[971564.71239999961108,1608135.8849],[971576.014200000092387,1607968.975099999457598],[971492.924599999561906,1607962.577199999243021],[971493.880199999548495,1608138.410599999129772],[971564.71239999961108,1608135.8849]]]]}},
{"type":"Feature","properties":{"รหัสกลุ่มคิว":"15/001","รหัสรับเหมา":"738889","ชื่อ-สกุล รับเหมา":"รถตัดโรงงานเบอร์ 01","นักเกษตร":"1503","ศูนย์":"K2-15","โควตา":"715658","ชาวไร่":"นาง สมัย สืบเสาะจบ","ประเภทอ้อย":"ปลายฝน","พื้นที่":12.16,"ตันรวม":158.08,"รหัสแปลง":"320509171676","กลุ่ม":"กลุ่ม_15"},"geometry":{"type":"MultiPolygon","coordinates":[[[[974034.134499999694526,1615160.6974],[974028.53760000038892,1615142.840500000864267],[973987.841199999675155,1615152.221899999305606],[973986.07660000026226,1615122.421900000423193],[973977.155100000090897,1615051.9748],[973980.954699999652803,1615052.068099999800324],[973989.01659999974072,1615131.131400000303984],[974019.153699999675155,1615125.280200000852346],[974010.348299999721348,1615049.863299999386072],[973978.452600000426173,1615051.095300000160933],[973970.202100000344217,1615030.783700000494719],[973941.617899999953806,1615028.382200000807643],[973943.710400000214577,1615059.852399999275804],[973951.443599999882281,1615088.288799999281764],[973957.153900000266731,1615118.904500000178814],[973959.261599999852479,1615130.962600000202656],[973966.850499999709427,1615157.5472999997437],[973970.442400000058115,1615176.659499999135733],[973977.487300000153482,1615175.501599999144673],[973980.816999999806285,1615198.860999999567866],[973987.174399999901652,1615223.942900000140071],[973993.262500000186265,1615253.64159999974072],[974015.178999999538064,1615358.708200000226498],[974043.593700000084937,1615360.551999999210238],[974056.582100000232458,1615359.324200000613928],[974069.843500000424683,1615353.294800000265241],[974077.894500000402331,1615337.365900000557303],[974034.134499999694526,1615160.6974]]]]}},
{"type":"Feature","properties":{"รหัสกลุ่มคิว":"15/008","รหัสรับเหมา":null,"ชื่อ-สกุล รับเหมา":null,"นักเกษตร":"1502","ศูนย์":"K2-15","โควตา":"719408","ชาวไร่":"นางสาว จันทนา มีบุตรดี","ประเภทอ้อย":"ปลายฝน","พื้นที่":8.24,"ตันรวม":107.12,"รหัสแปลง":"320506111637","กลุ่ม":"กลุ่ม_15"},"geometry":{"type":"MultiPolygon","coordinates":[[[[981198.817999999970198,1620862.6173],[981388.443599999882281,1620869.682800000533462],[981393.646099999547005,1620788.42960000038147],[981192.023000000044703,1620796.28969999961555],[981198.666899999603629,1620815.465099999681115],[981220.641800000332296,1620814.9737],[981225.39780000038445,1620856.854499999433756],[981198.817999999970198,1620862.6173]]]]}},
{"type":"Feature","properties":{"รหัสกลุ่มคิว":"15/001","รหัสรับเหมา":"738889","ชื่อ-สกุล รับเหมา":"รถตัดโรงงานเบอร์ 01","นักเกษตร":"1503","ศูนย์":"K2-15","โควตา":"719351","ชาวไร่":"นาย อนุวัฒน์ กันสุมาโส","ประเภทอ้อย":"ปลายฝน","พื้นที่":18.09,"ตันรวม":235.17,"รหัสแปลง":"320509101725","กลุ่ม":"กลุ่ม_15"},"geometry":{"type":"MultiPolygon","coordinates":[[[[973164.22759999986738,1610359.226800000295043],[973234.988300000317395,1610080.968000000342727],[973195.750599999912083,1610068.835100000724196],[973200.678299999795854,1610047.752900000661612],[973188.658499999903142,1610044.294700000435114],[973223.925900000147521,1609933.676599999889731],[973185.374699999578297,1609924.800100000575185],[973154.034099999815226,1610102.7895],[973098.012900000438094,1610243.69789999909699],[973079.324699999764562,1610344.466600000858307],[973164.22759999986738,1610359.226800000295043]]]]}},
{"type":"Feature","properties":{"รหัสกลุ่มคิว":"15/001","รหัสรับเหมา":"738889","ชื่อ-สกุล รับเหมา":"รถตัดโรงงานเบอร์ 01","นักเกษตร":"1503","ศูนย์":"K2-15","โควตา":"715951","ชาวไร่":"นาย สวน กันสุมาโส","ประเภทอ้อย":"ปลายฝน","พื้นที่":3.94,"ตันรวม":51.22,"รหัสแปลง":"320509101726","กลุ่ม":"กลุ่ม_15"},"geometry":{"type":"MultiPolygon","coordinates":[[[[974617.359199999831617,1609375.380000000819564],[974612.414300000295043,1609370.2928],[974605.167999999597669,1609363.127499999478459],[974556.096499999985099,1609367.3575],[974569.14159999974072,1609438.049000000581145],[974576.976099999621511,1609433.393200000748038],[974578.965400000102818,1609442.3059],[974569.387500000186265,1609443.969900000840425],[974574.323499999940395,1609496.2017],[974613.913200000301003,1609488.6458],[974612.00760000012815,1609484.726500000804663],[974616.78139999974519,1609480.011700000613928],[974617.359199999831617,1609375.380000000819564]]]]}},
{"type":"Feature","properties":{"รหัสกลุ่มคิว":"15/007","รหัสรับเหมา":"722724","ชื่อ-สกุล รับเหมา":"นาง ณีรนุช แถวถิ่น","นักเกษตร":"1501","ศูนย์":"K2-15","โควตา":"719500","ชาวไร่":"นาง อุไร เจริญศิริ","ประเภทอ้อย":"ปลายฝน","พื้นที่":5.25,"ตันรวม":68.25,"รหัสแปลง":"320606111839","กลุ่ม":"กลุ่ม_15"},"geometry":{"type":"MultiPolygon","coordinates":[[[[980749.181900000199676,1603276.025800000876188],[980991.366600000299513,1603266.166899999603629],[980995.619300000369549,1603233.141699999570847],[980762.933299999684095,1603237.709699999541044],[980749.181900000199676,1603276.025800000876188]]]]}},
{"type":"Feature","properties":{"รหัสกลุ่มคิว":"15/008","รหัสรับเหมา":null,"ชื่อ-สกุล รับเหมา":null,"นักเกษตร":"1502","ศูนย์":"K2-15","โควตา":"711062","ชาวไร่":"นาง กรกมล สุขสบาย","ประเภทอ้อย":"ปลายฝน","พื้นที่":10.75,"ตันรวม":139.75,"รหัสแปลง":"320509021689","กลุ่ม":"กลุ่ม_15"},"geometry":{"type":"MultiPolygon","coordinates":[[[[967750.689199999906123,1619395.634199999272823],[967686.791799999773502,1619621.3158],[967754.91399999987334,1619643.018999999389052],[967822.435499999672174,1619419.446599999442697],[967750.689199999906123,1619395.634199999272823]]]]}},
{"type":"Feature","properties":{"รหัสกลุ่มคิว":"15/001","รหัสรับเหมา":"738889","ชื่อ-สกุล รับเหมา":"รถตัดโรงงานเบอร์ 01","นักเกษตร":"1503","ศูนย์":"K2-15","โควตา":"715467","ชาวไร่":"นาง มาลี ศรีปุชัยนนท์","ประเภทอ้อย":"ปลายฝน","พื้นที่":14.86,"ตันรวม":193.18,"รหัสแปลง":"320606111840","กลุ่ม":"กลุ่ม_15"},"geometry":{"type":"MultiPolygon","coordinates":[[[[981786.356200000271201,1602513.730200000107288],[981747.878800000064075,1602532.042600000277162],[981685.89049999974668,1602563.173800000920892],[981716.825600000098348,1602734.829900000244379],[981735.278900000266731,1602727.522700000554323],[981739.725499999709427,1602740.098799999803305],[981728.557599999941885,1602745.50789999961853],[981724.71239999961108,1602739.1283],[981717.620099999941885,1602741.706900000572205],[981725.332100000232458,1602780.698899999260902],[981827.009399999864399,1602730.739099999889731],[981786.356200000271201,1602513.730200000107288]]]]}},
{"type":"Feature","properties":{"รหัสกลุ่มคิว":"15/004","รหัสรับเหมา":"738889","ชื่อ-สกุล รับเหมา":"รถตัดโรงงานเบอร์ 22","นักเกษตร":"1507","ศูนย์":"K2-15","โควตา":"710469","ชาวไร่":"นาง วันเพ็ญ ฉนวนรัมย์","ประเภทอ้อย":"ปลายฝน","พื้นที่":10.62,"ตันรวม":138.06,"รหัสแปลง":"320606121722","กลุ่ม":"กลุ่ม_15"},"geometry":{"type":"MultiPolygon","coordinates":[[[[975567.123999999836087,1603304.412900000810623],[975600.47620000038296,1603303.206299999728799],[975587.568699999712408,1603262.468499999493361],[975621.942400000058115,1603254.995500000193715],[975608.467600000090897,1603206.296800000593066],[975583.283800000324845,1603129.455399999395013],[975574.194500000216067,1603105.615499999374151],[975553.776800000108778,1603033.857799999415874],[975487.040699999779463,1603056.607799999415874],[975567.123999999836087,1603304.412900000810623]]]]}},
{"type":"Feature","properties":{"รหัสกลุ่มคิว":"15/001","รหัสรับเหมา":"738889","ชื่อ-สกุล รับเหมา":"รถตัดโรงงานเบอร์ 01","นักเกษตร":"1503","ศูนย์":"K2-15","โควตา":"719418","ชาวไร่":"นางสาว สอน จำเริญดี","ประเภทอ้อย":"ปลายฝน","พื้นที่":8.93,"ตันรวม":116.09,"รหัสแปลง":"320509071741","กลุ่ม":"กลุ่ม_15"},"geometry":{"type":"MultiPolygon","coordinates":[[[[970089.595300000160933,1611458.270400000736117],[969864.734400000423193,1611511.970100000500679],[969875.752700000070035,1611579.000600000843406],[970088.198099999688566,1611521.01039999909699],[970081.058500000275671,1611491.120999999344349],[970083.821299999952316,1611489.708499999716878],[970083.659300000406802,1611476.606599999591708],[970093.227900000289083,1611471.881300000473857],[970089.595300000160933,1611458.270400000736117]]]]}},
{"type":"Feature","properties":{"รหัสกลุ่มคิว":"15/001","รหัสรับเหมา":"738889","ชื่อ-สกุล รับเหมา":"รถตัดโรงงานเบอร์ 01","นักเกษตร":"1503","ศูนย์":"K2-15","โควตา":"719397","ชาวไร่":"นาง สุวรรณ สีแสงสว่าง","ประเภทอ้อย":"ปลายฝน","พื้นที่":7.06,"ตันรวม":91.78,"รหัสแปลง":"320509051630","กลุ่ม":"กลุ่ม_15"},"geometry":{"type":"MultiPolygon","coordinates":[[[[975389.00760000012815,1609850.464600000530481],[975370.145700000226498,1609911.301200000569224],[975528.876600000075996,1609977.92960000038147],[975557.025799999944866,1609920.176699999719858],[975389.00760000012815,1609850.464600000530481]]]]}},
{"type":"Feature","properties":{"รหัสกลุ่มคิว":"15/004","รหัสรับเหมา":"738889","ชื่อ-สกุล รับเหมา":"รถตัดโรงงานเบอร์ 22","นักเกษตร":"1507","ศูนย์":"K2-15","โควตา":"710152","ชาวไร่":"นาง สุภาพร เพชรใสดี","ประเภทอ้อย":"ปลายฝน","พื้นที่":11.7,"ตันรวม":152.1,"รหัสแปลง":"321403051662","กลุ่ม":"กลุ่ม_15"},"geometry":{"type":"MultiPolygon","coordinates":[[[[970728.262299999594688,1605373.97440000064671],[970691.563400000333786,1605494.180099999532104],[970682.871199999935925,1605506.030799999833107],[970663.940999999642372,1605563.534399999305606],[970642.310300000011921,1605639.843299999833107],[970666.971800000406802,1605640.683700000867248],[970686.598399999551475,1605631.629899999126792],[970698.673000000417233,1605621.877299999818206],[970725.663399999961257,1605547.88910000026226],[970733.275100000202656,1605526.589299999177456],[970780.10869999974966,1605498.273499999195337],[970813.621500000357628,1605488.375499999150634],[970820.283400000073016,1605460.217299999669194],[970814.026899999938905,1605448.266100000590086],[970802.742899999953806,1605444.907800000160933],[970797.609199999831617,1605440.187999999150634],[970777.92920000012964,1605433.156999999657273],[970795.627700000070035,1605393.00789999961853],[970728.262299999594688,1605373.97440000064671]]]]}},
{"type":"Feature","properties":{"รหัสกลุ่มคิว":"15/001","รหัสรับเหมา":"738889","ชื่อ-สกุล รับเหมา":"รถตัดโรงงานเบอร์ 01","นักเกษตร":"1503","ศูนย์":"K2-15","โควตา":"710579","ชาวไร่":"นางสาว รัชนี ชารัมย์","ประเภทอ้อย":"ปลายฝน","พื้นที่":14.82,"ตันรวม":192.66,"รหัสแปลง":"320509151730","กลุ่ม":"กลุ่ม_15"},"geometry":{"type":"MultiPolygon","coordinates":[[[[976135.082299999892712,1616776.656099999323487],[976212.5477,1616749.753000000491738],[976210.0307,1616439.812599999830127],[976139.319899999536574,1616446.051999999210238],[976135.082299999892712,1616776.656099999323487]]]]}},
{"type":"Feature","properties":{"รหัสกลุ่มคิว":"15/008","รหัสรับเหมา":null,"ชื่อ-สกุล รับเหมา":null,"นักเกษตร":"1502","ศูนย์":"K2-15","โควตา":"710579","ชาวไร่":"นางสาว รัชนี ชารัมย์","ประเภทอ้อย":"ปลายฝน","พื้นที่":19.22,"ตันรวม":249.86,"รหัสแปลง":"320509151731","กลุ่ม":"กลุ่ม_15"},"geometry":{"type":"MultiPolygon","coordinates":[[[[963886.518500000238419,1622426.332800000905991],[963971.566999999806285,1622833.470499999821186],[963975.187300000339746,1622835.659],[964040.060899999924004,1622834.952299999073148],[964036.416400000452995,1622790.61089999973774],[964030.223600000143051,1622748.357200000435114],[964014.047799999825656,1622655.418099999427795],[964007.807699999772012,1622629.548100000247359],[963983.629399999976158,1622634.415400000289083],[963980.751799999736249,1622633.143899999558926],[963974.667299999855459,1622588.763900000602007],[963998.631599999964237,1622586.797399999573827],[963976.827899999916553,1622464.223300000652671],[963973.991600000299513,1622439.885500000789762],[963968.55599999986589,1622433.936799999326468],[963899.862200000323355,1622422.923000000417233],[963886.518500000238419,1622426.332800000905991]]]]}},
{"type":"Feature","properties":{"รหัสกลุ่มคิว":"15/007","รหัสรับเหมา":"722724","ชื่อ-สกุล รับเหมา":"นาง ณีรนุช แถวถิ่น","นักเกษตร":"1501","ศูนย์":"K2-15","โควตา":"715348","ชาวไร่":"นาย ณัฐธิชานนท์ สิงห์ด้วง","ประเภทอ้อย":"ปลายฝน","พื้นที่":6.11,"ตันรวม":79.43,"รหัสแปลง":"320606011963","กลุ่ม":"กลุ่ม_15"},"geometry":{"type":"MultiPolygon","coordinates":[[[[980524.196399999782443,1599529.777499999850988],[980474.090099999681115,1599563.899700000882149],[980520.726800000295043,1599626.88230000063777],[980497.150700000114739,1599643.994799999520183],[980514.168200000189245,1599667.0603],[980523.05559999961406,1599674.238399999216199],[980534.079199999570847,1599679.580900000408292],[980543.786000000312924,1599685.25730000063777],[980546.071000000461936,1599686.292300000786781],[980557.147699999623001,1599675.0320999994874],[980566.175900000147521,1599672.335200000554323],[980603.706299999728799,1599645.786299999803305],[980524.196399999782443,1599529.777499999850988]]]]}},
{"type":"Feature","properties":{"รหัสกลุ่มคิว":"15/007","รหัสรับเหมา":"722724","ชื่อ-สกุล รับเหมา":"นาง ณีรนุช แถวถิ่น","นักเกษตร":"1501","ศูนย์":"K2-15","โควตา":"715864","ชาวไร่":"นาย ขวัญฟ้า จาดสกุล","ประเภทอ้อย":"ปลายฝน","พื้นที่":10.33,"ตันรวม":134.29,"รหัสแปลง":"320606011964","กลุ่ม":"กลุ่ม_15"},"geometry":{"type":"MultiPolygon","coordinates":[[[[981729.080500000156462,1599113.5241],[981667.707899999804795,1599165.210699999704957],[981700.75,1599217.439300000667572],[981717.416699999943376,1599240.690600000321865],[981789.130800000391901,1599333.609300000593066],[981844.187699999660254,1599273.109999999403954],[981770.106300000101328,1599172.194599999114871],[981729.080500000156462,1599113.5241]]]]}},
{"type":"Feature","properties":{"รหัสกลุ่มคิว":"15/003","รหัสรับเหมา":"738889","ชื่อ-สกุล รับเหมา":"รถตัดโรงงานเบอร์ 18","นักเกษตร":"1202","ศูนย์":"K2-15","โควตา":"719359","ชาวไร่":"นางสาว อวย ขะชี้ฟ้า","ประเภทอ้อย":"ปลายฝน","พื้นที่":3.91,"ตันรวม":50.83,"รหัสแปลง":"320606091688","กลุ่ม":"กลุ่ม_15"},"geometry":{"type":"MultiPolygon","coordinates":[[[[974392.886699999682605,1604282.121200000867248],[974188.941499999724329,1604217.757799999788404],[974178.893600000068545,1604247.805800000205636],[974187.66370000038296,1604250.68099999986589],[974385.25719999987632,1604307.409199999645352],[974392.886699999682605,1604282.121200000867248]]]]}},
{"type":"Feature","properties":{"รหัสกลุ่มคิว":"15/003","รหัสรับเหมา":"738889","ชื่อ-สกุล รับเหมา":"รถตัดโรงงานเบอร์ 18","นักเกษตร":"1202","ศูนย์":"K2-15","โควตา":"719209","ชาวไร่":"นางสาว ภัทรปภา พูลสารยิ่ง","ประเภทอ้อย":"ปลายฝน","พื้นที่":2.49,"ตันรวม":32.37,"รหัสแปลง":"320606121723","กลุ่ม":"กลุ่ม_15"},"geometry":{"type":"MultiPolygon","coordinates":[[[[977406.254300000146031,1604057.271099999547005],[977394.4523,1603947.341],[977358.88150000013411,1603949.879100000485778],[977369.813099999912083,1604059.719100000336766],[977406.254300000146031,1604057.271099999547005]]]]}},
{"type":"Feature","properties":{"รหัสกลุ่มคิว":"15/003","รหัสรับเหมา":"738889","ชื่อ-สกุล รับเหมา":"รถตัดโรงงานเบอร์ 18","นักเกษตร":"1202","ศูนย์":"K2-15","โควตา":"722802","ชาวไร่":"นาย มี โชติพรมราช","ประเภทอ้อย":"ปลายฝน","พื้นที่":5.52,"ตันรวม":71.76,"รหัสแปลง":"320606071831","กลุ่ม":"กลุ่ม_15"},"geometry":{"type":"MultiPolygon","coordinates":[[[[976847.38329999987036,1607930.609300000593066],[976794.100899999961257,1607935.974999999627471],[976796.056800000369549,1607979.469200000166893],[976797.078300000168383,1607995.253499999642372],[976813.199300000444055,1607995.897399999201298],[976837.16370000038296,1607993.620300000533462],[976848.656499999575317,1607992.610400000587106],[976884.57909999974072,1607988.842199999839067],[976905.38219999987632,1607986.626000000163913],[976927.3739,1607985.706299999728799],[976936.129800000227988,1607984.721100000664592],[976935.894399999640882,1607920.708799999207258],[976897.710199999623001,1607923.721000000834465],[976882.206000000238419,1607925.714800000190735],[976871.610600000247359,1607926.254000000655651],[976847.38329999987036,1607930.609300000593066]]]]}},
{"type":"Feature","properties":{"รหัสกลุ่มคิว":"15/001","รหัสรับเหมา":"738889","ชื่อ-สกุล รับเหมา":"รถตัดโรงงานเบอร์ 01","นักเกษตร":"1503","ศูนย์":"K2-15","โควตา":"719397","ชาวไร่":"นาง สุวรรณ สีแสงสว่าง","ประเภทอ้อย":"ปลายฝน","พื้นที่":11.38,"ตันรวม":147.94,"รหัสแปลง":"320509051631","กลุ่ม":"กลุ่ม_15"},"geometry":{"type":"MultiPolygon","coordinates":[[[[975862.3432,1609605.3914],[975852.847400000318885,1609602.804199999198318],[975831.042399999685585,1609668.571000000461936],[975870.275299999862909,1609679.49860000051558],[975866.108199999667704,1609699.385500000789762],[975899.878899999894202,1609713.350600000470877],[975901.567300000227988,1609709.870500000193715],[975909.125300000421703,1609682.8125],[975900.764399999752641,1609679.161299999803305],[975874.993999999947846,1609672.33500000089407],[975878.063099999912083,1609652.067900000140071],[975905.950299999676645,1609656.248299999162555],[975900.923200000077486,1609678.89670000039041],[975909.125300000421703,1609682.6009],[975951.548000000417233,1609528.356499999761581],[975966.485100000165403,1609426.589199999347329],[975912.873200000263751,1609414.089199999347329],[975862.3432,1609605.3914]]]]}},
{"type":"Feature","properties":{"รหัสกลุ่มคิว":"15/003","รหัสรับเหมา":"738889","ชื่อ-สกุล รับเหมา":"รถตัดโรงงานเบอร์ 18","นักเกษตร":"1202","ศูนย์":"K2-15","โควตา":"715230","ชาวไร่":"นางสาว ฤทัยขวัญ พูลสารยิ่ง","ประเภทอ้อย":"ปลายฝน","พื้นที่":4.86,"ตันรวม":63.18,"รหัสแปลง":"320606121724","กลุ่ม":"กลุ่ม_15"},"geometry":{"type":"MultiPolygon","coordinates":[[[[977055.821100000292063,1603824.865199999883771],[977055.386400000192225,1603846.02140000090003],[977055.824900000356138,1603864.222699999809265],[977255.319799999706447,1603839.247999999672174],[977254.237900000065565,1603800.599500000476837],[977055.821100000292063,1603824.865199999883771]]]]}},
{"type":"Feature","properties":{"รหัสกลุ่มคิว":"15/004","รหัสรับเหมา":"738889","ชื่อ-สกุล รับเหมา":"รถตัดโรงงานเบอร์ 22","นักเกษตร":"1507","ศูนย์":"K2-15","โควตา":"710642","ชาวไร่":"นาย รุ่งสิทธิ์ บัววัน","ประเภทอ้อย":"ปลายฝน","พื้นที่":7.83,"ตันรวม":101.79,"รหัสแปลง":"321403051664","กลุ่ม":"กลุ่ม_15"},"geometry":{"type":"MultiPolygon","coordinates":[[[[969952.193900000303984,1604923.99129999987781],[969901.25870000012219,1605082.563799999654293],[969973.938900000415742,1605106.317600000649691],[970022.703300000168383,1604948.258400000631809],[969952.193900000303984,1604923.99129999987781]]]]}},
{"type":"Feature","properties":{"รหัสกลุ่มคิว":"15/001","รหัสรับเหมา":"738889","ชื่อ-สกุล รับเหมา":"รถตัดโรงงานเบอร์ 01","นักเกษตร":"1503","ศูนย์":"K2-15","โควตา":"715011","ชาวไร่":"นาย สวัสดิ์ ศรีสุข","ประเภทอ้อย":"ปลายฝน","พื้นที่":3.25,"ตันรวม":42.25,"รหัสแปลง":"321401151720","กลุ่ม":"กลุ่ม_15"},"geometry":{"type":"MultiPolygon","coordinates":[[[[972815.07909999974072,1604867.2105],[972751.789300000295043,1604861.006100000813603],[972741.648000000044703,1604939.014399999752641],[972742.717199999839067,1604949.018200000748038],[972808.316999999806285,1604938.073400000110269],[972815.07909999974072,1604867.2105]]]]}},
{"type":"Feature","properties":{"รหัสกลุ่มคิว":"15/001","รหัสรับเหมา":"738889","ชื่อ-สกุล รับเหมา":"รถตัดโรงงานเบอร์ 01","นักเกษตร":"1503","ศูนย์":"K2-15","โควตา":"711097","ชาวไร่":"นาย อุดร ทองจันทร์","ประเภทอ้อย":"ปลายฝน","พื้นที่":7.53,"ตันรวม":97.89,"รหัสแปลง":"321403051665","กลุ่ม":"กลุ่ม_15"},"geometry":{"type":"MultiPolygon","coordinates":[[[[969901.241100000217557,1605083.487800000235438],[969853.889299999922514,1605233.624399999156594],[969923.317300000227988,1605257.870899999514222],[969976.075000000186265,1605107.6524],[969901.241100000217557,1605083.487800000235438]]]]}},
{"type":"Feature","properties":{"รหัสกลุ่มคิว":"15/004","รหัสรับเหมา":"738889","ชื่อ-สกุล รับเหมา":"รถตัดโรงงานเบอร์ 22","นักเกษตร":"1507","ศูนย์":"K2-15","โควตา":"715011","ชาวไร่":"นาย สวัสดิ์ ศรีสุข","ประเภทอ้อย":"ปลายฝน","พื้นที่":2.93,"ตันรวม":38.09,"รหัสแปลง":"320509161807","กลุ่ม":"กลุ่ม_15"},"geometry":{"type":"MultiPolygon","coordinates":[[[[969284.54839999973774,1612286.633500000461936],[969287.580000000074506,1612307.027100000530481],[969292.189500000327826,1612320.240900000557303],[969411.819199999794364,1612298.309800000861287],[969405.600399999879301,1612275.082100000232458],[969396.338899999856949,1612260.300300000235438],[969379.587299999780953,1612260.534700000658631],[969340.108300000429153,1612272.166400000452995],[969284.54839999973774,1612286.633500000461936]]]]}},
{"type":"Feature","properties":{"รหัสกลุ่มคิว":"15/001","รหัสรับเหมา":"738889","ชื่อ-สกุล รับเหมา":"รถตัดโรงงานเบอร์ 01","นักเกษตร":"1503","ศูนย์":"K2-15","โควตา":"715011","ชาวไร่":"นาย สวัสดิ์ ศรีสุข","ประเภทอ้อย":"ปลายฝน","พื้นที่":3.08,"ตันรวม":40.04,"รหัสแปลง":"320509091763","กลุ่ม":"กลุ่ม_15"},"geometry":{"type":"MultiPolygon","coordinates":[[[[973458.412899999879301,1607176.200400000438094],[973462.002500000409782,1607141.87639999948442],[973374.635700000450015,1607136.407199999317527],[973368.319799999706447,1607137.199899999424815],[973342.861999999731779,1607133.312000000849366],[973327.827100000344217,1607178.519799999892712],[973458.412899999879301,1607176.200400000438094]]]]}},
{"type":"Feature","properties":{"รหัสกลุ่มคิว":"15/007","รหัสรับเหมา":"722724","ชื่อ-สกุล รับเหมา":"นาง ณีรนุช แถวถิ่น","นักเกษตร":"1501","ศูนย์":"K2-15","โควตา":"722640","ชาวไร่":"นาย ดำเนิน สาคะนิล","ประเภทอ้อย":"ปลายฝน","พื้นที่":4.5,"ตันรวม":58.5,"รหัสแปลง":"320606121725","กลุ่ม":"กลุ่ม_15"},"geometry":{"type":"MultiPolygon","coordinates":[[[[977506.506400000303984,1603939.2017],[977469.782599999569356,1603937.751900000497699],[977476.967400000430644,1604153.09940000064671],[977508.81290000025183,1604145.950099999085069],[977508.272599999792874,1604145.9397],[977506.506400000303984,1603939.2017]]]]}},
{"type":"Feature","properties":{"รหัสกลุ่มคิว":"15/007","รหัสรับเหมา":"722724","ชื่อ-สกุล รับเหมา":"นาง ณีรนุช แถวถิ่น","นักเกษตร":"1501","ศูนย์":"K2-15","โควตา":"723005","ชาวไร่":"นาง พัตร รักษา","ประเภทอ้อย":"ปลายฝน","พื้นที่":2.67,"ตันรวม":34.71,"รหัสแปลง":"320606011968","กลุ่ม":"กลุ่ม_15"},"geometry":{"type":"MultiPolygon","coordinates":[[[[980481.214999999850988,1598495.077600000426173],[980546.19550000037998,1598590.544600000604987],[980571.213899999856949,1598556.254699999466538],[980513.458399999886751,1598473.19620000012219],[980481.214999999850988,1598495.077600000426173]]]]}},
{"type":"Feature","properties":{"รหัสกลุ่มคิว":"15/008","รหัสรับเหมา":null,"ชื่อ-สกุล รับเหมา":null,"นักเกษตร":"1502","ศูนย์":"K2-15","โควตา":"726780","ชาวไร่":"นาย สุราช มีชื่อ","ประเภทอ้อย":"ปลายฝน","พื้นที่":4.75,"ตันรวม":61.75,"รหัสแปลง":"320506021647","กลุ่ม":"กลุ่ม_15"},"geometry":{"type":"MultiPolygon","coordinates":[[[[979284.661999999545515,1621805.655200000852346],[979327.405100000090897,1621792.627499999478459],[979288.340699999593198,1621627.489],[979245.081399999558926,1621648.4572],[979284.661999999545515,1621805.655200000852346]]]]}},
{"type":"Feature","properties":{"รหัสกลุ่มคิว":"15/008","รหัสรับเหมา":null,"ชื่อ-สกุล รับเหมา":null,"นักเกษตร":"1502","ศูนย์":"K2-15","โควตา":"719271","ชาวไร่":"นาย บุญสงค์ นากอก","ประเภทอ้อย":"ปลายฝน","พื้นที่":4.99,"ตันรวม":64.87,"รหัสแปลง":"320515011644","กลุ่ม":"กลุ่ม_15"},"geometry":{"type":"MultiPolygon","coordinates":[[[[975360.774000000208616,1619347.2204],[975375.599899999797344,1619343.995999999344349],[975360.78899999987334,1619244.6096],[975399.562300000339746,1619250.540400000289083],[975383.559500000439584,1619138.373700000345707],[975355.332499999552965,1619136.34569999948144],[975349.633899999782443,1619114.603399999439716],[975326.154799999669194,1619118.39919999986887],[975360.774000000208616,1619347.2204]]]]}},
{"type":"Feature","properties":{"รหัสกลุ่มคิว":"15/004","รหัสรับเหมา":"738889","ชื่อ-สกุล รับเหมา":"รถตัดโรงงานเบอร์ 22","นักเกษตร":"1507","ศูนย์":"K2-15","โควตา":"719353","ชาวไร่":"นาย วิโรจน์ ทองสุข","ประเภทอ้อย":"ปลายฝน","พื้นที่":1.41,"ตันรวม":18.33,"รหัสแปลง":"320509091764","กลุ่ม":"กลุ่ม_15"},"geometry":{"type":"MultiPolygon","coordinates":[[[[972488.716599999926984,1608012.53940000012517],[972417.203499999828637,1607994.158600000664592],[972410.27419999986887,1608026.748700000345707],[972478.815000000409782,1608040.4506],[972488.716599999926984,1608012.53940000012517]]]]}},
{"type":"Feature","properties":{"รหัสกลุ่มคิว":"15/001","รหัสรับเหมา":"738889","ชื่อ-สกุล รับเหมา":"รถตัดโรงงานเบอร์ 01","นักเกษตร":"1503","ศูนย์":"K2-15","โควตา":"711097","ชาวไร่":"นาย อุดร ทองจันทร์","ประเภทอ้อย":"ปลายฝน","พื้นที่":10.63,"ตันรวม":138.19,"รหัสแปลง":"320509015612","กลุ่ม":"กลุ่ม_15"},"geometry":{"type":"MultiPolygon","coordinates":[[[[974792.943699999712408,1607873.276399999856949],[974746.224200000055134,1607876.81279999949038],[974767.732699999585748,1608246.620799999684095],[974812.67960000038147,1608241.571399999782443],[974792.943699999712408,1607873.276399999856949]]]]}},
{"type":"Feature","properties":{"รหัสกลุ่มคิว":"15/003","รหัสรับเหมา":"738889","ชื่อ-สกุล รับเหมา":"รถตัดโรงงานเบอร์ 18","นักเกษตร":"1202","ศูนย์":"K2-15","โควตา":"719285","ชาวไร่":"นางสาว เกียง ยานรัมย์","ประเภทอ้อย":"ปลายฝน","พื้นที่":4.1,"ตันรวม":53.3,"รหัสแปลง":"320509032010","กลุ่ม":"กลุ่ม_15"},"geometry":{"type":"MultiPolygon","coordinates":[[[[968447.076899999752641,1614509.393400000408292],[968448.099600000306964,1614606.653699999675155],[968486.476599999703467,1614605.353399999439716],[968483.456000000238419,1614565.549000000581145],[968527.998800000175834,1614561.963300000876188],[968525.716199999675155,1614492.9638],[968447.076899999752641,1614509.393400000408292]]]]}},
{"type":"Feature","properties":{"รหัสกลุ่มคิว":"15/003","รหัสรับเหมา":"738889","ชื่อ-สกุล รับเหมา":"รถตัดโรงงานเบอร์ 18","นักเกษตร":"1202","ศูนย์":"K2-15","โควตา":"715031","ชาวไร่":"นาง ประยงค์ เสาใย","ประเภทอ้อย":"ปลายฝน","พื้นที่":5.55,"ตันรวม":72.15,"รหัสแปลง":"320509161809","กลุ่ม":"กลุ่ม_15"},"geometry":{"type":"MultiPolygon","coordinates":[[[[968846.21100000012666,1611628.07660000026226],[968844.908200000412762,1611601.985300000756979],[968843.009100000374019,1611597.697000000625849],[968836.013000000268221,1611577.412799999117851],[968664.597799999639392,1611623.501700000837445],[968674.513700000010431,1611670.092800000682473],[968846.21100000012666,1611628.07660000026226]]]]}},
{"type":"Feature","properties":{"รหัสกลุ่มคิว":"15/003","รหัสรับเหมา":"738889","ชื่อ-สกุล รับเหมา":"รถตัดโรงงานเบอร์ 18","นักเกษตร":"1202","ศูนย์":"K2-15","โควตา":"712349","ชาวไร่":"นาง สุวรรณี เพลินพร้อม","ประเภทอ้อย":"ปลายฝน","พื้นที่":7.71,"ตันรวม":100.23,"รหัสแปลง":"320509032011","กลุ่ม":"กลุ่ม_15"},"geometry":{"type":"MultiPolygon","coordinates":[[[[968736.660799999721348,1613800.224999999627471],[968735.326200000010431,1613841.795],[968676.463399999774992,1613840.855100000277162],[968678.824300000444055,1613868.075899999588728],[968692.528800000436604,1613867.043700000271201],[968705.223899999633431,1613871.723099999129772],[968710.044999999925494,1613873.848799999803305],[968724.822300000116229,1613892.063400000333786],[968733.550300000235438,1613897.036800000816584],[968762.988699999637902,1613901.851399999111891],[968796.722199999727309,1613908.042199999094009],[968809.787899999879301,1613912.174100000411272],[968823.248800000175834,1613914.464999999850988],[968827.374800000339746,1613905.855000000447035],[968827.095999999903142,1613901.597699999809265],[968812.322399999946356,1613883.198100000619888],[968807.395499999634922,1613877.188200000673532],[968805.486200000159442,1613873.454299999400973],[968805.948599999770522,1613868.10190000012517],[968809.294599999673665,1613853.191500000655651],[968805.094800000078976,1613846.8257],[968834.378200000151992,1613831.486700000241399],[968849.579300000332296,1613827.5252],[968860.238099999725819,1613825.69539999961853],[968887.234299999661744,1613826.396299999207258],[968889.871100000105798,1613801.489399999380112],[968736.660799999721348,1613800.224999999627471]]]]}},
{"type":"Feature","properties":{"รหัสกลุ่มคิว":"15/003","รหัสรับเหมา":"738889","ชื่อ-สกุล รับเหมา":"รถตัดโรงงานเบอร์ 18","นักเกษตร":"1202","ศูนย์":"K2-15","โควตา":"723618","ชาวไร่":"นาง สำเริง สุขพินิจ","ประเภทอ้อย":"ปลายฝน","พื้นที่":2.96,"ตันรวม":38.48,"รหัสแปลง":"320606071832","กลุ่ม":"กลุ่ม_15"},"geometry":{"type":"MultiPolygon","coordinates":[[[[977323.49309999961406,1607864.882400000467896],[977347.095300000160933,1607864.600299999117851],[977352.541600000113249,1607806.651200000196695],[977357.345599999651313,1607735.377800000831485],[977361.097000000067055,1607690.52280000038445],[977332.240699999965727,1607692.36710000038147],[977330.527300000190735,1607734.303300000727177],[977327.043499999679625,1607756.052500000223517],[977324.365299999713898,1607801.298000000417233],[977324.133399999700487,1607822.555600000545382],[977324.416600000113249,1607845.1173],[977323.49309999961406,1607864.882400000467896]]]]}},
{"type":"Feature","properties":{"รหัสกลุ่มคิว":"15/008","รหัสรับเหมา":null,"ชื่อ-สกุล รับเหมา":null,"นักเกษตร":"1502","ศูนย์":"K2-15","โควตา":"719258","ชาวไร่":"นาย ไพศาล รัตนบุตร","ประเภทอ้อย":"ปลายฝน","พื้นที่":5.08,"ตันรวม":66.04,"รหัสแปลง":"320508121632","กลุ่ม":"กลุ่ม_15"},"geometry":{"type":"MultiPolygon","coordinates":[[[[987768.615500000305474,1623691.35249999910593],[987765.501600000075996,1623702.401799999177456],[987769.308094904059544,1623700.707309629069641],[987768.615500000305474,1623691.35249999910593]]],[[[987779.109299999661744,1623833.091199999675155],[987840.264499999582767,1623825.769799999892712],[987821.149299999698997,1623677.629799999296665],[987769.308094904059544,1623700.707309629069641],[987779.109299999661744,1623833.091199999675155]]]]}},
{"type":"Feature","properties":{"รหัสกลุ่มคิว":"15/007","รหัสรับเหมา":"722724","ชื่อ-สกุล รับเหมา":"นาง ณีรนุช แถวถิ่น","นักเกษตร":"1501","ศูนย์":"K2-15","โควตา":"715642","ชาวไร่":"นางสาว โสภา แท่นแก้ว","ประเภทอ้อย":"ปลายฝน","พื้นที่":4.67,"ตันรวม":60.71,"รหัสแปลง":"320509161811","กลุ่ม":"กลุ่ม_15"},"geometry":{"type":"MultiPolygon","coordinates":[[[[969327.057599999941885,1611805.490399999544024],[969275.764200000092387,1611803.955800000578165],[969294.004300000146031,1611961.443499999120831],[969337.521499999798834,1611964.678400000557303],[969327.057599999941885,1611805.490399999544024]]]]}},
{"type":"Feature","properties":{"รหัสกลุ่มคิว":"15/003","รหัสรับเหมา":"738889","ชื่อ-สกุล รับเหมา":"รถตัดโรงงานเบอร์ 18","นักเกษตร":"1202","ศูนย์":"K2-15","โควตา":"710964","ชาวไร่":"นาย วัฒนา สามลา","ประเภทอ้อย":"ปลายฝน","พื้นที่":9.57,"ตันรวม":124.41,"รหัสแปลง":"320504051835","กลุ่ม":"กลุ่ม_15"},"geometry":{"type":"MultiPolygon","coordinates":[[[[969229.619699999690056,1618661.756699999794364],[968832.710900000296533,1618546.17960000038147],[968816.146399999968708,1618602.61710000038147],[968995.861800000071526,1618656.532700000330806],[969007.799200000241399,1618616.090199999511242],[969221.011599999852479,1618678.784499999135733],[969229.619699999690056,1618661.756699999794364]]]]}},
{"type":"Feature","properties":{"รหัสกลุ่มคิว":"15/004","รหัสรับเหมา":"738889","ชื่อ-สกุล รับเหมา":"รถตัดโรงงานเบอร์ 22","นักเกษตร":"1507","ศูนย์":"K2-15","โควตา":"715319","ชาวไร่":"นาย สุขสันต์ แทนคำ","ประเภทอ้อย":"ปลายฝน","พื้นที่":5.05,"ตันรวม":65.65,"รหัสแปลง":"320509091766","กลุ่ม":"กลุ่ม_15"},"geometry":{"type":"MultiPolygon","coordinates":[[[[972964.724999999627471,1608042.569399999454618],[972987.877799999900162,1608168.730799999088049],[972992.223799999803305,1608167.520099999383092],[972996.811300000175834,1608153.742499999701977],[973008.565200000070035,1608141.951199999079108],[973037.201000000350177,1608132.7029],[973061.926199999637902,1608083.261],[973055.004300000146031,1608040.421299999579787],[972964.724999999627471,1608042.569399999454618]]]]}},
{"type":"Feature","properties":{"รหัสกลุ่มคิว":"15/008","รหัสรับเหมา":null,"ชื่อ-สกุล รับเหมา":null,"นักเกษตร":"1502","ศูนย์":"K2-15","โควตา":"719271","ชาวไร่":"นาย บุญสงค์ นากอก","ประเภทอ้อย":"ปลายฝน","พื้นที่":13.91,"ตันรวม":180.83,"รหัสแปลง":"320515011645","กลุ่ม":"กลุ่ม_15"},"geometry":{"type":"MultiPolygon","coordinates":[[[[974189.798600000329316,1620303.2434],[974212.687300000339746,1620264.862400000914931],[973866.028099999763072,1620270.152799999341369],[973858.576500000432134,1620348.028300000354648],[973874.60010000038892,1620347.969399999827147],[973931.241200000047684,1620351.471699999645352],[973981.596599999815226,1620335.624500000849366],[973984.971499999985099,1620319.420399999246001],[974006.749699999578297,1620310.414000000804663],[974009.785899999551475,1620339.499399999156594],[974118.554800000041723,1620347.156700000166893],[974116.932699999772012,1620310.148800000548363],[974160.321399999782443,1620310.066500000655651],[974166.111899999901652,1620299.270899999886751],[974189.798600000329316,1620303.2434]]]]}},
{"type":"Feature","properties":{"รหัสกลุ่มคิว":"15/004","รหัสรับเหมา":"738889","ชื่อ-สกุล รับเหมา":"รถตัดโรงงานเบอร์ 22","นักเกษตร":"1507","ศูนย์":"K2-15","โควตา":"715213","ชาวไร่":"นาย ตรีชญาภา สอนศรี","ประเภทอ้อย":"ต้นฝน","พื้นที่":3.39,"ตันรวม":37.29,"รหัสแปลง":"321403021913","กลุ่ม":"กลุ่ม_15"},"geometry":{"type":"MultiPolygon","coordinates":[[[[970749.559600000269711,1604522.122199999168515],[970794.428299999795854,1604379.702600000426173],[970759.487099999561906,1604369.977399999275804],[970714.435100000351667,1604512.578400000929832],[970749.559600000269711,1604522.122199999168515]]]]}},
{"type":"Feature","properties":{"รหัสกลุ่มคิว":"15/003","รหัสรับเหมา":"738889","ชื่อ-สกุล รับเหมา":"รถตัดโรงงานเบอร์ 18","นักเกษตร":"1202","ศูนย์":"K2-15","โควตา":"728063","ชาวไร่":"นาย ณัฐวุฒิ คำเล็ก","ประเภทอ้อย":"ปลายฝน","พื้นที่":4.87,"ตันรวม":63.31,"รหัสแปลง":"320509081670","กลุ่ม":"กลุ่ม_15"},"geometry":{"type":"MultiPolygon","coordinates":[[[[968023.078900000080466,1612544.1085],[968022.409099999815226,1612569.792199999094009],[968246.566599999554455,1612599.763299999758601],[968254.210500000044703,1612557.75929999910295],[968023.078900000080466,1612544.1085]]]]}},
{"type":"Feature","properties":{"รหัสกลุ่มคิว":"15/008","รหัสรับเหมา":null,"ชื่อ-สกุล รับเหมา":null,"นักเกษตร":"1502","ศูนย์":"K2-15","โควตา":"710579","ชาวไร่":"นางสาว รัชนี ชารัมย์","ประเภทอ้อย":"ต้นฝน","พื้นที่":6.19,"ตันรวม":68.09,"รหัสแปลง":"320506041592","กลุ่ม":"กลุ่ม_15"},"geometry":{"type":"MultiPolygon","coordinates":[[[[979284.34499999973923,1624523.603199999779463],[979367.438099999912083,1624508.967299999669194],[979363.183699999935925,1624423.277000000700355],[979314.497499999590218,1624427.496300000697374],[979313.797799999825656,1624399.00870000012219],[979254.351400000043213,1624401.167400000616908],[979258.955299999564886,1624450.809800000861287],[979273.915900000371039,1624449.809800000861287],[979284.34499999973923,1624523.603199999779463]]]]}}
]
}
