{
"type": "FeatureCollection",
"name": "กลุ่ม_51",
"crs": { "type": "name", "properties": { "name": "urn:ogc:def:crs:EPSG::32647" } },
"xy_coordinate_resolution": 1e-15,
"features": [
{"type":"Feature","properties":{"รหัสกลุ่มคิว":"51/001","รหัสรับเหมา":"763957","ชื่อ-สกุล รับเหมา":"นาย เดชาวุธ แสงดาว","นักเกษตร":"5101","ศูนย์":"K2-51","โควตา":"762060","ชาวไร่":"นาย ทวี จารึกดี","ประเภทอ้อย":"ตอ1","พื้นที่":8.67,"ตันรวม":78.03,"รหัสแปลง":"310706061512","กลุ่ม":"กลุ่ม_51"},"geometry":{"type":"MultiPolygon","coordinates":[[[[929903.456199999898672,1607121.578600000590086],[929899.538800000213087,1607119.1081000007689],[929891.099499999545515,1607117.852099999785423],[929883.036399999633431,1607115.6787],[929874.577800000086427,1607115.531099999323487],[929873.14130000025034,1607115.3213],[929861.944500000216067,1607117.3432],[929850.400600000284612,1607118.619999999180436],[929839.062599999830127,1607118.4221],[929818.70990000013262,1607118.990800000727177],[929793.99199999962002,1607256.222400000318885],[929789.874699999578297,1607265.204900000244379],[929800.965099999681115,1607269.278899999335408],[929809.394600000232458,1607271.088999999687076],[929818.531000000424683,1607273.650699999183416],[929827.841000000014901,1607276.584899999201298],[929837.507699999958277,1607279.710100000724196],[929842.710699999704957,1607280.724899999797344],[929856.153500000014901,1607284.10080000013113],[929866.543300000019372,1607287.053899999707937],[929873.858099999837577,1607280.529400000348687],[929877.423200000077486,1607261.928600000217557],[929880.283999999985099,1607252.739399999380112],[929883.315000000409782,1607244.1075],[929889.851700000464916,1607189.341199999675155],[929899.657100000418723,1607184.523199999704957],[929903.456199999898672,1607121.578600000590086]]]]}},
{"type":"Feature","properties":{"รหัสกลุ่มคิว":"51/001","รหัสรับเหมา":"763957","ชื่อ-สกุล รับเหมา":"นาย เดชาวุธ แสงดาว","นักเกษตร":"5101","ศูนย์":"K2-51","โควตา":"760311","ชาวไร่":"นาย ชุติกาญจน์ วะดี","ประเภทอ้อย":"ตอ2","พื้นที่":18.35,"ตันรวม":146.8,"รหัสแปลง":"310706091519","กลุ่ม":"กลุ่ม_51"},"geometry":{"type":"MultiPolygon","coordinates":[[[[927563.070600000210106,1605768.362800000235438],[927492.028099999763072,1605940.2314],[927508.281299999915063,1605944.18099999986589],[927553.238599999807775,1605827.7652000002563],[927633.67200000025332,1605854.832100000232458],[927618.590800000354648,1605892.932199999690056],[927585.253200000151992,1605970.084799999371171],[927582.501500000245869,1605977.06980000063777],[927507.994699999690056,1605944.89640000090003],[927491.762900000438094,1605940.8728],[927465.167899999767542,1606005.212500000372529],[927554.513000000268221,1606033.370200000703335],[927612.664599999785423,1606053.965500000864267],[927616.498999999836087,1606061.238299999386072],[927639.175400000065565,1605989.0142],[927712.937300000339746,1605815.494200000539422],[927563.070600000210106,1605768.362800000235438]]]]}},
{"type":"Feature","properties":{"รหัสกลุ่มคิว":"51/001","รหัสรับเหมา":"763957","ชื่อ-สกุล รับเหมา":"นาย เดชาวุธ แสงดาว","นักเกษตร":"5101","ศูนย์":"K2-51","โควตา":"760135","ชาวไร่":"นางสาว กัญญ์พิดา สมัครคดี","ประเภทอ้อย":"ตอ1","พื้นที่":8.47,"ตันรวม":76.23,"รหัสแปลง":"310706171501","กลุ่ม":"กลุ่ม_51"},"geometry":{"type":"MultiPolygon","coordinates":[[[[927299.261500000022352,1611513.240399999544024],[927328.144600000232458,1611541.195800000801682],[927344.566300000064075,1611561.588300000876188],[927388.063500000163913,1611623.069299999624491],[927399.50800000037998,1611646.430800000205636],[927410.770899999886751,1611678.727299999445677],[927477.10010000038892,1611626.882999999448657],[927476.236200000159442,1611625.583000000566244],[927472.890300000086427,1611621.257500000298023],[927470.410199999809265,1611617.8772],[927461.555399999953806,1611601.528699999675155],[927450.752199999988079,1611586.807099999859929],[927434.558299999684095,1611562.641200000420213],[927410.596800000406802,1611533.239099999889731],[927403.948300000280142,1611538.048100000247359],[927331.309100000187755,1611473.277300000190735],[927299.261500000022352,1611513.240399999544024]]]]}},
{"type":"Feature","properties":{"รหัสกลุ่มคิว":"51/001","รหัสรับเหมา":"763957","ชื่อ-สกุล รับเหมา":"นาย เดชาวุธ แสงดาว","นักเกษตร":"5101","ศูนย์":"K2-51","โควตา":"767393","ชาวไร่":"นาย ปัณณวิชญ์ นามมุลตรีปัดตา","ประเภทอ้อย":"ปลายฝน","พื้นที่":11.34,"ตันรวม":147.42,"รหัสแปลง":"310715011509","กลุ่ม":"กลุ่ม_51"},"geometry":{"type":"MultiPolygon","coordinates":[[[[932839.091099999845028,1600729.614199999719858],[933200.871700000017881,1600677.924699999392033],[933191.991600000299513,1600629.724199999123812],[932832.226300000213087,1600679.416600000113249],[932839.091099999845028,1600729.614199999719858]]]]}},
{"type":"Feature","properties":{"รหัสกลุ่มคิว":"51/001","รหัสรับเหมา":"763957","ชื่อ-สกุล รับเหมา":"นาย เดชาวุธ แสงดาว","นักเกษตร":"5101","ศูนย์":"K2-51","โควตา":"767393","ชาวไร่":"นาย ปัณณวิชญ์ นามมุลตรีปัดตา","ประเภทอ้อย":"ปลายฝน","พื้นที่":4.27,"ตันรวม":55.51,"รหัสแปลง":"310715011505","กลุ่ม":"กลุ่ม_51"},"geometry":{"type":"MultiPolygon","coordinates":[[[[932681.160699999891222,1600760.666799999773502],[932801.590599999763072,1600742.4474],[932787.2489,1600687.314500000327826],[932668.802199999801815,1600705.38399999961257],[932681.160699999891222,1600760.666799999773502]]]]}},
{"type":"Feature","properties":{"รหัสกลุ่มคิว":"51/001","รหัสรับเหมา":"763957","ชื่อ-สกุล รับเหมา":"นาย เดชาวุธ แสงดาว","นักเกษตร":"5101","ศูนย์":"K2-51","โควตา":"751056","ชาวไร่":"นาย วิรุฬ ศรีสัน","ประเภทอ้อย":"ตอ2","พื้นที่":7.57,"ตันรวม":60.56,"รหัสแปลง":"310706061507","กลุ่ม":"กลุ่ม_51"},"geometry":{"type":"MultiPolygon","coordinates":[[[[927421.138299999758601,1608490.075799999758601],[927462.944199999794364,1608474.74860000051558],[927517.545300000347197,1608463.479599999263883],[927520.553000000305474,1608456.140699999406934],[927508.412999999709427,1608346.726099999621511],[927508.152300000190735,1608330.645899999886751],[927501.114500000141561,1608321.284700000658631],[927486.888899999670684,1608342.287000000476837],[927475.696600000374019,1608354.472699999809265],[927480.108799999579787,1608359.5384],[927473.650500000454485,1608389.360200000926852],[927457.142699999734759,1608386.301799999549985],[927456.673100000247359,1608371.880999999120831],[927382.044400000013411,1608419.366100000217557],[927421.138299999758601,1608490.075799999758601]]]]}},
{"type":"Feature","properties":{"รหัสกลุ่มคิว":"51/001","รหัสรับเหมา":"763957","ชื่อ-สกุล รับเหมา":"นาย เดชาวุธ แสงดาว","นักเกษตร":"5101","ศูนย์":"K2-51","โควตา":"763957","ชาวไร่":"นาย เดชาวุธ แสงดาว","ประเภทอ้อย":"ตอ1","พื้นที่":10.54,"ตันรวม":94.86,"รหัสแปลง":"310706151511","กลุ่ม":"กลุ่ม_51"},"geometry":{"type":"MultiPolygon","coordinates":[[[[928048.325400000438094,1605753.687100000679493],[928045.746600000187755,1605715.5779],[928045.296099999919534,1605700.04869999922812],[928045.604000000283122,1605682.315300000831485],[928048.489000000059605,1605650.953099999576807],[928037.503999999724329,1605651.131899999454618],[927992.523000000044703,1605659.9594],[927941.962799999862909,1605668.690099999308586],[927898.800900000147521,1605676.440700000151992],[927862.664599999785423,1605683.94370000064373],[927861.122700000181794,1605700.177500000223517],[927851.480299999937415,1605757.84569999948144],[927858.306499999947846,1605758.703299999237061],[928048.325400000438094,1605753.687100000679493]]]]}},
{"type":"Feature","properties":{"รหัสกลุ่มคิว":"51/001","รหัสรับเหมา":"763957","ชื่อ-สกุล รับเหมา":"นาย เดชาวุธ แสงดาว","นักเกษตร":"5101","ศูนย์":"K2-51","โควตา":"751055","ชาวไร่":"นาง อุไรวรรณ วอลเบิร์ก","ประเภทอ้อย":"ตอ3","พื้นที่":19.65,"ตันรวม":137.55,"รหัสแปลง":"310706031514","กลุ่ม":"กลุ่ม_51"},"geometry":{"type":"MultiPolygon","coordinates":[[[[929930.503499999642372,1605468.062000000849366],[930012.50760000012815,1605442.871600000187755],[930008.50870000012219,1605413.618000000715256],[930029.51549999974668,1605406.593100000172853],[930010.452800000086427,1605343.434599999338388],[929980.086799999698997,1605350.296299999579787],[929970.771999999880791,1605308.251499999314547],[929911.941800000146031,1605324.5320999994874],[929930.503499999642372,1605468.062000000849366]]]]}},
{"type":"Feature","properties":{"รหัสกลุ่มคิว":"51/001","รหัสรับเหมา":"763957","ชื่อ-สกุล รับเหมา":"นาย เดชาวุธ แสงดาว","นักเกษตร":"5101","ศูนย์":"K2-51","โควตา":"768105","ชาวไร่":"นาย สิทธิชัย ทองแสง","ประเภทอ้อย":"ตอ1","พื้นที่":21.84,"ตันรวม":196.56,"รหัสแปลง":"310706091536","กลุ่ม":"กลุ่ม_51"},"geometry":{"type":"MultiPolygon","coordinates":[[[[928236.015700000338256,1605262.554300000891089],[928237.473600000143051,1605294.32880000025034],[928245.424999999813735,1605332.562000000849366],[928224.912700000219047,1605333.052400000393391],[928226.798299999907613,1605369.9298],[928250.083899999968708,1605393.948200000450015],[928255.426400000229478,1605414.682299999520183],[928460.299599999561906,1605332.14159999974072],[928438.517099999822676,1605283.734999999403954],[928431.012299999594688,1605270.115800000727177],[928427.042799999937415,1605260.253499999642372],[928420.9682,1605247.213400000706315],[928413.286299999803305,1605223.058700000867248],[928412.205599999986589,1605219.046399999409914],[928250.493400000035763,1605185.175499999895692],[928236.015700000338256,1605262.554300000891089]]]]}},
{"type":"Feature","properties":{"รหัสกลุ่มคิว":"51/001","รหัสรับเหมา":"763957","ชื่อ-สกุล รับเหมา":"นาย เดชาวุธ แสงดาว","นักเกษตร":"5101","ศูนย์":"K2-51","โควตา":"768168","ชาวไร่":"นาง จิรนันต์ ศรีสุข","ประเภทอ้อย":"ปลายฝน","พื้นที่":11.07,"ตันรวม":143.91,"รหัสแปลง":"310706041511","กลุ่ม":"กลุ่ม_51"},"geometry":{"type":"MultiPolygon","coordinates":[[[[928917.095200000330806,1608590.877599999308586],[928941.858599999919534,1608582.815899999812245],[928983.21169999986887,1608602.253399999812245],[929089.98340000025928,1608458.388599999248981],[929007.553100000135601,1608392.188200000673532],[928912.985999999567866,1608565.17259999923408],[928917.095200000330806,1608590.877599999308586]]]]}},
{"type":"Feature","properties":{"รหัสกลุ่มคิว":"51/001","รหัสรับเหมา":"763957","ชื่อ-สกุล รับเหมา":"นาย เดชาวุธ แสงดาว","นักเกษตร":"5101","ศูนย์":"K2-51","โควตา":"763957","ชาวไร่":"นาย เดชาวุธ แสงดาว","ประเภทอ้อย":"ตอ1","พื้นที่":3.36,"ตันรวม":30.24,"รหัสแปลง":"310706151525","กลุ่ม":"กลุ่ม_51"},"geometry":{"type":"MultiPolygon","coordinates":[[[[931623.560999999754131,1604172.913100000470877],[931697.378200000151992,1604070.1699],[931667.221699999645352,1604044.3267],[931661.067200000397861,1604035.903699999675155],[931599.499499999918044,1604138.306900000199676],[931623.560999999754131,1604172.913100000470877]]]]}},
{"type":"Feature","properties":{"รหัสกลุ่มคิว":"51/001","รหัสรับเหมา":"763957","ชื่อ-สกุล รับเหมา":"นาย เดชาวุธ แสงดาว","นักเกษตร":"5101","ศูนย์":"K2-51","โควตา":"764964","ชาวไร่":"นาง บังอร บุญปัญญา","ประเภทอ้อย":"ตอ3","พื้นที่":12.81,"ตันรวม":89.67,"รหัสแปลง":"310706091648","กลุ่ม":"กลุ่ม_51"},"geometry":{"type":"MultiPolygon","coordinates":[[[[928525.862599999643862,1607724.898800000548363],[928293.212899999693036,1607594.276499999687076],[928274.532200000248849,1607612.614299999549985],[928265.039200000464916,1607620.209899999201298],[928254.999800000339746,1607628.165500000119209],[928239.478099999949336,1607640.8301],[928499.224299999885261,1607797.053600000217557],[928526.405299999751151,1607766.114199999719858],[928507.3454,1607754.510800000280142],[928525.862599999643862,1607724.898800000548363]]]]}},
{"type":"Feature","properties":{"รหัสกลุ่มคิว":"51/001","รหัสรับเหมา":"763957","ชื่อ-สกุล รับเหมา":"นาย เดชาวุธ แสงดาว","นักเกษตร":"5101","ศูนย์":"K2-51","โควตา":"768105","ชาวไร่":"นาย สิทธิชัย ทองแสง","ประเภทอ้อย":"ตอ1","พื้นที่":5.65,"ตันรวม":50.85,"รหัสแปลง":"310706091654","กลุ่ม":"กลุ่ม_51"},"geometry":{"type":"MultiPolygon","coordinates":[[[[928625.551599999889731,1605253.909900000318885],[928610.615799999795854,1605222.42259999923408],[928554.433299999684095,1605243.804400000721216],[928549.046500000171363,1605232.623999999836087],[928543.283900000154972,1605232.708699999377131],[928533.27240000013262,1605228.65430000051856],[928523.373499999754131,1605228.482300000265241],[928511.671500000171363,1605228.463700000196695],[928494.248700000345707,1605226.128399999812245],[928462.494800000451505,1605219.663699999451637],[928477.520999999716878,1605266.674000000581145],[928451.224899999797344,1605277.67339999973774],[928461.554800000041723,1605294.482999999076128],[928472.482699999585748,1605318.3246],[928625.551599999889731,1605253.909900000318885]]]]}},
{"type":"Feature","properties":{"รหัสกลุ่มคิว":"51/001","รหัสรับเหมา":"763957","ชื่อ-สกุล รับเหมา":"นาย เดชาวุธ แสงดาว","นักเกษตร":"5101","ศูนย์":"K2-51","โควตา":"768168","ชาวไร่":"นาง จิรนันต์ ศรีสุข","ประเภทอ้อย":"ตอ3","พื้นที่":11.66,"ตันรวม":81.62,"รหัสแปลง":"310706181612","กลุ่ม":"กลุ่ม_51"},"geometry":{"type":"MultiPolygon","coordinates":[[[[927972.313699999824166,1608198.839700000360608],[927984.175499999895692,1608052.063100000843406],[927843.901800000108778,1608072.754000000655651],[927856.403500000014901,1608190.942900000140071],[927972.313699999824166,1608198.839700000360608]]]]}},
{"type":"Feature","properties":{"รหัสกลุ่มคิว":"51/001","รหัสรับเหมา":"763957","ชื่อ-สกุล รับเหมา":"นาย เดชาวุธ แสงดาว","นักเกษตร":"5101","ศูนย์":"K2-51","โควตา":"751184","ชาวไร่":"นาย ธวัชชัย ไชยแสง","ประเภทอ้อย":"ปลายฝน","พื้นที่":7.11,"ตันรวม":92.43,"รหัสแปลง":"312305051547","กลุ่ม":"กลุ่ม_51"},"geometry":{"type":"MultiPolygon","coordinates":[[[[927772.295099999755621,1605237.43019999936223],[927718.317300000227988,1605235.570000000298023],[927713.457899999804795,1605235.4857],[927687.434600000269711,1605230.784499999135733],[927664.207700000144541,1605230.936000000685453],[927659.303399999625981,1605233.43779999949038],[927652.100999999791384,1605233.497700000181794],[927619.161600000225008,1605233.11119999922812],[927608.166899999603629,1605233.844399999827147],[927607.887600000016391,1605239.567700000479817],[927611.92200000025332,1605256.082900000736117],[927612.028300000354648,1605260.334599999710917],[927613.986299999989569,1605272.009500000625849],[927614.436499999836087,1605277.191099999472499],[927616.847299999557436,1605283.5153],[927621.498499999754131,1605295.606599999591708],[927626.246399999596179,1605312.503699999302626],[927659.394399999640882,1605311.230799999088049],[927688.030299999751151,1605310.61879999935627],[927700.265599999576807,1605311.015799999237061],[927712.687300000339746,1605311.046499999240041],[927738.819500000216067,1605309.467199999839067],[927748.390399999916553,1605307.785499999299645],[927764.590099999681115,1605276.838999999687076],[927768.80599999986589,1605262.129899999126792],[927771.215699999593198,1605247.759099999442697],[927772.295099999755621,1605237.43019999936223]]]]}},
{"type":"Feature","properties":{"รหัสกลุ่มคิว":"51/001","รหัสรับเหมา":"763957","ชื่อ-สกุล รับเหมา":"นาย เดชาวุธ แสงดาว","นักเกษตร":"5101","ศูนย์":"K2-51","โควตา":"767393","ชาวไร่":"นาย ปัณณวิชญ์ นามมุลตรีปัดตา","ประเภทอ้อย":"ตอ3","พื้นที่":32.33,"ตันรวม":226.31,"รหัสแปลง":"310706091662","กลุ่ม":"กลุ่ม_51"},"geometry":{"type":"MultiPolygon","coordinates":[[[[927029.318900000303984,1605735.27449999935925],[927289.789499999955297,1605778.591199999675155],[927332.237099999561906,1605666.613099999725819],[927295.41509999986738,1605651.377399999648333],[927279.99100000038743,1605637.621400000527501],[927272.2193,1605628.9869],[927268.712700000032783,1605623.567600000649691],[927240.545099999755621,1605555.635900000110269],[927232.047100000083447,1605547.3585],[927088.946299999952316,1605535.6402000002563],[927070.815000000409782,1605595.008899999782443],[927014.515599999576807,1605602.533399999141693],[927012.637400000356138,1605627.815300000831485],[927014.254800000227988,1605638.375499999150634],[927019.669200000353158,1605668.772600000724196],[927046.479100000113249,1605669.606599999591708],[927055.692999999970198,1605667.73369999974966],[927082.988300000317395,1605671.717299999669194],[927079.019899999722838,1605724.125099999830127],[927041.501299999654293,1605717.931800000369549],[927044.34250000026077,1605678.62360000051558],[927022.038499999791384,1605677.498199999332428],[927029.318900000303984,1605735.27449999935925]]]]}},
{"type":"Feature","properties":{"รหัสกลุ่มคิว":"51/001","รหัสรับเหมา":"763957","ชื่อ-สกุล รับเหมา":"นาย เดชาวุธ แสงดาว","นักเกษตร":"5101","ศูนย์":"K2-51","โควตา":"768408","ชาวไร่":"นาย ก้าวไกล กะประโคน","ประเภทอ้อย":"ตอ1","พื้นที่":1.28,"ตันรวม":11.52,"รหัสแปลง":"310706071644","กลุ่ม":"กลุ่ม_51"},"geometry":{"type":"MultiPolygon","coordinates":[[[[928009.664099999703467,1609511.478499999269843],[928000.131299999542534,1609530.0603],[928014.368800000287592,1609546.152200000360608],[928039.27489999961108,1609552.116900000721216],[928070.255900000222027,1609554.374600000679493],[928051.058600000105798,1609513.362099999561906],[928009.664099999703467,1609511.478499999269843]]]]}},
{"type":"Feature","properties":{"รหัสกลุ่มคิว":"51/001","รหัสรับเหมา":"763957","ชื่อ-สกุล รับเหมา":"นาย เดชาวุธ แสงดาว","นักเกษตร":"5101","ศูนย์":"K2-51","โควตา":"768408","ชาวไร่":"นาย ก้าวไกล กะประโคน","ประเภทอ้อย":"ปลายฝน","พื้นที่":11.98,"ตันรวม":155.74,"รหัสแปลง":"310706071645","กลุ่ม":"กลุ่ม_51"},"geometry":{"type":"MultiPolygon","coordinates":[[[[927936.740000000223517,1609169.969200000166893],[927930.2489,1609170.5954],[927917.941499999724329,1609174.446399999782443],[927891.520899999886751,1609182.486600000411272],[927879.264999999664724,1609183.382099999114871],[927869.489799999631941,1609186.53800000064075],[927872.912100000306964,1609196.76039999909699],[927963.638100000098348,1609413.791200000792742],[927984.113300000317395,1609478.4506],[928006.301599999889731,1609475.695599999278784],[927999.026899999938905,1609428.26549999974668],[928021.536600000225008,1609427.73340000025928],[928026.960900000296533,1609416.001900000497699],[928023.117899999953806,1609398.9353],[928013.365600000135601,1609359.407700000330806],[927936.740000000223517,1609169.969200000166893]]]]}},
{"type":"Feature","properties":{"รหัสกลุ่มคิว":"51/001","รหัสรับเหมา":"763957","ชื่อ-สกุล รับเหมา":"นาย เดชาวุธ แสงดาว","นักเกษตร":"5101","ศูนย์":"K2-51","โควตา":"767393","ชาวไร่":"นาย ปัณณวิชญ์ นามมุลตรีปัดตา","ประเภทอ้อย":"ปลายฝน","พื้นที่":11.3,"ตันรวม":146.9,"รหัสแปลง":"310706091678","กลุ่ม":"กลุ่ม_51"},"geometry":{"type":"MultiPolygon","coordinates":[[[[927741.856999999843538,1605850.364700000733137],[927836.3136,1605822.624299999326468],[927859.843100000172853,1605690.916300000622869],[927783.863900000229478,1605680.913200000301003],[927780.690299999900162,1605645.935100000351667],[927770.509800000116229,1605599.748700000345707],[927703.192900000140071,1605422.487500000745058],[927686.728400000371039,1605427.190899999812245],[927755.735700000077486,1605600.416300000622869],[927759.824699999764562,1605759.026699999347329],[927845.049700000323355,1605765.309900000691414],[927844.03760000038892,1605771.759600000455976],[927760.461199999786913,1605763.841900000348687],[927741.856999999843538,1605850.364700000733137]]]]}},
{"type":"Feature","properties":{"รหัสกลุ่มคิว":"51/001","รหัสรับเหมา":"763957","ชื่อ-สกุล รับเหมา":"นาย เดชาวุธ แสงดาว","นักเกษตร":"5101","ศูนย์":"K2-51","โควตา":"764964","ชาวไร่":"นาง บังอร บุญปัญญา","ประเภทอ้อย":"ตอ5","พื้นที่":3.22,"ตันรวม":22.54,"รหัสแปลง":"310706091681","กลุ่ม":"กลุ่ม_51"},"geometry":{"type":"MultiPolygon","coordinates":[[[[928989.556499999947846,1603899.148199999704957],[928944.600599999539554,1603906.312400000169873],[928944.19579999987036,1603919.239900000393391],[928953.306099999696016,1603995.897199999541044],[928960.364599999971688,1604014.497899999842048],[928970.6722999997437,1604011.9054000005126],[929003.35010000038892,1604006.745200000703335],[928989.556499999947846,1603899.148199999704957]]]]}},
{"type":"Feature","properties":{"รหัสกลุ่มคิว":"51/001","รหัสรับเหมา":"763957","ชื่อ-สกุล รับเหมา":"นาย เดชาวุธ แสงดาว","นักเกษตร":"5101","ศูนย์":"K2-51","โควตา":"763244","ชาวไร่":"นาย บุญทัน บุญประดิษฐ","ประเภทอ้อย":"ปลายฝน","พื้นที่":8.85,"ตันรวม":115.05,"รหัสแปลง":"310706091684","กลุ่ม":"กลุ่ม_51"},"geometry":{"type":"MultiPolygon","coordinates":[[[[927756.665500000119209,1608452.591399999335408],[927817.766499999910593,1608464.423900000751019],[927823.47649999987334,1608195.334699999541044],[927778.493800000287592,1608191.574500000104308],[927756.665500000119209,1608452.591399999335408]]]]}},
{"type":"Feature","properties":{"รหัสกลุ่มคิว":"51/001","รหัสรับเหมา":"763957","ชื่อ-สกุล รับเหมา":"นาย เดชาวุธ แสงดาว","นักเกษตร":"5101","ศูนย์":"K2-51","โควตา":"751162","ชาวไร่":"นาย ชมภู วาระสิทธิ์","ประเภทอ้อย":"ตอ1","พื้นที่":2.78,"ตันรวม":25.02,"รหัสแปลง":"310706151653","กลุ่ม":"กลุ่ม_51"},"geometry":{"type":"MultiPolygon","coordinates":[[[[927697.522199999541044,1605396.520300000905991],[927715.802000000141561,1605442.846999999135733],[927721.465699999593198,1605458.836200000718236],[927733.037100000306964,1605487.123199999332428],[927738.288399999961257,1605485.366499999538064],[927778.19440000038594,1605468.13539999909699],[927775.594100000336766,1605462.362199999392033],[927772.649799999780953,1605455.659099999815226],[927768.207600000314415,1605441.908399999141693],[927763.183699999935925,1605430.549799999222159],[927759.390800000168383,1605420.875600000843406],[927754.736499999649823,1605408.969000000506639],[927746.437300000339746,1605389.238600000739098],[927739.029299999587238,1605390.77309999987483],[927729.284900000318885,1605392.082299999892712],[927697.522199999541044,1605396.520300000905991]]]]}},
{"type":"Feature","properties":{"รหัสกลุ่มคิว":"51/001","รหัสรับเหมา":"763957","ชื่อ-สกุล รับเหมา":"นาย เดชาวุธ แสงดาว","นักเกษตร":"5101","ศูนย์":"K2-51","โควตา":"767548","ชาวไร่":"นาย จิรวัฒน์ บุญปัญญา","ประเภทอ้อย":"ตอ2","พื้นที่":3.04,"ตันรวม":24.32,"รหัสแปลง":"310706151654","กลุ่ม":"กลุ่ม_51"},"geometry":{"type":"MultiPolygon","coordinates":[[[[928916.889600000344217,1604029.974199999123812],[928919.214900000020862,1604040.94539999961853],[928896.973299999721348,1604046.471799999475479],[928893.544099999591708,1604057.314200000837445],[928896.478699999861419,1604064.571599999442697],[928904.193199999630451,1604097.227],[928914.144000000320375,1604094.443499999120831],[928949.666000000201166,1604081.0176],[928977.390800000168383,1604070.782299999147654],[928970.808000000193715,1604055.88539999909699],[928958.609899999573827,1604022.228199999779463],[928957.300999999977648,1604019.237600000575185],[928916.889600000344217,1604029.974199999123812]]]]}},
{"type":"Feature","properties":{"รหัสกลุ่มคิว":"51/001","รหัสรับเหมา":"763957","ชื่อ-สกุล รับเหมา":"นาย เดชาวุธ แสงดาว","นักเกษตร":"5101","ศูนย์":"K2-51","โควตา":"764964","ชาวไร่":"นาง บังอร บุญปัญญา","ประเภทอ้อย":"ตอ1","พื้นที่":9.8,"ตันรวม":88.2,"รหัสแปลง":"310706091690","กลุ่ม":"กลุ่ม_51"},"geometry":{"type":"MultiPolygon","coordinates":[[[[927589.162100000306964,1603494.390599999576807],[927593.242700000293553,1603518.667099999263883],[927600.612800000235438,1603519.348999999463558],[927614.089700000360608,1603520.875900000333786],[927627.769100000150502,1603521.1129],[927659.868400000035763,1603518.15819999948144],[927692.710099999792874,1603513.922900000587106],[927717.233799999579787,1603511.760900000110269],[927745.569299999624491,1603507.817199999466538],[927764.326899999752641,1603505.924900000914931],[927795.908699999563396,1603501.667899999767542],[927809.604100000113249,1603500.9814],[927825.481800000183284,1603499.039200000464916],[927840.99309999961406,1603497.460200000554323],[927853.807799999602139,1603495.649800000712276],[927873.478199999779463,1603493.034299999475479],[927888.455900000408292,1603491.076500000432134],[927906.850399999879301,1603489.362800000235438],[927924.351300000213087,1603487.264000000432134],[927943.655299999751151,1603485.011800000444055],[927957.890700000338256,1603484.334599999710917],[927969.612599999643862,1603483.244400000199676],[927986.936700000427663,1603480.957800000905991],[927998.864299999549985,1603478.39299999922514],[928007.844700000248849,1603479.657299999147654],[928003.755400000140071,1603466.282400000840425],[927992.681699999608099,1603450.753900000825524],[927987.230000000447035,1603443.268200000748038],[927975.803299999795854,1603437.7116],[927967.243700000457466,1603432.94370000064373],[927929.837899999693036,1603440.795099999755621],[927896.963999999687076,1603446.877299999818206],[927882.150200000032783,1603449.761800000444055],[927840.967799999751151,1603457.362999999895692],[927792.749800000339746,1603465.76630000025034],[927770.003600000403821,1603469.252499999478459],[927724.893500000238419,1603474.938100000843406],[927707.016699999570847,1603477.9543999992311],[927691.881400000303984,1603478.616100000217557],[927672.018299999646842,1603481.967499999329448],[927654.883799999952316,1603483.703199999406934],[927639.915699999779463,1603485.106899999082088],[927628.181099999696016,1603486.936200000345707],[927603.631799999624491,1603490.576099999248981],[927589.162100000306964,1603494.390599999576807]]]]}},
{"type":"Feature","properties":{"รหัสกลุ่มคิว":"51/001","รหัสรับเหมา":"763957","ชื่อ-สกุล รับเหมา":"นาย เดชาวุธ แสงดาว","นักเกษตร":"5101","ศูนย์":"K2-51","โควตา":"751021","ชาวไร่":"นาง มะลิวัลย์ สีลา","ประเภทอ้อย":"ปลายฝน","พื้นที่":7.87,"ตันรวม":102.31,"รหัสแปลง":"310706151659","กลุ่ม":"กลุ่ม_51"},"geometry":{"type":"MultiPolygon","coordinates":[[[[927816.588200000114739,1608465.1513],[927864.327800000086427,1608479.012599999085069],[927866.126400000415742,1608423.771099999547005],[927865.948400000110269,1608401.339500000700355],[927865.123800000175834,1608379.687300000339746],[927865.112099999561906,1608353.149900000542402],[927863.011900000274181,1608308.080199999734759],[927863.079300000332296,1608257.5482],[927860.798999999649823,1608194.381899999454618],[927860.299399999901652,1608194.164799999445677],[927822.205599999986589,1608193.898299999535084],[927820.456000000238419,1608240.366699999198318],[927819.290500000119209,1608286.596899999305606],[927818.526999999769032,1608338.1601],[927817.042500000447035,1608367.510700000450015],[927817.709699999541044,1608401.758099999278784],[927817.22649999987334,1608441.916899999603629],[927816.549399999901652,1608465.206000000238419],[927816.588200000114739,1608465.1513]]]]}},
{"type":"Feature","properties":{"รหัสกลุ่มคิว":"51/001","รหัสรับเหมา":"763957","ชื่อ-สกุล รับเหมา":"นาย เดชาวุธ แสงดาว","นักเกษตร":"5101","ศูนย์":"K2-51","โควตา":"751024","ชาวไร่":"นางสาว พิกุล มานะดี","ประเภทอ้อย":"ปลายฝน","พื้นที่":7.97,"ตันรวม":103.61,"รหัสแปลง":"310706151660","กลุ่ม":"กลุ่ม_51"},"geometry":{"type":"MultiPolygon","coordinates":[[[[928939.029000000096858,1604175.070599999278784],[928934.477900000289083,1604177.94789999909699],[928924.507799999788404,1604181.839800000190735],[928918.012199999764562,1604182.650800000876188],[928911.831500000320375,1604186.054199999198318],[928902.587899999693036,1604189.589099999517202],[928881.432799999602139,1604194.764799999073148],[928885.501899999566376,1604204.931900000199676],[928904.751400000415742,1604253.262399999424815],[928924.553999999538064,1604299.848600000143051],[928951.779900000430644,1604357.192800000309944],[928967.988099999725819,1604385.146099999547005],[929021.935100000351667,1604356.618699999526143],[929008.189500000327826,1604329.552899999544024],[928995.373700000345707,1604302.819299999624491],[928982.378299999982119,1604271.930500000715256],[928964.629499999806285,1604232.355799999088049],[928944.294099999591708,1604186.653899999335408],[928939.029000000096858,1604175.070599999278784]]]]}},
{"type":"Feature","properties":{"รหัสกลุ่มคิว":"51/001","รหัสรับเหมา":"763957","ชื่อ-สกุล รับเหมา":"นาย เดชาวุธ แสงดาว","นักเกษตร":"5101","ศูนย์":"K2-51","โควตา":"751021","ชาวไร่":"นาง มะลิวัลย์ สีลา","ประเภทอ้อย":"ตอ4","พื้นที่":18.14,"ตันรวม":126.98,"รหัสแปลง":"310706061662","กลุ่ม":"กลุ่ม_51"},"geometry":{"type":"MultiPolygon","coordinates":[[[[928260.025200000032783,1608196.062599999830127],[928055.386099999770522,1608486.671499999240041],[928026.639299999922514,1608530.496200000867248],[928029.408900000154972,1608533.833799999207258],[928033.843299999833107,1608536.337899999693036],[928038.878399999812245,1608538.763599999248981],[928045.696899999864399,1608541.308000000193715],[928052.442400000058115,1608544.133899999782443],[928059.299999999813735,1608546.348600000143051],[928065.022199999541044,1608547.96030000038445],[928067.8277000002563,1608548.548000000417233],[928081.046500000171363,1608550.414300000295043],[928084.204699999652803,1608535.818099999800324],[928075.00069999974221,1608533.633600000292063],[928091.849200000055134,1608506.277499999850988],[928142.75870000012219,1608505.305099999532104],[928318.112499999813735,1608238.723099999129772],[928261.129900000058115,1608196.009700000286102],[928260.025200000032783,1608196.062599999830127]]]]}},
{"type":"Feature","properties":{"รหัสกลุ่มคิว":"51/001","รหัสรับเหมา":"763957","ชื่อ-สกุล รับเหมา":"นาย เดชาวุธ แสงดาว","นักเกษตร":"5101","ศูนย์":"K2-51","โควตา":"751209","ชาวไร่":"นาย อุระ บำรุงรส","ประเภทอ้อย":"ปลายฝน","พื้นที่":5.85,"ตันรวม":76.05,"รหัสแปลง":"310706091696","กลุ่ม":"กลุ่ม_51"},"geometry":{"type":"MultiPolygon","coordinates":[[[[927715.707700000144541,1605235.8947],[927695.962100000120699,1605090.751499999314547],[927682.979700000025332,1605098.8103],[927690.112099999561906,1605125.733799999579787],[927661.231499999761581,1605135.524700000882149],[927662.088999999687076,1605145.690500000491738],[927656.359000000171363,1605144.412599999457598],[927647.951100000180304,1605104.89919999986887],[927628.459300000220537,1605094.5899],[927614.072700000368059,1605195.224500000476837],[927613.974700000137091,1605210.653200000524521],[927656.611499999649823,1605211.513399999588728],[927661.242499999701977,1605226.07630000077188],[927715.707700000144541,1605235.8947]]]]}},
{"type":"Feature","properties":{"รหัสกลุ่มคิว":"51/001","รหัสรับเหมา":"763957","ชื่อ-สกุล รับเหมา":"นาย เดชาวุธ แสงดาว","นักเกษตร":"5101","ศูนย์":"K2-51","โควตา":"751209","ชาวไร่":"นาย อุระ บำรุงรส","ประเภทอ้อย":"ปลายฝน","พื้นที่":3.21,"ตันรวม":41.73,"รหัสแปลง":"310706091698","กลุ่ม":"กลุ่ม_51"},"geometry":{"type":"MultiPolygon","coordinates":[[[[927697.509100000374019,1605072.489800000563264],[927697.4057,1605072.720799999311566],[927707.652700000442564,1605067.048100000247359],[927698.349000000394881,1605048.104800000786781],[927750.352699999697506,1605021.4298],[927747.088600000366569,1605013.941800000146031],[927738.965599999763072,1604981.044199999421835],[927751.062800000421703,1604977.998999999836087],[927745.403900000266731,1604942.164100000634789],[927747.432000000029802,1604933.224600000306964],[927729.234699999913573,1604935.159600000828505],[927730.97759999986738,1604958.2379],[927720.0159,1604974.789799999445677],[927703.603799999691546,1604980.7303],[927689.414099999703467,1604992.319199999794364],[927679.231399999931455,1605002.384500000625849],[927659.332999999634922,1605024.866900000721216],[927658.41579999960959,1605036.834499999880791],[927683.295400000177324,1605032.2116],[927686.92989999987185,1605039.646099999547005],[927697.509100000374019,1605072.489800000563264]]]]}},
{"type":"Feature","properties":{"รหัสกลุ่มคิว":"51/001","รหัสรับเหมา":"763957","ชื่อ-สกุล รับเหมา":"นาย เดชาวุธ แสงดาว","นักเกษตร":"5101","ศูนย์":"K2-51","โควตา":"764964","ชาวไร่":"นาง บังอร บุญปัญญา","ประเภทอ้อย":"ตอ1","พื้นที่":2.4,"ตันรวม":21.6,"รหัสแปลง":"310706151664","กลุ่ม":"กลุ่ม_51"},"geometry":{"type":"MultiPolygon","coordinates":[[[[929231.818300000391901,1603851.99129999987781],[929162.499099999666214,1603872.774700000882149],[929173.103000000119209,1603915.273800000548363],[929249.811499999836087,1603904.4123],[929245.247100000269711,1603866.637700000777841],[929234.447599999606609,1603866.449899999424815],[929231.818300000391901,1603851.99129999987781]]]]}},
{"type":"Feature","properties":{"รหัสกลุ่มคิว":"51/001","รหัสรับเหมา":"763957","ชื่อ-สกุล รับเหมา":"นาย เดชาวุธ แสงดาว","นักเกษตร":"5101","ศูนย์":"K2-51","โควตา":"751127","ชาวไร่":"นาย รวม ทรงประโคน","ประเภทอ้อย":"ตอ1","พื้นที่":10.22,"ตันรวม":91.98,"รหัสแปลง":"310706091703","กลุ่ม":"กลุ่ม_51"},"geometry":{"type":"MultiPolygon","coordinates":[[[[928768.393600000068545,1606129.478900000452995],[928694.966799999587238,1606034.887700000777841],[928649.066899999976158,1606055.154200000688434],[928616.963899999856949,1606068.823899999260902],[928607.171400000341237,1606072.903599999845028],[928448.900799999944866,1606146.835100000724196],[928450.090099999681115,1606161.2686],[928589.499099999666214,1606147.0625],[928584.298999999649823,1606135.515699999406934],[928584.462899999693036,1606126.094799999147654],[928585.108799999579787,1606120.008300000801682],[928594.724600000306964,1606115.740800000727177],[928604.671299999579787,1606113.142100000753999],[928611.394600000232458,1606109.563400000333786],[928619.538499999791384,1606107.118100000545382],[928637.844600000418723,1606141.436000000685453],[928758.395399999804795,1606124.685399999842048],[928768.393600000068545,1606129.478900000452995]]]]}},
{"type":"Feature","properties":{"รหัสกลุ่มคิว":"51/001","รหัสรับเหมา":"763957","ชื่อ-สกุล รับเหมา":"นาย เดชาวุธ แสงดาว","นักเกษตร":"5101","ศูนย์":"K2-51","โควตา":"751043","ชาวไร่":"นาย ดาว ทรงประโคน","ประเภทอ้อย":"ปลายฝน","พื้นที่":12.18,"ตันรวม":158.34,"รหัสแปลง":"310706181634","กลุ่ม":"กลุ่ม_51"},"geometry":{"type":"MultiPolygon","coordinates":[[[[928060.054399999789894,1604206.556199999526143],[928090.968399999663234,1604230.374600000679493],[928064.566899999976158,1604268.165699999779463],[928082.280299999751151,1604284.918199999257922],[928231.637699999846518,1604081.851299999281764],[928259.292299999855459,1604023.756400000303984],[928202.7966,1603990.439799999818206],[928202.250300000421703,1603990.799900000914931],[928060.054399999789894,1604206.556199999526143]]]]}},
{"type":"Feature","properties":{"รหัสกลุ่มคิว":"51/001","รหัสรับเหมา":"763957","ชื่อ-สกุล รับเหมา":"นาย เดชาวุธ แสงดาว","นักเกษตร":"5101","ศูนย์":"K2-51","โควตา":"767393","ชาวไร่":"นาย ปัณณวิชญ์ นามมุลตรีปัดตา","ประเภทอ้อย":"ตอ3","พื้นที่":13.65,"ตันรวม":95.55,"รหัสแปลง":"310706151671","กลุ่ม":"กลุ่ม_51"},"geometry":{"type":"MultiPolygon","coordinates":[[[[928203.673200000077486,1606417.893699999898672],[927887.963200000114739,1606352.540999999269843],[927869.109600000083447,1606401.5494],[927948.891800000332296,1606430.623700000345707],[928049.698300000280142,1606460.786299999803305],[928161.355700000189245,1606491.069900000467896],[928169.245500000193715,1606492.869999999180436],[928182.237700000405312,1606439.325099999085069],[928196.047399999573827,1606442.33669999986887],[928203.673200000077486,1606417.893699999898672]]]]}},
{"type":"Feature","properties":{"รหัสกลุ่มคิว":"51/001","รหัสรับเหมา":"763957","ชื่อ-สกุล รับเหมา":"นาย เดชาวุธ แสงดาว","นักเกษตร":"5101","ศูนย์":"K2-51","โควตา":"751011","ชาวไร่":"นาย วิทยา โสกศรี","ประเภทอ้อย":"ปลายฝน","พื้นที่":2.82,"ตันรวม":36.66,"รหัสแปลง":"310706091710","กลุ่ม":"กลุ่ม_51"},"geometry":{"type":"MultiPolygon","coordinates":[[[[928001.306400000117719,1604178.559499999508262],[928021.974000000394881,1604201.460999999195337],[928061.022099999710917,1604150.769899999722838],[928082.615899999625981,1604120.286599999293685],[928117.286799999885261,1604072.84569999948144],[928092.103900000452995,1604061.137299999594688],[928001.306400000117719,1604178.559499999508262]]]]}},
{"type":"Feature","properties":{"รหัสกลุ่มคิว":"51/001","รหัสรับเหมา":"763957","ชื่อ-สกุล รับเหมา":"นาย เดชาวุธ แสงดาว","นักเกษตร":"5101","ศูนย์":"K2-51","โควตา":"767393","ชาวไร่":"นาย ปัณณวิชญ์ นามมุลตรีปัดตา","ประเภทอ้อย":"ตอ3","พื้นที่":8.61,"ตันรวม":60.27,"รหัสแปลง":"310706061673","กลุ่ม":"กลุ่ม_51"},"geometry":{"type":"MultiPolygon","coordinates":[[[[926248.939600000157952,1607439.436200000345707],[926347.297100000083447,1607435.411000000312924],[926338.431499999947846,1607250.851800000295043],[926319.959300000220537,1607246.836500000208616],[926297.918899999931455,1607303.36570000089705],[926273.45380000025034,1607302.387900000438094],[926264.353400000371039,1607308.143200000748038],[926260.369599999859929,1607319.899800000712276],[926256.081100000068545,1607338.8574],[926254.160899999551475,1607356.193099999800324],[926252.153400000184774,1607368.168700000271201],[926248.939600000157952,1607439.436200000345707]]]]}},
{"type":"Feature","properties":{"รหัสกลุ่มคิว":"51/001","รหัสรับเหมา":"763957","ชื่อ-สกุล รับเหมา":"นาย เดชาวุธ แสงดาว","นักเกษตร":"5101","ศูนย์":"K2-51","โควตา":"751184","ชาวไร่":"นาย ธวัชชัย ไชยแสง","ประเภทอ้อย":"ปลายฝน","พื้นที่":3.63,"ตันรวม":47.19,"รหัสแปลง":"310706151673","กลุ่ม":"กลุ่ม_51"},"geometry":{"type":"MultiPolygon","coordinates":[[[[927847.015100000426173,1605239.42090000025928],[927837.105200000107288,1605239.619300000369549],[927834.607800000347197,1605228.656700000166893],[927787.581799999810755,1605229.371899999678135],[927773.348399999551475,1605235.387800000607967],[927771.574900000356138,1605254.119100000709295],[927769.655899999663234,1605264.2412],[927765.998999999836087,1605275.039300000295043],[927751.340499999932945,1605305.121500000357628],[927846.896300000138581,1605301.302500000223517],[927847.015100000426173,1605239.42090000025928]]]]}},
{"type":"Feature","properties":{"รหัสกลุ่มคิว":"51/001","รหัสรับเหมา":"763957","ชื่อ-สกุล รับเหมา":"นาย เดชาวุธ แสงดาว","นักเกษตร":"5101","ศูนย์":"K2-51","โควตา":"751021","ชาวไร่":"นาง มะลิวัลย์ สีลา","ประเภทอ้อย":"ตอ2","พื้นที่":7.03,"ตันรวม":56.24,"รหัสแปลง":"310706091716","กลุ่ม":"กลุ่ม_51"},"geometry":{"type":"MultiPolygon","coordinates":[[[[928350.855999999679625,1608254.203199999406934],[928340.350999999791384,1608247.552999999374151],[928325.250599999912083,1608236.018699999898672],[928320.976599999703467,1608233.3574],[928137.669499999843538,1608505.488900000229478],[928142.277700000442564,1608509.634199999272823],[928166.934799999929965,1608520.226099999621511],[928350.855999999679625,1608254.203199999406934]]]]}},
{"type":"Feature","properties":{"รหัสกลุ่มคิว":"51/001","รหัสรับเหมา":"763957","ชื่อ-สกุล รับเหมา":"นาย เดชาวุธ แสงดาว","นักเกษตร":"5101","ศูนย์":"K2-51","โควตา":"763957","ชาวไร่":"นาย เดชาวุธ แสงดาว","ประเภทอ้อย":"ตอ2","พื้นที่":41.34,"ตันรวม":330.72,"รหัสแปลง":"310706091717","กลุ่ม":"กลุ่ม_51"},"geometry":{"type":"MultiPolygon","coordinates":[[[[927890.033999999985099,1605766.645099999383092],[927889.07079999987036,1605791.019099999219179],[927847.010999999940395,1605787.14780000038445],[927840.421000000089407,1605824.543400000780821],[927849.220599999651313,1605825.8048],[928309.039499999955297,1605865.9419],[928300.944899999536574,1605772.302999999374151],[928261.597500000149012,1605767.739],[928268.2045,1605739.767400000244379],[928259.80489999987185,1605674.024900000542402],[928267.090699999593198,1605669.162499999627471],[928276.287899999879301,1605637.170700000599027],[928286.813000000081956,1605622.0168999992311],[928286.121700000017881,1605609.994200000539422],[928048.498599999584258,1605650.398900000378489],[928049.967600000090897,1605752.4222],[928061.845999999903142,1605752.628399999812245],[928105.73450000025332,1605754.86879999935627],[928194.736100000329316,1605761.403699999675155],[928255.712799999862909,1605764.495500000193715],[928249.558299999684095,1605766.42119999974966],[928222.044400000013411,1605764.649700000882149],[928160.726999999955297,1605760.443399999290705],[928121.347500000149012,1605757.72690000012517],[928071.70299999974668,1605755.2017],[928027.428899999707937,1605754.432900000363588],[927978.456199999898672,1605754.691299999132752],[927900.610399999655783,1605758.883199999108911],[927890.033999999985099,1605766.645099999383092]]]]}},
{"type":"Feature","properties":{"รหัสกลุ่มคิว":"51/001","รหัสรับเหมา":"763957","ชื่อ-สกุล รับเหมา":"นาย เดชาวุธ แสงดาว","นักเกษตร":"5101","ศูนย์":"K2-51","โควตา":"751056","ชาวไร่":"นาย วิรุฬ ศรีสัน","ประเภทอ้อย":"ตอ2","พื้นที่":2.43,"ตันรวม":19.44,"รหัสแปลง":"310706091719","กลุ่ม":"กลุ่ม_51"},"geometry":{"type":"MultiPolygon","coordinates":[[[[927508.341699999757111,1608319.747300000861287],[927509.631000000052154,1608349.149299999698997],[927512.179800000041723,1608368.225700000301003],[927513.263199999928474,1608388.754899999126792],[927521.394999999552965,1608459.481300000101328],[927543.057000000029802,1608455.977399999275804],[927539.933100000023842,1608438.923499999567866],[927537.741100000217557,1608420.038100000470877],[927537.200799999758601,1608399.333599999547005],[927533.289200000464916,1608365.451199999079108],[927532.530299999751151,1608346.96030000038445],[927531.266900000162423,1608326.427999999374151],[927530.768500000238419,1608313.669600000604987],[927531.050699999555945,1608287.066500000655651],[927531.46169999986887,1608273.769600000232458],[927527.647099999710917,1608265.388399999588728],[927512.865500000305474,1608287.30489999987185],[927509.9704,1608298.526100000366569],[927515.176500000059605,1608309.703199999406934],[927514.447100000455976,1608310.244899999350309],[927508.341699999757111,1608319.747300000861287]]]]}},
{"type":"Feature","properties":{"รหัสกลุ่มคิว":"51/001","รหัสรับเหมา":"763957","ชื่อ-สกุล รับเหมา":"นาย เดชาวุธ แสงดาว","นักเกษตร":"5101","ศูนย์":"K2-51","โควตา":"751065","ชาวไร่":"นาย รามินทร์ แวงวรรณ","ประเภทอ้อย":"ตอ2","พื้นที่":18.33,"ตันรวม":146.64,"รหัสแปลง":"310706091720","กลุ่ม":"กลุ่ม_51"},"geometry":{"type":"MultiPolygon","coordinates":[[[[928097.109299999661744,1604270.762800000607967],[928123.880199999548495,1604294.6941],[928117.410799999721348,1604304.375199999660254],[928107.354500000365078,1604313.254799999296665],[928102.2347999997437,1604317.785399999469519],[928106.04700000025332,1604326.351399999111891],[928120.562300000339746,1604340.64640000090003],[928125.749400000087917,1604332.236600000411272],[928144.158400000073016,1604308.904400000348687],[928156.518799999728799,1604291.74970000050962],[928183.174200000241399,1604249.713199999183416],[928229.479399999603629,1604185.474700000137091],[928266.252399999648333,1604131.048800000920892],[928287.129700000397861,1604100.368300000205636],[928309.68099999986589,1604056.228000000119209],[928331.245299999602139,1604006.71199999935925],[928346.761099999770522,1603963.373500000685453],[928370.474600000306964,1603883.406300000846386],[928358.350599999539554,1603876.543800000101328],[928342.18680000025779,1603874.230699999257922],[928329.227500000037253,1603874.005799999460578],[928304.671400000341237,1603867.6667],[928301.846499999985099,1603874.824100000783801],[928299.349600000306964,1603883.834899999201298],[928297.939000000245869,1603892.494999999180436],[928296.489900000393391,1603903.371799999848008],[928293.138399999588728,1603920.128499999642372],[928290.397300000302494,1603932.830700000748038],[928288.363400000147521,1603946.284299999475479],[928285.435999999754131,1603959.352700000628829],[928280.316599999554455,1603974.231000000610948],[928275.014000000432134,1603989.29079999960959],[928263.399500000290573,1604015.3278],[928258.18030000012368,1604025.584899999201298],[928251.669099999591708,1604037.667300000786781],[928247.53940000012517,1604047.388900000602007],[928243.785799999721348,1604056.193099999800324],[928233.925800000317395,1604074.499900000169873],[928229.436200000345707,1604084.215199999511242],[928097.109299999661744,1604270.762800000607967]]]]}},
{"type":"Feature","properties":{"รหัสกลุ่มคิว":"51/001","รหัสรับเหมา":"763957","ชื่อ-สกุล รับเหมา":"นาย เดชาวุธ แสงดาว","นักเกษตร":"5101","ศูนย์":"K2-51","โควตา":"751209","ชาวไร่":"นาย อุระ บำรุงรส","ประเภทอ้อย":"ตอ2","พื้นที่":8.42,"ตันรวม":67.36,"รหัสแปลง":"310706091724","กลุ่ม":"กลุ่ม_51"},"geometry":{"type":"MultiPolygon","coordinates":[[[[927853.612700000405312,1604960.565300000831485],[927834.479100000113249,1604942.679500000551343],[927826.565799999982119,1604931.825099999085069],[927818.260499999858439,1604922.811699999496341],[927802.830099999904633,1604919.772399999201298],[927789.25719999987632,1604913.439300000667572],[927779.242300000041723,1604909.570000000298023],[927768.671500000171363,1604906.615000000223517],[927759.232300000265241,1604911.070800000801682],[927758.213899999856949,1604917.88990000076592],[927756.224999999627471,1604928.75730000063777],[927748.283400000073016,1604929.91300000064075],[927746.663599999621511,1604929.8849],[927742.858900000341237,1604941.6447],[927745.565600000321865,1604951.669600000604987],[927748.538800000213087,1604956.710200000554323],[927751.338999999687076,1604971.72580000013113],[927750.056699999608099,1604972.996999999508262],[927745.721699999645352,1604984.193199999630451],[927745.882500000298023,1604985.304700000211596],[927751.775500000454485,1605019.221200000494719],[927747.748599999584258,1605023.031700000166893],[927740.674899999983609,1605026.050200000405312],[927731.785400000400841,1605029.961200000718236],[927726.517900000326335,1605032.6415],[927721.054399999789894,1605036.2423],[927714.340599999763072,1605039.267100000753999],[927703.81209999974817,1605044.258300000801682],[927709.540500000119209,1605066.900499999523163],[927703.514700000174344,1605071.785000000149012],[927700.629200000315905,1605082.451999999582767],[927756.556499999947846,1605054.966299999505281],[927757.4693,1605054.243000000715256],[927777.63289999961853,1605043.875600000843406],[927808.521300000138581,1605027.596599999815226],[927825.5773,1605019.947000000625849],[927879.88190000038594,1604992.618100000545382],[927853.612700000405312,1604960.565300000831485]]]]}},
{"type":"Feature","properties":{"รหัสกลุ่มคิว":"51/001","รหัสรับเหมา":"763957","ชื่อ-สกุล รับเหมา":"นาย เดชาวุธ แสงดาว","นักเกษตร":"5101","ศูนย์":"K2-51","โควตา":"751055","ชาวไร่":"นาง อุไรวรรณ วอลเบิร์ก","ประเภทอ้อย":"ตอ2","พื้นที่":14.27,"ตันรวม":114.16,"รหัสแปลง":"310706091728","กลุ่ม":"กลุ่ม_51"},"geometry":{"type":"MultiPolygon","coordinates":[[[[929932.237999999895692,1605575.081299999728799],[929935.183699999935925,1605612.643500000238419],[929937.259300000034273,1605627.831900000572205],[929939.977500000037253,1605647.466199999675155],[929943.678899999707937,1605672.6612],[929949.35080000013113,1605688.097100000828505],[930081.782300000078976,1605661.396199999377131],[930100.75760000012815,1605657.292500000447035],[930115.576799999922514,1605664.388000000268221],[930132.501899999566376,1605653.965900000184774],[930141.496500000357628,1605613.100999999791384],[930141.789800000376999,1605596.290899999439716],[930141.054800000041723,1605576.506300000473857],[930135.997999999672174,1605536.13539999909699],[930115.865299999713898,1605544.653699999675155],[929932.237999999895692,1605575.081299999728799]]]]}},
{"type":"Feature","properties":{"รหัสกลุ่มคิว":"51/001","รหัสรับเหมา":"763957","ชื่อ-สกุล รับเหมา":"นาย เดชาวุธ แสงดาว","นักเกษตร":"5101","ศูนย์":"K2-51","โควตา":"751076","ชาวไร่":"นาย ธรรมนูญ กาหลง","ประเภทอ้อย":"ตอ2","พื้นที่":18.02,"ตันรวม":144.16,"รหัสแปลง":"310706091730","กลุ่ม":"กลุ่ม_51"},"geometry":{"type":"MultiPolygon","coordinates":[[[[926235.622499999590218,1607896.70890000090003],[926234.693900000303984,1607898.355799999088049],[926270.923700000159442,1607906.004599999636412],[926273.287899999879301,1607894.219900000840425],[926278.605800000019372,1607888.584000000730157],[926394.099000000394881,1607924.028599999845028],[926396.433699999935925,1607903.559000000357628],[926399.553000000305474,1607889.754799999296665],[926400.348799999803305,1607874.986600000411272],[926405.509300000034273,1607826.480000000447035],[926407.344200000166893,1607782.904799999669194],[926408.487099999561906,1607768.881699999794364],[926410.285899999551475,1607758.565400000661612],[926410.253100000321865,1607750.065099999308586],[926390.165000000037253,1607745.836899999529123],[926352.328099999576807,1607737.4211],[926338.522499999962747,1607734.225600000470877],[926317.152300000190735,1607731.2686],[926298.523000000044703,1607725.957100000232458],[926284.894100000150502,1607722.949500000104308],[926273.598299999721348,1607720.351800000295043],[926262.103400000371039,1607718.859400000423193],[926246.671799999661744,1607716.005300000309944],[926244.687599999830127,1607737.035399999469519],[926242.520200000144541,1607758.246999999508262],[926238.194199999794364,1607789.7686],[926236.088399999774992,1607817.818],[926234.918499999679625,1607854.198400000110269],[926234.884100000374019,1607866.5778],[926234.757000000216067,1607884.313999999314547],[926235.622499999590218,1607896.70890000090003]]]]}},
{"type":"Feature","properties":{"รหัสกลุ่มคิว":"51/001","รหัสรับเหมา":"763957","ชื่อ-สกุล รับเหมา":"นาย เดชาวุธ แสงดาว","นักเกษตร":"5101","ศูนย์":"K2-51","โควตา":"767393","ชาวไร่":"นาย ปัณณวิชญ์ นามมุลตรีปัดตา","ประเภทอ้อย":"ตอ2","พื้นที่":16.43,"ตันรวม":131.44,"รหัสแปลง":"310720070007","กลุ่ม":"กลุ่ม_51"},"geometry":{"type":"MultiPolygon","coordinates":[[[[927476.922600000165403,1612929.602800000458956],[927547.512299999594688,1612958.364700000733137],[927592.89130000025034,1612863.994400000199676],[927507.448400000110269,1612820.00650000013411],[927500.624200000427663,1612819.148499999195337],[927435.598500000312924,1612801.57039999961853],[927356.538399999961257,1612794.09569999948144],[927336.127600000239909,1612901.650800000876188],[927395.85190000012517,1612913.593000000342727],[927476.922600000165403,1612929.602800000458956]]]]}},
{"type":"Feature","properties":{"รหัสกลุ่มคิว":"51/001","รหัสรับเหมา":"763957","ชื่อ-สกุล รับเหมา":"นาย เดชาวุธ แสงดาว","นักเกษตร":"5101","ศูนย์":"K2-51","โควตา":"767393","ชาวไร่":"นาย ปัณณวิชญ์ นามมุลตรีปัดตา","ประเภทอ้อย":"ตอ2","พื้นที่":12.93,"ตันรวม":103.44,"รหัสแปลง":"310720070008","กลุ่ม":"กลุ่ม_51"},"geometry":{"type":"MultiPolygon","coordinates":[[[[927939.276499999687076,1612186.903200000524521],[927889.368999999947846,1612179.565899999812245],[927865.926799999549985,1612182.113800000399351],[927822.38370000012219,1612191.702500000596046],[927767.003499999642372,1612312.506899999454618],[927745.081799999810755,1612393.0581],[927789.725899999961257,1612402.8903],[927794.19620000012219,1612373.588300000876188],[927834.692200000397861,1612383.902699999511242],[927842.137600000016391,1612359.456800000742078],[927850.395800000056624,1612340.0142],[927856.523299999535084,1612329.219000000506639],[927939.276499999687076,1612186.903200000524521]]]]}},
{"type":"Feature","properties":{"รหัสกลุ่มคิว":"51/001","รหัสรับเหมา":"763957","ชื่อ-สกุล รับเหมา":"นาย เดชาวุธ แสงดาว","นักเกษตร":"5101","ศูนย์":"K2-51","โควตา":"767393","ชาวไร่":"นาย ปัณณวิชญ์ นามมุลตรีปัดตา","ประเภทอ้อย":"ตอ2","พื้นที่":4.85,"ตันรวม":38.8,"รหัสแปลง":"310720070009","กลุ่ม":"กลุ่ม_51"},"geometry":{"type":"MultiPolygon","coordinates":[[[[927499.251600000075996,1612949.578299999237061],[927464.8739,1612939.370899999514222],[927437.086500000208616,1613129.393500000238419],[927443.46999999973923,1613145.210899999365211],[927475.023400000296533,1613152.227900000289083],[927499.251600000075996,1612949.578299999237061]]]]}},
{"type":"Feature","properties":{"รหัสกลุ่มคิว":"51/001","รหัสรับเหมา":"763957","ชื่อ-สกุล รับเหมา":"นาย เดชาวุธ แสงดาว","นักเกษตร":"5101","ศูนย์":"K2-51","โควตา":"767393","ชาวไร่":"นาย ปัณณวิชญ์ นามมุลตรีปัดตา","ประเภทอ้อย":"ตอ2","พื้นที่":20.09,"ตันรวม":160.72,"รหัสแปลง":"310708071610","กลุ่ม":"กลุ่ม_51"},"geometry":{"type":"MultiPolygon","coordinates":[[[[929468.091400000266731,1612059.625099999830127],[929427.737599999643862,1612053.036499999463558],[929409.743599999696016,1612048.42],[929398.256699999794364,1612049.6382],[929391.263000000268221,1612078.3564],[929386.714300000108778,1612091.945900000631809],[929382.871500000357628,1612117.531700000166893],[929385.614400000311434,1612119.262599999085069],[929374.393899999558926,1612159.715600000694394],[929373.807500000111759,1612160.267400000244379],[929373.066499999724329,1612160.650299999862909],[929371.954400000162423,1612161.253900000825524],[929348.40749999973923,1612213.569299999624491],[929326.974999999627471,1612290.349600000306964],[929348.688900000415742,1612297.626599999144673],[929335.6705,1612353.9989],[929333.84389999974519,1612365.017300000414252],[929332.722599999979138,1612371.766200000420213],[929322.32079999987036,1612428.8827],[929318.369099999777973,1612453.780300000682473],[929316.940999999642372,1612493.0131],[929361.401800000108778,1612494.985999999567866],[929364.859899999573827,1612478.737600000575185],[929375.356599999591708,1612433.549000000581145],[929401.100899999961257,1612345.440099999308586],[929419.907200000248849,1612284.29079999960959],[929438.931099999696016,1612224.962500000372529],[929446.534199999645352,1612211.229100000113249],[929454.756599999964237,1612179.567800000309944],[929468.091400000266731,1612059.625099999830127]]]]}},
{"type":"Feature","properties":{"รหัสกลุ่มคิว":"51/001","รหัสรับเหมา":"763957","ชื่อ-สกุล รับเหมา":"นาย เดชาวุธ แสงดาว","นักเกษตร":"5101","ศูนย์":"K2-51","โควตา":"751084","ชาวไร่":"นาย จำนงค์ ชัยสาน","ประเภทอ้อย":"ตอ2","พื้นที่":5.04,"ตันรวม":40.32,"รหัสแปลง":"310706061687","กลุ่ม":"กลุ่ม_51"},"geometry":{"type":"MultiPolygon","coordinates":[[[[926245.283699999563396,1607453.046299999579787],[926015.764899999834597,1607390.685499999672174],[926017.850700000301003,1607426.198300000280142],[926067.665400000289083,1607439.440099999308586],[926096.681499999947846,1607447.887499999254942],[926125.009700000286102,1607454.475299999117851],[926155.092699999921024,1607463.680400000885129],[926171.569099999964237,1607468.584899999201298],[926248.60329999960959,1607490.058800000697374],[926244.552000000141561,1607464.120200000703335],[926245.283699999563396,1607453.046299999579787]]]]}},
{"type":"Feature","properties":{"รหัสกลุ่มคิว":"51/001","รหัสรับเหมา":"763957","ชื่อ-สกุล รับเหมา":"นาย เดชาวุธ แสงดาว","นักเกษตร":"5101","ศูนย์":"K2-51","โควตา":"751078","ชาวไร่":"นาย คมสันต์ เป็นสูงเนิน","ประเภทอ้อย":"ตอ2","พื้นที่":5.57,"ตันรวม":44.56,"รหัสแปลง":"310706061689","กลุ่ม":"กลุ่ม_51"},"geometry":{"type":"MultiPolygon","coordinates":[[[[926597.142,1608121.930800000205636],[926612.087899999693036,1608121.635600000619888],[926637.37459999974817,1608116.715399999171495],[926650.357099999673665,1608115.462200000882149],[926673.098799999803305,1608111.976099999621511],[926687.173799999989569,1608110.002800000831485],[926704.503999999724329,1608107.162100000306964],[926721.111200000159442,1608104.493599999696016],[926743.997700000181794,1608103.042600000277162],[926747.966400000266731,1608102.557099999859929],[926748.563299999572337,1608088.893999999389052],[926745.200600000098348,1608064.814799999818206],[926765.223799999803305,1608062.3903],[926784.350399999879301,1608059.76549999974668],[926801.304800000041723,1608057.842199999839067],[926820.222699999809265,1608056.876800000667572],[926817.689899999648333,1608047.224500000476837],[926807.689199999906123,1608042.616499999538064],[926780.127000000327826,1608043.8015],[926768.950400000438094,1608044.716399999335408],[926755.058500000275671,1608046.508099999278784],[926730.131599999964237,1608051.434399999678135],[926709.732499999925494,1608054.7763],[926678.150399999693036,1608059.402499999850988],[926668.217600000090897,1608061.262900000438094],[926646.192400000058115,1608064.94620000012219],[926626.317200000397861,1608069.221000000834465],[926601.811099999584258,1608070.644099999219179],[926595.150200000032783,1608081.060799999162555],[926594.759600000455976,1608103.596699999645352],[926597.142,1608121.930800000205636]]]]}},
{"type":"Feature","properties":{"รหัสกลุ่มคิว":"51/001","รหัสรับเหมา":"763957","ชื่อ-สกุล รับเหมา":"นาย เดชาวุธ แสงดาว","นักเกษตร":"5101","ศูนย์":"K2-51","โควตา":"751043","ชาวไร่":"นาย ดาว ทรงประโคน","ประเภทอ้อย":"ตอ2","พื้นที่":1.75,"ตันรวม":14.0,"รหัสแปลง":"310706091733","กลุ่ม":"กลุ่ม_51"},"geometry":{"type":"MultiPolygon","coordinates":[[[[928201.359899999573827,1603990.230100000277162],[928258.951500000432134,1604022.641799999400973],[928279.027800000272691,1603975.871600000187755],[928214.873599999584258,1603958.497899999842048],[928201.359899999573827,1603990.230100000277162]]]]}},
{"type":"Feature","properties":{"รหัสกลุ่มคิว":"51/001","รหัสรับเหมา":"763957","ชื่อ-สกุล รับเหมา":"นาย เดชาวุธ แสงดาว","นักเกษตร":"5101","ศูนย์":"K2-51","โควตา":"751079","ชาวไร่":"นาย สมหวัง วังหอม","ประเภทอ้อย":"ตอ2","พื้นที่":17.34,"ตันรวม":138.72,"รหัสแปลง":"310706091734","กลุ่ม":"กลุ่ม_51"},"geometry":{"type":"MultiPolygon","coordinates":[[[[927974.526700000278652,1604061.684900000691414],[927926.248599999584258,1604125.519899999722838],[927943.675999999977648,1604138.0175],[927959.972199999727309,1604153.451899999752641],[927961.386400000192225,1604154.954700000584126],[927977.811300000175834,1604173.347799999639392],[927984.497000000439584,1604182.333100000396371],[927989.202899999916553,1604191.284099999815226],[928091.882299999706447,1604063.535599999129772],[928104.370900000445545,1604038.991900000721216],[928111.238800000399351,1604027.10050000064075],[928115.914800000376999,1604017.018799999728799],[928122.753800000064075,1604006.789799999445677],[928126.481800000183284,1603999.463400000706315],[928133.349700000137091,1603987.571900000795722],[928136.704800000414252,1603980.9781],[928137.446700000204146,1603969.349899999797344],[928141.746100000105798,1603949.837999999523163],[928146.871299999766052,1603924.24269999936223],[928149.776200000196695,1603912.467299999669194],[928134.833899999968708,1603912.392899999395013],[928124.236899999901652,1603910.9156],[928112.688699999824166,1603912.3783],[928104.85950000025332,1603917.416300000622869],[928095.95990000013262,1603921.881300000473857],[928082.316499999724329,1603929.959699999541044],[928074.66399999987334,1603935.185599999502301],[928065.359600000083447,1603942.230499999597669],[928058.600700000301003,1603947.841399999335408],[928054.612099999561906,1603949.435200000181794],[928045.55489999987185,1603952.6042],[928040.618300000205636,1603956.953199999406934],[928034.421799999661744,1603961.2804000005126],[928027.852500000037253,1603966.340299999341369],[928020.932799999602139,1603970.839700000360608],[928011.676500000059605,1603975.113900000229478],[928003.985600000247359,1603982.556399999186397],[927995.25650000013411,1603987.57880000025034],[927985.399299999698997,1603995.35329999960959],[927978.145899999886751,1604008.716299999505281],[927978.42960000038147,1604023.503499999642372],[927974.763100000098348,1604037.6678],[927964.674800000153482,1604048.394799999892712],[927974.526700000278652,1604061.684900000691414]]]]}},
{"type":"Feature","properties":{"รหัสกลุ่มคิว":"51/001","รหัสรับเหมา":"763957","ชื่อ-สกุล รับเหมา":"นาย เดชาวุธ แสงดาว","นักเกษตร":"5101","ศูนย์":"K2-51","โควตา":"751084","ชาวไร่":"นาย จำนงค์ ชัยสาน","ประเภทอ้อย":"ตอ2","พื้นที่":5.09,"ตันรวม":40.72,"รหัสแปลง":"310706061692","กลุ่ม":"กลุ่ม_51"},"geometry":{"type":"MultiPolygon","coordinates":[[[[926250.963200000114739,1607655.288599999621511],[926248.608900000341237,1607708.093499999493361],[926277.82050000037998,1607715.620799999684095],[926300.08420000039041,1607718.9627],[926310.120299999602139,1607721.538599999621511],[926336.841300000436604,1607727.3597999997437],[926351.196399999782443,1607730.01039999909699],[926363.761500000022352,1607732.075799999758601],[926381.699699999764562,1607735.712400000542402],[926402.671699999831617,1607740.879799999296665],[926413.777900000102818,1607744.028599999845028],[926415.830299999564886,1607729.466900000348687],[926416.632500000298023,1607714.329199999570847],[926418.88399999961257,1607698.6623],[926404.001799999736249,1607695.263299999758601],[926381.818099999800324,1607687.303300000727177],[926370.692699999548495,1607685.262900000438094],[926347.018099999986589,1607680.2335],[926331.93030000012368,1607678.309299999848008],[926309.714599999599159,1607672.19649999961257],[926300.391900000162423,1607670.002599999308586],[926285.490600000135601,1607667.71199999935925],[926265.443900000303984,1607661.082599999383092],[926250.963200000114739,1607655.288599999621511]]]]}},
{"type":"Feature","properties":{"รหัสกลุ่มคิว":"51/001","รหัสรับเหมา":"763957","ชื่อ-สกุล รับเหมา":"นาย เดชาวุธ แสงดาว","นักเกษตร":"5101","ศูนย์":"K2-51","โควตา":"751084","ชาวไร่":"นาย จำนงค์ ชัยสาน","ประเภทอ้อย":"ตอ2","พื้นที่":8.75,"ตันรวม":70.0,"รหัสแปลง":"310706091739","กลุ่ม":"กลุ่ม_51"},"geometry":{"type":"MultiPolygon","coordinates":[[[[927589.244300000369549,1608449.943099999800324],[927542.536399999633431,1608454.8597],[927544.47759999986738,1608467.4583],[927547.566200000233948,1608486.544099999591708],[927550.224000000394881,1608499.3399],[927552.644100000150502,1608515.457699999213219],[927556.198699999600649,1608538.8015],[927560.344499999657273,1608559.199100000783801],[927565.255199999548495,1608587.370699999853969],[927571.023900000378489,1608617.959300000220537],[927574.716500000096858,1608633.359999999403954],[927578.592400000430644,1608658.926799999549985],[927583.104500000365078,1608678.961200000718236],[927586.479000000283122,1608702.301899999380112],[927593.864000000059605,1608733.103399999439716],[927602.752500000409782,1608739.540400000289083],[927613.951399999670684,1608737.332900000736117],[927625.5455,1608733.099700000137091],[927638.045699999667704,1608728.512800000607967],[927640.240299999713898,1608716.170800000429153],[927589.244300000369549,1608449.943099999800324]]]]}},
{"type":"Feature","properties":{"รหัสกลุ่มคิว":"51/001","รหัสรับเหมา":"763957","ชื่อ-สกุล รับเหมา":"นาย เดชาวุธ แสงดาว","นักเกษตร":"5101","ศูนย์":"K2-51","โควตา":"751038","ชาวไร่":"นาง สมพงษ์ ดวงเดือน","ประเภทอ้อย":"ตอ2","พื้นที่":3.65,"ตันรวม":29.2,"รหัสแปลง":"310706091740","กลุ่ม":"กลุ่ม_51"},"geometry":{"type":"MultiPolygon","coordinates":[[[[928216.418499999679625,1606088.469499999657273],[928217.356399999931455,1606065.573200000450015],[928102.671299999579787,1606065.982899999246001],[927948.388899999670684,1606065.8904],[927943.748499999754131,1606073.939999999478459],[927941.197100000455976,1606086.091099999845028],[928216.418499999679625,1606088.469499999657273]]]]}},
{"type":"Feature","properties":{"รหัสกลุ่มคิว":"51/001","รหัสรับเหมา":"763957","ชื่อ-สกุล รับเหมา":"นาย เดชาวุธ แสงดาว","นักเกษตร":"5101","ศูนย์":"K2-51","โควตา":"751038","ชาวไร่":"นาง สมพงษ์ ดวงเดือน","ประเภทอ้อย":"ตอ2","พื้นที่":5.17,"ตันรวม":41.36,"รหัสแปลง":"310706091741","กลุ่ม":"กลุ่ม_51"},"geometry":{"type":"MultiPolygon","coordinates":[[[[928281.736700000241399,1606111.038799999281764],[928269.482400000095367,1606111.749800000339746],[928249.328499999828637,1606111.214800000190735],[928203.621600000187755,1606110.051000000908971],[928163.484299999661744,1606109.538499999791384],[928140.090900000184774,1606108.947300000116229],[928107.351800000295043,1606107.454700000584126],[928078.192800000309944,1606107.13289999961853],[928049.393899999558926,1606106.817500000819564],[928007.26410000026226,1606107.009700000286102],[927981.171099999919534,1606106.371799999848008],[927940.458700000308454,1606107.882099999114871],[927936.085500000044703,1606131.6426],[928000.004800000227988,1606131.089600000530481],[928039.952499999664724,1606132.153000000864267],[928066.21889999974519,1606133.163499999791384],[928114.114299999549985,1606132.701999999582767],[928167.765599999576807,1606132.525399999693036],[928190.979000000283122,1606133.113500000908971],[928208.613199999555945,1606133.604699999094009],[928226.97690000012517,1606133.554199999198318],[928245.687800000421703,1606134.2489],[928279.70920000039041,1606134.470499999821186],[928281.736700000241399,1606111.038799999281764]]]]}},
{"type":"Feature","properties":{"รหัสกลุ่มคิว":"51/001","รหัสรับเหมา":"763957","ชื่อ-สกุล รับเหมา":"นาย เดชาวุธ แสงดาว","นักเกษตร":"5101","ศูนย์":"K2-51","โควตา":"767548","ชาวไร่":"นาย จิรวัฒน์ บุญปัญญา","ประเภทอ้อย":"ตอ2","พื้นที่":20.73,"ตันรวม":165.84,"รหัสแปลง":"310706061694","กลุ่ม":"กลุ่ม_51"},"geometry":{"type":"MultiPolygon","coordinates":[[[[925803.694099999964237,1607787.053600000217557],[925962.799200000241399,1607830.086899999529123],[925983.777400000020862,1607834.884500000625849],[925994.025399999693036,1607835.6162],[926009.135400000028312,1607836.247199999168515],[926024.778800000436604,1607837.256999999284744],[926043.491200000047684,1607837.765599999576807],[926060.391099999658763,1607838.98200000077486],[926077.139899999834597,1607838.532800000160933],[926097.327100000344217,1607837.034499999135733],[926113.911899999715388,1607835.658600000664592],[926131.396599999628961,1607834.2982],[926148.341300000436604,1607832.928600000217557],[926179.981800000183284,1607835.324100000783801],[926238.131299999542534,1607845.384800000116229],[926238.986899999901652,1607816.759500000625849],[926239.911399999633431,1607804.949899999424815],[926244.833399999886751,1607790.992200000211596],[925961.775299999862909,1607774.821599999442697],[925951.707299999892712,1607774.093100000172853],[925950.294200000353158,1607782.93779999949038],[925915.989500000141561,1607778.463999999687076],[925897.353799999691546,1607773.522199999541044],[925885.335099999792874,1607771.096999999135733],[925865.610100000165403,1607766.6908],[925857.730299999937415,1607764.337200000882149],[925850.364799999631941,1607763.470599999651313],[925853.557300000451505,1607745.417999999597669],[925854.804299999959767,1607714.9518],[925856.011900000274181,1607707.581700000911951],[925856.917100000195205,1607696.8805],[925866.164300000295043,1607651.401100000366569],[925869.391900000162423,1607631.316600000485778],[925878.772199999541044,1607598.958499999716878],[925885.400999999605119,1607559.16190000064671],[925891.510099999606609,1607528.595100000500679],[925894.911299999803305,1607508.882999999448657],[925900.64130000025034,1607479.418199999257922],[925899.197399999946356,1607469.230699999257922],[925902.463399999774992,1607446.929500000551343],[925898.323300000280142,1607436.510500000789762],[925883.399400000460446,1607435.513299999758601],[925877.947300000116229,1607448.907500000670552],[925858.280500000342727,1607513.97749999910593],[925850.587000000290573,1607542.484400000423193],[925841.399500000290573,1607574.106699999421835],[925837.037800000049174,1607597.31279999949038],[925830.164200000464916,1607630.453299999237061],[925825.0636,1607654.755300000309944],[925819.956600000150502,1607679.426699999719858],[925813.103199999779463,1607721.806199999526143],[925811.826399999670684,1607743.587500000372529],[925811.824199999682605,1607754.119599999859929],[925803.694099999964237,1607787.053600000217557]]]]}},
{"type":"Feature","properties":{"รหัสกลุ่มคิว":"51/001","รหัสรับเหมา":"763957","ชื่อ-สกุล รับเหมา":"นาย เดชาวุธ แสงดาว","นักเกษตร":"5101","ศูนย์":"K2-51","โควตา":"767393","ชาวไร่":"นาย ปัณณวิชญ์ นามมุลตรีปัดตา","ประเภทอ้อย":"ตอ2","พื้นที่":9.39,"ตันรวม":75.12,"รหัสแปลง":"310720070010","กลุ่ม":"กลุ่ม_51"},"geometry":{"type":"MultiPolygon","coordinates":[[[[927919.176099999807775,1612864.878200000151992],[927951.693500000052154,1612878.5647],[927958.248499999754131,1612863.89670000039041],[927965.276200000196695,1612842.769600000232458],[927976.741799999959767,1612804.535399999469519],[927981.793600000441074,1612783.189099999144673],[927982.122200000099838,1612764.347300000488758],[927983.722699999809265,1612755.136199999600649],[927986.310300000011921,1612730.605599999427795],[927986.618900000117719,1612589.06980000063777],[927998.92339999973774,1612544.013399999588728],[927956.246399999596179,1612524.6064],[927941.895100000314415,1612573.507500000298023],[927937.884600000455976,1612803.488099999725819],[927919.176099999807775,1612864.878200000151992]]]]}},
{"type":"Feature","properties":{"รหัสกลุ่มคิว":"51/001","รหัสรับเหมา":"763957","ชื่อ-สกุล รับเหมา":"นาย เดชาวุธ แสงดาว","นักเกษตร":"5101","ศูนย์":"K2-51","โควตา":"751090","ชาวไร่":"นาย ทิตาวีร์ นามมุลตรีปัดตา","ประเภทอ้อย":"ตอ2","พื้นที่":7.31,"ตันรวม":58.48,"รหัสแปลง":"310706061696","กลุ่ม":"กลุ่ม_51"},"geometry":{"type":"MultiPolygon","coordinates":[[[[928492.504499999806285,1606962.471300000324845],[928467.010300000198185,1607072.341199999675155],[928461.547100000083447,1607106.9847999997437],[928461.49239999987185,1607120.472699999809265],[928450.167399999685585,1607160.927200000733137],[928438.6239,1607244.98589999973774],[928474.160699999891222,1607240.799900000914931],[928519.599299999885261,1607060.691099999472499],[928519.9046,1607053.490000000223517],[928520.849499999545515,1607030.224199999123812],[928522.286000000312924,1606968.347999999299645],[928492.504499999806285,1606962.471300000324845]]]]}},
{"type":"Feature","properties":{"รหัสกลุ่มคิว":"51/001","รหัสรับเหมา":"763957","ชื่อ-สกุล รับเหมา":"นาย เดชาวุธ แสงดาว","นักเกษตร":"5101","ศูนย์":"K2-51","โควตา":"767393","ชาวไร่":"นาย ปัณณวิชญ์ นามมุลตรีปัดตา","ประเภทอ้อย":"ตอ2","พื้นที่":29.0,"ตันรวม":232.0,"รหัสแปลง":"310720070011","กลุ่ม":"กลุ่ม_51"},"geometry":{"type":"MultiPolygon","coordinates":[[[[928047.522499999962747,1612906.464500000700355],[928117.410099999979138,1612932.639599999412894],[928123.535699999891222,1612901.33390000090003],[928132.598600000143051,1612856.4057],[928135.639700000174344,1612826.524399999529123],[928138.038399999961257,1612792.197200000286102],[928138.744800000451505,1612741.394999999552965],[928144.47719999961555,1612732.625600000843406],[928141.484600000083447,1612697.834699999541044],[928139.372800000011921,1612653.8202],[928147.601599999703467,1612646.387800000607967],[928147.920099999755621,1612638.447799999266863],[928148.392699999734759,1612631.988800000399351],[928148.370699999853969,1612622.9342],[928172.420199999585748,1612492.714299999177456],[928071.606100000441074,1612566.345899999141693],[928060.935700000263751,1612569.301100000739098],[928060.39919999986887,1612569.106899999082088],[928052.251400000415742,1612561.573599999770522],[928043.348600000143051,1612556.059699999168515],[928032.574599999934435,1612575.273700000718236],[928031.603099999949336,1612600.017200000584126],[928024.393899999558926,1612652.184100000187755],[928024.405299999751151,1612682.488199999555945],[928023.006799999624491,1612700.756999999284744],[928020.611999999731779,1612724.551799999549985],[928017.728900000452995,1612745.381699999794364],[928012.265700000338256,1612769.677300000563264],[928011.342000000178814,1612801.997600000351667],[928009.908599999733269,1612811.9507],[928005.85950000025332,1612827.401599999517202],[927997.167299999855459,1612846.000700000673532],[928013.435200000181794,1612836.772700000554323],[928014.527099999599159,1612846.400299999862909],[928028.535400000400841,1612848.122899999842048],[928037.555200000293553,1612826.291500000283122],[928063.782200000248849,1612829.151100000366569],[928063.0614,1612849.83390000090003],[928035.048100000247359,1612846.2039],[928033.627500000409782,1612855.418099999427795],[928043.288599999621511,1612858.727900000289083],[928043.262299999594688,1612870.553400000557303],[928049.183699999935925,1612871.580600000917912],[928054.064699999988079,1612860.024599999189377],[928063.754800000227988,1612861.671900000423193],[928061.964700000360608,1612871.434000000357628],[928056.300099999643862,1612876.324200000613928],[928052.476300000213087,1612889.45409999974072],[928048.869099999777973,1612901.840700000524521],[928044.237599999643862,1612897.1787],[928045.56209999974817,1612883.158500000834465],[928026.413399999961257,1612876.911499999463558],[928013.36809999961406,1612892.20549999922514],[928047.522499999962747,1612906.464500000700355]]]]}},
{"type":"Feature","properties":{"รหัสกลุ่มคิว":"51/001","รหัสรับเหมา":"763957","ชื่อ-สกุล รับเหมา":"นาย เดชาวุธ แสงดาว","นักเกษตร":"5101","ศูนย์":"K2-51","โควตา":"763957","ชาวไร่":"นาย เดชาวุธ แสงดาว","ประเภทอ้อย":"ตอ1","พื้นที่":6.94,"ตันรวม":62.46,"รหัสแปลง":"310706061697","กลุ่ม":"กลุ่ม_51"},"geometry":{"type":"MultiPolygon","coordinates":[[[[929599.304399999789894,1607333.205700000748038],[929589.104199999943376,1607329.70160000026226],[929566.331699999980628,1607334.847799999639392],[929543.514000000432134,1607342.580199999734759],[929540.431499999947846,1607354.167700000107288],[929549.888299999758601,1607379.64780000038445],[929555.861700000241399,1607398.41499999910593],[929562.535600000061095,1607418.303099999204278],[929572.380699999630451,1607452.474700000137091],[929575.42989999987185,1607463.430099999532104],[929579.799700000323355,1607481.245400000363588],[929583.648400000296533,1607508.290699999779463],[929597.030299999751151,1607504.828500000759959],[929608.072700000368059,1607501.325500000268221],[929620.74129999987781,1607497.4814],[929630.176900000311434,1607493.211200000718236],[929643.398199999704957,1607488.637599999085069],[929651.747600000351667,1607484.718100000172853],[929648.232599999755621,1607469.504599999636412],[929635.771900000050664,1607430.482899999246001],[929599.304399999789894,1607333.205700000748038]]]]}},
{"type":"Feature","properties":{"รหัสกลุ่มคิว":"51/001","รหัสรับเหมา":"763957","ชื่อ-สกุล รับเหมา":"นาย เดชาวุธ แสงดาว","นักเกษตร":"5101","ศูนย์":"K2-51","โควตา":"751092","ชาวไร่":"นาง ขนิษฐา วงศ์เพ็ญ","ประเภทอ้อย":"ตอ2","พื้นที่":7.9,"ตันรวม":63.2,"รหัสแปลง":"310706061699","กลุ่ม":"กลุ่ม_51"},"geometry":{"type":"MultiPolygon","coordinates":[[[[928416.092400000430644,1605838.607100000604987],[928544.800499999895692,1605787.628000000491738],[928593.792500000447035,1605765.566999999806285],[928583.986600000411272,1605739.342599999159575],[928580.428700000047684,1605726.530999999493361],[928578.811999999918044,1605715.9704],[928385.874499999918044,1605774.887499999254942],[928399.171500000171363,1605838.4978],[928416.092400000430644,1605838.607100000604987]]]]}},
{"type":"Feature","properties":{"รหัสกลุ่มคิว":"51/001","รหัสรับเหมา":"763957","ชื่อ-สกุล รับเหมา":"นาย เดชาวุธ แสงดาว","นักเกษตร":"5101","ศูนย์":"K2-51","โควตา":"763957","ชาวไร่":"นาย เดชาวุธ แสงดาว","ประเภทอ้อย":"ตอ2","พื้นที่":4.09,"ตันรวม":32.72,"รหัสแปลง":"310706061701","กลุ่ม":"กลุ่ม_51"},"geometry":{"type":"MultiPolygon","coordinates":[[[[927863.953300000168383,1605682.303099999204278],[927877.306800000369549,1605680.502299999818206],[927939.812699999660254,1605668.098500000312924],[927939.497200000099838,1605655.158500000834465],[927936.064000000245869,1605635.142899999395013],[927977.300800000317395,1605624.217700000852346],[927987.05559999961406,1605643.049699999392033],[927999.531700000166893,1605639.940199999138713],[927998.759700000286102,1605622.188100000843406],[927993.957299999892712,1605598.083499999716878],[927986.375799999572337,1605599.245400000363588],[927845.416699999943376,1605630.058700000867248],[927863.953300000168383,1605682.303099999204278]]]]}},
{"type":"Feature","properties":{"รหัสกลุ่มคิว":"51/001","รหัสรับเหมา":"763957","ชื่อ-สกุล รับเหมา":"นาย เดชาวุธ แสงดาว","นักเกษตร":"5101","ศูนย์":"K2-51","โควตา":"751090","ชาวไร่":"นาย ทิตาวีร์ นามมุลตรีปัดตา","ประเภทอ้อย":"ตอ2","พื้นที่":13.05,"ตันรวม":104.4,"รหัสแปลง":"310706071672","กลุ่ม":"กลุ่ม_51"},"geometry":{"type":"MultiPolygon","coordinates":[[[[927748.7977,1609191.645099999383092],[927787.506099999882281,1609139.471699999645352],[927786.69620000012219,1609113.588600000366569],[927787.149299999698997,1609097.8903],[927774.92850000038743,1609055.363500000908971],[927742.214700000360608,1608897.363299999386072],[927734.887500000186265,1608832.193900000303984],[927730.696600000374019,1608772.991900000721216],[927705.650899999774992,1608774.40430000051856],[927703.565299999900162,1608770.118100000545382],[927666.475599999539554,1608760.23450000025332],[927748.7977,1609191.645099999383092]]]]}},
{"type":"Feature","properties":{"รหัสกลุ่มคิว":"51/001","รหัสรับเหมา":"763957","ชื่อ-สกุล รับเหมา":"นาย เดชาวุธ แสงดาว","นักเกษตร":"5101","ศูนย์":"K2-51","โควตา":"767548","ชาวไร่":"นาย จิรวัฒน์ บุญปัญญา","ประเภทอ้อย":"ตอ2","พื้นที่":10.87,"ตันรวม":86.96,"รหัสแปลง":"310720081614","กลุ่ม":"กลุ่ม_51"},"geometry":{"type":"MultiPolygon","coordinates":[[[[926240.009700000286102,1607788.876199999824166],[926243.581399999558926,1607728.146999999880791],[925958.353500000201166,1607712.4934],[925951.355999999679625,1607763.1853],[925950.334800000302494,1607770.189099999144673],[925958.034599999897182,1607772.539599999785423],[926240.009700000286102,1607788.876199999824166]]]]}},
{"type":"Feature","properties":{"รหัสกลุ่มคิว":"51/001","รหัสรับเหมา":"763957","ชื่อ-สกุล รับเหมา":"นาย เดชาวุธ แสงดาว","นักเกษตร":"5101","ศูนย์":"K2-51","โควตา":"751105","ชาวไร่":"นาย พิทักษ์ หมายประโคน","ประเภทอ้อย":"ตอ2","พื้นที่":2.64,"ตันรวม":21.12,"รหัสแปลง":"310706091752","กลุ่ม":"กลุ่ม_51"},"geometry":{"type":"MultiPolygon","coordinates":[[[[927537.349999999627471,1605704.722799999639392],[927550.202499999664724,1605711.043400000780821],[927562.405600000172853,1605713.287599999457598],[927574.361299999989569,1605657.137800000607967],[927574.878200000151992,1605648.092700000852346],[927574.723299999721348,1605636.2642],[927573.598000000230968,1605628.484099999070168],[927572.729600000195205,1605616.273700000718236],[927572.471599999815226,1605600.0088],[927561.432199999690056,1605603.328099999576807],[927559.809200000017881,1605603.4847],[927546.877100000157952,1605612.129799999296665],[927536.364799999631941,1605616.1974],[927524.923799999989569,1605621.911800000816584],[927522.169700000435114,1605625.005300000309944],[927517.6261,1605637.86089999973774],[927513.352699999697506,1605655.894999999552965],[927524.479100000113249,1605657.935699999332428],[927539.584300000220537,1605658.936799999326468],[927534.987900000065565,1605705.975299999117851],[927537.349999999627471,1605704.722799999639392]]]]}},
{"type":"Feature","properties":{"รหัสกลุ่มคิว":"51/001","รหัสรับเหมา":"763957","ชื่อ-สกุล รับเหมา":"นาย เดชาวุธ แสงดาว","นักเกษตร":"5101","ศูนย์":"K2-51","โควตา":"751021","ชาวไร่":"นาง มะลิวัลย์ สีลา","ประเภทอ้อย":"ตอ1","พื้นที่":3.58,"ตันรวม":32.22,"รหัสแปลง":"310706061708","กลุ่ม":"กลุ่ม_51"},"geometry":{"type":"MultiPolygon","coordinates":[[[[927736.023699999786913,1608445.842000000178814],[927767.746799999848008,1608184.562400000169873],[927753.186300000175834,1608183.385500000789762],[927749.918499999679625,1608205.686899999156594],[927747.347900000400841,1608218.94620000012219],[927746.020899999886751,1608233.151100000366569],[927739.944099999964237,1608230.643400000408292],[927738.601099999621511,1608245.771800000220537],[927735.99199999962002,1608261.247899999842048],[927734.411199999973178,1608279.698200000450015],[927731.814899999648333,1608294.435399999842048],[927728.640300000086427,1608311.379799999296665],[927725.7966,1608329.993000000715256],[927724.029299999587238,1608338.462099999189377],[927720.623300000093877,1608358.358899999409914],[927720.504499999806285,1608365.19370000064373],[927719.251400000415742,1608375.149900000542402],[927717.342799999751151,1608391.746799999848008],[927716.693799999542534,1608398.01799999922514],[927716.867700000293553,1608419.085699999704957],[927715.4057,1608430.701400000602007],[927714.338999999687076,1608440.291300000622869],[927736.023699999786913,1608445.842000000178814]]]]}},
{"type":"Feature","properties":{"รหัสกลุ่มคิว":"51/001","รหัสรับเหมา":"763957","ชื่อ-สกุล รับเหมา":"นาย เดชาวุธ แสงดาว","นักเกษตร":"5101","ศูนย์":"K2-51","โควตา":"751092","ชาวไร่":"นาง ขนิษฐา วงศ์เพ็ญ","ประเภทอ้อย":"ตอ1","พื้นที่":13.55,"ตันรวม":121.95,"รหัสแปลง":"310706091755","กลุ่ม":"กลุ่ม_51"},"geometry":{"type":"MultiPolygon","coordinates":[[[[928481.072200000286102,1605973.886499999091029],[928480.419700000435114,1605969.994799999520183],[928475.152099999599159,1605962.327299999073148],[928470.311900000087917,1605950.786800000816584],[928460.364799999631941,1605932.690300000831485],[928421.321399999782443,1605838.143699999898672],[928375.582000000402331,1605849.174599999561906],[928313.198200000450015,1605864.9054000005126],[928313.937599999830127,1605874.157199999317527],[928315.560999999754131,1605894.695900000631809],[928328.052799999713898,1606035.714700000360608],[928335.454199999570847,1606034.549900000914931],[928481.072200000286102,1605973.886499999091029]]]]}},
{"type":"Feature","properties":{"รหัสกลุ่มคิว":"51/001","รหัสรับเหมา":"763957","ชื่อ-สกุล รับเหมา":"นาย เดชาวุธ แสงดาว","นักเกษตร":"5101","ศูนย์":"K2-51","โควตา":"751056","ชาวไร่":"นาย วิรุฬ ศรีสัน","ประเภทอ้อย":"ตอ1","พื้นที่":4.84,"ตันรวม":43.56,"รหัสแปลง":"310706061710","กลุ่ม":"กลุ่ม_51"},"geometry":{"type":"MultiPolygon","coordinates":[[[[927592.57039999961853,1608455.35950000025332],[927591.464800000190735,1608446.470899999141693],[927590.831600000150502,1608441.470899999141693],[927589.214399999938905,1608399.86769999936223],[927588.680700000375509,1608389.14130000025034],[927589.615399999544024,1608366.42989999987185],[927580.447300000116229,1608365.716199999675155],[927563.569899999536574,1608363.205700000748038],[927559.167299999855459,1608357.585799999535084],[927560.831600000150502,1608344.680299999192357],[927560.464800000190735,1608324.348300000652671],[927560.226599999703467,1608306.975099999457598],[927560.309799999929965,1608291.824699999764562],[927559.277499999850988,1608257.99239999987185],[927531.175599999725819,1608269.514799999073148],[927531.516800000332296,1608291.324500000104308],[927530.919400000013411,1608304.987700000405312],[927531.025799999944866,1608319.58699999935925],[927533.199300000444055,1608370.623500000685453],[927538.402700000442564,1608402.680400000885129],[927536.844499999657273,1608419.8377],[927539.98450000025332,1608435.968000000342727],[927542.282599999569356,1608459.105100000277162],[927592.57039999961853,1608455.35950000025332]]]]}},
{"type":"Feature","properties":{"รหัสกลุ่มคิว":"51/001","รหัสรับเหมา":"763957","ชื่อ-สกุล รับเหมา":"นาย เดชาวุธ แสงดาว","นักเกษตร":"5101","ศูนย์":"K2-51","โควตา":"751076","ชาวไร่":"นาย ธรรมนูญ กาหลง","ประเภทอ้อย":"ตอ1","พื้นที่":6.8,"ตันรวม":61.2,"รหัสแปลง":"310706061711","กลุ่ม":"กลุ่ม_51"},"geometry":{"type":"MultiPolygon","coordinates":[[[[926285.914599999785423,1607986.2719],[926298.605100000277162,1607991.480599999427795],[926308.31319999974221,1607992.203099999576807],[926326.424800000153482,1607996.212300000712276],[926347.377299999818206,1608002.487999999895692],[926360.295699999667704,1608004.929099999368191],[926370.331699999980628,1608007.505000000819564],[926387.347599999979138,1608012.419099999591708],[926388.378499999642372,1608004.86119999922812],[926391.899299999698997,1607988.66190000064671],[926395.502600000239909,1607957.3125],[926396.703900000080466,1607950.311899999156594],[926395.938500000163913,1607942.53800000064075],[926396.795199999585748,1607924.260099999606609],[926334.306900000199676,1607904.884999999776483],[926331.920300000347197,1607917.9627],[926330.693400000222027,1607926.441099999472499],[926335.5466,1607937.24210000038147],[926331.873100000433624,1607972.6554000005126],[926311.78830000013113,1607968.242499999701977],[926310.769299999810755,1607923.139599999412894],[926329.761400000192225,1607926.4101],[926333.512799999676645,1607904.143699999898672],[926304.75789999961853,1607896.058299999684095],[926281.465900000184774,1607889.742200000211596],[926274.650700000114739,1607898.678099999204278],[926272.92879999987781,1607904.56110000051558],[926266.627100000157952,1607904.636800000444055],[926236.101599999703467,1607900.227900000289083],[926236.879800000227988,1607907.262900000438094],[926237.802799999713898,1607916.332800000905991],[926238.561900000087917,1607924.476099999621511],[926241.178899999707937,1607939.673000000417233],[926264.705199999734759,1607942.852],[926292.393000000156462,1607944.809699999168515],[926285.914599999785423,1607986.2719]]]]}},
{"type":"Feature","properties":{"รหัสกลุ่มคิว":"51/001","รหัสรับเหมา":"763957","ชื่อ-สกุล รับเหมา":"นาย เดชาวุธ แสงดาว","นักเกษตร":"5101","ศูนย์":"K2-51","โควตา":"751078","ชาวไร่":"นาย คมสันต์ เป็นสูงเนิน","ประเภทอ้อย":"ตอ1","พื้นที่":3.25,"ตันรวม":29.25,"รหัสแปลง":"310706061712","กลุ่ม":"กลุ่ม_51"},"geometry":{"type":"MultiPolygon","coordinates":[[[[926572.219399999827147,1608043.523499999195337],[926579.276100000366569,1608041.428400000557303],[926591.542000000365078,1608039.978000000119209],[926597.837199999950826,1608040.2719],[926609.878299999982119,1608041.404500000178814],[926617.626000000163913,1608040.98450000025332],[926630.242200000211596,1608040.094499999657273],[926641.222799999639392,1608040.099999999627471],[926651.502700000070035,1608038.9847999997437],[926664.292399999685585,1608038.467399999499321],[926674.556400000117719,1608038.275699999183416],[926689.168100000359118,1608036.496500000357628],[926721.44440000038594,1608033.360500000417233],[926736.936700000427663,1608032.705199999734759],[926750.095999999903142,1608031.63990000076592],[926764.16469999961555,1608030.036100000143051],[926776.414499999955297,1608029.509400000795722],[926809.375500000081956,1608028.417899999767542],[926818.373399999924004,1608028.573899999260902],[926817.328300000168383,1608016.175799999386072],[926810.663399999961257,1608016.4298],[926798.031200000084937,1608018.243300000205636],[926787.747999999672174,1608019.543199999257922],[926776.947399999946356,1608019.540699999779463],[926760.953599999658763,1608017.970000000670552],[926744.388000000268221,1608018.237099999561906],[926733.246700000017881,1608017.119999999180436],[926722.275700000114739,1608016.5603],[926710.40500000026077,1608015.984899999573827],[926700.513700000010431,1608015.443900000303984],[926688.646200000308454,1608014.683900000527501],[926676.235600000247359,1608014.099199999123812],[926663.471400000154972,1608013.13880000077188],[926655.032700000330806,1608011.883899999782443],[926638.303100000135601,1608011.22440000064671],[926627.332100000232458,1608010.66469999961555],[926614.574400000274181,1608009.334899999201298],[926604.689600000157952,1608008.424499999731779],[926590.47620000038296,1608007.993300000205636],[926575.256699999794364,1608003.295],[926572.219399999827147,1608043.523499999195337]]]]}},
{"type":"Feature","properties":{"รหัสกลุ่มคิว":"51/001","รหัสรับเหมา":"763957","ชื่อ-สกุล รับเหมา":"นาย เดชาวุธ แสงดาว","นักเกษตร":"5101","ศูนย์":"K2-51","โควตา":"751123","ชาวไร่":"นาย สมบูรณ์ มานะดี","ประเภทอ้อย":"ตอ1","พื้นที่":5.5,"ตันรวม":49.5,"รหัสแปลง":"310706091759","กลุ่ม":"กลุ่ม_51"},"geometry":{"type":"MultiPolygon","coordinates":[[[[928845.98589999973774,1604100.280600000172853],[928817.965499999932945,1604106.815300000831485],[928826.882000000216067,1604132.469799999147654],[928833.323499999940395,1604155.4945],[928839.520600000396371,1604171.862800000235438],[928844.377299999818206,1604182.479699999094009],[928850.519899999722838,1604201.988299999386072],[928857.854700000025332,1604215.0504],[928862.123200000263751,1604228.4287],[928873.025899999774992,1604253.748299999162555],[928881.65610000025481,1604275.148],[928895.708499999716878,1604305.69620000012219],[928910.850499999709427,1604335.709000000730157],[928925.777200000360608,1604367.750600000843406],[928936.21030000038445,1604388.996999999508262],[928940.343799999915063,1604399.786100000143051],[928966.480399999767542,1604387.6754],[928951.496000000275671,1604358.958799999207258],[928933.557799999602139,1604324.093000000342727],[928922.841599999926984,1604298.4070999994874],[928913.465900000184774,1604278.4726],[928899.792600000277162,1604246.822300000116229],[928888.758200000040233,1604218.728800000622869],[928880.989400000311434,1604199.5614],[928876.50870000012219,1604188.027200000360608],[928866.409400000236928,1604157.917300000786781],[928861.600899999961257,1604144.529500000178814],[928858.348000000230968,1604134.864499999210238],[928853.841699999757111,1604124.808000000193715],[928849.961900000460446,1604109.773399999365211],[928845.98589999973774,1604100.280600000172853]]]]}},
{"type":"Feature","properties":{"รหัสกลุ่มคิว":"51/001","รหัสรับเหมา":"763957","ชื่อ-สกุล รับเหมา":"นาย เดชาวุธ แสงดาว","นักเกษตร":"5101","ศูนย์":"K2-51","โควตา":"760135","ชาวไร่":"นางสาว กัญญ์พิดา สมัครคดี","ประเภทอ้อย":"ตอ1","พื้นที่":9.51,"ตันรวม":85.59,"รหัสแปลง":"310706050002","กลุ่ม":"กลุ่ม_51"},"geometry":{"type":"MultiPolygon","coordinates":[[[[927922.832499999552965,1612851.32120000012219],[927939.360000000335276,1612791.194199999794364],[927941.317099999636412,1612567.498400000855327],[927942.14670000039041,1612567.0461],[927952.300099999643862,1612521.386],[927903.401999999769032,1612504.405500000342727],[927900.741100000217557,1612505.461100000888109],[927899.787200000137091,1612511.9835],[927900.712700000032783,1612542.333000000566244],[927898.075600000098348,1612557.632200000807643],[927892.891699999570847,1612585.715500000864267],[927893.942400000058115,1612724.632200000807643],[927894.098899999633431,1612842.550499999895692],[927922.832499999552965,1612851.32120000012219]]]]}},
{"type":"Feature","properties":{"รหัสกลุ่มคิว":"51/001","รหัสรับเหมา":"763957","ชื่อ-สกุล รับเหมา":"นาย เดชาวุธ แสงดาว","นักเกษตร":"5101","ศูนย์":"K2-51","โควตา":"751122","ชาวไร่":"นาง หนูแก้ว สุริพล","ประเภทอ้อย":"ตอ1","พื้นที่":8.98,"ตันรวม":80.82,"รหัสแปลง":"310706061716","กลุ่ม":"กลุ่ม_51"},"geometry":{"type":"MultiPolygon","coordinates":[[[[928691.023900000378489,1605630.151100000366569],[928610.379300000146031,1605667.579800000414252],[928526.770800000056624,1605695.625700000673532],[928342.975200000219047,1605746.794700000435114],[928349.789300000295043,1605779.4342],[928419.510700000450015,1605766.2331000007689],[928526.310300000011921,1605732.796499999240041],[928545.313900000415742,1605727.029200000688434],[928596.883600000292063,1605712.034700000658631],[928646.306499999947846,1605696.26380000077188],[928712.987999999895692,1605671.554199999198318],[928698.737399999983609,1605642.11119999922812],[928691.023900000378489,1605630.151100000366569]]]]}},
{"type":"Feature","properties":{"รหัสกลุ่มคิว":"51/001","รหัสรับเหมา":"763957","ชื่อ-สกุล รับเหมา":"นาย เดชาวุธ แสงดาว","นักเกษตร":"5101","ศูนย์":"K2-51","โควตา":"751105","ชาวไร่":"นาย พิทักษ์ หมายประโคน","ประเภทอ้อย":"ตอ1","พื้นที่":5.83,"ตันรวม":52.47,"รหัสแปลง":"310706061717","กลุ่ม":"กลุ่ม_51"},"geometry":{"type":"MultiPolygon","coordinates":[[[[927375.383100000210106,1605670.1327],[927372.247299999929965,1605684.860500000417233],[927369.0795,1605701.435499999672174],[927359.367300000041723,1605700.897600000724196],[927347.183400000445545,1605697.545099999755621],[927343.973299999721348,1605706.174000000581145],[927338.883399999700487,1605719.389699999243021],[927334.400700000114739,1605728.735600000247359],[927329.516400000080466,1605740.476700000464916],[927325.541600000113249,1605751.679199999198318],[927321.206899999640882,1605762.875499999150634],[927314.410799999721348,1605781.050599999725819],[927312.213299999944866,1605793.577299999073148],[927318.789099999703467,1605798.495500000193715],[927328.617200000211596,1605802.731000000610948],[927357.60329999960959,1605813.026699999347329],[927377.649699999950826,1605819.05460000038147],[927417.595900000073016,1605706.711300000548363],[927423.948300000280142,1605682.985200000926852],[927375.383100000210106,1605670.1327]]]]}},
{"type":"Feature","properties":{"รหัสกลุ่มคิว":"51/001","รหัสรับเหมา":"763957","ชื่อ-สกุล รับเหมา":"นาย เดชาวุธ แสงดาว","นักเกษตร":"5101","ศูนย์":"K2-51","โควตา":"751131","ชาวไร่":"นาง สาคร ทรงหอม","ประเภทอ้อย":"ตอ1","พื้นที่":7.99,"ตันรวม":71.91,"รหัสแปลง":"310706061718","กลุ่ม":"กลุ่ม_51"},"geometry":{"type":"MultiPolygon","coordinates":[[[[929165.449699999764562,1604404.009999999776483],[929152.374400000087917,1604377.1875],[929150.649799999780953,1604378.1283],[929118.496299999766052,1604394.568800000473857],[929103.020600000396371,1604404.462600000202656],[929084.298700000159442,1604414.66950000077486],[929058.342000000178814,1604426.783099999651313],[929039.989799999631941,1604436.442099999636412],[929020.940100000239909,1604444.795499999076128],[929006.210199999623001,1604453.224099999293685],[928988.047600000165403,1604462.332100000232458],[928965.684399999678135,1604474.877800000831485],[928944.426799999549985,1604485.964600000530481],[928919.755900000222027,1604496.622500000521541],[928885.992499999701977,1604512.480900000780821],[928875.251199999824166,1604519.315899999812245],[928879.236800000071526,1604528.254599999636412],[928890.306300000287592,1604554.316199999302626],[928906.611100000329316,1604548.502000000327826],[928945.648699999786913,1604529.594000000506639],[928985.290500000119209,1604507.001000000163913],[929033.259999999776483,1604481.781099999323487],[929088.930499999783933,1604448.564899999648333],[929119.852800000458956,1604430.439799999818206],[929152.947999999858439,1604411.613500000908971],[929165.449699999764562,1604404.009999999776483]]]]}},
{"type":"Feature","properties":{"รหัสกลุ่มคิว":"51/001","รหัสรับเหมา":"763957","ชื่อ-สกุล รับเหมา":"นาย เดชาวุธ แสงดาว","นักเกษตร":"5101","ศูนย์":"K2-51","โควตา":"751045","ชาวไร่":"นาย บุญเลี้ยง บุญโย","ประเภทอ้อย":"ตอ1","พื้นที่":21.26,"ตันรวม":191.34,"รหัสแปลง":"310706091763","กลุ่ม":"กลุ่ม_51"},"geometry":{"type":"MultiPolygon","coordinates":[[[[928816.502899999730289,1604097.735600000247359],[928761.246399999596179,1604107.123199999332428],[928750.035699999891222,1604109.8849],[928750.495699999853969,1604124.859999999403954],[928752.193099999800324,1604141.150100000202656],[928756.677299999631941,1604162.847300000488758],[928762.659400000236928,1604191.5921],[928768.840699999593198,1604219.231699999421835],[928774.546299999579787,1604243.167400000616908],[928780.544300000183284,1604270.988600000739098],[928787.580599999986589,1604301.230000000447035],[928792.498700000345707,1604329.032400000840425],[928801.787899999879301,1604353.9543999992311],[928813.445899999700487,1604387.602099999785423],[928827.951700000092387,1604423.147199999541044],[928838.844600000418723,1604449.020999999716878],[928842.521499999798834,1604454.9978],[928942.076100000180304,1604393.348899999633431],[928816.502899999730289,1604097.735600000247359]]]]}},
{"type":"Feature","properties":{"รหัสกลุ่มคิว":"51/001","รหัสรับเหมา":"763957","ชื่อ-สกุล รับเหมา":"นาย เดชาวุธ แสงดาว","นักเกษตร":"5101","ศูนย์":"K2-51","โควตา":"751124","ชาวไร่":"นาย ไพบูลย์ อุตจรัส","ประเภทอ้อย":"ตอ1","พื้นที่":9.6,"ตันรวม":86.4,"รหัสแปลง":"310706061724","กลุ่ม":"กลุ่ม_51"},"geometry":{"type":"MultiPolygon","coordinates":[[[[926083.924800000153482,1607891.088899999856949],[926084.894000000320375,1607910.544399999082088],[926091.212600000202656,1607919.8925],[926235.673000000417233,1607924.980399999767542],[926235.090699999593198,1607917.025000000372529],[926234.852300000376999,1607909.999399999156594],[926234.501199999824166,1607899.091600000858307],[926234.828200000338256,1607890.5976],[926235.334400000050664,1607871.75929999910295],[926234.391400000080466,1607853.450200000777841],[926222.536600000225008,1607851.951500000432134],[926214.672799999825656,1607848.674200000241399],[926202.30379999987781,1607845.688400000333786],[926195.115100000053644,1607845.009600000455976],[926185.586900000460446,1607844.290300000458956],[926176.431499999947846,1607842.838400000706315],[926151.063900000415742,1607842.029699999839067],[926141.879700000397861,1607842.240299999713898],[926118.816399999894202,1607843.504000000655651],[926103.497700000181794,1607844.532299999147654],[926088.715699999593198,1607845.754599999636412],[926046.229799999855459,1607845.943099999800324],[926029.310700000263751,1607845.835100000724196],[926018.876400000415742,1607845.469699999317527],[926017.32799999974668,1607851.725299999117851],[926017.107499999925494,1607864.470899999141693],[926014.760300000198185,1607885.679400000721216],[926013.337600000202656,1607895.078299999237061],[926010.807300000451505,1607916.468299999833107],[926058.996299999766052,1607909.1722999997437],[926058.750599999912083,1607892.168800000101328],[926050.753800000064075,1607890.72069999948144],[926016.569600000046194,1607887.228199999779463],[926016.739799999631941,1607885.713600000366569],[926055.723299999721348,1607890.2686],[926067.487599999643862,1607886.592000000178814],[926069.215900000184774,1607880.339500000700355],[926074.659400000236928,1607877.846899999305606],[926076.450299999676645,1607888.7796],[926090.824400000274181,1607890.32179999910295],[926109.183199999853969,1607890.454800000414252],[926232.708100000396371,1607895.85359999909997],[926232.655199999921024,1607896.144600000232458],[926083.924800000153482,1607891.088899999856949]]]]}},
{"type":"Feature","properties":{"รหัสกลุ่มคิว":"51/001","รหัสรับเหมา":"763957","ชื่อ-สกุล รับเหมา":"นาย เดชาวุธ แสงดาว","นักเกษตร":"5101","ศูนย์":"K2-51","โควตา":"751134","ชาวไร่":"นาย ศาศวัต แก้วรากยาง","ประเภทอ้อย":"ตอ1","พื้นที่":10.81,"ตันรวม":97.29,"รหัสแปลง":"310706061725","กลุ่ม":"กลุ่ม_51"},"geometry":{"type":"MultiPolygon","coordinates":[[[[928191.58530000038445,1608572.57799999974668],[928186.945000000298023,1608580.627599999308586],[928181.17949999962002,1608653.330299999564886],[928178.611700000241399,1608687.100199999287724],[928175.947499999776483,1608716.064200000837445],[928172.2807,1608750.92369999922812],[928181.596599999815226,1608753.4879],[928192.512699999846518,1608757.188699999824166],[928203.599100000225008,1608761.44679999910295],[928222.558500000275671,1608768.428899999707937],[928247.797100000083447,1608776.628900000825524],[928254.397699999623001,1608759.374600000679493],[928264.417600000277162,1608731.832000000402331],[928259.941399999894202,1608720.112999999895692],[928262.946000000461936,1608712.95890000090003],[928272.548200000077486,1608688.735200000926852],[928276.75800000037998,1608674.395600000396371],[928281.803299999795854,1608663.766200000420213],[928291.276899999938905,1608636.583799999207258],[928300.557799999602139,1608610.1371],[928295.792200000025332,1608604.695499999448657],[928288.635800000280142,1608602.168800000101328],[928191.58530000038445,1608572.57799999974668]]]]}},
{"type":"Feature","properties":{"รหัสกลุ่มคิว":"51/001","รหัสรับเหมา":"763957","ชื่อ-สกุล รับเหมา":"นาย เดชาวุธ แสงดาว","นักเกษตร":"5101","ศูนย์":"K2-51","โควตา":"751075","ชาวไร่":"นาย จักรพงศ์ วงศ์มั่นนามบุรี","ประเภทอ้อย":"ตอ1","พื้นที่":12.88,"ตันรวม":115.92,"รหัสแปลง":"310706151698","กลุ่ม":"กลุ่ม_51"},"geometry":{"type":"MultiPolygon","coordinates":[[[[929556.6864,1604200.042999999597669],[929550.920400000177324,1604189.964500000700355],[929542.268000000156462,1604190.552999999374151],[929530.549300000071526,1604191.457699999213219],[929512.396099999547005,1604189.6634],[929503.97829999960959,1604187.114800000563264],[929497.074599999934435,1604159.646999999880791],[929461.339999999850988,1604164.568499999120831],[929430.08600000012666,1604170.676699999719858],[929407.333200000226498,1604174.5307],[929400.429299999959767,1604178.106200000271201],[929389.655600000172853,1604197.135900000110269],[929379.180800000205636,1604209.334000000730157],[929351.696999999694526,1604216.06220000050962],[929342.99959999974817,1604219.236999999731779],[929331.673200000077486,1604238.996200000867248],[929315.075600000098348,1604251.27250000089407],[929305.491100000217557,1604253.692700000479817],[929297.275899999774992,1604260.201899999752641],[929304.379099999554455,1604286.564400000497699],[929310.106599999591708,1604288.511800000444055],[929311.594700000248849,1604296.113700000569224],[929308.11710000038147,1604299.379300000146031],[929301.222799999639392,1604302.40059999935329],[929304.555900000035763,1604317.795399999246001],[929308.007799999788404,1604336.703099999576807],[929306.384700000286102,1604347.207399999722838],[929466.456399999558926,1604253.35249999910593],[929503.354500000365078,1604233.299200000241399],[929556.6864,1604200.042999999597669]]]]}},
{"type":"Feature","properties":{"รหัสกลุ่มคิว":"51/001","รหัสรับเหมา":"763957","ชื่อ-สกุล รับเหมา":"นาย เดชาวุธ แสงดาว","นักเกษตร":"5101","ศูนย์":"K2-51","โควตา":"751141","ชาวไร่":"นาย ณัฐพงศ์ คำยอด","ประเภทอ้อย":"ตอ1","พื้นที่":14.41,"ตันรวม":129.69,"รหัสแปลง":"310706091766","กลุ่ม":"กลุ่ม_51"},"geometry":{"type":"MultiPolygon","coordinates":[[[[928316.792399999685585,1605917.0756],[928307.073699999600649,1605916.906700000166893],[928282.59389999974519,1605916.66609999909997],[928247.900399999693036,1605913.6612],[928228.106300000101328,1605913.132500000298023],[928198.972799999639392,1605911.332900000736117],[928182.787800000049174,1605910.312699999660254],[928159.738199999555945,1605910.651399999856949],[928124.646300000138581,1605909.85700000077486],[928108.998100000433624,1605909.030899999663234],[928094.950400000438094,1605909.341299999505281],[928078.193500000052154,1605910.158900000154972],[928059.646399999968708,1605910.391100000590086],[928031.541500000283122,1605911.566099999472499],[928014.61739999987185,1605911.641699999570847],[927995.655899999663234,1605915.007999999448657],[927983.048100000247359,1605915.343499999493361],[927925.05449999962002,1605916.738700000569224],[927906.301900000311434,1605918.445699999108911],[927876.934000000357628,1605919.783600000664592],[927879.952200000174344,1605932.585699999704957],[927887.216099999845028,1605949.711400000378489],[927894.772599999792874,1605970.722500000149012],[927910.105700000189245,1605968.956199999898672],[927940.016699999570847,1605967.442900000140071],[927952.251799999736249,1605967.840099999681115],[927970.805100000463426,1605967.238399999216199],[927982.866600000299513,1605967.263000000268221],[928006.665000000037253,1605965.27419999986887],[928025.379099999554455,1605965.783900000154972],[928048.974999999627471,1605965.08500000089407],[928071.291799999773502,1605965.4726],[928095.411600000225008,1605965.706800000742078],[928114.135400000028312,1605965.662399999797344],[928128.870900000445545,1605967.211799999698997],[928152.993900000117719,1605967.261299999430776],[928178.376699999906123,1605967.332699999213219],[928192.925800000317395,1605969.248500000685453],[928209.300300000235438,1605969.717700000852346],[928227.811999999918044,1605971.5176],[928300.332299999892712,1605973.332000000402331],[928298.949799999594688,1605949.286699999123812],[928316.792399999685585,1605917.0756]]]]}},
{"type":"Feature","properties":{"รหัสกลุ่มคิว":"51/001","รหัสรับเหมา":"763957","ชื่อ-สกุล รับเหมา":"นาย เดชาวุธ แสงดาว","นักเกษตร":"5101","ศูนย์":"K2-51","โควตา":"751129","ชาวไร่":"นาย ฉลอง บุญโย","ประเภทอ้อย":"ตอ1","พื้นที่":4.84,"ตันรวม":43.56,"รหัสแปลง":"310706091767","กลุ่ม":"กลุ่ม_51"},"geometry":{"type":"MultiPolygon","coordinates":[[[[927680.215599999763072,1603715.48340000025928],[927677.8421,1603738.1699],[927683.968100000172853,1603737.906500000506639],[927696.236299999989569,1603736.456000000238419],[927718.448699999600649,1603732.591],[927729.283300000242889,1603730.746200000867248],[927744.096900000236928,1603727.861700000241399],[927758.171400000341237,1603726.073100000619888],[927775.508100000210106,1603723.047499999403954],[927795.907800000160933,1603719.8903],[927822.989599999971688,1603715.555500000715256],[927849.69550000037998,1603712.138000000268221],[927880.033099999651313,1603706.935799999162555],[927910.187699999660254,1603701.915200000628829],[927934.180900000035763,1603699.189899999648333],[927968.118400000035763,1603694.050200000405312],[927999.356200000271201,1603688.863700000569224],[928026.270899999886751,1603683.787000000476837],[928024.274400000460446,1603674.328700000420213],[928023.380199999548495,1603663.596100000664592],[928011.478400000371039,1603664.683199999853969],[927992.344899999909103,1603667.492599999532104],[927680.215599999763072,1603715.48340000025928]]]]}},
{"type":"Feature","properties":{"รหัสกลุ่มคิว":"51/001","รหัสรับเหมา":"763957","ชื่อ-สกุล รับเหมา":"นาย เดชาวุธ แสงดาว","นักเกษตร":"5101","ศูนย์":"K2-51","โควตา":"751184","ชาวไร่":"นาย ธวัชชัย ไชยแสง","ประเภทอ้อย":"ตอ1","พื้นที่":4.82,"ตันรวม":43.38,"รหัสแปลง":"310706151701","กลุ่ม":"กลุ่ม_51"},"geometry":{"type":"MultiPolygon","coordinates":[[[[929701.885400000028312,1604681.155799999833107],[929702.752299999818206,1604697.430500000715256],[929714.567699999548495,1604697.26799999922514],[929727.755099999718368,1604694.725999999791384],[929740.579199999570847,1604692.362400000914931],[929753.39049999974668,1604690.737800000235438],[929767.307400000281632,1604687.654200000688434],[929788.986299999989569,1604683.4123],[929805.596599999815226,1604680.745200000703335],[929843.551699999719858,1604672.35219999961555],[929865.028099999763072,1604669.400399999693036],[929883.100899999961257,1604665.465299999341369],[929901.707200000062585,1604661.909199999645352],[929906.589399999938905,1604660.700799999758601],[929917.311700000427663,1604654.974600000306964],[929929.58629999961704,1604653.155899999663234],[929939.26410000026226,1604645.379000000655651],[929943.934399999678135,1604635.666899999603629],[929954.961900000460446,1604633.087300000712276],[929959.895999999716878,1604618.575500000268221],[929953.255699999630451,1604617.351099999621511],[929902.4989,1604626.814300000667572],[929876.066100000403821,1604635.223300000652671],[929864.868300000205636,1604637.245500000193715],[929843.555700000375509,1604641.124099999666214],[929818.437599999830127,1604646.41469999961555],[929795.489099999889731,1604651.188799999654293],[929779.756199999712408,1604655.16469999961555],[929767.661600000225008,1604656.986600000411272],[929753.571100000292063,1604659.697599999606609],[929732.96889999974519,1604664.14299999922514],[929715.06969999987632,1604668.450799999758601],[929697.726599999703467,1604671.8443],[929697.263700000010431,1604677.749199999496341],[929701.885400000028312,1604681.155799999833107]]]]}},
{"type":"Feature","properties":{"รหัสกลุ่มคิว":"51/001","รหัสรับเหมา":"763957","ชื่อ-สกุล รับเหมา":"นาย เดชาวุธ แสงดาว","นักเกษตร":"5101","ศูนย์":"K2-51","โควตา":"763957","ชาวไร่":"นาย เดชาวุธ แสงดาว","ประเภทอ้อย":"ตอ1","พื้นที่":9.95,"ตันรวม":89.55,"รหัสแปลง":"310706091769","กลุ่ม":"กลุ่ม_51"},"geometry":{"type":"MultiPolygon","coordinates":[[[[929197.896800000220537,1604973.9441],[929241.530100000090897,1604959.921],[929238.721199999563396,1604945.45920000039041],[929236.538900000043213,1604936.366900000721216],[929232.254700000397861,1604923.912100000306964],[929230.753800000064075,1604917.049100000411272],[929227.302000000141561,1604908.489099999889731],[929224.203700000420213,1604900.3048],[929218.691700000315905,1604885.980699999257922],[929214.735299999825656,1604875.3794],[929230.670400000177324,1604870.113299999386072],[929244.603099999949336,1604866.105799999088049],[929255.82010000012815,1604862.974899999797344],[929264.044800000265241,1604855.911599999293685],[929261.463899999856949,1604849.029799999669194],[929258.156700000166893,1604842.504899999126792],[929250.591000000014901,1604822.0472999997437],[929245.06940000038594,1604808.277499999850988],[929240.711199999786913,1604800.0713],[929236.182699999772012,1604791.307800000533462],[929230.150000000372529,1604775.86600000038743],[929227.228400000371039,1604767.869599999859929],[929222.564899999648333,1604756.516799999400973],[929218.907399999909103,1604749.431500000879169],[929213.735999999567866,1604736.222100000828505],[929207.234000000171363,1604727.054700000211596],[929203.242200000211596,1604728.833000000566244],[929186.918100000359118,1604735.755400000140071],[929180.030500000342727,1604738.407299999147654],[929166.78870000038296,1604744.0899],[929155.195700000040233,1604748.1382],[929143.789099999703467,1604751.82010000012815],[929148.330500000156462,1604770.192399999126792],[929152.595599999651313,1604783.755599999800324],[929157.352300000376999,1604800.099099999293685],[929163.076500000432134,1604822.926699999719858],[929166.637600000016391,1604835.5537],[929168.03249999973923,1604848.512599999085069],[929170.275899999774992,1604864.442800000309944],[929171.198300000280142,1604883.8608],[929172.998100000433624,1604894.239900000393391],[929175.350700000301003,1604903.889399999752641],[929178.548700000159442,1604916.694900000467896],[929182.758899999782443,1604943.746200000867248],[929185.294800000265241,1604953.214099999517202],[929189.225499999709427,1604965.293299999088049],[929197.896800000220537,1604973.9441]]]]}},
{"type":"Feature","properties":{"รหัสกลุ่มคิว":"51/001","รหัสรับเหมา":"763957","ชื่อ-สกุล รับเหมา":"นาย เดชาวุธ แสงดาว","นักเกษตร":"5101","ศูนย์":"K2-51","โควตา":"751141","ชาวไร่":"นาย ณัฐพงศ์ คำยอด","ประเภทอ้อย":"ตอ1","พื้นที่":5.02,"ตันรวม":45.18,"รหัสแปลง":"310706091770","กลุ่ม":"กลุ่ม_51"},"geometry":{"type":"MultiPolygon","coordinates":[[[[928222.477699999697506,1604443.67369999922812],[928201.439000000245869,1604452.547499999403954],[928194.368300000205636,1604455.38120000064373],[928204.660400000400841,1604474.407299999147654],[928215.786999999545515,1604466.100600000470877],[928221.790699999779463,1604462.509199999272823],[928231.227300000376999,1604468.585899999365211],[928237.95409999974072,1604464.822300000116229],[928246.326500000432134,1604459.609099999070168],[928257.202600000426173,1604455.363199999555945],[928265.565299999900162,1604450.70409999974072],[928269.039499999955297,1604447.623199999332428],[928280.095599999651313,1604443.380400000140071],[928294.073200000450015,1604436.7862],[928308.237200000323355,1604429.8257],[928319.309399999678135,1604424.659399999305606],[928330.021599999628961,1604419.486700000241399],[928343.092799999751151,1604413.246400000527501],[928358.526399999856949,1604405.753599999472499],[928372.712799999862909,1604397.500099999830127],[928388.525600000284612,1604388.905300000682473],[928399.459499999880791,1604381.3344],[928405.476099999621511,1604377.004200000315905],[928403.393199999816716,1604372.533299999311566],[928431.248800000175834,1604354.723899999633431],[928444.712100000120699,1604346.6426],[928450.548700000159442,1604342.3092],[928440.124800000339746,1604320.509099999442697],[928419.568099999800324,1604332.7171],[928406.471099999733269,1604340.435200000181794],[928389.912700000219047,1604350.495300000533462],[928377.529299999587238,1604358.5954],[928364.082000000402331,1604365.753100000321865],[928345.72690000012517,1604375.597200000658631],[928336.997800000011921,1604380.6195],[928325.536700000055134,1604387.442099999636412],[928307.194600000046194,1604396.547399999573827],[928293.416199999861419,1604402.036399999633431],[928279.981700000353158,1604408.455199999734759],[928270.33669999986887,1604414.385500000789762],[928250.541799999773502,1604424.204700000584126],[928238.373700000345707,1604430.276000000536442],[928224.004099999554455,1604438.711200000718236],[928222.477699999697506,1604443.67369999922812]]]]}},
{"type":"Feature","properties":{"รหัสกลุ่มคิว":"51/001","รหัสรับเหมา":"763957","ชื่อ-สกุล รับเหมา":"นาย เดชาวุธ แสงดาว","นักเกษตร":"5101","ศูนย์":"K2-51","โควตา":"764974","ชาวไร่":"นาย บุญส่ง ลอยประโคน","ประเภทอ้อย":"ตอ1","พื้นที่":10.35,"ตันรวม":93.15,"รหัสแปลง":"310706061731","กลุ่ม":"กลุ่ม_51"},"geometry":{"type":"MultiPolygon","coordinates":[[[[927890.927500000223517,1608492.142799999564886],[927876.122899999842048,1608484.309499999508262],[927867.009600000455976,1608511.498299999162555],[927866.575799999758601,1608515.740599999204278],[927848.551400000229478,1608517.090199999511242],[927821.069600000046194,1608513.655899999663234],[927823.769100000150502,1608534.39809999987483],[927824.971099999733269,1608548.092599999159575],[927827.670599999837577,1608568.834699999541044],[927829.60840000025928,1608581.618100000545382],[927830.890700000338256,1608590.694599999114871],[927832.934600000269711,1608607.729800000786781],[927835.322399999946356,1608625.69480000063777],[927838.256400000303984,1608643.299799999222159],[927840.348500000312924,1608657.564099999144673],[927843.202200000174344,1608679.787200000137091],[927844.555200000293553,1608695.147299999371171],[927847.289900000207126,1608713.8575],[927849.44620000012219,1608724.427400000393391],[927850.828099999576807,1608738.125099999830127],[927853.476099999621511,1608761.822799999266863],[927855.22759999986738,1608774.972500000149012],[927856.651200000196695,1608786.268799999728799],[927859.019600000232458,1608805.342199999839067],[927860.356399999931455,1608811.278300000354648],[927871.725599999539554,1608809.6283],[927877.692999999970198,1608808.0691],[927886.857699999585748,1608788.272399999201298],[927889.074900000356138,1608784.984899999573827],[927892.381599999964237,1608781.162100000306964],[927895.659300000406802,1608779.001700000837445],[927902.002600000239909,1608776.525100000202656],[927906.874200000427663,1608775.870799999684095],[927905.138899999670684,1608751.449799999594688],[927905.321999999694526,1608730.573000000789762],[927903.705500000156462,1608709.664799999445677],[927901.651999999769032,1608693.183800000697374],[927898.926900000311434,1608673.919399999082088],[927896.944099999964237,1608653.374500000849366],[927895.086600000038743,1608635.972999999299645],[927892.258600000292063,1608612.272199999541044],[927890.950600000098348,1608583.97829999960959],[927888.244699999690056,1608563.605599999427795],[927887.746500000357628,1608550.847200000658631],[927886.769500000402331,1608534.569599999114871],[927885.689699999988079,1608524.203299999237061],[927884.989099999889731,1608512.7347999997437],[927886.769299999810755,1608503.526799999177456],[927890.927500000223517,1608492.142799999564886]]]]}},
{"type":"Feature","properties":{"รหัสกลุ่มคิว":"51/001","รหัสรับเหมา":"763957","ชื่อ-สกุล รับเหมา":"นาย เดชาวุธ แสงดาว","นักเกษตร":"5101","ศูนย์":"K2-51","โควตา":"751149","ชาวไร่":"นาย สนิท บุญยืด","ประเภทอ้อย":"ตอ1","พื้นที่":16.98,"ตันรวม":152.82,"รหัสแปลง":"310706061732","กลุ่ม":"กลุ่ม_51"},"geometry":{"type":"MultiPolygon","coordinates":[[[[926470.832100000232458,1608025.136800000444055],[926489.064899999648333,1607970.204700000584126],[926509.329599999822676,1607974.620899999514222],[926513.846300000324845,1607952.895700000226498],[926518.861200000159442,1607933.5811],[926522.906000000424683,1607918.314799999818206],[926525.077499999664724,1607907.265900000929832],[926527.233099999837577,1607897.140599999576807],[926531.820899999700487,1607881.698899999260902],[926535.849700000137091,1607867.356200000271201],[926539.284199999645352,1607856.144400000572205],[926543.210500000044703,1607847.7127],[926545.308500000275671,1607840.912399999797344],[926553.690799999982119,1607814.265100000426173],[926501.682099999859929,1607803.01659999974072],[926479.620900000445545,1607798.384500000625849],[926444.139600000344217,1607789.085400000214577],[926429.630199999548495,1607784.95380000025034],[926417.804100000299513,1607781.792500000447035],[926410.448200000450015,1607780.3717],[926405.490100000053644,1607827.588300000876188],[926405.25650000013411,1607841.07289999909699],[926402.982599999755621,1607858.0329],[926400.872700000181794,1607875.91950000077486],[926399.330699999816716,1607881.805700000375509],[926399.688099999912083,1607892.344000000506639],[926398.381199999712408,1607905.440500000491738],[926395.593000000342727,1607920.91330000013113],[926395.095499999821186,1607928.849999999627471],[926395.472199999727309,1607938.280099999159575],[926395.520999999716878,1607945.856799999251962],[926393.523000000044703,1607957.278200000524521],[926392.093799999915063,1607967.046599999070168],[926391.429100000299513,1607974.24129999987781],[926389.6239,1607984.926999999210238],[926386.870900000445545,1607998.367900000885129],[926385.868700000457466,1608004.263399999588728],[926404.314699999988079,1608009.7566],[926410.921799999661744,1608012.827500000596046],[926424.701700000092387,1608017.500800000503659],[926433.841099999845028,1608019.876499999314547],[926447.292999999597669,1608022.696399999782443],[926460.224200000055134,1608024.398600000888109],[926470.832100000232458,1608025.136800000444055]]]]}},
{"type":"Feature","properties":{"รหัสกลุ่มคิว":"51/001","รหัสรับเหมา":"763957","ชื่อ-สกุล รับเหมา":"นาย เดชาวุธ แสงดาว","นักเกษตร":"5101","ศูนย์":"K2-51","โควตา":"751157","ชาวไร่":"นาย อุทัย ลำมะนา","ประเภทอ้อย":"ตอ1","พื้นที่":6.13,"ตันรวม":55.17,"รหัสแปลง":"310706091773","กลุ่ม":"กลุ่ม_51"},"geometry":{"type":"MultiPolygon","coordinates":[[[[927734.406899999827147,1603424.658700000494719],[927602.194099999964237,1603438.44400000013411],[927609.655399999581277,1603454.648900000378489],[927642.265999999828637,1603453.36600000038743],[927659.378100000321865,1603452.9233],[927685.669700000435114,1603452.639599999412894],[927709.100700000301003,1603451.197799999266863],[927730.921400000341237,1603449.17369999922812],[927754.188400000333786,1603446.80519999936223],[927772.949199999682605,1603444.728199999779463],[927789.948499999940395,1603440.403300000354648],[927817.011400000192225,1603437.176699999719858],[927833.978699999861419,1603434.698999999091029],[927852.771599999628961,1603430.774800000712276],[927873.525100000202656,1603427.993300000205636],[927900.035299999639392,1603425.496300000697374],[927916.102699999697506,1603423.003100000321865],[927931.996500000357628,1603420.137399999424815],[927943.393699999898672,1603417.00899999961257],[927946.697599999606609,1603413.370699999853969],[927932.423000000417233,1603405.916899999603629],[927915.699000000022352,1603394.355599999427795],[927904.313900000415742,1603386.397600000724196],[927895.744699999690056,1603382.183900000527501],[927894.797399999573827,1603395.286800000816584],[927876.971699999645352,1603395.347400000318885],[927857.506799999624491,1603396.488199999555945],[927832.799800000153482,1603398.831700000911951],[927816.57799999974668,1603399.844100000336766],[927799.96750000026077,1603402.512700000777841],[927783.389000000432134,1603403.334100000560284],[927769.497499999590218,1603404.941199999302626],[927761.931400000117719,1603405.17960000038147],[927751.835799999535084,1603405.928600000217557],[927745.5329,1603406.004200000315905],[927739.409900000318885,1603406.082900000736117],[927736.957999999634922,1603412.50760000012815],[927737.112399999983609,1603413.988500000908971],[927734.406899999827147,1603424.658700000494719]]]]}},
{"type":"Feature","properties":{"รหัสกลุ่มคิว":"51/001","รหัสรับเหมา":"763957","ชื่อ-สกุล รับเหมา":"นาย เดชาวุธ แสงดาว","นักเกษตร":"5101","ศูนย์":"K2-51","โควตา":"751161","ชาวไร่":"นาย สุจิต ศิลปักษา","ประเภทอ้อย":"ตอ1","พื้นที่":8.87,"ตันรวม":79.83,"รหัสแปลง":"310706091774","กลุ่ม":"กลุ่ม_51"},"geometry":{"type":"MultiPolygon","coordinates":[[[[929028.042799999937415,1604812.816800000146031],[929038.723000000230968,1604809.491699999198318],[929046.430200000293553,1604811.473600000143051],[929055.651200000196695,1604809.231899999082088],[929072.971499999985099,1604807.130999999120831],[929086.724299999885261,1604803.120300000533462],[929103.356800000183284,1604799.159700000658631],[929109.698099999688566,1604796.867799999192357],[929108.900999999605119,1604790.940999999642372],[929104.809500000439584,1604777.750399999320507],[929100.431900000199676,1604760.30489999987185],[929094.816999999806285,1604741.544399999082088],[929089.343399999663234,1604725.003699999302626],[929084.576899999752641,1604698.866699999198318],[929076.191399999894202,1604673.775499999523163],[929074.160099999979138,1604666.348899999633431],[929057.861700000241399,1604671.793600000441074],[929050.234699999913573,1604644.498299999162555],[929042.176900000311434,1604621.260600000619888],[929037.516499999910593,1604609.723099999129772],[929023.513000000268221,1604617.794700000435114],[929005.925800000317395,1604624.880100000649691],[928992.520100000314415,1604629.636],[928983.109400000423193,1604632.42879999987781],[928983.95160000026226,1604646.117200000211596],[928987.050099999643862,1604664.6491],[928993.828599999658763,1604678.625499999150634],[929002.085500000044703,1604680.062599999830127],[929030.712899999693036,1604680.006100000813603],[929033.592600000090897,1604680.056199999526143],[929024.137000000104308,1604685.435200000181794],[929013.302500000223517,1604687.27930000051856],[929001.889499999582767,1604691.330800000578165],[929028.042799999937415,1604812.816800000146031]]]]}},
{"type":"Feature","properties":{"รหัสกลุ่มคิว":"51/001","รหัสรับเหมา":"763957","ชื่อ-สกุล รับเหมา":"นาย เดชาวุธ แสงดาว","นักเกษตร":"5101","ศูนย์":"K2-51","โควตา":"751161","ชาวไร่":"นาย สุจิต ศิลปักษา","ประเภทอ้อย":"ตอ1","พื้นที่":13.01,"ตันรวม":117.09,"รหัสแปลง":"310706091775","กลุ่ม":"กลุ่ม_51"},"geometry":{"type":"MultiPolygon","coordinates":[[[[929029.161299999803305,1604810.618899999186397],[929014.31209999974817,1604743.100600000470877],[929002.291400000452995,1604709.630999999120831],[928998.373300000093877,1604686.465399999171495],[928990.916699999943376,1604680.422700000926852],[928984.809899999760091,1604658.881999999284744],[928982.736700000241399,1604643.509199999272823],[928979.416500000283122,1604637.723200000822544],[928973.650600000284612,1604637.992499999701977],[928952.884700000286102,1604641.511800000444055],[928932.99959999974817,1604646.155099999159575],[928917.343999999575317,1604645.698100000619888],[928892.763199999928474,1604651.183700000867248],[928879.392799999564886,1604653.907700000330806],[928874.147599999792874,1604655.294800000265241],[928880.135700000450015,1604683.670299999415874],[928890.81969999987632,1604731.898800000548363],[928892.963600000366569,1604743.207699999213219],[928895.830599999986589,1604754.344399999827147],[928899.838700000196695,1604772.3377],[928902.339300000108778,1604783.837600000202656],[928905.527800000272691,1604797.197200000286102],[928909.252899999730289,1604810.750900000333786],[928911.470700000412762,1604817.81110000051558],[928913.11629999987781,1604826.70920000039041],[928914.822999999858439,1604832.097500000149012],[928926.910899999551475,1604830.6447],[928937.018899999558926,1604829.157400000840425],[928947.490199999883771,1604827.491699999198318],[928959.227699999697506,1604825.478499999269843],[928969.358199999667704,1604822.698200000450015],[928979.974100000225008,1604823.067600000649691],[928987.032100000418723,1604820.972999999299645],[928996.989099999889731,1604817.82010000012815],[929007.283499999903142,1604815.966600000858307],[929017.594100000336766,1604813.189400000497699],[929029.161299999803305,1604810.618899999186397]]]]}},
{"type":"Feature","properties":{"รหัสกลุ่มคิว":"51/001","รหัสรับเหมา":"763957","ชื่อ-สกุล รับเหมา":"นาย เดชาวุธ แสงดาว","นักเกษตร":"5101","ศูนย์":"K2-51","โควตา":"751156","ชาวไร่":"นาง เพียร โพธิ์แก้ว","ประเภทอ้อย":"ตอ1","พื้นที่":6.52,"ตันรวม":58.68,"รหัสแปลง":"310706091776","กลุ่ม":"กลุ่ม_51"},"geometry":{"type":"MultiPolygon","coordinates":[[[[929094.855999999679625,1605153.23619999922812],[929076.738800000399351,1604973.498999999836087],[929054.5943,1604973.483300000429153],[929052.18709999974817,1604977.32179999910295],[929053.446999999694526,1604987.691500000655651],[929056.291400000452995,1605031.16440000012517],[929058.939799999818206,1605065.210100000724196],[929067.5148,1605120.793400000780821],[929072.06900000013411,1605148.77449999935925],[929076.472099999897182,1605185.437699999660254],[929076.703499999828637,1605203.180600000545382],[929072.129999999888241,1605217.698699999600649],[929050.159300000406802,1605280.141799999400973],[929041.93790000025183,1605318.0636],[929075.652300000190735,1605325.671900000423193],[929078.361600000411272,1605314.816999999806285],[929082.790500000119209,1605298.26380000077188],[929087.974700000137091,1605279.691099999472499],[929097.279099999926984,1605251.951199999079108],[929100.747000000439584,1605238.892100000753999],[929103.482200000435114,1605226.559399999678135],[929104.382100000046194,1605216.227299999445677],[929106.259100000374019,1605201.47749999910593],[929107.87569999974221,1605191.342700000852346],[929108.830299999564886,1605177.870400000363588],[929111.051199999637902,1605164.050499999895692],[929113.140300000086427,1605157.804300000891089],[929094.855999999679625,1605153.23619999922812]]]]}},
{"type":"Feature","properties":{"รหัสกลุ่มคิว":"51/001","รหัสรับเหมา":"763957","ชื่อ-สกุล รับเหมา":"นาย เดชาวุธ แสงดาว","นักเกษตร":"5101","ศูนย์":"K2-51","โควตา":"751162","ชาวไร่":"นาย ชมภู วาระสิทธิ์","ประเภทอ้อย":"ตอ1","พื้นที่":11.06,"ตันรวม":99.54,"รหัสแปลง":"310706091777","กลุ่ม":"กลุ่ม_51"},"geometry":{"type":"MultiPolygon","coordinates":[[[[927838.581899999640882,1605370.326999999582767],[927849.917399999685585,1605370.708399999886751],[927860.751400000415742,1605368.863900000229478],[927901.60329999960959,1605369.75760000012815],[927938.145299999974668,1605370.022199999541044],[927981.031600000336766,1605367.810100000351667],[928006.257500000298023,1605366.58500000089407],[928038.875300000421703,1605364.749099999666214],[928085.377199999988079,1605361.676000000908971],[928097.165599999949336,1605356.706900000572205],[928097.701999999582767,1605346.553400000557303],[928096.599299999885261,1605337.480100000277162],[928094.805499999783933,1605326.731799999251962],[928094.226300000213087,1605308.243899999186397],[928090.385099999606609,1605290.992799999192357],[928066.071800000034273,1605291.494599999859929],[928058.159099999815226,1605290.987700000405312],[928040.154799999669194,1605291.044700000435114],[928022.307900000363588,1605292.397900000214577],[928000.138399999588728,1605293.8608],[927964.113699999637902,1605294.898600000888109],[927947.002899999730289,1605295.340700000524521],[927928.439399999566376,1605296.496799999848008],[927900.14740000013262,1605298.0384],[927883.206899999640882,1605299.037799999117851],[927874.924700000323355,1605299.0789],[927860.65500000026077,1605301.787699999287724],[927838.581899999640882,1605370.326999999582767]]]]}},
{"type":"Feature","properties":{"รหัสกลุ่มคิว":"51/001","รหัสรับเหมา":"763957","ชื่อ-สกุล รับเหมา":"นาย เดชาวุธ แสงดาว","นักเกษตร":"5101","ศูนย์":"K2-51","โควตา":"764964","ชาวไร่":"นาง บังอร บุญปัญญา","ประเภทอ้อย":"ตอ1","พื้นที่":29.57,"ตันรวม":266.13,"รหัสแปลง":"310706091778","กลุ่ม":"กลุ่ม_51"},"geometry":{"type":"MultiPolygon","coordinates":[[[[928237.591199999675155,1604796.863399999216199],[928227.248800000175834,1604801.488099999725819],[928217.392599999904633,1604829.957699999213219],[928141.44620000012219,1604828.269799999892712],[928125.929100000299513,1604830.217800000682473],[928120.594200000166893,1604836.777200000360608],[928094.240100000053644,1604923.720000000670552],[928087.041199999861419,1604933.942600000649691],[928127.379700000397861,1604933.34940000064671],[928131.111999999731779,1604956.880999999120831],[928224.513500000350177,1604969.404500000178814],[928238.860700000077486,1604972.61009999923408],[928251.649100000038743,1604972.277799999341369],[928259.542600000277162,1604973.893100000917912],[928251.50760000012815,1605063.371300000697374],[928245.627999999560416,1605122.028899999335408],[928241.159400000236928,1605182.373999999836087],[928252.755499999970198,1605188.488299999386072],[928388.435800000093877,1605213.018400000408292],[928396.86600000038743,1605214.8279],[928370.374200000427663,1605123.086799999698997],[928360.99210000038147,1605103.521999999880791],[928334.581100000068545,1605038.205800000578165],[928321.997499999590218,1605006.020500000566244],[928302.879200000315905,1604956.167700000107288],[928291.295099999755621,1604928.619300000369549],[928281.469100000336766,1604903.503499999642372],[928270.103500000201166,1604873.741599999368191],[928254.990199999883771,1604842.066700000315905],[928237.591199999675155,1604796.863399999216199]]]]}},
{"type":"Feature","properties":{"รหัสกลุ่มคิว":"51/001","รหัสรับเหมา":"763957","ชื่อ-สกุล รับเหมา":"นาย เดชาวุธ แสงดาว","นักเกษตร":"5101","ศูนย์":"K2-51","โควตา":"764964","ชาวไร่":"นาง บังอร บุญปัญญา","ประเภทอ้อย":"ตอ1","พื้นที่":2.42,"ตันรวม":21.78,"รหัสแปลง":"310706091781","กลุ่ม":"กลุ่ม_51"},"geometry":{"type":"MultiPolygon","coordinates":[[[[927562.370000000111759,1606213.479900000616908],[927559.743800000287592,1606271.454500000923872],[927589.596699999645352,1606273.265900000929832],[927600.038200000301003,1606273.262299999594688],[927608.853600000031292,1606273.599999999627471],[927614.596699999645352,1606274.62360000051558],[927623.762400000356138,1606275.521800000220537],[927631.684299999848008,1606275.474500000476837],[927630.523400000296533,1606259.378599999472499],[927629.282399999909103,1606247.900900000706315],[927629.969800000078976,1606239.41300000064075],[927630.669999999925494,1606230.186300000175834],[927621.850899999961257,1606219.685699999332428],[927562.370000000111759,1606213.479900000616908]]]]}},
{"type":"Feature","properties":{"รหัสกลุ่มคิว":"51/001","รหัสรับเหมา":"763957","ชื่อ-สกุล รับเหมา":"นาย เดชาวุธ แสงดาว","นักเกษตร":"5101","ศูนย์":"K2-51","โควตา":"764964","ชาวไร่":"นาง บังอร บุญปัญญา","ประเภทอ้อย":"ตอ1","พื้นที่":6.15,"ตันรวม":55.35,"รหัสแปลง":"310706091782","กลุ่ม":"กลุ่ม_51"},"geometry":{"type":"MultiPolygon","coordinates":[[[[927547.082899999804795,1606036.197699999436736],[927551.75040000025183,1606157.864199999719858],[927621.992499999701977,1606151.806800000369549],[927619.921400000341237,1606123.382999999448657],[927617.262500000186265,1606100.239700000733137],[927617.039900000207126,1606081.942800000309944],[927620.432699999772012,1606062.784800000488758],[927604.1546,1606056.774299999698997],[927588.943400000222027,1606051.52140000090003],[927578.205900000408292,1606047.824300000444055],[927567.288399999961257,1606044.124099999666214],[927556.737300000153482,1606040.060799999162555],[927547.082899999804795,1606036.197699999436736]]]]}},
{"type":"Feature","properties":{"รหัสกลุ่มคิว":"51/001","รหัสรับเหมา":"763957","ชื่อ-สกุล รับเหมา":"นาย เดชาวุธ แสงดาว","นักเกษตร":"5101","ศูนย์":"K2-51","โควตา":"751079","ชาวไร่":"นาย สมหวัง วังหอม","ประเภทอ้อย":"ตอ1","พื้นที่":4.33,"ตันรวม":38.97,"รหัสแปลง":"310706091786","กลุ่ม":"กลุ่ม_51"},"geometry":{"type":"MultiPolygon","coordinates":[[[[928527.785000000149012,1605502.956499999389052],[928541.315999999642372,1605532.386800000444055],[928551.867200000211596,1605526.102900000289083],[928611.253299999982119,1605496.461799999698997],[928669.312300000339746,1605470.67820000089705],[928733.760700000450015,1605439.831900000572205],[928717.549300000071526,1605409.246099999174476],[928527.785000000149012,1605502.956499999389052]]]]}},
{"type":"Feature","properties":{"รหัสกลุ่มคิว":"51/001","รหัสรับเหมา":"763957","ชื่อ-สกุล รับเหมา":"นาย เดชาวุธ แสงดาว","นักเกษตร":"5101","ศูนย์":"K2-51","โควตา":"751147","ชาวไร่":"นาย จอน จูมศิลป์","ประเภทอ้อย":"ตอ1","พื้นที่":9.64,"ตันรวม":86.76,"รหัสแปลง":"310706091789","กลุ่ม":"กลุ่ม_51"},"geometry":{"type":"MultiPolygon","coordinates":[[[[927241.634399999864399,1605939.436300000175834],[927266.028599999845028,1605861.51380000077188],[927031.038499999791384,1605823.073100000619888],[927036.152700000442564,1605881.181500000879169],[927051.2352,1605883.475400000810623],[927051.951399999670684,1605831.750399999320507],[927051.45299999974668,1605829.339600000530481],[927082.524500000290573,1605833.5735],[927068.103000000119209,1605907.418999999761581],[927241.634399999864399,1605939.436300000175834]]]]}},
{"type":"Feature","properties":{"รหัสกลุ่มคิว":"51/001","รหัสรับเหมา":"763957","ชื่อ-สกุล รับเหมา":"นาย เดชาวุธ แสงดาว","นักเกษตร":"5101","ศูนย์":"K2-51","โควตา":"751156","ชาวไร่":"นาง เพียร โพธิ์แก้ว","ประเภทอ้อย":"ตอ1","พื้นที่":1.24,"ตันรวม":11.16,"รหัสแปลง":"310706091793","กลุ่ม":"กลุ่ม_51"},"geometry":{"type":"MultiPolygon","coordinates":[[[[928988.059399999678135,1605372.5603],[928994.503299999982119,1605374.705],[929023.730899999849498,1605381.495999999344349],[929031.283699999563396,1605350.9539],[929036.821299999952316,1605332.756999999284744],[929030.628100000321865,1605326.5515],[929002.663499999791384,1605319.5976],[928988.059399999678135,1605372.5603]]]]}},
{"type":"Feature","properties":{"รหัสกลุ่มคิว":"51/001","รหัสรับเหมา":"763957","ชื่อ-สกุล รับเหมา":"นาย เดชาวุธ แสงดาว","นักเกษตร":"5101","ศูนย์":"K2-51","โควตา":"751134","ชาวไร่":"นาย ศาศวัต แก้วรากยาง","ประเภทอ้อย":"ตอ1","พื้นที่":11.6,"ตันรวม":104.4,"รหัสแปลง":"310706061738","กลุ่ม":"กลุ่ม_51"},"geometry":{"type":"MultiPolygon","coordinates":[[[[928196.27379999961704,1608561.75760000012815],[928187.321100000292063,1608559.01490000076592],[928167.14989999961108,1608559.587799999862909],[928149.861299999989569,1608560.026100000366569],[928136.371100000105798,1608559.421800000593066],[928117.716799999587238,1608555.586400000378489],[928084.167899999767542,1608549.089800000190735],[928082.837500000372529,1608563.479399999603629],[928090.629700000397861,1608736.383500000461936],[928105.177099999971688,1608738.299599999561906],[928174.170300000347197,1608745.782800000160933],[928178.424999999813735,1608739.204700000584126],[928196.27379999961704,1608561.75760000012815]]]]}},
{"type":"Feature","properties":{"รหัสกลุ่มคิว":"51/001","รหัสรับเหมา":"763957","ชื่อ-สกุล รับเหมา":"นาย เดชาวุธ แสงดาว","นักเกษตร":"5101","ศูนย์":"K2-51","โควตา":"751179","ชาวไร่":"นาย ดวบ เมยประโคน","ประเภทอ้อย":"ตอ1","พื้นที่":12.48,"ตันรวม":112.32,"รหัสแปลง":"310706071683","กลุ่ม":"กลุ่ม_51"},"geometry":{"type":"MultiPolygon","coordinates":[[[[928025.125799999572337,1608983.586899999529123],[928010.893500000238419,1608984.2631],[928010.729500000365078,1608993.684000000357628],[927992.486899999901652,1608997.246899999678135],[928007.721599999815226,1609042.41330000013113],[928089.683299999684095,1609039.035299999639392],[928077.247700000181794,1608988.189400000497699],[928122.814100000075996,1608997.112700000405312],[928146.63910000026226,1608931.37639999948442],[928156.3597999997437,1608931.3608],[928166.784300000406802,1608921.933700000867248],[928177.379499999806285,1608871.6733],[928038.629099999554455,1608859.2807],[928031.003399999812245,1608904.4189],[928025.125799999572337,1608983.586899999529123]]]]}},
{"type":"Feature","properties":{"รหัสกลุ่มคิว":"51/001","รหัสรับเหมา":"763957","ชื่อ-สกุล รับเหมา":"นาย เดชาวุธ แสงดาว","นักเกษตร":"5101","ศูนย์":"K2-51","โควตา":"767393","ชาวไร่":"นาย ปัณณวิชญ์ นามมุลตรีปัดตา","ประเภทอ้อย":"ตอ1","พื้นที่":11.72,"ตันรวม":105.48,"รหัสแปลง":"310706071684","กลุ่ม":"กลุ่ม_51"},"geometry":{"type":"MultiPolygon","coordinates":[[[[926879.716099999845028,1609275.9561],[926926.711400000378489,1609275.108799999579787],[926923.333300000056624,1609251.953099999576807],[926899.150100000202656,1609182.981100000441074],[926835.924200000241399,1609040.344900000840425],[926790.03110000025481,1609050.265599999576807],[926764.53000000026077,1609057.214199999347329],[926775.046799999661744,1609115.04700000025332],[926805.716400000266731,1609214.804199999198318],[926854.575400000438094,1609210.293500000610948],[926879.716099999845028,1609275.9561]]]]}},
{"type":"Feature","properties":{"รหัสกลุ่มคิว":"51/001","รหัสรับเหมา":"763957","ชื่อ-สกุล รับเหมา":"นาย เดชาวุธ แสงดาว","นักเกษตร":"5101","ศูนย์":"K2-51","โควตา":"767434","ชาวไร่":"นาย ศุภกฤต โงชาฤทธิ์","ประเภทอ้อย":"ตอ1","พื้นที่":7.18,"ตันรวม":64.62,"รหัสแปลง":"310706061740","กลุ่ม":"กลุ่ม_51"},"geometry":{"type":"MultiPolygon","coordinates":[[[[928412.428199999965727,1608181.362999999895692],[928417.04619999974966,1608174.606599999591708],[928410.185200000181794,1608175.780600000172853],[928399.021300000138581,1608175.955800000578165],[928393.905299999751151,1608180.3015],[928390.016900000162423,1608186.51630000025034],[928386.674700000323355,1608192.371099999174476],[928382.03110000025481,1608200.6053],[928372.58629999961704,1608215.777699999511242],[928366.878999999724329,1608223.069499999284744],[928350.595700000412762,1608248.470499999821186],[928340.620799999684095,1608263.079199999570847],[928331.751299999654293,1608276.229000000283122],[928323.958399999886751,1608289.582299999892712],[928310.760200000368059,1608313.558700000867248],[928296.896900000050664,1608334.38230000063777],[928290.042299999855459,1608345.534499999135733],[928138.434200000017881,1608554.653400000184774],[928190.364199999719858,1608559.991800000891089],[928227.557699999772012,1608491.531500000506639],[928295.389499999582767,1608369.279400000348687],[928304.731200000271201,1608360.018200000748038],[928412.428199999965727,1608181.362999999895692]]]]}},
{"type":"Feature","properties":{"รหัสกลุ่มคิว":"51/001","รหัสรับเหมา":"763957","ชื่อ-สกุล รับเหมา":"นาย เดชาวุธ แสงดาว","นักเกษตร":"5101","ศูนย์":"K2-51","โควตา":"751056","ชาวไร่":"นาย วิรุฬ ศรีสัน","ประเภทอ้อย":"ตอ1","พื้นที่":9.86,"ตันรวม":88.74,"รหัสแปลง":"310706061741","กลุ่ม":"กลุ่ม_51"},"geometry":{"type":"MultiPolygon","coordinates":[[[[927590.577800000086427,1608445.716399999335408],[927658.91260000038892,1608439.32799999974668],[927665.599899999797344,1608437.781199999153614],[927664.870199999772012,1608427.975299999117851],[927661.000900000333786,1608412.386600000783801],[927658.372000000439584,1608397.928300000727177],[927653.136699999682605,1608367.718399999663234],[927650.642799999564886,1608355.849300000816584],[927648.505599999800324,1608344.1711],[927647.840300000272691,1608341.018300000578165],[927647.100999999791384,1608331.76659999974072],[927647.968500000424683,1608323.281899999827147],[927647.197100000455976,1608315.877299999818206],[927645.069799999706447,1608313.992599999532104],[927635.689600000157952,1608315.122999999672174],[927628.398000000044703,1608310.00730000063777],[927626.681900000199676,1608305.1733],[927628.458800000138581,1608296.150000000372529],[927632.343799999915063,1608290.119799999520183],[927640.461099999956787,1608289.152200000360608],[927645.862999999895692,1608289.061300000175834],[927644.262299999594688,1608267.229699999094009],[927641.970800000242889,1608254.070599999278784],[927640.5148,1608244.621600000187755],[927638.715099999681115,1608234.242799999192357],[927636.047600000165403,1608222.0011],[927624.443699999712408,1608226.788499999791384],[927613.007100000046194,1608242.665400000289083],[927595.313500000163913,1608245.684000000357628],[927582.845200000330806,1608248.423900000751019],[927582.369699999690056,1608255.067600000649691],[927573.314100000075996,1608258.236300000920892],[927565.16469999961555,1608261.051100000739098],[927558.824500000104308,1608263.343100000172853],[927556.747600000351667,1608362.163200000301003],[927584.602300000376999,1608364.864499999210238],[927588.954599999822676,1608425.177799999713898],[927590.577800000086427,1608445.716399999335408]]]]}},
{"type":"Feature","properties":{"รหัสกลุ่มคิว":"51/001","รหัสรับเหมา":"763957","ชื่อ-สกุล รับเหมา":"นาย เดชาวุธ แสงดาว","นักเกษตร":"5101","ศูนย์":"K2-51","โควตา":"760311","ชาวไร่":"นาย ชุติกาญจน์ วะดี","ประเภทอ้อย":"ตอ1","พื้นที่":6.82,"ตันรวม":61.38,"รหัสแปลง":"310706091795","กลุ่ม":"กลุ่ม_51"},"geometry":{"type":"MultiPolygon","coordinates":[[[[927498.051599999889731,1605946.4693],[927507.130900000222027,1605952.354800000786781],[927525.861499999649823,1605962.288200000301003],[927572.533400000073016,1605980.466900000348687],[927598.89670000039041,1605924.012700000777841],[927625.577899999916553,1605859.618599999696016],[927620.252299999818206,1605855.2763],[927602.894100000150502,1605849.247099999338388],[927576.051799999549985,1605839.912200000137091],[927547.008100000210106,1605832.941199999302626],[927498.051599999889731,1605946.4693]]]]}},
{"type":"Feature","properties":{"รหัสกลุ่มคิว":"51/001","รหัสรับเหมา":"763957","ชื่อ-สกุล รับเหมา":"นาย เดชาวุธ แสงดาว","นักเกษตร":"5101","ศูนย์":"K2-51","โควตา":"751185","ชาวไร่":"นาย ชัชวาลย์ เหนือคูเมือง","ประเภทอ้อย":"ตอ1","พื้นที่":15.09,"ตันรวม":135.81,"รหัสแปลง":"310706091796","กลุ่ม":"กลุ่ม_51"},"geometry":{"type":"MultiPolygon","coordinates":[[[[928224.876400000415742,1605912.522099999710917],[928225.451299999840558,1605900.151900000870228],[928225.644100000150502,1605899.41609999909997],[928224.75040000025183,1605888.683399999514222],[928224.116899999789894,1605873.335699999704957],[928236.695899999700487,1605874.66300000064075],[928241.651300000026822,1605858.8581000007689],[927876.458100000396371,1605833.114399999380112],[927880.576299999840558,1605865.521999999880791],[927858.378499999642372,1605868.64750000089407],[927861.492999999783933,1605875.9079],[927864.511300000362098,1605888.71000000089407],[927868.872800000011921,1605896.731200000271201],[927877.49309999961406,1605918.684599999338388],[928143.932500000111759,1605908.528999999165535],[928224.876400000415742,1605912.522099999710917]]]]}},
{"type":"Feature","properties":{"รหัสกลุ่มคิว":"51/001","รหัสรับเหมา":"763957","ชื่อ-สกุล รับเหมา":"นาย เดชาวุธ แสงดาว","นักเกษตร":"5101","ศูนย์":"K2-51","โควตา":"751160","ชาวไร่":"นาย สุขุม ทองกุล","ประเภทอ้อย":"ตอ1","พื้นที่":9.25,"ตันรวม":83.25,"รหัสแปลง":"310706151710","กลุ่ม":"กลุ่ม_51"},"geometry":{"type":"MultiPolygon","coordinates":[[[[929819.288499999791384,1605145.156400000676513],[929811.443599999882281,1605130.421900000423193],[929787.268699999898672,1605102.28319999948144],[929573.461900000460446,1605190.76410000026226],[929519.752600000239909,1605214.774000000208616],[929518.393000000156462,1605220.47859999909997],[929530.567200000397861,1605234.733999999240041],[929552.978199999779463,1605240.113500000908971],[929564.902099999599159,1605237.734300000593066],[929569.028800000436604,1605238.545299999415874],[929574.447599999606609,1605237.530999999493361],[929579.00829999987036,1605234.099600000306964],[929584.459300000220537,1605231.238099999725819],[929591.873999999836087,1605229.334599999710917],[929606.442999999970198,1605230.142799999564886],[929623.004599999636412,1605230.246500000357628],[929629.84389999974519,1605230.36570000089705],[929642.870299999602139,1605226.712200000882149],[929684.328099999576807,1605203.228199999779463],[929709.230399999767542,1605189.618699999526143],[929819.288499999791384,1605145.156400000676513]]]]}},
{"type":"Feature","properties":{"รหัสกลุ่มคิว":"51/001","รหัสรับเหมา":"763957","ชื่อ-สกุล รับเหมา":"นาย เดชาวุธ แสงดาว","นักเกษตร":"5101","ศูนย์":"K2-51","โควตา":"751129","ชาวไร่":"นาย ฉลอง บุญโย","ประเภทอ้อย":"ตอ1","พื้นที่":0.65,"ตันรวม":5.85,"รหัสแปลง":"310706091798","กลุ่ม":"กลุ่ม_51"},"geometry":{"type":"MultiPolygon","coordinates":[[[[927680.650700000114739,1603731.93610000051558],[927677.933400000445545,1603712.117799999192357],[927670.900999999605119,1603712.73509999923408],[927617.94620000012219,1603724.382500000298023],[927621.25719999987632,1603730.722300000488758],[927624.729000000283122,1603738.173499999567866],[927680.650700000114739,1603731.93610000051558]]]]}},
{"type":"Feature","properties":{"รหัสกลุ่มคิว":"51/001","รหัสรับเหมา":"763957","ชื่อ-สกุล รับเหมา":"นาย เดชาวุธ แสงดาว","นักเกษตร":"5101","ศูนย์":"K2-51","โควตา":"751084","ชาวไร่":"นาย จำนงค์ ชัยสาน","ประเภทอ้อย":"ตอ1","พื้นที่":4.26,"ตันรวม":38.34,"รหัสแปลง":"310706061744","กลุ่ม":"กลุ่ม_51"},"geometry":{"type":"MultiPolygon","coordinates":[[[[926013.580599999986589,1607433.700200000777841],[926014.974499999545515,1607425.9638],[926018.244800000451505,1607413.825200000777841],[926021.74930000025779,1607398.549499999731779],[926013.496700000017881,1607396.928600000217557],[925854.985999999567866,1607350.58],[925840.972599999979138,1607390.61849999986589],[926013.580599999986589,1607433.700200000777841]]]]}},
{"type":"Feature","properties":{"รหัสกลุ่มคิว":"51/001","รหัสรับเหมา":"763957","ชื่อ-สกุล รับเหมา":"นาย เดชาวุธ แสงดาว","นักเกษตร":"5101","ศูนย์":"K2-51","โควตา":"751193","ชาวไร่":"นางสาว วารินทร์ ลีแสน","ประเภทอ้อย":"ตอ1","พื้นที่":6.6,"ตันรวม":59.4,"รหัสแปลง":"310706091799","กลุ่ม":"กลุ่ม_51"},"geometry":{"type":"MultiPolygon","coordinates":[[[[928215.213999999687076,1605017.655099999159575],[928191.424399999901652,1605019.089800000190735],[928182.839800000190735,1605015.799499999731779],[928174.245500000193715,1605013.063400000333786],[928165.063299999572337,1605013.0888],[928152.268500000238419,1605013.7906],[928119.277400000020862,1605016.359099999070168],[928102.330299999564886,1605017.727900000289083],[928105.175900000147521,1605050.852700000628829],[928104.874499999918044,1605068.216600000858307],[928103.454300000332296,1605077.4309],[928107.2796,1605095.605599999427795],[928107.697700000368059,1605102.634400000795722],[928119.412499999627471,1605101.913899999111891],[928168.617899999953806,1605098.70299999974668],[928173.467699999921024,1605099.341600000858307],[928184.816200000233948,1605098.984300000593066],[928205.870699999853969,1605099.534600000828505],[928208.640700000338256,1605085.17],[928235.965699999593198,1605087.492200000211596],[928239.873300000093877,1605069.8213],[928239.789200000464916,1605053.928899999707937],[928240.502299999818206,1605043.963199999183416],[928240.669099999591708,1605034.357599999755621],[928227.932099999859929,1605031.734300000593066],[928218.071600000374019,1605029.345799999311566],[928215.213999999687076,1605017.655099999159575]]]]}},
{"type":"Feature","properties":{"รหัสกลุ่มคิว":"51/001","รหัสรับเหมา":"763957","ชื่อ-สกุล รับเหมา":"นาย เดชาวุธ แสงดาว","นักเกษตร":"5101","ศูนย์":"K2-51","โควตา":"751204","ชาวไร่":"นาง คณาพร พอกทรัพย์","ประเภทอ้อย":"ตอ1","พื้นที่":6.28,"ตันรวม":56.52,"รหัสแปลง":"310706071686","กลุ่ม":"กลุ่ม_51"},"geometry":{"type":"MultiPolygon","coordinates":[[[[927803.550999999977648,1609427.820699999108911],[927815.755400000140071,1609429.880799999460578],[927818.914200000464916,1609403.512399999424815],[927846.983,1609393.837799999862909],[927844.03000000026077,1609356.645899999886751],[927827.828099999576807,1609294.648],[927822.484199999831617,1609260.370999999344349],[927820.514399999752641,1609249.434800000861287],[927807.953200000338256,1609195.445699999108911],[927793.328999999910593,1609197.962999999523163],[927767.789099999703467,1609238.170099999755621],[927803.550999999977648,1609427.820699999108911]]]]}},
{"type":"Feature","properties":{"รหัสกลุ่มคิว":"51/001","รหัสรับเหมา":"763957","ชื่อ-สกุล รับเหมา":"นาย เดชาวุธ แสงดาว","นักเกษตร":"5101","ศูนย์":"K2-51","โควตา":"763957","ชาวไร่":"นาย เดชาวุธ แสงดาว","ประเภทอ้อย":"ตอ1","พื้นที่":21.51,"ตันรวม":193.59,"รหัสแปลง":"310706061750","กลุ่ม":"กลุ่ม_51"},"geometry":{"type":"MultiPolygon","coordinates":[[[[926947.942800000309944,1607501.43610000051558],[926947.020600000396371,1607502.713500000536442],[926936.557199999690056,1607504.010299999266863],[926928.497399999760091,1607501.653200000524521],[926922.77379999961704,1607499.521500000730157],[926913.582999999634922,1607500.101199999451637],[926905.330400000326335,1607498.479900000616908],[926897.980800000019372,1607496.689500000327826],[926889.554700000211596,1607494.695599999278784],[926889.661000000312924,1607498.947300000116229],[926888.777800000272691,1607508.355599999427795],[926889.041699999943376,1607513.9035],[926888.871899999678135,1607523.69370000064373],[926890.38910000026226,1607529.63289999961853],[926891.703900000080466,1607536.8619],[926893.220999999903142,1607542.801100000739098],[926894.751000000163913,1607548.00139999948442],[926934.956699999980628,1607969.989099999889731],[926941.172500000335276,1607985.24860000051558],[926939.756299999542534,1608004.625600000843406],[926946.189399999566376,1608059.246300000697374],[926947.565499999560416,1608073.313100000843406],[926955.994599999859929,1608075.122400000691414],[926966.113900000229478,1608072.8958],[926982.200500000268221,1608069.1097999997437],[927007.490699999965727,1608064.005200000479817],[926947.942800000309944,1607501.43610000051558]]]]}},
{"type":"Feature","properties":{"รหัสกลุ่มคิว":"51/001","รหัสรับเหมา":"763957","ชื่อ-สกุล รับเหมา":"นาย เดชาวุธ แสงดาว","นักเกษตร":"5101","ศูนย์":"K2-51","โควตา":"751149","ชาวไร่":"นาย สนิท บุญยืด","ประเภทอ้อย":"ตอ1","พื้นที่":0.67,"ตันรวม":6.03,"รหัสแปลง":"310706061751","กลุ่ม":"กลุ่ม_51"},"geometry":{"type":"MultiPolygon","coordinates":[[[[926546.033999999985099,1608017.201099999248981],[926549.359199999831617,1608053.8443],[926578.804800000041723,1608058.234899999573827],[926578.587600000202656,1608029.221300000324845],[926576.520999999716878,1608023.826999999582767],[926546.033999999985099,1608017.201099999248981]]]]}},
{"type":"Feature","properties":{"รหัสกลุ่มคิว":"51/001","รหัสรับเหมา":"763957","ชื่อ-สกุล รับเหมา":"นาย เดชาวุธ แสงดาว","นักเกษตร":"5101","ศูนย์":"K2-51","โควตา":"767548","ชาวไร่":"นาย จิรวัฒน์ บุญปัญญา","ประเภทอ้อย":"ตอ1","พื้นที่":20.75,"ตันรวม":186.75,"รหัสแปลง":"310706091802","กลุ่ม":"กลุ่ม_51"},"geometry":{"type":"MultiPolygon","coordinates":[[[[928979.013899999670684,1604070.625700000673532],[929230.524000000208616,1603978.173900000751019],[929237.019700000062585,1603967.0153],[929235.917200000025332,1603957.9419],[929233.966099999845028,1603945.897199999541044],[929234.547799999825656,1603933.157400000840425],[929240.52280000038445,1603920.880999999120831],[929248.030799999833107,1603903.272700000554323],[929227.981100000441074,1603906.989199999719858],[929207.05379999987781,1603909.3969],[929190.796799999661744,1603912.440300000831485],[929173.093299999833107,1603915.82799999974668],[929168.040500000119209,1603895.783900000154972],[929165.057599999941885,1603880.949500000104308],[929161.589499999769032,1603873.313200000673532],[929180.057900000363588,1603867.351800000295043],[929197.253499999642372,1603862.1074],[928991.613400000147521,1603894.749199999496341],[929002.295800000429153,1604005.248700000345707],[928964.925400000065565,1604011.066400000825524],[928958.934399999678135,1604013.918700000271201],[928979.013899999670684,1604070.625700000673532]]]]}},
{"type":"Feature","properties":{"รหัสกลุ่มคิว":"51/001","รหัสรับเหมา":"763957","ชื่อ-สกุล รับเหมา":"นาย เดชาวุธ แสงดาว","นักเกษตร":"5101","ศูนย์":"K2-51","โควตา":"751092","ชาวไร่":"นาง ขนิษฐา วงศ์เพ็ญ","ประเภทอ้อย":"ปลายฝน","พื้นที่":15.6,"ตันรวม":202.8,"รหัสแปลง":"310706091809","กลุ่ม":"กลุ่ม_51"},"geometry":{"type":"MultiPolygon","coordinates":[[[[928421.583100000396371,1605838.085799999535084],[928480.225300000049174,1605970.3059],[928634.763799999840558,1605904.682800000533462],[928620.38219999987632,1605862.446000000461936],[928605.3432,1605815.520199999213219],[928588.065600000321865,1605770.605499999597669],[928421.583100000396371,1605838.085799999535084]]]]}},
{"type":"Feature","properties":{"รหัสกลุ่มคิว":"51/001","รหัสรับเหมา":"763957","ชื่อ-สกุล รับเหมา":"นาย เดชาวุธ แสงดาว","นักเกษตร":"5101","ศูนย์":"K2-51","โควตา":"751162","ชาวไร่":"นาย ชมภู วาระสิทธิ์","ประเภทอ้อย":"ปลายฝน","พื้นที่":2.0,"ตันรวม":26.0,"รหัสแปลง":"310706091811","กลุ่ม":"กลุ่ม_51"},"geometry":{"type":"MultiPolygon","coordinates":[[[[927807.67200000025332,1605539.250499999150634],[927785.172799999825656,1605484.962200000882149],[927767.165300000458956,1605488.99129999987781],[927748.693699999712408,1605498.227600000798702],[927735.980499999597669,1605505.036000000312924],[927743.621199999935925,1605520.698699999600649],[927745.358599999919534,1605528.703500000759959],[927749.41370000038296,1605539.40819999948144],[927756.894999999552965,1605559.206900000572205],[927807.67200000025332,1605539.250499999150634]]]]}},
{"type":"Feature","properties":{"รหัสกลุ่มคิว":"51/001","รหัสรับเหมา":"763957","ชื่อ-สกุล รับเหมา":"นาย เดชาวุธ แสงดาว","นักเกษตร":"5101","ศูนย์":"K2-51","โควตา":"751149","ชาวไร่":"นาย สนิท บุญยืด","ประเภทอ้อย":"ปลายฝน","พื้นที่":16.94,"ตันรวม":220.22,"รหัสแปลง":"310706061755","กลุ่ม":"กลุ่ม_51"},"geometry":{"type":"MultiPolygon","coordinates":[[[[926509.790699999779463,1607980.960100000724196],[926576.315000000409782,1607992.689400000497699],[926577.83490000013262,1607984.758899999782443],[926582.632100000046194,1607966.339700000360608],[926586.059999999590218,1607940.549699999392033],[926591.086500000208616,1607914.3794],[926595.934600000269711,1607882.799200000241399],[926598.069299999624491,1607866.443600000813603],[926602.681200000457466,1607834.161800000816584],[926609.299899999983609,1607801.8761],[926614.523699999786913,1607779.093900000676513],[926622.584400000050664,1607756.961799999698997],[926524.003100000321865,1607732.49970000050962],[926478.411299999803305,1607718.948100000619888],[926416.669999999925494,1607704.660199999809265],[926408.404099999926984,1607786.912100000306964],[926550.197900000028312,1607824.960799999535084],[926544.676199999637902,1607844.803099999204278],[926540.696600000374019,1607856.3684],[926528.66440000012517,1607895.590299999341369],[926520.553899999707937,1607927.274800000712276],[926509.790699999779463,1607980.960100000724196]]]]}},
{"type":"Feature","properties":{"รหัสกลุ่มคิว":"51/001","รหัสรับเหมา":"763957","ชื่อ-สกุล รับเหมา":"นาย เดชาวุธ แสงดาว","นักเกษตร":"5101","ศูนย์":"K2-51","โควตา":"751092","ชาวไร่":"นาง ขนิษฐา วงศ์เพ็ญ","ประเภทอ้อย":"ปลายฝน","พื้นที่":11.51,"ตันรวม":149.63,"รหัสแปลง":"310706151714","กลุ่ม":"กลุ่ม_51"},"geometry":{"type":"MultiPolygon","coordinates":[[[[930044.386699999682605,1602565.34940000064671],[930046.45409999974072,1602509.894200000911951],[930046.259899999946356,1602492.564200000837445],[930047.731399999931455,1602475.122400000691414],[930049.423999999649823,1602451.994599999859929],[930051.106399999931455,1602426.8432],[929889.678299999795854,1602425.651200000196695],[929907.250500000081956,1602471.142799999564886],[929929.035600000061095,1602518.388499999418855],[929942.623200000263751,1602538.560399999842048],[929945.968500000424683,1602578.000399999320507],[930044.386699999682605,1602565.34940000064671]]]]}},
{"type":"Feature","properties":{"รหัสกลุ่มคิว":"51/001","รหัสรับเหมา":"763957","ชื่อ-สกุล รับเหมา":"นาย เดชาวุธ แสงดาว","นักเกษตร":"5101","ศูนย์":"K2-51","โควตา":"751119","ชาวไร่":"นาย แสวง ศิลปักษา","ประเภทอ้อย":"ปลายฝน","พื้นที่":0.8,"ตันรวม":10.4,"รหัสแปลง":"310706151715","กลุ่ม":"กลุ่ม_51"},"geometry":{"type":"MultiPolygon","coordinates":[[[[927837.987499999813735,1605380.638299999758601],[927822.025399999693036,1605377.9046],[927774.601700000464916,1605443.459899999201298],[927782.607400000095367,1605448.787399999797344],[927787.644600000232458,1605447.778300000354648],[927793.900500000454485,1605440.960999999195337],[927798.463200000114739,1605439.094399999827147],[927837.987499999813735,1605380.638299999758601]]]]}},
{"type":"Feature","properties":{"รหัสกลุ่มคิว":"51/001","รหัสรับเหมา":"763957","ชื่อ-สกุล รับเหมา":"นาย เดชาวุธ แสงดาว","นักเกษตร":"5101","ศูนย์":"K2-51","โควตา":"768407","ชาวไร่":"นาง ชูศรี ผสมคง","ประเภทอ้อย":"ปลายฝน","พื้นที่":2.29,"ตันรวม":29.77,"รหัสแปลง":"310706061759","กลุ่ม":"กลุ่ม_51"},"geometry":{"type":"MultiPolygon","coordinates":[[[[926793.546099999919534,1607352.786100000143051],[926816.072999999858439,1607496.7478],[926839.377600000239909,1607491.978000000119209],[926815.46169999986887,1607334.688400000333786],[926793.546099999919534,1607352.786100000143051]]]]}},
{"type":"Feature","properties":{"รหัสกลุ่มคิว":"51/001","รหัสรับเหมา":"763957","ชื่อ-สกุล รับเหมา":"นาย เดชาวุธ แสงดาว","นักเกษตร":"5101","ศูนย์":"K2-51","โควตา":"751045","ชาวไร่":"นาย บุญเลี้ยง บุญโย","ประเภทอ้อย":"ปลายฝน","พื้นที่":10.98,"ตันรวม":142.74,"รหัสแปลง":"310706151717","กลุ่ม":"กลุ่ม_51"},"geometry":{"type":"MultiPolygon","coordinates":[[[[929233.569899999536574,1604610.3619],[929203.184299999848008,1604618.333100000396371],[929157.528900000266731,1604634.723400000482798],[929138.488900000229478,1604642.52250000089407],[929119.092199999839067,1604650.130699999630451],[929096.082999999634922,1604658.415100000798702],[929066.009300000034273,1604669.163599999621511],[929091.750900000333786,1604762.55599999986589],[929147.549499999731779,1604742.646500000730157],[929215.911899999715388,1604714.640599999576807],[929269.55420000012964,1604694.50899999961257],[929233.569899999536574,1604610.3619]]]]}},
{"type":"Feature","properties":{"รหัสกลุ่มคิว":"51/001","รหัสรับเหมา":"763957","ชื่อ-สกุล รับเหมา":"นาย เดชาวุธ แสงดาว","นักเกษตร":"5101","ศูนย์":"K2-51","โควตา":"751122","ชาวไร่":"นาง หนูแก้ว สุริพล","ประเภทอ้อย":"ปลายฝน","พื้นที่":0.89,"ตันรวม":11.57,"รหัสแปลง":"310706091816","กลุ่ม":"กลุ่ม_51"},"geometry":{"type":"MultiPolygon","coordinates":[[[[928298.762500000186265,1605763.210899999365211],[928303.818599999882281,1605793.417700000107288],[928347.536500000394881,1605784.753599999472499],[928339.125099999830127,1605750.792899999767542],[928298.762500000186265,1605763.210899999365211]]]]}},
{"type":"Feature","properties":{"รหัสกลุ่มคิว":"51/001","รหัสรับเหมา":"763957","ชื่อ-สกุล รับเหมา":"นาย เดชาวุธ แสงดาว","นักเกษตร":"5101","ศูนย์":"K2-51","โควตา":"767393","ชาวไร่":"นาย ปัณณวิชญ์ นามมุลตรีปัดตา","ประเภทอ้อย":"ปลายฝน","พื้นที่":25.7,"ตันรวม":334.1,"รหัสแปลง":"310715011777","กลุ่ม":"กลุ่ม_51"},"geometry":{"type":"MultiPolygon","coordinates":[[[[932646.757299999706447,1601203.739299999549985],[932727.308600000105798,1601272.411599999293685],[932744.914900000207126,1601305.611999999731779],[932768.922899999655783,1601291.988399999216199],[932790.623200000263751,1601338.195599999278784],[932762.956600000150502,1601355.081299999728799],[932834.679800000041723,1601423.969200000166893],[932858.282399999909103,1601443.785199999809265],[932904.304299999959767,1601427.590600000694394],[932893.802099999971688,1601369.1985],[932905.139299999922514,1601287.351199999451637],[932909.825400000438094,1601235.692600000649691],[932910.779699999839067,1601150.337300000712276],[932646.757299999706447,1601203.739299999549985]]]]}},
{"type":"Feature","properties":{"รหัสกลุ่มคิว":"51/001","รหัสรับเหมา":"763957","ชื่อ-สกุล รับเหมา":"นาย เดชาวุธ แสงดาว","นักเกษตร":"5101","ศูนย์":"K2-51","โควตา":"767393","ชาวไร่":"นาย ปัณณวิชญ์ นามมุลตรีปัดตา","ประเภทอ้อย":"ปลายฝน","พื้นที่":2.37,"ตันรวม":30.81,"รหัสแปลง":"310715011780","กลุ่ม":"กลุ่ม_51"},"geometry":{"type":"MultiPolygon","coordinates":[[[[932669.540900000371039,1601054.275399999693036],[932599.772300000302494,1601069.13120000064373],[932588.238199999555945,1601069.668600000441074],[932595.076999999582767,1601090.484400000423193],[932606.503800000064075,1601137.250700000673532],[932644.848699999973178,1601127.5735],[932631.316700000315905,1601077.628900000825524],[932664.684899999760091,1601074.517000000923872],[932674.726400000043213,1601118.117799999192357],[932684.106700000353158,1601117.1732],[932669.540900000371039,1601054.275399999693036]]]]}},
{"type":"Feature","properties":{"รหัสกลุ่มคิว":"51/001","รหัสรับเหมา":"763957","ชื่อ-สกุล รับเหมา":"นาย เดชาวุธ แสงดาว","นักเกษตร":"5101","ศูนย์":"K2-51","โควตา":"767393","ชาวไร่":"นาย ปัณณวิชญ์ นามมุลตรีปัดตา","ประเภทอ้อย":"ปลายฝน","พื้นที่":3.17,"ตันรวม":41.21,"รหัสแปลง":"310715011783","กลุ่ม":"กลุ่ม_51"},"geometry":{"type":"MultiPolygon","coordinates":[[[[932747.031700000166893,1600968.5965],[932746.168200000189245,1600956.2006],[932760.595700000412762,1600954.9748],[932764.626199999824166,1600961.328099999576807],[932754.859899999573827,1600963.744300000369549],[932749.82799999974668,1600973.449899999424815],[932761.433299999684095,1600968.848600000143051],[932780.638299999758601,1600962.162699999287724],[932788.591500000096858,1600960.454],[932798.862399999983609,1600960.0793999992311],[932788.5148,1600923.679999999701977],[932760.824000000022352,1600921.347500000149012],[932758.725200000219047,1600917.799799999222159],[932719.6727,1600926.725400000810623],[932698.112300000153482,1600923.945900000631809],[932693.081399999558926,1600923.30350000038743],[932681.164499999955297,1600925.127599999308586],[932677.232200000435114,1600933.74379999935627],[932683.386500000022352,1600952.515000000596046],[932689.895299999974668,1600961.31389999948442],[932698.451200000010431,1600976.6162],[932706.539200000464916,1600977.496899999678135],[932720.59360000025481,1600977.003699999302626],[932739.753299999982119,1600972.904100000858307],[932747.709800000302494,1600971.010600000619888],[932747.031700000166893,1600968.5965]]]]}},
{"type":"Feature","properties":{"รหัสกลุ่มคิว":"51/001","รหัสรับเหมา":"763957","ชื่อ-สกุล รับเหมา":"นาย เดชาวุธ แสงดาว","นักเกษตร":"5101","ศูนย์":"K2-51","โควตา":"751162","ชาวไร่":"นาย ชมภู วาระสิทธิ์","ประเภทอ้อย":"ปลายฝน","พื้นที่":0.51,"ตันรวม":6.63,"รหัสแปลง":"310706151723","กลุ่ม":"กลุ่ม_51"},"geometry":{"type":"MultiPolygon","coordinates":[[[[927760.249200000427663,1605361.022399999201298],[927774.966400000266731,1605311.75730000063777],[927753.185700000263751,1605311.564200000837445],[927748.592199999839067,1605358.418099999427795],[927760.249200000427663,1605361.022399999201298]]]]}},
{"type":"Feature","properties":{"รหัสกลุ่มคิว":"51/001","รหัสรับเหมา":"763957","ชื่อ-สกุล รับเหมา":"นาย เดชาวุธ แสงดาว","นักเกษตร":"5101","ศูนย์":"K2-51","โควตา":"751162","ชาวไร่":"นาย ชมภู วาระสิทธิ์","ประเภทอ้อย":"ปลายฝน","พื้นที่":0.84,"ตันรวม":10.92,"รหัสแปลง":"310706151724","กลุ่ม":"กลุ่ม_51"},"geometry":{"type":"MultiPolygon","coordinates":[[[[927831.906700000166893,1605371.134999999776483],[927840.429299999959767,1605357.239800000563264],[927767.971699999645352,1605351.732699999585748],[927763.665599999949336,1605361.2665],[927764.707000000402331,1605363.501900000497699],[927765.401800000108778,1605375.339700000360608],[927831.906700000166893,1605371.134999999776483]]]]}},
{"type":"Feature","properties":{"รหัสกลุ่มคิว":"51/001","รหัสรับเหมา":"763957","ชื่อ-สกุล รับเหมา":"นาย เดชาวุธ แสงดาว","นักเกษตร":"5101","ศูนย์":"K2-51","โควตา":"751162","ชาวไร่":"นาย ชมภู วาระสิทธิ์","ประเภทอ้อย":"ปลายฝน","พื้นที่":1.78,"ตันรวม":23.14,"รหัสแปลง":"310706151725","กลุ่ม":"กลุ่ม_51"},"geometry":{"type":"MultiPolygon","coordinates":[[[[927718.080299999564886,1605373.779699999839067],[927714.50800000037998,1605341.012000000104308],[927715.131199999712408,1605336.218599999323487],[927742.169599999673665,1605334.285499999299645],[927742.866100000217557,1605314.895999999716878],[927670.245000000111759,1605318.810100000351667],[927674.096099999733269,1605335.506899999454618],[927676.21100000012666,1605338.130400000140071],[927678.832299999892712,1605373.837999999523163],[927680.224000000394881,1605376.6338],[927718.080299999564886,1605373.779699999839067]]]]}}
]
}
