{
"type": "FeatureCollection",
"name": "กลุ่ม_82",
"crs": { "type": "name", "properties": { "name": "urn:ogc:def:crs:EPSG::32647" } },
"xy_coordinate_resolution": 1e-15,
"features": [
{"type":"Feature","properties":{"รหัสกลุ่มคิว":"82/001","รหัสรับเหมา":"738889","ชื่อ-สกุล รับเหมา":"รถตัดโรงงานเบอร์ 20","นักเกษตร":"8201","ศูนย์":"K2-82","โควตา":"718292","ชาวไร่":"นาง เกศณีย์ กำลังมา","ประเภทอ้อย":"ตอ2","พื้นที่":11.42,"ตันรวม":91.36,"รหัสแปลง":"320105041501","กลุ่ม":"กลุ่ม_82"},"geometry":{"type":"MultiPolygon","coordinates":[[[[978177.599499999545515,1658161.523199999704957],[978158.657599999569356,1658163.7971],[977900.440000000409782,1658234.315500000491738],[977913.469399999827147,1658283.100199999287724],[977928.86780000012368,1658283.479900000616908],[977939.565499999560416,1658282.479499999433756],[977964.451500000432134,1658278.46309999935329],[977999.06290000025183,1658275.955199999734759],[978029.638700000010431,1658265.41440000012517],[978097.718399999663234,1658251.943399999290705],[978152.717699999921024,1658237.442600000649691],[978169.774699999950826,1658231.545399999246001],[978181.286399999633431,1658225.291899999603629],[978180.267900000326335,1658214.175300000235438],[978186.39130000025034,1658209.04619999974966],[978177.599499999545515,1658161.523199999704957]]]]}},
{"type":"Feature","properties":{"รหัสกลุ่มคิว":"82/001","รหัสรับเหมา":"738889","ชื่อ-สกุล รับเหมา":"รถตัดโรงงานเบอร์ 20","นักเกษตร":"8201","ศูนย์":"K2-82","โควตา":"718191","ชาวไร่":"นาย พงษ์อนันต์ ทางดี","ประเภทอ้อย":"ตอ1","พื้นที่":4.56,"ตันรวม":41.04,"รหัสแปลง":"320105061508","กลุ่ม":"กลุ่ม_82"},"geometry":{"type":"MultiPolygon","coordinates":[[[[980874.568400000222027,1659129.746400000527501],[980982.118999999947846,1659171.204],[980999.091199999675155,1659094.086899999529123],[980894.563400000333786,1659078.984999999403954],[980883.365100000053644,1659107.457800000905991],[980874.568400000222027,1659129.746400000527501]]]]}},
{"type":"Feature","properties":{"รหัสกลุ่มคิว":"82/001","รหัสรับเหมา":"738889","ชื่อ-สกุล รับเหมา":"รถตัดโรงงานเบอร์ 20","นักเกษตร":"8201","ศูนย์":"K2-82","โควตา":"716774","ชาวไร่":"นาย จำลอง สืบสาม","ประเภทอ้อย":"ตอ1","พื้นที่":6.14,"ตันรวม":55.26,"รหัสแปลง":"320105191506","กลุ่ม":"กลุ่ม_82"},"geometry":{"type":"MultiPolygon","coordinates":[[[[979430.967400000430644,1658291.261600000783801],[979426.105399999767542,1658288.0362],[979423.237700000405312,1658264.678400000557303],[979434.979000000283122,1658247.374199999496341],[979429.878299999982119,1658236.314600000157952],[979253.967600000090897,1658324.51630000025034],[979269.88329999987036,1658365.267200000584126],[979444.048600000329316,1658300.246099999174476],[979430.967400000430644,1658291.261600000783801]]]]}},
{"type":"Feature","properties":{"รหัสกลุ่มคิว":"82/001","รหัสรับเหมา":"738889","ชื่อ-สกุล รับเหมา":"รถตัดโรงงานเบอร์ 20","นักเกษตร":"8201","ศูนย์":"K2-82","โควตา":"716862","ชาวไร่":"นาย สุริยา โสรกนิษฐ์","ประเภทอ้อย":"ปลายฝน","พื้นที่":4.01,"ตันรวม":52.13,"รหัสแปลง":"320105191515","กลุ่ม":"กลุ่ม_82"},"geometry":{"type":"MultiPolygon","coordinates":[[[[979765.5773,1658120.60950000025332],[979690.512299999594688,1658018.512499999254942],[979625.829599999822676,1658061.58809999935329],[979643.918999999761581,1658091.721200000494719],[979682.253999999724329,1658071.598300000652671],[979727.63150000013411,1658139.260900000110269],[979765.5773,1658120.60950000025332]]]]}},
{"type":"Feature","properties":{"รหัสกลุ่มคิว":"82/001","รหัสรับเหมา":"738889","ชื่อ-สกุล รับเหมา":"รถตัดโรงงานเบอร์ 20","นักเกษตร":"8201","ศูนย์":"K2-82","โควตา":"716774","ชาวไร่":"นาย จำลอง สืบสาม","ประเภทอ้อย":"ปลายฝน","พื้นที่":2.91,"ตันรวม":37.83,"รหัสแปลง":"320105191518","กลุ่ม":"กลุ่ม_82"},"geometry":{"type":"MultiPolygon","coordinates":[[[[979562.860700000077486,1658284.526000000536442],[979697.058600000105798,1658250.126499999314547],[979688.707299999892712,1658215.272700000554323],[979619.644299999810755,1658235.035599999129772],[979551.593799999915063,1658258.198200000450015],[979562.860700000077486,1658284.526000000536442]]]]}},
{"type":"Feature","properties":{"รหัสกลุ่มคิว":"82/001","รหัสรับเหมา":"738889","ชื่อ-สกุล รับเหมา":"รถตัดโรงงานเบอร์ 20","นักเกษตร":"8201","ศูนย์":"K2-82","โควตา":"718191","ชาวไร่":"นาย พงษ์อนันต์ ทางดี","ประเภทอ้อย":"ต้นฝน","พื้นที่":6.31,"ตันรวม":69.41,"รหัสแปลง":"320105191521","กลุ่ม":"กลุ่ม_82"},"geometry":{"type":"MultiPolygon","coordinates":[[[[979971.870900000445545,1657981.460799999535084],[979903.820199999958277,1657870.25899999961257],[979855.192699999548495,1657883.703099999576807],[979980.583100000396371,1658075.5669],[980018.394299999810755,1658054.694299999624491],[979971.870900000445545,1657981.460799999535084]]]]}},
{"type":"Feature","properties":{"รหัสกลุ่มคิว":"82/001","รหัสรับเหมา":"738889","ชื่อ-สกุล รับเหมา":"รถตัดโรงงานเบอร์ 20","นักเกษตร":"8201","ศูนย์":"K2-82","โควตา":"716914","ชาวไร่":"นาย พิชิต พวงอินทร์","ประเภทอ้อย":"ตอ1","พื้นที่":9.43,"ตันรวม":84.87,"รหัสแปลง":"320105191525","กลุ่ม":"กลุ่ม_82"},"geometry":{"type":"MultiPolygon","coordinates":[[[[980844.771099999547005,1657241.817700000479817],[980855.317699999548495,1657238.461200000718236],[980865.470999999903142,1657251.408700000494719],[980905.034699999727309,1657228.111500000581145],[980902.796400000341237,1657224.424100000411272],[980908.069600000046194,1657220.587400000542402],[980817.684000000357628,1657010.3629],[980810.749900000169873,1657009.264699999243021],[980803.607800000347197,1657049.329800000414252],[980788.816100000403821,1657090.937100000679493],[980783.147499999962747,1657134.2116],[980778.418200000189245,1657149.8147],[980796.763000000268221,1657194.446100000292063],[980817.762299999594688,1657188.060699999332428],[980844.771099999547005,1657241.817700000479817]]]]}},
{"type":"Feature","properties":{"รหัสกลุ่มคิว":"82/001","รหัสรับเหมา":"738889","ชื่อ-สกุล รับเหมา":"รถตัดโรงงานเบอร์ 20","นักเกษตร":"8201","ศูนย์":"K2-82","โควตา":"716914","ชาวไร่":"นาย พิชิต พวงอินทร์","ประเภทอ้อย":"ตอ4","พื้นที่":7.09,"ตันรวม":49.63,"รหัสแปลง":"320105191532","กลุ่ม":"กลุ่ม_82"},"geometry":{"type":"MultiPolygon","coordinates":[[[[980933.382399999536574,1657101.636700000613928],[980860.191800000146031,1656924.316999999806285],[980824.739199999719858,1656935.066800000146031],[980815.624800000339746,1656985.916999999433756],[980818.966599999926984,1657007.433299999684095],[980856.402300000190735,1657094.538200000301003],[980886.354700000025332,1657080.1645],[980900.580799999646842,1657114.658600000664592],[980933.382399999536574,1657101.636700000613928]]]]}},
{"type":"Feature","properties":{"รหัสกลุ่มคิว":"82/001","รหัสรับเหมา":"738889","ชื่อ-สกุล รับเหมา":"รถตัดโรงงานเบอร์ 20","นักเกษตร":"8201","ศูนย์":"K2-82","โควตา":"718245","ชาวไร่":"นาย สมุห์ ช่อมะลิ","ประเภทอ้อย":"ตอ2","พื้นที่":4.0,"ตันรวม":32.0,"รหัสแปลง":"320110093003","กลุ่ม":"กลุ่ม_82"},"geometry":{"type":"MultiPolygon","coordinates":[[[[983162.198200000450015,1659061.755200000479817],[983169.095900000073016,1659034.307199999690056],[983020.948499999940395,1659005.670399999246001],[983023.786100000143051,1659073.487099999561906],[983085.264499999582767,1659059.284199999645352],[983096.327399999834597,1659067.272099999710917],[983098.283200000412762,1659058.9868],[983149.980000000447035,1659066.941199999302626],[983150.987300000153482,1659063.2215],[983162.198200000450015,1659061.755200000479817]]]]}},
{"type":"Feature","properties":{"รหัสกลุ่มคิว":"82/001","รหัสรับเหมา":"738889","ชื่อ-สกุล รับเหมา":"รถตัดโรงงานเบอร์ 20","นักเกษตร":"8201","ศูนย์":"K2-82","โควตา":"718020","ชาวไร่":"นาย เสริม ยงคง","ประเภทอ้อย":"ปลายฝน","พื้นที่":14.67,"ตันรวม":190.71,"รหัสแปลง":"320114140001","กลุ่ม":"กลุ่ม_82"},"geometry":{"type":"MultiPolygon","coordinates":[[[[984073.149699999950826,1638366.169399999082088],[984049.268199999816716,1638238.10359999909997],[983981.209300000220537,1638249.498299999162555],[983956.652999999932945,1638155.072599999606609],[984021.417200000025332,1638137.509700000286102],[983994.380699999630451,1638025.096200000494719],[983985.427600000053644,1638021.035599999129772],[983957.738499999977648,1638038.0471],[983965.24129999987781,1638076.658500000834465],[983911.155899999663234,1638091.465099999681115],[983913.994300000369549,1638120.009700000286102],[983993.738400000147521,1638378.445900000631809],[984012.140599999576807,1638384.9167],[984073.149699999950826,1638366.169399999082088]]]]}},
{"type":"Feature","properties":{"รหัสกลุ่มคิว":"82/001","รหัสรับเหมา":"738889","ชื่อ-สกุล รับเหมา":"รถตัดโรงงานเบอร์ 20","นักเกษตร":"8201","ศูนย์":"K2-82","โควตา":"713686","ชาวไร่":"นาย สุธี ใจหนึ่ง","ประเภทอ้อย":"ปลายฝน","พื้นที่":6.97,"ตันรวม":90.61,"รหัสแปลง":"320116010003","กลุ่ม":"กลุ่ม_82"},"geometry":{"type":"MultiPolygon","coordinates":[[[[989584.572900000028312,1641377.971799999475479],[989555.752700000070035,1641406.234300000593066],[989539.189899999648333,1641380.19370000064373],[989494.72759999986738,1641407.953600000590086],[989504.130599999800324,1641432.184499999508262],[989462.283800000324845,1641455.1897],[989433.374699999578297,1641461.259800000116229],[989435.066200000233948,1641510.85329999960959],[989435.762900000438094,1641510.907299999147654],[989437.292200000025332,1641503.024900000542402],[989456.659699999727309,1641494.293700000271201],[989465.126400000415742,1641504.136199999600649],[989564.090099999681115,1641465.209000000730157],[989617.2489,1641425.605900000780821],[989584.572900000028312,1641377.971799999475479]]]]}},
{"type":"Feature","properties":{"รหัสกลุ่มคิว":"82/001","รหัสรับเหมา":"738889","ชื่อ-สกุล รับเหมา":"รถตัดโรงงานเบอร์ 20","นักเกษตร":"8201","ศูนย์":"K2-82","โควตา":"713686","ชาวไร่":"นาย สุธี ใจหนึ่ง","ประเภทอ้อย":"ตอ2","พื้นที่":4.03,"ตันรวม":32.24,"รหัสแปลง":"320116011501","กลุ่ม":"กลุ่ม_82"},"geometry":{"type":"MultiPolygon","coordinates":[[[[989550.288800000213087,1641539.631300000473857],[989478.149699999950826,1641576.984400000423193],[989516.056200000457466,1641647.3581000007689],[989581.990100000053644,1641627.1129],[989550.288800000213087,1641539.631300000473857]]]]}},
{"type":"Feature","properties":{"รหัสกลุ่มคิว":"82/001","รหัสรับเหมา":"738889","ชื่อ-สกุล รับเหมา":"รถตัดโรงงานเบอร์ 20","นักเกษตร":"8201","ศูนย์":"K2-82","โควตา":"713686","ชาวไร่":"นาย สุธี ใจหนึ่ง","ประเภทอ้อย":"ตอ1","พื้นที่":18.55,"ตันรวม":166.95,"รหัสแปลง":"320116111518","กลุ่ม":"กลุ่ม_82"},"geometry":{"type":"MultiPolygon","coordinates":[[[[991474.303299999795854,1642229.370200000703335],[991762.463899999856949,1642188.094000000506639],[991758.050999999977648,1642131.0461],[991657.317200000397861,1642147.852900000289083],[991603.143600000068545,1642157.658099999651313],[991603.168800000101328,1642165.240599999204278],[991600.819600000046194,1642165.747500000521541],[991597.722099999897182,1642158.842000000178814],[991592.364699999801815,1642156.883400000631809],[991596.370099999941885,1642154.561000000685453],[991674.365199999883771,1642141.173499999567866],[991742.78000000026077,1642129.994699999690056],[991742.582499999552965,1642122.038799999281764],[991735.921000000089407,1642122.272700000554323],[991724.747200000099838,1642079.1414],[991531.94550000037998,1642111.26799999922514],[991526.253700000233948,1642116.884600000455976],[991527.28249999973923,1642128.186200000345707],[991503.239799999631941,1642133.7983],[991500.333399999886751,1642126.341900000348687],[991460.059000000357628,1642142.718499999493361],[991474.303299999795854,1642229.370200000703335]]]]}},
{"type":"Feature","properties":{"รหัสกลุ่มคิว":"82/001","รหัสรับเหมา":"738889","ชื่อ-สกุล รับเหมา":"รถตัดโรงงานเบอร์ 20","นักเกษตร":"8201","ศูนย์":"K2-82","โควตา":"716356","ชาวไร่":"นาย สำเรือง ออกหาญ","ประเภทอ้อย":"ตอ1","พื้นที่":6.35,"ตันรวม":57.15,"รหัสแปลง":"320105190006","กลุ่ม":"กลุ่ม_82"},"geometry":{"type":"MultiPolygon","coordinates":[[[[980481.435200000181794,1657089.2347],[980519.433100000023842,1657079.034399999305606],[980542.028500000014901,1657072.181700000539422],[980555.548799999989569,1657066.810599999502301],[980581.417000000365078,1657053.921],[980607.456199999898672,1657044.723999999463558],[980596.223899999633431,1657019.836300000548363],[980582.659699999727309,1657003.723899999633431],[980576.292600000277162,1656993.914799999445677],[980535.265300000086427,1656965.414000000804663],[980533.725899999961257,1656965.103399999439716],[980508.817499999888241,1656972.565300000831485],[980496.413900000043213,1656984.7401],[980494.05449999962002,1656983.630799999460578],[980484.031899999827147,1656990.854399999603629],[980481.435200000181794,1657089.2347]]]]}},
{"type":"Feature","properties":{"รหัสกลุ่มคิว":"82/001","รหัสรับเหมา":"738889","ชื่อ-สกุล รับเหมา":"รถตัดโรงงานเบอร์ 20","นักเกษตร":"8201","ศูนย์":"K2-82","โควตา":"718020","ชาวไร่":"นาย เสริม ยงคง","ประเภทอ้อย":"ปลายฝน","พื้นที่":4.45,"ตันรวม":57.85,"รหัสแปลง":"320104111504","กลุ่ม":"กลุ่ม_82"},"geometry":{"type":"MultiPolygon","coordinates":[[[[975772.378100000321865,1665380.267400000244379],[975780.919999999925494,1665553.3958],[975819.388500000350177,1665546.152899999171495],[975814.6716,1665369.557700000703335],[975772.378100000321865,1665380.267400000244379]]]]}},
{"type":"Feature","properties":{"รหัสกลุ่มคิว":"82/001","รหัสรับเหมา":"738889","ชื่อ-สกุล รับเหมา":"รถตัดโรงงานเบอร์ 20","นักเกษตร":"8201","ศูนย์":"K2-82","โควตา":"787063","ชาวไร่":"นาย สันติ สายบุตร","ประเภทอ้อย":"ตอ2","พื้นที่":8.92,"ตันรวม":71.36,"รหัสแปลง":"320104050026","กลุ่ม":"กลุ่ม_82"},"geometry":{"type":"MultiPolygon","coordinates":[[[[979081.773400000296533,1665129.36119999922812],[979059.069500000216067,1665007.253599999472499],[978961.291600000113249,1665018.844699999317527],[978963.187300000339746,1665151.289100000634789],[979045.139200000092387,1665141.135099999606609],[979081.773400000296533,1665129.36119999922812]]]]}},
{"type":"Feature","properties":{"รหัสกลุ่มคิว":"82/001","รหัสรับเหมา":"738889","ชื่อ-สกุล รับเหมา":"รถตัดโรงงานเบอร์ 20","นักเกษตร":"8201","ศูนย์":"K2-82","โควตา":"718292","ชาวไร่":"นาง เกศณีย์ กำลังมา","ประเภทอ้อย":"ปลายฝน","พื้นที่":13.77,"ตันรวม":179.01,"รหัสแปลง":"320118120003","กลุ่ม":"กลุ่ม_82"},"geometry":{"type":"MultiPolygon","coordinates":[[[[974574.122999999672174,1639914.996899999678135],[974542.796000000089407,1639931.501900000497699],[974430.407100000418723,1639996.291999999433756],[974430.097900000400841,1639992.862600000575185],[974542.611100000329316,1639926.580700000748038],[974515.907300000078976,1639889.839400000870228],[974441.543600000441074,1639931.040100000798702],[974435.417100000195205,1639933.465500000864267],[974303.861499999649823,1639970.4134],[974297.108799999579787,1639986.522199999541044],[974349.139899999834597,1640078.085799999535084],[974366.150299999862909,1640068.676000000908971],[974349.396499999798834,1640021.133899999782443],[974427.616899999789894,1639995.862199999392033],[974451.92200000025332,1640038.331399999558926],[974609.755599999800324,1639942.211899999529123],[974609.251500000245869,1639935.905500000342727],[974591.291000000201166,1639940.379899999126792],[974574.122999999672174,1639914.996899999678135]]]]}},
{"type":"Feature","properties":{"รหัสกลุ่มคิว":"82/001","รหัสรับเหมา":"738889","ชื่อ-สกุล รับเหมา":"รถตัดโรงงานเบอร์ 20","นักเกษตร":"8201","ศูนย์":"K2-82","โควตา":"718020","ชาวไร่":"นาย เสริม ยงคง","ประเภทอ้อย":"ตอ2","พื้นที่":19.78,"ตันรวม":158.24,"รหัสแปลง":"320104091504","กลุ่ม":"กลุ่ม_82"},"geometry":{"type":"MultiPolygon","coordinates":[[[[987961.892099999822676,1662241.66950000077486],[987962.25899999961257,1662241.307099999859929],[988009.073800000362098,1662237.459499999880791],[987884.825100000016391,1661818.650100000202656],[987834.71239999961108,1661834.265599999576807],[987829.426599999889731,1661820.28800000064075],[987782.544499999843538,1661836.154799999669194],[987790.793999999761581,1661854.63120000064373],[987792.966799999587238,1661862.627399999648333],[987806.180700000375509,1661893.225600000470877],[987811.810700000263751,1661907.949899999424815],[987814.878200000151992,1661916.149399999529123],[987816.243599999696016,1661919.690899999812245],[987818.503700000233948,1661923.435699999332428],[987820.205699999816716,1661928.093599999323487],[987824.875099999830127,1661937.065600000321865],[987829.949400000274181,1661943.826899999752641],[987833.399000000208616,1661950.924699999392033],[987835.330000000074506,1661953.183399999514222],[987841.223000000230968,1661963.844799999147654],[987847.142599999904633,1661973.212300000712276],[987853.376000000163913,1661984.805299999192357],[987864.77240000013262,1662007.599500000476837],[987868.539599999785423,1662016.737999999895692],[987961.892099999822676,1662241.66950000077486]]]]}},
{"type":"Feature","properties":{"รหัสกลุ่มคิว":"82/001","รหัสรับเหมา":"738889","ชื่อ-สกุล รับเหมา":"รถตัดโรงงานเบอร์ 20","นักเกษตร":"8201","ศูนย์":"K2-82","โควตา":"716774","ชาวไร่":"นาย จำลอง สืบสาม","ประเภทอ้อย":"ปลายฝน","พื้นที่":4.04,"ตันรวม":52.52,"รหัสแปลง":"320105181504","กลุ่ม":"กลุ่ม_82"},"geometry":{"type":"MultiPolygon","coordinates":[[[[977649.326500000432134,1660080.756699999794364],[977633.673000000417233,1660063.61710000038147],[977430.009700000286102,1660270.501800000667572],[977444.431400000117719,1660286.322300000116229],[977649.326500000432134,1660080.756699999794364]]]]}},
{"type":"Feature","properties":{"รหัสกลุ่มคิว":"82/001","รหัสรับเหมา":"738889","ชื่อ-สกุล รับเหมา":"รถตัดโรงงานเบอร์ 20","นักเกษตร":"8201","ศูนย์":"K2-82","โควตา":"787098","ชาวไร่":"นาย ธนสาร กำลังมา","ประเภทอ้อย":"ตอ2","พื้นที่":1.27,"ตันรวม":10.16,"รหัสแปลง":"320118111508","กลุ่ม":"กลุ่ม_82"},"geometry":{"type":"MultiPolygon","coordinates":[[[[972009.378899999894202,1641664.880000000819564],[972008.611399999819696,1641648.965199999511242],[971970.3602,1641655.056600000709295],[971934.83739999961108,1641668.781500000506639],[971905.187599999830127,1641676.520500000566244],[971914.527499999850988,1641695.561300000175834],[972009.378899999894202,1641664.880000000819564]]]]}},
{"type":"Feature","properties":{"รหัสกลุ่มคิว":"82/001","รหัสรับเหมา":"738889","ชื่อ-สกุล รับเหมา":"รถตัดโรงงานเบอร์ 20","นักเกษตร":"8201","ศูนย์":"K2-82","โควตา":"718145","ชาวไร่":"นาย คำสวน วรรณตรง","ประเภทอ้อย":"ปลายฝน","พื้นที่":5.5,"ตันรวม":71.5,"รหัสแปลง":"320104020003","กลุ่ม":"กลุ่ม_82"},"geometry":{"type":"MultiPolygon","coordinates":[[[[984830.999900000169873,1668142.481699999421835],[984844.268500000238419,1668208.402300000190735],[984970.102699999697506,1668191.437699999660254],[984964.253499999642372,1668124.152200000360608],[984830.999900000169873,1668142.481699999421835]]]]}},
{"type":"Feature","properties":{"รหัสกลุ่มคิว":"82/001","รหัสรับเหมา":"738889","ชื่อ-สกุล รับเหมา":"รถตัดโรงงานเบอร์ 20","นักเกษตร":"8201","ศูนย์":"K2-82","โควตา":"718136","ชาวไร่":"นาย ปรีชา ยืนยง","ประเภทอ้อย":"ปลายฝน","พื้นที่":8.22,"ตันรวม":106.86,"รหัสแปลง":"320104020005","กลุ่ม":"กลุ่ม_82"},"geometry":{"type":"MultiPolygon","coordinates":[[[[985142.601099999621511,1667586.1557],[985361.158300000242889,1667531.8256],[985411.603099999949336,1667508.0793999992311],[985408.111200000159442,1667476.756799999624491],[985341.2027000002563,1667488.331299999728799],[985273.503899999894202,1667503.403100000694394],[985210.116399999707937,1667518.563300000503659],[985134.308000000193715,1667534.764000000432134],[985142.601099999621511,1667586.1557]]]]}},
{"type":"Feature","properties":{"รหัสกลุ่มคิว":"82/001","รหัสรับเหมา":"738889","ชื่อ-สกุล รับเหมา":"รถตัดโรงงานเบอร์ 20","นักเกษตร":"8201","ศูนย์":"K2-82","โควตา":"718191","ชาวไร่":"นาย พงษ์อนันต์ ทางดี","ประเภทอ้อย":"ปลายฝน","พื้นที่":2.14,"ตันรวม":27.82,"รหัสแปลง":"320104020006","กลุ่ม":"กลุ่ม_82"},"geometry":{"type":"MultiPolygon","coordinates":[[[[986702.729899999685585,1668042.747400000691414],[986715.528300000354648,1668076.5756],[986754.557500000111759,1668072.783700000494719],[986725.748100000433624,1667996.968399999663234],[986714.935700000263751,1667994.437400000169873],[986703.135300000198185,1667982.9989],[986698.774600000120699,1667980.908900000154972],[986690.974000000394881,1667987.710999999195337],[986688.191399999894202,1667989.48340000025928],[986687.043100000359118,1667988.798599999397993],[986692.465300000272691,1668016.903200000524521],[986702.729899999685585,1668042.747400000691414]]]]}},
{"type":"Feature","properties":{"รหัสกลุ่มคิว":"82/001","รหัสรับเหมา":"738889","ชื่อ-สกุล รับเหมา":"รถตัดโรงงานเบอร์ 20","นักเกษตร":"8201","ศูนย์":"K2-82","โควตา":"718151","ชาวไร่":"นาย พิรัตน์ สุขดี","ประเภทอ้อย":"ตอ2","พื้นที่":9.55,"ตันรวม":76.4,"รหัสแปลง":"320104020008","กลุ่ม":"กลุ่ม_82"},"geometry":{"type":"MultiPolygon","coordinates":[[[[985366.442599999718368,1668098.706599999219179],[985360.82120000012219,1668101.180299999192357],[985355.738599999807775,1668103.665100000798702],[985349.600999999791384,1668105.018699999898672],[985340.585500000044703,1668106.498299999162555],[985330.698499999940395,1668106.665699999779463],[985320.291400000452995,1668105.89780000038445],[985312.189299999736249,1668106.656500000506639],[985308.150399999693036,1668110.826899999752641],[985307.371299999766052,1668113.769600000232458],[985305.552299999631941,1668114.84180000051856],[985301.390599999576807,1668116.235999999567866],[985286.110999999567866,1668116.477800000458956],[985280.317499999888241,1668118.578199999406934],[985279.893899999558926,1668121.71309999935329],[985279.85219999961555,1668123.746400000527501],[985279.780299999751151,1668127.258300000801682],[985272.164099999703467,1668130.615800000727177],[985270.066999999806285,1668136.490199999883771],[985270.010300000198185,1668139.262800000607967],[985270.783499999903142,1668145.380899999290705],[985270.225700000301003,1668146.294099999591708],[985269.4693,1668148.127800000831485],[985269.229100000113249,1668151.081499999389052],[985262.261500000022352,1668149.089700000360608],[985279.767400000244379,1668267.221100000664592],[985382.453999999910593,1668244.006400000303984],[985366.442599999718368,1668098.706599999219179]]]]}},
{"type":"Feature","properties":{"รหัสกลุ่มคิว":"82/001","รหัสรับเหมา":"738889","ชื่อ-สกุล รับเหมา":"รถตัดโรงงานเบอร์ 20","นักเกษตร":"8201","ศูนย์":"K2-82","โควตา":"718146","ชาวไร่":"นาง สมัย นะกุลรัมย์","ประเภทอ้อย":"ตอ1","พื้นที่":3.36,"ตันรวม":30.24,"รหัสแปลง":"320104111614","กลุ่ม":"กลุ่ม_82"},"geometry":{"type":"MultiPolygon","coordinates":[[[[976712.259499999694526,1664602.636299999430776],[976702.86780000012368,1664569.87639999948442],[976732.435499999672174,1664557.9561],[976730.174599999561906,1664551.875700000673532],[976612.380499999970198,1664575.282400000840425],[976631.51549999974668,1664641.019999999552965],[976712.259499999694526,1664602.636299999430776]]]]}},
{"type":"Feature","properties":{"รหัสกลุ่มคิว":"82/001","รหัสรับเหมา":"738889","ชื่อ-สกุล รับเหมา":"รถตัดโรงงานเบอร์ 20","นักเกษตร":"8201","ศูนย์":"K2-82","โควตา":"713686","ชาวไร่":"นาย สุธี ใจหนึ่ง","ประเภทอ้อย":"ตอ2","พื้นที่":2.69,"ตันรวม":21.52,"รหัสแปลง":"320116021616","กลุ่ม":"กลุ่ม_82"},"geometry":{"type":"MultiPolygon","coordinates":[[[[989509.507500000298023,1641496.088300000876188],[989452.176599999889731,1641517.369799999520183],[989464.514000000432134,1641574.8169],[989542.483199999667704,1641545.078299999237061],[989523.053999999538064,1641504.629499999806285],[989512.359199999831617,1641508.598799999803305],[989509.507500000298023,1641496.088300000876188]]]]}},
{"type":"Feature","properties":{"รหัสกลุ่มคิว":"82/001","รหัสรับเหมา":"738889","ชื่อ-สกุล รับเหมา":"รถตัดโรงงานเบอร์ 20","นักเกษตร":"8201","ศูนย์":"K2-82","โควตา":"718300","ชาวไร่":"นาย มานิด ตรงใจสอน","ประเภทอ้อย":"ตอ1","พื้นที่":2.6,"ตันรวม":23.4,"รหัสแปลง":"320113041618","กลุ่ม":"กลุ่ม_82"},"geometry":{"type":"MultiPolygon","coordinates":[[[[965485.215300000272691,1642874.964600000530481],[965402.847799999639392,1642655.615299999713898],[965383.9989,1642655.940899999812245],[965466.594600000418723,1642875.880200000479817],[965485.215300000272691,1642874.964600000530481]]]]}},
{"type":"Feature","properties":{"รหัสกลุ่มคิว":"82/001","รหัสรับเหมา":"738889","ชื่อ-สกุล รับเหมา":"รถตัดโรงงานเบอร์ 20","นักเกษตร":"8201","ศูนย์":"K2-82","โควตา":"716774","ชาวไร่":"นาย จำลอง สืบสาม","ประเภทอ้อย":"ตอ1","พื้นที่":5.01,"ตันรวม":45.09,"รหัสแปลง":"320105011616","กลุ่ม":"กลุ่ม_82"},"geometry":{"type":"MultiPolygon","coordinates":[[[[981964.389499999582767,1657796.242000000551343],[981938.186700000427663,1657785.172900000587106],[981908.90610000025481,1657766.275399999693036],[981903.767,1657761.371999999508262],[981885.158200000412762,1657756.267400000244379],[981885.422799999825656,1657749.229499999433756],[981886.190100000239909,1657743.752599999308586],[981892.672399999573827,1657731.343599999323487],[981906.060300000011921,1657737.1645],[981890.638100000098348,1657718.385099999606609],[981812.928100000135601,1657756.385500000789762],[981860.582200000062585,1657835.7489],[981964.389499999582767,1657796.242000000551343]]]]}},
{"type":"Feature","properties":{"รหัสกลุ่มคิว":"82/001","รหัสรับเหมา":"738889","ชื่อ-สกุล รับเหมา":"รถตัดโรงงานเบอร์ 20","นักเกษตร":"8201","ศูนย์":"K2-82","โควตา":"718136","ชาวไร่":"นาย ปรีชา ยืนยง","ประเภทอ้อย":"ตอ2","พื้นที่":8.57,"ตันรวม":68.56,"รหัสแปลง":"320104020013","กลุ่ม":"กลุ่ม_82"},"geometry":{"type":"MultiPolygon","coordinates":[[[[985127.169999999925494,1667483.552300000563264],[985404.882399999536574,1667439.4265],[985399.39919999986887,1667395.30460000038147],[985373.641400000080466,1667404.2347],[985371.889600000344217,1667402.1096],[985113.481900000013411,1667429.1096],[985127.169999999925494,1667483.552300000563264]]]]}},
{"type":"Feature","properties":{"รหัสกลุ่มคิว":"82/001","รหัสรับเหมา":"738889","ชื่อ-สกุล รับเหมา":"รถตัดโรงงานเบอร์ 20","นักเกษตร":"8201","ศูนย์":"K2-82","โควตา":"718020","ชาวไร่":"นาย เสริม ยงคง","ประเภทอ้อย":"ปลายฝน","พื้นที่":4.03,"ตันรวม":52.39,"รหัสแปลง":"320114141701","กลุ่ม":"กลุ่ม_82"},"geometry":{"type":"MultiPolygon","coordinates":[[[[984041.009899999946356,1638237.198400000110269],[984020.686700000427663,1638138.049799999222159],[983956.652999999932945,1638155.072599999606609],[983981.329900000244379,1638252.45920000039041],[984041.009899999946356,1638237.198400000110269]]]]}},
{"type":"Feature","properties":{"รหัสกลุ่มคิว":"82/001","รหัสรับเหมา":"738889","ชื่อ-สกุล รับเหมา":"รถตัดโรงงานเบอร์ 20","นักเกษตร":"8201","ศูนย์":"K2-82","โควตา":"718292","ชาวไร่":"นาง เกศณีย์ กำลังมา","ประเภทอ้อย":"ปลายฝน","พื้นที่":10.08,"ตันรวม":131.04,"รหัสแปลง":"320113041624","กลุ่ม":"กลุ่ม_82"},"geometry":{"type":"MultiPolygon","coordinates":[[[[965371.206199999898672,1642907.839700000360608],[965329.763799999840558,1642790.942600000649691],[965361.254300000146031,1642771.400800000876188],[965349.581899999640882,1642733.277599999681115],[965332.429399999789894,1642746.071599999442697],[965283.885099999606609,1642763.989800000563264],[965217.364299999549985,1642762.8893],[965266.59360000025481,1642895.6502],[965296.363699999637902,1642890.679500000551343],[965312.004099999554455,1642918.896600000560284],[965371.206199999898672,1642907.839700000360608]]]]}},
{"type":"Feature","properties":{"รหัสกลุ่มคิว":"82/001","รหัสรับเหมา":"738889","ชื่อ-สกุล รับเหมา":"รถตัดโรงงานเบอร์ 20","นักเกษตร":"8201","ศูนย์":"K2-82","โควตา":"718221","ชาวไร่":"นาย วันดี ไร่บูรณ์","ประเภทอ้อย":"ตอ1","พื้นที่":6.19,"ตันรวม":55.71,"รหัสแปลง":"320110010001","กลุ่ม":"กลุ่ม_82"},"geometry":{"type":"MultiPolygon","coordinates":[[[[985455.062800000421703,1654306.931700000539422],[985459.703900000080466,1654326.0168999992311],[985464.352400000207126,1654334.036299999803305],[985472.189299999736249,1654337.708799999207258],[985483.966199999675155,1654324.449200000613928],[985487.945199999958277,1654349.863399999216199],[985472.035000000149012,1654354.163100000470877],[985477.096099999733269,1654379.41440000012517],[985475.243300000205636,1654389.918299999088049],[985488.944799999706447,1654446.262000000104308],[985517.125099999830127,1654439.883300000801682],[985517.318400000222027,1654429.462500000372529],[985546.697800000198185,1654425.129799999296665],[985537.749499999918044,1654398.011700000613928],[985531.78940000012517,1654399.74349999986589],[985533.020299999974668,1654404.897700000554323],[985522.17119999974966,1654408.683700000867248],[985520.091000000014901,1654406.622199999168515],[985518.6722999997437,1654403.173900000751019],[985513.681900000199676,1654404.538200000301003],[985500.684100000187755,1654371.342199999839067],[985527.399000000208616,1654363.867599999532104],[985532.237300000153482,1654364.305400000885129],[985536.448099999688566,1654376.463300000876188],[985543.861299999989569,1654406.394899999722838],[985579.619300000369549,1654394.866900000721216],[985565.513600000180304,1654357.526599999517202],[985546.057300000451505,1654273.686499999836087],[985510.186700000427663,1654281.9825],[985520.855499999597669,1654316.185200000181794],[985523.841500000096858,1654327.563799999654293],[985506.465599999763072,1654340.268500000238419],[985493.276600000448525,1654342.61570000089705],[985487.350300000049174,1654323.771600000560284],[985485.384499999694526,1654319.791799999773502],[985485.875799999572337,1654304.31110000051558],[985480.64919999986887,1654294.573400000110269],[985455.062800000421703,1654306.931700000539422]]]]}},
{"type":"Feature","properties":{"รหัสกลุ่มคิว":"82/001","รหัสรับเหมา":"738889","ชื่อ-สกุล รับเหมา":"รถตัดโรงงานเบอร์ 20","นักเกษตร":"8201","ศูนย์":"K2-82","โควตา":"716933","ชาวไร่":"นาย ประหยัด ช่อมะลิ","ประเภทอ้อย":"ตอ2","พื้นที่":11.6,"ตันรวม":92.8,"รหัสแปลง":"320105121611","กลุ่ม":"กลุ่ม_82"},"geometry":{"type":"MultiPolygon","coordinates":[[[[983210.029199999757111,1658921.120200000703335],[983197.37430000025779,1658981.864299999549985],[983457.452100000344217,1658962.139699999243021],[983444.496299999766052,1658861.717399999499321],[983365.009700000286102,1658893.525900000706315],[983210.029199999757111,1658921.120200000703335]]]]}},
{"type":"Feature","properties":{"รหัสกลุ่มคิว":"82/001","รหัสรับเหมา":"738889","ชื่อ-สกุล รับเหมา":"รถตัดโรงงานเบอร์ 20","นักเกษตร":"8201","ศูนย์":"K2-82","โควตา":"718020","ชาวไร่":"นาย เสริม ยงคง","ประเภทอ้อย":"ปลายฝน","พื้นที่":6.98,"ตันรวม":90.74,"รหัสแปลง":"320110061607","กลุ่ม":"กลุ่ม_82"},"geometry":{"type":"MultiPolygon","coordinates":[[[[987961.029199999757111,1661346.4243],[987917.079900000244379,1661358.057700000703335],[987988.441300000064075,1661593.351099999621511],[988037.406499999575317,1661565.998800000175834],[988010.608099999837577,1661514.858799999579787],[988006.752999999560416,1661513.194199999794364],[987999.178000000305474,1661494.11460000090301],[988006.733500000089407,1661490.26410000026226],[987961.029199999757111,1661346.4243]]]]}},
{"type":"Feature","properties":{"รหัสกลุ่มคิว":"82/001","รหัสรับเหมา":"738889","ชื่อ-สกุล รับเหมา":"รถตัดโรงงานเบอร์ 20","นักเกษตร":"8201","ศูนย์":"K2-82","โควตา":"718020","ชาวไร่":"นาย เสริม ยงคง","ประเภทอ้อย":"ปลายฝน","พื้นที่":6.65,"ตันรวม":86.45,"รหัสแปลง":"320110061609","กลุ่ม":"กลุ่ม_82"},"geometry":{"type":"MultiPolygon","coordinates":[[[[988040.137900000438094,1661567.656999999657273],[988074.587000000290573,1661548.507200000807643],[988006.275899999774992,1661333.166600000113249],[987963.314299999736249,1661346.282500000670552],[988008.117499999701977,1661494.565300000831485],[988001.464900000020862,1661496.887599999085069],[988040.137900000438094,1661567.656999999657273]]]]}},
{"type":"Feature","properties":{"รหัสกลุ่มคิว":"82/001","รหัสรับเหมา":"738889","ชื่อ-สกุล รับเหมา":"รถตัดโรงงานเบอร์ 20","นักเกษตร":"8201","ศูนย์":"K2-82","โควตา":"718246","ชาวไร่":"นาย สถิตย์ ผจงดี","ประเภทอ้อย":"ตอ3","พื้นที่":3.23,"ตันรวม":22.61,"รหัสแปลง":"320105011617","กลุ่ม":"กลุ่ม_82"},"geometry":{"type":"MultiPolygon","coordinates":[[[[981284.166699999943376,1657579.582299999892712],[981369.974799999967217,1657799.375900000333786],[981391.505599999800324,1657789.363900000229478],[981303.931099999696016,1657574.043299999088049],[981284.166699999943376,1657579.582299999892712]]]]}},
{"type":"Feature","properties":{"รหัสกลุ่มคิว":"82/001","รหัสรับเหมา":"738889","ชื่อ-สกุล รับเหมา":"รถตัดโรงงานเบอร์ 20","นักเกษตร":"8201","ศูนย์":"K2-82","โควตา":"718245","ชาวไร่":"นาย สมุห์ ช่อมะลิ","ประเภทอ้อย":"ตอ2","พื้นที่":1.45,"ตันรวม":11.6,"รหัสแปลง":"320105121612","กลุ่ม":"กลุ่ม_82"},"geometry":{"type":"MultiPolygon","coordinates":[[[[983077.87430000025779,1658912.062000000849366],[983085.497700000181794,1658957.676799999549985],[983135.287499999627471,1658958.222200000658631],[983127.609699999913573,1658910.775699999183416],[983077.87430000025779,1658912.062000000849366]]]]}},
{"type":"Feature","properties":{"รหัสกลุ่มคิว":"82/001","รหัสรับเหมา":"738889","ชื่อ-สกุล รับเหมา":"รถตัดโรงงานเบอร์ 20","นักเกษตร":"8201","ศูนย์":"K2-82","โควตา":"718292","ชาวไร่":"นาง เกศณีย์ กำลังมา","ประเภทอ้อย":"ตอ1","พื้นที่":2.1,"ตันรวม":18.9,"รหัสแปลง":"320118111627","กลุ่ม":"กลุ่ม_82"},"geometry":{"type":"MultiPolygon","coordinates":[[[[972161.906000000424683,1642024.558000000193715],[972242.85149999987334,1641997.5471],[972232.548899999819696,1641963.11460000090301],[972140.573499999940395,1641989.820599999278784],[972141.482699999585748,1642000.257999999448657],[972151.208100000396371,1641999.557900000363588],[972162.580199999734759,1642022.425799999386072],[972161.906000000424683,1642024.558000000193715]]]]}},
{"type":"Feature","properties":{"รหัสกลุ่มคิว":"82/001","รหัสรับเหมา":"738889","ชื่อ-สกุล รับเหมา":"รถตัดโรงงานเบอร์ 20","นักเกษตร":"8201","ศูนย์":"K2-82","โควตา":"718266","ชาวไร่":"นาง ละเอียด ศัตรูพินาศ","ประเภทอ้อย":"ปลายฝน","พื้นที่":2.35,"ตันรวม":30.55,"รหัสแปลง":"320104020018","กลุ่ม":"กลุ่ม_82"},"geometry":{"type":"MultiPolygon","coordinates":[[[[986662.398000000044703,1668085.39919999986887],[986634.566200000233948,1667966.530200000852346],[986606.519799999892712,1667968.691600000485778],[986630.180399999953806,1668091.959599999710917],[986662.398000000044703,1668085.39919999986887]]]]}},
{"type":"Feature","properties":{"รหัสกลุ่มคิว":"82/001","รหัสรับเหมา":"738889","ชื่อ-สกุล รับเหมา":"รถตัดโรงงานเบอร์ 20","นักเกษตร":"8201","ศูนย์":"K2-82","โควตา":"718262","ชาวไร่":"นาย เสมียน จันหอม","ประเภทอ้อย":"ตอ2","พื้นที่":3.45,"ตันรวม":27.6,"รหัสแปลง":"320104020020","กลุ่ม":"กลุ่ม_82"},"geometry":{"type":"MultiPolygon","coordinates":[[[[986693.889499999582767,1668122.972100000828505],[986684.010099999606609,1668089.343599999323487],[986525.093799999915063,1668127.915200000628829],[986531.917799999937415,1668159.223999999463558],[986693.889499999582767,1668122.972100000828505]]]]}},
{"type":"Feature","properties":{"รหัสกลุ่มคิว":"82/001","รหัสรับเหมา":"738889","ชื่อ-สกุล รับเหมา":"รถตัดโรงงานเบอร์ 20","นักเกษตร":"8201","ศูนย์":"K2-82","โควตา":"718262","ชาวไร่":"นาย เสมียน จันหอม","ประเภทอ้อย":"ตอ6","พื้นที่":2.79,"ตันรวม":19.53,"รหัสแปลง":"320104020021","กลุ่ม":"กลุ่ม_82"},"geometry":{"type":"MultiPolygon","coordinates":[[[[984841.993200000375509,1668024.747999999672174],[984868.996299999766052,1668133.082800000905991],[984907.342199999839067,1668130.162799999117851],[984882.712199999950826,1668018.83530000038445],[984841.993200000375509,1668024.747999999672174]]]]}},
{"type":"Feature","properties":{"รหัสกลุ่มคิว":"82/001","รหัสรับเหมา":"738889","ชื่อ-สกุล รับเหมา":"รถตัดโรงงานเบอร์ 20","นักเกษตร":"8201","ศูนย์":"K2-82","โควตา":"718151","ชาวไร่":"นาย พิรัตน์ สุขดี","ประเภทอ้อย":"ตอ1","พื้นที่":10.22,"ตันรวม":91.98,"รหัสแปลง":"320104020023","กลุ่ม":"กลุ่ม_82"},"geometry":{"type":"MultiPolygon","coordinates":[[[[985097.944199999794364,1668178.8257],[984847.713499999605119,1668209.3936],[984851.504499999806285,1668226.113700000569224],[984852.251400000415742,1668233.52559999935329],[984853.208100000396371,1668239.462500000372529],[984854.686700000427663,1668255.025800000876188],[984855.654699999839067,1668277.975199999287724],[984920.531600000336766,1668268.947499999776483],[984961.633799999952316,1668262.576899999752641],[985029.931300000287592,1668253.249500000849366],[985093.895200000144541,1668244.943199999630451],[985097.944199999794364,1668178.8257]]]]}},
{"type":"Feature","properties":{"รหัสกลุ่มคิว":"82/001","รหัสรับเหมา":"738889","ชื่อ-สกุล รับเหมา":"รถตัดโรงงานเบอร์ 20","นักเกษตร":"8201","ศูนย์":"K2-82","โควตา":"718249","ชาวไร่":"นาง สำรวย จิตหาญ","ประเภทอ้อย":"ปลายฝน","พื้นที่":18.39,"ตันรวม":239.07,"รหัสแปลง":"321605070001","กลุ่ม":"กลุ่ม_82"},"geometry":{"type":"MultiPolygon","coordinates":[[[[997245.418700000271201,1657972.8761],[997232.60259999986738,1658078.767000000923872],[997235.347199999727309,1658085.112299999222159],[997240.528500000014901,1658086.699899999424815],[997307.398400000296533,1658070.339400000870228],[997437.247800000011921,1658025.886199999600649],[997436.129900000058115,1658010.512499999254942],[997484.273699999786913,1657995.426400000229478],[997450.103000000119209,1657875.054400000721216],[997366.692800000309944,1657917.146999999880791],[997363.655199999921024,1657924.851399999111891],[997356.951200000010431,1657927.300799999386072],[997355.816499999724329,1657921.358899999409914],[997325.645800000056624,1657936.820000000298023],[997245.418700000271201,1657972.8761]]]]}},
{"type":"Feature","properties":{"รหัสกลุ่มคิว":"82/001","รหัสรับเหมา":"738889","ชื่อ-สกุล รับเหมา":"รถตัดโรงงานเบอร์ 20","นักเกษตร":"8201","ศูนย์":"K2-82","โควตา":"788108","ชาวไร่":"นาย สมเกียรติ สิทธิศรี","ประเภทอ้อย":"ปลายฝน","พื้นที่":7.95,"ตันรวม":103.35,"รหัสแปลง":"320113041638","กลุ่ม":"กลุ่ม_82"},"geometry":{"type":"MultiPolygon","coordinates":[[[[965878.376199999824166,1642960.520899999886751],[965938.831699999980628,1642956.053899999707937],[965912.53830000013113,1642894.101600000634789],[965922.32010000012815,1642884.952500000596046],[965905.694799999706447,1642840.854800000786781],[965868.811099999584258,1642848.56220000050962],[965872.227800000458956,1642862.369200000539422],[965784.082399999722838,1642887.63289999961853],[965814.301099999807775,1642973.484400000423193],[965875.221699999645352,1642968.346300000324845],[965864.747399999760091,1642904.938799999654293],[965866.704599999822676,1642904.781500000506639],[965878.376199999824166,1642960.520899999886751]]]]}},
{"type":"Feature","properties":{"รหัสกลุ่มคิว":"82/001","รหัสรับเหมา":"738889","ชื่อ-สกุล รับเหมา":"รถตัดโรงงานเบอร์ 20","นักเกษตร":"8201","ศูนย์":"K2-82","โควตา":"718076","ชาวไร่":"นาย สุเทพ ห่อทอง","ประเภทอ้อย":"ตอ1","พื้นที่":15.97,"ตันรวม":143.73,"รหัสแปลง":"320121050005","กลุ่ม":"กลุ่ม_82"},"geometry":{"type":"MultiPolygon","coordinates":[[[[994432.755800000391901,1653228.288499999791384],[994484.597000000067055,1653304.25929999910295],[994489.511800000444055,1653310.093900000676513],[994498.777200000360608,1653328.148900000378489],[994525.616799999959767,1653320.8268],[994551.276499999687076,1653323.576500000432134],[994560.720200000330806,1653348.106499999761581],[994570.690799999982119,1653341.361999999731779],[994572.511500000022352,1653348.98200000077486],[994571.237900000065565,1653349.69539999961853],[994574.202399999834597,1653380.271299999207258],[994628.853000000119209,1653381.216399999335408],[994622.151300000026822,1653313.945599999278784],[994621.512500000186265,1653310.048800000920892],[994619.963100000284612,1653280.611700000241399],[994618.93030000012368,1653269.679099999368191],[994617.453599999658763,1653245.421800000593066],[994616.986999999731779,1653241.898399999365211],[994616.879800000227988,1653238.38230000063777],[994617.675300000235438,1653234.699999999254942],[994618.099799999967217,1653231.564899999648333],[994618.681099999696016,1653229.542600000277162],[994619.270100000314415,1653227.15059999935329],[994619.384700000286102,1653221.604900000616908],[994623.143799999728799,1653178.962099999189377],[994623.44579999987036,1653173.0504],[994607.902300000190735,1653176.79759999923408],[994529.492700000293553,1653194.225199999287724],[994432.755800000391901,1653228.288499999791384]]]]}},
{"type":"Feature","properties":{"รหัสกลุ่มคิว":"82/001","รหัสรับเหมา":"738889","ชื่อ-สกุล รับเหมา":"รถตัดโรงงานเบอร์ 20","นักเกษตร":"8201","ศูนย์":"K2-82","โควตา":"718259","ชาวไร่":"นาย สิงห์ทอน สุรินต๊ะ","ประเภทอ้อย":"ตอ1","พื้นที่":2.54,"ตันรวม":22.86,"รหัสแปลง":"320103030004","กลุ่ม":"กลุ่ม_82"},"geometry":{"type":"MultiPolygon","coordinates":[[[[982391.869900000281632,1670258.234400000423193],[982374.462199999950826,1670261.1436],[982398.320000000298023,1670499.602900000289083],[982398.228500000201166,1670502.560000000521541],[982414.448599999770522,1670505.542300000786781],[982391.869900000281632,1670258.234400000423193]]]]}},
{"type":"Feature","properties":{"รหัสกลุ่มคิว":"82/001","รหัสรับเหมา":"738889","ชื่อ-สกุล รับเหมา":"รถตัดโรงงานเบอร์ 20","นักเกษตร":"8201","ศูนย์":"K2-82","โควตา":"718272","ชาวไร่":"นาย สำโรง สุขกล้า","ประเภทอ้อย":"ตอ2","พื้นที่":3.45,"ตันรวม":27.6,"รหัสแปลง":"320119040001","กลุ่ม":"กลุ่ม_82"},"geometry":{"type":"MultiPolygon","coordinates":[[[[1000088.111999999731779,1650095.654699999839067],[1000064.193300000391901,1650108.718399999663234],[1000086.682699999772012,1650162.045800000429153],[1000094.889700000174344,1650165.9079],[1000102.100999999791384,1650162.553899999707937],[1000106.113300000317395,1650165.25760000012815],[1000101.503399999812245,1650173.76490000076592],[1000107.6941,1650189.378799999132752],[1000102.5554,1650193.121200000867248],[1000106.055700000375509,1650210.800699999555945],[1000119.11710000038147,1650213.831900000572205],[1000177.566499999724329,1650198.319399999454618],[1000088.111999999731779,1650095.654699999839067]]]]}},
{"type":"Feature","properties":{"รหัสกลุ่มคิว":"82/001","รหัสรับเหมา":"738889","ชื่อ-สกุล รับเหมา":"รถตัดโรงงานเบอร์ 20","นักเกษตร":"8201","ศูนย์":"K2-82","โควตา":"718180","ชาวไร่":"นาง นิสา ทรงงาม","ประเภทอ้อย":"ปลายฝน","พื้นที่":4.04,"ตันรวม":52.52,"รหัสแปลง":"320118140002","กลุ่ม":"กลุ่ม_82"},"geometry":{"type":"MultiPolygon","coordinates":[[[[976318.619099999777973,1639165.555700000375509],[976302.630199999548495,1639120.1064],[976303.380400000140071,1639119.7807],[976246.545400000177324,1639133.249199999496341],[976244.957299999892712,1639132.229499999433756],[976179.780600000172853,1639137.843599999323487],[976182.372100000269711,1639193.098999999463558],[976318.619099999777973,1639165.555700000375509]]]]}},
{"type":"Feature","properties":{"รหัสกลุ่มคิว":"82/001","รหัสรับเหมา":"738889","ชื่อ-สกุล รับเหมา":"รถตัดโรงงานเบอร์ 20","นักเกษตร":"8201","ศูนย์":"K2-82","โควตา":"718292","ชาวไร่":"นาง เกศณีย์ กำลังมา","ประเภทอ้อย":"ปลายฝน","พื้นที่":6.92,"ตันรวม":89.96,"รหัสแปลง":"320118120010","กลุ่ม":"กลุ่ม_82"},"geometry":{"type":"MultiPolygon","coordinates":[[[[974369.277700000442564,1640083.29590000025928],[974348.35010000038892,1640086.397099999710917],[974323.1727,1640049.479399999603629],[974264.140399999916553,1640078.4551],[974300.740500000305474,1640129.094100000336766],[974315.990299999713898,1640121.998500000685453],[974325.814500000327826,1640143.8235],[974317.533900000154972,1640153.274700000882149],[974352.292000000365078,1640206.096300000324845],[974419.704699999652803,1640171.739099999889731],[974369.277700000442564,1640083.29590000025928]]]]}},
{"type":"Feature","properties":{"รหัสกลุ่มคิว":"82/001","รหัสรับเหมา":"738889","ชื่อ-สกุล รับเหมา":"รถตัดโรงงานเบอร์ 20","นักเกษตร":"8201","ศูนย์":"K2-82","โควตา":"718136","ชาวไร่":"นาย ปรีชา ยืนยง","ประเภทอ้อย":"ปลายฝน","พื้นที่":4.88,"ตันรวม":63.44,"รหัสแปลง":"320104020026","กลุ่ม":"กลุ่ม_82"},"geometry":{"type":"MultiPolygon","coordinates":[[[[984704.284500000067055,1668144.232200000435114],[984720.300400000065565,1668205.998199999332428],[984836.504300000146031,1668176.467299999669194],[984818.963100000284612,1668111.846300000324845],[984704.284500000067055,1668144.232200000435114]]]]}},
{"type":"Feature","properties":{"รหัสกลุ่มคิว":"82/001","รหัสรับเหมา":"738889","ชื่อ-สกุล รับเหมา":"รถตัดโรงงานเบอร์ 20","นักเกษตร":"8201","ศูนย์":"K2-82","โควตา":"718180","ชาวไร่":"นาง นิสา ทรงงาม","ประเภทอ้อย":"ปลายฝน","พื้นที่":3.6,"ตันรวม":46.8,"รหัสแปลง":"320118140003","กลุ่ม":"กลุ่ม_82"},"geometry":{"type":"MultiPolygon","coordinates":[[[[976258.387400000356138,1639056.660399999469519],[976237.450899999588728,1639060.130000000819564],[976173.918600000441074,1639070.709499999880791],[976179.521999999880791,1639124.068600000813603],[976280.709099999628961,1639115.000499999150634],[976258.216000000014901,1639065.346899999305606],[976266.288399999961257,1639069.154400000348687],[976258.387400000356138,1639056.660399999469519]]]]}},
{"type":"Feature","properties":{"รหัสกลุ่มคิว":"82/001","รหัสรับเหมา":"738889","ชื่อ-สกุล รับเหมา":"รถตัดโรงงานเบอร์ 20","นักเกษตร":"8201","ศูนย์":"K2-82","โควตา":"718020","ชาวไร่":"นาย เสริม ยงคง","ประเภทอ้อย":"ปลายฝน","พื้นที่":10.47,"ตันรวม":136.11,"รหัสแปลง":"320104111626","กลุ่ม":"กลุ่ม_82"},"geometry":{"type":"MultiPolygon","coordinates":[[[[976119.995799999684095,1665111.450500000268221],[976105.450899999588728,1665003.364800000563264],[975952.599299999885261,1665035.430299999192357],[975973.9671,1665143.837400000542402],[976119.995799999684095,1665111.450500000268221]]]]}},
{"type":"Feature","properties":{"รหัสกลุ่มคิว":"82/001","รหัสรับเหมา":"738889","ชื่อ-สกุล รับเหมา":"รถตัดโรงงานเบอร์ 20","นักเกษตร":"8201","ศูนย์":"K2-82","โควตา":"718020","ชาวไร่":"นาย เสริม ยงคง","ประเภทอ้อย":"ตอ1","พื้นที่":8.75,"ตันรวม":78.75,"รหัสแปลง":"320104091505","กลุ่ม":"กลุ่ม_82"},"geometry":{"type":"MultiPolygon","coordinates":[[[[988623.442099999636412,1660774.379000000655651],[988585.093700000084937,1660660.896800000220537],[988580.106700000353158,1660655.408700000494719],[988579.592699999921024,1660648.340399999171495],[988560.998200000263751,1660615.615599999204278],[988491.817400000058115,1660648.339099999517202],[988518.629700000397861,1660707.824799999594688],[988523.315799999982119,1660720.305700000375509],[988543.621600000187755,1660816.174100000411272],[988623.442099999636412,1660774.379000000655651]]]]}},
{"type":"Feature","properties":{"รหัสกลุ่มคิว":"82/001","รหัสรับเหมา":"738889","ชื่อ-สกุล รับเหมา":"รถตัดโรงงานเบอร์ 20","นักเกษตร":"8201","ศูนย์":"K2-82","โควตา":"718191","ชาวไร่":"นาย พงษ์อนันต์ ทางดี","ประเภทอ้อย":"ตอ1","พื้นที่":2.73,"ตันรวม":24.57,"รหัสแปลง":"320104020027","กลุ่ม":"กลุ่ม_82"},"geometry":{"type":"MultiPolygon","coordinates":[[[[986688.332399999722838,1668047.040400000289083],[986705.410400000400841,1668046.161000000312924],[986684.829199999570847,1667993.0625],[986688.926599999889731,1667983.345100000500679],[986707.409500000067055,1667978.845000000670552],[986721.524100000038743,1667998.043299999088049],[986731.065899999812245,1667993.142100000753999],[986714.173999999649823,1667957.916200000792742],[986652.135300000198185,1667961.003799999132752],[986669.705199999734759,1668052.760199999436736],[986688.332399999722838,1668047.040400000289083]]]]}},
{"type":"Feature","properties":{"รหัสกลุ่มคิว":"82/001","รหัสรับเหมา":"738889","ชื่อ-สกุล รับเหมา":"รถตัดโรงงานเบอร์ 20","นักเกษตร":"8201","ศูนย์":"K2-82","โควตา":"718221","ชาวไร่":"นาย วันดี ไร่บูรณ์","ประเภทอ้อย":"ปลายฝน","พื้นที่":3.18,"ตันรวม":41.34,"รหัสแปลง":"320125080001","กลุ่ม":"กลุ่ม_82"},"geometry":{"type":"MultiPolygon","coordinates":[[[[985504.998499999754131,1654253.86879999935627],[985521.890100000426173,1654245.5208],[985520.232499999925494,1654220.893400000408292],[985527.593700000084937,1654218.541500000283122],[985523.792600000277162,1654212.416300000622869],[985479.130199999548495,1654221.5779],[985443.325299999676645,1654224.4079],[985436.276600000448525,1654232.569299999624491],[985432.92989999987185,1654234.700400000438094],[985443.496299999766052,1654250.23960000090301],[985454.418800000101328,1654305.972200000658631],[985482.549800000153482,1654295.248400000855327],[985505.364099999889731,1654280.134199999272823],[985504.998499999754131,1654253.86879999935627]]]]}},
{"type":"Feature","properties":{"รหัสกลุ่มคิว":"82/001","รหัสรับเหมา":"738889","ชื่อ-สกุล รับเหมา":"รถตัดโรงงานเบอร์ 20","นักเกษตร":"8201","ศูนย์":"K2-82","โควตา":"787078","ชาวไร่":"นาย ศตวรรษ ใจหนึ่ง","ประเภทอ้อย":"ปลายฝน","พื้นที่":6.11,"ตันรวม":79.43,"รหัสแปลง":"320116111622","กลุ่ม":"กลุ่ม_82"},"geometry":{"type":"MultiPolygon","coordinates":[[[[991455.701399999670684,1642144.663899999111891],[991420.638600000180304,1642161.331800000742078],[991334.67090000025928,1642177.51630000025034],[991348.808500000275671,1642251.775399999693036],[991476.52170000039041,1642226.456599999219179],[991455.701399999670684,1642144.663899999111891]]]]}},
{"type":"Feature","properties":{"รหัสกลุ่มคิว":"82/001","รหัสรับเหมา":"738889","ชื่อ-สกุล รับเหมา":"รถตัดโรงงานเบอร์ 20","นักเกษตร":"8201","ศูนย์":"K2-82","โควตา":"716356","ชาวไร่":"นาย สำเรือง ออกหาญ","ประเภทอ้อย":"ตอ2","พื้นที่":5.48,"ตันรวม":43.84,"รหัสแปลง":"320105191659","กลุ่ม":"กลุ่ม_82"},"geometry":{"type":"MultiPolygon","coordinates":[[[[980589.739599999971688,1657400.310000000521541],[980510.003399999812245,1657197.255599999800324],[980477.564100000075996,1657208.844799999147654],[980551.280100000090897,1657423.9726],[980589.739599999971688,1657400.310000000521541]]]]}},
{"type":"Feature","properties":{"รหัสกลุ่มคิว":"82/001","รหัสรับเหมา":"738889","ชื่อ-สกุล รับเหมา":"รถตัดโรงงานเบอร์ 20","นักเกษตร":"8201","ศูนย์":"K2-82","โควตา":"718300","ชาวไร่":"นาย มานิด ตรงใจสอน","ประเภทอ้อย":"ตอ1","พื้นที่":3.0,"ตันรวม":27.0,"รหัสแปลง":"320113051629","กลุ่ม":"กลุ่ม_82"},"geometry":{"type":"MultiPolygon","coordinates":[[[[966475.648599999956787,1642965.214800000190735],[966514.277200000360608,1642941.318800000473857],[966502.284900000318885,1642828.6886],[966463.190999999642372,1642842.842299999669194],[966475.648599999956787,1642965.214800000190735]]]]}},
{"type":"Feature","properties":{"รหัสกลุ่มคิว":"82/001","รหัสรับเหมา":"738889","ชื่อ-สกุล รับเหมา":"รถตัดโรงงานเบอร์ 20","นักเกษตร":"8201","ศูนย์":"K2-82","โควตา":"718294","ชาวไร่":"นาง คำนึง อินทร์ชื่น","ประเภทอ้อย":"ปลายฝน","พื้นที่":5.82,"ตันรวม":75.66,"รหัสแปลง":"310304110002","กลุ่ม":"กลุ่ม_82"},"geometry":{"type":"MultiPolygon","coordinates":[[[[960839.475499999709427,1640094.946000000461936],[960943.009300000034273,1640045.139000000432134],[960901.291100000031292,1639965.770600000396371],[960805.707299999892712,1640030.870500000193715],[960839.475499999709427,1640094.946000000461936]]]]}},
{"type":"Feature","properties":{"รหัสกลุ่มคิว":"82/001","รหัสรับเหมา":"738889","ชื่อ-สกุล รับเหมา":"รถตัดโรงงานเบอร์ 20","นักเกษตร":"8201","ศูนย์":"K2-82","โควตา":"718292","ชาวไร่":"นาง เกศณีย์ กำลังมา","ประเภทอ้อย":"ปลายฝน","พื้นที่":10.92,"ตันรวม":141.96,"รหัสแปลง":"310304110003","กลุ่ม":"กลุ่ม_82"},"geometry":{"type":"MultiPolygon","coordinates":[[[[960677.433600000105798,1639803.004499999806285],[960740.811099999584258,1639898.408099999651313],[960889.769899999722838,1639834.773399999365211],[960814.481300000101328,1639746.365599999204278],[960810.538599999621511,1639745.722400000318885],[960677.433600000105798,1639803.004499999806285]]]]}},
{"type":"Feature","properties":{"รหัสกลุ่มคิว":"82/001","รหัสรับเหมา":"738889","ชื่อ-สกุล รับเหมา":"รถตัดโรงงานเบอร์ 20","นักเกษตร":"8201","ศูนย์":"K2-82","โควตา":"718221","ชาวไร่":"นาย วันดี ไร่บูรณ์","ประเภทอ้อย":"ตอ1","พื้นที่":3.93,"ตันรวม":35.37,"รหัสแปลง":"320119080001","กลุ่ม":"กลุ่ม_82"},"geometry":{"type":"MultiPolygon","coordinates":[[[[999382.41330000013113,1658105.390900000929832],[999603.182500000111759,1658105.644600000232458],[999605.068300000391901,1658076.5592],[999381.714300000108778,1658077.800100000575185],[999382.41330000013113,1658105.390900000929832]]]]}},
{"type":"Feature","properties":{"รหัสกลุ่มคิว":"82/001","รหัสรับเหมา":"738889","ชื่อ-สกุล รับเหมา":"รถตัดโรงงานเบอร์ 20","นักเกษตร":"8201","ศูนย์":"K2-82","โควตา":"718151","ชาวไร่":"นาย พิรัตน์ สุขดี","ประเภทอ้อย":"ตอ2","พื้นที่":5.14,"ตันรวม":41.12,"รหัสแปลง":"320104020029","กลุ่ม":"กลุ่ม_82"},"geometry":{"type":"MultiPolygon","coordinates":[[[[985385.810100000351667,1668243.286299999803305],[985442.606700000353158,1668231.885600000619888],[985433.175099999643862,1668116.319199999794364],[985410.452600000426173,1668117.901900000870228],[985405.99280000012368,1668085.07010000012815],[985369.916600000113249,1668091.024900000542402],[985385.810100000351667,1668243.286299999803305]]]]}},
{"type":"Feature","properties":{"รหัสกลุ่มคิว":"82/001","รหัสรับเหมา":"738889","ชื่อ-สกุล รับเหมา":"รถตัดโรงงานเบอร์ 20","นักเกษตร":"8201","ศูนย์":"K2-82","โควตา":"782462","ชาวไร่":"นาย สกุล จิตรไมตรี","ประเภทอ้อย":"ตอ1","พื้นที่":6.54,"ตันรวม":58.86,"รหัสแปลง":"320103060002","กลุ่ม":"กลุ่ม_82"},"geometry":{"type":"MultiPolygon","coordinates":[[[[980165.260800000280142,1670353.683700000867248],[980163.128100000321865,1670275.5428],[980081.541000000201166,1670274.257099999114871],[980082.997499999590218,1670283.762299999594688],[980033.964700000360608,1670291.855000000447035],[980032.568199999630451,1670294.357999999076128],[980038.356499999761581,1670360.040300000458956],[980099.2347999997437,1670364.807499999180436],[980165.260800000280142,1670353.683700000867248]]]]}},
{"type":"Feature","properties":{"รหัสกลุ่มคิว":"82/001","รหัสรับเหมา":"738889","ชื่อ-สกุล รับเหมา":"รถตัดโรงงานเบอร์ 20","นักเกษตร":"8201","ศูนย์":"K2-82","โควตา":"781892","ชาวไร่":"นาย อุทัยทิพย์ นวลอ่อน","ประเภทอ้อย":"ปลายฝน","พื้นที่":12.77,"ตันรวม":166.01,"รหัสแปลง":"320104051503","กลุ่ม":"กลุ่ม_82"},"geometry":{"type":"MultiPolygon","coordinates":[[[[979190.839399999938905,1665076.788200000301003],[979225.063799999654293,1665279.171900000423193],[979320.406200000084937,1665293.6554000005126],[979286.511800000444055,1665066.68099999986589],[979190.839399999938905,1665076.788200000301003]]]]}},
{"type":"Feature","properties":{"รหัสกลุ่มคิว":"82/001","รหัสรับเหมา":"738889","ชื่อ-สกุล รับเหมา":"รถตัดโรงงานเบอร์ 20","นักเกษตร":"8201","ศูนย์":"K2-82","โควตา":"782495","ชาวไร่":"นาย ฐิติวัฒน์ ธนุนาจารย์","ประเภทอ้อย":"ปลายฝน","พื้นที่":3.98,"ตันรวม":51.74,"รหัสแปลง":"321605051511","กลุ่ม":"กลุ่ม_82"},"geometry":{"type":"MultiPolygon","coordinates":[[[[996254.950100000016391,1656731.219699999317527],[996240.144999999552965,1656690.3969],[996236.031000000424683,1656689.060399999842048],[996229.990100000053644,1656688.195299999788404],[996121.085400000214577,1656711.593100000172853],[996139.573099999688566,1656767.113500000908971],[996254.950100000016391,1656731.219699999317527]]]]}},
{"type":"Feature","properties":{"รหัสกลุ่มคิว":"82/001","รหัสรับเหมา":"738889","ชื่อ-สกุล รับเหมา":"รถตัดโรงงานเบอร์ 20","นักเกษตร":"8201","ศูนย์":"K2-82","โควตา":"781899","ชาวไร่":"นาง เสงี่ยม มีแก้ว","ประเภทอ้อย":"ปลายฝน","พื้นที่":4.97,"ตันรวม":64.61,"รหัสแปลง":"320104051504","กลุ่ม":"กลุ่ม_82"},"geometry":{"type":"MultiPolygon","coordinates":[[[[979292.161700000055134,1665051.5647],[979302.868300000205636,1665126.493899999186397],[979336.341099999845028,1665120.4046],[979339.867600000463426,1665118.081299999728799],[979343.478500000201166,1665117.396299999207258],[979345.641400000080466,1665120.387800000607967],[979363.162200000137091,1665119.676799999549985],[979376.245000000111759,1665117.193099999800324],[979407.589399999938905,1665111.325999999418855],[979402.830699999816716,1665072.620300000533462],[979401.694299999624491,1665062.21030000038445],[979397.796699999831617,1665038.59569999948144],[979292.161700000055134,1665051.5647]]]]}},
{"type":"Feature","properties":{"รหัสกลุ่มคิว":"82/001","รหัสรับเหมา":"738889","ชื่อ-สกุล รับเหมา":"รถตัดโรงงานเบอร์ 20","นักเกษตร":"8201","ศูนย์":"K2-82","โควตา":"781899","ชาวไร่":"นาง เสงี่ยม มีแก้ว","ประเภทอ้อย":"ปลายฝน","พื้นที่":1.73,"ตันรวม":22.49,"รหัสแปลง":"320104051505","กลุ่ม":"กลุ่ม_82"},"geometry":{"type":"MultiPolygon","coordinates":[[[[979172.156200000084937,1664771.802300000563264],[979125.784400000236928,1664789.911599999293685],[979134.463100000284612,1664840.749900000169873],[979185.591799999587238,1664827.359200000762939],[979172.156200000084937,1664771.802300000563264]]]]}},
{"type":"Feature","properties":{"รหัสกลุ่มคิว":"82/001","รหัสรับเหมา":"738889","ชื่อ-สกุล รับเหมา":"รถตัดโรงงานเบอร์ 20","นักเกษตร":"8201","ศูนย์":"K2-82","โควตา":"781646","ชาวไร่":"นาย มนูญ จันทินมาธร","ประเภทอ้อย":"ปลายฝน","พื้นที่":8.04,"ตันรวม":104.52,"รหัสแปลง":"320103040001","กลุ่ม":"กลุ่ม_82"},"geometry":{"type":"MultiPolygon","coordinates":[[[[980640.165599999949336,1669969.974899999797344],[980507.506000000052154,1669972.828700000420213],[980497.112999999895692,1670077.6447],[980615.662899999879301,1670061.745899999514222],[980606.8114,1670037.528300000354648],[980655.642,1670021.878200000151992],[980640.165599999949336,1669969.974899999797344]]]]}},
{"type":"Feature","properties":{"รหัสกลุ่มคิว":"82/001","รหัสรับเหมา":"738889","ชื่อ-สกุล รับเหมา":"รถตัดโรงงานเบอร์ 20","นักเกษตร":"8201","ศูนย์":"K2-82","โควตา":"788060","ชาวไร่":"นาย สหภัทร ชลาชัย","ประเภทอ้อย":"ปลายฝน","พื้นที่":6.67,"ตันรวม":86.71,"รหัสแปลง":"320105181637","กลุ่ม":"กลุ่ม_82"},"geometry":{"type":"MultiPolygon","coordinates":[[[[975833.460099999792874,1662953.532999999821186],[975793.754599999636412,1662890.059100000187755],[975781.892699999734759,1662899.066500000655651],[975759.353900000452995,1662911.742900000885129],[975735.424499999731779,1662931.047700000926852],[975678.152999999932945,1662999.976600000634789],[975687.25899999961257,1663017.478800000622869],[975703.643400000408292,1663029.534299999475479],[975711.85259999986738,1663036.479499999433756],[975833.460099999792874,1662953.532999999821186]]]]}},
{"type":"Feature","properties":{"รหัสกลุ่มคิว":"82/001","รหัสรับเหมา":"738889","ชื่อ-สกุล รับเหมา":"รถตัดโรงงานเบอร์ 20","นักเกษตร":"8201","ศูนย์":"K2-82","โควตา":"787010","ชาวไร่":"นาย ศักดิ์ชัย สวัสดี","ประเภทอ้อย":"ตอ1","พื้นที่":2.83,"ตันรวม":25.47,"รหัสแปลง":"320113051637","กลุ่ม":"กลุ่ม_82"},"geometry":{"type":"MultiPolygon","coordinates":[[[[965596.326000000350177,1642621.766200000420213],[965539.750099999830127,1642506.239800000563264],[965502.587100000120699,1642512.176599999889731],[965559.206000000238419,1642625.485300000756979],[965596.326000000350177,1642621.766200000420213]]]]}},
{"type":"Feature","properties":{"รหัสกลุ่มคิว":"82/001","รหัสรับเหมา":"738889","ชื่อ-สกุล รับเหมา":"รถตัดโรงงานเบอร์ 20","นักเกษตร":"8201","ศูนย์":"K2-82","โควตา":"728153","ชาวไร่":"นาย ณัฐพล มุ่งเจริญพร","ประเภทอ้อย":"น้ำราด","พื้นที่":31.16,"ตันรวม":0.0,"รหัสแปลง":"320121010012","กลุ่ม":"กลุ่ม_82"},"geometry":{"type":"MultiPolygon","coordinates":[[[[996114.029099999926984,1648644.028400000184774],[995906.489699999801815,1648668.403599999845028],[995941.314600000157952,1648915.4627],[995946.547899999655783,1648923.338300000876188],[995998.405199999921024,1648903.327299999073148],[996071.23369999974966,1648886.894099999219179],[996132.696999999694526,1648872.075300000607967],[996142.872600000351667,1648867.1075],[996114.029099999926984,1648644.028400000184774]]]]}},
{"type":"Feature","properties":{"รหัสกลุ่มคิว":"82/001","รหัสรับเหมา":"738889","ชื่อ-สกุล รับเหมา":"รถตัดโรงงานเบอร์ 20","นักเกษตร":"8201","ศูนย์":"K2-82","โควตา":"787030","ชาวไร่":"นาย พลชนก สงวนเดชาสกุล","ประเภทอ้อย":"ปลายฝน","พื้นที่":11.68,"ตันรวม":151.84,"รหัสแปลง":"320113090001","กลุ่ม":"กลุ่ม_82"},"geometry":{"type":"MultiPolygon","coordinates":[[[[966157.827200000174344,1643196.4781],[966119.214200000278652,1643173.030600000172853],[966068.760099999606609,1643124.503499999642372],[966036.852500000037253,1643127.143300000578165],[965939.524400000460446,1643168.322699999436736],[965960.326500000432134,1643226.115199999883771],[965969.777599999681115,1643248.852099999785423],[966157.827200000174344,1643196.4781]]]]}},
{"type":"Feature","properties":{"รหัสกลุ่มคิว":"82/001","รหัสรับเหมา":"738889","ชื่อ-สกุล รับเหมา":"รถตัดโรงงานเบอร์ 20","นักเกษตร":"8201","ศูนย์":"K2-82","โควตา":"718020","ชาวไร่":"นาย เสริม ยงคง","ประเภทอ้อย":"ตอ3","พื้นที่":12.33,"ตันรวม":86.31,"รหัสแปลง":"320104051506","กลุ่ม":"กลุ่ม_82"},"geometry":{"type":"MultiPolygon","coordinates":[[[[978015.068199999630451,1665632.28800000064075],[978081.603900000452995,1665613.513599999248981],[978209.113699999637902,1665589.799499999731779],[978191.917100000195205,1665559.829800000414252],[978181.683000000193715,1665563.875900000333786],[978153.893699999898672,1665527.649900000542402],[978128.870900000445545,1665531.25620000064373],[978112.469800000078976,1665491.008500000461936],[978087.0011,1665497.1075],[978079.216500000096858,1665470.168700000271201],[978050.532300000078976,1665477.9869],[978054.636199999600649,1665517.113800000399351],[978025.444299999624491,1665537.887399999424815],[978019.951700000092387,1665538.37470000050962],[978011.039599999785423,1665487.542199999094009],[977975.738300000317395,1665495.311599999666214],[978015.068199999630451,1665632.28800000064075]]]]}},
{"type":"Feature","properties":{"รหัสกลุ่มคิว":"82/001","รหัสรับเหมา":"738889","ชื่อ-สกุล รับเหมา":"รถตัดโรงงานเบอร์ 20","นักเกษตร":"8201","ศูนย์":"K2-82","โควตา":"718020","ชาวไร่":"นาย เสริม ยงคง","ประเภทอ้อย":"ตอ3","พื้นที่":13.61,"ตันรวม":95.27,"รหัสแปลง":"320104111633","กลุ่ม":"กลุ่ม_82"},"geometry":{"type":"MultiPolygon","coordinates":[[[[978052.717199999839067,1665624.062400000169873],[978078.060200000181794,1665775.355900000780821],[978113.391400000080466,1665763.30629999935627],[978113.2796,1665757.936699999496341],[978124.250500000081956,1665756.810900000855327],[978132.786199999973178,1665762.828299999237061],[978136.096099999733269,1665766.910000000149012],[978196.945299999788404,1665744.057499999180436],[978190.123300000093877,1665728.5482],[978184.324699999764562,1665699.53690000064671],[978213.447499999776483,1665659.615000000223517],[978218.519899999722838,1665636.1546],[978226.247100000269711,1665606.960999999195337],[978198.36629999987781,1665589.568600000813603],[978052.717199999839067,1665624.062400000169873]]]]}},
{"type":"Feature","properties":{"รหัสกลุ่มคิว":"82/001","รหัสรับเหมา":"738889","ชื่อ-สกุล รับเหมา":"รถตัดโรงงานเบอร์ 20","นักเกษตร":"8201","ศูนย์":"K2-82","โควตา":"787089","ชาวไร่":"นาย เกรียงศักดิ์ มีสิทธิ์","ประเภทอ้อย":"ปลายฝน","พื้นที่":9.06,"ตันรวม":117.78,"รหัสแปลง":"321605010001","กลุ่ม":"กลุ่ม_82"},"geometry":{"type":"MultiPolygon","coordinates":[[[[988891.813799999654293,1661932.708699999377131],[988938.416100000031292,1662050.292300000786781],[989045.418800000101328,1662010.030300000682473],[989014.096199999563396,1661947.7741],[988996.541199999861419,1661885.511499999091029],[988971.286000000312924,1661898.99269999936223],[988897.567400000058115,1661926.747700000181794],[988891.813799999654293,1661932.708699999377131]]]]}},
{"type":"Feature","properties":{"รหัสกลุ่มคิว":"82/001","รหัสรับเหมา":"738889","ชื่อ-สกุล รับเหมา":"รถตัดโรงงานเบอร์ 20","นักเกษตร":"8201","ศูนย์":"K2-82","โควตา":"718191","ชาวไร่":"นาย พงษ์อนันต์ ทางดี","ประเภทอ้อย":"ปลายฝน","พื้นที่":17.73,"ตันรวม":230.49,"รหัสแปลง":"321101030001","กลุ่ม":"กลุ่ม_82"},"geometry":{"type":"MultiPolygon","coordinates":[[[[991142.950100000016391,1640337.658299999311566],[991164.495799999684095,1640464.64130000025034],[991411.095499999821186,1640362.82010000012815],[991312.630499999970198,1640266.403699999675155],[991312.622999999672174,1640266.773399999365211],[991312.795300000347197,1640267.146800000220537],[991142.950100000016391,1640337.658299999311566]]]]}},
{"type":"Feature","properties":{"รหัสกลุ่มคิว":"82/001","รหัสรับเหมา":"738889","ชื่อ-สกุล รับเหมา":"รถตัดโรงงานเบอร์ 20","นักเกษตร":"8201","ศูนย์":"K2-82","โควตา":"787078","ชาวไร่":"นาย ศตวรรษ ใจหนึ่ง","ประเภทอ้อย":"ปลายฝน","พื้นที่":11.58,"ตันรวม":150.54,"รหัสแปลง":"320107041507","กลุ่ม":"กลุ่ม_82"},"geometry":{"type":"MultiPolygon","coordinates":[[[[997310.134700000286102,1638206.301200000569224],[997304.842899999581277,1638172.796499999240041],[996903.841400000266731,1638252.784299999475479],[996930.799300000071526,1638306.760199999436736],[997310.134700000286102,1638206.301200000569224]]]]}},
{"type":"Feature","properties":{"รหัสกลุ่มคิว":"82/001","รหัสรับเหมา":"738889","ชื่อ-สกุล รับเหมา":"รถตัดโรงงานเบอร์ 20","นักเกษตร":"8201","ศูนย์":"K2-82","โควตา":"718020","ชาวไร่":"นาย เสริม ยงคง","ประเภทอ้อย":"ปลายฝน","พื้นที่":8.39,"ตันรวม":109.07,"รหัสแปลง":"320114141703","กลุ่ม":"กลุ่ม_82"},"geometry":{"type":"MultiPolygon","coordinates":[[[[984145.294400000013411,1638465.06279999949038],[984117.22510000038892,1638222.823899999260902],[984055.525899999774992,1638240.078099999576807],[984096.440700000151992,1638469.815600000321865],[984145.294400000013411,1638465.06279999949038]]]]}},
{"type":"Feature","properties":{"รหัสกลุ่มคิว":"82/001","รหัสรับเหมา":"738889","ชื่อ-สกุล รับเหมา":"รถตัดโรงงานเบอร์ 20","นักเกษตร":"8201","ศูนย์":"K2-82","โควตา":"781899","ชาวไร่":"นาง เสงี่ยม มีแก้ว","ประเภทอ้อย":"ตอ1","พื้นที่":3.68,"ตันรวม":33.12,"รหัสแปลง":"320104051508","กลุ่ม":"กลุ่ม_82"},"geometry":{"type":"MultiPolygon","coordinates":[[[[978685.513799999840558,1665436.427300000563264],[978676.84360000025481,1665359.378200000151992],[978588.897599999792874,1665388.751499999314547],[978605.5921,1665445.968599999323487],[978685.513799999840558,1665436.427300000563264]]]]}},
{"type":"Feature","properties":{"รหัสกลุ่มคิว":"82/001","รหัสรับเหมา":"738889","ชื่อ-สกุล รับเหมา":"รถตัดโรงงานเบอร์ 20","นักเกษตร":"8201","ศูนย์":"K2-82","โควตา":"716774","ชาวไร่":"นาย จำลอง สืบสาม","ประเภทอ้อย":"ตอ1","พื้นที่":9.48,"ตันรวม":85.32,"รหัสแปลง":"320105011629","กลุ่ม":"กลุ่ม_82"},"geometry":{"type":"MultiPolygon","coordinates":[[[[982025.868800000287592,1657649.507500000298023],[981893.318699999712408,1657714.360300000756979],[981897.160899999551475,1657724.982100000604987],[981908.68819999974221,1657739.185100000351667],[981916.633500000461936,1657740.032299999147654],[981933.946700000204146,1657741.524900000542402],[981900.75650000013411,1657753.678400000557303],[981915.435899999924004,1657767.384800000116229],[981922.650299999862909,1657771.631100000813603],[981931.931800000369549,1657778.948999999091029],[981935.901300000026822,1657780.436000000685453],[981940.077899999916553,1657782.6173],[981942.781299999915063,1657781.372700000181794],[981953.32120000012219,1657784.762000000104308],[981971.518400000408292,1657795.2434],[982066.819199999794364,1657759.242799999192357],[982036.329199999570847,1657666.2752],[982025.868800000287592,1657649.507500000298023]]]]}},
{"type":"Feature","properties":{"รหัสกลุ่มคิว":"82/001","รหัสรับเหมา":"738889","ชื่อ-สกุล รับเหมา":"รถตัดโรงงานเบอร์ 20","นักเกษตร":"8201","ศูนย์":"K2-82","โควตา":"718020","ชาวไร่":"นาย เสริม ยงคง","ประเภทอ้อย":"ตอ2","พื้นที่":11.39,"ตันรวม":91.12,"รหัสแปลง":"320512011608","กลุ่ม":"กลุ่ม_82"},"geometry":{"type":"MultiPolygon","coordinates":[[[[976330.917799999937415,1633355.623999999836087],[976332.263600000180304,1633460.298800000920892],[976279.421099999919534,1633461.4529],[976282.107200000435114,1633495.881899999454618],[976331.540699999779463,1633494.751800000667572],[976469.308100000023842,1633478.603700000792742],[976444.453599999658763,1633356.379000000655651],[976330.917799999937415,1633355.623999999836087]]]]}},
{"type":"Feature","properties":{"รหัสกลุ่มคิว":"82/001","รหัสรับเหมา":"738889","ชื่อ-สกุล รับเหมา":"รถตัดโรงงานเบอร์ 20","นักเกษตร":"8201","ศูนย์":"K2-82","โควตา":"784257","ชาวไร่":"นาย ชินกรณ์ เจือจันทร์","ประเภทอ้อย":"ตอ2","พื้นที่":6.47,"ตันรวม":51.76,"รหัสแปลง":"320905090002","กลุ่ม":"กลุ่ม_82"},"geometry":{"type":"MultiPolygon","coordinates":[[[[1009525.736100000329316,1661107.756899999454618],[1009598.151700000278652,1661363.8838],[1009629.197100000455976,1661340.635900000110269],[1009600.279299999587238,1661222.672900000587106],[1009564.737599999643862,1661092.637599999085069],[1009525.736100000329316,1661107.756899999454618]]]]}},
{"type":"Feature","properties":{"รหัสกลุ่มคิว":"82/001","รหัสรับเหมา":"738889","ชื่อ-สกุล รับเหมา":"รถตัดโรงงานเบอร์ 20","นักเกษตร":"8201","ศูนย์":"K2-82","โควตา":"783588","ชาวไร่":"นาง เยาวดี พรมชาติ","ประเภทอ้อย":"ตอ2","พื้นที่":21.82,"ตันรวม":174.56,"รหัสแปลง":"320905090003","กลุ่ม":"กลุ่ม_82"},"geometry":{"type":"MultiPolygon","coordinates":[[[[1009925.270399999804795,1660917.986500000581145],[1009614.3097,1661012.4956],[1009645.267900000326335,1661085.439999999478459],[1009869.611700000241399,1661064.381999999284744],[1009928.346199999563396,1661052.634700000286102],[1009962.5554,1661054.395300000905991],[1009925.270399999804795,1660917.986500000581145]]]]}},
{"type":"Feature","properties":{"รหัสกลุ่มคิว":"82/001","รหัสรับเหมา":"738889","ชื่อ-สกุล รับเหมา":"รถตัดโรงงานเบอร์ 20","นักเกษตร":"8201","ศูนย์":"K2-82","โควตา":"784257","ชาวไร่":"นาย ชินกรณ์ เจือจันทร์","ประเภทอ้อย":"ตอ2","พื้นที่":21.38,"ตันรวม":171.04,"รหัสแปลง":"320905090004","กลุ่ม":"กลุ่ม_82"},"geometry":{"type":"MultiPolygon","coordinates":[[[[1009611.756799999624491,1661013.468900000676513],[1009925.374800000339746,1660914.379200000315905],[1009892.798000000417233,1660786.118300000205636],[1009797.610500000417233,1660840.8871],[1009746.445299999788404,1660869.937100000679493],[1009716.68709999974817,1660883.7193],[1009665.21169999986887,1660901.083200000226498],[1009635.376000000163913,1660908.770500000566244],[1009583.431200000457466,1660923.98960000090301],[1009611.756799999624491,1661013.468900000676513]]]]}},
{"type":"Feature","properties":{"รหัสกลุ่มคิว":"82/001","รหัสรับเหมา":"738889","ชื่อ-สกุล รับเหมา":"รถตัดโรงงานเบอร์ 20","นักเกษตร":"8201","ศูนย์":"K2-82","โควตา":"718272","ชาวไร่":"นาย สำโรง สุขกล้า","ประเภทอ้อย":"ตอ2","พื้นที่":2.83,"ตันรวม":22.64,"รหัสแปลง":"320119040002","กลุ่ม":"กลุ่ม_82"},"geometry":{"type":"MultiPolygon","coordinates":[[[[1000181.867700000293553,1650198.7642],[1000197.3953,1650196.614700000733137],[1000168.4408,1650116.782500000670552],[1000165.903800000436604,1650111.749199999496341],[1000152.466699999757111,1650102.153999999165535],[1000135.303299999795854,1650094.092399999499321],[1000117.924700000323355,1650089.204500000923872],[1000104.888899999670684,1650086.908399999141693],[1000099.295300000347197,1650087.369899999350309],[1000088.8416,1650093.170800000429153],[1000181.867700000293553,1650198.7642]]]]}},
{"type":"Feature","properties":{"รหัสกลุ่มคิว":"82/001","รหัสรับเหมา":"738889","ชื่อ-สกุล รับเหมา":"รถตัดโรงงานเบอร์ 20","นักเกษตร":"8201","ศูนย์":"K2-82","โควตา":"787063","ชาวไร่":"นาย สันติ สายบุตร","ประเภทอ้อย":"ตอ2","พื้นที่":5.66,"ตันรวม":45.28,"รหัสแปลง":"320104051509","กลุ่ม":"กลุ่ม_82"},"geometry":{"type":"MultiPolygon","coordinates":[[[[978821.518500000238419,1665382.182099999859929],[978829.913499999791384,1665420.9989],[979033.055700000375509,1665411.651399999856949],[979033.122000000439584,1665363.750499999150634],[978821.518500000238419,1665382.182099999859929]]]]}},
{"type":"Feature","properties":{"รหัสกลุ่มคิว":"82/001","รหัสรับเหมา":"738889","ชื่อ-สกุล รับเหมา":"รถตัดโรงงานเบอร์ 20","นักเกษตร":"8201","ศูนย์":"K2-82","โควตา":"787061","ชาวไร่":"นาง ทวน สินสิทธิ์","ประเภทอ้อย":"ตอ1","พื้นที่":4.8,"ตันรวม":43.2,"รหัสแปลง":"320104051510","กลุ่ม":"กลุ่ม_82"},"geometry":{"type":"MultiPolygon","coordinates":[[[[979035.75,1665448.935900000855327],[979035.03899999987334,1665448.551699999719858],[979035.895499999634922,1665441.727600000798702],[979031.259899999946356,1665404.283800000324845],[978834.950799999758601,1665416.594399999827147],[978839.672399999573827,1665449.787100000306964],[979035.75,1665448.935900000855327]]]]}},
{"type":"Feature","properties":{"รหัสกลุ่มคิว":"82/001","รหัสรับเหมา":"738889","ชื่อ-สกุล รับเหมา":"รถตัดโรงงานเบอร์ 20","นักเกษตร":"8201","ศูนย์":"K2-82","โควตา":"787066","ชาวไร่":"นาง บุญเพ็ง ยืนยิ่ง","ประเภทอ้อย":"ตอ2","พื้นที่":4.39,"ตันรวม":35.12,"รหัสแปลง":"320103030008","กลุ่ม":"กลุ่ม_82"},"geometry":{"type":"MultiPolygon","coordinates":[[[[981115.16469999961555,1670636.233799999579787],[981119.675900000147521,1670608.77419999986887],[981156.838800000026822,1670601.393899999558926],[981146.559700000099838,1670567.901399999856949],[981069.958499999716878,1670588.532800000160933],[980979.282599999569356,1670594.45549999922514],[980983.474200000055134,1670626.899599999189377],[981003.716300000436604,1670629.899800000712276],[981030.974000000394881,1670632.487999999895692],[981059.246299999766052,1670629.36460000090301],[981078.448300000280142,1670630.494699999690056],[981115.16469999961555,1670636.233799999579787]]]]}},
{"type":"Feature","properties":{"รหัสกลุ่มคิว":"82/001","รหัสรับเหมา":"738889","ชื่อ-สกุล รับเหมา":"รถตัดโรงงานเบอร์ 20","นักเกษตร":"8201","ศูนย์":"K2-82","โควตา":"723713","ชาวไร่":"นางสาว เจนจิรา ยาเพ็ชร","ประเภทอ้อย":"ปลายฝน","พื้นที่":37.45,"ตันรวม":486.85,"รหัสแปลง":"320107051506","กลุ่ม":"กลุ่ม_82"},"geometry":{"type":"MultiPolygon","coordinates":[[[[995855.541500000283122,1639114.403799999505281],[995812.096800000406802,1638994.785399999469519],[995792.120699999853969,1638985.18099999986589],[995784.447800000198185,1638958.987199999392033],[995756.290400000289083,1639000.25760000012815],[995747.83600000012666,1638973.823000000789762],[995730.557099999859929,1638974.023],[995676.449699999764562,1638988.816500000655651],[995684.606700000353158,1639020.9781],[995743.24280000012368,1639153.6722999997437],[995653.583300000056624,1639191.037799999117851],[995628.662800000049174,1639195.3344],[995628.490500000305474,1639194.960999999195337],[995580.800599999725819,1639203.968399999663234],[995614.967000000178814,1639336.529799999669194],[995702.613300000317395,1639300.787499999627471],[995811.277400000020862,1639240.510700000450015],[995923.119400000199676,1639209.519500000402331],[995934.537100000306964,1639196.808499999344349],[995905.468999999575317,1639099.821900000795722],[995855.541500000283122,1639114.403799999505281]]]]}},
{"type":"Feature","properties":{"รหัสกลุ่มคิว":"82/001","รหัสรับเหมา":"738889","ชื่อ-สกุล รับเหมา":"รถตัดโรงงานเบอร์ 20","นักเกษตร":"8201","ศูนย์":"K2-82","โควตา":"723713","ชาวไร่":"นางสาว เจนจิรา ยาเพ็ชร","ประเภทอ้อย":"ปลายฝน","พื้นที่":33.06,"ตันรวม":429.78,"รหัสแปลง":"320107051507","กลุ่ม":"กลุ่ม_82"},"geometry":{"type":"MultiPolygon","coordinates":[[[[996243.686200000345707,1639093.208599999547005],[996368.150200000032783,1639358.711300000548363],[996389.207600000314415,1639341.249399999156594],[996411.758100000210106,1639319.1732],[996436.924800000153482,1639298.351500000804663],[996475.75719999987632,1639265.967800000682473],[996532.504800000227988,1639225.127699999138713],[996503.233,1639172.572499999776483],[996464.993400000035763,1639104.417999999597669],[996439.970800000242889,1639059.78999999910593],[996419.895600000396371,1639007.581700000911951],[996366.810899999924004,1639034.105599999427795],[996337.277800000272691,1639046.897199999541044],[996243.686200000345707,1639093.208599999547005]]]]}},
{"type":"Feature","properties":{"รหัสกลุ่มคิว":"82/001","รหัสรับเหมา":"738889","ชื่อ-สกุล รับเหมา":"รถตัดโรงงานเบอร์ 20","นักเกษตร":"8201","ศูนย์":"K2-82","โควตา":"713686","ชาวไร่":"นาย สุธี ใจหนึ่ง","ประเภทอ้อย":"ตอ2","พื้นที่":5.72,"ตันรวม":45.76,"รหัสแปลง":"320107051508","กลุ่ม":"กลุ่ม_82"},"geometry":{"type":"MultiPolygon","coordinates":[[[[996900.556599999777973,1637925.241499999538064],[996901.128999999724329,1637941.158099999651313],[996962.391499999910593,1638059.855000000447035],[997018.83490000013262,1638027.912100000306964],[996948.745699999853969,1637900.896099999547005],[996900.556599999777973,1637925.241499999538064]]]]}},
{"type":"Feature","properties":{"รหัสกลุ่มคิว":"82/001","รหัสรับเหมา":"738889","ชื่อ-สกุล รับเหมา":"รถตัดโรงงานเบอร์ 20","นักเกษตร":"8201","ศูนย์":"K2-82","โควตา":"787088","ชาวไร่":"นาย ไพโรจน์ มีธรรม","ประเภทอ้อย":"ตอ1","พื้นที่":10.3,"ตันรวม":92.7,"รหัสแปลง":"320118011613","กลุ่ม":"กลุ่ม_82"},"geometry":{"type":"MultiPolygon","coordinates":[[[[976626.770700000226498,1643870.387700000777841],[976585.31290000025183,1643883.988099999725819],[976655.571899999864399,1644078.037900000810623],[976610.651499999687076,1644112.092700000852346],[976628.904099999926984,1644162.190400000661612],[976659.361399999819696,1644150.036299999803305],[976726.861700000241399,1644111.067099999636412],[976626.770700000226498,1643870.387700000777841]]]]}},
{"type":"Feature","properties":{"รหัสกลุ่มคิว":"82/001","รหัสรับเหมา":"738889","ชื่อ-สกุล รับเหมา":"รถตัดโรงงานเบอร์ 20","นักเกษตร":"8201","ศูนย์":"K2-82","โควตา":"787089","ชาวไร่":"นาย เกรียงศักดิ์ มีสิทธิ์","ประเภทอ้อย":"ตอ2","พื้นที่":6.94,"ตันรวม":55.52,"รหัสแปลง":"320110093109","กลุ่ม":"กลุ่ม_82"},"geometry":{"type":"MultiPolygon","coordinates":[[[[984153.741899999789894,1661031.258400000631809],[984149.773900000378489,1661031.917400000616908],[984148.60259999986738,1661027.64049999974668],[984137.462500000372529,1661027.414000000804663],[984130.997899999842048,1661027.0976],[984098.42339999973774,1661029.023900000378489],[984110.158099999651313,1661079.559000000357628],[984119.427600000053644,1661109.888399999588728],[984137.091599999926984,1661160.544099999591708],[984222.155899999663234,1661140.824500000104308],[984188.737800000235438,1661034.004300000146031],[984153.741899999789894,1661031.258400000631809]]]]}},
{"type":"Feature","properties":{"รหัสกลุ่มคิว":"82/001","รหัสรับเหมา":"738889","ชื่อ-สกุล รับเหมา":"รถตัดโรงงานเบอร์ 20","นักเกษตร":"8201","ศูนย์":"K2-82","โควตา":"787063","ชาวไร่":"นาย สันติ สายบุตร","ประเภทอ้อย":"ตอ2","พื้นที่":1.81,"ตันรวม":14.48,"รหัสแปลง":"320104051511","กลุ่ม":"กลุ่ม_82"},"geometry":{"type":"MultiPolygon","coordinates":[[[[979033.337899999693036,1665363.647199999541044],[979034.370299999602139,1665410.448400000110269],[979054.88219999987632,1665409.198200000450015],[979054.174200000241399,1665399.753900000825524],[979110.343299999833107,1665394.785700000822544],[979106.190799999982119,1665360.125099999830127],[979033.337899999693036,1665363.647199999541044]]]]}},
{"type":"Feature","properties":{"รหัสกลุ่มคิว":"82/001","รหัสรับเหมา":"738889","ชื่อ-สกุล รับเหมา":"รถตัดโรงงานเบอร์ 20","นักเกษตร":"8201","ศูนย์":"K2-82","โควตา":"788010","ชาวไร่":"นาง สาริกา นวลปักษี","ประเภทอ้อย":"ตอ1","พื้นที่":3.63,"ตันรวม":32.67,"รหัสแปลง":"320122060025","กลุ่ม":"กลุ่ม_82"},"geometry":{"type":"MultiPolygon","coordinates":[[[[974012.024000000208616,1644680.494300000369549],[974012.705599999986589,1644700.660399999469519],[974018.008200000040233,1644732.75029999949038],[974025.199599999934435,1644760.255300000309944],[974032.233,1644786.64780000038445],[974040.272199999541044,1644816.75789999961853],[974050.907300000078976,1644861.155500000342727],[974058.914900000207126,1644901.988500000908971],[974085.448099999688566,1644897.149900000542402],[974074.189899999648333,1644856.9923],[974068.224299999885261,1644831.175499999895692],[974065.07079999987036,1644817.801400000229478],[974060.521599999628961,1644793.121799999848008],[974057.511400000192225,1644781.599500000476837],[974052.253899999894202,1644756.351299999281764],[974045.818099999800324,1644727.012299999594688],[974038.17119999974966,1644695.245899999514222],[974034.932599999941885,1644677.063200000673532],[974012.024000000208616,1644680.494300000369549]]]]}},
{"type":"Feature","properties":{"รหัสกลุ่มคิว":"82/001","รหัสรับเหมา":"738889","ชื่อ-สกุล รับเหมา":"รถตัดโรงงานเบอร์ 20","นักเกษตร":"8201","ศูนย์":"K2-82","โควตา":"787063","ชาวไร่":"นาย สันติ สายบุตร","ประเภทอ้อย":"ตอ1","พื้นที่":2.44,"ตันรวม":21.96,"รหัสแปลง":"320104051513","กลุ่ม":"กลุ่ม_82"},"geometry":{"type":"MultiPolygon","coordinates":[[[[978980.891099999658763,1663785.004799999296665],[979059.478699999861419,1663782.521199999377131],[979058.752500000409782,1663738.314999999478459],[979057.303299999795854,1663729.965199999511242],[979014.958800000138581,1663726.522900000214577],[979009.47620000038296,1663731.034900000318885],[979005.266099999658763,1663734.833000000566244],[978989.217899999581277,1663737.4679000005126],[978980.891099999658763,1663785.004799999296665]]]]}},
{"type":"Feature","properties":{"รหัสกลุ่มคิว":"82/001","รหัสรับเหมา":"738889","ชื่อ-สกุล รับเหมา":"รถตัดโรงงานเบอร์ 20","นักเกษตร":"8201","ศูนย์":"K2-82","โควตา":"787058","ชาวไร่":"นาย สุเมธ บรรลือทรัพย์","ประเภทอ้อย":"ตอ1","พื้นที่":3.03,"ตันรวม":27.27,"รหัสแปลง":"321603091511","กลุ่ม":"กลุ่ม_82"},"geometry":{"type":"MultiPolygon","coordinates":[[[[1004663.480700000189245,1665106.872099999338388],[1004653.410400000400841,1665076.971899999305606],[1004638.27419999986887,1665036.328099999576807],[1004634.701000000350177,1665026.81900000013411],[1004632.39740000013262,1665016.781999999657273],[1004629.815899999812245,1665011.363199999555945],[1004624.465400000102818,1665000.89159999974072],[1004623.250799999572337,1664998.831199999898672],[1004618.767300000414252,1664989.857599999755621],[1004615.4534,1664968.146500000730157],[1004613.532700000330806,1664957.007799999788404],[1004611.583700000308454,1664921.823300000280142],[1004609.041500000283122,1664914.555700000375509],[1004607.097299999557436,1664904.526399999856949],[1004581.658300000242889,1664908.795],[1004580.0214,1664909.685000000521541],[1004586.245900000445545,1664929.793299999088049],[1004590.305100000463426,1664958.733899999409914],[1004592.550800000317395,1664963.035800000652671],[1004602.6283,1665004.866699999198318],[1004644.903,1665116.503100000321865],[1004663.480700000189245,1665106.872099999338388]]]]}},
{"type":"Feature","properties":{"รหัสกลุ่มคิว":"82/001","รหัสรับเหมา":"738889","ชื่อ-สกุล รับเหมา":"รถตัดโรงงานเบอร์ 20","นักเกษตร":"8201","ศูนย์":"K2-82","โควตา":"787058","ชาวไร่":"นาย สุเมธ บรรลือทรัพย์","ประเภทอ้อย":"ตอ1","พื้นที่":9.09,"ตันรวม":81.81,"รหัสแปลง":"321603091512","กลุ่ม":"กลุ่ม_82"},"geometry":{"type":"MultiPolygon","coordinates":[[[[1003026.408200000412762,1665037.643699999898672],[1003026.013600000180304,1665039.300000000745058],[1003030.349600000306964,1665038.2820999994874],[1003029.522099999710917,1665026.42710000090301],[1003026.28899999987334,1665000.83420000039041],[1003025.032999999821186,1664966.775000000372529],[1003016.8246,1664912.962799999862909],[1002933.0751,1664954.284700000658631],[1002933.766099999658763,1664964.10219999961555],[1002935.160500000230968,1664966.166300000622869],[1002940.066599999554455,1664972.18889999948442],[1002942.648400000296533,1664977.6074],[1002950.224999999627471,1665010.320699999108911],[1002949.978799999691546,1665013.459799999371171],[1002949.650299999862909,1665020.481300000101328],[1002916.22759999986738,1665028.281700000166893],[1002908.304100000299513,1664977.989800000563264],[1002933.566399999894202,1664973.530899999663234],[1002929.2116,1664958.456900000572205],[1002907.847699999809265,1664965.587899999693036],[1002890.308199999853969,1664970.395300000905991],[1002873.905500000342727,1664972.452500000596046],[1002872.6782,1664987.96309999935329],[1002873.747700000181794,1665005.371899999678135],[1002874.317699999548495,1665012.412399999797344],[1002876.5515,1665025.776799999177456],[1002877.781499999575317,1665035.605699999257922],[1002880.2604,1665071.355399999767542],[1003026.408200000412762,1665037.643699999898672]]]]}},
{"type":"Feature","properties":{"รหัสกลุ่มคิว":"82/001","รหัสรับเหมา":"738889","ชื่อ-สกุล รับเหมา":"รถตัดโรงงานเบอร์ 20","นักเกษตร":"8201","ศูนย์":"K2-82","โควตา":"718262","ชาวไร่":"นาย เสมียน จันหอม","ประเภทอ้อย":"ตอ1","พื้นที่":3.54,"ตันรวม":31.86,"รหัสแปลง":"320104020033","กลุ่ม":"กลุ่ม_82"},"geometry":{"type":"MultiPolygon","coordinates":[[[[986566.560200000181794,1668297.511399999260902],[986710.35080000013113,1668269.952500000596046],[986710.009600000455976,1668234.070800000801682],[986656.122000000439584,1668241.655300000682473],[986615.179100000299513,1668248.951099999248981],[986555.028599999845028,1668263.989],[986566.560200000181794,1668297.511399999260902]]]]}},
{"type":"Feature","properties":{"รหัสกลุ่มคิว":"82/001","รหัสรับเหมา":"738889","ชื่อ-สกุล รับเหมา":"รถตัดโรงงานเบอร์ 20","นักเกษตร":"8201","ศูนย์":"K2-82","โควตา":"700783","ชาวไร่":"นาย วันสุทธา ชมสุข","ประเภทอ้อย":"ตอ1","พื้นที่":11.49,"ตันรวม":103.41,"รหัสแปลง":"320122080002","กลุ่ม":"กลุ่ม_82"},"geometry":{"type":"MultiPolygon","coordinates":[[[[973867.346199999563396,1648731.654200000688434],[973858.296000000089407,1648689.136299999430776],[973682.696299999952316,1648730.410800000652671],[973678.35219999961555,1648722.744699999690056],[973565.247299999929965,1648731.789599999785423],[973571.621100000105798,1648818.812100000679493],[973773.567999999970198,1648763.636199999600649],[973817.487999999895692,1648752.301100000739098],[973814.699599999934435,1648747.808800000697374],[973867.346199999563396,1648731.654200000688434]]]]}},
{"type":"Feature","properties":{"รหัสกลุ่มคิว":"82/001","รหัสรับเหมา":"738889","ชื่อ-สกุล รับเหมา":"รถตัดโรงงานเบอร์ 20","นักเกษตร":"8201","ศูนย์":"K2-82","โควตา":"718020","ชาวไร่":"นาย เสริม ยงคง","ประเภทอ้อย":"ตอ1","พื้นที่":9.34,"ตันรวม":84.06,"รหัสแปลง":"320104111639","กลุ่ม":"กลุ่ม_82"},"geometry":{"type":"MultiPolygon","coordinates":[[[[978269.052400000393391,1665398.899299999698997],[978299.225700000301003,1665462.188500000163913],[978304.251699999906123,1665462.474700000137091],[978358.925300000235438,1665442.4978],[978401.160600000061095,1665433.364299999549985],[978388.594100000336766,1665397.055400000885129],[978377.824699999764562,1665369.6579],[978359.269700000062585,1665327.311499999836087],[978354.508200000040233,1665313.902699999511242],[978288.576000000350177,1665321.819299999624491],[978251.894500000402331,1665331.804500000551343],[978253.217000000178814,1665346.438300000503659],[978246.133100000210106,1665350.17850000038743],[978254.088100000284612,1665374.560699999332428],[978261.125300000421703,1665390.9737],[978265.971699999645352,1665391.256300000473857],[978269.052400000393391,1665398.899299999698997]]]]}},
{"type":"Feature","properties":{"รหัสกลุ่มคิว":"82/001","รหัสรับเหมา":"738889","ชื่อ-สกุล รับเหมา":"รถตัดโรงงานเบอร์ 20","นักเกษตร":"8201","ศูนย์":"K2-82","โควตา":"718191","ชาวไร่":"นาย พงษ์อนันต์ ทางดี","ประเภทอ้อย":"ตอ1","พื้นที่":5.49,"ตันรวม":49.41,"รหัสแปลง":"320105191660","กลุ่ม":"กลุ่ม_82"},"geometry":{"type":"MultiPolygon","coordinates":[[[[979905.971599999815226,1657861.6119],[979850.409599999897182,1657728.288499999791384],[979784.200299999676645,1657731.02449999935925],[979859.3591,1657882.1228],[979905.971599999815226,1657861.6119]]]]}},
{"type":"Feature","properties":{"รหัสกลุ่มคิว":"82/001","รหัสรับเหมา":"738889","ชื่อ-สกุล รับเหมา":"รถตัดโรงงานเบอร์ 20","นักเกษตร":"8201","ศูนย์":"K2-82","โควตา":"788035","ชาวไร่":"นาง เสาวนีย์ เสาเกลียว","ประเภทอ้อย":"ตอ1","พื้นที่":10.64,"ตันรวม":95.76,"รหัสแปลง":"320103040004","กลุ่ม":"กลุ่ม_82"},"geometry":{"type":"MultiPolygon","coordinates":[[[[980435.330299999564886,1669554.029799999669194],[980394.745799999684095,1669322.628200000151992],[980371.747800000011921,1669340.282400000840425],[980369.910400000400841,1669342.279100000858307],[980364.379700000397861,1669349.193299999460578],[980360.319600000046194,1669354.473300000652671],[980356.66370000038296,1669357.542500000447035],[980353.1875,1669360.615399999544024],[980348.794400000013411,1669364.594200000166893],[980344.435100000351667,1669366.909499999135733],[980335.510599999688566,1669372.830399999395013],[980341.674700000323355,1669432.125399999320507],[980348.598299999721348,1669489.401900000870228],[980358.342299999669194,1669567.075300000607967],[980361.378999999724329,1669603.378499999642372],[980396.870099999941885,1669598.736400000751019],[980396.549999999813735,1669561.378799999132752],[980436.692099999636412,1669557.755599999800324],[980435.330299999564886,1669554.029799999669194]]]]}},
{"type":"Feature","properties":{"รหัสกลุ่มคิว":"82/001","รหัสรับเหมา":"738889","ชื่อ-สกุล รับเหมา":"รถตัดโรงงานเบอร์ 20","นักเกษตร":"8201","ศูนย์":"K2-82","โควตา":"718300","ชาวไร่":"นาย มานิด ตรงใจสอน","ประเภทอ้อย":"ตอ1","พื้นที่":2.58,"ตันรวม":23.22,"รหัสแปลง":"320113041689","กลุ่ม":"กลุ่ม_82"},"geometry":{"type":"MultiPolygon","coordinates":[[[[965552.986999999731779,1642635.810100000351667],[965618.085199999623001,1642855.8246],[965649.346199999563396,1642852.561300000175834],[965558.207399999722838,1642635.53940000012517],[965552.986999999731779,1642635.810100000351667]]]]}},
{"type":"Feature","properties":{"รหัสกลุ่มคิว":"82/001","รหัสรับเหมา":"738889","ชื่อ-สกุล รับเหมา":"รถตัดโรงงานเบอร์ 20","นักเกษตร":"8201","ศูนย์":"K2-82","โควตา":"788014","ชาวไร่":"นาย ณรงค์ สบายดี","ประเภทอ้อย":"ตอ1","พื้นที่":4.47,"ตันรวม":40.23,"รหัสแปลง":"320113051675","กลุ่ม":"กลุ่ม_82"},"geometry":{"type":"MultiPolygon","coordinates":[[[[965543.339100000448525,1643613.292500000447035],[965510.802799999713898,1643631.149800000712276],[965470.45409999974072,1643653.107899999246001],[965427.200699999928474,1643676.488800000399351],[965455.674899999983609,1643729.1721],[965476.9545,1643716.8279],[965523.820299999788404,1643683.349199999123812],[965563.770100000314415,1643663.416999999433756],[965543.339100000448525,1643613.292500000447035]]]]}},
{"type":"Feature","properties":{"รหัสกลุ่มคิว":"82/001","รหัสรับเหมา":"738889","ชื่อ-สกุล รับเหมา":"รถตัดโรงงานเบอร์ 20","นักเกษตร":"8201","ศูนย์":"K2-82","โควตา":"788036","ชาวไร่":"นาย เรียน นะรมรัมย์","ประเภทอ้อย":"ตอ1","พื้นที่":3.74,"ตันรวม":33.66,"รหัสแปลง":"320103060014","กลุ่ม":"กลุ่ม_82"},"geometry":{"type":"MultiPolygon","coordinates":[[[[979966.661600000225008,1670416.722999999299645],[979956.658300000242889,1670369.554099999368191],[979955.117600000463426,1670348.073899999260902],[979952.717000000178814,1670306.976199999451637],[979900.195299999788404,1670309.793999999761581],[979901.873800000175834,1670351.062000000849366],[979903.557400000281632,1670356.643300000578165],[979905.521099999547005,1670374.988700000569224],[979915.071600000374019,1670426.770999999716878],[979966.661600000225008,1670416.722999999299645]]]]}},
{"type":"Feature","properties":{"รหัสกลุ่มคิว":"82/001","รหัสรับเหมา":"738889","ชื่อ-สกุล รับเหมา":"รถตัดโรงงานเบอร์ 20","นักเกษตร":"8201","ศูนย์":"K2-82","โควตา":"788031","ชาวไร่":"นางสาว โสภาพร จริตรัมย์","ประเภทอ้อย":"ตอ1","พื้นที่":8.83,"ตันรวม":79.47,"รหัสแปลง":"320113111614","กลุ่ม":"กลุ่ม_82"},"geometry":{"type":"MultiPolygon","coordinates":[[[[963372.131799999624491,1640836.15819999948144],[963343.221699999645352,1640778.690999999642372],[963165.582200000062585,1640831.7818],[963165.513199999928474,1640833.292300000786781],[963165.68030000012368,1640862.281300000846386],[963182.096199999563396,1640909.662000000476837],[963372.131799999624491,1640836.15819999948144]]]]}},
{"type":"Feature","properties":{"รหัสกลุ่มคิว":"82/001","รหัสรับเหมา":"738889","ชื่อ-สกุล รับเหมา":"รถตัดโรงงานเบอร์ 20","นักเกษตร":"8201","ศูนย์":"K2-82","โควตา":"787030","ชาวไร่":"นาย พลชนก สงวนเดชาสกุล","ประเภทอ้อย":"ตอ1","พื้นที่":9.75,"ตันรวม":87.75,"รหัสแปลง":"320113041690","กลุ่ม":"กลุ่ม_82"},"geometry":{"type":"MultiPolygon","coordinates":[[[[966184.855299999937415,1643286.662799999117851],[966181.902900000102818,1643281.244400000199676],[966181.384200000204146,1643270.881699999794364],[966179.638500000350177,1643249.587999999523163],[966179.942800000309944,1643233.880100000649691],[966175.440399999730289,1643224.919199999421835],[966167.099200000055134,1643228.455],[966155.974700000137091,1643227.130400000140071],[966153.406200000084937,1643218.484300000593066],[965983.005800000391901,1643290.148900000378489],[966004.548999999649823,1643357.11849999986589],[966184.855299999937415,1643286.662799999117851]]]]}},
{"type":"Feature","properties":{"รหัสกลุ่มคิว":"82/001","รหัสรับเหมา":"738889","ชื่อ-สกุล รับเหมา":"รถตัดโรงงานเบอร์ 20","นักเกษตร":"8201","ศูนย์":"K2-82","โควตา":"788025","ชาวไร่":"นาง เจียมจิต คงสกุล","ประเภทอ้อย":"ตอ1","พื้นที่":9.68,"ตันรวม":87.12,"รหัสแปลง":"321601030005","กลุ่ม":"กลุ่ม_82"},"geometry":{"type":"MultiPolygon","coordinates":[[[[995907.861899999901652,1663188.518999999389052],[996089.519799999892712,1663136.3772],[996058.612200000323355,1663072.072699999436736],[996040.127000000327826,1663078.541799999773502],[996035.823699999600649,1663066.183900000527501],[995994.450799999758601,1663076.268100000917912],[995881.253600000403821,1663100.171900000423193],[995907.861899999901652,1663188.518999999389052]]]]}},
{"type":"Feature","properties":{"รหัสกลุ่มคิว":"82/001","รหัสรับเหมา":"738889","ชื่อ-สกุล รับเหมา":"รถตัดโรงงานเบอร์ 20","นักเกษตร":"8201","ศูนย์":"K2-82","โควตา":"787046","ชาวไร่":"นาย เฉลิมวุฒิ ผจญกล้า","ประเภทอ้อย":"ตอ1","พื้นที่":5.74,"ตันรวม":51.66,"รหัสแปลง":"321601050003","กลุ่ม":"กลุ่ม_82"},"geometry":{"type":"MultiPolygon","coordinates":[[[[994309.519600000232458,1660668.595899999141693],[994289.571299999952316,1660616.906600000336766],[994274.108500000089407,1660618.738800000399351],[994225.896900000050664,1660710.778400000184774],[994229.985999999567866,1660744.6436],[994350.638600000180304,1660720.055099999532104],[994335.824199999682605,1660661.915300000458956],[994309.519600000232458,1660668.595899999141693]]]]}},
{"type":"Feature","properties":{"รหัสกลุ่มคิว":"82/001","รหัสรับเหมา":"738889","ชื่อ-สกุล รับเหมา":"รถตัดโรงงานเบอร์ 20","นักเกษตร":"8201","ศูนย์":"K2-82","โควตา":"718136","ชาวไร่":"นาย ปรีชา ยืนยง","ประเภทอ้อย":"ตอ1","พื้นที่":2.81,"ตันรวม":25.29,"รหัสแปลง":"320104020034","กลุ่ม":"กลุ่ม_82"},"geometry":{"type":"MultiPolygon","coordinates":[[[[984745.871000000275671,1668075.279899999499321],[984758.076799999922514,1668127.9364],[984821.6886,1668111.225299999117851],[984800.029199999757111,1668036.815600000321865],[984760.507799999788404,1668054.186899999156594],[984745.871000000275671,1668075.279899999499321]]]]}},
{"type":"Feature","properties":{"รหัสกลุ่มคิว":"82/001","รหัสรับเหมา":"738889","ชื่อ-สกุล รับเหมา":"รถตัดโรงงานเบอร์ 20","นักเกษตร":"8201","ศูนย์":"K2-82","โควตา":"787010","ชาวไร่":"นาย ศักดิ์ชัย สวัสดี","ประเภทอ้อย":"ตอ1","พื้นที่":3.5,"ตันรวม":31.5,"รหัสแปลง":"320113041691","กลุ่ม":"กลุ่ม_82"},"geometry":{"type":"MultiPolygon","coordinates":[[[[964817.24309999961406,1642211.657999999821186],[964761.598899999633431,1642261.976700000464916],[964780.570700000040233,1642294.694199999794364],[964792.432500000111759,1642295.107899999246001],[964808.995699999853969,1642284.8903],[964817.963200000114739,1642286.172499999403954],[964826.407200000248849,1642295.9485],[964822.323599999770522,1642302.524800000712276],[964827.787700000219047,1642317.604299999773502],[964841.073400000110269,1642318.7851],[964857.782200000248849,1642319.662200000137091],[964876.0625,1642322.972899999469519],[964817.24309999961406,1642211.657999999821186]]]]}},
{"type":"Feature","properties":{"รหัสกลุ่มคิว":"82/001","รหัสรับเหมา":"738889","ชื่อ-สกุล รับเหมา":"รถตัดโรงงานเบอร์ 20","นักเกษตร":"8201","ศูนย์":"K2-82","โควตา":"788040","ชาวไร่":"นาย ธัชพล อินทรทัต","ประเภทอ้อย":"ตอ1","พื้นที่":7.74,"ตันรวม":69.66,"รหัสแปลง":"320110061612","กลุ่ม":"กลุ่ม_82"},"geometry":{"type":"MultiPolygon","coordinates":[[[[987696.393699999898672,1660083.548000000417233],[987640.949699999764562,1660087.220799999311566],[987618.221300000324845,1660091.00870000012219],[987607.986399999819696,1660090.429300000891089],[987601.872999999672174,1660090.489099999889731],[987600.05530000012368,1660100.252699999138713],[987605.113099999725819,1660116.629300000146031],[987606.204400000162423,1660124.788200000301003],[987611.277400000020862,1660122.857999999076128],[987623.362300000153482,1660120.886299999430776],[987628.945899999700487,1660129.137199999764562],[987631.539099999703467,1660134.1831],[987637.648699999786913,1660134.308199999853969],[987658.969800000078976,1660129.012199999764562],[987667.842699999921024,1660143.432800000533462],[987679.048000000417233,1660140.5186],[987688.617200000211596,1660138.495400000363588],[987704.348899999633431,1660134.009600000455976],[987709.238400000147521,1660132.260500000789762],[987720.615500000305474,1660164.854800000786781],[987740.08490000013262,1660153.418500000610948],[987742.956199999898672,1660153.662200000137091],[987753.92879999987781,1660153.332100000232458],[987778.626199999824166,1660149.954500000923872],[987770.697499999776483,1660115.7665],[987767.044999999925494,1660109.77419999986887],[987766.734899999573827,1660107.363900000229478],[987761.365199999883771,1660079.885500000789762],[987751.701799999922514,1660051.394500000402331],[987742.399299999698997,1660049.1699],[987737.137400000356138,1660025.207299999892712],[987736.345099999569356,1660002.445599999278784],[987688.468799999915063,1660014.040100000798702],[987694.184700000099838,1660050.956499999389052],[987722.124200000427663,1660047.275399999693036],[987725.1239,1660076.3695],[987719.729299999773502,1660076.44400000013411],[987696.393699999898672,1660083.548000000417233]]]]}},
{"type":"Feature","properties":{"รหัสกลุ่มคิว":"82/001","รหัสรับเหมา":"738889","ชื่อ-สกุล รับเหมา":"รถตัดโรงงานเบอร์ 20","นักเกษตร":"8201","ศูนย์":"K2-82","โควตา":"787033","ชาวไร่":"นาย ธีระพงศ์ สุขใสย์","ประเภทอ้อย":"ตอ1","พื้นที่":8.54,"ตันรวม":76.86,"รหัสแปลง":"320118111636","กลุ่ม":"กลุ่ม_82"},"geometry":{"type":"MultiPolygon","coordinates":[[[[971483.667700000107288,1642820.628100000321865],[971493.80460000038147,1642817.31389999948442],[971497.768400000408292,1642807.777699999511242],[971519.840099999681115,1642801.184499999508262],[971531.712299999780953,1642661.027499999850988],[971529.365500000305474,1642599.481499999761581],[971524.636400000192225,1642574.614900000393391],[971440.314100000075996,1642637.302300000563264],[971455.776700000278652,1642686.16300000064075],[971466.095499999821186,1642718.1776],[971470.32880000025034,1642750.456900000572205],[971483.667700000107288,1642820.628100000321865]]]]}},
{"type":"Feature","properties":{"รหัสกลุ่มคิว":"82/001","รหัสรับเหมา":"738889","ชื่อ-สกุล รับเหมา":"รถตัดโรงงานเบอร์ 20","นักเกษตร":"8201","ศูนย์":"K2-82","โควตา":"718236","ชาวไร่":"นาย ภูริวัจน์ เพ็ชรพราว","ประเภทอ้อย":"ตอ1","พื้นที่":3.1,"ตันรวม":27.9,"รหัสแปลง":"320113041693","กลุ่ม":"กลุ่ม_82"},"geometry":{"type":"MultiPolygon","coordinates":[[[[967109.709400000050664,1641268.985600000247359],[967110.228000000119209,1641279.348400000482798],[967140.629499999806285,1641324.113700000569224],[967150.667899999767542,1641317.812300000339746],[967147.684600000269711,1641314.090500000864267],[967153.066899999976158,1641305.505899999290705],[967154.302600000053644,1641288.152100000530481],[967163.828599999658763,1641297.765100000426173],[967157.1705,1641316.492799999192357],[967150.845599999651313,1641318.034099999815226],[967140.736200000159442,1641324.270899999886751],[967151.321899999864399,1641339.857999999076128],[967184.841099999845028,1641327.197100000455976],[967180.089300000108778,1641303.256699999794364],[967195.676699999719858,1641297.088400000706315],[967195.844399999827147,1641279.159199999645352],[967194.813799999654293,1641248.820499999448657],[967109.709400000050664,1641268.985600000247359]]]]}},
{"type":"Feature","properties":{"รหัสกลุ่มคิว":"82/001","รหัสรับเหมา":"738889","ชื่อ-สกุล รับเหมา":"รถตัดโรงงานเบอร์ 20","นักเกษตร":"8201","ศูนย์":"K2-82","โควตา":"716914","ชาวไร่":"นาย พิชิต พวงอินทร์","ประเภทอ้อย":"ตอ1","พื้นที่":4.45,"ตันรวม":40.05,"รหัสแปลง":"320105191661","กลุ่ม":"กลุ่ม_82"},"geometry":{"type":"MultiPolygon","coordinates":[[[[980852.611100000329316,1657101.448599999770522],[980896.931599999777973,1657205.973600000143051],[980927.950500000268221,1657198.352399999275804],[980946.618300000205636,1657209.657700000330806],[980969.010999999940395,1657191.939899999648333],[980939.777099999599159,1657118.008400000631809],[980905.426500000059605,1657135.352099999785423],[980882.719700000248849,1657088.208499999716878],[980852.611100000329316,1657101.448599999770522]]]]}},
{"type":"Feature","properties":{"รหัสกลุ่มคิว":"82/001","รหัสรับเหมา":"738889","ชื่อ-สกุล รับเหมา":"รถตัดโรงงานเบอร์ 20","นักเกษตร":"8201","ศูนย์":"K2-82","โควตา":"788036","ชาวไร่":"นาย เรียน นะรมรัมย์","ประเภทอ้อย":"ตอ1","พื้นที่":2.97,"ตันรวม":26.73,"รหัสแปลง":"320103060017","กลุ่ม":"กลุ่ม_82"},"geometry":{"type":"MultiPolygon","coordinates":[[[[979911.281299999915063,1670427.618599999696016],[979910.843700000084937,1670422.6173],[979899.553999999538064,1670350.275299999862909],[979894.923200000077486,1670312.83049999922514],[979880.910699999891222,1670312.731300000101328],[979856.069899999536574,1670315.0011],[979854.535299999639392,1670328.653000000864267],[979856.005499999970198,1670335.894099999219179],[979862.952200000174344,1670383.185799999162555],[979867.404000000096858,1670402.876000000163913],[979872.222199999727309,1670431.079299999400973],[979911.281299999915063,1670427.618599999696016]]]]}},
{"type":"Feature","properties":{"รหัสกลุ่มคิว":"82/001","รหัสรับเหมา":"738889","ชื่อ-สกุล รับเหมา":"รถตัดโรงงานเบอร์ 20","นักเกษตร":"8201","ศูนย์":"K2-82","โควตา":"788057","ชาวไร่":"นาง สุขสันต์ แก้วก้อง","ประเภทอ้อย":"ตอ1","พื้นที่":7.3,"ตันรวม":65.7,"รหัสแปลง":"320113041694","กลุ่ม":"กลุ่ม_82"},"geometry":{"type":"MultiPolygon","coordinates":[[[[966833.263299999758601,1640869.857200000435114],[966813.997600000351667,1640880.206599999219179],[966793.111100000329316,1640899.9529],[966812.763799999840558,1640953.2061],[966860.857200000435114,1640940.272299999371171],[966884.942300000227988,1640941.1085],[966932.379099999554455,1640943.50620000064373],[966931.752999999560416,1640938.6875],[966949.113400000147521,1640933.847400000318885],[966950.583899999968708,1640932.212099999189377],[966955.736299999989569,1640926.211200000718236],[966943.856200000271201,1640852.402899999171495],[966833.263299999758601,1640869.857200000435114]]]]}},
{"type":"Feature","properties":{"รหัสกลุ่มคิว":"82/001","รหัสรับเหมา":"738889","ชื่อ-สกุล รับเหมา":"รถตัดโรงงานเบอร์ 20","นักเกษตร":"8201","ศูนย์":"K2-82","โควตา":"788037","ชาวไร่":"นาย สัญชาติ กุลัดนาม","ประเภทอ้อย":"ตอ1","พื้นที่":8.97,"ตันรวม":80.73,"รหัสแปลง":"320104111642","กลุ่ม":"กลุ่ม_82"},"geometry":{"type":"MultiPolygon","coordinates":[[[[978597.547600000165403,1663910.039599999785423],[978327.804700000211596,1663945.10080000013113],[978333.534900000318885,1663980.79619999974966],[978381.001000000163913,1663971.872999999672174],[978446.423700000159442,1663961.035800000652671],[978456.331600000150502,1664009.25620000064373],[978609.825000000186265,1663960.764799999073148],[978597.547600000165403,1663910.039599999785423]]]]}},
{"type":"Feature","properties":{"รหัสกลุ่มคิว":"82/001","รหัสรับเหมา":"738889","ชื่อ-สกุล รับเหมา":"รถตัดโรงงานเบอร์ 20","นักเกษตร":"8201","ศูนย์":"K2-82","โควตา":"716933","ชาวไร่":"นาย ประหยัด ช่อมะลิ","ประเภทอ้อย":"ตอ1","พื้นที่":11.44,"ตันรวม":102.96,"รหัสแปลง":"320110021604","กลุ่ม":"กลุ่ม_82"},"geometry":{"type":"MultiPolygon","coordinates":[[[[986056.991799999959767,1658608.234300000593066],[986159.048100000247359,1658575.735600000247359],[986234.500099999830127,1658551.940500000491738],[986347.492499999701977,1658520.959899999201298],[986336.144899999722838,1658495.579500000923872],[986301.582999999634922,1658488.9572],[986295.189100000075996,1658485.128399999812245],[986260.536700000055134,1658482.942299999296665],[986206.314399999566376,1658488.308700000867248],[986126.986800000071526,1658517.017699999734759],[986082.384399999864399,1658535.524599999189377],[986030.496199999935925,1658558.690999999642372],[986056.991799999959767,1658608.234300000593066]]]]}},
{"type":"Feature","properties":{"รหัสกลุ่มคิว":"82/001","รหัสรับเหมา":"738889","ชื่อ-สกุล รับเหมา":"รถตัดโรงงานเบอร์ 20","นักเกษตร":"8201","ศูนย์":"K2-82","โควตา":"718292","ชาวไร่":"นาง เกศณีย์ กำลังมา","ประเภทอ้อย":"ตอ1","พื้นที่":3.18,"ตันรวม":28.62,"รหัสแปลง":"320105041615","กลุ่ม":"กลุ่ม_82"},"geometry":{"type":"MultiPolygon","coordinates":[[[[977915.001799999736249,1658280.202199999243021],[977892.545099999755621,1658230.759199999272823],[977892.129599999636412,1658230.7719],[977872.052699999883771,1658236.405799999833107],[977867.226800000295043,1658235.517000000923872],[977854.304299999959767,1658237.741900000721216],[977831.417399999685585,1658244.955800000578165],[977821.610600000247359,1658250.423800000920892],[977810.544300000183284,1658252.596100000664592],[977775.60080000013113,1658270.552500000223517],[977779.921500000171363,1658279.972400000318885],[977781.935800000093877,1658291.4561],[977818.437199999578297,1658289.246500000357628],[977824.395800000056624,1658290.12470000050962],[977840.117499999701977,1658288.25650000013411],[977855.847799999639392,1658280.358999999240041],[977915.001799999736249,1658280.202199999243021]]]]}},
{"type":"Feature","properties":{"รหัสกลุ่มคิว":"82/001","รหัสรับเหมา":"738889","ชื่อ-สกุล รับเหมา":"รถตัดโรงงานเบอร์ 20","นักเกษตร":"8201","ศูนย์":"K2-82","โควตา":"787098","ชาวไร่":"นาย ธนสาร กำลังมา","ประเภทอ้อย":"ตอ1","พื้นที่":2.26,"ตันรวม":20.34,"รหัสแปลง":"320118111638","กลุ่ม":"กลุ่ม_82"},"geometry":{"type":"MultiPolygon","coordinates":[[[[972008.986700000241399,1641666.536299999803305],[971913.2182,1641698.123999999836087],[971899.726099999621511,1641670.682199999690056],[971857.262400000356138,1641689.817800000309944],[971880.515700000338256,1641733.1656],[971919.764600000344217,1641712.857799999415874],[971920.042100000195205,1641707.871500000357628],[972014.241899999789894,1641682.908800000324845],[972008.986700000241399,1641666.536299999803305]]]]}},
{"type":"Feature","properties":{"รหัสกลุ่มคิว":"82/001","รหัสรับเหมา":"738889","ชื่อ-สกุล รับเหมา":"รถตัดโรงงานเบอร์ 20","นักเกษตร":"8201","ศูนย์":"K2-82","โควตา":"788063","ชาวไร่":"นาย ประสพ สำรวมจิตต์","ประเภทอ้อย":"ตอ1","พื้นที่":11.78,"ตันรวม":106.02,"รหัสแปลง":"320122080003","กลุ่ม":"กลุ่ม_82"},"geometry":{"type":"MultiPolygon","coordinates":[[[[973650.550300000235438,1649282.298000000417233],[973741.502500000409782,1649301.654100000858307],[973745.887699999846518,1649304.6272],[973783.217600000090897,1649315.478399999439716],[973811.861399999819696,1649328.402200000360608],[973810.608500000089407,1649318.04079999960959],[973804.919400000013411,1649311.387800000607967],[973792.781299999915063,1649294.596899999305606],[973777.318900000303984,1649280.6579],[973767.320000000298023,1649263.6086],[973741.399799999780953,1649242.682800000533462],[973709.613199999555945,1649215.390100000426173],[973689.112999999895692,1649199.337099999189377],[973663.710099999792874,1649181.273600000888109],[973629.566700000315905,1649160.606000000610948],[973609.898699999786913,1649144.534],[973595.057099999859929,1649133.895400000736117],[973571.412800000049174,1649115.885700000450015],[973548.407300000078976,1649094.637299999594688],[973544.200600000098348,1649093.713300000876188],[973523.917999999597669,1649105.539799999445677],[973531.299800000153482,1649116.793099999427795],[973558.4386,1649151.638000000268221],[973575.032700000330806,1649180.505200000479817],[973601.376699999906123,1649217.782700000330806],[973619.096300000324845,1649244.7752],[973650.56940000038594,1649281.276699999347329],[973650.550300000235438,1649282.298000000417233]]]]}},
{"type":"Feature","properties":{"รหัสกลุ่มคิว":"82/001","รหัสรับเหมา":"738889","ชื่อ-สกุล รับเหมา":"รถตัดโรงงานเบอร์ 20","นักเกษตร":"8201","ศูนย์":"K2-82","โควตา":"788055","ชาวไร่":"นาย อรรถกร ลัดดา","ประเภทอ้อย":"ตอ1","พื้นที่":11.59,"ตันรวม":104.31,"รหัสแปลง":"320113041698","กลุ่ม":"กลุ่ม_82"},"geometry":{"type":"MultiPolygon","coordinates":[[[[965993.689799999818206,1641322.146999999880791],[966025.440499999560416,1641301.976700000464916],[966001.694600000046194,1641244.022900000214577],[965992.003299999982119,1641215.201400000602007],[965974.569299999624491,1641176.600099999457598],[965944.461099999956787,1641097.3443],[965870.4852,1641166.7182],[965870.801699999719858,1641167.039300000295043],[965880.6239,1641179.607899999246001],[965900.15749999973923,1641228.615199999883771],[965937.053399999625981,1641332.986999999731779],[965993.689799999818206,1641322.146999999880791]]]]}},
{"type":"Feature","properties":{"รหัสกลุ่มคิว":"82/001","รหัสรับเหมา":"738889","ชื่อ-สกุล รับเหมา":"รถตัดโรงงานเบอร์ 20","นักเกษตร":"8201","ศูนย์":"K2-82","โควตา":"788051","ชาวไร่":"นางสาว จันทร์จิรา บุญตน","ประเภทอ้อย":"ตอ1","พื้นที่":3.28,"ตันรวม":29.52,"รหัสแปลง":"320113061627","กลุ่ม":"กลุ่ม_82"},"geometry":{"type":"MultiPolygon","coordinates":[[[[969817.450600000098348,1641512.965199999511242],[969833.714700000360608,1641518.274000000208616],[969839.939799999818206,1641503.420299999415874],[969844.046900000423193,1641486.491800000891089],[969844.004399999976158,1641470.221799999475479],[969826.305800000205636,1641363.203099999576807],[969786.512900000438094,1641374.629200000315905],[969817.450600000098348,1641512.965199999511242]]]]}},
{"type":"Feature","properties":{"รหัสกลุ่มคิว":"82/001","รหัสรับเหมา":"738889","ชื่อ-สกุล รับเหมา":"รถตัดโรงงานเบอร์ 20","นักเกษตร":"8201","ศูนย์":"K2-82","โควตา":"787061","ชาวไร่":"นาง ทวน สินสิทธิ์","ประเภทอ้อย":"ตอ1","พื้นที่":2.4,"ตันรวม":21.6,"รหัสแปลง":"320104051514","กลุ่ม":"กลุ่ม_82"},"geometry":{"type":"MultiPolygon","coordinates":[[[[979033.411100000143051,1665449.073599999770522],[979123.908900000154972,1665443.873800000175834],[979115.384399999864399,1665400.295399999246001],[979049.399299999698997,1665404.834799999371171],[979030.33559999987483,1665405.559499999508262],[979033.411100000143051,1665449.073599999770522]]]]}},
{"type":"Feature","properties":{"รหัสกลุ่มคิว":"82/001","รหัสรับเหมา":"738889","ชื่อ-สกุล รับเหมา":"รถตัดโรงงานเบอร์ 20","นักเกษตร":"8201","ศูนย์":"K2-82","โควตา":"788080","ชาวไร่":"นาง สุทิศ จันทร์เพ็ง","ประเภทอ้อย":"ตอ1","พื้นที่":4.0,"ตันรวม":36.0,"รหัสแปลง":"320113041700","กลุ่ม":"กลุ่ม_82"},"geometry":{"type":"MultiPolygon","coordinates":[[[[965679.277400000020862,1642811.096999999135733],[965714.417399999685585,1642800.706800000742078],[965642.725200000219047,1642625.235300000756979],[965611.689600000157952,1642628.603900000452995],[965679.277400000020862,1642811.096999999135733]]]]}},
{"type":"Feature","properties":{"รหัสกลุ่มคิว":"82/001","รหัสรับเหมา":"738889","ชื่อ-สกุล รับเหมา":"รถตัดโรงงานเบอร์ 20","นักเกษตร":"8201","ศูนย์":"K2-82","โควตา":"718300","ชาวไร่":"นาย มานิด ตรงใจสอน","ประเภทอ้อย":"ตอ1","พื้นที่":3.36,"ตันรวม":30.24,"รหัสแปลง":"320113041701","กลุ่ม":"กลุ่ม_82"},"geometry":{"type":"MultiPolygon","coordinates":[[[[965762.275600000284612,1642612.234899999573827],[965730.736399999819696,1642613.130000000819564],[965754.893299999646842,1642681.318600000813603],[965774.259300000034273,1642725.838400000706315],[965782.414800000376999,1642740.571100000292063],[965791.812199999578297,1642758.150800000876188],[965823.781000000424683,1642757.018999999389052],[965801.081500000320375,1642693.497099999338388],[965762.275600000284612,1642612.234899999573827]]]]}},
{"type":"Feature","properties":{"รหัสกลุ่มคิว":"82/001","รหัสรับเหมา":"738889","ชื่อ-สกุล รับเหมา":"รถตัดโรงงานเบอร์ 20","นักเกษตร":"8201","ศูนย์":"K2-82","โควตา":"718300","ชาวไร่":"นาย มานิด ตรงใจสอน","ประเภทอ้อย":"ตอ1","พื้นที่":2.58,"ตันรวม":23.22,"รหัสแปลง":"320113041703","กลุ่ม":"กลุ่ม_82"},"geometry":{"type":"MultiPolygon","coordinates":[[[[965643.215099999681115,1642744.978800000622869],[965605.91370000038296,1642753.6402000002563],[965620.245400000363588,1642784.687699999660254],[965630.351700000464916,1642802.051400000229478],[965634.984600000083447,1642822.22859999909997],[965653.74210000038147,1642857.035499999299645],[965688.67119999974966,1642855.924100000411272],[965643.215099999681115,1642744.978800000622869]]]]}},
{"type":"Feature","properties":{"รหัสกลุ่มคิว":"82/001","รหัสรับเหมา":"738889","ชื่อ-สกุล รับเหมา":"รถตัดโรงงานเบอร์ 20","นักเกษตร":"8201","ศูนย์":"K2-82","โควตา":"718262","ชาวไร่":"นาย เสมียน จันหอม","ประเภทอ้อย":"ตอ1","พื้นที่":6.61,"ตันรวม":59.49,"รหัสแปลง":"320104020035","กลุ่ม":"กลุ่ม_82"},"geometry":{"type":"MultiPolygon","coordinates":[[[[986547.907200000248849,1668262.609300000593066],[986561.465599999763072,1668258.951099999248981],[986707.155199999921024,1668240.457000000402331],[986706.810600000433624,1668208.514499999582767],[986695.194199999794364,1668167.068099999800324],[986679.628999999724329,1668171.994300000369549],[986659.82149999961257,1668173.534700000658631],[986634.960199999623001,1668178.914599999785423],[986615.568799999542534,1668182.192299999296665],[986593.717799999751151,1668187.156999999657273],[986549.040900000371039,1668199.305400000885129],[986543.797899999655783,1668197.867499999701977],[986542.108500000089407,1668224.693199999630451],[986552.701299999840558,1668222.1081000007689],[986564.842000000178814,1668243.595799999311566],[986552.496700000017881,1668254.23450000025332],[986547.907200000248849,1668262.609300000593066]]]]}},
{"type":"Feature","properties":{"รหัสกลุ่มคิว":"82/001","รหัสรับเหมา":"738889","ชื่อ-สกุล รับเหมา":"รถตัดโรงงานเบอร์ 20","นักเกษตร":"8201","ศูนย์":"K2-82","โควตา":"718221","ชาวไร่":"นาย วันดี ไร่บูรณ์","ประเภทอ้อย":"ตอ1","พื้นที่":4.55,"ตันรวม":40.95,"รหัสแปลง":"320110010004","กลุ่ม":"กลุ่ม_82"},"geometry":{"type":"MultiPolygon","coordinates":[[[[985528.669200000353158,1654212.74349999986589],[985492.472099999897182,1654126.9474],[985416.410299999639392,1654144.81900000013411],[985441.198499999940395,1654225.760500000789762],[985528.669200000353158,1654212.74349999986589]]]]}},
{"type":"Feature","properties":{"รหัสกลุ่มคิว":"82/001","รหัสรับเหมา":"738889","ชื่อ-สกุล รับเหมา":"รถตัดโรงงานเบอร์ 20","นักเกษตร":"8201","ศูนย์":"K2-82","โควตา":"788042","ชาวไร่":"นาย สมเกียรติ กลั่นกำเนิด","ประเภทอ้อย":"ตอ1","พื้นที่":9.22,"ตันรวม":82.98,"รหัสแปลง":"320110061613","กลุ่ม":"กลุ่ม_82"},"geometry":{"type":"MultiPolygon","coordinates":[[[[987744.508200000040233,1661034.477299999445677],[987817.299399999901652,1660991.217599999159575],[987772.231499999761581,1660921.32120000012219],[987758.473199999891222,1660901.742000000551343],[987751.858599999919534,1660888.512800000607967],[987748.683600000105798,1660868.668999999761581],[987743.589399999938905,1660851.2007],[987657.747000000439584,1660899.740900000557303],[987666.133399999700487,1660925.025399999693036],[987679.362599999643862,1660943.017100000753999],[987698.941800000146031,1660975.031700000166893],[987706.614699999801815,1660991.171299999579787],[987714.02309999987483,1661006.252599999308586],[987730.162700000219047,1661026.096400000154972],[987744.508200000040233,1661034.477299999445677]]]]}},
{"type":"Feature","properties":{"รหัสกลุ่มคิว":"82/001","รหัสรับเหมา":"738889","ชื่อ-สกุล รับเหมา":"รถตัดโรงงานเบอร์ 20","นักเกษตร":"8201","ศูนย์":"K2-82","โควตา":"788078","ชาวไร่":"นาย สำราญ อรชุน","ประเภทอ้อย":"ปลายฝน","พื้นที่":3.77,"ตันรวม":49.01,"รหัสแปลง":"320104051516","กลุ่ม":"กลุ่ม_82"},"geometry":{"type":"MultiPolygon","coordinates":[[[[979392.979899999685585,1664987.60329999960959],[979399.6557,1665039.695800000801682],[979511.547399999573827,1665034.189400000497699],[979508.849999999627471,1664980.8827],[979392.979899999685585,1664987.60329999960959]]]]}},
{"type":"Feature","properties":{"รหัสกลุ่มคิว":"82/001","รหัสรับเหมา":"738889","ชื่อ-สกุล รับเหมา":"รถตัดโรงงานเบอร์ 20","นักเกษตร":"8201","ศูนย์":"K2-82","โควตา":"782462","ชาวไร่":"นาย สกุล จิตรไมตรี","ประเภทอ้อย":"ตอ1","พื้นที่":5.32,"ตันรวม":47.88,"รหัสแปลง":"320103060020","กลุ่ม":"กลุ่ม_82"},"geometry":{"type":"MultiPolygon","coordinates":[[[[979768.042899999767542,1670083.9342],[979775.609400000423193,1670189.298499999567866],[979851.718799999915063,1670184.0],[979840.328999999910593,1670063.395899999886751],[979768.042899999767542,1670083.9342]]]]}},
{"type":"Feature","properties":{"รหัสกลุ่มคิว":"82/001","รหัสรับเหมา":"738889","ชื่อ-สกุล รับเหมา":"รถตัดโรงงานเบอร์ 20","นักเกษตร":"8201","ศูนย์":"K2-82","โควตา":"718155","ชาวไร่":"นาย ปัญญา เพราะแก้ว","ประเภทอ้อย":"ตอ1","พื้นที่":6.78,"ตันรวม":61.02,"รหัสแปลง":"320113051689","กลุ่ม":"กลุ่ม_82"},"geometry":{"type":"MultiPolygon","coordinates":[[[[967146.241200000047684,1641952.151000000536442],[967162.3284,1642034.914799999445677],[967173.802899999544024,1642058.437699999660254],[967185.800599999725819,1642049.976199999451637],[967198.385300000198185,1642042.689799999818206],[967201.04619999974966,1642034.352399999275804],[967205.435399999842048,1642023.760099999606609],[967205.248100000433624,1642005.652799999341369],[967209.276600000448525,1641978.272099999710917],[967208.411600000225008,1641953.487500000745058],[967188.930499999783933,1641856.7027000002563],[967119.621399999596179,1641869.393799999728799],[967146.241200000047684,1641952.151000000536442]]]]}},
{"type":"Feature","properties":{"รหัสกลุ่มคิว":"82/001","รหัสรับเหมา":"738889","ชื่อ-สกุล รับเหมา":"รถตัดโรงงานเบอร์ 20","นักเกษตร":"8201","ศูนย์":"K2-82","โควตา":"787066","ชาวไร่":"นาง บุญเพ็ง ยืนยิ่ง","ประเภทอ้อย":"ตอ1","พื้นที่":8.69,"ตันรวม":78.21,"รหัสแปลง":"320103030014","กลุ่ม":"กลุ่ม_82"},"geometry":{"type":"MultiPolygon","coordinates":[[[[983219.220999999903142,1670273.042700000107288],[983237.28110000025481,1670110.133099999278784],[983192.761300000362098,1670111.685699999332428],[983202.489500000141561,1670269.973999999463558],[983190.510300000198185,1670270.745699999853969],[983186.33600000012666,1670254.266799999400973],[983198.051099999807775,1670252.282600000500679],[983190.715400000102818,1670111.757099999114871],[983136.946899999864399,1670113.632200000807643],[983135.848100000061095,1670149.852700000628829],[983137.831399999558926,1670149.523399999365211],[983136.339399999938905,1670187.400100000202656],[983148.914099999703467,1670284.3662],[983153.629200000315905,1670282.24349999986589],[983163.624499999918044,1670276.715299999341369],[983219.220999999903142,1670273.042700000107288]]]]}},
{"type":"Feature","properties":{"รหัสกลุ่มคิว":"82/001","รหัสรับเหมา":"738889","ชื่อ-สกุล รับเหมา":"รถตัดโรงงานเบอร์ 20","นักเกษตร":"8201","ศูนย์":"K2-82","โควตา":"787030","ชาวไร่":"นาย พลชนก สงวนเดชาสกุล","ประเภทอ้อย":"ตอ1","พื้นที่":3.32,"ตันรวม":29.88,"รหัสแปลง":"320113051694","กลุ่ม":"กลุ่ม_82"},"geometry":{"type":"MultiPolygon","coordinates":[[[[966173.633899999782443,1643206.767100000753999],[966159.243900000117719,1643197.614800000563264],[965970.115699999965727,1643249.9679000005126],[965981.617700000293553,1643287.533800000324845],[966173.633899999782443,1643206.767100000753999]]]]}},
{"type":"Feature","properties":{"รหัสกลุ่มคิว":"82/001","รหัสรับเหมา":"738889","ชื่อ-สกุล รับเหมา":"รถตัดโรงงานเบอร์ 20","นักเกษตร":"8201","ศูนย์":"K2-82","โควตา":"787078","ชาวไร่":"นาย ศตวรรษ ใจหนึ่ง","ประเภทอ้อย":"ตอ1","พื้นที่":12.51,"ตันรวม":112.59,"รหัสแปลง":"320107120002","กลุ่ม":"กลุ่ม_82"},"geometry":{"type":"MultiPolygon","coordinates":[[[[994679.822999999858439,1635388.790400000289083],[994687.667299999855459,1635410.03319999948144],[994760.02170000039041,1635392.0945999994874],[994741.361200000159442,1635327.7259],[994721.534300000406802,1635267.586899999529123],[994699.684500000439584,1635200.748999999836087],[994669.840400000102818,1635111.185799999162555],[994665.224000000394881,1635097.13370000012219],[994647.800999999977648,1635124.050599999725819],[994630.679999999701977,1635151.625600000843406],[994630.334699999541044,1635177.324300000444055],[994605.584800000302494,1635176.800200000405312],[994621.586600000038743,1635226.707699999213219],[994637.921799999661744,1635281.596999999135733],[994660.199400000274181,1635345.114800000563264],[994711.718700000084937,1635333.962400000542402],[994714.067099999636412,1635342.332399999722838],[994720.47829999960959,1635372.052899999544024],[994716.107900000177324,1635374.5526],[994679.822999999858439,1635388.790400000289083]]]]}},
{"type":"Feature","properties":{"รหัสกลุ่มคิว":"82/001","รหัสรับเหมา":"738889","ชื่อ-สกุล รับเหมา":"รถตัดโรงงานเบอร์ 20","นักเกษตร":"8201","ศูนย์":"K2-82","โควตา":"788079","ชาวไร่":"นาย สุเพียร จินดาศรี","ประเภทอ้อย":"ตอ1","พื้นที่":3.86,"ตันรวม":34.74,"รหัสแปลง":"320121100007","กลุ่ม":"กลุ่ม_82"},"geometry":{"type":"MultiPolygon","coordinates":[[[[995572.357699999585748,1654887.102900000289083],[995595.13260000012815,1654881.472200000658631],[995515.913599999621511,1654686.567800000309944],[995477.978400000371039,1654590.722500000149012],[995469.533900000154972,1654590.362600000575185],[995474.703900000080466,1654609.888399999588728],[995468.121700000017881,1654615.115199999883771],[995572.357699999585748,1654887.102900000289083]]]]}},
{"type":"Feature","properties":{"รหัสกลุ่มคิว":"82/001","รหัสรับเหมา":"738889","ชื่อ-สกุล รับเหมา":"รถตัดโรงงานเบอร์ 20","นักเกษตร":"8201","ศูนย์":"K2-82","โควตา":"716774","ชาวไร่":"นาย จำลอง สืบสาม","ประเภทอ้อย":"ปลายฝน","พื้นที่":3.7,"ตันรวม":48.1,"รหัสแปลง":"320105191662","กลุ่ม":"กลุ่ม_82"},"geometry":{"type":"MultiPolygon","coordinates":[[[[979503.248700000345707,1658351.907700000330806],[979348.257399999536574,1658404.748800000175834],[979374.252799999900162,1658434.79839999973774],[979417.169499999843538,1658421.840299999341369],[979434.339900000020862,1658414.886700000613928],[979460.214499999769032,1658402.236099999397993],[979503.017500000074506,1658390.274299999698997],[979527.266699999570847,1658385.619799999520183],[979503.248700000345707,1658351.907700000330806]]]]}},
{"type":"Feature","properties":{"รหัสกลุ่มคิว":"82/001","รหัสรับเหมา":"738889","ชื่อ-สกุล รับเหมา":"รถตัดโรงงานเบอร์ 20","นักเกษตร":"8201","ศูนย์":"K2-82","โควตา":"718180","ชาวไร่":"นาง นิสา ทรงงาม","ประเภทอ้อย":"ตอ1","พื้นที่":4.1,"ตันรวม":36.9,"รหัสแปลง":"320118060002","กลุ่ม":"กลุ่ม_82"},"geometry":{"type":"MultiPolygon","coordinates":[[[[976256.637000000104308,1638999.494599999859929],[976259.078700000420213,1638980.629100000485778],[976215.839499999769032,1638979.276100000366569],[976215.365600000135601,1638975.938799999654293],[976216.103199999779463,1638975.028899999335408],[976216.835900000296533,1638965.244100000709295],[976236.268199999816716,1638965.072799999266863],[976238.953900000080466,1638953.3607],[976106.996600000187755,1638952.168800000101328],[976108.471599999815226,1639005.07660000026226],[976256.637000000104308,1638999.494599999859929]]]]}},
{"type":"Feature","properties":{"รหัสกลุ่มคิว":"82/001","รหัสรับเหมา":"738889","ชื่อ-สกุล รับเหมา":"รถตัดโรงงานเบอร์ 20","นักเกษตร":"8201","ศูนย์":"K2-82","โควตา":"718300","ชาวไร่":"นาย มานิด ตรงใจสอน","ประเภทอ้อย":"ปลายฝน","พื้นที่":3.31,"ตันรวม":43.03,"รหัสแปลง":"320113051695","กลุ่ม":"กลุ่ม_82"},"geometry":{"type":"MultiPolygon","coordinates":[[[[965637.857200000435114,1643700.899599999189377],[965584.143699999898672,1643716.498299999162555],[965561.457999999634922,1643727.151399999856949],[965531.441999999806285,1643744.872500000521541],[965507.574099999852479,1643760.863900000229478],[965506.135900000110269,1643760.836100000888109],[965535.182900000363588,1643793.1952],[965574.764899999834597,1643764.38230000063777],[965601.706899999640882,1643747.526100000366569],[965648.428100000135601,1643740.111099999397993],[965637.857200000435114,1643700.899599999189377]]]]}},
{"type":"Feature","properties":{"รหัสกลุ่มคิว":"82/001","รหัสรับเหมา":"738889","ชื่อ-สกุล รับเหมา":"รถตัดโรงงานเบอร์ 20","นักเกษตร":"8201","ศูนย์":"K2-82","โควตา":"788007","ชาวไร่":"นาย สงวน ชุมจันทร์","ประเภทอ้อย":"ปลายฝน","พื้นที่":46.61,"ตันรวม":605.93,"รหัสแปลง":"320109010016","กลุ่ม":"กลุ่ม_82"},"geometry":{"type":"MultiPolygon","coordinates":[[[[997229.354700000025332,1641928.073200000450015],[997386.04590000025928,1641868.874800000339746],[997376.009600000455976,1641831.8717],[997418.967000000178814,1641820.564400000497699],[997422.855299999937415,1641821.626700000837445],[997435.50899999961257,1641821.361999999731779],[997440.302500000223517,1641822.08559999987483],[997444.227500000037253,1641824.717700000852346],[997451.854399999603629,1641840.523499999195337],[997451.884600000455976,1641844.917199999094009],[997446.591699999757111,1641851.70549999922514],[997445.562199999578297,1641856.128399999812245],[997490.501299999654293,1641864.975700000301003],[997520.640300000086427,1641869.497300000861287],[997569.853900000452995,1641860.594200000166893],[997571.819899999536574,1641840.410299999639392],[997571.65639999974519,1641832.5395],[997569.872600000351667,1641822.619000000879169],[997568.411199999973178,1641728.174100000411272],[997565.447900000028312,1641678.175300000235438],[997574.812599999830127,1641640.609400000423193],[997491.288499999791384,1641634.027100000530481],[997482.325199999846518,1641631.8103],[997460.008100000210106,1641593.991100000217557],[997407.157599999569356,1641623.896099999547005],[997388.642500000074506,1641636.199500000104308],[997372.403699999675155,1641647.070699999108911],[997355.305399999953806,1641671.395300000905991],[997340.521800000220537,1641688.235400000587106],[997320.549200000241399,1641704.941800000146031],[997290.918499999679625,1641725.719100000336766],[997287.8273,1641731.711100000888109],[997277.079300000332296,1641746.839500000700355],[997262.776200000196695,1641759.86009999923408],[997248.971199999563396,1641783.617599999532104],[997235.575100000016391,1641796.287100000306964],[997218.964999999850988,1641816.472799999639392],[997204.512600000016391,1641828.010900000110269],[997196.255300000309944,1641835.792899999767542],[997181.821999999694526,1641846.406700000166893],[997158.966300000436604,1641855.36710000038147],[997147.334699999541044,1641865.2820999994874],[997165.94440000038594,1641894.112299999222159],[997194.914300000295043,1641902.024900000542402],[997229.354700000025332,1641928.073200000450015]]]]}},
{"type":"Feature","properties":{"รหัสกลุ่มคิว":"82/001","รหัสรับเหมา":"738889","ชื่อ-สกุล รับเหมา":"รถตัดโรงงานเบอร์ 20","นักเกษตร":"8201","ศูนย์":"K2-82","โควตา":"718221","ชาวไร่":"นาย วันดี ไร่บูรณ์","ประเภทอ้อย":"ปลายฝน","พื้นที่":28.38,"ตันรวม":368.94,"รหัสแปลง":"320119080005","กลุ่ม":"กลุ่ม_82"},"geometry":{"type":"MultiPolygon","coordinates":[[[[999152.940799999982119,1658226.334000000730157],[999446.055800000205636,1658182.349300000816584],[999434.427299999631941,1658119.407800000160933],[999356.103699999861419,1658124.426000000908971],[999355.959300000220537,1658105.558199999853969],[999381.523400000296533,1658105.092000000178814],[999381.412899999879301,1658075.019600000232458],[999547.071299999952316,1658074.393200000748038],[999539.997800000011921,1658033.738500000908971],[999111.74239999987185,1658072.704],[999125.721699999645352,1658143.647099999710917],[999145.331899999640882,1658143.1327],[999150.14740000013262,1658170.790899999439716],[999164.178199999965727,1658170.529699999839067],[999170.168399999849498,1658210.789000000804663],[999154.114199999719858,1658213.22719999961555],[999152.940799999982119,1658226.334000000730157]]]]}},
{"type":"Feature","properties":{"รหัสกลุ่มคิว":"82/001","รหัสรับเหมา":"738889","ชื่อ-สกุล รับเหมา":"รถตัดโรงงานเบอร์ 20","นักเกษตร":"8201","ศูนย์":"K2-82","โควตา":"788031","ชาวไร่":"นางสาว โสภาพร จริตรัมย์","ประเภทอ้อย":"ปลายฝน","พื้นที่":2.55,"ตันรวม":33.15,"รหัสแปลง":"320113111619","กลุ่ม":"กลุ่ม_82"},"geometry":{"type":"MultiPolygon","coordinates":[[[[963164.839399999938905,1640863.98369999974966],[963156.471400000154972,1640831.472200000658631],[963039.113499999977648,1640855.098200000822544],[963041.354700000025332,1640888.2314],[963164.839399999938905,1640863.98369999974966]]]]}},
{"type":"Feature","properties":{"รหัสกลุ่มคิว":"82/001","รหัสรับเหมา":"738889","ชื่อ-สกุล รับเหมา":"รถตัดโรงงานเบอร์ 20","นักเกษตร":"8201","ศูนย์":"K2-82","โควตา":"787012","ชาวไร่":"นาย โท แปลงดี","ประเภทอ้อย":"ปลายฝน","พื้นที่":3.89,"ตันรวม":50.57,"รหัสแปลง":"320113071515","กลุ่ม":"กลุ่ม_82"},"geometry":{"type":"MultiPolygon","coordinates":[[[[968379.00789999961853,1642414.875900000333786],[968331.4079,1642411.731699999421835],[968336.50719999987632,1642463.965099999681115],[968338.574799999594688,1642477.870799999684095],[968342.731599999591708,1642495.329700000584126],[968348.578499999828637,1642527.611400000751019],[968351.922600000165403,1642540.617499999701977],[968403.603199999779463,1642518.883300000801682],[968379.00789999961853,1642414.875900000333786]]]]}},
{"type":"Feature","properties":{"รหัสกลุ่มคิว":"82/001","รหัสรับเหมา":"738889","ชื่อ-สกุล รับเหมา":"รถตัดโรงงานเบอร์ 20","นักเกษตร":"8201","ศูนย์":"K2-82","โควตา":"788014","ชาวไร่":"นาย ณรงค์ สบายดี","ประเภทอ้อย":"ปลายฝน","พื้นที่":5.45,"ตันรวม":70.85,"รหัสแปลง":"320113051699","กลุ่ม":"กลุ่ม_82"},"geometry":{"type":"MultiPolygon","coordinates":[[[[965666.530399999581277,1643631.759500000625849],[965661.873300000093877,1643621.501599999144673],[965673.872999999672174,1643605.465500000864267],[965705.934700000099838,1643584.271600000560284],[965680.347699999809265,1643531.089299999177456],[965628.687400000169873,1643552.088899999856949],[965642.670599999837577,1643591.551300000399351],[965567.834400000050664,1643611.363099999725819],[965545.665400000289083,1643613.892100000753999],[965564.496299999766052,1643663.061300000175834],[965629.096199999563396,1643642.496899999678135],[965664.721900000236928,1643632.279100000858307],[965666.530399999581277,1643631.759500000625849]]]]}},
{"type":"Feature","properties":{"รหัสกลุ่มคิว":"82/001","รหัสรับเหมา":"738889","ชื่อ-สกุล รับเหมา":"รถตัดโรงงานเบอร์ 20","นักเกษตร":"8201","ศูนย์":"K2-82","โควตา":"788010","ชาวไร่":"นาง สาริกา นวลปักษี","ประเภทอ้อย":"ปลายฝน","พื้นที่":3.82,"ตันรวม":49.66,"รหัสแปลง":"320113090005","กลุ่ม":"กลุ่ม_82"},"geometry":{"type":"MultiPolygon","coordinates":[[[[969868.751799999736249,1643142.729000000283122],[969865.768099999986589,1643074.451199999079108],[969866.839499999769032,1643074.841900000348687],[969869.002299999818206,1643046.967700000852346],[969868.715400000102818,1643034.020700000226498],[969830.863400000147521,1643038.273700000718236],[969796.060600000433624,1643042.955900000408292],[969805.6261,1643087.328099999576807],[969814.446299999952316,1643086.945599999278784],[969825.279900000430644,1643149.27559999935329],[969868.751799999736249,1643142.729000000283122]]]]}},
{"type":"Feature","properties":{"รหัสกลุ่มคิว":"82/001","รหัสรับเหมา":"738889","ชื่อ-สกุล รับเหมา":"รถตัดโรงงานเบอร์ 20","นักเกษตร":"8201","ศูนย์":"K2-82","โควตา":"718011","ชาวไร่":"นาย ศักดิ์ แก้วพา","ประเภทอ้อย":"ปลายฝน","พื้นที่":4.63,"ตันรวม":60.19,"รหัสแปลง":"320104111645","กลุ่ม":"กลุ่ม_82"},"geometry":{"type":"MultiPolygon","coordinates":[[[[976033.103600000031292,1665340.27250000089407],[976089.4216,1665560.687899999320507],[976091.038200000301003,1665560.7204],[976122.6546,1665552.294700000435114],[976064.11089999973774,1665335.347500000149012],[976033.103600000031292,1665340.27250000089407]]]]}},
{"type":"Feature","properties":{"รหัสกลุ่มคิว":"82/001","รหัสรับเหมา":"738889","ชื่อ-สกุล รับเหมา":"รถตัดโรงงานเบอร์ 20","นักเกษตร":"8201","ศูนย์":"K2-82","โควตา":"788103","ชาวไร่":"นาย นพรัตน์ คงวัน","ประเภทอ้อย":"ปลายฝน","พื้นที่":4.62,"ตันรวม":60.06,"รหัสแปลง":"320119070001","กลุ่ม":"กลุ่ม_82"},"geometry":{"type":"MultiPolygon","coordinates":[[[[1001985.074400000274181,1652445.997400000691414],[1001943.9134,1652453.272299999371171],[1001897.387699999846518,1652467.647900000214577],[1001878.890999999828637,1652474.8432],[1001946.578599999658763,1652566.3355],[1001989.855100000277162,1652543.938799999654293],[1001991.529400000348687,1652506.982899999246001],[1001962.996000000275671,1652512.487999999895692],[1001950.406899999827147,1652486.700300000607967],[1001987.135300000198185,1652476.373199999332428],[1001985.074400000274181,1652445.997400000691414]]]]}},
{"type":"Feature","properties":{"รหัสกลุ่มคิว":"82/001","รหัสรับเหมา":"738889","ชื่อ-สกุล รับเหมา":"รถตัดโรงงานเบอร์ 20","นักเกษตร":"8201","ศูนย์":"K2-82","โควตา":"788103","ชาวไร่":"นาย นพรัตน์ คงวัน","ประเภทอ้อย":"ปลายฝน","พื้นที่":3.27,"ตันรวม":42.51,"รหัสแปลง":"320119070002","กลุ่ม":"กลุ่ม_82"},"geometry":{"type":"MultiPolygon","coordinates":[[[[1001996.271499999798834,1652538.154799999669194],[1002073.450500000268221,1652502.967499999329448],[1002056.643299999646842,1652446.758600000292063],[1002028.676199999637902,1652450.980799999088049],[1001993.14130000025034,1652447.2763],[1001996.271499999798834,1652538.154799999669194]]]]}},
{"type":"Feature","properties":{"รหัสกลุ่มคิว":"82/001","รหัสรับเหมา":"738889","ชื่อ-สกุล รับเหมา":"รถตัดโรงงานเบอร์ 20","นักเกษตร":"8201","ศูนย์":"K2-82","โควตา":"788101","ชาวไร่":"นาย ชยวีร์ มณีศรี","ประเภทอ้อย":"ปลายฝน","พื้นที่":19.1,"ตันรวม":248.3,"รหัสแปลง":"320114130003","กลุ่ม":"กลุ่ม_82"},"geometry":{"type":"MultiPolygon","coordinates":[[[[983587.282200000248849,1644816.026399999856949],[983622.104100000113249,1644918.056800000369549],[983728.690799999982119,1644769.869300000369549],[983699.770999999716878,1644732.120799999684095],[983587.282200000248849,1644816.026399999856949]]]]}},
{"type":"Feature","properties":{"รหัสกลุ่มคิว":"82/001","รหัสรับเหมา":"738889","ชื่อ-สกุล รับเหมา":"รถตัดโรงงานเบอร์ 20","นักเกษตร":"8201","ศูนย์":"K2-82","โควตา":"788125","ชาวไร่":"นาย ชลอ สนสี","ประเภทอ้อย":"ปลายฝน","พื้นที่":3.12,"ตันรวม":40.56,"รหัสแปลง":"320113121505","กลุ่ม":"กลุ่ม_82"},"geometry":{"type":"MultiPolygon","coordinates":[[[[966508.452200000174344,1640794.613399999216199],[966487.509399999864399,1640724.3277000002563],[966512.222400000318885,1640711.310499999672174],[966498.889600000344217,1640684.61629999987781],[966475.024500000290573,1640690.994699999690056],[966473.856300000101328,1640695.593800000846386],[966455.705299999564886,1640704.11629999987781],[966461.744199999608099,1640717.358799999579787],[966430.001400000415742,1640731.16440000012517],[966453.132000000216067,1640781.341600000858307],[966474.552400000393391,1640780.46199999935925],[966480.652099999599159,1640790.562899999320507],[966482.554800000041723,1640794.48200000077486],[966508.452200000174344,1640794.613399999216199]]]]}},
{"type":"Feature","properties":{"รหัสกลุ่มคิว":"82/001","รหัสรับเหมา":"738889","ชื่อ-สกุล รับเหมา":"รถตัดโรงงานเบอร์ 20","นักเกษตร":"8201","ศูนย์":"K2-82","โควตา":"788104","ชาวไร่":"นาย จตุชัย เรียบร้อย","ประเภทอ้อย":"ปลายฝน","พื้นที่":3.31,"ตันรวม":43.03,"รหัสแปลง":"320103040005","กลุ่ม":"กลุ่ม_82"},"geometry":{"type":"MultiPolygon","coordinates":[[[[981422.542700000107288,1669242.541500000283122],[981421.819899999536574,1669319.474500000476837],[981452.265399999916553,1669318.403599999845028],[981452.732099999673665,1669330.801999999210238],[981469.41330000013113,1669332.250600000843406],[981506.938000000081956,1669326.273600000888109],[981494.706199999898672,1669272.4846],[981422.542700000107288,1669242.541500000283122]]]]}},
{"type":"Feature","properties":{"รหัสกลุ่มคิว":"82/001","รหัสรับเหมา":"738889","ชื่อ-สกุล รับเหมา":"รถตัดโรงงานเบอร์ 20","นักเกษตร":"8201","ศูนย์":"K2-82","โควตา":"788105","ชาวไร่":"นาย สุขนันต์ ก่อแก้ว","ประเภทอ้อย":"ปลายฝน","พื้นที่":5.34,"ตันรวม":69.42,"รหัสแปลง":"320103040006","กลุ่ม":"กลุ่ม_82"},"geometry":{"type":"MultiPolygon","coordinates":[[[[981658.061099999584258,1669085.904899999499321],[981703.177600000053644,1669085.158299999311566],[981701.592000000178814,1669074.771099999547005],[981700.277900000102818,1669042.200400000438094],[981695.760300000198185,1668972.7675],[981682.597599999979138,1668833.632999999448657],[981657.892699999734759,1668837.938300000503659],[981660.731200000271201,1668981.11570000089705],[981660.475300000049174,1669037.877599999308586],[981658.061099999584258,1669085.904899999499321]]]]}},
{"type":"Feature","properties":{"รหัสกลุ่มคิว":"82/001","รหัสรับเหมา":"738889","ชื่อ-สกุล รับเหมา":"รถตัดโรงงานเบอร์ 20","นักเกษตร":"8201","ศูนย์":"K2-82","โควตา":"788042","ชาวไร่":"นาย สมเกียรติ กลั่นกำเนิด","ประเภทอ้อย":"ปลายฝน","พื้นที่":7.11,"ตันรวม":92.43,"รหัสแปลง":"320110061614","กลุ่ม":"กลุ่ม_82"},"geometry":{"type":"MultiPolygon","coordinates":[[[[987762.194500000216067,1660302.73340000025928],[987929.345700000412762,1660225.346300000324845],[987913.492200000211596,1660174.352800000458956],[987910.586799999698997,1660175.772600000724196],[987895.025100000202656,1660189.507999999448657],[987893.394399999640882,1660198.905600000172853],[987877.119800000451505,1660203.565099999308586],[987850.765599999576807,1660200.066500000655651],[987837.053899999707937,1660211.250800000503659],[987819.275700000114739,1660210.331900000572205],[987815.672199999913573,1660219.504200000315905],[987802.834499999880791,1660223.12470000050962],[987791.187300000339746,1660219.5285],[987737.22759999986738,1660240.273199999704957],[987762.194500000216067,1660302.73340000025928]]]]}},
{"type":"Feature","properties":{"รหัสกลุ่มคิว":"82/001","รหัสรับเหมา":"738889","ชื่อ-สกุล รับเหมา":"รถตัดโรงงานเบอร์ 20","นักเกษตร":"8201","ศูนย์":"K2-82","โควตา":"788104","ชาวไร่":"นาย จตุชัย เรียบร้อย","ประเภทอ้อย":"ปลายฝน","พื้นที่":6.15,"ตันรวม":79.95,"รหัสแปลง":"320103060026","กลุ่ม":"กลุ่ม_82"},"geometry":{"type":"MultiPolygon","coordinates":[[[[980325.998100000433624,1670346.35359999909997],[980365.094600000418723,1670349.920700000599027],[980376.256199999712408,1670257.979399999603629],[980374.283200000412762,1670210.53999999910593],[980381.427000000141561,1670171.117000000551343],[980392.278900000266731,1670125.996099999174476],[980338.593000000342727,1670124.166899999603629],[980325.998100000433624,1670346.35359999909997]]]]}},
{"type":"Feature","properties":{"รหัสกลุ่มคิว":"82/001","รหัสรับเหมา":"738889","ชื่อ-สกุล รับเหมา":"รถตัดโรงงานเบอร์ 20","นักเกษตร":"8201","ศูนย์":"K2-82","โควตา":"718155","ชาวไร่":"นาย ปัญญา เพราะแก้ว","ประเภทอ้อย":"ปลายฝน","พื้นที่":5.14,"ตันรวม":66.82,"รหัสแปลง":"320113111621","กลุ่ม":"กลุ่ม_82"},"geometry":{"type":"MultiPolygon","coordinates":[[[[962346.927500000223517,1640692.4463],[962553.915199999697506,1640684.215900000184774],[962550.85329999960959,1640637.572499999776483],[962367.93790000025183,1640656.616800000891089],[962349.53940000012517,1640659.406600000336766],[962346.927500000223517,1640692.4463]]]]}},
{"type":"Feature","properties":{"รหัสกลุ่มคิว":"82/001","รหัสรับเหมา":"738889","ชื่อ-สกุล รับเหมา":"รถตัดโรงงานเบอร์ 20","นักเกษตร":"8201","ศูนย์":"K2-82","โควตา":"718155","ชาวไร่":"นาย ปัญญา เพราะแก้ว","ประเภทอ้อย":"ปลายฝน","พื้นที่":3.38,"ตันรวม":43.94,"รหัสแปลง":"320113111622","กลุ่ม":"กลุ่ม_82"},"geometry":{"type":"MultiPolygon","coordinates":[[[[962409.996000000275671,1640461.102700000628829],[962408.494599999859929,1640492.5],[962521.823900000192225,1640463.247600000351667],[962561.737800000235438,1640454.585400000214577],[962542.794099999591708,1640410.779999999329448],[962468.978900000452995,1640442.823699999600649],[962409.996000000275671,1640461.102700000628829]]]]}},
{"type":"Feature","properties":{"รหัสกลุ่มคิว":"82/001","รหัสรับเหมา":"738889","ชื่อ-สกุล รับเหมา":"รถตัดโรงงานเบอร์ 20","นักเกษตร":"8201","ศูนย์":"K2-82","โควตา":"788112","ชาวไร่":"นาย สิวริศร์ กิติวุฒิศักย์","ประเภทอ้อย":"ปลายฝน","พื้นที่":6.01,"ตันรวม":78.13,"รหัสแปลง":"320103040007","กลุ่ม":"กลุ่ม_82"},"geometry":{"type":"MultiPolygon","coordinates":[[[[981747.2648,1669126.180400000885129],[981705.383100000210106,1668826.515100000426173],[981681.153099999763072,1668833.973400000482798],[981690.911100000143051,1668928.475600000470877],[981694.996700000017881,1668974.970899999141693],[981700.132100000046194,1669040.53319999948144],[981702.893500000238419,1669081.454299999400973],[981702.391400000080466,1669088.47069999948144],[981703.903099999763072,1669128.996600000187755],[981747.2648,1669126.180400000885129]]]]}},
{"type":"Feature","properties":{"รหัสกลุ่มคิว":"82/001","รหัสรับเหมา":"738889","ชื่อ-สกุล รับเหมา":"รถตัดโรงงานเบอร์ 20","นักเกษตร":"8201","ศูนย์":"K2-82","โควตา":"788104","ชาวไร่":"นาย จตุชัย เรียบร้อย","ประเภทอ้อย":"ปลายฝน","พื้นที่":3.33,"ตันรวม":43.29,"รหัสแปลง":"320103040008","กลุ่ม":"กลุ่ม_82"},"geometry":{"type":"MultiPolygon","coordinates":[[[[981774.768000000156462,1669125.630400000140071],[981775.749900000169873,1669148.024399999529123],[981802.799899999983609,1669152.087999999523163],[981817.419900000095367,1669148.872099999338388],[981838.322599999606609,1669145.969000000506639],[981845.152499999850988,1669137.047399999573827],[981855.745900000445545,1669137.44789999909699],[981868.3902000002563,1669134.1919],[981879.283499999903142,1669128.68129999935627],[981889.959599999710917,1669125.0154],[981899.689699999988079,1669114.8585],[981905.112800000235438,1669104.428999999538064],[981912.751500000245869,1669091.085999999195337],[981912.962100000120699,1669080.735300000756979],[981896.167799999937415,1669084.831399999558926],[981862.553100000135601,1669094.317500000819564],[981845.253800000064075,1669096.739199999719858],[981829.121700000017881,1669103.622500000521541],[981808.982499999925494,1669104.322200000286102],[981788.547199999913573,1669110.748099999502301],[981780.24280000012368,1669121.488800000399351],[981774.768000000156462,1669125.630400000140071]]]]}},
{"type":"Feature","properties":{"รหัสกลุ่มคิว":"82/001","รหัสรับเหมา":"738889","ชื่อ-สกุล รับเหมา":"รถตัดโรงงานเบอร์ 20","นักเกษตร":"8201","ศูนย์":"K2-82","โควตา":"788058","ชาวไร่":"นาย มนตรี เฉลียวยิ่ง","ประเภทอ้อย":"ปลายฝน","พื้นที่":2.39,"ตันรวม":31.07,"รหัสแปลง":"320113080012","กลุ่ม":"กลุ่ม_82"},"geometry":{"type":"MultiPolygon","coordinates":[[[[969892.735299999825656,1644824.653899999335408],[969894.466400000266731,1644846.5033],[970043.780299999751151,1644807.269400000572205],[970037.246100000105798,1644782.737800000235438],[969922.826399999670684,1644812.485400000587106],[969892.735299999825656,1644824.653899999335408]]]]}},
{"type":"Feature","properties":{"รหัสกลุ่มคิว":"82/001","รหัสรับเหมา":"738889","ชื่อ-สกุล รับเหมา":"รถตัดโรงงานเบอร์ 20","นักเกษตร":"8201","ศูนย์":"K2-82","โควตา":"787063","ชาวไร่":"นาย สันติ สายบุตร","ประเภทอ้อย":"ปลายฝน","พื้นที่":2.38,"ตันรวม":30.94,"รหัสแปลง":"320104051519","กลุ่ม":"กลุ่ม_82"},"geometry":{"type":"MultiPolygon","coordinates":[[[[979321.310600000433624,1664451.60219999961555],[979230.002700000070035,1664487.849700000137091],[979239.256400000303984,1664519.100099999457598],[979329.004599999636412,1664497.7983],[979323.818099999800324,1664452.022600000724196],[979321.310600000433624,1664451.60219999961555]]]]}},
{"type":"Feature","properties":{"รหัสกลุ่มคิว":"82/001","รหัสรับเหมา":"738889","ชื่อ-สกุล รับเหมา":"รถตัดโรงงานเบอร์ 20","นักเกษตร":"8201","ศูนย์":"K2-82","โควตา":"787063","ชาวไร่":"นาย สันติ สายบุตร","ประเภทอ้อย":"ปลายฝน","พื้นที่":2.62,"ตันรวม":34.06,"รหัสแปลง":"320104051520","กลุ่ม":"กลุ่ม_82"},"geometry":{"type":"MultiPolygon","coordinates":[[[[979168.886599999852479,1664381.5921],[979178.67200000025332,1664413.222899999469519],[979293.988800000399351,1664380.602900000289083],[979284.637299999594688,1664345.282700000330806],[979168.886599999852479,1664381.5921]]]]}},
{"type":"Feature","properties":{"รหัสกลุ่มคิว":"82/001","รหัสรับเหมา":"738889","ชื่อ-สกุล รับเหมา":"รถตัดโรงงานเบอร์ 20","นักเกษตร":"8201","ศูนย์":"K2-82","โควตา":"787063","ชาวไร่":"นาย สันติ สายบุตร","ประเภทอ้อย":"ปลายฝน","พื้นที่":1.82,"ตันรวม":23.66,"รหัสแปลง":"320104051521","กลุ่ม":"กลุ่ม_82"},"geometry":{"type":"MultiPolygon","coordinates":[[[[979188.102500000037253,1664453.537000000476837],[979176.572900000028312,1664419.282299999147654],[979104.927500000223517,1664442.983799999579787],[979121.921699999831617,1664482.525900000706315],[979188.102500000037253,1664453.537000000476837]]]]}},
{"type":"Feature","properties":{"รหัสกลุ่มคิว":"82/001","รหัสรับเหมา":"738889","ชื่อ-สกุล รับเหมา":"รถตัดโรงงานเบอร์ 20","นักเกษตร":"8201","ศูนย์":"K2-82","โควตา":"787063","ชาวไร่":"นาย สันติ สายบุตร","ประเภทอ้อย":"ปลายฝน","พื้นที่":1.4,"ตันรวม":18.2,"รหัสแปลง":"320104051522","กลุ่ม":"กลุ่ม_82"},"geometry":{"type":"MultiPolygon","coordinates":[[[[979175.221499999985099,1664415.002299999818206],[979164.930700000375509,1664381.697200000286102],[979164.7511,1664381.693600000813603],[979102.443300000391901,1664405.768300000578165],[979108.838000000454485,1664436.221300000324845],[979175.221499999985099,1664415.002299999818206]]]]}},
{"type":"Feature","properties":{"รหัสกลุ่มคิว":"82/001","รหัสรับเหมา":"738889","ชื่อ-สกุล รับเหมา":"รถตัดโรงงานเบอร์ 20","นักเกษตร":"8201","ศูนย์":"K2-82","โควตา":"718020","ชาวไร่":"นาย เสริม ยงคง","ประเภทอ้อย":"ปลายฝน","พื้นที่":9.97,"ตันรวม":129.61,"รหัสแปลง":"321605080004","กลุ่ม":"กลุ่ม_82"},"geometry":{"type":"MultiPolygon","coordinates":[[[[989616.195600000210106,1662974.317199999466538],[989714.755499999970198,1662954.1557],[989709.606599999591708,1662916.139599999412894],[989588.033699999563396,1662945.258500000461936],[989485.729100000113249,1662981.431900000199676],[989331.853400000371039,1663042.988700000569224],[989350.795800000429153,1663083.322699999436736],[989616.195600000210106,1662974.317199999466538]]]]}},
{"type":"Feature","properties":{"รหัสกลุ่มคิว":"82/001","รหัสรับเหมา":"738889","ชื่อ-สกุล รับเหมา":"รถตัดโรงงานเบอร์ 20","นักเกษตร":"8201","ศูนย์":"K2-82","โควตา":"788118","ชาวไร่":"นาย ประกัน ดวงสิน","ประเภทอ้อย":"ปลายฝน","พื้นที่":4.99,"ตันรวม":64.87,"รหัสแปลง":"320113080013","กลุ่ม":"กลุ่ม_82"},"geometry":{"type":"MultiPolygon","coordinates":[[[[968467.222500000149012,1643833.648],[968407.921500000171363,1643877.4178],[968416.241100000217557,1643902.7226],[968439.536399999633431,1643897.814799999818206],[968484.656499999575317,1643871.146999999880791],[968512.33490000013262,1643853.568299999460578],[968544.677000000141561,1643818.147700000554323],[968524.941999999806285,1643769.511299999430776],[968451.68680000025779,1643800.253100000321865],[968467.222500000149012,1643833.648]]]]}},
{"type":"Feature","properties":{"รหัสกลุ่มคิว":"82/001","รหัสรับเหมา":"738889","ชื่อ-สกุล รับเหมา":"รถตัดโรงงานเบอร์ 20","นักเกษตร":"8201","ศูนย์":"K2-82","โควตา":"718191","ชาวไร่":"นาย พงษ์อนันต์ ทางดี","ประเภทอ้อย":"ปลายฝน","พื้นที่":6.8,"ตันรวม":88.4,"รหัสแปลง":"320105161614","กลุ่ม":"กลุ่ม_82"},"geometry":{"type":"MultiPolygon","coordinates":[[[[975831.863800000399351,1662961.451500000432134],[975707.918200000189245,1663043.603800000622869],[975730.528099999763072,1663067.956299999728799],[975768.448099999688566,1663067.975600000470877],[975779.756699999794364,1663077.6316],[975884.13150000013411,1663034.791400000452995],[975858.410099999979138,1663008.946000000461936],[975836.11089999973774,1662973.739499999210238],[975825.432000000029802,1662968.533600000664592],[975831.863800000399351,1662961.451500000432134]]]]}},
{"type":"Feature","properties":{"รหัสกลุ่มคิว":"82/001","รหัสรับเหมา":"738889","ชื่อ-สกุล รับเหมา":"รถตัดโรงงานเบอร์ 20","นักเกษตร":"8201","ศูนย์":"K2-82","โควตา":"788119","ชาวไร่":"นางสาว ทยิดา สถิตย์สุข","ประเภทอ้อย":"ปลายฝน","พื้นที่":9.87,"ตันรวม":128.31,"รหัสแปลง":"320111031505","กลุ่ม":"กลุ่ม_82"},"geometry":{"type":"MultiPolygon","coordinates":[[[[979580.439799999818206,1650502.273499999195337],[979608.57010000012815,1650624.131400000303984],[979736.910799999721348,1650599.705199999734759],[979710.775200000032783,1650486.02250000089407],[979580.439799999818206,1650502.273499999195337]]]]}},
{"type":"Feature","properties":{"รหัสกลุ่มคิว":"82/001","รหัสรับเหมา":"738889","ชื่อ-สกุล รับเหมา":"รถตัดโรงงานเบอร์ 20","นักเกษตร":"8201","ศูนย์":"K2-82","โควตา":"782425","ชาวไร่":"นางสาว มุกธิดา สุหร่าย","ประเภทอ้อย":"ปลายฝน","พื้นที่":16.05,"ตันรวม":208.65,"รหัสแปลง":"320118090001","กลุ่ม":"กลุ่ม_82"},"geometry":{"type":"MultiPolygon","coordinates":[[[[978465.919400000013411,1639529.278999999165535],[978410.174700000323355,1639473.6294],[978179.770399999804795,1639581.606100000441074],[978209.880300000309944,1639667.457499999552965],[978271.382699999958277,1639641.536800000816584],[978465.919400000013411,1639529.278999999165535]]]]}},
{"type":"Feature","properties":{"รหัสกลุ่มคิว":"82/001","รหัสรับเหมา":"738889","ชื่อ-สกุล รับเหมา":"รถตัดโรงงานเบอร์ 20","นักเกษตร":"8201","ศูนย์":"K2-82","โควตา":"788119","ชาวไร่":"นางสาว ทยิดา สถิตย์สุข","ประเภทอ้อย":"ปลายฝน","พื้นที่":4.25,"ตันรวม":55.25,"รหัสแปลง":"320111031506","กลุ่ม":"กลุ่ม_82"},"geometry":{"type":"MultiPolygon","coordinates":[[[[979801.010099999606609,1650460.833499999716878],[979792.956100000068545,1650153.551400000229478],[979771.643400000408292,1650149.241800000891089],[979771.448900000192225,1650149.97749999910593],[979769.67200000025332,1650265.689999999478459],[979776.329400000162423,1650355.315500000491738],[979779.714499999769032,1650401.793400000780821],[979788.607400000095367,1650460.585200000554323],[979801.010099999606609,1650460.833499999716878]]]]}},
{"type":"Feature","properties":{"รหัสกลุ่มคิว":"82/001","รหัสรับเหมา":"738889","ชื่อ-สกุล รับเหมา":"รถตัดโรงงานเบอร์ 20","นักเกษตร":"8201","ศูนย์":"K2-82","โควตา":"788114","ชาวไร่":"นาง ผง หอมขจร","ประเภทอ้อย":"ปลายฝน","พื้นที่":10.33,"ตันรวม":134.29,"รหัสแปลง":"320103070001","กลุ่ม":"กลุ่ม_82"},"geometry":{"type":"MultiPolygon","coordinates":[[[[982496.309000000357628,1668671.015100000426173],[982488.779099999926984,1668678.9978],[982486.02350000012666,1668690.776000000536442],[982481.618599999696016,1668695.309100000187755],[982470.5614,1668691.2007],[982421.129099999554455,1668692.043099999427795],[982449.896800000220537,1668885.306199999526143],[982492.099999999627471,1668877.660000000149012],[982532.605000000447035,1668865.171499999240041],[982528.850599999539554,1668784.843499999493361],[982496.309000000357628,1668671.015100000426173]]]]}},
{"type":"Feature","properties":{"รหัสกลุ่มคิว":"82/001","รหัสรับเหมา":"738889","ชื่อ-สกุล รับเหมา":"รถตัดโรงงานเบอร์ 20","นักเกษตร":"8201","ศูนย์":"K2-82","โควตา":"728294","ชาวไร่":"นาย บุญรอด อ่อนไธสง","ประเภทอ้อย":"ปลายฝน","พื้นที่":5.36,"ตันรวม":69.68,"รหัสแปลง":"321605070004","กลุ่ม":"กลุ่ม_82"},"geometry":{"type":"MultiPolygon","coordinates":[[[[991588.983599999919534,1658918.058000000193715],[991614.957299999892712,1658913.9704],[991620.911700000055134,1658930.36710000038147],[991710.10010000038892,1658903.542400000616908],[991754.127399999648333,1658869.683499999344349],[991740.248999999836087,1658827.787699999287724],[991654.303199999965727,1658863.001199999824166],[991574.123700000345707,1658897.594100000336766],[991588.983599999919534,1658918.058000000193715]]]]}},
{"type":"Feature","properties":{"รหัสกลุ่มคิว":"82/001","รหัสรับเหมา":"738889","ชื่อ-สกุล รับเหมา":"รถตัดโรงงานเบอร์ 20","นักเกษตร":"8201","ศูนย์":"K2-82","โควตา":"718191","ชาวไร่":"นาย พงษ์อนันต์ ทางดี","ประเภทอ้อย":"ปลายฝน","พื้นที่":12.7,"ตันรวม":165.1,"รหัสแปลง":"320111031507","กลุ่ม":"กลุ่ม_82"},"geometry":{"type":"MultiPolygon","coordinates":[[[[979725.291899999603629,1650919.536399999633431],[979713.60219999961555,1650892.6765],[979692.576200000010431,1650847.139699999243021],[979470.884899999946356,1650989.697699999436736],[979510.175200000405312,1651057.04839999973774],[979725.291899999603629,1650919.536399999633431]]]]}},
{"type":"Feature","properties":{"รหัสกลุ่มคิว":"82/001","รหัสรับเหมา":"738889","ชื่อ-สกุล รับเหมา":"รถตัดโรงงานเบอร์ 20","นักเกษตร":"8201","ศูนย์":"K2-82","โควตา":"788060","ชาวไร่":"นาย สหภัทร ชลาชัย","ประเภทอ้อย":"ปลายฝน","พื้นที่":16.67,"ตันรวม":216.71,"รหัสแปลง":"320116011519","กลุ่ม":"กลุ่ม_82"},"geometry":{"type":"MultiPolygon","coordinates":[[[[991403.692499999888241,1640362.571399999782443],[991157.068300000391901,1640457.223200000822544],[991172.708300000056624,1640528.553400000557303],[991385.919599999673665,1640484.260900000110269],[991470.151999999769032,1640421.067900000140071],[991403.692499999888241,1640362.571399999782443]]]]}},
{"type":"Feature","properties":{"รหัสกลุ่มคิว":"82/001","รหัสรับเหมา":"738889","ชื่อ-สกุล รับเหมา":"รถตัดโรงงานเบอร์ 20","นักเกษตร":"8201","ศูนย์":"K2-82","โควตา":"788120","ชาวไร่":"นาย โฉลม คะเณมา","ประเภทอ้อย":"ปลายฝน","พื้นที่":4.3,"ตันรวม":55.9,"รหัสแปลง":"320104020037","กลุ่ม":"กลุ่ม_82"},"geometry":{"type":"MultiPolygon","coordinates":[[[[986225.513100000098348,1668015.720100000500679],[986286.312599999830127,1667995.331900000572205],[986405.695899999700487,1667983.727800000458956],[986413.626000000163913,1667956.337400000542402],[986401.167000000365078,1667959.225400000810623],[986373.774500000290573,1667954.225099999457598],[986351.619199999608099,1667956.7292],[986303.781899999827147,1667967.2127],[986281.172600000165403,1667974.33049999922514],[986206.561900000087917,1668002.201999999582767],[986167.388799999840558,1668010.829299999400973],[986127.451700000092387,1668021.6601],[986120.145200000144541,1668027.4276],[986128.303399999625981,1668041.463899999856949],[986225.513100000098348,1668015.720100000500679]]]]}},
{"type":"Feature","properties":{"รหัสกลุ่มคิว":"82/001","รหัสรับเหมา":"738889","ชื่อ-สกุล รับเหมา":"รถตัดโรงงานเบอร์ 20","นักเกษตร":"8201","ศูนย์":"K2-82","โควตา":"718316","ชาวไร่":"นาง สายโยชน์ แสนรู้","ประเภทอ้อย":"ปลายฝน","พื้นที่":2.21,"ตันรวม":28.73,"รหัสแปลง":"320120070004","กลุ่ม":"กลุ่ม_82"},"geometry":{"type":"MultiPolygon","coordinates":[[[[999310.649600000120699,1648748.067700000479817],[999449.614000000059605,1648700.284299999475479],[999445.109400000423193,1648683.360300000756979],[999377.316999999806285,1648699.519300000742078],[999296.577899999916553,1648724.101500000804663],[999310.649600000120699,1648748.067700000479817]]]]}},
{"type":"Feature","properties":{"รหัสกลุ่มคิว":"82/001","รหัสรับเหมา":"738889","ชื่อ-สกุล รับเหมา":"รถตัดโรงงานเบอร์ 20","นักเกษตร":"8201","ศูนย์":"K2-82","โควตา":"718317","ชาวไร่":"นาย ศักดิ์ชัย ใบแก้ว","ประเภทอ้อย":"ปลายฝน","พื้นที่":9.1,"ตันรวม":118.3,"รหัสแปลง":"320119030003","กลุ่ม":"กลุ่ม_82"},"geometry":{"type":"MultiPolygon","coordinates":[[[[1001725.954599999822676,1652554.681500000879169],[1001758.637199999764562,1652608.633400000631809],[1001769.528400000184774,1652646.7774],[1001793.488900000229478,1652730.694199999794364],[1001805.700400000438094,1652765.906600000336766],[1001819.9079,1652817.436899999156594],[1001827.896099999547005,1652839.614],[1001831.0483,1652852.256999999284744],[1001831.642400000244379,1652875.388699999079108],[1001836.289900000207126,1652902.48960000090301],[1001853.8021,1652899.342700000852346],[1001871.283300000242889,1652897.674799999222159],[1001887.2357,1652891.720899999141693],[1001859.4254,1652802.729399999603629],[1001872.7834,1652800.420099999755621],[1001753.950899999588728,1652540.471999999135733],[1001725.954599999822676,1652554.681500000879169]]]]}},
{"type":"Feature","properties":{"รหัสกลุ่มคิว":"82/001","รหัสรับเหมา":"738889","ชื่อ-สกุล รับเหมา":"รถตัดโรงงานเบอร์ 20","นักเกษตร":"8201","ศูนย์":"K2-82","โควตา":"788121","ชาวไร่":"นาง ทองสาย พิมพ์เก่า","ประเภทอ้อย":"ปลายฝน","พื้นที่":2.93,"ตันรวม":38.09,"รหัสแปลง":"320102020001","กลุ่ม":"กลุ่ม_82"},"geometry":{"type":"MultiPolygon","coordinates":[[[[986200.070199999958277,1671302.152100000530481],[986224.55350000038743,1671299.8816],[986220.516499999910593,1671155.375700000673532],[986215.600499999709427,1671141.035800000652671],[986185.354500000365078,1671143.9276],[986200.070199999958277,1671302.152100000530481]]]]}},
{"type":"Feature","properties":{"รหัสกลุ่มคิว":"82/001","รหัสรับเหมา":"738889","ชื่อ-สกุล รับเหมา":"รถตัดโรงงานเบอร์ 20","นักเกษตร":"8201","ศูนย์":"K2-82","โควตา":"718221","ชาวไร่":"นาย วันดี ไร่บูรณ์","ประเภทอ้อย":"ปลายฝน","พื้นที่":1.05,"ตันรวม":13.65,"รหัสแปลง":"320119080006","กลุ่ม":"กลุ่ม_82"},"geometry":{"type":"MultiPolygon","coordinates":[[[[999507.926799999549985,1658104.698400000110269],[999384.21239999961108,1658104.485200000926852],[999378.018000000156462,1658116.932],[999507.291199999861419,1658118.6908],[999507.926799999549985,1658104.698400000110269]]]]}},
{"type":"Feature","properties":{"รหัสกลุ่มคิว":"82/001","รหัสรับเหมา":"738889","ชื่อ-สกุล รับเหมา":"รถตัดโรงงานเบอร์ 20","นักเกษตร":"8201","ศูนย์":"K2-82","โควตา":"788104","ชาวไร่":"นาย จตุชัย เรียบร้อย","ประเภทอ้อย":"ปลายฝน","พื้นที่":4.64,"ตันรวม":60.32,"รหัสแปลง":"320103040009","กลุ่ม":"กลุ่ม_82"},"geometry":{"type":"MultiPolygon","coordinates":[[[[981459.105100000277162,1669238.292300000786781],[981486.857499999925494,1669251.98509999923408],[981463.149000000208616,1669074.7303],[981419.611600000411272,1669077.3585],[981417.3602,1669196.948599999770522],[981463.38190000038594,1669195.850199999287724],[981459.105100000277162,1669238.292300000786781]]]]}},
{"type":"Feature","properties":{"รหัสกลุ่มคิว":"82/001","รหัสรับเหมา":"738889","ชื่อ-สกุล รับเหมา":"รถตัดโรงงานเบอร์ 20","นักเกษตร":"8201","ศูนย์":"K2-82","โควตา":"782470","ชาวไร่":"นาง ยลรัชตนันท์ เสริมผล","ประเภทอ้อย":"ปลายฝน","พื้นที่":7.28,"ตันรวม":94.64,"รหัสแปลง":"320102020002","กลุ่ม":"กลุ่ม_82"},"geometry":{"type":"MultiPolygon","coordinates":[[[[987345.050699999555945,1672198.574200000613928],[987308.950100000016391,1672039.561799999326468],[987299.74239999987185,1672042.470000000670552],[987289.663499999791384,1672008.421299999579787],[987274.340200000442564,1672010.879300000146031],[987315.136900000274181,1672210.882500000298023],[987360.25040000025183,1672201.456800000742078],[987368.051900000311434,1672241.376199999824166],[987388.289099999703467,1672235.875900000333786],[987342.410899999551475,1672038.356599999591708],[987311.728199999779463,1672039.1426],[987347.432000000029802,1672202.3048],[987345.050699999555945,1672198.574200000613928]]]]}},
{"type":"Feature","properties":{"รหัสกลุ่มคิว":"82/001","รหัสรับเหมา":"738889","ชื่อ-สกุล รับเหมา":"รถตัดโรงงานเบอร์ 20","นักเกษตร":"8201","ศูนย์":"K2-82","โควตา":"782470","ชาวไร่":"นาง ยลรัชตนันท์ เสริมผล","ประเภทอ้อย":"ปลายฝน","พื้นที่":3.71,"ตันรวม":48.23,"รหัสแปลง":"320102020003","กลุ่ม":"กลุ่ม_82"},"geometry":{"type":"MultiPolygon","coordinates":[[[[987187.025100000202656,1671809.917899999767542],[987241.093100000172853,1671924.019899999722838],[987274.860000000335276,1672011.814600000157952],[987287.924700000323355,1672005.611600000411272],[987297.125799999572337,1671995.0757],[987262.441300000064075,1671899.495300000533462],[987207.892799999564886,1671799.992200000211596],[987187.025100000202656,1671809.917899999767542]]]]}},
{"type":"Feature","properties":{"รหัสกลุ่มคิว":"82/001","รหัสรับเหมา":"738889","ชื่อ-สกุล รับเหมา":"รถตัดโรงงานเบอร์ 20","นักเกษตร":"8201","ศูนย์":"K2-82","โควตา":"788065","ชาวไร่":"นาง อิม กองทุน","ประเภทอ้อย":"ปลายฝน","พื้นที่":19.86,"ตันรวม":258.18,"รหัสแปลง":"310304120002","กลุ่ม":"กลุ่ม_82"},"geometry":{"type":"MultiPolygon","coordinates":[[[[961145.411000000312924,1639524.585200000554323],[961197.463200000114739,1639510.3059],[961085.123399999924004,1639195.161299999803305],[961082.458999999798834,1639188.5833],[961086.156600000336766,1639188.156500000506639],[961090.263299999758601,1639199.1415],[961201.58530000038445,1639509.175000000745058],[961244.676699999719858,1639497.353900000452995],[961112.653400000184774,1639185.15059999935329],[961028.357900000177324,1639191.488800000399351],[961064.955199999734759,1639299.959100000560284],[961089.041899999603629,1639366.597899999469519],[961130.108599999919534,1639476.44789999909699],[961141.659900000318885,1639511.976199999451637],[961145.411000000312924,1639524.585200000554323]]]]}},
{"type":"Feature","properties":{"รหัสกลุ่มคิว":"82/001","รหัสรับเหมา":"738889","ชื่อ-สกุล รับเหมา":"รถตัดโรงงานเบอร์ 20","นักเกษตร":"8201","ศูนย์":"K2-82","โควตา":"788115","ชาวไร่":"นาง อวบ ดวงสวัสดิ์","ประเภทอ้อย":"ปลายฝน","พื้นที่":7.35,"ตันรวม":95.55,"รหัสแปลง":"310304120004","กลุ่ม":"กลุ่ม_82"},"geometry":{"type":"MultiPolygon","coordinates":[[[[961248.520299999974668,1639501.26380000077188],[961268.791699999943376,1639485.199100000783801],[961212.59360000025481,1639310.729399999603629],[961202.889299999922514,1639282.075999999418855],[961190.0148,1639278.132799999788404],[961175.264999999664724,1639268.792999999597669],[961149.784900000318885,1639228.00730000063777],[961155.827600000426173,1639222.392300000414252],[961153.236600000411272,1639216.7971],[961182.804399999789894,1639203.682800000533462],[961173.625199999660254,1639175.778899999335408],[961110.460900000296533,1639177.5296],[961248.520299999974668,1639501.26380000077188]]]]}},
{"type":"Feature","properties":{"รหัสกลุ่มคิว":"82/001","รหัสรับเหมา":"738889","ชื่อ-สกุล รับเหมา":"รถตัดโรงงานเบอร์ 20","นักเกษตร":"8201","ศูนย์":"K2-82","โควตา":"700324","ชาวไร่":"นาย พลธยา วามะกัณฑ์","ประเภทอ้อย":"ปลายฝน","พื้นที่":5.86,"ตันรวม":76.18,"รหัสแปลง":"320120070007","กลุ่ม":"กลุ่ม_82"},"geometry":{"type":"MultiPolygon","coordinates":[[[[998154.856599999591708,1649045.476299999281764],[998095.973299999721348,1648892.598899999633431],[998044.695600000210106,1648893.198799999430776],[998057.73369999974966,1648941.00029999949038],[998073.908300000242889,1648993.6754],[998087.095900000073016,1649034.267100000753999],[998096.837700000032783,1649058.882099999114871],[998154.856599999591708,1649045.476299999281764]]]]}}
]
}
