<?xml version="1.0" encoding="UTF-8"?>
<kml xmlns="http://www.opengis.net/kml/2.2">
<Document>
  <name>กลุ่มคิว 71</name>
  <Style id="plotStyle">
    <LineStyle>
      <color>ffD4BC00</color>
      <width>1.5</width>
    </LineStyle>
    <PolyStyle>
      <color>80D4BC00</color>
    </PolyStyle>
  </Style>
  <Folder>
    <name>71_001</name>
    <Placemark>
      <name>321006050008</name>
      <description><![CDATA[<div style='font-family:Tahoma,sans-serif; font-size:13px;'><h3 style='color:#1565C0; margin:4px 0;'>รหัสแปลง: 321006050008</h3><p style='margin:2px 0;'><b>กลุ่มคิว:</b> 71_001</p><table border='1' style='border-collapse:collapse; border-color:#ccc; width:100%;'><tr><td style='padding:3px 6px; font-weight:bold; background-color:#f2f2f2;'>รหัสกลุ่มคิว</td><td style='padding:3px 6px;'>71/001</td></tr><tr><td style='padding:3px 6px; font-weight:bold; background-color:#f2f2f2;'>รหัสรับเหมา</td><td style='padding:3px 6px;'>733638</td></tr><tr><td style='padding:3px 6px; font-weight:bold; background-color:#f2f2f2;'>ชื่อ-สกุล รับเหมา</td><td style='padding:3px 6px;'>นาย สิทธิชัย ธรรมสุข</td></tr><tr><td style='padding:3px 6px; font-weight:bold; background-color:#f2f2f2;'>นักเกษตร</td><td style='padding:3px 6px;'>7104</td></tr><tr><td style='padding:3px 6px; font-weight:bold; background-color:#f2f2f2;'>ศูนย์</td><td style='padding:3px 6px;'>K2-71</td></tr><tr><td style='padding:3px 6px; font-weight:bold; background-color:#f2f2f2;'>โควตา</td><td style='padding:3px 6px;'>733342</td></tr><tr><td style='padding:3px 6px; font-weight:bold; background-color:#f2f2f2;'>ชาวไร่</td><td style='padding:3px 6px;'>นาย วา แอกทอง</td></tr><tr><td style='padding:3px 6px; font-weight:bold; background-color:#f2f2f2;'>ประเภทอ้อย</td><td style='padding:3px 6px;'>ปลายฝน</td></tr><tr><td style='padding:3px 6px; font-weight:bold; background-color:#f2f2f2;'>พื้นที่</td><td style='padding:3px 6px;'>1.49</td></tr><tr><td style='padding:3px 6px; font-weight:bold; background-color:#f2f2f2;'>ตันรวม</td><td style='padding:3px 6px;'>19.37</td></tr><tr><td style='padding:3px 6px; font-weight:bold; background-color:#f2f2f2;'>รหัสแปลง</td><td style='padding:3px 6px;'>321006050008</td></tr><tr><td style='padding:3px 6px; font-weight:bold; background-color:#f2f2f2;'>กลุ่ม</td><td style='padding:3px 6px;'>กลุ่ม_71</td></tr></table></div>]]></description>
      <styleUrl>#plotStyle</styleUrl>
      <MultiGeometry><Polygon><outerBoundaryIs><LinearRing><coordinates>103.8811533,14.5212400,0 103.8807417,14.5213233,0 103.8808467,14.5217900,0 103.8812483,14.5217100,0 103.8811533,14.5212400,0</coordinates></LinearRing></outerBoundaryIs></Polygon></MultiGeometry>
    </Placemark>
    <Placemark>
      <name>321011010060</name>
      <description><![CDATA[<div style='font-family:Tahoma,sans-serif; font-size:13px;'><h3 style='color:#1565C0; margin:4px 0;'>รหัสแปลง: 321011010060</h3><p style='margin:2px 0;'><b>กลุ่มคิว:</b> 71_001</p><table border='1' style='border-collapse:collapse; border-color:#ccc; width:100%;'><tr><td style='padding:3px 6px; font-weight:bold; background-color:#f2f2f2;'>รหัสกลุ่มคิว</td><td style='padding:3px 6px;'>71/001</td></tr><tr><td style='padding:3px 6px; font-weight:bold; background-color:#f2f2f2;'>รหัสรับเหมา</td><td style='padding:3px 6px;'>733638</td></tr><tr><td style='padding:3px 6px; font-weight:bold; background-color:#f2f2f2;'>ชื่อ-สกุล รับเหมา</td><td style='padding:3px 6px;'>นาย สิทธิชัย ธรรมสุข</td></tr><tr><td style='padding:3px 6px; font-weight:bold; background-color:#f2f2f2;'>นักเกษตร</td><td style='padding:3px 6px;'>7104</td></tr><tr><td style='padding:3px 6px; font-weight:bold; background-color:#f2f2f2;'>ศูนย์</td><td style='padding:3px 6px;'>K2-71</td></tr><tr><td style='padding:3px 6px; font-weight:bold; background-color:#f2f2f2;'>โควตา</td><td style='padding:3px 6px;'>733950</td></tr><tr><td style='padding:3px 6px; font-weight:bold; background-color:#f2f2f2;'>ชาวไร่</td><td style='padding:3px 6px;'>นาง ประวงค์ ประดับมุข</td></tr><tr><td style='padding:3px 6px; font-weight:bold; background-color:#f2f2f2;'>ประเภทอ้อย</td><td style='padding:3px 6px;'>ตอ4</td></tr><tr><td style='padding:3px 6px; font-weight:bold; background-color:#f2f2f2;'>พื้นที่</td><td style='padding:3px 6px;'>14.77</td></tr><tr><td style='padding:3px 6px; font-weight:bold; background-color:#f2f2f2;'>ตันรวม</td><td style='padding:3px 6px;'>103.39</td></tr><tr><td style='padding:3px 6px; font-weight:bold; background-color:#f2f2f2;'>รหัสแปลง</td><td style='padding:3px 6px;'>321011010060</td></tr><tr><td style='padding:3px 6px; font-weight:bold; background-color:#f2f2f2;'>กลุ่ม</td><td style='padding:3px 6px;'>กลุ่ม_71</td></tr></table></div>]]></description>
      <styleUrl>#plotStyle</styleUrl>
      <MultiGeometry><Polygon><outerBoundaryIs><LinearRing><coordinates>103.8023966,14.4923701,0 103.8033632,14.4923011,0 103.8029686,14.4898218,0 103.8023520,14.4899198,0 103.8023966,14.4923701,0</coordinates></LinearRing></outerBoundaryIs></Polygon></MultiGeometry>
    </Placemark>
    <Placemark>
      <name>321011011514</name>
      <description><![CDATA[<div style='font-family:Tahoma,sans-serif; font-size:13px;'><h3 style='color:#1565C0; margin:4px 0;'>รหัสแปลง: 321011011514</h3><p style='margin:2px 0;'><b>กลุ่มคิว:</b> 71_001</p><table border='1' style='border-collapse:collapse; border-color:#ccc; width:100%;'><tr><td style='padding:3px 6px; font-weight:bold; background-color:#f2f2f2;'>รหัสกลุ่มคิว</td><td style='padding:3px 6px;'>71/001</td></tr><tr><td style='padding:3px 6px; font-weight:bold; background-color:#f2f2f2;'>รหัสรับเหมา</td><td style='padding:3px 6px;'>733638</td></tr><tr><td style='padding:3px 6px; font-weight:bold; background-color:#f2f2f2;'>ชื่อ-สกุล รับเหมา</td><td style='padding:3px 6px;'>นาย สิทธิชัย ธรรมสุข</td></tr><tr><td style='padding:3px 6px; font-weight:bold; background-color:#f2f2f2;'>นักเกษตร</td><td style='padding:3px 6px;'>7104</td></tr><tr><td style='padding:3px 6px; font-weight:bold; background-color:#f2f2f2;'>ศูนย์</td><td style='padding:3px 6px;'>K2-71</td></tr><tr><td style='padding:3px 6px; font-weight:bold; background-color:#f2f2f2;'>โควตา</td><td style='padding:3px 6px;'>733199</td></tr><tr><td style='padding:3px 6px; font-weight:bold; background-color:#f2f2f2;'>ชาวไร่</td><td style='padding:3px 6px;'>นาย ชิติสรรค์ สุขสาม</td></tr><tr><td style='padding:3px 6px; font-weight:bold; background-color:#f2f2f2;'>ประเภทอ้อย</td><td style='padding:3px 6px;'>ปลายฝน</td></tr><tr><td style='padding:3px 6px; font-weight:bold; background-color:#f2f2f2;'>พื้นที่</td><td style='padding:3px 6px;'>4.81</td></tr><tr><td style='padding:3px 6px; font-weight:bold; background-color:#f2f2f2;'>ตันรวม</td><td style='padding:3px 6px;'>62.53</td></tr><tr><td style='padding:3px 6px; font-weight:bold; background-color:#f2f2f2;'>รหัสแปลง</td><td style='padding:3px 6px;'>321011011514</td></tr><tr><td style='padding:3px 6px; font-weight:bold; background-color:#f2f2f2;'>กลุ่ม</td><td style='padding:3px 6px;'>กลุ่ม_71</td></tr></table></div>]]></description>
      <styleUrl>#plotStyle</styleUrl>
      <MultiGeometry><Polygon><outerBoundaryIs><LinearRing><coordinates>103.7940748,14.5028716,0 103.7940782,14.5028695,0 103.7943579,14.5024123,0 103.7944331,14.5024243,0 103.7944797,14.5022512,0 103.7933302,14.5019327,0 103.7933156,14.5019839,0 103.7934888,14.5020592,0 103.7932593,14.5025634,0 103.7940748,14.5028716,0</coordinates></LinearRing></outerBoundaryIs></Polygon></MultiGeometry>
    </Placemark>
    <Placemark>
      <name>321011021505</name>
      <description><![CDATA[<div style='font-family:Tahoma,sans-serif; font-size:13px;'><h3 style='color:#1565C0; margin:4px 0;'>รหัสแปลง: 321011021505</h3><p style='margin:2px 0;'><b>กลุ่มคิว:</b> 71_001</p><table border='1' style='border-collapse:collapse; border-color:#ccc; width:100%;'><tr><td style='padding:3px 6px; font-weight:bold; background-color:#f2f2f2;'>รหัสกลุ่มคิว</td><td style='padding:3px 6px;'>71/001</td></tr><tr><td style='padding:3px 6px; font-weight:bold; background-color:#f2f2f2;'>รหัสรับเหมา</td><td style='padding:3px 6px;'>733638</td></tr><tr><td style='padding:3px 6px; font-weight:bold; background-color:#f2f2f2;'>ชื่อ-สกุล รับเหมา</td><td style='padding:3px 6px;'>นาย สิทธิชัย ธรรมสุข</td></tr><tr><td style='padding:3px 6px; font-weight:bold; background-color:#f2f2f2;'>นักเกษตร</td><td style='padding:3px 6px;'>7104</td></tr><tr><td style='padding:3px 6px; font-weight:bold; background-color:#f2f2f2;'>ศูนย์</td><td style='padding:3px 6px;'>K2-71</td></tr><tr><td style='padding:3px 6px; font-weight:bold; background-color:#f2f2f2;'>โควตา</td><td style='padding:3px 6px;'>733709</td></tr><tr><td style='padding:3px 6px; font-weight:bold; background-color:#f2f2f2;'>ชาวไร่</td><td style='padding:3px 6px;'>นาย จักรพันธ์ วันไทย</td></tr><tr><td style='padding:3px 6px; font-weight:bold; background-color:#f2f2f2;'>ประเภทอ้อย</td><td style='padding:3px 6px;'>ปลายฝน</td></tr><tr><td style='padding:3px 6px; font-weight:bold; background-color:#f2f2f2;'>พื้นที่</td><td style='padding:3px 6px;'>8.99</td></tr><tr><td style='padding:3px 6px; font-weight:bold; background-color:#f2f2f2;'>ตันรวม</td><td style='padding:3px 6px;'>116.87</td></tr><tr><td style='padding:3px 6px; font-weight:bold; background-color:#f2f2f2;'>รหัสแปลง</td><td style='padding:3px 6px;'>321011021505</td></tr><tr><td style='padding:3px 6px; font-weight:bold; background-color:#f2f2f2;'>กลุ่ม</td><td style='padding:3px 6px;'>กลุ่ม_71</td></tr></table></div>]]></description>
      <styleUrl>#plotStyle</styleUrl>
      <MultiGeometry><Polygon><outerBoundaryIs><LinearRing><coordinates>103.8175533,14.4477883,0 103.8167733,14.4490950,0 103.8168667,14.4494033,0 103.8171974,14.4494425,0 103.8172500,14.4493250,0 103.8172350,14.4493250,0 103.8173150,14.4491333,0 103.8174883,14.4492200,0 103.8177400,14.4485817,0 103.8177800,14.4485933,0 103.8174300,14.4494617,0 103.8175283,14.4494817,0 103.8176133,14.4493083,0 103.8178983,14.4486233,0 103.8179983,14.4483233,0 103.8180267,14.4481917,0 103.8179933,14.4480767,0 103.8178767,14.4479700,0 103.8177543,14.4479337,0 103.8177967,14.4481967,0 103.8176817,14.4484750,0 103.8175383,14.4484483,0 103.8177517,14.4479330,0 103.8176967,14.4479167,0 103.8175533,14.4477883,0</coordinates></LinearRing></outerBoundaryIs></Polygon></MultiGeometry>
    </Placemark>
    <Placemark>
      <name>321011030261</name>
      <description><![CDATA[<div style='font-family:Tahoma,sans-serif; font-size:13px;'><h3 style='color:#1565C0; margin:4px 0;'>รหัสแปลง: 321011030261</h3><p style='margin:2px 0;'><b>กลุ่มคิว:</b> 71_001</p><table border='1' style='border-collapse:collapse; border-color:#ccc; width:100%;'><tr><td style='padding:3px 6px; font-weight:bold; background-color:#f2f2f2;'>รหัสกลุ่มคิว</td><td style='padding:3px 6px;'>71/001</td></tr><tr><td style='padding:3px 6px; font-weight:bold; background-color:#f2f2f2;'>รหัสรับเหมา</td><td style='padding:3px 6px;'>733638</td></tr><tr><td style='padding:3px 6px; font-weight:bold; background-color:#f2f2f2;'>ชื่อ-สกุล รับเหมา</td><td style='padding:3px 6px;'>นาย สิทธิชัย ธรรมสุข</td></tr><tr><td style='padding:3px 6px; font-weight:bold; background-color:#f2f2f2;'>นักเกษตร</td><td style='padding:3px 6px;'>7104</td></tr><tr><td style='padding:3px 6px; font-weight:bold; background-color:#f2f2f2;'>ศูนย์</td><td style='padding:3px 6px;'>K2-71</td></tr><tr><td style='padding:3px 6px; font-weight:bold; background-color:#f2f2f2;'>โควตา</td><td style='padding:3px 6px;'>733661</td></tr><tr><td style='padding:3px 6px; font-weight:bold; background-color:#f2f2f2;'>ชาวไร่</td><td style='padding:3px 6px;'>นาง สอน พิศโฉม</td></tr><tr><td style='padding:3px 6px; font-weight:bold; background-color:#f2f2f2;'>ประเภทอ้อย</td><td style='padding:3px 6px;'>ตอ1</td></tr><tr><td style='padding:3px 6px; font-weight:bold; background-color:#f2f2f2;'>พื้นที่</td><td style='padding:3px 6px;'>3.59</td></tr><tr><td style='padding:3px 6px; font-weight:bold; background-color:#f2f2f2;'>ตันรวม</td><td style='padding:3px 6px;'>32.31</td></tr><tr><td style='padding:3px 6px; font-weight:bold; background-color:#f2f2f2;'>รหัสแปลง</td><td style='padding:3px 6px;'>321011030261</td></tr><tr><td style='padding:3px 6px; font-weight:bold; background-color:#f2f2f2;'>กลุ่ม</td><td style='padding:3px 6px;'>กลุ่ม_71</td></tr></table></div>]]></description>
      <styleUrl>#plotStyle</styleUrl>
      <MultiGeometry><Polygon><outerBoundaryIs><LinearRing><coordinates>103.8175715,14.4807970,0 103.8174002,14.4818096,0 103.8179181,14.4819029,0 103.8180372,14.4810785,0 103.8175715,14.4807970,0</coordinates></LinearRing></outerBoundaryIs></Polygon></MultiGeometry>
    </Placemark>
    <Placemark>
      <name>321011031504</name>
      <description><![CDATA[<div style='font-family:Tahoma,sans-serif; font-size:13px;'><h3 style='color:#1565C0; margin:4px 0;'>รหัสแปลง: 321011031504</h3><p style='margin:2px 0;'><b>กลุ่มคิว:</b> 71_001</p><table border='1' style='border-collapse:collapse; border-color:#ccc; width:100%;'><tr><td style='padding:3px 6px; font-weight:bold; background-color:#f2f2f2;'>รหัสกลุ่มคิว</td><td style='padding:3px 6px;'>71/001</td></tr><tr><td style='padding:3px 6px; font-weight:bold; background-color:#f2f2f2;'>รหัสรับเหมา</td><td style='padding:3px 6px;'>733638</td></tr><tr><td style='padding:3px 6px; font-weight:bold; background-color:#f2f2f2;'>ชื่อ-สกุล รับเหมา</td><td style='padding:3px 6px;'>นาย สิทธิชัย ธรรมสุข</td></tr><tr><td style='padding:3px 6px; font-weight:bold; background-color:#f2f2f2;'>นักเกษตร</td><td style='padding:3px 6px;'>7104</td></tr><tr><td style='padding:3px 6px; font-weight:bold; background-color:#f2f2f2;'>ศูนย์</td><td style='padding:3px 6px;'>K2-71</td></tr><tr><td style='padding:3px 6px; font-weight:bold; background-color:#f2f2f2;'>โควตา</td><td style='padding:3px 6px;'>733661</td></tr><tr><td style='padding:3px 6px; font-weight:bold; background-color:#f2f2f2;'>ชาวไร่</td><td style='padding:3px 6px;'>นาง สอน พิศโฉม</td></tr><tr><td style='padding:3px 6px; font-weight:bold; background-color:#f2f2f2;'>ประเภทอ้อย</td><td style='padding:3px 6px;'>ตอ4</td></tr><tr><td style='padding:3px 6px; font-weight:bold; background-color:#f2f2f2;'>พื้นที่</td><td style='padding:3px 6px;'>3.88</td></tr><tr><td style='padding:3px 6px; font-weight:bold; background-color:#f2f2f2;'>ตันรวม</td><td style='padding:3px 6px;'>27.16</td></tr><tr><td style='padding:3px 6px; font-weight:bold; background-color:#f2f2f2;'>รหัสแปลง</td><td style='padding:3px 6px;'>321011031504</td></tr><tr><td style='padding:3px 6px; font-weight:bold; background-color:#f2f2f2;'>กลุ่ม</td><td style='padding:3px 6px;'>กลุ่ม_71</td></tr></table></div>]]></description>
      <styleUrl>#plotStyle</styleUrl>
      <MultiGeometry><Polygon><outerBoundaryIs><LinearRing><coordinates>103.8177317,14.4808450,0 103.8180633,14.4810300,0 103.8183167,14.4793517,0 103.8180383,14.4793267,0 103.8177317,14.4808450,0</coordinates></LinearRing></outerBoundaryIs></Polygon></MultiGeometry>
    </Placemark>
    <Placemark>
      <name>321011031505</name>
      <description><![CDATA[<div style='font-family:Tahoma,sans-serif; font-size:13px;'><h3 style='color:#1565C0; margin:4px 0;'>รหัสแปลง: 321011031505</h3><p style='margin:2px 0;'><b>กลุ่มคิว:</b> 71_001</p><table border='1' style='border-collapse:collapse; border-color:#ccc; width:100%;'><tr><td style='padding:3px 6px; font-weight:bold; background-color:#f2f2f2;'>รหัสกลุ่มคิว</td><td style='padding:3px 6px;'>71/001</td></tr><tr><td style='padding:3px 6px; font-weight:bold; background-color:#f2f2f2;'>รหัสรับเหมา</td><td style='padding:3px 6px;'>733638</td></tr><tr><td style='padding:3px 6px; font-weight:bold; background-color:#f2f2f2;'>ชื่อ-สกุล รับเหมา</td><td style='padding:3px 6px;'>นาย สิทธิชัย ธรรมสุข</td></tr><tr><td style='padding:3px 6px; font-weight:bold; background-color:#f2f2f2;'>นักเกษตร</td><td style='padding:3px 6px;'>7104</td></tr><tr><td style='padding:3px 6px; font-weight:bold; background-color:#f2f2f2;'>ศูนย์</td><td style='padding:3px 6px;'>K2-71</td></tr><tr><td style='padding:3px 6px; font-weight:bold; background-color:#f2f2f2;'>โควตา</td><td style='padding:3px 6px;'>733661</td></tr><tr><td style='padding:3px 6px; font-weight:bold; background-color:#f2f2f2;'>ชาวไร่</td><td style='padding:3px 6px;'>นาง สอน พิศโฉม</td></tr><tr><td style='padding:3px 6px; font-weight:bold; background-color:#f2f2f2;'>ประเภทอ้อย</td><td style='padding:3px 6px;'>ตอ5</td></tr><tr><td style='padding:3px 6px; font-weight:bold; background-color:#f2f2f2;'>พื้นที่</td><td style='padding:3px 6px;'>9.34</td></tr><tr><td style='padding:3px 6px; font-weight:bold; background-color:#f2f2f2;'>ตันรวม</td><td style='padding:3px 6px;'>65.38</td></tr><tr><td style='padding:3px 6px; font-weight:bold; background-color:#f2f2f2;'>รหัสแปลง</td><td style='padding:3px 6px;'>321011031505</td></tr><tr><td style='padding:3px 6px; font-weight:bold; background-color:#f2f2f2;'>กลุ่ม</td><td style='padding:3px 6px;'>กลุ่ม_71</td></tr></table></div>]]></description>
      <styleUrl>#plotStyle</styleUrl>
      <MultiGeometry><Polygon><outerBoundaryIs><LinearRing><coordinates>103.8180555,14.4810765,0 103.8179247,14.4818953,0 103.8181541,14.4821161,0 103.8182348,14.4820137,0 103.8184052,14.4819859,0 103.8187698,14.4818806,0 103.8188152,14.4818407,0 103.8188838,14.4805110,0 103.8182047,14.4803483,0 103.8180555,14.4810765,0</coordinates></LinearRing></outerBoundaryIs></Polygon></MultiGeometry>
    </Placemark>
    <Placemark>
      <name>321011040036</name>
      <description><![CDATA[<div style='font-family:Tahoma,sans-serif; font-size:13px;'><h3 style='color:#1565C0; margin:4px 0;'>รหัสแปลง: 321011040036</h3><p style='margin:2px 0;'><b>กลุ่มคิว:</b> 71_001</p><table border='1' style='border-collapse:collapse; border-color:#ccc; width:100%;'><tr><td style='padding:3px 6px; font-weight:bold; background-color:#f2f2f2;'>รหัสกลุ่มคิว</td><td style='padding:3px 6px;'>71/001</td></tr><tr><td style='padding:3px 6px; font-weight:bold; background-color:#f2f2f2;'>รหัสรับเหมา</td><td style='padding:3px 6px;'>733638</td></tr><tr><td style='padding:3px 6px; font-weight:bold; background-color:#f2f2f2;'>ชื่อ-สกุล รับเหมา</td><td style='padding:3px 6px;'>นาย สิทธิชัย ธรรมสุข</td></tr><tr><td style='padding:3px 6px; font-weight:bold; background-color:#f2f2f2;'>นักเกษตร</td><td style='padding:3px 6px;'>7104</td></tr><tr><td style='padding:3px 6px; font-weight:bold; background-color:#f2f2f2;'>ศูนย์</td><td style='padding:3px 6px;'>K2-71</td></tr><tr><td style='padding:3px 6px; font-weight:bold; background-color:#f2f2f2;'>โควตา</td><td style='padding:3px 6px;'>774191</td></tr><tr><td style='padding:3px 6px; font-weight:bold; background-color:#f2f2f2;'>ชาวไร่</td><td style='padding:3px 6px;'>นาย บัญชา สามารถ</td></tr><tr><td style='padding:3px 6px; font-weight:bold; background-color:#f2f2f2;'>ประเภทอ้อย</td><td style='padding:3px 6px;'>ตอ1</td></tr><tr><td style='padding:3px 6px; font-weight:bold; background-color:#f2f2f2;'>พื้นที่</td><td style='padding:3px 6px;'>13.49</td></tr><tr><td style='padding:3px 6px; font-weight:bold; background-color:#f2f2f2;'>ตันรวม</td><td style='padding:3px 6px;'>121.41</td></tr><tr><td style='padding:3px 6px; font-weight:bold; background-color:#f2f2f2;'>รหัสแปลง</td><td style='padding:3px 6px;'>321011040036</td></tr><tr><td style='padding:3px 6px; font-weight:bold; background-color:#f2f2f2;'>กลุ่ม</td><td style='padding:3px 6px;'>กลุ่ม_71</td></tr></table></div>]]></description>
      <styleUrl>#plotStyle</styleUrl>
      <MultiGeometry><Polygon><outerBoundaryIs><LinearRing><coordinates>103.8020801,14.4942448,0 103.8020112,14.4924454,0 103.8015736,14.4925237,0 103.8008583,14.4925378,0 103.8006582,14.4932271,0 103.8008112,14.4932767,0 103.8007835,14.4933926,0 103.8007284,14.4934004,0 103.8006891,14.4934486,0 103.8006535,14.4935184,0 103.8005915,14.4936965,0 103.8008690,14.4938583,0 103.8011134,14.4936510,0 103.8011574,14.4936455,0 103.8017419,14.4940279,0 103.8020801,14.4942448,0</coordinates></LinearRing></outerBoundaryIs></Polygon></MultiGeometry>
    </Placemark>
    <Placemark>
      <name>321011101512</name>
      <description><![CDATA[<div style='font-family:Tahoma,sans-serif; font-size:13px;'><h3 style='color:#1565C0; margin:4px 0;'>รหัสแปลง: 321011101512</h3><p style='margin:2px 0;'><b>กลุ่มคิว:</b> 71_001</p><table border='1' style='border-collapse:collapse; border-color:#ccc; width:100%;'><tr><td style='padding:3px 6px; font-weight:bold; background-color:#f2f2f2;'>รหัสกลุ่มคิว</td><td style='padding:3px 6px;'>71/001</td></tr><tr><td style='padding:3px 6px; font-weight:bold; background-color:#f2f2f2;'>รหัสรับเหมา</td><td style='padding:3px 6px;'>733638</td></tr><tr><td style='padding:3px 6px; font-weight:bold; background-color:#f2f2f2;'>ชื่อ-สกุล รับเหมา</td><td style='padding:3px 6px;'>นาย สิทธิชัย ธรรมสุข</td></tr><tr><td style='padding:3px 6px; font-weight:bold; background-color:#f2f2f2;'>นักเกษตร</td><td style='padding:3px 6px;'>7104</td></tr><tr><td style='padding:3px 6px; font-weight:bold; background-color:#f2f2f2;'>ศูนย์</td><td style='padding:3px 6px;'>K2-71</td></tr><tr><td style='padding:3px 6px; font-weight:bold; background-color:#f2f2f2;'>โควตา</td><td style='padding:3px 6px;'>733947</td></tr><tr><td style='padding:3px 6px; font-weight:bold; background-color:#f2f2f2;'>ชาวไร่</td><td style='padding:3px 6px;'>นาย เสริฐ ชาวสวน</td></tr><tr><td style='padding:3px 6px; font-weight:bold; background-color:#f2f2f2;'>ประเภทอ้อย</td><td style='padding:3px 6px;'>ปลายฝน</td></tr><tr><td style='padding:3px 6px; font-weight:bold; background-color:#f2f2f2;'>พื้นที่</td><td style='padding:3px 6px;'>2.21</td></tr><tr><td style='padding:3px 6px; font-weight:bold; background-color:#f2f2f2;'>ตันรวม</td><td style='padding:3px 6px;'>28.73</td></tr><tr><td style='padding:3px 6px; font-weight:bold; background-color:#f2f2f2;'>รหัสแปลง</td><td style='padding:3px 6px;'>321011101512</td></tr><tr><td style='padding:3px 6px; font-weight:bold; background-color:#f2f2f2;'>กลุ่ม</td><td style='padding:3px 6px;'>กลุ่ม_71</td></tr></table></div>]]></description>
      <styleUrl>#plotStyle</styleUrl>
      <MultiGeometry><Polygon><outerBoundaryIs><LinearRing><coordinates>103.8047234,14.5311457,0 103.8051006,14.5311256,0 103.8049904,14.5302507,0 103.8046870,14.5302999,0 103.8047234,14.5311457,0</coordinates></LinearRing></outerBoundaryIs></Polygon></MultiGeometry>
    </Placemark>
    <Placemark>
      <name>321017010025</name>
      <description><![CDATA[<div style='font-family:Tahoma,sans-serif; font-size:13px;'><h3 style='color:#1565C0; margin:4px 0;'>รหัสแปลง: 321017010025</h3><p style='margin:2px 0;'><b>กลุ่มคิว:</b> 71_001</p><table border='1' style='border-collapse:collapse; border-color:#ccc; width:100%;'><tr><td style='padding:3px 6px; font-weight:bold; background-color:#f2f2f2;'>รหัสกลุ่มคิว</td><td style='padding:3px 6px;'>71/001</td></tr><tr><td style='padding:3px 6px; font-weight:bold; background-color:#f2f2f2;'>รหัสรับเหมา</td><td style='padding:3px 6px;'>733638</td></tr><tr><td style='padding:3px 6px; font-weight:bold; background-color:#f2f2f2;'>ชื่อ-สกุล รับเหมา</td><td style='padding:3px 6px;'>นาย สิทธิชัย ธรรมสุข</td></tr><tr><td style='padding:3px 6px; font-weight:bold; background-color:#f2f2f2;'>นักเกษตร</td><td style='padding:3px 6px;'>7104</td></tr><tr><td style='padding:3px 6px; font-weight:bold; background-color:#f2f2f2;'>ศูนย์</td><td style='padding:3px 6px;'>K2-71</td></tr><tr><td style='padding:3px 6px; font-weight:bold; background-color:#f2f2f2;'>โควตา</td><td style='padding:3px 6px;'>730045</td></tr><tr><td style='padding:3px 6px; font-weight:bold; background-color:#f2f2f2;'>ชาวไร่</td><td style='padding:3px 6px;'>จ.ส.ต. ถาวร สุบิน</td></tr><tr><td style='padding:3px 6px; font-weight:bold; background-color:#f2f2f2;'>ประเภทอ้อย</td><td style='padding:3px 6px;'>ตอ1</td></tr><tr><td style='padding:3px 6px; font-weight:bold; background-color:#f2f2f2;'>พื้นที่</td><td style='padding:3px 6px;'>4.7</td></tr><tr><td style='padding:3px 6px; font-weight:bold; background-color:#f2f2f2;'>ตันรวม</td><td style='padding:3px 6px;'>42.3</td></tr><tr><td style='padding:3px 6px; font-weight:bold; background-color:#f2f2f2;'>รหัสแปลง</td><td style='padding:3px 6px;'>321017010025</td></tr><tr><td style='padding:3px 6px; font-weight:bold; background-color:#f2f2f2;'>กลุ่ม</td><td style='padding:3px 6px;'>กลุ่ม_71</td></tr></table></div>]]></description>
      <styleUrl>#plotStyle</styleUrl>
      <MultiGeometry><Polygon><outerBoundaryIs><LinearRing><coordinates>103.8230067,14.4777267,0 103.8225483,14.4788300,0 103.8230500,14.4789717,0 103.8232067,14.4785617,0 103.8233683,14.4785500,0 103.8233517,14.4777250,0 103.8230067,14.4777267,0</coordinates></LinearRing></outerBoundaryIs></Polygon></MultiGeometry>
    </Placemark>
    <Placemark>
      <name>321017010033</name>
      <description><![CDATA[<div style='font-family:Tahoma,sans-serif; font-size:13px;'><h3 style='color:#1565C0; margin:4px 0;'>รหัสแปลง: 321017010033</h3><p style='margin:2px 0;'><b>กลุ่มคิว:</b> 71_001</p><table border='1' style='border-collapse:collapse; border-color:#ccc; width:100%;'><tr><td style='padding:3px 6px; font-weight:bold; background-color:#f2f2f2;'>รหัสกลุ่มคิว</td><td style='padding:3px 6px;'>71/001</td></tr><tr><td style='padding:3px 6px; font-weight:bold; background-color:#f2f2f2;'>รหัสรับเหมา</td><td style='padding:3px 6px;'>733638</td></tr><tr><td style='padding:3px 6px; font-weight:bold; background-color:#f2f2f2;'>ชื่อ-สกุล รับเหมา</td><td style='padding:3px 6px;'>นาย สิทธิชัย ธรรมสุข</td></tr><tr><td style='padding:3px 6px; font-weight:bold; background-color:#f2f2f2;'>นักเกษตร</td><td style='padding:3px 6px;'>7104</td></tr><tr><td style='padding:3px 6px; font-weight:bold; background-color:#f2f2f2;'>ศูนย์</td><td style='padding:3px 6px;'>K2-71</td></tr><tr><td style='padding:3px 6px; font-weight:bold; background-color:#f2f2f2;'>โควตา</td><td style='padding:3px 6px;'>730145</td></tr><tr><td style='padding:3px 6px; font-weight:bold; background-color:#f2f2f2;'>ชาวไร่</td><td style='padding:3px 6px;'>นาย สมพร สุบิน</td></tr><tr><td style='padding:3px 6px; font-weight:bold; background-color:#f2f2f2;'>ประเภทอ้อย</td><td style='padding:3px 6px;'>ตอ1</td></tr><tr><td style='padding:3px 6px; font-weight:bold; background-color:#f2f2f2;'>พื้นที่</td><td style='padding:3px 6px;'>2.12</td></tr><tr><td style='padding:3px 6px; font-weight:bold; background-color:#f2f2f2;'>ตันรวม</td><td style='padding:3px 6px;'>19.08</td></tr><tr><td style='padding:3px 6px; font-weight:bold; background-color:#f2f2f2;'>รหัสแปลง</td><td style='padding:3px 6px;'>321017010033</td></tr><tr><td style='padding:3px 6px; font-weight:bold; background-color:#f2f2f2;'>กลุ่ม</td><td style='padding:3px 6px;'>กลุ่ม_71</td></tr></table></div>]]></description>
      <styleUrl>#plotStyle</styleUrl>
      <MultiGeometry><Polygon><outerBoundaryIs><LinearRing><coordinates>103.8270253,14.4664668,0 103.8273700,14.4664717,0 103.8273417,14.4663850,0 103.8275367,14.4663317,0 103.8272522,14.4656270,0 103.8272460,14.4656444,0 103.8269395,14.4661756,0 103.8270253,14.4664668,0</coordinates></LinearRing></outerBoundaryIs></Polygon></MultiGeometry>
    </Placemark>
    <Placemark>
      <name>321017010151</name>
      <description><![CDATA[<div style='font-family:Tahoma,sans-serif; font-size:13px;'><h3 style='color:#1565C0; margin:4px 0;'>รหัสแปลง: 321017010151</h3><p style='margin:2px 0;'><b>กลุ่มคิว:</b> 71_001</p><table border='1' style='border-collapse:collapse; border-color:#ccc; width:100%;'><tr><td style='padding:3px 6px; font-weight:bold; background-color:#f2f2f2;'>รหัสกลุ่มคิว</td><td style='padding:3px 6px;'>71/001</td></tr><tr><td style='padding:3px 6px; font-weight:bold; background-color:#f2f2f2;'>รหัสรับเหมา</td><td style='padding:3px 6px;'>733638</td></tr><tr><td style='padding:3px 6px; font-weight:bold; background-color:#f2f2f2;'>ชื่อ-สกุล รับเหมา</td><td style='padding:3px 6px;'>นาย สิทธิชัย ธรรมสุข</td></tr><tr><td style='padding:3px 6px; font-weight:bold; background-color:#f2f2f2;'>นักเกษตร</td><td style='padding:3px 6px;'>7104</td></tr><tr><td style='padding:3px 6px; font-weight:bold; background-color:#f2f2f2;'>ศูนย์</td><td style='padding:3px 6px;'>K2-71</td></tr><tr><td style='padding:3px 6px; font-weight:bold; background-color:#f2f2f2;'>โควตา</td><td style='padding:3px 6px;'>730145</td></tr><tr><td style='padding:3px 6px; font-weight:bold; background-color:#f2f2f2;'>ชาวไร่</td><td style='padding:3px 6px;'>นาย สมพร สุบิน</td></tr><tr><td style='padding:3px 6px; font-weight:bold; background-color:#f2f2f2;'>ประเภทอ้อย</td><td style='padding:3px 6px;'>ตอ1</td></tr><tr><td style='padding:3px 6px; font-weight:bold; background-color:#f2f2f2;'>พื้นที่</td><td style='padding:3px 6px;'>1.87</td></tr><tr><td style='padding:3px 6px; font-weight:bold; background-color:#f2f2f2;'>ตันรวม</td><td style='padding:3px 6px;'>16.83</td></tr><tr><td style='padding:3px 6px; font-weight:bold; background-color:#f2f2f2;'>รหัสแปลง</td><td style='padding:3px 6px;'>321017010151</td></tr><tr><td style='padding:3px 6px; font-weight:bold; background-color:#f2f2f2;'>กลุ่ม</td><td style='padding:3px 6px;'>กลุ่ม_71</td></tr></table></div>]]></description>
      <styleUrl>#plotStyle</styleUrl>
      <MultiGeometry><Polygon><outerBoundaryIs><LinearRing><coordinates>103.8261359,14.4661191,0 103.8260068,14.4664097,0 103.8270330,14.4664377,0 103.8269540,14.4661893,0 103.8261359,14.4661191,0</coordinates></LinearRing></outerBoundaryIs></Polygon></MultiGeometry>
    </Placemark>
    <Placemark>
      <name>321017010152</name>
      <description><![CDATA[<div style='font-family:Tahoma,sans-serif; font-size:13px;'><h3 style='color:#1565C0; margin:4px 0;'>รหัสแปลง: 321017010152</h3><p style='margin:2px 0;'><b>กลุ่มคิว:</b> 71_001</p><table border='1' style='border-collapse:collapse; border-color:#ccc; width:100%;'><tr><td style='padding:3px 6px; font-weight:bold; background-color:#f2f2f2;'>รหัสกลุ่มคิว</td><td style='padding:3px 6px;'>71/001</td></tr><tr><td style='padding:3px 6px; font-weight:bold; background-color:#f2f2f2;'>รหัสรับเหมา</td><td style='padding:3px 6px;'>733638</td></tr><tr><td style='padding:3px 6px; font-weight:bold; background-color:#f2f2f2;'>ชื่อ-สกุล รับเหมา</td><td style='padding:3px 6px;'>นาย สิทธิชัย ธรรมสุข</td></tr><tr><td style='padding:3px 6px; font-weight:bold; background-color:#f2f2f2;'>นักเกษตร</td><td style='padding:3px 6px;'>7104</td></tr><tr><td style='padding:3px 6px; font-weight:bold; background-color:#f2f2f2;'>ศูนย์</td><td style='padding:3px 6px;'>K2-71</td></tr><tr><td style='padding:3px 6px; font-weight:bold; background-color:#f2f2f2;'>โควตา</td><td style='padding:3px 6px;'>733978</td></tr><tr><td style='padding:3px 6px; font-weight:bold; background-color:#f2f2f2;'>ชาวไร่</td><td style='padding:3px 6px;'>นาย สุวิทย์ วุฒิยา</td></tr><tr><td style='padding:3px 6px; font-weight:bold; background-color:#f2f2f2;'>ประเภทอ้อย</td><td style='padding:3px 6px;'>ตอ2</td></tr><tr><td style='padding:3px 6px; font-weight:bold; background-color:#f2f2f2;'>พื้นที่</td><td style='padding:3px 6px;'>4.32</td></tr><tr><td style='padding:3px 6px; font-weight:bold; background-color:#f2f2f2;'>ตันรวม</td><td style='padding:3px 6px;'>34.56</td></tr><tr><td style='padding:3px 6px; font-weight:bold; background-color:#f2f2f2;'>รหัสแปลง</td><td style='padding:3px 6px;'>321017010152</td></tr><tr><td style='padding:3px 6px; font-weight:bold; background-color:#f2f2f2;'>กลุ่ม</td><td style='padding:3px 6px;'>กลุ่ม_71</td></tr></table></div>]]></description>
      <styleUrl>#plotStyle</styleUrl>
      <MultiGeometry><Polygon><outerBoundaryIs><LinearRing><coordinates>103.8448933,14.4724483,0 103.8453717,14.4723833,0 103.8453900,14.4713117,0 103.8448317,14.4712917,0 103.8448483,14.4715133,0 103.8448633,14.4718033,0 103.8448783,14.4722050,0 103.8448933,14.4724483,0</coordinates></LinearRing></outerBoundaryIs></Polygon></MultiGeometry>
    </Placemark>
    <Placemark>
      <name>321017010156</name>
      <description><![CDATA[<div style='font-family:Tahoma,sans-serif; font-size:13px;'><h3 style='color:#1565C0; margin:4px 0;'>รหัสแปลง: 321017010156</h3><p style='margin:2px 0;'><b>กลุ่มคิว:</b> 71_001</p><table border='1' style='border-collapse:collapse; border-color:#ccc; width:100%;'><tr><td style='padding:3px 6px; font-weight:bold; background-color:#f2f2f2;'>รหัสกลุ่มคิว</td><td style='padding:3px 6px;'>71/001</td></tr><tr><td style='padding:3px 6px; font-weight:bold; background-color:#f2f2f2;'>รหัสรับเหมา</td><td style='padding:3px 6px;'>733638</td></tr><tr><td style='padding:3px 6px; font-weight:bold; background-color:#f2f2f2;'>ชื่อ-สกุล รับเหมา</td><td style='padding:3px 6px;'>นาย สิทธิชัย ธรรมสุข</td></tr><tr><td style='padding:3px 6px; font-weight:bold; background-color:#f2f2f2;'>นักเกษตร</td><td style='padding:3px 6px;'>7104</td></tr><tr><td style='padding:3px 6px; font-weight:bold; background-color:#f2f2f2;'>ศูนย์</td><td style='padding:3px 6px;'>K2-71</td></tr><tr><td style='padding:3px 6px; font-weight:bold; background-color:#f2f2f2;'>โควตา</td><td style='padding:3px 6px;'>730045</td></tr><tr><td style='padding:3px 6px; font-weight:bold; background-color:#f2f2f2;'>ชาวไร่</td><td style='padding:3px 6px;'>จ.ส.ต. ถาวร สุบิน</td></tr><tr><td style='padding:3px 6px; font-weight:bold; background-color:#f2f2f2;'>ประเภทอ้อย</td><td style='padding:3px 6px;'>ปลายฝน</td></tr><tr><td style='padding:3px 6px; font-weight:bold; background-color:#f2f2f2;'>พื้นที่</td><td style='padding:3px 6px;'>2.59</td></tr><tr><td style='padding:3px 6px; font-weight:bold; background-color:#f2f2f2;'>ตันรวม</td><td style='padding:3px 6px;'>33.67</td></tr><tr><td style='padding:3px 6px; font-weight:bold; background-color:#f2f2f2;'>รหัสแปลง</td><td style='padding:3px 6px;'>321017010156</td></tr><tr><td style='padding:3px 6px; font-weight:bold; background-color:#f2f2f2;'>กลุ่ม</td><td style='padding:3px 6px;'>กลุ่ม_71</td></tr></table></div>]]></description>
      <styleUrl>#plotStyle</styleUrl>
      <MultiGeometry><Polygon><outerBoundaryIs><LinearRing><coordinates>103.8238785,14.4582122,0 103.8238881,14.4578295,0 103.8231689,14.4578301,0 103.8227299,14.4581786,0 103.8238785,14.4582122,0</coordinates></LinearRing></outerBoundaryIs></Polygon></MultiGeometry>
    </Placemark>
    <Placemark>
      <name>321017011555</name>
      <description><![CDATA[<div style='font-family:Tahoma,sans-serif; font-size:13px;'><h3 style='color:#1565C0; margin:4px 0;'>รหัสแปลง: 321017011555</h3><p style='margin:2px 0;'><b>กลุ่มคิว:</b> 71_001</p><table border='1' style='border-collapse:collapse; border-color:#ccc; width:100%;'><tr><td style='padding:3px 6px; font-weight:bold; background-color:#f2f2f2;'>รหัสกลุ่มคิว</td><td style='padding:3px 6px;'>71/001</td></tr><tr><td style='padding:3px 6px; font-weight:bold; background-color:#f2f2f2;'>รหัสรับเหมา</td><td style='padding:3px 6px;'>733638</td></tr><tr><td style='padding:3px 6px; font-weight:bold; background-color:#f2f2f2;'>ชื่อ-สกุล รับเหมา</td><td style='padding:3px 6px;'>นาย สิทธิชัย ธรรมสุข</td></tr><tr><td style='padding:3px 6px; font-weight:bold; background-color:#f2f2f2;'>นักเกษตร</td><td style='padding:3px 6px;'>7104</td></tr><tr><td style='padding:3px 6px; font-weight:bold; background-color:#f2f2f2;'>ศูนย์</td><td style='padding:3px 6px;'>K2-71</td></tr><tr><td style='padding:3px 6px; font-weight:bold; background-color:#f2f2f2;'>โควตา</td><td style='padding:3px 6px;'>733745</td></tr><tr><td style='padding:3px 6px; font-weight:bold; background-color:#f2f2f2;'>ชาวไร่</td><td style='padding:3px 6px;'>นาง อำไพ สุขล้วน</td></tr><tr><td style='padding:3px 6px; font-weight:bold; background-color:#f2f2f2;'>ประเภทอ้อย</td><td style='padding:3px 6px;'>ตอ1</td></tr><tr><td style='padding:3px 6px; font-weight:bold; background-color:#f2f2f2;'>พื้นที่</td><td style='padding:3px 6px;'>8.03</td></tr><tr><td style='padding:3px 6px; font-weight:bold; background-color:#f2f2f2;'>ตันรวม</td><td style='padding:3px 6px;'>72.27</td></tr><tr><td style='padding:3px 6px; font-weight:bold; background-color:#f2f2f2;'>รหัสแปลง</td><td style='padding:3px 6px;'>321017011555</td></tr><tr><td style='padding:3px 6px; font-weight:bold; background-color:#f2f2f2;'>กลุ่ม</td><td style='padding:3px 6px;'>กลุ่ม_71</td></tr></table></div>]]></description>
      <styleUrl>#plotStyle</styleUrl>
      <MultiGeometry><Polygon><outerBoundaryIs><LinearRing><coordinates>103.8788917,14.4967217,0 103.8784167,14.4968250,0 103.8788567,14.4984600,0 103.8796100,14.4987500,0 103.8788917,14.4967217,0</coordinates></LinearRing></outerBoundaryIs></Polygon></MultiGeometry>
    </Placemark>
    <Placemark>
      <name>321017050038</name>
      <description><![CDATA[<div style='font-family:Tahoma,sans-serif; font-size:13px;'><h3 style='color:#1565C0; margin:4px 0;'>รหัสแปลง: 321017050038</h3><p style='margin:2px 0;'><b>กลุ่มคิว:</b> 71_001</p><table border='1' style='border-collapse:collapse; border-color:#ccc; width:100%;'><tr><td style='padding:3px 6px; font-weight:bold; background-color:#f2f2f2;'>รหัสกลุ่มคิว</td><td style='padding:3px 6px;'>71/001</td></tr><tr><td style='padding:3px 6px; font-weight:bold; background-color:#f2f2f2;'>รหัสรับเหมา</td><td style='padding:3px 6px;'>733638</td></tr><tr><td style='padding:3px 6px; font-weight:bold; background-color:#f2f2f2;'>ชื่อ-สกุล รับเหมา</td><td style='padding:3px 6px;'>นาย สิทธิชัย ธรรมสุข</td></tr><tr><td style='padding:3px 6px; font-weight:bold; background-color:#f2f2f2;'>นักเกษตร</td><td style='padding:3px 6px;'>7104</td></tr><tr><td style='padding:3px 6px; font-weight:bold; background-color:#f2f2f2;'>ศูนย์</td><td style='padding:3px 6px;'>K2-71</td></tr><tr><td style='padding:3px 6px; font-weight:bold; background-color:#f2f2f2;'>โควตา</td><td style='padding:3px 6px;'>733064</td></tr><tr><td style='padding:3px 6px; font-weight:bold; background-color:#f2f2f2;'>ชาวไร่</td><td style='padding:3px 6px;'>นางสาว ปาริชาติ สมยิ่ง</td></tr><tr><td style='padding:3px 6px; font-weight:bold; background-color:#f2f2f2;'>ประเภทอ้อย</td><td style='padding:3px 6px;'>ตอ2</td></tr><tr><td style='padding:3px 6px; font-weight:bold; background-color:#f2f2f2;'>พื้นที่</td><td style='padding:3px 6px;'>6.24</td></tr><tr><td style='padding:3px 6px; font-weight:bold; background-color:#f2f2f2;'>ตันรวม</td><td style='padding:3px 6px;'>49.92</td></tr><tr><td style='padding:3px 6px; font-weight:bold; background-color:#f2f2f2;'>รหัสแปลง</td><td style='padding:3px 6px;'>321017050038</td></tr><tr><td style='padding:3px 6px; font-weight:bold; background-color:#f2f2f2;'>กลุ่ม</td><td style='padding:3px 6px;'>กลุ่ม_71</td></tr></table></div>]]></description>
      <styleUrl>#plotStyle</styleUrl>
      <MultiGeometry><Polygon><outerBoundaryIs><LinearRing><coordinates>103.8499833,14.4856917,0 103.8506067,14.4853767,0 103.8502733,14.4842567,0 103.8496300,14.4844683,0 103.8499833,14.4856917,0</coordinates></LinearRing></outerBoundaryIs></Polygon></MultiGeometry>
    </Placemark>
    <Placemark>
      <name>321017050039</name>
      <description><![CDATA[<div style='font-family:Tahoma,sans-serif; font-size:13px;'><h3 style='color:#1565C0; margin:4px 0;'>รหัสแปลง: 321017050039</h3><p style='margin:2px 0;'><b>กลุ่มคิว:</b> 71_001</p><table border='1' style='border-collapse:collapse; border-color:#ccc; width:100%;'><tr><td style='padding:3px 6px; font-weight:bold; background-color:#f2f2f2;'>รหัสกลุ่มคิว</td><td style='padding:3px 6px;'>71/001</td></tr><tr><td style='padding:3px 6px; font-weight:bold; background-color:#f2f2f2;'>รหัสรับเหมา</td><td style='padding:3px 6px;'>733638</td></tr><tr><td style='padding:3px 6px; font-weight:bold; background-color:#f2f2f2;'>ชื่อ-สกุล รับเหมา</td><td style='padding:3px 6px;'>นาย สิทธิชัย ธรรมสุข</td></tr><tr><td style='padding:3px 6px; font-weight:bold; background-color:#f2f2f2;'>นักเกษตร</td><td style='padding:3px 6px;'>7104</td></tr><tr><td style='padding:3px 6px; font-weight:bold; background-color:#f2f2f2;'>ศูนย์</td><td style='padding:3px 6px;'>K2-71</td></tr><tr><td style='padding:3px 6px; font-weight:bold; background-color:#f2f2f2;'>โควตา</td><td style='padding:3px 6px;'>733966</td></tr><tr><td style='padding:3px 6px; font-weight:bold; background-color:#f2f2f2;'>ชาวไร่</td><td style='padding:3px 6px;'>นางสาว งาน สมยิ่ง</td></tr><tr><td style='padding:3px 6px; font-weight:bold; background-color:#f2f2f2;'>ประเภทอ้อย</td><td style='padding:3px 6px;'>ตอ1</td></tr><tr><td style='padding:3px 6px; font-weight:bold; background-color:#f2f2f2;'>พื้นที่</td><td style='padding:3px 6px;'>6.42</td></tr><tr><td style='padding:3px 6px; font-weight:bold; background-color:#f2f2f2;'>ตันรวม</td><td style='padding:3px 6px;'>57.78</td></tr><tr><td style='padding:3px 6px; font-weight:bold; background-color:#f2f2f2;'>รหัสแปลง</td><td style='padding:3px 6px;'>321017050039</td></tr><tr><td style='padding:3px 6px; font-weight:bold; background-color:#f2f2f2;'>กลุ่ม</td><td style='padding:3px 6px;'>กลุ่ม_71</td></tr></table></div>]]></description>
      <styleUrl>#plotStyle</styleUrl>
      <MultiGeometry><Polygon><outerBoundaryIs><LinearRing><coordinates>103.8577983,14.4868517,0 103.8581350,14.4854550,0 103.8577400,14.4853750,0 103.8570233,14.4866633,0 103.8577983,14.4868517,0</coordinates></LinearRing></outerBoundaryIs></Polygon></MultiGeometry>
    </Placemark>
    <Placemark>
      <name>321017051505</name>
      <description><![CDATA[<div style='font-family:Tahoma,sans-serif; font-size:13px;'><h3 style='color:#1565C0; margin:4px 0;'>รหัสแปลง: 321017051505</h3><p style='margin:2px 0;'><b>กลุ่มคิว:</b> 71_001</p><table border='1' style='border-collapse:collapse; border-color:#ccc; width:100%;'><tr><td style='padding:3px 6px; font-weight:bold; background-color:#f2f2f2;'>รหัสกลุ่มคิว</td><td style='padding:3px 6px;'>71/001</td></tr><tr><td style='padding:3px 6px; font-weight:bold; background-color:#f2f2f2;'>รหัสรับเหมา</td><td style='padding:3px 6px;'>733638</td></tr><tr><td style='padding:3px 6px; font-weight:bold; background-color:#f2f2f2;'>ชื่อ-สกุล รับเหมา</td><td style='padding:3px 6px;'>นาย สิทธิชัย ธรรมสุข</td></tr><tr><td style='padding:3px 6px; font-weight:bold; background-color:#f2f2f2;'>นักเกษตร</td><td style='padding:3px 6px;'>7104</td></tr><tr><td style='padding:3px 6px; font-weight:bold; background-color:#f2f2f2;'>ศูนย์</td><td style='padding:3px 6px;'>K2-71</td></tr><tr><td style='padding:3px 6px; font-weight:bold; background-color:#f2f2f2;'>โควตา</td><td style='padding:3px 6px;'>733966</td></tr><tr><td style='padding:3px 6px; font-weight:bold; background-color:#f2f2f2;'>ชาวไร่</td><td style='padding:3px 6px;'>นางสาว งาน สมยิ่ง</td></tr><tr><td style='padding:3px 6px; font-weight:bold; background-color:#f2f2f2;'>ประเภทอ้อย</td><td style='padding:3px 6px;'>ตอ1</td></tr><tr><td style='padding:3px 6px; font-weight:bold; background-color:#f2f2f2;'>พื้นที่</td><td style='padding:3px 6px;'>8.32</td></tr><tr><td style='padding:3px 6px; font-weight:bold; background-color:#f2f2f2;'>ตันรวม</td><td style='padding:3px 6px;'>74.88</td></tr><tr><td style='padding:3px 6px; font-weight:bold; background-color:#f2f2f2;'>รหัสแปลง</td><td style='padding:3px 6px;'>321017051505</td></tr><tr><td style='padding:3px 6px; font-weight:bold; background-color:#f2f2f2;'>กลุ่ม</td><td style='padding:3px 6px;'>กลุ่ม_71</td></tr></table></div>]]></description>
      <styleUrl>#plotStyle</styleUrl>
      <MultiGeometry><Polygon><outerBoundaryIs><LinearRing><coordinates>103.8562867,14.4864667,0 103.8564600,14.4865050,0 103.8569300,14.4866183,0 103.8576417,14.4853583,0 103.8567100,14.4851600,0 103.8562867,14.4864667,0</coordinates></LinearRing></outerBoundaryIs></Polygon></MultiGeometry>
    </Placemark>
    <Placemark>
      <name>321017060165</name>
      <description><![CDATA[<div style='font-family:Tahoma,sans-serif; font-size:13px;'><h3 style='color:#1565C0; margin:4px 0;'>รหัสแปลง: 321017060165</h3><p style='margin:2px 0;'><b>กลุ่มคิว:</b> 71_001</p><table border='1' style='border-collapse:collapse; border-color:#ccc; width:100%;'><tr><td style='padding:3px 6px; font-weight:bold; background-color:#f2f2f2;'>รหัสกลุ่มคิว</td><td style='padding:3px 6px;'>71/001</td></tr><tr><td style='padding:3px 6px; font-weight:bold; background-color:#f2f2f2;'>รหัสรับเหมา</td><td style='padding:3px 6px;'>733638</td></tr><tr><td style='padding:3px 6px; font-weight:bold; background-color:#f2f2f2;'>ชื่อ-สกุล รับเหมา</td><td style='padding:3px 6px;'>นาย สิทธิชัย ธรรมสุข</td></tr><tr><td style='padding:3px 6px; font-weight:bold; background-color:#f2f2f2;'>นักเกษตร</td><td style='padding:3px 6px;'>7104</td></tr><tr><td style='padding:3px 6px; font-weight:bold; background-color:#f2f2f2;'>ศูนย์</td><td style='padding:3px 6px;'>K2-71</td></tr><tr><td style='padding:3px 6px; font-weight:bold; background-color:#f2f2f2;'>โควตา</td><td style='padding:3px 6px;'>733781</td></tr><tr><td style='padding:3px 6px; font-weight:bold; background-color:#f2f2f2;'>ชาวไร่</td><td style='padding:3px 6px;'>นาย พลอย ศรีเจริญ</td></tr><tr><td style='padding:3px 6px; font-weight:bold; background-color:#f2f2f2;'>ประเภทอ้อย</td><td style='padding:3px 6px;'>ปลายฝน</td></tr><tr><td style='padding:3px 6px; font-weight:bold; background-color:#f2f2f2;'>พื้นที่</td><td style='padding:3px 6px;'>10.74</td></tr><tr><td style='padding:3px 6px; font-weight:bold; background-color:#f2f2f2;'>ตันรวม</td><td style='padding:3px 6px;'>139.62</td></tr><tr><td style='padding:3px 6px; font-weight:bold; background-color:#f2f2f2;'>รหัสแปลง</td><td style='padding:3px 6px;'>321017060165</td></tr><tr><td style='padding:3px 6px; font-weight:bold; background-color:#f2f2f2;'>กลุ่ม</td><td style='padding:3px 6px;'>กลุ่ม_71</td></tr></table></div>]]></description>
      <styleUrl>#plotStyle</styleUrl>
      <MultiGeometry><Polygon><outerBoundaryIs><LinearRing><coordinates>103.8796900,14.4786867,0 103.8790000,14.4796267,0 103.8795400,14.4797667,0 103.8806283,14.4797933,0 103.8807583,14.4797300,0 103.8808800,14.4790267,0 103.8796900,14.4786867,0</coordinates></LinearRing></outerBoundaryIs></Polygon></MultiGeometry>
    </Placemark>
    <Placemark>
      <name>321017060179</name>
      <description><![CDATA[<div style='font-family:Tahoma,sans-serif; font-size:13px;'><h3 style='color:#1565C0; margin:4px 0;'>รหัสแปลง: 321017060179</h3><p style='margin:2px 0;'><b>กลุ่มคิว:</b> 71_001</p><table border='1' style='border-collapse:collapse; border-color:#ccc; width:100%;'><tr><td style='padding:3px 6px; font-weight:bold; background-color:#f2f2f2;'>รหัสกลุ่มคิว</td><td style='padding:3px 6px;'>71/001</td></tr><tr><td style='padding:3px 6px; font-weight:bold; background-color:#f2f2f2;'>รหัสรับเหมา</td><td style='padding:3px 6px;'>733638</td></tr><tr><td style='padding:3px 6px; font-weight:bold; background-color:#f2f2f2;'>ชื่อ-สกุล รับเหมา</td><td style='padding:3px 6px;'>นาย สิทธิชัย ธรรมสุข</td></tr><tr><td style='padding:3px 6px; font-weight:bold; background-color:#f2f2f2;'>นักเกษตร</td><td style='padding:3px 6px;'>7104</td></tr><tr><td style='padding:3px 6px; font-weight:bold; background-color:#f2f2f2;'>ศูนย์</td><td style='padding:3px 6px;'>K2-71</td></tr><tr><td style='padding:3px 6px; font-weight:bold; background-color:#f2f2f2;'>โควตา</td><td style='padding:3px 6px;'>730081</td></tr><tr><td style='padding:3px 6px; font-weight:bold; background-color:#f2f2f2;'>ชาวไร่</td><td style='padding:3px 6px;'>นาย เจ็ด มีเหมาะ</td></tr><tr><td style='padding:3px 6px; font-weight:bold; background-color:#f2f2f2;'>ประเภทอ้อย</td><td style='padding:3px 6px;'>ปลายฝน</td></tr><tr><td style='padding:3px 6px; font-weight:bold; background-color:#f2f2f2;'>พื้นที่</td><td style='padding:3px 6px;'>7.33</td></tr><tr><td style='padding:3px 6px; font-weight:bold; background-color:#f2f2f2;'>ตันรวม</td><td style='padding:3px 6px;'>95.29</td></tr><tr><td style='padding:3px 6px; font-weight:bold; background-color:#f2f2f2;'>รหัสแปลง</td><td style='padding:3px 6px;'>321017060179</td></tr><tr><td style='padding:3px 6px; font-weight:bold; background-color:#f2f2f2;'>กลุ่ม</td><td style='padding:3px 6px;'>กลุ่ม_71</td></tr></table></div>]]></description>
      <styleUrl>#plotStyle</styleUrl>
      <MultiGeometry><Polygon><outerBoundaryIs><LinearRing><coordinates>103.8802917,14.4924433,0 103.8808667,14.4926833,0 103.8809967,14.4922300,0 103.8811500,14.4922600,0 103.8812967,14.4913233,0 103.8806000,14.4911650,0 103.8802917,14.4924433,0</coordinates></LinearRing></outerBoundaryIs></Polygon></MultiGeometry>
    </Placemark>
    <Placemark>
      <name>321017060220</name>
      <description><![CDATA[<div style='font-family:Tahoma,sans-serif; font-size:13px;'><h3 style='color:#1565C0; margin:4px 0;'>รหัสแปลง: 321017060220</h3><p style='margin:2px 0;'><b>กลุ่มคิว:</b> 71_001</p><table border='1' style='border-collapse:collapse; border-color:#ccc; width:100%;'><tr><td style='padding:3px 6px; font-weight:bold; background-color:#f2f2f2;'>รหัสกลุ่มคิว</td><td style='padding:3px 6px;'>71/001</td></tr><tr><td style='padding:3px 6px; font-weight:bold; background-color:#f2f2f2;'>รหัสรับเหมา</td><td style='padding:3px 6px;'>733638</td></tr><tr><td style='padding:3px 6px; font-weight:bold; background-color:#f2f2f2;'>ชื่อ-สกุล รับเหมา</td><td style='padding:3px 6px;'>นาย สิทธิชัย ธรรมสุข</td></tr><tr><td style='padding:3px 6px; font-weight:bold; background-color:#f2f2f2;'>นักเกษตร</td><td style='padding:3px 6px;'>7104</td></tr><tr><td style='padding:3px 6px; font-weight:bold; background-color:#f2f2f2;'>ศูนย์</td><td style='padding:3px 6px;'>K2-71</td></tr><tr><td style='padding:3px 6px; font-weight:bold; background-color:#f2f2f2;'>โควตา</td><td style='padding:3px 6px;'>730173</td></tr><tr><td style='padding:3px 6px; font-weight:bold; background-color:#f2f2f2;'>ชาวไร่</td><td style='padding:3px 6px;'>นาย เป็น มีเหมาะ</td></tr><tr><td style='padding:3px 6px; font-weight:bold; background-color:#f2f2f2;'>ประเภทอ้อย</td><td style='padding:3px 6px;'>ตอ2</td></tr><tr><td style='padding:3px 6px; font-weight:bold; background-color:#f2f2f2;'>พื้นที่</td><td style='padding:3px 6px;'>13.71</td></tr><tr><td style='padding:3px 6px; font-weight:bold; background-color:#f2f2f2;'>ตันรวม</td><td style='padding:3px 6px;'>109.68</td></tr><tr><td style='padding:3px 6px; font-weight:bold; background-color:#f2f2f2;'>รหัสแปลง</td><td style='padding:3px 6px;'>321017060220</td></tr><tr><td style='padding:3px 6px; font-weight:bold; background-color:#f2f2f2;'>กลุ่ม</td><td style='padding:3px 6px;'>กลุ่ม_71</td></tr></table></div>]]></description>
      <styleUrl>#plotStyle</styleUrl>
      <MultiGeometry><Polygon><outerBoundaryIs><LinearRing><coordinates>103.8944817,14.4730083,0 103.8942317,14.4729967,0 103.8935195,14.4728492,0 103.8934395,14.4730863,0 103.8932557,14.4730209,0 103.8931209,14.4733792,0 103.8929454,14.4733359,0 103.8925883,14.4743017,0 103.8930983,14.4744783,0 103.8935683,14.4744117,0 103.8937467,14.4739217,0 103.8941233,14.4740667,0 103.8944817,14.4730083,0</coordinates></LinearRing></outerBoundaryIs></Polygon></MultiGeometry>
    </Placemark>
    <Placemark>
      <name>321017060244</name>
      <description><![CDATA[<div style='font-family:Tahoma,sans-serif; font-size:13px;'><h3 style='color:#1565C0; margin:4px 0;'>รหัสแปลง: 321017060244</h3><p style='margin:2px 0;'><b>กลุ่มคิว:</b> 71_001</p><table border='1' style='border-collapse:collapse; border-color:#ccc; width:100%;'><tr><td style='padding:3px 6px; font-weight:bold; background-color:#f2f2f2;'>รหัสกลุ่มคิว</td><td style='padding:3px 6px;'>71/001</td></tr><tr><td style='padding:3px 6px; font-weight:bold; background-color:#f2f2f2;'>รหัสรับเหมา</td><td style='padding:3px 6px;'>733638</td></tr><tr><td style='padding:3px 6px; font-weight:bold; background-color:#f2f2f2;'>ชื่อ-สกุล รับเหมา</td><td style='padding:3px 6px;'>นาย สิทธิชัย ธรรมสุข</td></tr><tr><td style='padding:3px 6px; font-weight:bold; background-color:#f2f2f2;'>นักเกษตร</td><td style='padding:3px 6px;'>7104</td></tr><tr><td style='padding:3px 6px; font-weight:bold; background-color:#f2f2f2;'>ศูนย์</td><td style='padding:3px 6px;'>K2-71</td></tr><tr><td style='padding:3px 6px; font-weight:bold; background-color:#f2f2f2;'>โควตา</td><td style='padding:3px 6px;'>733638</td></tr><tr><td style='padding:3px 6px; font-weight:bold; background-color:#f2f2f2;'>ชาวไร่</td><td style='padding:3px 6px;'>นาย สิทธิชัย ธรรมสุข</td></tr><tr><td style='padding:3px 6px; font-weight:bold; background-color:#f2f2f2;'>ประเภทอ้อย</td><td style='padding:3px 6px;'>ตอ3</td></tr><tr><td style='padding:3px 6px; font-weight:bold; background-color:#f2f2f2;'>พื้นที่</td><td style='padding:3px 6px;'>12.17</td></tr><tr><td style='padding:3px 6px; font-weight:bold; background-color:#f2f2f2;'>ตันรวม</td><td style='padding:3px 6px;'>85.19</td></tr><tr><td style='padding:3px 6px; font-weight:bold; background-color:#f2f2f2;'>รหัสแปลง</td><td style='padding:3px 6px;'>321017060244</td></tr><tr><td style='padding:3px 6px; font-weight:bold; background-color:#f2f2f2;'>กลุ่ม</td><td style='padding:3px 6px;'>กลุ่ม_71</td></tr></table></div>]]></description>
      <styleUrl>#plotStyle</styleUrl>
      <MultiGeometry><Polygon><outerBoundaryIs><LinearRing><coordinates>103.8792119,14.5046829,0 103.8791007,14.5041198,0 103.8788179,14.5041416,0 103.8787657,14.5037079,0 103.8784059,14.5037219,0 103.8773772,14.5040603,0 103.8776393,14.5050255,0 103.8792119,14.5046829,0</coordinates></LinearRing></outerBoundaryIs></Polygon></MultiGeometry>
    </Placemark>
    <Placemark>
      <name>321017060253</name>
      <description><![CDATA[<div style='font-family:Tahoma,sans-serif; font-size:13px;'><h3 style='color:#1565C0; margin:4px 0;'>รหัสแปลง: 321017060253</h3><p style='margin:2px 0;'><b>กลุ่มคิว:</b> 71_001</p><table border='1' style='border-collapse:collapse; border-color:#ccc; width:100%;'><tr><td style='padding:3px 6px; font-weight:bold; background-color:#f2f2f2;'>รหัสกลุ่มคิว</td><td style='padding:3px 6px;'>71/001</td></tr><tr><td style='padding:3px 6px; font-weight:bold; background-color:#f2f2f2;'>รหัสรับเหมา</td><td style='padding:3px 6px;'>733638</td></tr><tr><td style='padding:3px 6px; font-weight:bold; background-color:#f2f2f2;'>ชื่อ-สกุล รับเหมา</td><td style='padding:3px 6px;'>นาย สิทธิชัย ธรรมสุข</td></tr><tr><td style='padding:3px 6px; font-weight:bold; background-color:#f2f2f2;'>นักเกษตร</td><td style='padding:3px 6px;'>7104</td></tr><tr><td style='padding:3px 6px; font-weight:bold; background-color:#f2f2f2;'>ศูนย์</td><td style='padding:3px 6px;'>K2-71</td></tr><tr><td style='padding:3px 6px; font-weight:bold; background-color:#f2f2f2;'>โควตา</td><td style='padding:3px 6px;'>730173</td></tr><tr><td style='padding:3px 6px; font-weight:bold; background-color:#f2f2f2;'>ชาวไร่</td><td style='padding:3px 6px;'>นาย เป็น มีเหมาะ</td></tr><tr><td style='padding:3px 6px; font-weight:bold; background-color:#f2f2f2;'>ประเภทอ้อย</td><td style='padding:3px 6px;'>ปลายฝน</td></tr><tr><td style='padding:3px 6px; font-weight:bold; background-color:#f2f2f2;'>พื้นที่</td><td style='padding:3px 6px;'>5.82</td></tr><tr><td style='padding:3px 6px; font-weight:bold; background-color:#f2f2f2;'>ตันรวม</td><td style='padding:3px 6px;'>75.66</td></tr><tr><td style='padding:3px 6px; font-weight:bold; background-color:#f2f2f2;'>รหัสแปลง</td><td style='padding:3px 6px;'>321017060253</td></tr><tr><td style='padding:3px 6px; font-weight:bold; background-color:#f2f2f2;'>กลุ่ม</td><td style='padding:3px 6px;'>กลุ่ม_71</td></tr></table></div>]]></description>
      <styleUrl>#plotStyle</styleUrl>
      <MultiGeometry><Polygon><outerBoundaryIs><LinearRing><coordinates>103.8884417,14.4767367,0 103.8900733,14.4772617,0 103.8905300,14.4770000,0 103.8884367,14.4763117,0 103.8884417,14.4767367,0</coordinates></LinearRing></outerBoundaryIs></Polygon></MultiGeometry>
    </Placemark>
    <Placemark>
      <name>321017061528</name>
      <description><![CDATA[<div style='font-family:Tahoma,sans-serif; font-size:13px;'><h3 style='color:#1565C0; margin:4px 0;'>รหัสแปลง: 321017061528</h3><p style='margin:2px 0;'><b>กลุ่มคิว:</b> 71_001</p><table border='1' style='border-collapse:collapse; border-color:#ccc; width:100%;'><tr><td style='padding:3px 6px; font-weight:bold; background-color:#f2f2f2;'>รหัสกลุ่มคิว</td><td style='padding:3px 6px;'>71/001</td></tr><tr><td style='padding:3px 6px; font-weight:bold; background-color:#f2f2f2;'>รหัสรับเหมา</td><td style='padding:3px 6px;'>733638</td></tr><tr><td style='padding:3px 6px; font-weight:bold; background-color:#f2f2f2;'>ชื่อ-สกุล รับเหมา</td><td style='padding:3px 6px;'>นาย สิทธิชัย ธรรมสุข</td></tr><tr><td style='padding:3px 6px; font-weight:bold; background-color:#f2f2f2;'>นักเกษตร</td><td style='padding:3px 6px;'>7104</td></tr><tr><td style='padding:3px 6px; font-weight:bold; background-color:#f2f2f2;'>ศูนย์</td><td style='padding:3px 6px;'>K2-71</td></tr><tr><td style='padding:3px 6px; font-weight:bold; background-color:#f2f2f2;'>โควตา</td><td style='padding:3px 6px;'>774215</td></tr><tr><td style='padding:3px 6px; font-weight:bold; background-color:#f2f2f2;'>ชาวไร่</td><td style='padding:3px 6px;'>นาง เบญจพร ชูกลิ่น</td></tr><tr><td style='padding:3px 6px; font-weight:bold; background-color:#f2f2f2;'>ประเภทอ้อย</td><td style='padding:3px 6px;'>ปลายฝน</td></tr><tr><td style='padding:3px 6px; font-weight:bold; background-color:#f2f2f2;'>พื้นที่</td><td style='padding:3px 6px;'>9.84</td></tr><tr><td style='padding:3px 6px; font-weight:bold; background-color:#f2f2f2;'>ตันรวม</td><td style='padding:3px 6px;'>127.92</td></tr><tr><td style='padding:3px 6px; font-weight:bold; background-color:#f2f2f2;'>รหัสแปลง</td><td style='padding:3px 6px;'>321017061528</td></tr><tr><td style='padding:3px 6px; font-weight:bold; background-color:#f2f2f2;'>กลุ่ม</td><td style='padding:3px 6px;'>กลุ่ม_71</td></tr></table></div>]]></description>
      <styleUrl>#plotStyle</styleUrl>
      <MultiGeometry><Polygon><outerBoundaryIs><LinearRing><coordinates>103.8864367,14.4942150,0 103.8888617,14.4943417,0 103.8887867,14.4937483,0 103.8865700,14.4936800,0 103.8864367,14.4942150,0</coordinates></LinearRing></outerBoundaryIs></Polygon></MultiGeometry>
    </Placemark>
    <Placemark>
      <name>321017061539</name>
      <description><![CDATA[<div style='font-family:Tahoma,sans-serif; font-size:13px;'><h3 style='color:#1565C0; margin:4px 0;'>รหัสแปลง: 321017061539</h3><p style='margin:2px 0;'><b>กลุ่มคิว:</b> 71_001</p><table border='1' style='border-collapse:collapse; border-color:#ccc; width:100%;'><tr><td style='padding:3px 6px; font-weight:bold; background-color:#f2f2f2;'>รหัสกลุ่มคิว</td><td style='padding:3px 6px;'>71/001</td></tr><tr><td style='padding:3px 6px; font-weight:bold; background-color:#f2f2f2;'>รหัสรับเหมา</td><td style='padding:3px 6px;'>733638</td></tr><tr><td style='padding:3px 6px; font-weight:bold; background-color:#f2f2f2;'>ชื่อ-สกุล รับเหมา</td><td style='padding:3px 6px;'>นาย สิทธิชัย ธรรมสุข</td></tr><tr><td style='padding:3px 6px; font-weight:bold; background-color:#f2f2f2;'>นักเกษตร</td><td style='padding:3px 6px;'>7104</td></tr><tr><td style='padding:3px 6px; font-weight:bold; background-color:#f2f2f2;'>ศูนย์</td><td style='padding:3px 6px;'>K2-71</td></tr><tr><td style='padding:3px 6px; font-weight:bold; background-color:#f2f2f2;'>โควตา</td><td style='padding:3px 6px;'>733510</td></tr><tr><td style='padding:3px 6px; font-weight:bold; background-color:#f2f2f2;'>ชาวไร่</td><td style='padding:3px 6px;'>นาย สุรัตน์ เหมือนวาจา</td></tr><tr><td style='padding:3px 6px; font-weight:bold; background-color:#f2f2f2;'>ประเภทอ้อย</td><td style='padding:3px 6px;'>ตอ1</td></tr><tr><td style='padding:3px 6px; font-weight:bold; background-color:#f2f2f2;'>พื้นที่</td><td style='padding:3px 6px;'>3.27</td></tr><tr><td style='padding:3px 6px; font-weight:bold; background-color:#f2f2f2;'>ตันรวม</td><td style='padding:3px 6px;'>29.43</td></tr><tr><td style='padding:3px 6px; font-weight:bold; background-color:#f2f2f2;'>รหัสแปลง</td><td style='padding:3px 6px;'>321017061539</td></tr><tr><td style='padding:3px 6px; font-weight:bold; background-color:#f2f2f2;'>กลุ่ม</td><td style='padding:3px 6px;'>กลุ่ม_71</td></tr></table></div>]]></description>
      <styleUrl>#plotStyle</styleUrl>
      <MultiGeometry><Polygon><outerBoundaryIs><LinearRing><coordinates>103.8777550,14.4914450,0 103.8777667,14.4916483,0 103.8792633,14.4920667,0 103.8792533,14.4916833,0 103.8777550,14.4914450,0</coordinates></LinearRing></outerBoundaryIs></Polygon></MultiGeometry>
    </Placemark>
    <Placemark>
      <name>321017061541</name>
      <description><![CDATA[<div style='font-family:Tahoma,sans-serif; font-size:13px;'><h3 style='color:#1565C0; margin:4px 0;'>รหัสแปลง: 321017061541</h3><p style='margin:2px 0;'><b>กลุ่มคิว:</b> 71_001</p><table border='1' style='border-collapse:collapse; border-color:#ccc; width:100%;'><tr><td style='padding:3px 6px; font-weight:bold; background-color:#f2f2f2;'>รหัสกลุ่มคิว</td><td style='padding:3px 6px;'>71/001</td></tr><tr><td style='padding:3px 6px; font-weight:bold; background-color:#f2f2f2;'>รหัสรับเหมา</td><td style='padding:3px 6px;'>733638</td></tr><tr><td style='padding:3px 6px; font-weight:bold; background-color:#f2f2f2;'>ชื่อ-สกุล รับเหมา</td><td style='padding:3px 6px;'>นาย สิทธิชัย ธรรมสุข</td></tr><tr><td style='padding:3px 6px; font-weight:bold; background-color:#f2f2f2;'>นักเกษตร</td><td style='padding:3px 6px;'>7104</td></tr><tr><td style='padding:3px 6px; font-weight:bold; background-color:#f2f2f2;'>ศูนย์</td><td style='padding:3px 6px;'>K2-71</td></tr><tr><td style='padding:3px 6px; font-weight:bold; background-color:#f2f2f2;'>โควตา</td><td style='padding:3px 6px;'>733062</td></tr><tr><td style='padding:3px 6px; font-weight:bold; background-color:#f2f2f2;'>ชาวไร่</td><td style='padding:3px 6px;'>นาย พนม ชาญเชี่ยว</td></tr><tr><td style='padding:3px 6px; font-weight:bold; background-color:#f2f2f2;'>ประเภทอ้อย</td><td style='padding:3px 6px;'>ตอ1</td></tr><tr><td style='padding:3px 6px; font-weight:bold; background-color:#f2f2f2;'>พื้นที่</td><td style='padding:3px 6px;'>6.18</td></tr><tr><td style='padding:3px 6px; font-weight:bold; background-color:#f2f2f2;'>ตันรวม</td><td style='padding:3px 6px;'>55.62</td></tr><tr><td style='padding:3px 6px; font-weight:bold; background-color:#f2f2f2;'>รหัสแปลง</td><td style='padding:3px 6px;'>321017061541</td></tr><tr><td style='padding:3px 6px; font-weight:bold; background-color:#f2f2f2;'>กลุ่ม</td><td style='padding:3px 6px;'>กลุ่ม_71</td></tr></table></div>]]></description>
      <styleUrl>#plotStyle</styleUrl>
      <MultiGeometry><Polygon><outerBoundaryIs><LinearRing><coordinates>103.8878254,14.4915018,0 103.8878246,14.4915028,0 103.8880624,14.4916280,0 103.8881993,14.4916709,0 103.8882293,14.4909249,0 103.8876442,14.4908720,0 103.8867575,14.4909081,0 103.8867696,14.4913378,0 103.8872867,14.4913433,0 103.8873099,14.4914775,0 103.8874861,14.4914696,0 103.8878254,14.4915018,0</coordinates></LinearRing></outerBoundaryIs></Polygon></MultiGeometry>
    </Placemark>
    <Placemark>
      <name>321017061560</name>
      <description><![CDATA[<div style='font-family:Tahoma,sans-serif; font-size:13px;'><h3 style='color:#1565C0; margin:4px 0;'>รหัสแปลง: 321017061560</h3><p style='margin:2px 0;'><b>กลุ่มคิว:</b> 71_001</p><table border='1' style='border-collapse:collapse; border-color:#ccc; width:100%;'><tr><td style='padding:3px 6px; font-weight:bold; background-color:#f2f2f2;'>รหัสกลุ่มคิว</td><td style='padding:3px 6px;'>71/001</td></tr><tr><td style='padding:3px 6px; font-weight:bold; background-color:#f2f2f2;'>รหัสรับเหมา</td><td style='padding:3px 6px;'>733638</td></tr><tr><td style='padding:3px 6px; font-weight:bold; background-color:#f2f2f2;'>ชื่อ-สกุล รับเหมา</td><td style='padding:3px 6px;'>นาย สิทธิชัย ธรรมสุข</td></tr><tr><td style='padding:3px 6px; font-weight:bold; background-color:#f2f2f2;'>นักเกษตร</td><td style='padding:3px 6px;'>7104</td></tr><tr><td style='padding:3px 6px; font-weight:bold; background-color:#f2f2f2;'>ศูนย์</td><td style='padding:3px 6px;'>K2-71</td></tr><tr><td style='padding:3px 6px; font-weight:bold; background-color:#f2f2f2;'>โควตา</td><td style='padding:3px 6px;'>733261</td></tr><tr><td style='padding:3px 6px; font-weight:bold; background-color:#f2f2f2;'>ชาวไร่</td><td style='padding:3px 6px;'>นาง เต็มสิริ สำเริง</td></tr><tr><td style='padding:3px 6px; font-weight:bold; background-color:#f2f2f2;'>ประเภทอ้อย</td><td style='padding:3px 6px;'>ตอ1</td></tr><tr><td style='padding:3px 6px; font-weight:bold; background-color:#f2f2f2;'>พื้นที่</td><td style='padding:3px 6px;'>9.18</td></tr><tr><td style='padding:3px 6px; font-weight:bold; background-color:#f2f2f2;'>ตันรวม</td><td style='padding:3px 6px;'>82.62</td></tr><tr><td style='padding:3px 6px; font-weight:bold; background-color:#f2f2f2;'>รหัสแปลง</td><td style='padding:3px 6px;'>321017061560</td></tr><tr><td style='padding:3px 6px; font-weight:bold; background-color:#f2f2f2;'>กลุ่ม</td><td style='padding:3px 6px;'>กลุ่ม_71</td></tr></table></div>]]></description>
      <styleUrl>#plotStyle</styleUrl>
      <MultiGeometry><Polygon><outerBoundaryIs><LinearRing><coordinates>103.8845570,14.4968200,0 103.8852773,14.4967170,0 103.8863438,14.4964621,0 103.8863202,14.4958673,0 103.8857126,14.4959519,0 103.8844577,14.4961391,0 103.8845570,14.4968200,0</coordinates></LinearRing></outerBoundaryIs></Polygon></MultiGeometry>
    </Placemark>
    <Placemark>
      <name>321017061573</name>
      <description><![CDATA[<div style='font-family:Tahoma,sans-serif; font-size:13px;'><h3 style='color:#1565C0; margin:4px 0;'>รหัสแปลง: 321017061573</h3><p style='margin:2px 0;'><b>กลุ่มคิว:</b> 71_001</p><table border='1' style='border-collapse:collapse; border-color:#ccc; width:100%;'><tr><td style='padding:3px 6px; font-weight:bold; background-color:#f2f2f2;'>รหัสกลุ่มคิว</td><td style='padding:3px 6px;'>71/001</td></tr><tr><td style='padding:3px 6px; font-weight:bold; background-color:#f2f2f2;'>รหัสรับเหมา</td><td style='padding:3px 6px;'>733638</td></tr><tr><td style='padding:3px 6px; font-weight:bold; background-color:#f2f2f2;'>ชื่อ-สกุล รับเหมา</td><td style='padding:3px 6px;'>นาย สิทธิชัย ธรรมสุข</td></tr><tr><td style='padding:3px 6px; font-weight:bold; background-color:#f2f2f2;'>นักเกษตร</td><td style='padding:3px 6px;'>7104</td></tr><tr><td style='padding:3px 6px; font-weight:bold; background-color:#f2f2f2;'>ศูนย์</td><td style='padding:3px 6px;'>K2-71</td></tr><tr><td style='padding:3px 6px; font-weight:bold; background-color:#f2f2f2;'>โควตา</td><td style='padding:3px 6px;'>733259</td></tr><tr><td style='padding:3px 6px; font-weight:bold; background-color:#f2f2f2;'>ชาวไร่</td><td style='padding:3px 6px;'>นาย สิริชัย มีเหมาะ</td></tr><tr><td style='padding:3px 6px; font-weight:bold; background-color:#f2f2f2;'>ประเภทอ้อย</td><td style='padding:3px 6px;'>ตอ1</td></tr><tr><td style='padding:3px 6px; font-weight:bold; background-color:#f2f2f2;'>พื้นที่</td><td style='padding:3px 6px;'>6.46</td></tr><tr><td style='padding:3px 6px; font-weight:bold; background-color:#f2f2f2;'>ตันรวม</td><td style='padding:3px 6px;'>58.14</td></tr><tr><td style='padding:3px 6px; font-weight:bold; background-color:#f2f2f2;'>รหัสแปลง</td><td style='padding:3px 6px;'>321017061573</td></tr><tr><td style='padding:3px 6px; font-weight:bold; background-color:#f2f2f2;'>กลุ่ม</td><td style='padding:3px 6px;'>กลุ่ม_71</td></tr></table></div>]]></description>
      <styleUrl>#plotStyle</styleUrl>
      <MultiGeometry><Polygon><outerBoundaryIs><LinearRing><coordinates>103.8880940,14.4751777,0 103.8876437,14.4750156,0 103.8873325,14.4749277,0 103.8872070,14.4752525,0 103.8869283,14.4756252,0 103.8867918,14.4759331,0 103.8876660,14.4760587,0 103.8880940,14.4751777,0</coordinates></LinearRing></outerBoundaryIs></Polygon></MultiGeometry>
    </Placemark>
    <Placemark>
      <name>321017061591</name>
      <description><![CDATA[<div style='font-family:Tahoma,sans-serif; font-size:13px;'><h3 style='color:#1565C0; margin:4px 0;'>รหัสแปลง: 321017061591</h3><p style='margin:2px 0;'><b>กลุ่มคิว:</b> 71_001</p><table border='1' style='border-collapse:collapse; border-color:#ccc; width:100%;'><tr><td style='padding:3px 6px; font-weight:bold; background-color:#f2f2f2;'>รหัสกลุ่มคิว</td><td style='padding:3px 6px;'>71/001</td></tr><tr><td style='padding:3px 6px; font-weight:bold; background-color:#f2f2f2;'>รหัสรับเหมา</td><td style='padding:3px 6px;'>733638</td></tr><tr><td style='padding:3px 6px; font-weight:bold; background-color:#f2f2f2;'>ชื่อ-สกุล รับเหมา</td><td style='padding:3px 6px;'>นาย สิทธิชัย ธรรมสุข</td></tr><tr><td style='padding:3px 6px; font-weight:bold; background-color:#f2f2f2;'>นักเกษตร</td><td style='padding:3px 6px;'>7104</td></tr><tr><td style='padding:3px 6px; font-weight:bold; background-color:#f2f2f2;'>ศูนย์</td><td style='padding:3px 6px;'>K2-71</td></tr><tr><td style='padding:3px 6px; font-weight:bold; background-color:#f2f2f2;'>โควตา</td><td style='padding:3px 6px;'>733609</td></tr><tr><td style='padding:3px 6px; font-weight:bold; background-color:#f2f2f2;'>ชาวไร่</td><td style='padding:3px 6px;'>นาง แอด สามารถ</td></tr><tr><td style='padding:3px 6px; font-weight:bold; background-color:#f2f2f2;'>ประเภทอ้อย</td><td style='padding:3px 6px;'>ตอ2</td></tr><tr><td style='padding:3px 6px; font-weight:bold; background-color:#f2f2f2;'>พื้นที่</td><td style='padding:3px 6px;'>5.41</td></tr><tr><td style='padding:3px 6px; font-weight:bold; background-color:#f2f2f2;'>ตันรวม</td><td style='padding:3px 6px;'>43.28</td></tr><tr><td style='padding:3px 6px; font-weight:bold; background-color:#f2f2f2;'>รหัสแปลง</td><td style='padding:3px 6px;'>321017061591</td></tr><tr><td style='padding:3px 6px; font-weight:bold; background-color:#f2f2f2;'>กลุ่ม</td><td style='padding:3px 6px;'>กลุ่ม_71</td></tr></table></div>]]></description>
      <styleUrl>#plotStyle</styleUrl>
      <MultiGeometry><Polygon><outerBoundaryIs><LinearRing><coordinates>103.8687729,14.4818080,0 103.8687401,14.4810597,0 103.8686023,14.4810837,0 103.8678639,14.4810270,0 103.8678629,14.4819212,0 103.8687729,14.4818080,0</coordinates></LinearRing></outerBoundaryIs></Polygon></MultiGeometry>
    </Placemark>
    <Placemark>
      <name>321017070103</name>
      <description><![CDATA[<div style='font-family:Tahoma,sans-serif; font-size:13px;'><h3 style='color:#1565C0; margin:4px 0;'>รหัสแปลง: 321017070103</h3><p style='margin:2px 0;'><b>กลุ่มคิว:</b> 71_001</p><table border='1' style='border-collapse:collapse; border-color:#ccc; width:100%;'><tr><td style='padding:3px 6px; font-weight:bold; background-color:#f2f2f2;'>รหัสกลุ่มคิว</td><td style='padding:3px 6px;'>71/001</td></tr><tr><td style='padding:3px 6px; font-weight:bold; background-color:#f2f2f2;'>รหัสรับเหมา</td><td style='padding:3px 6px;'>733638</td></tr><tr><td style='padding:3px 6px; font-weight:bold; background-color:#f2f2f2;'>ชื่อ-สกุล รับเหมา</td><td style='padding:3px 6px;'>นาย สิทธิชัย ธรรมสุข</td></tr><tr><td style='padding:3px 6px; font-weight:bold; background-color:#f2f2f2;'>นักเกษตร</td><td style='padding:3px 6px;'>7104</td></tr><tr><td style='padding:3px 6px; font-weight:bold; background-color:#f2f2f2;'>ศูนย์</td><td style='padding:3px 6px;'>K2-71</td></tr><tr><td style='padding:3px 6px; font-weight:bold; background-color:#f2f2f2;'>โควตา</td><td style='padding:3px 6px;'>733499</td></tr><tr><td style='padding:3px 6px; font-weight:bold; background-color:#f2f2f2;'>ชาวไร่</td><td style='padding:3px 6px;'>นางสาว พรหมพร ยิ่งหาญ</td></tr><tr><td style='padding:3px 6px; font-weight:bold; background-color:#f2f2f2;'>ประเภทอ้อย</td><td style='padding:3px 6px;'>ตอ1</td></tr><tr><td style='padding:3px 6px; font-weight:bold; background-color:#f2f2f2;'>พื้นที่</td><td style='padding:3px 6px;'>0.6</td></tr><tr><td style='padding:3px 6px; font-weight:bold; background-color:#f2f2f2;'>ตันรวม</td><td style='padding:3px 6px;'>5.4</td></tr><tr><td style='padding:3px 6px; font-weight:bold; background-color:#f2f2f2;'>รหัสแปลง</td><td style='padding:3px 6px;'>321017070103</td></tr><tr><td style='padding:3px 6px; font-weight:bold; background-color:#f2f2f2;'>กลุ่ม</td><td style='padding:3px 6px;'>กลุ่ม_71</td></tr></table></div>]]></description>
      <styleUrl>#plotStyle</styleUrl>
      <MultiGeometry><Polygon><outerBoundaryIs><LinearRing><coordinates>103.8854850,14.5109133,0 103.8852867,14.5103500,0 103.8851550,14.5103783,0 103.8853583,14.5109517,0 103.8854850,14.5109133,0</coordinates></LinearRing></outerBoundaryIs></Polygon></MultiGeometry>
    </Placemark>
    <Placemark>
      <name>321017070118</name>
      <description><![CDATA[<div style='font-family:Tahoma,sans-serif; font-size:13px;'><h3 style='color:#1565C0; margin:4px 0;'>รหัสแปลง: 321017070118</h3><p style='margin:2px 0;'><b>กลุ่มคิว:</b> 71_001</p><table border='1' style='border-collapse:collapse; border-color:#ccc; width:100%;'><tr><td style='padding:3px 6px; font-weight:bold; background-color:#f2f2f2;'>รหัสกลุ่มคิว</td><td style='padding:3px 6px;'>71/001</td></tr><tr><td style='padding:3px 6px; font-weight:bold; background-color:#f2f2f2;'>รหัสรับเหมา</td><td style='padding:3px 6px;'>733638</td></tr><tr><td style='padding:3px 6px; font-weight:bold; background-color:#f2f2f2;'>ชื่อ-สกุล รับเหมา</td><td style='padding:3px 6px;'>นาย สิทธิชัย ธรรมสุข</td></tr><tr><td style='padding:3px 6px; font-weight:bold; background-color:#f2f2f2;'>นักเกษตร</td><td style='padding:3px 6px;'>7104</td></tr><tr><td style='padding:3px 6px; font-weight:bold; background-color:#f2f2f2;'>ศูนย์</td><td style='padding:3px 6px;'>K2-71</td></tr><tr><td style='padding:3px 6px; font-weight:bold; background-color:#f2f2f2;'>โควตา</td><td style='padding:3px 6px;'>733855</td></tr><tr><td style='padding:3px 6px; font-weight:bold; background-color:#f2f2f2;'>ชาวไร่</td><td style='padding:3px 6px;'>นาย อ้อม บุญเกื้อ</td></tr><tr><td style='padding:3px 6px; font-weight:bold; background-color:#f2f2f2;'>ประเภทอ้อย</td><td style='padding:3px 6px;'>ตอ4</td></tr><tr><td style='padding:3px 6px; font-weight:bold; background-color:#f2f2f2;'>พื้นที่</td><td style='padding:3px 6px;'>9.34</td></tr><tr><td style='padding:3px 6px; font-weight:bold; background-color:#f2f2f2;'>ตันรวม</td><td style='padding:3px 6px;'>65.38</td></tr><tr><td style='padding:3px 6px; font-weight:bold; background-color:#f2f2f2;'>รหัสแปลง</td><td style='padding:3px 6px;'>321017070118</td></tr><tr><td style='padding:3px 6px; font-weight:bold; background-color:#f2f2f2;'>กลุ่ม</td><td style='padding:3px 6px;'>กลุ่ม_71</td></tr></table></div>]]></description>
      <styleUrl>#plotStyle</styleUrl>
      <MultiGeometry><Polygon><outerBoundaryIs><LinearRing><coordinates>103.8733653,14.5065152,0 103.8721204,14.5066088,0 103.8721226,14.5068454,0 103.8721031,14.5073968,0 103.8722156,14.5074296,0 103.8723389,14.5074703,0 103.8727549,14.5076913,0 103.8731996,14.5078069,0 103.8733653,14.5065152,0</coordinates></LinearRing></outerBoundaryIs></Polygon></MultiGeometry>
    </Placemark>
    <Placemark>
      <name>321017070142</name>
      <description><![CDATA[<div style='font-family:Tahoma,sans-serif; font-size:13px;'><h3 style='color:#1565C0; margin:4px 0;'>รหัสแปลง: 321017070142</h3><p style='margin:2px 0;'><b>กลุ่มคิว:</b> 71_001</p><table border='1' style='border-collapse:collapse; border-color:#ccc; width:100%;'><tr><td style='padding:3px 6px; font-weight:bold; background-color:#f2f2f2;'>รหัสกลุ่มคิว</td><td style='padding:3px 6px;'>71/001</td></tr><tr><td style='padding:3px 6px; font-weight:bold; background-color:#f2f2f2;'>รหัสรับเหมา</td><td style='padding:3px 6px;'>733638</td></tr><tr><td style='padding:3px 6px; font-weight:bold; background-color:#f2f2f2;'>ชื่อ-สกุล รับเหมา</td><td style='padding:3px 6px;'>นาย สิทธิชัย ธรรมสุข</td></tr><tr><td style='padding:3px 6px; font-weight:bold; background-color:#f2f2f2;'>นักเกษตร</td><td style='padding:3px 6px;'>7104</td></tr><tr><td style='padding:3px 6px; font-weight:bold; background-color:#f2f2f2;'>ศูนย์</td><td style='padding:3px 6px;'>K2-71</td></tr><tr><td style='padding:3px 6px; font-weight:bold; background-color:#f2f2f2;'>โควตา</td><td style='padding:3px 6px;'>733474</td></tr><tr><td style='padding:3px 6px; font-weight:bold; background-color:#f2f2f2;'>ชาวไร่</td><td style='padding:3px 6px;'>นาง สังวาล สมสุข</td></tr><tr><td style='padding:3px 6px; font-weight:bold; background-color:#f2f2f2;'>ประเภทอ้อย</td><td style='padding:3px 6px;'>ตอ2</td></tr><tr><td style='padding:3px 6px; font-weight:bold; background-color:#f2f2f2;'>พื้นที่</td><td style='padding:3px 6px;'>6.53</td></tr><tr><td style='padding:3px 6px; font-weight:bold; background-color:#f2f2f2;'>ตันรวม</td><td style='padding:3px 6px;'>52.24</td></tr><tr><td style='padding:3px 6px; font-weight:bold; background-color:#f2f2f2;'>รหัสแปลง</td><td style='padding:3px 6px;'>321017070142</td></tr><tr><td style='padding:3px 6px; font-weight:bold; background-color:#f2f2f2;'>กลุ่ม</td><td style='padding:3px 6px;'>กลุ่ม_71</td></tr></table></div>]]></description>
      <styleUrl>#plotStyle</styleUrl>
      <MultiGeometry><Polygon><outerBoundaryIs><LinearRing><coordinates>103.8736333,14.5000983,0 103.8736783,14.5004317,0 103.8746450,14.5003217,0 103.8750233,14.5003233,0 103.8750217,14.5000750,0 103.8750300,14.4997300,0 103.8742967,14.4997050,0 103.8739667,14.4997450,0 103.8736533,14.4997717,0 103.8736433,14.5000083,0 103.8736333,14.5000983,0</coordinates></LinearRing></outerBoundaryIs></Polygon></MultiGeometry>
    </Placemark>
    <Placemark>
      <name>321017070170</name>
      <description><![CDATA[<div style='font-family:Tahoma,sans-serif; font-size:13px;'><h3 style='color:#1565C0; margin:4px 0;'>รหัสแปลง: 321017070170</h3><p style='margin:2px 0;'><b>กลุ่มคิว:</b> 71_001</p><table border='1' style='border-collapse:collapse; border-color:#ccc; width:100%;'><tr><td style='padding:3px 6px; font-weight:bold; background-color:#f2f2f2;'>รหัสกลุ่มคิว</td><td style='padding:3px 6px;'>71/001</td></tr><tr><td style='padding:3px 6px; font-weight:bold; background-color:#f2f2f2;'>รหัสรับเหมา</td><td style='padding:3px 6px;'>733638</td></tr><tr><td style='padding:3px 6px; font-weight:bold; background-color:#f2f2f2;'>ชื่อ-สกุล รับเหมา</td><td style='padding:3px 6px;'>นาย สิทธิชัย ธรรมสุข</td></tr><tr><td style='padding:3px 6px; font-weight:bold; background-color:#f2f2f2;'>นักเกษตร</td><td style='padding:3px 6px;'>7104</td></tr><tr><td style='padding:3px 6px; font-weight:bold; background-color:#f2f2f2;'>ศูนย์</td><td style='padding:3px 6px;'>K2-71</td></tr><tr><td style='padding:3px 6px; font-weight:bold; background-color:#f2f2f2;'>โควตา</td><td style='padding:3px 6px;'>733709</td></tr><tr><td style='padding:3px 6px; font-weight:bold; background-color:#f2f2f2;'>ชาวไร่</td><td style='padding:3px 6px;'>นาย จักรพันธ์ วันไทย</td></tr><tr><td style='padding:3px 6px; font-weight:bold; background-color:#f2f2f2;'>ประเภทอ้อย</td><td style='padding:3px 6px;'>ตอ2</td></tr><tr><td style='padding:3px 6px; font-weight:bold; background-color:#f2f2f2;'>พื้นที่</td><td style='padding:3px 6px;'>5.7</td></tr><tr><td style='padding:3px 6px; font-weight:bold; background-color:#f2f2f2;'>ตันรวม</td><td style='padding:3px 6px;'>45.6</td></tr><tr><td style='padding:3px 6px; font-weight:bold; background-color:#f2f2f2;'>รหัสแปลง</td><td style='padding:3px 6px;'>321017070170</td></tr><tr><td style='padding:3px 6px; font-weight:bold; background-color:#f2f2f2;'>กลุ่ม</td><td style='padding:3px 6px;'>กลุ่ม_71</td></tr></table></div>]]></description>
      <styleUrl>#plotStyle</styleUrl>
      <MultiGeometry><Polygon><outerBoundaryIs><LinearRing><coordinates>103.8853828,14.5124218,0 103.8856578,14.5137251,0 103.8862294,14.5136951,0 103.8860161,14.5126818,0 103.8859211,14.5123568,0 103.8853828,14.5124218,0</coordinates></LinearRing></outerBoundaryIs></Polygon></MultiGeometry>
    </Placemark>
    <Placemark>
      <name>321017070206</name>
      <description><![CDATA[<div style='font-family:Tahoma,sans-serif; font-size:13px;'><h3 style='color:#1565C0; margin:4px 0;'>รหัสแปลง: 321017070206</h3><p style='margin:2px 0;'><b>กลุ่มคิว:</b> 71_001</p><table border='1' style='border-collapse:collapse; border-color:#ccc; width:100%;'><tr><td style='padding:3px 6px; font-weight:bold; background-color:#f2f2f2;'>รหัสกลุ่มคิว</td><td style='padding:3px 6px;'>71/001</td></tr><tr><td style='padding:3px 6px; font-weight:bold; background-color:#f2f2f2;'>รหัสรับเหมา</td><td style='padding:3px 6px;'>733638</td></tr><tr><td style='padding:3px 6px; font-weight:bold; background-color:#f2f2f2;'>ชื่อ-สกุล รับเหมา</td><td style='padding:3px 6px;'>นาย สิทธิชัย ธรรมสุข</td></tr><tr><td style='padding:3px 6px; font-weight:bold; background-color:#f2f2f2;'>นักเกษตร</td><td style='padding:3px 6px;'>7104</td></tr><tr><td style='padding:3px 6px; font-weight:bold; background-color:#f2f2f2;'>ศูนย์</td><td style='padding:3px 6px;'>K2-71</td></tr><tr><td style='padding:3px 6px; font-weight:bold; background-color:#f2f2f2;'>โควตา</td><td style='padding:3px 6px;'>733638</td></tr><tr><td style='padding:3px 6px; font-weight:bold; background-color:#f2f2f2;'>ชาวไร่</td><td style='padding:3px 6px;'>นาย สิทธิชัย ธรรมสุข</td></tr><tr><td style='padding:3px 6px; font-weight:bold; background-color:#f2f2f2;'>ประเภทอ้อย</td><td style='padding:3px 6px;'>ปลายฝน</td></tr><tr><td style='padding:3px 6px; font-weight:bold; background-color:#f2f2f2;'>พื้นที่</td><td style='padding:3px 6px;'>13.38</td></tr><tr><td style='padding:3px 6px; font-weight:bold; background-color:#f2f2f2;'>ตันรวม</td><td style='padding:3px 6px;'>173.94</td></tr><tr><td style='padding:3px 6px; font-weight:bold; background-color:#f2f2f2;'>รหัสแปลง</td><td style='padding:3px 6px;'>321017070206</td></tr><tr><td style='padding:3px 6px; font-weight:bold; background-color:#f2f2f2;'>กลุ่ม</td><td style='padding:3px 6px;'>กลุ่ม_71</td></tr></table></div>]]></description>
      <styleUrl>#plotStyle</styleUrl>
      <MultiGeometry><Polygon><outerBoundaryIs><LinearRing><coordinates>103.8822483,14.5061000,0 103.8811567,14.5062683,0 103.8813617,14.5079683,0 103.8823417,14.5077500,0 103.8822233,14.5069633,0 103.8824133,14.5069317,0 103.8822483,14.5061000,0</coordinates></LinearRing></outerBoundaryIs></Polygon></MultiGeometry>
    </Placemark>
    <Placemark>
      <name>321017071505</name>
      <description><![CDATA[<div style='font-family:Tahoma,sans-serif; font-size:13px;'><h3 style='color:#1565C0; margin:4px 0;'>รหัสแปลง: 321017071505</h3><p style='margin:2px 0;'><b>กลุ่มคิว:</b> 71_001</p><table border='1' style='border-collapse:collapse; border-color:#ccc; width:100%;'><tr><td style='padding:3px 6px; font-weight:bold; background-color:#f2f2f2;'>รหัสกลุ่มคิว</td><td style='padding:3px 6px;'>71/001</td></tr><tr><td style='padding:3px 6px; font-weight:bold; background-color:#f2f2f2;'>รหัสรับเหมา</td><td style='padding:3px 6px;'>733638</td></tr><tr><td style='padding:3px 6px; font-weight:bold; background-color:#f2f2f2;'>ชื่อ-สกุล รับเหมา</td><td style='padding:3px 6px;'>นาย สิทธิชัย ธรรมสุข</td></tr><tr><td style='padding:3px 6px; font-weight:bold; background-color:#f2f2f2;'>นักเกษตร</td><td style='padding:3px 6px;'>7104</td></tr><tr><td style='padding:3px 6px; font-weight:bold; background-color:#f2f2f2;'>ศูนย์</td><td style='padding:3px 6px;'>K2-71</td></tr><tr><td style='padding:3px 6px; font-weight:bold; background-color:#f2f2f2;'>โควตา</td><td style='padding:3px 6px;'>733745</td></tr><tr><td style='padding:3px 6px; font-weight:bold; background-color:#f2f2f2;'>ชาวไร่</td><td style='padding:3px 6px;'>นาง อำไพ สุขล้วน</td></tr><tr><td style='padding:3px 6px; font-weight:bold; background-color:#f2f2f2;'>ประเภทอ้อย</td><td style='padding:3px 6px;'>ปลายฝน</td></tr><tr><td style='padding:3px 6px; font-weight:bold; background-color:#f2f2f2;'>พื้นที่</td><td style='padding:3px 6px;'>13.72</td></tr><tr><td style='padding:3px 6px; font-weight:bold; background-color:#f2f2f2;'>ตันรวม</td><td style='padding:3px 6px;'>178.36</td></tr><tr><td style='padding:3px 6px; font-weight:bold; background-color:#f2f2f2;'>รหัสแปลง</td><td style='padding:3px 6px;'>321017071505</td></tr><tr><td style='padding:3px 6px; font-weight:bold; background-color:#f2f2f2;'>กลุ่ม</td><td style='padding:3px 6px;'>กลุ่ม_71</td></tr></table></div>]]></description>
      <styleUrl>#plotStyle</styleUrl>
      <MultiGeometry><Polygon><outerBoundaryIs><LinearRing><coordinates>103.8933617,14.5087133,0 103.8937650,14.5099167,0 103.8940200,14.5099650,0 103.8943367,14.5099883,0 103.8950433,14.5097900,0 103.8946067,14.5083767,0 103.8940811,14.5085188,0 103.8941067,14.5086133,0 103.8940600,14.5086350,0 103.8940350,14.5085313,0 103.8933617,14.5087133,0</coordinates></LinearRing></outerBoundaryIs></Polygon></MultiGeometry>
    </Placemark>
    <Placemark>
      <name>321017071508</name>
      <description><![CDATA[<div style='font-family:Tahoma,sans-serif; font-size:13px;'><h3 style='color:#1565C0; margin:4px 0;'>รหัสแปลง: 321017071508</h3><p style='margin:2px 0;'><b>กลุ่มคิว:</b> 71_001</p><table border='1' style='border-collapse:collapse; border-color:#ccc; width:100%;'><tr><td style='padding:3px 6px; font-weight:bold; background-color:#f2f2f2;'>รหัสกลุ่มคิว</td><td style='padding:3px 6px;'>71/001</td></tr><tr><td style='padding:3px 6px; font-weight:bold; background-color:#f2f2f2;'>รหัสรับเหมา</td><td style='padding:3px 6px;'>733638</td></tr><tr><td style='padding:3px 6px; font-weight:bold; background-color:#f2f2f2;'>ชื่อ-สกุล รับเหมา</td><td style='padding:3px 6px;'>นาย สิทธิชัย ธรรมสุข</td></tr><tr><td style='padding:3px 6px; font-weight:bold; background-color:#f2f2f2;'>นักเกษตร</td><td style='padding:3px 6px;'>7104</td></tr><tr><td style='padding:3px 6px; font-weight:bold; background-color:#f2f2f2;'>ศูนย์</td><td style='padding:3px 6px;'>K2-71</td></tr><tr><td style='padding:3px 6px; font-weight:bold; background-color:#f2f2f2;'>โควตา</td><td style='padding:3px 6px;'>730045</td></tr><tr><td style='padding:3px 6px; font-weight:bold; background-color:#f2f2f2;'>ชาวไร่</td><td style='padding:3px 6px;'>จ.ส.ต. ถาวร สุบิน</td></tr><tr><td style='padding:3px 6px; font-weight:bold; background-color:#f2f2f2;'>ประเภทอ้อย</td><td style='padding:3px 6px;'>ตอ2</td></tr><tr><td style='padding:3px 6px; font-weight:bold; background-color:#f2f2f2;'>พื้นที่</td><td style='padding:3px 6px;'>10.66</td></tr><tr><td style='padding:3px 6px; font-weight:bold; background-color:#f2f2f2;'>ตันรวม</td><td style='padding:3px 6px;'>85.28</td></tr><tr><td style='padding:3px 6px; font-weight:bold; background-color:#f2f2f2;'>รหัสแปลง</td><td style='padding:3px 6px;'>321017071508</td></tr><tr><td style='padding:3px 6px; font-weight:bold; background-color:#f2f2f2;'>กลุ่ม</td><td style='padding:3px 6px;'>กลุ่ม_71</td></tr></table></div>]]></description>
      <styleUrl>#plotStyle</styleUrl>
      <MultiGeometry><Polygon><outerBoundaryIs><LinearRing><coordinates>103.8765210,14.5145798,0 103.8767708,14.5144909,0 103.8769772,14.5144425,0 103.8771948,14.5143088,0 103.8775971,14.5140552,0 103.8774596,14.5131177,0 103.8774455,14.5131518,0 103.8772471,14.5131103,0 103.8772307,14.5130940,0 103.8772065,14.5130871,0 103.8771639,14.5130891,0 103.8770787,14.5130915,0 103.8770136,14.5130926,0 103.8769414,14.5130935,0 103.8768353,14.5130822,0 103.8767190,14.5130793,0 103.8763483,14.5130572,0 103.8765210,14.5145798,0</coordinates></LinearRing></outerBoundaryIs></Polygon></MultiGeometry>
    </Placemark>
    <Placemark>
      <name>321017071512</name>
      <description><![CDATA[<div style='font-family:Tahoma,sans-serif; font-size:13px;'><h3 style='color:#1565C0; margin:4px 0;'>รหัสแปลง: 321017071512</h3><p style='margin:2px 0;'><b>กลุ่มคิว:</b> 71_001</p><table border='1' style='border-collapse:collapse; border-color:#ccc; width:100%;'><tr><td style='padding:3px 6px; font-weight:bold; background-color:#f2f2f2;'>รหัสกลุ่มคิว</td><td style='padding:3px 6px;'>71/001</td></tr><tr><td style='padding:3px 6px; font-weight:bold; background-color:#f2f2f2;'>รหัสรับเหมา</td><td style='padding:3px 6px;'>733638</td></tr><tr><td style='padding:3px 6px; font-weight:bold; background-color:#f2f2f2;'>ชื่อ-สกุล รับเหมา</td><td style='padding:3px 6px;'>นาย สิทธิชัย ธรรมสุข</td></tr><tr><td style='padding:3px 6px; font-weight:bold; background-color:#f2f2f2;'>นักเกษตร</td><td style='padding:3px 6px;'>7104</td></tr><tr><td style='padding:3px 6px; font-weight:bold; background-color:#f2f2f2;'>ศูนย์</td><td style='padding:3px 6px;'>K2-71</td></tr><tr><td style='padding:3px 6px; font-weight:bold; background-color:#f2f2f2;'>โควตา</td><td style='padding:3px 6px;'>733797</td></tr><tr><td style='padding:3px 6px; font-weight:bold; background-color:#f2f2f2;'>ชาวไร่</td><td style='padding:3px 6px;'>นาย ชาติ ปุ่มแม่น</td></tr><tr><td style='padding:3px 6px; font-weight:bold; background-color:#f2f2f2;'>ประเภทอ้อย</td><td style='padding:3px 6px;'>ปลายฝน</td></tr><tr><td style='padding:3px 6px; font-weight:bold; background-color:#f2f2f2;'>พื้นที่</td><td style='padding:3px 6px;'>12.65</td></tr><tr><td style='padding:3px 6px; font-weight:bold; background-color:#f2f2f2;'>ตันรวม</td><td style='padding:3px 6px;'>164.45</td></tr><tr><td style='padding:3px 6px; font-weight:bold; background-color:#f2f2f2;'>รหัสแปลง</td><td style='padding:3px 6px;'>321017071512</td></tr><tr><td style='padding:3px 6px; font-weight:bold; background-color:#f2f2f2;'>กลุ่ม</td><td style='padding:3px 6px;'>กลุ่ม_71</td></tr></table></div>]]></description>
      <styleUrl>#plotStyle</styleUrl>
      <MultiGeometry><Polygon><outerBoundaryIs><LinearRing><coordinates>103.8802838,14.5027389,0 103.8804180,14.5005240,0 103.8797175,14.5006257,0 103.8796242,14.5015458,0 103.8795336,14.5018514,0 103.8795127,14.5019581,0 103.8793834,14.5027940,0 103.8796139,14.5027391,0 103.8802838,14.5027389,0</coordinates></LinearRing></outerBoundaryIs></Polygon></MultiGeometry>
    </Placemark>
    <Placemark>
      <name>321017071516</name>
      <description><![CDATA[<div style='font-family:Tahoma,sans-serif; font-size:13px;'><h3 style='color:#1565C0; margin:4px 0;'>รหัสแปลง: 321017071516</h3><p style='margin:2px 0;'><b>กลุ่มคิว:</b> 71_001</p><table border='1' style='border-collapse:collapse; border-color:#ccc; width:100%;'><tr><td style='padding:3px 6px; font-weight:bold; background-color:#f2f2f2;'>รหัสกลุ่มคิว</td><td style='padding:3px 6px;'>71/001</td></tr><tr><td style='padding:3px 6px; font-weight:bold; background-color:#f2f2f2;'>รหัสรับเหมา</td><td style='padding:3px 6px;'>733638</td></tr><tr><td style='padding:3px 6px; font-weight:bold; background-color:#f2f2f2;'>ชื่อ-สกุล รับเหมา</td><td style='padding:3px 6px;'>นาย สิทธิชัย ธรรมสุข</td></tr><tr><td style='padding:3px 6px; font-weight:bold; background-color:#f2f2f2;'>นักเกษตร</td><td style='padding:3px 6px;'>7104</td></tr><tr><td style='padding:3px 6px; font-weight:bold; background-color:#f2f2f2;'>ศูนย์</td><td style='padding:3px 6px;'>K2-71</td></tr><tr><td style='padding:3px 6px; font-weight:bold; background-color:#f2f2f2;'>โควตา</td><td style='padding:3px 6px;'>733372</td></tr><tr><td style='padding:3px 6px; font-weight:bold; background-color:#f2f2f2;'>ชาวไร่</td><td style='padding:3px 6px;'>นาย บุญ มณฑล</td></tr><tr><td style='padding:3px 6px; font-weight:bold; background-color:#f2f2f2;'>ประเภทอ้อย</td><td style='padding:3px 6px;'>ตอ1</td></tr><tr><td style='padding:3px 6px; font-weight:bold; background-color:#f2f2f2;'>พื้นที่</td><td style='padding:3px 6px;'>8.76</td></tr><tr><td style='padding:3px 6px; font-weight:bold; background-color:#f2f2f2;'>ตันรวม</td><td style='padding:3px 6px;'>78.84</td></tr><tr><td style='padding:3px 6px; font-weight:bold; background-color:#f2f2f2;'>รหัสแปลง</td><td style='padding:3px 6px;'>321017071516</td></tr><tr><td style='padding:3px 6px; font-weight:bold; background-color:#f2f2f2;'>กลุ่ม</td><td style='padding:3px 6px;'>กลุ่ม_71</td></tr></table></div>]]></description>
      <styleUrl>#plotStyle</styleUrl>
      <MultiGeometry><Polygon><outerBoundaryIs><LinearRing><coordinates>103.8830183,14.4985383,0 103.8820000,14.4982000,0 103.8818783,14.4992950,0 103.8819217,14.4994267,0 103.8828117,14.4996150,0 103.8830183,14.4985383,0</coordinates></LinearRing></outerBoundaryIs></Polygon></MultiGeometry>
    </Placemark>
    <Placemark>
      <name>321017071519</name>
      <description><![CDATA[<div style='font-family:Tahoma,sans-serif; font-size:13px;'><h3 style='color:#1565C0; margin:4px 0;'>รหัสแปลง: 321017071519</h3><p style='margin:2px 0;'><b>กลุ่มคิว:</b> 71_001</p><table border='1' style='border-collapse:collapse; border-color:#ccc; width:100%;'><tr><td style='padding:3px 6px; font-weight:bold; background-color:#f2f2f2;'>รหัสกลุ่มคิว</td><td style='padding:3px 6px;'>71/001</td></tr><tr><td style='padding:3px 6px; font-weight:bold; background-color:#f2f2f2;'>รหัสรับเหมา</td><td style='padding:3px 6px;'>733638</td></tr><tr><td style='padding:3px 6px; font-weight:bold; background-color:#f2f2f2;'>ชื่อ-สกุล รับเหมา</td><td style='padding:3px 6px;'>นาย สิทธิชัย ธรรมสุข</td></tr><tr><td style='padding:3px 6px; font-weight:bold; background-color:#f2f2f2;'>นักเกษตร</td><td style='padding:3px 6px;'>7104</td></tr><tr><td style='padding:3px 6px; font-weight:bold; background-color:#f2f2f2;'>ศูนย์</td><td style='padding:3px 6px;'>K2-71</td></tr><tr><td style='padding:3px 6px; font-weight:bold; background-color:#f2f2f2;'>โควตา</td><td style='padding:3px 6px;'>733474</td></tr><tr><td style='padding:3px 6px; font-weight:bold; background-color:#f2f2f2;'>ชาวไร่</td><td style='padding:3px 6px;'>นาง สังวาล สมสุข</td></tr><tr><td style='padding:3px 6px; font-weight:bold; background-color:#f2f2f2;'>ประเภทอ้อย</td><td style='padding:3px 6px;'>ปลายฝน</td></tr><tr><td style='padding:3px 6px; font-weight:bold; background-color:#f2f2f2;'>พื้นที่</td><td style='padding:3px 6px;'>6.49</td></tr><tr><td style='padding:3px 6px; font-weight:bold; background-color:#f2f2f2;'>ตันรวม</td><td style='padding:3px 6px;'>84.37</td></tr><tr><td style='padding:3px 6px; font-weight:bold; background-color:#f2f2f2;'>รหัสแปลง</td><td style='padding:3px 6px;'>321017071519</td></tr><tr><td style='padding:3px 6px; font-weight:bold; background-color:#f2f2f2;'>กลุ่ม</td><td style='padding:3px 6px;'>กลุ่ม_71</td></tr></table></div>]]></description>
      <styleUrl>#plotStyle</styleUrl>
      <MultiGeometry><Polygon><outerBoundaryIs><LinearRing><coordinates>103.8728967,14.4983750,0 103.8725617,14.4986633,0 103.8722633,14.4988039,0 103.8723217,14.4998973,0 103.8729883,14.4999617,0 103.8728967,14.4983750,0</coordinates></LinearRing></outerBoundaryIs></Polygon></MultiGeometry>
    </Placemark>
    <Placemark>
      <name>321017071536</name>
      <description><![CDATA[<div style='font-family:Tahoma,sans-serif; font-size:13px;'><h3 style='color:#1565C0; margin:4px 0;'>รหัสแปลง: 321017071536</h3><p style='margin:2px 0;'><b>กลุ่มคิว:</b> 71_001</p><table border='1' style='border-collapse:collapse; border-color:#ccc; width:100%;'><tr><td style='padding:3px 6px; font-weight:bold; background-color:#f2f2f2;'>รหัสกลุ่มคิว</td><td style='padding:3px 6px;'>71/001</td></tr><tr><td style='padding:3px 6px; font-weight:bold; background-color:#f2f2f2;'>รหัสรับเหมา</td><td style='padding:3px 6px;'>733638</td></tr><tr><td style='padding:3px 6px; font-weight:bold; background-color:#f2f2f2;'>ชื่อ-สกุล รับเหมา</td><td style='padding:3px 6px;'>นาย สิทธิชัย ธรรมสุข</td></tr><tr><td style='padding:3px 6px; font-weight:bold; background-color:#f2f2f2;'>นักเกษตร</td><td style='padding:3px 6px;'>7104</td></tr><tr><td style='padding:3px 6px; font-weight:bold; background-color:#f2f2f2;'>ศูนย์</td><td style='padding:3px 6px;'>K2-71</td></tr><tr><td style='padding:3px 6px; font-weight:bold; background-color:#f2f2f2;'>โควตา</td><td style='padding:3px 6px;'>733260</td></tr><tr><td style='padding:3px 6px; font-weight:bold; background-color:#f2f2f2;'>ชาวไร่</td><td style='padding:3px 6px;'>นาย สวัสดิ์ ปุ่มแม่น</td></tr><tr><td style='padding:3px 6px; font-weight:bold; background-color:#f2f2f2;'>ประเภทอ้อย</td><td style='padding:3px 6px;'>ปลายฝน</td></tr><tr><td style='padding:3px 6px; font-weight:bold; background-color:#f2f2f2;'>พื้นที่</td><td style='padding:3px 6px;'>8.18</td></tr><tr><td style='padding:3px 6px; font-weight:bold; background-color:#f2f2f2;'>ตันรวม</td><td style='padding:3px 6px;'>106.34</td></tr><tr><td style='padding:3px 6px; font-weight:bold; background-color:#f2f2f2;'>รหัสแปลง</td><td style='padding:3px 6px;'>321017071536</td></tr><tr><td style='padding:3px 6px; font-weight:bold; background-color:#f2f2f2;'>กลุ่ม</td><td style='padding:3px 6px;'>กลุ่ม_71</td></tr></table></div>]]></description>
      <styleUrl>#plotStyle</styleUrl>
      <MultiGeometry><Polygon><outerBoundaryIs><LinearRing><coordinates>103.8749550,14.5217950,0 103.8749683,14.5210367,0 103.8737264,14.5206742,0 103.8735960,14.5209161,0 103.8736550,14.5209600,0 103.8738400,14.5214783,0 103.8738950,14.5215767,0 103.8739533,14.5217500,0 103.8749550,14.5217950,0</coordinates></LinearRing></outerBoundaryIs></Polygon></MultiGeometry>
    </Placemark>
    <Placemark>
      <name>321017071542</name>
      <description><![CDATA[<div style='font-family:Tahoma,sans-serif; font-size:13px;'><h3 style='color:#1565C0; margin:4px 0;'>รหัสแปลง: 321017071542</h3><p style='margin:2px 0;'><b>กลุ่มคิว:</b> 71_001</p><table border='1' style='border-collapse:collapse; border-color:#ccc; width:100%;'><tr><td style='padding:3px 6px; font-weight:bold; background-color:#f2f2f2;'>รหัสกลุ่มคิว</td><td style='padding:3px 6px;'>71/001</td></tr><tr><td style='padding:3px 6px; font-weight:bold; background-color:#f2f2f2;'>รหัสรับเหมา</td><td style='padding:3px 6px;'>733638</td></tr><tr><td style='padding:3px 6px; font-weight:bold; background-color:#f2f2f2;'>ชื่อ-สกุล รับเหมา</td><td style='padding:3px 6px;'>นาย สิทธิชัย ธรรมสุข</td></tr><tr><td style='padding:3px 6px; font-weight:bold; background-color:#f2f2f2;'>นักเกษตร</td><td style='padding:3px 6px;'>7104</td></tr><tr><td style='padding:3px 6px; font-weight:bold; background-color:#f2f2f2;'>ศูนย์</td><td style='padding:3px 6px;'>K2-71</td></tr><tr><td style='padding:3px 6px; font-weight:bold; background-color:#f2f2f2;'>โควตา</td><td style='padding:3px 6px;'>733260</td></tr><tr><td style='padding:3px 6px; font-weight:bold; background-color:#f2f2f2;'>ชาวไร่</td><td style='padding:3px 6px;'>นาย สวัสดิ์ ปุ่มแม่น</td></tr><tr><td style='padding:3px 6px; font-weight:bold; background-color:#f2f2f2;'>ประเภทอ้อย</td><td style='padding:3px 6px;'>ตอ2</td></tr><tr><td style='padding:3px 6px; font-weight:bold; background-color:#f2f2f2;'>พื้นที่</td><td style='padding:3px 6px;'>6.62</td></tr><tr><td style='padding:3px 6px; font-weight:bold; background-color:#f2f2f2;'>ตันรวม</td><td style='padding:3px 6px;'>52.96</td></tr><tr><td style='padding:3px 6px; font-weight:bold; background-color:#f2f2f2;'>รหัสแปลง</td><td style='padding:3px 6px;'>321017071542</td></tr><tr><td style='padding:3px 6px; font-weight:bold; background-color:#f2f2f2;'>กลุ่ม</td><td style='padding:3px 6px;'>กลุ่ม_71</td></tr></table></div>]]></description>
      <styleUrl>#plotStyle</styleUrl>
      <MultiGeometry><Polygon><outerBoundaryIs><LinearRing><coordinates>103.8531100,14.5122850,0 103.8539117,14.5115883,0 103.8546117,14.5115017,0 103.8545750,14.5111633,0 103.8528383,14.5114267,0 103.8529400,14.5120550,0 103.8531100,14.5122850,0</coordinates></LinearRing></outerBoundaryIs></Polygon></MultiGeometry>
    </Placemark>
    <Placemark>
      <name>321017121514</name>
      <description><![CDATA[<div style='font-family:Tahoma,sans-serif; font-size:13px;'><h3 style='color:#1565C0; margin:4px 0;'>รหัสแปลง: 321017121514</h3><p style='margin:2px 0;'><b>กลุ่มคิว:</b> 71_001</p><table border='1' style='border-collapse:collapse; border-color:#ccc; width:100%;'><tr><td style='padding:3px 6px; font-weight:bold; background-color:#f2f2f2;'>รหัสกลุ่มคิว</td><td style='padding:3px 6px;'>71/001</td></tr><tr><td style='padding:3px 6px; font-weight:bold; background-color:#f2f2f2;'>รหัสรับเหมา</td><td style='padding:3px 6px;'>733638</td></tr><tr><td style='padding:3px 6px; font-weight:bold; background-color:#f2f2f2;'>ชื่อ-สกุล รับเหมา</td><td style='padding:3px 6px;'>นาย สิทธิชัย ธรรมสุข</td></tr><tr><td style='padding:3px 6px; font-weight:bold; background-color:#f2f2f2;'>นักเกษตร</td><td style='padding:3px 6px;'>7104</td></tr><tr><td style='padding:3px 6px; font-weight:bold; background-color:#f2f2f2;'>ศูนย์</td><td style='padding:3px 6px;'>K2-71</td></tr><tr><td style='padding:3px 6px; font-weight:bold; background-color:#f2f2f2;'>โควตา</td><td style='padding:3px 6px;'>733916</td></tr><tr><td style='padding:3px 6px; font-weight:bold; background-color:#f2f2f2;'>ชาวไร่</td><td style='padding:3px 6px;'>นางสาว จินตรา สามกุล</td></tr><tr><td style='padding:3px 6px; font-weight:bold; background-color:#f2f2f2;'>ประเภทอ้อย</td><td style='padding:3px 6px;'>ตอ1</td></tr><tr><td style='padding:3px 6px; font-weight:bold; background-color:#f2f2f2;'>พื้นที่</td><td style='padding:3px 6px;'>2.05</td></tr><tr><td style='padding:3px 6px; font-weight:bold; background-color:#f2f2f2;'>ตันรวม</td><td style='padding:3px 6px;'>18.45</td></tr><tr><td style='padding:3px 6px; font-weight:bold; background-color:#f2f2f2;'>รหัสแปลง</td><td style='padding:3px 6px;'>321017121514</td></tr><tr><td style='padding:3px 6px; font-weight:bold; background-color:#f2f2f2;'>กลุ่ม</td><td style='padding:3px 6px;'>กลุ่ม_71</td></tr></table></div>]]></description>
      <styleUrl>#plotStyle</styleUrl>
      <MultiGeometry><Polygon><outerBoundaryIs><LinearRing><coordinates>103.8330121,14.4830287,0 103.8332155,14.4828952,0 103.8329425,14.4823502,0 103.8328197,14.4820516,0 103.8324806,14.4820769,0 103.8330121,14.4830287,0</coordinates></LinearRing></outerBoundaryIs></Polygon></MultiGeometry>
    </Placemark>
    <Placemark>
      <name>321305040017</name>
      <description><![CDATA[<div style='font-family:Tahoma,sans-serif; font-size:13px;'><h3 style='color:#1565C0; margin:4px 0;'>รหัสแปลง: 321305040017</h3><p style='margin:2px 0;'><b>กลุ่มคิว:</b> 71_001</p><table border='1' style='border-collapse:collapse; border-color:#ccc; width:100%;'><tr><td style='padding:3px 6px; font-weight:bold; background-color:#f2f2f2;'>รหัสกลุ่มคิว</td><td style='padding:3px 6px;'>71/001</td></tr><tr><td style='padding:3px 6px; font-weight:bold; background-color:#f2f2f2;'>รหัสรับเหมา</td><td style='padding:3px 6px;'>733638</td></tr><tr><td style='padding:3px 6px; font-weight:bold; background-color:#f2f2f2;'>ชื่อ-สกุล รับเหมา</td><td style='padding:3px 6px;'>นาย สิทธิชัย ธรรมสุข</td></tr><tr><td style='padding:3px 6px; font-weight:bold; background-color:#f2f2f2;'>นักเกษตร</td><td style='padding:3px 6px;'>7104</td></tr><tr><td style='padding:3px 6px; font-weight:bold; background-color:#f2f2f2;'>ศูนย์</td><td style='padding:3px 6px;'>K2-71</td></tr><tr><td style='padding:3px 6px; font-weight:bold; background-color:#f2f2f2;'>โควตา</td><td style='padding:3px 6px;'>771120</td></tr><tr><td style='padding:3px 6px; font-weight:bold; background-color:#f2f2f2;'>ชาวไร่</td><td style='padding:3px 6px;'>นางสาว อุไรวรรณ์ แก้วสว่าง</td></tr><tr><td style='padding:3px 6px; font-weight:bold; background-color:#f2f2f2;'>ประเภทอ้อย</td><td style='padding:3px 6px;'>ตอ1</td></tr><tr><td style='padding:3px 6px; font-weight:bold; background-color:#f2f2f2;'>พื้นที่</td><td style='padding:3px 6px;'>10.99</td></tr><tr><td style='padding:3px 6px; font-weight:bold; background-color:#f2f2f2;'>ตันรวม</td><td style='padding:3px 6px;'>98.91</td></tr><tr><td style='padding:3px 6px; font-weight:bold; background-color:#f2f2f2;'>รหัสแปลง</td><td style='padding:3px 6px;'>321305040017</td></tr><tr><td style='padding:3px 6px; font-weight:bold; background-color:#f2f2f2;'>กลุ่ม</td><td style='padding:3px 6px;'>กลุ่ม_71</td></tr></table></div>]]></description>
      <styleUrl>#plotStyle</styleUrl>
      <MultiGeometry><Polygon><outerBoundaryIs><LinearRing><coordinates>103.8976800,14.4736550,0 103.8978271,14.4735916,0 103.8977831,14.4733449,0 103.8978988,14.4733257,0 103.8978971,14.4734142,0 103.8979851,14.4734360,0 103.8980188,14.4734692,0 103.8980176,14.4735095,0 103.8980317,14.4735034,0 103.8982591,14.4733842,0 103.8984163,14.4732974,0 103.8985525,14.4732588,0 103.8987954,14.4732871,0 103.8991500,14.4732933,0 103.8991600,14.4727700,0 103.8984067,14.4723367,0 103.8982233,14.4722133,0 103.8979067,14.4721550,0 103.8979267,14.4723217,0 103.8975850,14.4723883,0 103.8976800,14.4736550,0</coordinates></LinearRing></outerBoundaryIs></Polygon></MultiGeometry>
    </Placemark>
    <Placemark>
      <name>321305040202</name>
      <description><![CDATA[<div style='font-family:Tahoma,sans-serif; font-size:13px;'><h3 style='color:#1565C0; margin:4px 0;'>รหัสแปลง: 321305040202</h3><p style='margin:2px 0;'><b>กลุ่มคิว:</b> 71_001</p><table border='1' style='border-collapse:collapse; border-color:#ccc; width:100%;'><tr><td style='padding:3px 6px; font-weight:bold; background-color:#f2f2f2;'>รหัสกลุ่มคิว</td><td style='padding:3px 6px;'>71/001</td></tr><tr><td style='padding:3px 6px; font-weight:bold; background-color:#f2f2f2;'>รหัสรับเหมา</td><td style='padding:3px 6px;'>733638</td></tr><tr><td style='padding:3px 6px; font-weight:bold; background-color:#f2f2f2;'>ชื่อ-สกุล รับเหมา</td><td style='padding:3px 6px;'>นาย สิทธิชัย ธรรมสุข</td></tr><tr><td style='padding:3px 6px; font-weight:bold; background-color:#f2f2f2;'>นักเกษตร</td><td style='padding:3px 6px;'>7104</td></tr><tr><td style='padding:3px 6px; font-weight:bold; background-color:#f2f2f2;'>ศูนย์</td><td style='padding:3px 6px;'>K2-71</td></tr><tr><td style='padding:3px 6px; font-weight:bold; background-color:#f2f2f2;'>โควตา</td><td style='padding:3px 6px;'>771120</td></tr><tr><td style='padding:3px 6px; font-weight:bold; background-color:#f2f2f2;'>ชาวไร่</td><td style='padding:3px 6px;'>นางสาว อุไรวรรณ์ แก้วสว่าง</td></tr><tr><td style='padding:3px 6px; font-weight:bold; background-color:#f2f2f2;'>ประเภทอ้อย</td><td style='padding:3px 6px;'>ปลายฝน</td></tr><tr><td style='padding:3px 6px; font-weight:bold; background-color:#f2f2f2;'>พื้นที่</td><td style='padding:3px 6px;'>10.89</td></tr><tr><td style='padding:3px 6px; font-weight:bold; background-color:#f2f2f2;'>ตันรวม</td><td style='padding:3px 6px;'>141.57</td></tr><tr><td style='padding:3px 6px; font-weight:bold; background-color:#f2f2f2;'>รหัสแปลง</td><td style='padding:3px 6px;'>321305040202</td></tr><tr><td style='padding:3px 6px; font-weight:bold; background-color:#f2f2f2;'>กลุ่ม</td><td style='padding:3px 6px;'>กลุ่ม_71</td></tr></table></div>]]></description>
      <styleUrl>#plotStyle</styleUrl>
      <MultiGeometry><Polygon><outerBoundaryIs><LinearRing><coordinates>103.8968559,14.4738192,0 103.8967319,14.4714824,0 103.8960881,14.4714785,0 103.8962935,14.4739442,0 103.8964432,14.4738873,0 103.8968559,14.4738192,0</coordinates></LinearRing></outerBoundaryIs></Polygon></MultiGeometry>
    </Placemark>
    <Placemark>
      <name>321305040272</name>
      <description><![CDATA[<div style='font-family:Tahoma,sans-serif; font-size:13px;'><h3 style='color:#1565C0; margin:4px 0;'>รหัสแปลง: 321305040272</h3><p style='margin:2px 0;'><b>กลุ่มคิว:</b> 71_001</p><table border='1' style='border-collapse:collapse; border-color:#ccc; width:100%;'><tr><td style='padding:3px 6px; font-weight:bold; background-color:#f2f2f2;'>รหัสกลุ่มคิว</td><td style='padding:3px 6px;'>71/001</td></tr><tr><td style='padding:3px 6px; font-weight:bold; background-color:#f2f2f2;'>รหัสรับเหมา</td><td style='padding:3px 6px;'>733638</td></tr><tr><td style='padding:3px 6px; font-weight:bold; background-color:#f2f2f2;'>ชื่อ-สกุล รับเหมา</td><td style='padding:3px 6px;'>นาย สิทธิชัย ธรรมสุข</td></tr><tr><td style='padding:3px 6px; font-weight:bold; background-color:#f2f2f2;'>นักเกษตร</td><td style='padding:3px 6px;'>7104</td></tr><tr><td style='padding:3px 6px; font-weight:bold; background-color:#f2f2f2;'>ศูนย์</td><td style='padding:3px 6px;'>K2-71</td></tr><tr><td style='padding:3px 6px; font-weight:bold; background-color:#f2f2f2;'>โควตา</td><td style='padding:3px 6px;'>733736</td></tr><tr><td style='padding:3px 6px; font-weight:bold; background-color:#f2f2f2;'>ชาวไร่</td><td style='padding:3px 6px;'>นาย เป็ด สืบศรี</td></tr><tr><td style='padding:3px 6px; font-weight:bold; background-color:#f2f2f2;'>ประเภทอ้อย</td><td style='padding:3px 6px;'>ปลายฝน</td></tr><tr><td style='padding:3px 6px; font-weight:bold; background-color:#f2f2f2;'>พื้นที่</td><td style='padding:3px 6px;'>20.95</td></tr><tr><td style='padding:3px 6px; font-weight:bold; background-color:#f2f2f2;'>ตันรวม</td><td style='padding:3px 6px;'>272.35</td></tr><tr><td style='padding:3px 6px; font-weight:bold; background-color:#f2f2f2;'>รหัสแปลง</td><td style='padding:3px 6px;'>321305040272</td></tr><tr><td style='padding:3px 6px; font-weight:bold; background-color:#f2f2f2;'>กลุ่ม</td><td style='padding:3px 6px;'>กลุ่ม_71</td></tr></table></div>]]></description>
      <styleUrl>#plotStyle</styleUrl>
      <MultiGeometry><Polygon><outerBoundaryIs><LinearRing><coordinates>103.8745050,14.4928750,0 103.8745867,14.4911300,0 103.8736450,14.4909267,0 103.8736683,14.4917483,0 103.8727500,14.4918450,0 103.8725717,14.4925283,0 103.8723933,14.4926917,0 103.8734150,14.4929650,0 103.8745050,14.4928750,0</coordinates></LinearRing></outerBoundaryIs></Polygon></MultiGeometry>
    </Placemark>
    <Placemark>
      <name>321305040379</name>
      <description><![CDATA[<div style='font-family:Tahoma,sans-serif; font-size:13px;'><h3 style='color:#1565C0; margin:4px 0;'>รหัสแปลง: 321305040379</h3><p style='margin:2px 0;'><b>กลุ่มคิว:</b> 71_001</p><table border='1' style='border-collapse:collapse; border-color:#ccc; width:100%;'><tr><td style='padding:3px 6px; font-weight:bold; background-color:#f2f2f2;'>รหัสกลุ่มคิว</td><td style='padding:3px 6px;'>71/001</td></tr><tr><td style='padding:3px 6px; font-weight:bold; background-color:#f2f2f2;'>รหัสรับเหมา</td><td style='padding:3px 6px;'>733638</td></tr><tr><td style='padding:3px 6px; font-weight:bold; background-color:#f2f2f2;'>ชื่อ-สกุล รับเหมา</td><td style='padding:3px 6px;'>นาย สิทธิชัย ธรรมสุข</td></tr><tr><td style='padding:3px 6px; font-weight:bold; background-color:#f2f2f2;'>นักเกษตร</td><td style='padding:3px 6px;'>7104</td></tr><tr><td style='padding:3px 6px; font-weight:bold; background-color:#f2f2f2;'>ศูนย์</td><td style='padding:3px 6px;'>K2-71</td></tr><tr><td style='padding:3px 6px; font-weight:bold; background-color:#f2f2f2;'>โควตา</td><td style='padding:3px 6px;'>770025</td></tr><tr><td style='padding:3px 6px; font-weight:bold; background-color:#f2f2f2;'>ชาวไร่</td><td style='padding:3px 6px;'>นาย จำรูณร์ เกิดเพิ่มดี</td></tr><tr><td style='padding:3px 6px; font-weight:bold; background-color:#f2f2f2;'>ประเภทอ้อย</td><td style='padding:3px 6px;'>ตอ2</td></tr><tr><td style='padding:3px 6px; font-weight:bold; background-color:#f2f2f2;'>พื้นที่</td><td style='padding:3px 6px;'>11.12</td></tr><tr><td style='padding:3px 6px; font-weight:bold; background-color:#f2f2f2;'>ตันรวม</td><td style='padding:3px 6px;'>88.96</td></tr><tr><td style='padding:3px 6px; font-weight:bold; background-color:#f2f2f2;'>รหัสแปลง</td><td style='padding:3px 6px;'>321305040379</td></tr><tr><td style='padding:3px 6px; font-weight:bold; background-color:#f2f2f2;'>กลุ่ม</td><td style='padding:3px 6px;'>กลุ่ม_71</td></tr></table></div>]]></description>
      <styleUrl>#plotStyle</styleUrl>
      <MultiGeometry><Polygon><outerBoundaryIs><LinearRing><coordinates>103.8929455,14.4858232,0 103.8931756,14.4870586,0 103.8940296,14.4870805,0 103.8941177,14.4863755,0 103.8941767,14.4863491,0 103.8942584,14.4856967,0 103.8936480,14.4856290,0 103.8936352,14.4856844,0 103.8929455,14.4858232,0</coordinates></LinearRing></outerBoundaryIs></Polygon></MultiGeometry>
    </Placemark>
    <Placemark>
      <name>321305041567</name>
      <description><![CDATA[<div style='font-family:Tahoma,sans-serif; font-size:13px;'><h3 style='color:#1565C0; margin:4px 0;'>รหัสแปลง: 321305041567</h3><p style='margin:2px 0;'><b>กลุ่มคิว:</b> 71_001</p><table border='1' style='border-collapse:collapse; border-color:#ccc; width:100%;'><tr><td style='padding:3px 6px; font-weight:bold; background-color:#f2f2f2;'>รหัสกลุ่มคิว</td><td style='padding:3px 6px;'>71/001</td></tr><tr><td style='padding:3px 6px; font-weight:bold; background-color:#f2f2f2;'>รหัสรับเหมา</td><td style='padding:3px 6px;'>733638</td></tr><tr><td style='padding:3px 6px; font-weight:bold; background-color:#f2f2f2;'>ชื่อ-สกุล รับเหมา</td><td style='padding:3px 6px;'>นาย สิทธิชัย ธรรมสุข</td></tr><tr><td style='padding:3px 6px; font-weight:bold; background-color:#f2f2f2;'>นักเกษตร</td><td style='padding:3px 6px;'>7104</td></tr><tr><td style='padding:3px 6px; font-weight:bold; background-color:#f2f2f2;'>ศูนย์</td><td style='padding:3px 6px;'>K2-71</td></tr><tr><td style='padding:3px 6px; font-weight:bold; background-color:#f2f2f2;'>โควตา</td><td style='padding:3px 6px;'>774133</td></tr><tr><td style='padding:3px 6px; font-weight:bold; background-color:#f2f2f2;'>ชาวไร่</td><td style='padding:3px 6px;'>น.ส. สุนันทา สมุดกลัด</td></tr><tr><td style='padding:3px 6px; font-weight:bold; background-color:#f2f2f2;'>ประเภทอ้อย</td><td style='padding:3px 6px;'>ตอ2</td></tr><tr><td style='padding:3px 6px; font-weight:bold; background-color:#f2f2f2;'>พื้นที่</td><td style='padding:3px 6px;'>4.06</td></tr><tr><td style='padding:3px 6px; font-weight:bold; background-color:#f2f2f2;'>ตันรวม</td><td style='padding:3px 6px;'>32.48</td></tr><tr><td style='padding:3px 6px; font-weight:bold; background-color:#f2f2f2;'>รหัสแปลง</td><td style='padding:3px 6px;'>321305041567</td></tr><tr><td style='padding:3px 6px; font-weight:bold; background-color:#f2f2f2;'>กลุ่ม</td><td style='padding:3px 6px;'>กลุ่ม_71</td></tr></table></div>]]></description>
      <styleUrl>#plotStyle</styleUrl>
      <MultiGeometry><Polygon><outerBoundaryIs><LinearRing><coordinates>103.8906515,14.4831517,0 103.8906211,14.4823289,0 103.8899593,14.4823954,0 103.8901003,14.4833281,0 103.8901295,14.4833551,0 103.8902930,14.4832570,0 103.8904574,14.4831976,0 103.8906515,14.4831517,0</coordinates></LinearRing></outerBoundaryIs></Polygon></MultiGeometry>
    </Placemark>
    <Placemark>
      <name>321305041579</name>
      <description><![CDATA[<div style='font-family:Tahoma,sans-serif; font-size:13px;'><h3 style='color:#1565C0; margin:4px 0;'>รหัสแปลง: 321305041579</h3><p style='margin:2px 0;'><b>กลุ่มคิว:</b> 71_001</p><table border='1' style='border-collapse:collapse; border-color:#ccc; width:100%;'><tr><td style='padding:3px 6px; font-weight:bold; background-color:#f2f2f2;'>รหัสกลุ่มคิว</td><td style='padding:3px 6px;'>71/001</td></tr><tr><td style='padding:3px 6px; font-weight:bold; background-color:#f2f2f2;'>รหัสรับเหมา</td><td style='padding:3px 6px;'>733638</td></tr><tr><td style='padding:3px 6px; font-weight:bold; background-color:#f2f2f2;'>ชื่อ-สกุล รับเหมา</td><td style='padding:3px 6px;'>นาย สิทธิชัย ธรรมสุข</td></tr><tr><td style='padding:3px 6px; font-weight:bold; background-color:#f2f2f2;'>นักเกษตร</td><td style='padding:3px 6px;'>7104</td></tr><tr><td style='padding:3px 6px; font-weight:bold; background-color:#f2f2f2;'>ศูนย์</td><td style='padding:3px 6px;'>K2-71</td></tr><tr><td style='padding:3px 6px; font-weight:bold; background-color:#f2f2f2;'>โควตา</td><td style='padding:3px 6px;'>770025</td></tr><tr><td style='padding:3px 6px; font-weight:bold; background-color:#f2f2f2;'>ชาวไร่</td><td style='padding:3px 6px;'>นาย จำรูณร์ เกิดเพิ่มดี</td></tr><tr><td style='padding:3px 6px; font-weight:bold; background-color:#f2f2f2;'>ประเภทอ้อย</td><td style='padding:3px 6px;'>ปลายฝน</td></tr><tr><td style='padding:3px 6px; font-weight:bold; background-color:#f2f2f2;'>พื้นที่</td><td style='padding:3px 6px;'>11.46</td></tr><tr><td style='padding:3px 6px; font-weight:bold; background-color:#f2f2f2;'>ตันรวม</td><td style='padding:3px 6px;'>148.98</td></tr><tr><td style='padding:3px 6px; font-weight:bold; background-color:#f2f2f2;'>รหัสแปลง</td><td style='padding:3px 6px;'>321305041579</td></tr><tr><td style='padding:3px 6px; font-weight:bold; background-color:#f2f2f2;'>กลุ่ม</td><td style='padding:3px 6px;'>กลุ่ม_71</td></tr></table></div>]]></description>
      <styleUrl>#plotStyle</styleUrl>
      <MultiGeometry><Polygon><outerBoundaryIs><LinearRing><coordinates>103.8989269,14.4703855,0 103.8974302,14.4704335,0 103.8974178,14.4713100,0 103.8974638,14.4714291,0 103.8974942,14.4714580,0 103.8988861,14.4714349,0 103.8988915,14.4713808,0 103.8988864,14.4710774,0 103.8989269,14.4703855,0</coordinates></LinearRing></outerBoundaryIs></Polygon></MultiGeometry>
    </Placemark>
    <Placemark>
      <name>321011010057</name>
      <description><![CDATA[<div style='font-family:Tahoma,sans-serif; font-size:13px;'><h3 style='color:#1565C0; margin:4px 0;'>รหัสแปลง: 321011010057</h3><p style='margin:2px 0;'><b>กลุ่มคิว:</b> 71_001</p><table border='1' style='border-collapse:collapse; border-color:#ccc; width:100%;'><tr><td style='padding:3px 6px; font-weight:bold; background-color:#f2f2f2;'>รหัสกลุ่มคิว</td><td style='padding:3px 6px;'>71/001</td></tr><tr><td style='padding:3px 6px; font-weight:bold; background-color:#f2f2f2;'>รหัสรับเหมา</td><td style='padding:3px 6px;'>733638</td></tr><tr><td style='padding:3px 6px; font-weight:bold; background-color:#f2f2f2;'>ชื่อ-สกุล รับเหมา</td><td style='padding:3px 6px;'>นาย สิทธิชัย ธรรมสุข</td></tr><tr><td style='padding:3px 6px; font-weight:bold; background-color:#f2f2f2;'>นักเกษตร</td><td style='padding:3px 6px;'>7104</td></tr><tr><td style='padding:3px 6px; font-weight:bold; background-color:#f2f2f2;'>ศูนย์</td><td style='padding:3px 6px;'>K2-71</td></tr><tr><td style='padding:3px 6px; font-weight:bold; background-color:#f2f2f2;'>โควตา</td><td style='padding:3px 6px;'>733231</td></tr><tr><td style='padding:3px 6px; font-weight:bold; background-color:#f2f2f2;'>ชาวไร่</td><td style='padding:3px 6px;'>นาง สำเริง เจือบุญ</td></tr><tr><td style='padding:3px 6px; font-weight:bold; background-color:#f2f2f2;'>ประเภทอ้อย</td><td style='padding:3px 6px;'>ปลายฝน</td></tr><tr><td style='padding:3px 6px; font-weight:bold; background-color:#f2f2f2;'>พื้นที่</td><td style='padding:3px 6px;'>9.1</td></tr><tr><td style='padding:3px 6px; font-weight:bold; background-color:#f2f2f2;'>ตันรวม</td><td style='padding:3px 6px;'>118.3</td></tr><tr><td style='padding:3px 6px; font-weight:bold; background-color:#f2f2f2;'>รหัสแปลง</td><td style='padding:3px 6px;'>321011010057</td></tr><tr><td style='padding:3px 6px; font-weight:bold; background-color:#f2f2f2;'>กลุ่ม</td><td style='padding:3px 6px;'>กลุ่ม_71</td></tr></table></div>]]></description>
      <styleUrl>#plotStyle</styleUrl>
      <MultiGeometry><Polygon><outerBoundaryIs><LinearRing><coordinates>103.8114613,14.4976329,0 103.8115032,14.4980623,0 103.8115500,14.4980684,0 103.8115392,14.4981986,0 103.8115808,14.4982124,0 103.8115967,14.4982560,0 103.8121055,14.4982727,0 103.8121107,14.4976435,0 103.8121429,14.4976483,0 103.8121344,14.4982735,0 103.8122235,14.4982766,0 103.8122425,14.4983484,0 103.8121188,14.4983912,0 103.8121039,14.4987791,0 103.8120844,14.4991092,0 103.8120237,14.4997144,0 103.8124565,14.4997838,0 103.8125384,14.4976306,0 103.8114613,14.4976329,0</coordinates></LinearRing></outerBoundaryIs></Polygon></MultiGeometry>
    </Placemark>
    <Placemark>
      <name>321017070095</name>
      <description><![CDATA[<div style='font-family:Tahoma,sans-serif; font-size:13px;'><h3 style='color:#1565C0; margin:4px 0;'>รหัสแปลง: 321017070095</h3><p style='margin:2px 0;'><b>กลุ่มคิว:</b> 71_001</p><table border='1' style='border-collapse:collapse; border-color:#ccc; width:100%;'><tr><td style='padding:3px 6px; font-weight:bold; background-color:#f2f2f2;'>รหัสกลุ่มคิว</td><td style='padding:3px 6px;'>71/001</td></tr><tr><td style='padding:3px 6px; font-weight:bold; background-color:#f2f2f2;'>รหัสรับเหมา</td><td style='padding:3px 6px;'>733638</td></tr><tr><td style='padding:3px 6px; font-weight:bold; background-color:#f2f2f2;'>ชื่อ-สกุล รับเหมา</td><td style='padding:3px 6px;'>นาย สิทธิชัย ธรรมสุข</td></tr><tr><td style='padding:3px 6px; font-weight:bold; background-color:#f2f2f2;'>นักเกษตร</td><td style='padding:3px 6px;'>7104</td></tr><tr><td style='padding:3px 6px; font-weight:bold; background-color:#f2f2f2;'>ศูนย์</td><td style='padding:3px 6px;'>K2-71</td></tr><tr><td style='padding:3px 6px; font-weight:bold; background-color:#f2f2f2;'>โควตา</td><td style='padding:3px 6px;'>733767</td></tr><tr><td style='padding:3px 6px; font-weight:bold; background-color:#f2f2f2;'>ชาวไร่</td><td style='padding:3px 6px;'>นาย สนม สำรวย</td></tr><tr><td style='padding:3px 6px; font-weight:bold; background-color:#f2f2f2;'>ประเภทอ้อย</td><td style='padding:3px 6px;'>ตอ2</td></tr><tr><td style='padding:3px 6px; font-weight:bold; background-color:#f2f2f2;'>พื้นที่</td><td style='padding:3px 6px;'>6.2</td></tr><tr><td style='padding:3px 6px; font-weight:bold; background-color:#f2f2f2;'>ตันรวม</td><td style='padding:3px 6px;'>49.6</td></tr><tr><td style='padding:3px 6px; font-weight:bold; background-color:#f2f2f2;'>รหัสแปลง</td><td style='padding:3px 6px;'>321017070095</td></tr><tr><td style='padding:3px 6px; font-weight:bold; background-color:#f2f2f2;'>กลุ่ม</td><td style='padding:3px 6px;'>กลุ่ม_71</td></tr></table></div>]]></description>
      <styleUrl>#plotStyle</styleUrl>
      <MultiGeometry><Polygon><outerBoundaryIs><LinearRing><coordinates>103.8894415,14.5085413,0 103.8895073,14.5087463,0 103.8895946,14.5092746,0 103.8898593,14.5092498,0 103.8901660,14.5092438,0 103.8907221,14.5091692,0 103.8903927,14.5083955,0 103.8894544,14.5085153,0 103.8894415,14.5085413,0</coordinates></LinearRing></outerBoundaryIs></Polygon></MultiGeometry>
    </Placemark>
    <Placemark>
      <name>321305040094</name>
      <description><![CDATA[<div style='font-family:Tahoma,sans-serif; font-size:13px;'><h3 style='color:#1565C0; margin:4px 0;'>รหัสแปลง: 321305040094</h3><p style='margin:2px 0;'><b>กลุ่มคิว:</b> 71_001</p><table border='1' style='border-collapse:collapse; border-color:#ccc; width:100%;'><tr><td style='padding:3px 6px; font-weight:bold; background-color:#f2f2f2;'>รหัสกลุ่มคิว</td><td style='padding:3px 6px;'>71/001</td></tr><tr><td style='padding:3px 6px; font-weight:bold; background-color:#f2f2f2;'>รหัสรับเหมา</td><td style='padding:3px 6px;'>733638</td></tr><tr><td style='padding:3px 6px; font-weight:bold; background-color:#f2f2f2;'>ชื่อ-สกุล รับเหมา</td><td style='padding:3px 6px;'>นาย สิทธิชัย ธรรมสุข</td></tr><tr><td style='padding:3px 6px; font-weight:bold; background-color:#f2f2f2;'>นักเกษตร</td><td style='padding:3px 6px;'>7104</td></tr><tr><td style='padding:3px 6px; font-weight:bold; background-color:#f2f2f2;'>ศูนย์</td><td style='padding:3px 6px;'>K2-71</td></tr><tr><td style='padding:3px 6px; font-weight:bold; background-color:#f2f2f2;'>โควตา</td><td style='padding:3px 6px;'>733611</td></tr><tr><td style='padding:3px 6px; font-weight:bold; background-color:#f2f2f2;'>ชาวไร่</td><td style='padding:3px 6px;'>นาง รุ้ง มณฑล</td></tr><tr><td style='padding:3px 6px; font-weight:bold; background-color:#f2f2f2;'>ประเภทอ้อย</td><td style='padding:3px 6px;'>ปลายฝน</td></tr><tr><td style='padding:3px 6px; font-weight:bold; background-color:#f2f2f2;'>พื้นที่</td><td style='padding:3px 6px;'>8.54</td></tr><tr><td style='padding:3px 6px; font-weight:bold; background-color:#f2f2f2;'>ตันรวม</td><td style='padding:3px 6px;'>111.02</td></tr><tr><td style='padding:3px 6px; font-weight:bold; background-color:#f2f2f2;'>รหัสแปลง</td><td style='padding:3px 6px;'>321305040094</td></tr><tr><td style='padding:3px 6px; font-weight:bold; background-color:#f2f2f2;'>กลุ่ม</td><td style='padding:3px 6px;'>กลุ่ม_71</td></tr></table></div>]]></description>
      <styleUrl>#plotStyle</styleUrl>
      <MultiGeometry><Polygon><outerBoundaryIs><LinearRing><coordinates>103.8936650,14.4777700,0 103.8934133,14.4773817,0 103.8932917,14.4773333,0 103.8932667,14.4765750,0 103.8929050,14.4765850,0 103.8928433,14.4768967,0 103.8925000,14.4769333,0 103.8924117,14.4772100,0 103.8922283,14.4775750,0 103.8934750,14.4780350,0 103.8935183,14.4781667,0 103.8935767,14.4781933,0 103.8936650,14.4777700,0</coordinates></LinearRing></outerBoundaryIs></Polygon></MultiGeometry>
    </Placemark>
    <Placemark>
      <name>321017060074</name>
      <description><![CDATA[<div style='font-family:Tahoma,sans-serif; font-size:13px;'><h3 style='color:#1565C0; margin:4px 0;'>รหัสแปลง: 321017060074</h3><p style='margin:2px 0;'><b>กลุ่มคิว:</b> 71_001</p><table border='1' style='border-collapse:collapse; border-color:#ccc; width:100%;'><tr><td style='padding:3px 6px; font-weight:bold; background-color:#f2f2f2;'>รหัสกลุ่มคิว</td><td style='padding:3px 6px;'>71/001</td></tr><tr><td style='padding:3px 6px; font-weight:bold; background-color:#f2f2f2;'>รหัสรับเหมา</td><td style='padding:3px 6px;'>733638</td></tr><tr><td style='padding:3px 6px; font-weight:bold; background-color:#f2f2f2;'>ชื่อ-สกุล รับเหมา</td><td style='padding:3px 6px;'>นาย สิทธิชัย ธรรมสุข</td></tr><tr><td style='padding:3px 6px; font-weight:bold; background-color:#f2f2f2;'>นักเกษตร</td><td style='padding:3px 6px;'>7104</td></tr><tr><td style='padding:3px 6px; font-weight:bold; background-color:#f2f2f2;'>ศูนย์</td><td style='padding:3px 6px;'>K2-71</td></tr><tr><td style='padding:3px 6px; font-weight:bold; background-color:#f2f2f2;'>โควตา</td><td style='padding:3px 6px;'>730173</td></tr><tr><td style='padding:3px 6px; font-weight:bold; background-color:#f2f2f2;'>ชาวไร่</td><td style='padding:3px 6px;'>นาย เป็น มีเหมาะ</td></tr><tr><td style='padding:3px 6px; font-weight:bold; background-color:#f2f2f2;'>ประเภทอ้อย</td><td style='padding:3px 6px;'>ตอ1</td></tr><tr><td style='padding:3px 6px; font-weight:bold; background-color:#f2f2f2;'>พื้นที่</td><td style='padding:3px 6px;'>13.59</td></tr><tr><td style='padding:3px 6px; font-weight:bold; background-color:#f2f2f2;'>ตันรวม</td><td style='padding:3px 6px;'>122.31</td></tr><tr><td style='padding:3px 6px; font-weight:bold; background-color:#f2f2f2;'>รหัสแปลง</td><td style='padding:3px 6px;'>321017060074</td></tr><tr><td style='padding:3px 6px; font-weight:bold; background-color:#f2f2f2;'>กลุ่ม</td><td style='padding:3px 6px;'>กลุ่ม_71</td></tr></table></div>]]></description>
      <styleUrl>#plotStyle</styleUrl>
      <MultiGeometry><Polygon><outerBoundaryIs><LinearRing><coordinates>103.8631583,14.4889833,0 103.8629900,14.4890050,0 103.8629300,14.4888850,0 103.8627652,14.4884098,0 103.8627333,14.4884267,0 103.8625817,14.4885417,0 103.8624450,14.4886300,0 103.8621933,14.4887017,0 103.8619550,14.4887633,0 103.8619533,14.4890750,0 103.8620350,14.4893767,0 103.8619250,14.4898817,0 103.8624000,14.4897967,0 103.8625467,14.4902150,0 103.8635767,14.4898933,0 103.8633983,14.4895400,0 103.8633333,14.4894100,0 103.8632650,14.4892767,0 103.8632233,14.4891350,0 103.8631583,14.4889833,0</coordinates></LinearRing></outerBoundaryIs></Polygon></MultiGeometry>
    </Placemark>
    <Placemark>
      <name>321017060221</name>
      <description><![CDATA[<div style='font-family:Tahoma,sans-serif; font-size:13px;'><h3 style='color:#1565C0; margin:4px 0;'>รหัสแปลง: 321017060221</h3><p style='margin:2px 0;'><b>กลุ่มคิว:</b> 71_001</p><table border='1' style='border-collapse:collapse; border-color:#ccc; width:100%;'><tr><td style='padding:3px 6px; font-weight:bold; background-color:#f2f2f2;'>รหัสกลุ่มคิว</td><td style='padding:3px 6px;'>71/001</td></tr><tr><td style='padding:3px 6px; font-weight:bold; background-color:#f2f2f2;'>รหัสรับเหมา</td><td style='padding:3px 6px;'>733638</td></tr><tr><td style='padding:3px 6px; font-weight:bold; background-color:#f2f2f2;'>ชื่อ-สกุล รับเหมา</td><td style='padding:3px 6px;'>นาย สิทธิชัย ธรรมสุข</td></tr><tr><td style='padding:3px 6px; font-weight:bold; background-color:#f2f2f2;'>นักเกษตร</td><td style='padding:3px 6px;'>7104</td></tr><tr><td style='padding:3px 6px; font-weight:bold; background-color:#f2f2f2;'>ศูนย์</td><td style='padding:3px 6px;'>K2-71</td></tr><tr><td style='padding:3px 6px; font-weight:bold; background-color:#f2f2f2;'>โควตา</td><td style='padding:3px 6px;'>733709</td></tr><tr><td style='padding:3px 6px; font-weight:bold; background-color:#f2f2f2;'>ชาวไร่</td><td style='padding:3px 6px;'>นาย จักรพันธ์ วันไทย</td></tr><tr><td style='padding:3px 6px; font-weight:bold; background-color:#f2f2f2;'>ประเภทอ้อย</td><td style='padding:3px 6px;'>ตอ2</td></tr><tr><td style='padding:3px 6px; font-weight:bold; background-color:#f2f2f2;'>พื้นที่</td><td style='padding:3px 6px;'>7.94</td></tr><tr><td style='padding:3px 6px; font-weight:bold; background-color:#f2f2f2;'>ตันรวม</td><td style='padding:3px 6px;'>63.52</td></tr><tr><td style='padding:3px 6px; font-weight:bold; background-color:#f2f2f2;'>รหัสแปลง</td><td style='padding:3px 6px;'>321017060221</td></tr><tr><td style='padding:3px 6px; font-weight:bold; background-color:#f2f2f2;'>กลุ่ม</td><td style='padding:3px 6px;'>กลุ่ม_71</td></tr></table></div>]]></description>
      <styleUrl>#plotStyle</styleUrl>
      <MultiGeometry><Polygon><outerBoundaryIs><LinearRing><coordinates>103.8805226,14.4715314,0 103.8802976,14.4715036,0 103.8802870,14.4717118,0 103.8801476,14.4717147,0 103.8801771,14.4714888,0 103.8790113,14.4713451,0 103.8790016,14.4719953,0 103.8789963,14.4720010,0 103.8789885,14.4721658,0 103.8805411,14.4721333,0 103.8805226,14.4715314,0</coordinates></LinearRing></outerBoundaryIs></Polygon></MultiGeometry>
    </Placemark>
    <Placemark>
      <name>321017070071</name>
      <description><![CDATA[<div style='font-family:Tahoma,sans-serif; font-size:13px;'><h3 style='color:#1565C0; margin:4px 0;'>รหัสแปลง: 321017070071</h3><p style='margin:2px 0;'><b>กลุ่มคิว:</b> 71_001</p><table border='1' style='border-collapse:collapse; border-color:#ccc; width:100%;'><tr><td style='padding:3px 6px; font-weight:bold; background-color:#f2f2f2;'>รหัสกลุ่มคิว</td><td style='padding:3px 6px;'>71/001</td></tr><tr><td style='padding:3px 6px; font-weight:bold; background-color:#f2f2f2;'>รหัสรับเหมา</td><td style='padding:3px 6px;'>733638</td></tr><tr><td style='padding:3px 6px; font-weight:bold; background-color:#f2f2f2;'>ชื่อ-สกุล รับเหมา</td><td style='padding:3px 6px;'>นาย สิทธิชัย ธรรมสุข</td></tr><tr><td style='padding:3px 6px; font-weight:bold; background-color:#f2f2f2;'>นักเกษตร</td><td style='padding:3px 6px;'>7104</td></tr><tr><td style='padding:3px 6px; font-weight:bold; background-color:#f2f2f2;'>ศูนย์</td><td style='padding:3px 6px;'>K2-71</td></tr><tr><td style='padding:3px 6px; font-weight:bold; background-color:#f2f2f2;'>โควตา</td><td style='padding:3px 6px;'>733797</td></tr><tr><td style='padding:3px 6px; font-weight:bold; background-color:#f2f2f2;'>ชาวไร่</td><td style='padding:3px 6px;'>นาย ชาติ ปุ่มแม่น</td></tr><tr><td style='padding:3px 6px; font-weight:bold; background-color:#f2f2f2;'>ประเภทอ้อย</td><td style='padding:3px 6px;'>ตอ1</td></tr><tr><td style='padding:3px 6px; font-weight:bold; background-color:#f2f2f2;'>พื้นที่</td><td style='padding:3px 6px;'>11.34</td></tr><tr><td style='padding:3px 6px; font-weight:bold; background-color:#f2f2f2;'>ตันรวม</td><td style='padding:3px 6px;'>102.06</td></tr><tr><td style='padding:3px 6px; font-weight:bold; background-color:#f2f2f2;'>รหัสแปลง</td><td style='padding:3px 6px;'>321017070071</td></tr><tr><td style='padding:3px 6px; font-weight:bold; background-color:#f2f2f2;'>กลุ่ม</td><td style='padding:3px 6px;'>กลุ่ม_71</td></tr></table></div>]]></description>
      <styleUrl>#plotStyle</styleUrl>
      <MultiGeometry><Polygon><outerBoundaryIs><LinearRing><coordinates>103.8719867,14.5022683,0 103.8719600,14.5038083,0 103.8721167,14.5043233,0 103.8726283,14.5046233,0 103.8728483,14.5034050,0 103.8726067,14.5033700,0 103.8726183,14.5022617,0 103.8719867,14.5022683,0</coordinates></LinearRing></outerBoundaryIs></Polygon></MultiGeometry>
    </Placemark>
    <Placemark>
      <name>321017100045</name>
      <description><![CDATA[<div style='font-family:Tahoma,sans-serif; font-size:13px;'><h3 style='color:#1565C0; margin:4px 0;'>รหัสแปลง: 321017100045</h3><p style='margin:2px 0;'><b>กลุ่มคิว:</b> 71_001</p><table border='1' style='border-collapse:collapse; border-color:#ccc; width:100%;'><tr><td style='padding:3px 6px; font-weight:bold; background-color:#f2f2f2;'>รหัสกลุ่มคิว</td><td style='padding:3px 6px;'>71/001</td></tr><tr><td style='padding:3px 6px; font-weight:bold; background-color:#f2f2f2;'>รหัสรับเหมา</td><td style='padding:3px 6px;'>733638</td></tr><tr><td style='padding:3px 6px; font-weight:bold; background-color:#f2f2f2;'>ชื่อ-สกุล รับเหมา</td><td style='padding:3px 6px;'>นาย สิทธิชัย ธรรมสุข</td></tr><tr><td style='padding:3px 6px; font-weight:bold; background-color:#f2f2f2;'>นักเกษตร</td><td style='padding:3px 6px;'>7104</td></tr><tr><td style='padding:3px 6px; font-weight:bold; background-color:#f2f2f2;'>ศูนย์</td><td style='padding:3px 6px;'>K2-71</td></tr><tr><td style='padding:3px 6px; font-weight:bold; background-color:#f2f2f2;'>โควตา</td><td style='padding:3px 6px;'>730094</td></tr><tr><td style='padding:3px 6px; font-weight:bold; background-color:#f2f2f2;'>ชาวไร่</td><td style='padding:3px 6px;'>นาย ยศ แรงหาญ</td></tr><tr><td style='padding:3px 6px; font-weight:bold; background-color:#f2f2f2;'>ประเภทอ้อย</td><td style='padding:3px 6px;'>ปลายฝน</td></tr><tr><td style='padding:3px 6px; font-weight:bold; background-color:#f2f2f2;'>พื้นที่</td><td style='padding:3px 6px;'>14.06</td></tr><tr><td style='padding:3px 6px; font-weight:bold; background-color:#f2f2f2;'>ตันรวม</td><td style='padding:3px 6px;'>182.78</td></tr><tr><td style='padding:3px 6px; font-weight:bold; background-color:#f2f2f2;'>รหัสแปลง</td><td style='padding:3px 6px;'>321017100045</td></tr><tr><td style='padding:3px 6px; font-weight:bold; background-color:#f2f2f2;'>กลุ่ม</td><td style='padding:3px 6px;'>กลุ่ม_71</td></tr></table></div>]]></description>
      <styleUrl>#plotStyle</styleUrl>
      <MultiGeometry><Polygon><outerBoundaryIs><LinearRing><coordinates>103.8464033,14.4517193,0 103.8465149,14.4515355,0 103.8466944,14.4512314,0 103.8467200,14.4511010,0 103.8449376,14.4495134,0 103.8443883,14.4501321,0 103.8464033,14.4517193,0</coordinates></LinearRing></outerBoundaryIs></Polygon></MultiGeometry>
    </Placemark>
    <Placemark>
      <name>321017070185</name>
      <description><![CDATA[<div style='font-family:Tahoma,sans-serif; font-size:13px;'><h3 style='color:#1565C0; margin:4px 0;'>รหัสแปลง: 321017070185</h3><p style='margin:2px 0;'><b>กลุ่มคิว:</b> 71_001</p><table border='1' style='border-collapse:collapse; border-color:#ccc; width:100%;'><tr><td style='padding:3px 6px; font-weight:bold; background-color:#f2f2f2;'>รหัสกลุ่มคิว</td><td style='padding:3px 6px;'>71/001</td></tr><tr><td style='padding:3px 6px; font-weight:bold; background-color:#f2f2f2;'>รหัสรับเหมา</td><td style='padding:3px 6px;'>733638</td></tr><tr><td style='padding:3px 6px; font-weight:bold; background-color:#f2f2f2;'>ชื่อ-สกุล รับเหมา</td><td style='padding:3px 6px;'>นาย สิทธิชัย ธรรมสุข</td></tr><tr><td style='padding:3px 6px; font-weight:bold; background-color:#f2f2f2;'>นักเกษตร</td><td style='padding:3px 6px;'>7104</td></tr><tr><td style='padding:3px 6px; font-weight:bold; background-color:#f2f2f2;'>ศูนย์</td><td style='padding:3px 6px;'>K2-71</td></tr><tr><td style='padding:3px 6px; font-weight:bold; background-color:#f2f2f2;'>โควตา</td><td style='padding:3px 6px;'>733377</td></tr><tr><td style='padding:3px 6px; font-weight:bold; background-color:#f2f2f2;'>ชาวไร่</td><td style='padding:3px 6px;'>นาย เฉลิมชัย สีดาหอม</td></tr><tr><td style='padding:3px 6px; font-weight:bold; background-color:#f2f2f2;'>ประเภทอ้อย</td><td style='padding:3px 6px;'>ปลายฝน</td></tr><tr><td style='padding:3px 6px; font-weight:bold; background-color:#f2f2f2;'>พื้นที่</td><td style='padding:3px 6px;'>1.47</td></tr><tr><td style='padding:3px 6px; font-weight:bold; background-color:#f2f2f2;'>ตันรวม</td><td style='padding:3px 6px;'>19.11</td></tr><tr><td style='padding:3px 6px; font-weight:bold; background-color:#f2f2f2;'>รหัสแปลง</td><td style='padding:3px 6px;'>321017070185</td></tr><tr><td style='padding:3px 6px; font-weight:bold; background-color:#f2f2f2;'>กลุ่ม</td><td style='padding:3px 6px;'>กลุ่ม_71</td></tr></table></div>]]></description>
      <styleUrl>#plotStyle</styleUrl>
      <MultiGeometry><Polygon><outerBoundaryIs><LinearRing><coordinates>103.8794217,14.5063767,0 103.8795467,14.5063617,0 103.8795733,14.5045767,0 103.8794783,14.5045967,0 103.8794217,14.5063767,0</coordinates></LinearRing></outerBoundaryIs></Polygon></MultiGeometry>
    </Placemark>
    <Placemark>
      <name>321017121503</name>
      <description><![CDATA[<div style='font-family:Tahoma,sans-serif; font-size:13px;'><h3 style='color:#1565C0; margin:4px 0;'>รหัสแปลง: 321017121503</h3><p style='margin:2px 0;'><b>กลุ่มคิว:</b> 71_001</p><table border='1' style='border-collapse:collapse; border-color:#ccc; width:100%;'><tr><td style='padding:3px 6px; font-weight:bold; background-color:#f2f2f2;'>รหัสกลุ่มคิว</td><td style='padding:3px 6px;'>71/001</td></tr><tr><td style='padding:3px 6px; font-weight:bold; background-color:#f2f2f2;'>รหัสรับเหมา</td><td style='padding:3px 6px;'>733638</td></tr><tr><td style='padding:3px 6px; font-weight:bold; background-color:#f2f2f2;'>ชื่อ-สกุล รับเหมา</td><td style='padding:3px 6px;'>นาย สิทธิชัย ธรรมสุข</td></tr><tr><td style='padding:3px 6px; font-weight:bold; background-color:#f2f2f2;'>นักเกษตร</td><td style='padding:3px 6px;'>7104</td></tr><tr><td style='padding:3px 6px; font-weight:bold; background-color:#f2f2f2;'>ศูนย์</td><td style='padding:3px 6px;'>K2-71</td></tr><tr><td style='padding:3px 6px; font-weight:bold; background-color:#f2f2f2;'>โควตา</td><td style='padding:3px 6px;'>733159</td></tr><tr><td style='padding:3px 6px; font-weight:bold; background-color:#f2f2f2;'>ชาวไร่</td><td style='padding:3px 6px;'>นางสาว พล บุญนาค</td></tr><tr><td style='padding:3px 6px; font-weight:bold; background-color:#f2f2f2;'>ประเภทอ้อย</td><td style='padding:3px 6px;'>ตอ2</td></tr><tr><td style='padding:3px 6px; font-weight:bold; background-color:#f2f2f2;'>พื้นที่</td><td style='padding:3px 6px;'>4.48</td></tr><tr><td style='padding:3px 6px; font-weight:bold; background-color:#f2f2f2;'>ตันรวม</td><td style='padding:3px 6px;'>35.84</td></tr><tr><td style='padding:3px 6px; font-weight:bold; background-color:#f2f2f2;'>รหัสแปลง</td><td style='padding:3px 6px;'>321017121503</td></tr><tr><td style='padding:3px 6px; font-weight:bold; background-color:#f2f2f2;'>กลุ่ม</td><td style='padding:3px 6px;'>กลุ่ม_71</td></tr></table></div>]]></description>
      <styleUrl>#plotStyle</styleUrl>
      <MultiGeometry><Polygon><outerBoundaryIs><LinearRing><coordinates>103.8319739,14.4982112,0 103.8318613,14.4975354,0 103.8310205,14.4975676,0 103.8310361,14.4982032,0 103.8313533,14.4981820,0 103.8313803,14.4982613,0 103.8319739,14.4982112,0</coordinates></LinearRing></outerBoundaryIs></Polygon></MultiGeometry>
    </Placemark>
    <Placemark>
      <name>321301111610</name>
      <description><![CDATA[<div style='font-family:Tahoma,sans-serif; font-size:13px;'><h3 style='color:#1565C0; margin:4px 0;'>รหัสแปลง: 321301111610</h3><p style='margin:2px 0;'><b>กลุ่มคิว:</b> 71_001</p><table border='1' style='border-collapse:collapse; border-color:#ccc; width:100%;'><tr><td style='padding:3px 6px; font-weight:bold; background-color:#f2f2f2;'>รหัสกลุ่มคิว</td><td style='padding:3px 6px;'>71/001</td></tr><tr><td style='padding:3px 6px; font-weight:bold; background-color:#f2f2f2;'>รหัสรับเหมา</td><td style='padding:3px 6px;'>733638</td></tr><tr><td style='padding:3px 6px; font-weight:bold; background-color:#f2f2f2;'>ชื่อ-สกุล รับเหมา</td><td style='padding:3px 6px;'>นาย สิทธิชัย ธรรมสุข</td></tr><tr><td style='padding:3px 6px; font-weight:bold; background-color:#f2f2f2;'>นักเกษตร</td><td style='padding:3px 6px;'>7104</td></tr><tr><td style='padding:3px 6px; font-weight:bold; background-color:#f2f2f2;'>ศูนย์</td><td style='padding:3px 6px;'>K2-71</td></tr><tr><td style='padding:3px 6px; font-weight:bold; background-color:#f2f2f2;'>โควตา</td><td style='padding:3px 6px;'>774197</td></tr><tr><td style='padding:3px 6px; font-weight:bold; background-color:#f2f2f2;'>ชาวไร่</td><td style='padding:3px 6px;'>นาย ทรงพล สุกลมใสย์</td></tr><tr><td style='padding:3px 6px; font-weight:bold; background-color:#f2f2f2;'>ประเภทอ้อย</td><td style='padding:3px 6px;'>ตอ1</td></tr><tr><td style='padding:3px 6px; font-weight:bold; background-color:#f2f2f2;'>พื้นที่</td><td style='padding:3px 6px;'>4.63</td></tr><tr><td style='padding:3px 6px; font-weight:bold; background-color:#f2f2f2;'>ตันรวม</td><td style='padding:3px 6px;'>41.67</td></tr><tr><td style='padding:3px 6px; font-weight:bold; background-color:#f2f2f2;'>รหัสแปลง</td><td style='padding:3px 6px;'>321301111610</td></tr><tr><td style='padding:3px 6px; font-weight:bold; background-color:#f2f2f2;'>กลุ่ม</td><td style='padding:3px 6px;'>กลุ่ม_71</td></tr></table></div>]]></description>
      <styleUrl>#plotStyle</styleUrl>
      <MultiGeometry><Polygon><outerBoundaryIs><LinearRing><coordinates>103.8921386,14.5514643,0 103.8918463,14.5505964,0 103.8912907,14.5506527,0 103.8913549,14.5509225,0 103.8913873,14.5511557,0 103.8913811,14.5512316,0 103.8913667,14.5513621,0 103.8914150,14.5516693,0 103.8921386,14.5514643,0</coordinates></LinearRing></outerBoundaryIs></Polygon></MultiGeometry>
    </Placemark>
    <Placemark>
      <name>321006110005</name>
      <description><![CDATA[<div style='font-family:Tahoma,sans-serif; font-size:13px;'><h3 style='color:#1565C0; margin:4px 0;'>รหัสแปลง: 321006110005</h3><p style='margin:2px 0;'><b>กลุ่มคิว:</b> 71_001</p><table border='1' style='border-collapse:collapse; border-color:#ccc; width:100%;'><tr><td style='padding:3px 6px; font-weight:bold; background-color:#f2f2f2;'>รหัสกลุ่มคิว</td><td style='padding:3px 6px;'>71/001</td></tr><tr><td style='padding:3px 6px; font-weight:bold; background-color:#f2f2f2;'>รหัสรับเหมา</td><td style='padding:3px 6px;'>733638</td></tr><tr><td style='padding:3px 6px; font-weight:bold; background-color:#f2f2f2;'>ชื่อ-สกุล รับเหมา</td><td style='padding:3px 6px;'>นาย สิทธิชัย ธรรมสุข</td></tr><tr><td style='padding:3px 6px; font-weight:bold; background-color:#f2f2f2;'>นักเกษตร</td><td style='padding:3px 6px;'>7104</td></tr><tr><td style='padding:3px 6px; font-weight:bold; background-color:#f2f2f2;'>ศูนย์</td><td style='padding:3px 6px;'>K2-71</td></tr><tr><td style='padding:3px 6px; font-weight:bold; background-color:#f2f2f2;'>โควตา</td><td style='padding:3px 6px;'>730173</td></tr><tr><td style='padding:3px 6px; font-weight:bold; background-color:#f2f2f2;'>ชาวไร่</td><td style='padding:3px 6px;'>นาย เป็น มีเหมาะ</td></tr><tr><td style='padding:3px 6px; font-weight:bold; background-color:#f2f2f2;'>ประเภทอ้อย</td><td style='padding:3px 6px;'>ปลายฝน</td></tr><tr><td style='padding:3px 6px; font-weight:bold; background-color:#f2f2f2;'>พื้นที่</td><td style='padding:3px 6px;'>6.69</td></tr><tr><td style='padding:3px 6px; font-weight:bold; background-color:#f2f2f2;'>ตันรวม</td><td style='padding:3px 6px;'>86.97</td></tr><tr><td style='padding:3px 6px; font-weight:bold; background-color:#f2f2f2;'>รหัสแปลง</td><td style='padding:3px 6px;'>321006110005</td></tr><tr><td style='padding:3px 6px; font-weight:bold; background-color:#f2f2f2;'>กลุ่ม</td><td style='padding:3px 6px;'>กลุ่ม_71</td></tr></table></div>]]></description>
      <styleUrl>#plotStyle</styleUrl>
      <MultiGeometry><Polygon><outerBoundaryIs><LinearRing><coordinates>103.8908533,14.4788067,0 103.8907833,14.4787683,0 103.8903967,14.4787350,0 103.8902600,14.4788300,0 103.8902550,14.4788883,0 103.8902567,14.4789867,0 103.8902250,14.4790233,0 103.8900917,14.4791200,0 103.8898083,14.4792333,0 103.8895750,14.4794283,0 103.8895133,14.4797050,0 103.8896050,14.4796667,0 103.8897617,14.4796800,0 103.8899400,14.4797233,0 103.8901100,14.4797983,0 103.8902133,14.4798833,0 103.8903367,14.4800017,0 103.8904417,14.4801000,0 103.8908533,14.4788067,0</coordinates></LinearRing></outerBoundaryIs></Polygon></MultiGeometry>
    </Placemark>
    <Placemark>
      <name>321011030220</name>
      <description><![CDATA[<div style='font-family:Tahoma,sans-serif; font-size:13px;'><h3 style='color:#1565C0; margin:4px 0;'>รหัสแปลง: 321011030220</h3><p style='margin:2px 0;'><b>กลุ่มคิว:</b> 71_001</p><table border='1' style='border-collapse:collapse; border-color:#ccc; width:100%;'><tr><td style='padding:3px 6px; font-weight:bold; background-color:#f2f2f2;'>รหัสกลุ่มคิว</td><td style='padding:3px 6px;'>71/001</td></tr><tr><td style='padding:3px 6px; font-weight:bold; background-color:#f2f2f2;'>รหัสรับเหมา</td><td style='padding:3px 6px;'>733638</td></tr><tr><td style='padding:3px 6px; font-weight:bold; background-color:#f2f2f2;'>ชื่อ-สกุล รับเหมา</td><td style='padding:3px 6px;'>นาย สิทธิชัย ธรรมสุข</td></tr><tr><td style='padding:3px 6px; font-weight:bold; background-color:#f2f2f2;'>นักเกษตร</td><td style='padding:3px 6px;'>7104</td></tr><tr><td style='padding:3px 6px; font-weight:bold; background-color:#f2f2f2;'>ศูนย์</td><td style='padding:3px 6px;'>K2-71</td></tr><tr><td style='padding:3px 6px; font-weight:bold; background-color:#f2f2f2;'>โควตา</td><td style='padding:3px 6px;'>774191</td></tr><tr><td style='padding:3px 6px; font-weight:bold; background-color:#f2f2f2;'>ชาวไร่</td><td style='padding:3px 6px;'>นาย บัญชา สามารถ</td></tr><tr><td style='padding:3px 6px; font-weight:bold; background-color:#f2f2f2;'>ประเภทอ้อย</td><td style='padding:3px 6px;'>ปลายฝน</td></tr><tr><td style='padding:3px 6px; font-weight:bold; background-color:#f2f2f2;'>พื้นที่</td><td style='padding:3px 6px;'>5.13</td></tr><tr><td style='padding:3px 6px; font-weight:bold; background-color:#f2f2f2;'>ตันรวม</td><td style='padding:3px 6px;'>66.69</td></tr><tr><td style='padding:3px 6px; font-weight:bold; background-color:#f2f2f2;'>รหัสแปลง</td><td style='padding:3px 6px;'>321011030220</td></tr><tr><td style='padding:3px 6px; font-weight:bold; background-color:#f2f2f2;'>กลุ่ม</td><td style='padding:3px 6px;'>กลุ่ม_71</td></tr></table></div>]]></description>
      <styleUrl>#plotStyle</styleUrl>
      <MultiGeometry><Polygon><outerBoundaryIs><LinearRing><coordinates>103.8009572,14.4940234,0 103.8004954,14.4954262,0 103.8006148,14.4954558,0 103.8009281,14.4955696,0 103.8014013,14.4944939,0 103.8009572,14.4940234,0</coordinates></LinearRing></outerBoundaryIs></Polygon></MultiGeometry>
    </Placemark>
    <Placemark>
      <name>321011041527</name>
      <description><![CDATA[<div style='font-family:Tahoma,sans-serif; font-size:13px;'><h3 style='color:#1565C0; margin:4px 0;'>รหัสแปลง: 321011041527</h3><p style='margin:2px 0;'><b>กลุ่มคิว:</b> 71_001</p><table border='1' style='border-collapse:collapse; border-color:#ccc; width:100%;'><tr><td style='padding:3px 6px; font-weight:bold; background-color:#f2f2f2;'>รหัสกลุ่มคิว</td><td style='padding:3px 6px;'>71/001</td></tr><tr><td style='padding:3px 6px; font-weight:bold; background-color:#f2f2f2;'>รหัสรับเหมา</td><td style='padding:3px 6px;'>733638</td></tr><tr><td style='padding:3px 6px; font-weight:bold; background-color:#f2f2f2;'>ชื่อ-สกุล รับเหมา</td><td style='padding:3px 6px;'>นาย สิทธิชัย ธรรมสุข</td></tr><tr><td style='padding:3px 6px; font-weight:bold; background-color:#f2f2f2;'>นักเกษตร</td><td style='padding:3px 6px;'>7104</td></tr><tr><td style='padding:3px 6px; font-weight:bold; background-color:#f2f2f2;'>ศูนย์</td><td style='padding:3px 6px;'>K2-71</td></tr><tr><td style='padding:3px 6px; font-weight:bold; background-color:#f2f2f2;'>โควตา</td><td style='padding:3px 6px;'>774191</td></tr><tr><td style='padding:3px 6px; font-weight:bold; background-color:#f2f2f2;'>ชาวไร่</td><td style='padding:3px 6px;'>นาย บัญชา สามารถ</td></tr><tr><td style='padding:3px 6px; font-weight:bold; background-color:#f2f2f2;'>ประเภทอ้อย</td><td style='padding:3px 6px;'>ปลายฝน</td></tr><tr><td style='padding:3px 6px; font-weight:bold; background-color:#f2f2f2;'>พื้นที่</td><td style='padding:3px 6px;'>4.27</td></tr><tr><td style='padding:3px 6px; font-weight:bold; background-color:#f2f2f2;'>ตันรวม</td><td style='padding:3px 6px;'>55.51</td></tr><tr><td style='padding:3px 6px; font-weight:bold; background-color:#f2f2f2;'>รหัสแปลง</td><td style='padding:3px 6px;'>321011041527</td></tr><tr><td style='padding:3px 6px; font-weight:bold; background-color:#f2f2f2;'>กลุ่ม</td><td style='padding:3px 6px;'>กลุ่ม_71</td></tr></table></div>]]></description>
      <styleUrl>#plotStyle</styleUrl>
      <MultiGeometry><Polygon><outerBoundaryIs><LinearRing><coordinates>103.8192405,14.4934260,0 103.8182605,14.4933410,0 103.8179714,14.4938092,0 103.8191898,14.4939586,0 103.8192405,14.4934260,0</coordinates></LinearRing></outerBoundaryIs></Polygon></MultiGeometry>
    </Placemark>
    <Placemark>
      <name>321011100277</name>
      <description><![CDATA[<div style='font-family:Tahoma,sans-serif; font-size:13px;'><h3 style='color:#1565C0; margin:4px 0;'>รหัสแปลง: 321011100277</h3><p style='margin:2px 0;'><b>กลุ่มคิว:</b> 71_001</p><table border='1' style='border-collapse:collapse; border-color:#ccc; width:100%;'><tr><td style='padding:3px 6px; font-weight:bold; background-color:#f2f2f2;'>รหัสกลุ่มคิว</td><td style='padding:3px 6px;'>71/001</td></tr><tr><td style='padding:3px 6px; font-weight:bold; background-color:#f2f2f2;'>รหัสรับเหมา</td><td style='padding:3px 6px;'>733638</td></tr><tr><td style='padding:3px 6px; font-weight:bold; background-color:#f2f2f2;'>ชื่อ-สกุล รับเหมา</td><td style='padding:3px 6px;'>นาย สิทธิชัย ธรรมสุข</td></tr><tr><td style='padding:3px 6px; font-weight:bold; background-color:#f2f2f2;'>นักเกษตร</td><td style='padding:3px 6px;'>7104</td></tr><tr><td style='padding:3px 6px; font-weight:bold; background-color:#f2f2f2;'>ศูนย์</td><td style='padding:3px 6px;'>K2-71</td></tr><tr><td style='padding:3px 6px; font-weight:bold; background-color:#f2f2f2;'>โควตา</td><td style='padding:3px 6px;'>733947</td></tr><tr><td style='padding:3px 6px; font-weight:bold; background-color:#f2f2f2;'>ชาวไร่</td><td style='padding:3px 6px;'>นาย เสริฐ ชาวสวน</td></tr><tr><td style='padding:3px 6px; font-weight:bold; background-color:#f2f2f2;'>ประเภทอ้อย</td><td style='padding:3px 6px;'>ปลายฝน</td></tr><tr><td style='padding:3px 6px; font-weight:bold; background-color:#f2f2f2;'>พื้นที่</td><td style='padding:3px 6px;'>3.55</td></tr><tr><td style='padding:3px 6px; font-weight:bold; background-color:#f2f2f2;'>ตันรวม</td><td style='padding:3px 6px;'>46.15</td></tr><tr><td style='padding:3px 6px; font-weight:bold; background-color:#f2f2f2;'>รหัสแปลง</td><td style='padding:3px 6px;'>321011100277</td></tr><tr><td style='padding:3px 6px; font-weight:bold; background-color:#f2f2f2;'>กลุ่ม</td><td style='padding:3px 6px;'>กลุ่ม_71</td></tr></table></div>]]></description>
      <styleUrl>#plotStyle</styleUrl>
      <MultiGeometry><Polygon><outerBoundaryIs><LinearRing><coordinates>103.8046999,14.5320681,0 103.8048039,14.5321031,0 103.8052244,14.5320351,0 103.8051958,14.5319309,0 103.8051371,14.5311087,0 103.8046415,14.5311564,0 103.8046999,14.5320681,0</coordinates></LinearRing></outerBoundaryIs></Polygon></MultiGeometry>
    </Placemark>
    <Placemark>
      <name>321017010031</name>
      <description><![CDATA[<div style='font-family:Tahoma,sans-serif; font-size:13px;'><h3 style='color:#1565C0; margin:4px 0;'>รหัสแปลง: 321017010031</h3><p style='margin:2px 0;'><b>กลุ่มคิว:</b> 71_001</p><table border='1' style='border-collapse:collapse; border-color:#ccc; width:100%;'><tr><td style='padding:3px 6px; font-weight:bold; background-color:#f2f2f2;'>รหัสกลุ่มคิว</td><td style='padding:3px 6px;'>71/001</td></tr><tr><td style='padding:3px 6px; font-weight:bold; background-color:#f2f2f2;'>รหัสรับเหมา</td><td style='padding:3px 6px;'>733638</td></tr><tr><td style='padding:3px 6px; font-weight:bold; background-color:#f2f2f2;'>ชื่อ-สกุล รับเหมา</td><td style='padding:3px 6px;'>นาย สิทธิชัย ธรรมสุข</td></tr><tr><td style='padding:3px 6px; font-weight:bold; background-color:#f2f2f2;'>นักเกษตร</td><td style='padding:3px 6px;'>7104</td></tr><tr><td style='padding:3px 6px; font-weight:bold; background-color:#f2f2f2;'>ศูนย์</td><td style='padding:3px 6px;'>K2-71</td></tr><tr><td style='padding:3px 6px; font-weight:bold; background-color:#f2f2f2;'>โควตา</td><td style='padding:3px 6px;'>730045</td></tr><tr><td style='padding:3px 6px; font-weight:bold; background-color:#f2f2f2;'>ชาวไร่</td><td style='padding:3px 6px;'>จ.ส.ต. ถาวร สุบิน</td></tr><tr><td style='padding:3px 6px; font-weight:bold; background-color:#f2f2f2;'>ประเภทอ้อย</td><td style='padding:3px 6px;'>ตอ1</td></tr><tr><td style='padding:3px 6px; font-weight:bold; background-color:#f2f2f2;'>พื้นที่</td><td style='padding:3px 6px;'>8.58</td></tr><tr><td style='padding:3px 6px; font-weight:bold; background-color:#f2f2f2;'>ตันรวม</td><td style='padding:3px 6px;'>77.22</td></tr><tr><td style='padding:3px 6px; font-weight:bold; background-color:#f2f2f2;'>รหัสแปลง</td><td style='padding:3px 6px;'>321017010031</td></tr><tr><td style='padding:3px 6px; font-weight:bold; background-color:#f2f2f2;'>กลุ่ม</td><td style='padding:3px 6px;'>กลุ่ม_71</td></tr></table></div>]]></description>
      <styleUrl>#plotStyle</styleUrl>
      <MultiGeometry><Polygon><outerBoundaryIs><LinearRing><coordinates>103.8253017,14.4585717,0 103.8252017,14.4591583,0 103.8251700,14.4593800,0 103.8265733,14.4595017,0 103.8265883,14.4586200,0 103.8253017,14.4585717,0</coordinates></LinearRing></outerBoundaryIs></Polygon></MultiGeometry>
    </Placemark>
    <Placemark>
      <name>321017010090</name>
      <description><![CDATA[<div style='font-family:Tahoma,sans-serif; font-size:13px;'><h3 style='color:#1565C0; margin:4px 0;'>รหัสแปลง: 321017010090</h3><p style='margin:2px 0;'><b>กลุ่มคิว:</b> 71_001</p><table border='1' style='border-collapse:collapse; border-color:#ccc; width:100%;'><tr><td style='padding:3px 6px; font-weight:bold; background-color:#f2f2f2;'>รหัสกลุ่มคิว</td><td style='padding:3px 6px;'>71/001</td></tr><tr><td style='padding:3px 6px; font-weight:bold; background-color:#f2f2f2;'>รหัสรับเหมา</td><td style='padding:3px 6px;'>733638</td></tr><tr><td style='padding:3px 6px; font-weight:bold; background-color:#f2f2f2;'>ชื่อ-สกุล รับเหมา</td><td style='padding:3px 6px;'>นาย สิทธิชัย ธรรมสุข</td></tr><tr><td style='padding:3px 6px; font-weight:bold; background-color:#f2f2f2;'>นักเกษตร</td><td style='padding:3px 6px;'>7104</td></tr><tr><td style='padding:3px 6px; font-weight:bold; background-color:#f2f2f2;'>ศูนย์</td><td style='padding:3px 6px;'>K2-71</td></tr><tr><td style='padding:3px 6px; font-weight:bold; background-color:#f2f2f2;'>โควตา</td><td style='padding:3px 6px;'>730045</td></tr><tr><td style='padding:3px 6px; font-weight:bold; background-color:#f2f2f2;'>ชาวไร่</td><td style='padding:3px 6px;'>จ.ส.ต. ถาวร สุบิน</td></tr><tr><td style='padding:3px 6px; font-weight:bold; background-color:#f2f2f2;'>ประเภทอ้อย</td><td style='padding:3px 6px;'>ปลายฝน</td></tr><tr><td style='padding:3px 6px; font-weight:bold; background-color:#f2f2f2;'>พื้นที่</td><td style='padding:3px 6px;'>13.46</td></tr><tr><td style='padding:3px 6px; font-weight:bold; background-color:#f2f2f2;'>ตันรวม</td><td style='padding:3px 6px;'>174.98</td></tr><tr><td style='padding:3px 6px; font-weight:bold; background-color:#f2f2f2;'>รหัสแปลง</td><td style='padding:3px 6px;'>321017010090</td></tr><tr><td style='padding:3px 6px; font-weight:bold; background-color:#f2f2f2;'>กลุ่ม</td><td style='padding:3px 6px;'>กลุ่ม_71</td></tr></table></div>]]></description>
      <styleUrl>#plotStyle</styleUrl>
      <MultiGeometry><Polygon><outerBoundaryIs><LinearRing><coordinates>103.8250817,14.4599000,0 103.8253067,14.4586183,0 103.8237700,14.4585583,0 103.8236100,14.4596200,0 103.8250817,14.4599000,0</coordinates></LinearRing></outerBoundaryIs></Polygon></MultiGeometry>
    </Placemark>
    <Placemark>
      <name>321017010124</name>
      <description><![CDATA[<div style='font-family:Tahoma,sans-serif; font-size:13px;'><h3 style='color:#1565C0; margin:4px 0;'>รหัสแปลง: 321017010124</h3><p style='margin:2px 0;'><b>กลุ่มคิว:</b> 71_001</p><table border='1' style='border-collapse:collapse; border-color:#ccc; width:100%;'><tr><td style='padding:3px 6px; font-weight:bold; background-color:#f2f2f2;'>รหัสกลุ่มคิว</td><td style='padding:3px 6px;'>71/001</td></tr><tr><td style='padding:3px 6px; font-weight:bold; background-color:#f2f2f2;'>รหัสรับเหมา</td><td style='padding:3px 6px;'>733638</td></tr><tr><td style='padding:3px 6px; font-weight:bold; background-color:#f2f2f2;'>ชื่อ-สกุล รับเหมา</td><td style='padding:3px 6px;'>นาย สิทธิชัย ธรรมสุข</td></tr><tr><td style='padding:3px 6px; font-weight:bold; background-color:#f2f2f2;'>นักเกษตร</td><td style='padding:3px 6px;'>7104</td></tr><tr><td style='padding:3px 6px; font-weight:bold; background-color:#f2f2f2;'>ศูนย์</td><td style='padding:3px 6px;'>K2-71</td></tr><tr><td style='padding:3px 6px; font-weight:bold; background-color:#f2f2f2;'>โควตา</td><td style='padding:3px 6px;'>730045</td></tr><tr><td style='padding:3px 6px; font-weight:bold; background-color:#f2f2f2;'>ชาวไร่</td><td style='padding:3px 6px;'>จ.ส.ต. ถาวร สุบิน</td></tr><tr><td style='padding:3px 6px; font-weight:bold; background-color:#f2f2f2;'>ประเภทอ้อย</td><td style='padding:3px 6px;'>ปลายฝน</td></tr><tr><td style='padding:3px 6px; font-weight:bold; background-color:#f2f2f2;'>พื้นที่</td><td style='padding:3px 6px;'>1.4</td></tr><tr><td style='padding:3px 6px; font-weight:bold; background-color:#f2f2f2;'>ตันรวม</td><td style='padding:3px 6px;'>18.2</td></tr><tr><td style='padding:3px 6px; font-weight:bold; background-color:#f2f2f2;'>รหัสแปลง</td><td style='padding:3px 6px;'>321017010124</td></tr><tr><td style='padding:3px 6px; font-weight:bold; background-color:#f2f2f2;'>กลุ่ม</td><td style='padding:3px 6px;'>กลุ่ม_71</td></tr></table></div>]]></description>
      <styleUrl>#plotStyle</styleUrl>
      <MultiGeometry><Polygon><outerBoundaryIs><LinearRing><coordinates>103.8251333,14.4599083,0 103.8249067,14.4598683,0 103.8247183,14.4607383,0 103.8249500,14.4607417,0 103.8250633,14.4600317,0 103.8251350,14.4600467,0 103.8251333,14.4599083,0</coordinates></LinearRing></outerBoundaryIs></Polygon></MultiGeometry>
    </Placemark>
    <Placemark>
      <name>321017010171</name>
      <description><![CDATA[<div style='font-family:Tahoma,sans-serif; font-size:13px;'><h3 style='color:#1565C0; margin:4px 0;'>รหัสแปลง: 321017010171</h3><p style='margin:2px 0;'><b>กลุ่มคิว:</b> 71_001</p><table border='1' style='border-collapse:collapse; border-color:#ccc; width:100%;'><tr><td style='padding:3px 6px; font-weight:bold; background-color:#f2f2f2;'>รหัสกลุ่มคิว</td><td style='padding:3px 6px;'>71/001</td></tr><tr><td style='padding:3px 6px; font-weight:bold; background-color:#f2f2f2;'>รหัสรับเหมา</td><td style='padding:3px 6px;'>733638</td></tr><tr><td style='padding:3px 6px; font-weight:bold; background-color:#f2f2f2;'>ชื่อ-สกุล รับเหมา</td><td style='padding:3px 6px;'>นาย สิทธิชัย ธรรมสุข</td></tr><tr><td style='padding:3px 6px; font-weight:bold; background-color:#f2f2f2;'>นักเกษตร</td><td style='padding:3px 6px;'>7104</td></tr><tr><td style='padding:3px 6px; font-weight:bold; background-color:#f2f2f2;'>ศูนย์</td><td style='padding:3px 6px;'>K2-71</td></tr><tr><td style='padding:3px 6px; font-weight:bold; background-color:#f2f2f2;'>โควตา</td><td style='padding:3px 6px;'>733924</td></tr><tr><td style='padding:3px 6px; font-weight:bold; background-color:#f2f2f2;'>ชาวไร่</td><td style='padding:3px 6px;'>นาย วรสิทธิ์ เตี้ยเเอก</td></tr><tr><td style='padding:3px 6px; font-weight:bold; background-color:#f2f2f2;'>ประเภทอ้อย</td><td style='padding:3px 6px;'>ปลายฝน</td></tr><tr><td style='padding:3px 6px; font-weight:bold; background-color:#f2f2f2;'>พื้นที่</td><td style='padding:3px 6px;'>1.97</td></tr><tr><td style='padding:3px 6px; font-weight:bold; background-color:#f2f2f2;'>ตันรวม</td><td style='padding:3px 6px;'>25.61</td></tr><tr><td style='padding:3px 6px; font-weight:bold; background-color:#f2f2f2;'>รหัสแปลง</td><td style='padding:3px 6px;'>321017010171</td></tr><tr><td style='padding:3px 6px; font-weight:bold; background-color:#f2f2f2;'>กลุ่ม</td><td style='padding:3px 6px;'>กลุ่ม_71</td></tr></table></div>]]></description>
      <styleUrl>#plotStyle</styleUrl>
      <MultiGeometry><Polygon><outerBoundaryIs><LinearRing><coordinates>103.8451733,14.4855633,0 103.8451600,14.4854883,0 103.8450717,14.4854983,0 103.8450000,14.4854500,0 103.8449583,14.4849150,0 103.8445950,14.4849250,0 103.8446450,14.4850333,0 103.8446300,14.4851183,0 103.8446183,14.4851467,0 103.8446017,14.4852150,0 103.8446050,14.4852800,0 103.8446083,14.4853500,0 103.8446067,14.4853917,0 103.8446233,14.4854783,0 103.8446600,14.4855483,0 103.8446683,14.4856267,0 103.8451733,14.4855633,0</coordinates></LinearRing></outerBoundaryIs></Polygon></MultiGeometry>
    </Placemark>
    <Placemark>
      <name>321017011541</name>
      <description><![CDATA[<div style='font-family:Tahoma,sans-serif; font-size:13px;'><h3 style='color:#1565C0; margin:4px 0;'>รหัสแปลง: 321017011541</h3><p style='margin:2px 0;'><b>กลุ่มคิว:</b> 71_001</p><table border='1' style='border-collapse:collapse; border-color:#ccc; width:100%;'><tr><td style='padding:3px 6px; font-weight:bold; background-color:#f2f2f2;'>รหัสกลุ่มคิว</td><td style='padding:3px 6px;'>71/001</td></tr><tr><td style='padding:3px 6px; font-weight:bold; background-color:#f2f2f2;'>รหัสรับเหมา</td><td style='padding:3px 6px;'>733638</td></tr><tr><td style='padding:3px 6px; font-weight:bold; background-color:#f2f2f2;'>ชื่อ-สกุล รับเหมา</td><td style='padding:3px 6px;'>นาย สิทธิชัย ธรรมสุข</td></tr><tr><td style='padding:3px 6px; font-weight:bold; background-color:#f2f2f2;'>นักเกษตร</td><td style='padding:3px 6px;'>7104</td></tr><tr><td style='padding:3px 6px; font-weight:bold; background-color:#f2f2f2;'>ศูนย์</td><td style='padding:3px 6px;'>K2-71</td></tr><tr><td style='padding:3px 6px; font-weight:bold; background-color:#f2f2f2;'>โควตา</td><td style='padding:3px 6px;'>730045</td></tr><tr><td style='padding:3px 6px; font-weight:bold; background-color:#f2f2f2;'>ชาวไร่</td><td style='padding:3px 6px;'>จ.ส.ต. ถาวร สุบิน</td></tr><tr><td style='padding:3px 6px; font-weight:bold; background-color:#f2f2f2;'>ประเภทอ้อย</td><td style='padding:3px 6px;'>ปลายฝน</td></tr><tr><td style='padding:3px 6px; font-weight:bold; background-color:#f2f2f2;'>พื้นที่</td><td style='padding:3px 6px;'>3.42</td></tr><tr><td style='padding:3px 6px; font-weight:bold; background-color:#f2f2f2;'>ตันรวม</td><td style='padding:3px 6px;'>44.46</td></tr><tr><td style='padding:3px 6px; font-weight:bold; background-color:#f2f2f2;'>รหัสแปลง</td><td style='padding:3px 6px;'>321017011541</td></tr><tr><td style='padding:3px 6px; font-weight:bold; background-color:#f2f2f2;'>กลุ่ม</td><td style='padding:3px 6px;'>กลุ่ม_71</td></tr></table></div>]]></description>
      <styleUrl>#plotStyle</styleUrl>
      <MultiGeometry><Polygon><outerBoundaryIs><LinearRing><coordinates>103.8221800,14.4580117,0 103.8221483,14.4584750,0 103.8234650,14.4585250,0 103.8234883,14.4581933,0 103.8227600,14.4581667,0 103.8226867,14.4582167,0 103.8221800,14.4580117,0</coordinates></LinearRing></outerBoundaryIs></Polygon></MultiGeometry>
    </Placemark>
    <Placemark>
      <name>321017060047</name>
      <description><![CDATA[<div style='font-family:Tahoma,sans-serif; font-size:13px;'><h3 style='color:#1565C0; margin:4px 0;'>รหัสแปลง: 321017060047</h3><p style='margin:2px 0;'><b>กลุ่มคิว:</b> 71_001</p><table border='1' style='border-collapse:collapse; border-color:#ccc; width:100%;'><tr><td style='padding:3px 6px; font-weight:bold; background-color:#f2f2f2;'>รหัสกลุ่มคิว</td><td style='padding:3px 6px;'>71/001</td></tr><tr><td style='padding:3px 6px; font-weight:bold; background-color:#f2f2f2;'>รหัสรับเหมา</td><td style='padding:3px 6px;'>733638</td></tr><tr><td style='padding:3px 6px; font-weight:bold; background-color:#f2f2f2;'>ชื่อ-สกุล รับเหมา</td><td style='padding:3px 6px;'>นาย สิทธิชัย ธรรมสุข</td></tr><tr><td style='padding:3px 6px; font-weight:bold; background-color:#f2f2f2;'>นักเกษตร</td><td style='padding:3px 6px;'>7104</td></tr><tr><td style='padding:3px 6px; font-weight:bold; background-color:#f2f2f2;'>ศูนย์</td><td style='padding:3px 6px;'>K2-71</td></tr><tr><td style='padding:3px 6px; font-weight:bold; background-color:#f2f2f2;'>โควตา</td><td style='padding:3px 6px;'>733009</td></tr><tr><td style='padding:3px 6px; font-weight:bold; background-color:#f2f2f2;'>ชาวไร่</td><td style='padding:3px 6px;'>นาย พันธ์ มีเหมาะ</td></tr><tr><td style='padding:3px 6px; font-weight:bold; background-color:#f2f2f2;'>ประเภทอ้อย</td><td style='padding:3px 6px;'>ตอ1</td></tr><tr><td style='padding:3px 6px; font-weight:bold; background-color:#f2f2f2;'>พื้นที่</td><td style='padding:3px 6px;'>8.01</td></tr><tr><td style='padding:3px 6px; font-weight:bold; background-color:#f2f2f2;'>ตันรวม</td><td style='padding:3px 6px;'>72.09</td></tr><tr><td style='padding:3px 6px; font-weight:bold; background-color:#f2f2f2;'>รหัสแปลง</td><td style='padding:3px 6px;'>321017060047</td></tr><tr><td style='padding:3px 6px; font-weight:bold; background-color:#f2f2f2;'>กลุ่ม</td><td style='padding:3px 6px;'>กลุ่ม_71</td></tr></table></div>]]></description>
      <styleUrl>#plotStyle</styleUrl>
      <MultiGeometry><Polygon><outerBoundaryIs><LinearRing><coordinates>103.8918317,14.4757900,0 103.8903733,14.4754100,0 103.8901667,14.4760683,0 103.8915117,14.4764883,0 103.8916567,14.4762433,0 103.8918317,14.4757900,0</coordinates></LinearRing></outerBoundaryIs></Polygon></MultiGeometry>
    </Placemark>
    <Placemark>
      <name>321017060136</name>
      <description><![CDATA[<div style='font-family:Tahoma,sans-serif; font-size:13px;'><h3 style='color:#1565C0; margin:4px 0;'>รหัสแปลง: 321017060136</h3><p style='margin:2px 0;'><b>กลุ่มคิว:</b> 71_001</p><table border='1' style='border-collapse:collapse; border-color:#ccc; width:100%;'><tr><td style='padding:3px 6px; font-weight:bold; background-color:#f2f2f2;'>รหัสกลุ่มคิว</td><td style='padding:3px 6px;'>71/001</td></tr><tr><td style='padding:3px 6px; font-weight:bold; background-color:#f2f2f2;'>รหัสรับเหมา</td><td style='padding:3px 6px;'>733638</td></tr><tr><td style='padding:3px 6px; font-weight:bold; background-color:#f2f2f2;'>ชื่อ-สกุล รับเหมา</td><td style='padding:3px 6px;'>นาย สิทธิชัย ธรรมสุข</td></tr><tr><td style='padding:3px 6px; font-weight:bold; background-color:#f2f2f2;'>นักเกษตร</td><td style='padding:3px 6px;'>7104</td></tr><tr><td style='padding:3px 6px; font-weight:bold; background-color:#f2f2f2;'>ศูนย์</td><td style='padding:3px 6px;'>K2-71</td></tr><tr><td style='padding:3px 6px; font-weight:bold; background-color:#f2f2f2;'>โควตา</td><td style='padding:3px 6px;'>733259</td></tr><tr><td style='padding:3px 6px; font-weight:bold; background-color:#f2f2f2;'>ชาวไร่</td><td style='padding:3px 6px;'>นาย สิริชัย มีเหมาะ</td></tr><tr><td style='padding:3px 6px; font-weight:bold; background-color:#f2f2f2;'>ประเภทอ้อย</td><td style='padding:3px 6px;'>ปลายฝน</td></tr><tr><td style='padding:3px 6px; font-weight:bold; background-color:#f2f2f2;'>พื้นที่</td><td style='padding:3px 6px;'>6.5</td></tr><tr><td style='padding:3px 6px; font-weight:bold; background-color:#f2f2f2;'>ตันรวม</td><td style='padding:3px 6px;'>84.5</td></tr><tr><td style='padding:3px 6px; font-weight:bold; background-color:#f2f2f2;'>รหัสแปลง</td><td style='padding:3px 6px;'>321017060136</td></tr><tr><td style='padding:3px 6px; font-weight:bold; background-color:#f2f2f2;'>กลุ่ม</td><td style='padding:3px 6px;'>กลุ่ม_71</td></tr></table></div>]]></description>
      <styleUrl>#plotStyle</styleUrl>
      <MultiGeometry><Polygon><outerBoundaryIs><LinearRing><coordinates>103.8881367,14.4751633,0 103.8880017,14.4754200,0 103.8881683,14.4754817,0 103.8880650,14.4756717,0 103.8879600,14.4756467,0 103.8877033,14.4760383,0 103.8884400,14.4762183,0 103.8886000,14.4761817,0 103.8888950,14.4759200,0 103.8891033,14.4756850,0 103.8891850,14.4755533,0 103.8881367,14.4751633,0</coordinates></LinearRing></outerBoundaryIs></Polygon></MultiGeometry>
    </Placemark>
    <Placemark>
      <name>321017061514</name>
      <description><![CDATA[<div style='font-family:Tahoma,sans-serif; font-size:13px;'><h3 style='color:#1565C0; margin:4px 0;'>รหัสแปลง: 321017061514</h3><p style='margin:2px 0;'><b>กลุ่มคิว:</b> 71_001</p><table border='1' style='border-collapse:collapse; border-color:#ccc; width:100%;'><tr><td style='padding:3px 6px; font-weight:bold; background-color:#f2f2f2;'>รหัสกลุ่มคิว</td><td style='padding:3px 6px;'>71/001</td></tr><tr><td style='padding:3px 6px; font-weight:bold; background-color:#f2f2f2;'>รหัสรับเหมา</td><td style='padding:3px 6px;'>733638</td></tr><tr><td style='padding:3px 6px; font-weight:bold; background-color:#f2f2f2;'>ชื่อ-สกุล รับเหมา</td><td style='padding:3px 6px;'>นาย สิทธิชัย ธรรมสุข</td></tr><tr><td style='padding:3px 6px; font-weight:bold; background-color:#f2f2f2;'>นักเกษตร</td><td style='padding:3px 6px;'>7104</td></tr><tr><td style='padding:3px 6px; font-weight:bold; background-color:#f2f2f2;'>ศูนย์</td><td style='padding:3px 6px;'>K2-71</td></tr><tr><td style='padding:3px 6px; font-weight:bold; background-color:#f2f2f2;'>โควตา</td><td style='padding:3px 6px;'>733765</td></tr><tr><td style='padding:3px 6px; font-weight:bold; background-color:#f2f2f2;'>ชาวไร่</td><td style='padding:3px 6px;'>นาย สังข์ มีเหมาะ</td></tr><tr><td style='padding:3px 6px; font-weight:bold; background-color:#f2f2f2;'>ประเภทอ้อย</td><td style='padding:3px 6px;'>ตอ2</td></tr><tr><td style='padding:3px 6px; font-weight:bold; background-color:#f2f2f2;'>พื้นที่</td><td style='padding:3px 6px;'>2.61</td></tr><tr><td style='padding:3px 6px; font-weight:bold; background-color:#f2f2f2;'>ตันรวม</td><td style='padding:3px 6px;'>20.88</td></tr><tr><td style='padding:3px 6px; font-weight:bold; background-color:#f2f2f2;'>รหัสแปลง</td><td style='padding:3px 6px;'>321017061514</td></tr><tr><td style='padding:3px 6px; font-weight:bold; background-color:#f2f2f2;'>กลุ่ม</td><td style='padding:3px 6px;'>กลุ่ม_71</td></tr></table></div>]]></description>
      <styleUrl>#plotStyle</styleUrl>
      <MultiGeometry><Polygon><outerBoundaryIs><LinearRing><coordinates>103.8893767,14.4758083,0 103.8891417,14.4757283,0 103.8889317,14.4759783,0 103.8885333,14.4763317,0 103.8890200,14.4764933,0 103.8892083,14.4762417,0 103.8895867,14.4758583,0 103.8893767,14.4758083,0</coordinates></LinearRing></outerBoundaryIs></Polygon></MultiGeometry>
    </Placemark>
    <Placemark>
      <name>321017061595</name>
      <description><![CDATA[<div style='font-family:Tahoma,sans-serif; font-size:13px;'><h3 style='color:#1565C0; margin:4px 0;'>รหัสแปลง: 321017061595</h3><p style='margin:2px 0;'><b>กลุ่มคิว:</b> 71_001</p><table border='1' style='border-collapse:collapse; border-color:#ccc; width:100%;'><tr><td style='padding:3px 6px; font-weight:bold; background-color:#f2f2f2;'>รหัสกลุ่มคิว</td><td style='padding:3px 6px;'>71/001</td></tr><tr><td style='padding:3px 6px; font-weight:bold; background-color:#f2f2f2;'>รหัสรับเหมา</td><td style='padding:3px 6px;'>733638</td></tr><tr><td style='padding:3px 6px; font-weight:bold; background-color:#f2f2f2;'>ชื่อ-สกุล รับเหมา</td><td style='padding:3px 6px;'>นาย สิทธิชัย ธรรมสุข</td></tr><tr><td style='padding:3px 6px; font-weight:bold; background-color:#f2f2f2;'>นักเกษตร</td><td style='padding:3px 6px;'>7104</td></tr><tr><td style='padding:3px 6px; font-weight:bold; background-color:#f2f2f2;'>ศูนย์</td><td style='padding:3px 6px;'>K2-71</td></tr><tr><td style='padding:3px 6px; font-weight:bold; background-color:#f2f2f2;'>โควตา</td><td style='padding:3px 6px;'>733609</td></tr><tr><td style='padding:3px 6px; font-weight:bold; background-color:#f2f2f2;'>ชาวไร่</td><td style='padding:3px 6px;'>นาง แอด สามารถ</td></tr><tr><td style='padding:3px 6px; font-weight:bold; background-color:#f2f2f2;'>ประเภทอ้อย</td><td style='padding:3px 6px;'>ปลายฝน</td></tr><tr><td style='padding:3px 6px; font-weight:bold; background-color:#f2f2f2;'>พื้นที่</td><td style='padding:3px 6px;'>10.02</td></tr><tr><td style='padding:3px 6px; font-weight:bold; background-color:#f2f2f2;'>ตันรวม</td><td style='padding:3px 6px;'>130.26</td></tr><tr><td style='padding:3px 6px; font-weight:bold; background-color:#f2f2f2;'>รหัสแปลง</td><td style='padding:3px 6px;'>321017061595</td></tr><tr><td style='padding:3px 6px; font-weight:bold; background-color:#f2f2f2;'>กลุ่ม</td><td style='padding:3px 6px;'>กลุ่ม_71</td></tr></table></div>]]></description>
      <styleUrl>#plotStyle</styleUrl>
      <MultiGeometry><Polygon><outerBoundaryIs><LinearRing><coordinates>103.8782371,14.4825282,0 103.8778169,14.4823636,0 103.8775657,14.4822394,0 103.8773003,14.4821084,0 103.8770309,14.4819762,0 103.8769694,14.4819598,0 103.8763611,14.4829537,0 103.8769591,14.4830530,0 103.8771990,14.4831265,0 103.8774901,14.4831989,0 103.8775661,14.4829543,0 103.8781678,14.4830278,0 103.8782371,14.4825282,0</coordinates></LinearRing></outerBoundaryIs></Polygon><Polygon><outerBoundaryIs><LinearRing><coordinates>103.8781696,14.4830280,0 103.8781678,14.4830278,0 103.8781662,14.4830387,0 103.8781696,14.4830280,0</coordinates></LinearRing></outerBoundaryIs></Polygon></MultiGeometry>
    </Placemark>
    <Placemark>
      <name>321017061599</name>
      <description><![CDATA[<div style='font-family:Tahoma,sans-serif; font-size:13px;'><h3 style='color:#1565C0; margin:4px 0;'>รหัสแปลง: 321017061599</h3><p style='margin:2px 0;'><b>กลุ่มคิว:</b> 71_001</p><table border='1' style='border-collapse:collapse; border-color:#ccc; width:100%;'><tr><td style='padding:3px 6px; font-weight:bold; background-color:#f2f2f2;'>รหัสกลุ่มคิว</td><td style='padding:3px 6px;'>71/001</td></tr><tr><td style='padding:3px 6px; font-weight:bold; background-color:#f2f2f2;'>รหัสรับเหมา</td><td style='padding:3px 6px;'>733638</td></tr><tr><td style='padding:3px 6px; font-weight:bold; background-color:#f2f2f2;'>ชื่อ-สกุล รับเหมา</td><td style='padding:3px 6px;'>นาย สิทธิชัย ธรรมสุข</td></tr><tr><td style='padding:3px 6px; font-weight:bold; background-color:#f2f2f2;'>นักเกษตร</td><td style='padding:3px 6px;'>7104</td></tr><tr><td style='padding:3px 6px; font-weight:bold; background-color:#f2f2f2;'>ศูนย์</td><td style='padding:3px 6px;'>K2-71</td></tr><tr><td style='padding:3px 6px; font-weight:bold; background-color:#f2f2f2;'>โควตา</td><td style='padding:3px 6px;'>733765</td></tr><tr><td style='padding:3px 6px; font-weight:bold; background-color:#f2f2f2;'>ชาวไร่</td><td style='padding:3px 6px;'>นาย สังข์ มีเหมาะ</td></tr><tr><td style='padding:3px 6px; font-weight:bold; background-color:#f2f2f2;'>ประเภทอ้อย</td><td style='padding:3px 6px;'>ปลายฝน</td></tr><tr><td style='padding:3px 6px; font-weight:bold; background-color:#f2f2f2;'>พื้นที่</td><td style='padding:3px 6px;'>2.95</td></tr><tr><td style='padding:3px 6px; font-weight:bold; background-color:#f2f2f2;'>ตันรวม</td><td style='padding:3px 6px;'>38.35</td></tr><tr><td style='padding:3px 6px; font-weight:bold; background-color:#f2f2f2;'>รหัสแปลง</td><td style='padding:3px 6px;'>321017061599</td></tr><tr><td style='padding:3px 6px; font-weight:bold; background-color:#f2f2f2;'>กลุ่ม</td><td style='padding:3px 6px;'>กลุ่ม_71</td></tr></table></div>]]></description>
      <styleUrl>#plotStyle</styleUrl>
      <MultiGeometry><Polygon><outerBoundaryIs><LinearRing><coordinates>103.8895383,14.4778867,0 103.8902967,14.4781383,0 103.8904417,14.4780917,0 103.8905450,14.4777617,0 103.8897917,14.4774633,0 103.8895383,14.4778867,0</coordinates></LinearRing></outerBoundaryIs></Polygon></MultiGeometry>
    </Placemark>
    <Placemark>
      <name>321017061602</name>
      <description><![CDATA[<div style='font-family:Tahoma,sans-serif; font-size:13px;'><h3 style='color:#1565C0; margin:4px 0;'>รหัสแปลง: 321017061602</h3><p style='margin:2px 0;'><b>กลุ่มคิว:</b> 71_001</p><table border='1' style='border-collapse:collapse; border-color:#ccc; width:100%;'><tr><td style='padding:3px 6px; font-weight:bold; background-color:#f2f2f2;'>รหัสกลุ่มคิว</td><td style='padding:3px 6px;'>71/001</td></tr><tr><td style='padding:3px 6px; font-weight:bold; background-color:#f2f2f2;'>รหัสรับเหมา</td><td style='padding:3px 6px;'>733638</td></tr><tr><td style='padding:3px 6px; font-weight:bold; background-color:#f2f2f2;'>ชื่อ-สกุล รับเหมา</td><td style='padding:3px 6px;'>นาย สิทธิชัย ธรรมสุข</td></tr><tr><td style='padding:3px 6px; font-weight:bold; background-color:#f2f2f2;'>นักเกษตร</td><td style='padding:3px 6px;'>7104</td></tr><tr><td style='padding:3px 6px; font-weight:bold; background-color:#f2f2f2;'>ศูนย์</td><td style='padding:3px 6px;'>K2-71</td></tr><tr><td style='padding:3px 6px; font-weight:bold; background-color:#f2f2f2;'>โควตา</td><td style='padding:3px 6px;'>733638</td></tr><tr><td style='padding:3px 6px; font-weight:bold; background-color:#f2f2f2;'>ชาวไร่</td><td style='padding:3px 6px;'>นาย สิทธิชัย ธรรมสุข</td></tr><tr><td style='padding:3px 6px; font-weight:bold; background-color:#f2f2f2;'>ประเภทอ้อย</td><td style='padding:3px 6px;'>ตอ2</td></tr><tr><td style='padding:3px 6px; font-weight:bold; background-color:#f2f2f2;'>พื้นที่</td><td style='padding:3px 6px;'>20.1</td></tr><tr><td style='padding:3px 6px; font-weight:bold; background-color:#f2f2f2;'>ตันรวม</td><td style='padding:3px 6px;'>160.8</td></tr><tr><td style='padding:3px 6px; font-weight:bold; background-color:#f2f2f2;'>รหัสแปลง</td><td style='padding:3px 6px;'>321017061602</td></tr><tr><td style='padding:3px 6px; font-weight:bold; background-color:#f2f2f2;'>กลุ่ม</td><td style='padding:3px 6px;'>กลุ่ม_71</td></tr></table></div>]]></description>
      <styleUrl>#plotStyle</styleUrl>
      <MultiGeometry><Polygon><outerBoundaryIs><LinearRing><coordinates>103.8631895,14.4942779,0 103.8631896,14.4942804,0 103.8632993,14.4945454,0 103.8631381,14.4948346,0 103.8631269,14.4949460,0 103.8630340,14.4951550,0 103.8630910,14.4953057,0 103.8631833,14.4956153,0 103.8632292,14.4957931,0 103.8636058,14.4959539,0 103.8639099,14.4960754,0 103.8642683,14.4963564,0 103.8643960,14.4964715,0 103.8645312,14.4962856,0 103.8645863,14.4960770,0 103.8646266,14.4959108,0 103.8646491,14.4955764,0 103.8646445,14.4952449,0 103.8645537,14.4946093,0 103.8643256,14.4942793,0 103.8637913,14.4942846,0 103.8637247,14.4936877,0 103.8635882,14.4936919,0 103.8636544,14.4939956,0 103.8636667,14.4941838,0 103.8635577,14.4941930,0 103.8634737,14.4941879,0 103.8631895,14.4942779,0</coordinates></LinearRing></outerBoundaryIs></Polygon></MultiGeometry>
    </Placemark>
    <Placemark>
      <name>321017061605</name>
      <description><![CDATA[<div style='font-family:Tahoma,sans-serif; font-size:13px;'><h3 style='color:#1565C0; margin:4px 0;'>รหัสแปลง: 321017061605</h3><p style='margin:2px 0;'><b>กลุ่มคิว:</b> 71_001</p><table border='1' style='border-collapse:collapse; border-color:#ccc; width:100%;'><tr><td style='padding:3px 6px; font-weight:bold; background-color:#f2f2f2;'>รหัสกลุ่มคิว</td><td style='padding:3px 6px;'>71/001</td></tr><tr><td style='padding:3px 6px; font-weight:bold; background-color:#f2f2f2;'>รหัสรับเหมา</td><td style='padding:3px 6px;'>733638</td></tr><tr><td style='padding:3px 6px; font-weight:bold; background-color:#f2f2f2;'>ชื่อ-สกุล รับเหมา</td><td style='padding:3px 6px;'>นาย สิทธิชัย ธรรมสุข</td></tr><tr><td style='padding:3px 6px; font-weight:bold; background-color:#f2f2f2;'>นักเกษตร</td><td style='padding:3px 6px;'>7104</td></tr><tr><td style='padding:3px 6px; font-weight:bold; background-color:#f2f2f2;'>ศูนย์</td><td style='padding:3px 6px;'>K2-71</td></tr><tr><td style='padding:3px 6px; font-weight:bold; background-color:#f2f2f2;'>โควตา</td><td style='padding:3px 6px;'>733611</td></tr><tr><td style='padding:3px 6px; font-weight:bold; background-color:#f2f2f2;'>ชาวไร่</td><td style='padding:3px 6px;'>นาง รุ้ง มณฑล</td></tr><tr><td style='padding:3px 6px; font-weight:bold; background-color:#f2f2f2;'>ประเภทอ้อย</td><td style='padding:3px 6px;'>ตอ1</td></tr><tr><td style='padding:3px 6px; font-weight:bold; background-color:#f2f2f2;'>พื้นที่</td><td style='padding:3px 6px;'>15.57</td></tr><tr><td style='padding:3px 6px; font-weight:bold; background-color:#f2f2f2;'>ตันรวม</td><td style='padding:3px 6px;'>140.13</td></tr><tr><td style='padding:3px 6px; font-weight:bold; background-color:#f2f2f2;'>รหัสแปลง</td><td style='padding:3px 6px;'>321017061605</td></tr><tr><td style='padding:3px 6px; font-weight:bold; background-color:#f2f2f2;'>กลุ่ม</td><td style='padding:3px 6px;'>กลุ่ม_71</td></tr></table></div>]]></description>
      <styleUrl>#plotStyle</styleUrl>
      <MultiGeometry><Polygon><outerBoundaryIs><LinearRing><coordinates>103.8921967,14.4770850,0 103.8913467,14.4767600,0 103.8909717,14.4772783,0 103.8909550,14.4773533,0 103.8910133,14.4773883,0 103.8910267,14.4774883,0 103.8909367,14.4776783,0 103.8907817,14.4777383,0 103.8907600,14.4778150,0 103.8907217,14.4778400,0 103.8906517,14.4778750,0 103.8905850,14.4779333,0 103.8906417,14.4780033,0 103.8906400,14.4780817,0 103.8905767,14.4781733,0 103.8905083,14.4782867,0 103.8904417,14.4783233,0 103.8904350,14.4783500,0 103.8903950,14.4784667,0 103.8904150,14.4785133,0 103.8904383,14.4785783,0 103.8904167,14.4786117,0 103.8903333,14.4787300,0 103.8905383,14.4787283,0 103.8905950,14.4787583,0 103.8912983,14.4790383,0 103.8918367,14.4775200,0 103.8921833,14.4776183,0 103.8922400,14.4772067,0 103.8921917,14.4771783,0 103.8921967,14.4770850,0</coordinates></LinearRing></outerBoundaryIs></Polygon></MultiGeometry>
    </Placemark>
    <Placemark>
      <name>321017070157</name>
      <description><![CDATA[<div style='font-family:Tahoma,sans-serif; font-size:13px;'><h3 style='color:#1565C0; margin:4px 0;'>รหัสแปลง: 321017070157</h3><p style='margin:2px 0;'><b>กลุ่มคิว:</b> 71_001</p><table border='1' style='border-collapse:collapse; border-color:#ccc; width:100%;'><tr><td style='padding:3px 6px; font-weight:bold; background-color:#f2f2f2;'>รหัสกลุ่มคิว</td><td style='padding:3px 6px;'>71/001</td></tr><tr><td style='padding:3px 6px; font-weight:bold; background-color:#f2f2f2;'>รหัสรับเหมา</td><td style='padding:3px 6px;'>733638</td></tr><tr><td style='padding:3px 6px; font-weight:bold; background-color:#f2f2f2;'>ชื่อ-สกุล รับเหมา</td><td style='padding:3px 6px;'>นาย สิทธิชัย ธรรมสุข</td></tr><tr><td style='padding:3px 6px; font-weight:bold; background-color:#f2f2f2;'>นักเกษตร</td><td style='padding:3px 6px;'>7104</td></tr><tr><td style='padding:3px 6px; font-weight:bold; background-color:#f2f2f2;'>ศูนย์</td><td style='padding:3px 6px;'>K2-71</td></tr><tr><td style='padding:3px 6px; font-weight:bold; background-color:#f2f2f2;'>โควตา</td><td style='padding:3px 6px;'>733638</td></tr><tr><td style='padding:3px 6px; font-weight:bold; background-color:#f2f2f2;'>ชาวไร่</td><td style='padding:3px 6px;'>นาย สิทธิชัย ธรรมสุข</td></tr><tr><td style='padding:3px 6px; font-weight:bold; background-color:#f2f2f2;'>ประเภทอ้อย</td><td style='padding:3px 6px;'>ตอ4</td></tr><tr><td style='padding:3px 6px; font-weight:bold; background-color:#f2f2f2;'>พื้นที่</td><td style='padding:3px 6px;'>7.59</td></tr><tr><td style='padding:3px 6px; font-weight:bold; background-color:#f2f2f2;'>ตันรวม</td><td style='padding:3px 6px;'>53.13</td></tr><tr><td style='padding:3px 6px; font-weight:bold; background-color:#f2f2f2;'>รหัสแปลง</td><td style='padding:3px 6px;'>321017070157</td></tr><tr><td style='padding:3px 6px; font-weight:bold; background-color:#f2f2f2;'>กลุ่ม</td><td style='padding:3px 6px;'>กลุ่ม_71</td></tr></table></div>]]></description>
      <styleUrl>#plotStyle</styleUrl>
      <MultiGeometry><Polygon><outerBoundaryIs><LinearRing><coordinates>103.8790069,14.5032234,0 103.8790818,14.5037254,0 103.8802524,14.5037313,0 103.8802804,14.5028566,0 103.8794251,14.5028408,0 103.8790069,14.5032234,0</coordinates></LinearRing></outerBoundaryIs></Polygon></MultiGeometry>
    </Placemark>
    <Placemark>
      <name>321017070166</name>
      <description><![CDATA[<div style='font-family:Tahoma,sans-serif; font-size:13px;'><h3 style='color:#1565C0; margin:4px 0;'>รหัสแปลง: 321017070166</h3><p style='margin:2px 0;'><b>กลุ่มคิว:</b> 71_001</p><table border='1' style='border-collapse:collapse; border-color:#ccc; width:100%;'><tr><td style='padding:3px 6px; font-weight:bold; background-color:#f2f2f2;'>รหัสกลุ่มคิว</td><td style='padding:3px 6px;'>71/001</td></tr><tr><td style='padding:3px 6px; font-weight:bold; background-color:#f2f2f2;'>รหัสรับเหมา</td><td style='padding:3px 6px;'>733638</td></tr><tr><td style='padding:3px 6px; font-weight:bold; background-color:#f2f2f2;'>ชื่อ-สกุล รับเหมา</td><td style='padding:3px 6px;'>นาย สิทธิชัย ธรรมสุข</td></tr><tr><td style='padding:3px 6px; font-weight:bold; background-color:#f2f2f2;'>นักเกษตร</td><td style='padding:3px 6px;'>7104</td></tr><tr><td style='padding:3px 6px; font-weight:bold; background-color:#f2f2f2;'>ศูนย์</td><td style='padding:3px 6px;'>K2-71</td></tr><tr><td style='padding:3px 6px; font-weight:bold; background-color:#f2f2f2;'>โควตา</td><td style='padding:3px 6px;'>733855</td></tr><tr><td style='padding:3px 6px; font-weight:bold; background-color:#f2f2f2;'>ชาวไร่</td><td style='padding:3px 6px;'>นาย อ้อม บุญเกื้อ</td></tr><tr><td style='padding:3px 6px; font-weight:bold; background-color:#f2f2f2;'>ประเภทอ้อย</td><td style='padding:3px 6px;'>ตอ1</td></tr><tr><td style='padding:3px 6px; font-weight:bold; background-color:#f2f2f2;'>พื้นที่</td><td style='padding:3px 6px;'>6.15</td></tr><tr><td style='padding:3px 6px; font-weight:bold; background-color:#f2f2f2;'>ตันรวม</td><td style='padding:3px 6px;'>55.35</td></tr><tr><td style='padding:3px 6px; font-weight:bold; background-color:#f2f2f2;'>รหัสแปลง</td><td style='padding:3px 6px;'>321017070166</td></tr><tr><td style='padding:3px 6px; font-weight:bold; background-color:#f2f2f2;'>กลุ่ม</td><td style='padding:3px 6px;'>กลุ่ม_71</td></tr></table></div>]]></description>
      <styleUrl>#plotStyle</styleUrl>
      <MultiGeometry><Polygon><outerBoundaryIs><LinearRing><coordinates>103.8734717,14.5060450,0 103.8745600,14.5061817,0 103.8746317,14.5051917,0 103.8734867,14.5055567,0 103.8734717,14.5060450,0</coordinates></LinearRing></outerBoundaryIs></Polygon></MultiGeometry>
    </Placemark>
    <Placemark>
      <name>321017070173</name>
      <description><![CDATA[<div style='font-family:Tahoma,sans-serif; font-size:13px;'><h3 style='color:#1565C0; margin:4px 0;'>รหัสแปลง: 321017070173</h3><p style='margin:2px 0;'><b>กลุ่มคิว:</b> 71_001</p><table border='1' style='border-collapse:collapse; border-color:#ccc; width:100%;'><tr><td style='padding:3px 6px; font-weight:bold; background-color:#f2f2f2;'>รหัสกลุ่มคิว</td><td style='padding:3px 6px;'>71/001</td></tr><tr><td style='padding:3px 6px; font-weight:bold; background-color:#f2f2f2;'>รหัสรับเหมา</td><td style='padding:3px 6px;'>733638</td></tr><tr><td style='padding:3px 6px; font-weight:bold; background-color:#f2f2f2;'>ชื่อ-สกุล รับเหมา</td><td style='padding:3px 6px;'>นาย สิทธิชัย ธรรมสุข</td></tr><tr><td style='padding:3px 6px; font-weight:bold; background-color:#f2f2f2;'>นักเกษตร</td><td style='padding:3px 6px;'>7104</td></tr><tr><td style='padding:3px 6px; font-weight:bold; background-color:#f2f2f2;'>ศูนย์</td><td style='padding:3px 6px;'>K2-71</td></tr><tr><td style='padding:3px 6px; font-weight:bold; background-color:#f2f2f2;'>โควตา</td><td style='padding:3px 6px;'>733783</td></tr><tr><td style='padding:3px 6px; font-weight:bold; background-color:#f2f2f2;'>ชาวไร่</td><td style='padding:3px 6px;'>นาย ดวง แก้วหอม</td></tr><tr><td style='padding:3px 6px; font-weight:bold; background-color:#f2f2f2;'>ประเภทอ้อย</td><td style='padding:3px 6px;'>ปลายฝน</td></tr><tr><td style='padding:3px 6px; font-weight:bold; background-color:#f2f2f2;'>พื้นที่</td><td style='padding:3px 6px;'>13.21</td></tr><tr><td style='padding:3px 6px; font-weight:bold; background-color:#f2f2f2;'>ตันรวม</td><td style='padding:3px 6px;'>171.73</td></tr><tr><td style='padding:3px 6px; font-weight:bold; background-color:#f2f2f2;'>รหัสแปลง</td><td style='padding:3px 6px;'>321017070173</td></tr><tr><td style='padding:3px 6px; font-weight:bold; background-color:#f2f2f2;'>กลุ่ม</td><td style='padding:3px 6px;'>กลุ่ม_71</td></tr></table></div>]]></description>
      <styleUrl>#plotStyle</styleUrl>
      <MultiGeometry><Polygon><outerBoundaryIs><LinearRing><coordinates>103.8793534,14.5078155,0 103.8796941,14.5077564,0 103.8797818,14.5077496,0 103.8799457,14.5078039,0 103.8801463,14.5078891,0 103.8802544,14.5079628,0 103.8802967,14.5080063,0 103.8805216,14.5080213,0 103.8804238,14.5073379,0 103.8803387,14.5066987,0 103.8798473,14.5067329,0 103.8795143,14.5067531,0 103.8791779,14.5067807,0 103.8788532,14.5068054,0 103.8788348,14.5073260,0 103.8788294,14.5076055,0 103.8788244,14.5078889,0 103.8789081,14.5079305,0 103.8793534,14.5078155,0</coordinates></LinearRing></outerBoundaryIs></Polygon></MultiGeometry>
    </Placemark>
    <Placemark>
      <name>321017071548</name>
      <description><![CDATA[<div style='font-family:Tahoma,sans-serif; font-size:13px;'><h3 style='color:#1565C0; margin:4px 0;'>รหัสแปลง: 321017071548</h3><p style='margin:2px 0;'><b>กลุ่มคิว:</b> 71_001</p><table border='1' style='border-collapse:collapse; border-color:#ccc; width:100%;'><tr><td style='padding:3px 6px; font-weight:bold; background-color:#f2f2f2;'>รหัสกลุ่มคิว</td><td style='padding:3px 6px;'>71/001</td></tr><tr><td style='padding:3px 6px; font-weight:bold; background-color:#f2f2f2;'>รหัสรับเหมา</td><td style='padding:3px 6px;'>733638</td></tr><tr><td style='padding:3px 6px; font-weight:bold; background-color:#f2f2f2;'>ชื่อ-สกุล รับเหมา</td><td style='padding:3px 6px;'>นาย สิทธิชัย ธรรมสุข</td></tr><tr><td style='padding:3px 6px; font-weight:bold; background-color:#f2f2f2;'>นักเกษตร</td><td style='padding:3px 6px;'>7104</td></tr><tr><td style='padding:3px 6px; font-weight:bold; background-color:#f2f2f2;'>ศูนย์</td><td style='padding:3px 6px;'>K2-71</td></tr><tr><td style='padding:3px 6px; font-weight:bold; background-color:#f2f2f2;'>โควตา</td><td style='padding:3px 6px;'>733709</td></tr><tr><td style='padding:3px 6px; font-weight:bold; background-color:#f2f2f2;'>ชาวไร่</td><td style='padding:3px 6px;'>นาย จักรพันธ์ วันไทย</td></tr><tr><td style='padding:3px 6px; font-weight:bold; background-color:#f2f2f2;'>ประเภทอ้อย</td><td style='padding:3px 6px;'>ตอ2</td></tr><tr><td style='padding:3px 6px; font-weight:bold; background-color:#f2f2f2;'>พื้นที่</td><td style='padding:3px 6px;'>14.48</td></tr><tr><td style='padding:3px 6px; font-weight:bold; background-color:#f2f2f2;'>ตันรวม</td><td style='padding:3px 6px;'>115.84</td></tr><tr><td style='padding:3px 6px; font-weight:bold; background-color:#f2f2f2;'>รหัสแปลง</td><td style='padding:3px 6px;'>321017071548</td></tr><tr><td style='padding:3px 6px; font-weight:bold; background-color:#f2f2f2;'>กลุ่ม</td><td style='padding:3px 6px;'>กลุ่ม_71</td></tr></table></div>]]></description>
      <styleUrl>#plotStyle</styleUrl>
      <MultiGeometry><Polygon><outerBoundaryIs><LinearRing><coordinates>103.8843900,14.5126417,0 103.8855667,14.5123817,0 103.8852767,14.5110333,0 103.8838967,14.5112950,0 103.8838083,14.5113483,0 103.8840233,14.5119400,0 103.8843900,14.5126417,0</coordinates></LinearRing></outerBoundaryIs></Polygon></MultiGeometry>
    </Placemark>
    <Placemark>
      <name>321017071560</name>
      <description><![CDATA[<div style='font-family:Tahoma,sans-serif; font-size:13px;'><h3 style='color:#1565C0; margin:4px 0;'>รหัสแปลง: 321017071560</h3><p style='margin:2px 0;'><b>กลุ่มคิว:</b> 71_001</p><table border='1' style='border-collapse:collapse; border-color:#ccc; width:100%;'><tr><td style='padding:3px 6px; font-weight:bold; background-color:#f2f2f2;'>รหัสกลุ่มคิว</td><td style='padding:3px 6px;'>71/001</td></tr><tr><td style='padding:3px 6px; font-weight:bold; background-color:#f2f2f2;'>รหัสรับเหมา</td><td style='padding:3px 6px;'>733638</td></tr><tr><td style='padding:3px 6px; font-weight:bold; background-color:#f2f2f2;'>ชื่อ-สกุล รับเหมา</td><td style='padding:3px 6px;'>นาย สิทธิชัย ธรรมสุข</td></tr><tr><td style='padding:3px 6px; font-weight:bold; background-color:#f2f2f2;'>นักเกษตร</td><td style='padding:3px 6px;'>7104</td></tr><tr><td style='padding:3px 6px; font-weight:bold; background-color:#f2f2f2;'>ศูนย์</td><td style='padding:3px 6px;'>K2-71</td></tr><tr><td style='padding:3px 6px; font-weight:bold; background-color:#f2f2f2;'>โควตา</td><td style='padding:3px 6px;'>733260</td></tr><tr><td style='padding:3px 6px; font-weight:bold; background-color:#f2f2f2;'>ชาวไร่</td><td style='padding:3px 6px;'>นาย สวัสดิ์ ปุ่มแม่น</td></tr><tr><td style='padding:3px 6px; font-weight:bold; background-color:#f2f2f2;'>ประเภทอ้อย</td><td style='padding:3px 6px;'>ตอ1</td></tr><tr><td style='padding:3px 6px; font-weight:bold; background-color:#f2f2f2;'>พื้นที่</td><td style='padding:3px 6px;'>10.96</td></tr><tr><td style='padding:3px 6px; font-weight:bold; background-color:#f2f2f2;'>ตันรวม</td><td style='padding:3px 6px;'>98.64</td></tr><tr><td style='padding:3px 6px; font-weight:bold; background-color:#f2f2f2;'>รหัสแปลง</td><td style='padding:3px 6px;'>321017071560</td></tr><tr><td style='padding:3px 6px; font-weight:bold; background-color:#f2f2f2;'>กลุ่ม</td><td style='padding:3px 6px;'>กลุ่ม_71</td></tr></table></div>]]></description>
      <styleUrl>#plotStyle</styleUrl>
      <MultiGeometry><Polygon><outerBoundaryIs><LinearRing><coordinates>103.8586817,14.5087967,0 103.8586533,14.5081750,0 103.8584483,14.5081533,0 103.8584050,14.5081650,0 103.8583333,14.5081833,0 103.8582850,14.5081883,0 103.8582100,14.5081833,0 103.8580917,14.5082000,0 103.8579317,14.5081783,0 103.8577383,14.5081967,0 103.8575733,14.5082483,0 103.8574350,14.5082267,0 103.8573633,14.5082383,0 103.8572783,14.5082900,0 103.8570833,14.5083083,0 103.8569683,14.5082950,0 103.8568900,14.5083017,0 103.8566250,14.5083200,0 103.8565083,14.5083483,0 103.8563500,14.5083200,0 103.8561000,14.5083500,0 103.8560867,14.5085833,0 103.8562050,14.5086117,0 103.8562233,14.5089217,0 103.8565700,14.5089117,0 103.8569667,14.5088617,0 103.8573033,14.5088150,0 103.8576933,14.5087883,0 103.8580117,14.5087867,0 103.8586817,14.5087967,0</coordinates></LinearRing></outerBoundaryIs></Polygon></MultiGeometry>
    </Placemark>
    <Placemark>
      <name>321305041578</name>
      <description><![CDATA[<div style='font-family:Tahoma,sans-serif; font-size:13px;'><h3 style='color:#1565C0; margin:4px 0;'>รหัสแปลง: 321305041578</h3><p style='margin:2px 0;'><b>กลุ่มคิว:</b> 71_001</p><table border='1' style='border-collapse:collapse; border-color:#ccc; width:100%;'><tr><td style='padding:3px 6px; font-weight:bold; background-color:#f2f2f2;'>รหัสกลุ่มคิว</td><td style='padding:3px 6px;'>71/001</td></tr><tr><td style='padding:3px 6px; font-weight:bold; background-color:#f2f2f2;'>รหัสรับเหมา</td><td style='padding:3px 6px;'>733638</td></tr><tr><td style='padding:3px 6px; font-weight:bold; background-color:#f2f2f2;'>ชื่อ-สกุล รับเหมา</td><td style='padding:3px 6px;'>นาย สิทธิชัย ธรรมสุข</td></tr><tr><td style='padding:3px 6px; font-weight:bold; background-color:#f2f2f2;'>นักเกษตร</td><td style='padding:3px 6px;'>7104</td></tr><tr><td style='padding:3px 6px; font-weight:bold; background-color:#f2f2f2;'>ศูนย์</td><td style='padding:3px 6px;'>K2-71</td></tr><tr><td style='padding:3px 6px; font-weight:bold; background-color:#f2f2f2;'>โควตา</td><td style='padding:3px 6px;'>773506</td></tr><tr><td style='padding:3px 6px; font-weight:bold; background-color:#f2f2f2;'>ชาวไร่</td><td style='padding:3px 6px;'>นาย สังวาล ทองพงค์</td></tr><tr><td style='padding:3px 6px; font-weight:bold; background-color:#f2f2f2;'>ประเภทอ้อย</td><td style='padding:3px 6px;'>ตอ2</td></tr><tr><td style='padding:3px 6px; font-weight:bold; background-color:#f2f2f2;'>พื้นที่</td><td style='padding:3px 6px;'>12.84</td></tr><tr><td style='padding:3px 6px; font-weight:bold; background-color:#f2f2f2;'>ตันรวม</td><td style='padding:3px 6px;'>102.72</td></tr><tr><td style='padding:3px 6px; font-weight:bold; background-color:#f2f2f2;'>รหัสแปลง</td><td style='padding:3px 6px;'>321305041578</td></tr><tr><td style='padding:3px 6px; font-weight:bold; background-color:#f2f2f2;'>กลุ่ม</td><td style='padding:3px 6px;'>กลุ่ม_71</td></tr></table></div>]]></description>
      <styleUrl>#plotStyle</styleUrl>
      <MultiGeometry><Polygon><outerBoundaryIs><LinearRing><coordinates>103.9011458,14.4718538,0 103.8991272,14.4719770,0 103.8991613,14.4722766,0 103.8991884,14.4722775,0 103.8992278,14.4722937,0 103.8992667,14.4723429,0 103.8993614,14.4727169,0 103.8994086,14.4727271,0 103.8995427,14.4728472,0 103.8995522,14.4728956,0 103.9004670,14.4727698,0 103.9012099,14.4727514,0 103.9011458,14.4718538,0</coordinates></LinearRing></outerBoundaryIs></Polygon></MultiGeometry>
    </Placemark>
    <Placemark>
      <name>321305040213</name>
      <description><![CDATA[<div style='font-family:Tahoma,sans-serif; font-size:13px;'><h3 style='color:#1565C0; margin:4px 0;'>รหัสแปลง: 321305040213</h3><p style='margin:2px 0;'><b>กลุ่มคิว:</b> 71_001</p><table border='1' style='border-collapse:collapse; border-color:#ccc; width:100%;'><tr><td style='padding:3px 6px; font-weight:bold; background-color:#f2f2f2;'>รหัสกลุ่มคิว</td><td style='padding:3px 6px;'>71/001</td></tr><tr><td style='padding:3px 6px; font-weight:bold; background-color:#f2f2f2;'>รหัสรับเหมา</td><td style='padding:3px 6px;'>733638</td></tr><tr><td style='padding:3px 6px; font-weight:bold; background-color:#f2f2f2;'>ชื่อ-สกุล รับเหมา</td><td style='padding:3px 6px;'>นาย สิทธิชัย ธรรมสุข</td></tr><tr><td style='padding:3px 6px; font-weight:bold; background-color:#f2f2f2;'>นักเกษตร</td><td style='padding:3px 6px;'>7104</td></tr><tr><td style='padding:3px 6px; font-weight:bold; background-color:#f2f2f2;'>ศูนย์</td><td style='padding:3px 6px;'>K2-71</td></tr><tr><td style='padding:3px 6px; font-weight:bold; background-color:#f2f2f2;'>โควตา</td><td style='padding:3px 6px;'>771278</td></tr><tr><td style='padding:3px 6px; font-weight:bold; background-color:#f2f2f2;'>ชาวไร่</td><td style='padding:3px 6px;'>นาย สงวน ราชรักษ์</td></tr><tr><td style='padding:3px 6px; font-weight:bold; background-color:#f2f2f2;'>ประเภทอ้อย</td><td style='padding:3px 6px;'>ตอ1</td></tr><tr><td style='padding:3px 6px; font-weight:bold; background-color:#f2f2f2;'>พื้นที่</td><td style='padding:3px 6px;'>20.69</td></tr><tr><td style='padding:3px 6px; font-weight:bold; background-color:#f2f2f2;'>ตันรวม</td><td style='padding:3px 6px;'>186.21</td></tr><tr><td style='padding:3px 6px; font-weight:bold; background-color:#f2f2f2;'>รหัสแปลง</td><td style='padding:3px 6px;'>321305040213</td></tr><tr><td style='padding:3px 6px; font-weight:bold; background-color:#f2f2f2;'>กลุ่ม</td><td style='padding:3px 6px;'>กลุ่ม_71</td></tr></table></div>]]></description>
      <styleUrl>#plotStyle</styleUrl>
      <MultiGeometry><Polygon><outerBoundaryIs><LinearRing><coordinates>103.8926717,14.4826033,0 103.8913650,14.4827100,0 103.8912000,14.4830033,0 103.8911283,14.4842783,0 103.8912600,14.4843283,0 103.8929450,14.4843350,0 103.8929650,14.4841300,0 103.8926717,14.4826033,0</coordinates></LinearRing></outerBoundaryIs></Polygon></MultiGeometry>
    </Placemark>
    <Placemark>
      <name>321305040353</name>
      <description><![CDATA[<div style='font-family:Tahoma,sans-serif; font-size:13px;'><h3 style='color:#1565C0; margin:4px 0;'>รหัสแปลง: 321305040353</h3><p style='margin:2px 0;'><b>กลุ่มคิว:</b> 71_001</p><table border='1' style='border-collapse:collapse; border-color:#ccc; width:100%;'><tr><td style='padding:3px 6px; font-weight:bold; background-color:#f2f2f2;'>รหัสกลุ่มคิว</td><td style='padding:3px 6px;'>71/001</td></tr><tr><td style='padding:3px 6px; font-weight:bold; background-color:#f2f2f2;'>รหัสรับเหมา</td><td style='padding:3px 6px;'>733638</td></tr><tr><td style='padding:3px 6px; font-weight:bold; background-color:#f2f2f2;'>ชื่อ-สกุล รับเหมา</td><td style='padding:3px 6px;'>นาย สิทธิชัย ธรรมสุข</td></tr><tr><td style='padding:3px 6px; font-weight:bold; background-color:#f2f2f2;'>นักเกษตร</td><td style='padding:3px 6px;'>7104</td></tr><tr><td style='padding:3px 6px; font-weight:bold; background-color:#f2f2f2;'>ศูนย์</td><td style='padding:3px 6px;'>K2-71</td></tr><tr><td style='padding:3px 6px; font-weight:bold; background-color:#f2f2f2;'>โควตา</td><td style='padding:3px 6px;'>773442</td></tr><tr><td style='padding:3px 6px; font-weight:bold; background-color:#f2f2f2;'>ชาวไร่</td><td style='padding:3px 6px;'>นาง สุรีวรรณ แก้วดี</td></tr><tr><td style='padding:3px 6px; font-weight:bold; background-color:#f2f2f2;'>ประเภทอ้อย</td><td style='padding:3px 6px;'>ตอ1</td></tr><tr><td style='padding:3px 6px; font-weight:bold; background-color:#f2f2f2;'>พื้นที่</td><td style='padding:3px 6px;'>7.78</td></tr><tr><td style='padding:3px 6px; font-weight:bold; background-color:#f2f2f2;'>ตันรวม</td><td style='padding:3px 6px;'>70.02</td></tr><tr><td style='padding:3px 6px; font-weight:bold; background-color:#f2f2f2;'>รหัสแปลง</td><td style='padding:3px 6px;'>321305040353</td></tr><tr><td style='padding:3px 6px; font-weight:bold; background-color:#f2f2f2;'>กลุ่ม</td><td style='padding:3px 6px;'>กลุ่ม_71</td></tr></table></div>]]></description>
      <styleUrl>#plotStyle</styleUrl>
      <MultiGeometry><Polygon><outerBoundaryIs><LinearRing><coordinates>103.9013194,14.4707833,0 103.9013108,14.4715151,0 103.9026137,14.4714935,0 103.9027865,14.4715194,0 103.9028139,14.4714698,0 103.9028278,14.4713088,0 103.9027155,14.4712048,0 103.9026470,14.4711021,0 103.9026161,14.4710100,0 103.9025633,14.4708748,0 103.9024915,14.4707856,0 103.9023770,14.4707543,0 103.9021329,14.4707043,0 103.9013194,14.4707833,0</coordinates></LinearRing></outerBoundaryIs></Polygon></MultiGeometry>
    </Placemark>
    <Placemark>
      <name>321017010133</name>
      <description><![CDATA[<div style='font-family:Tahoma,sans-serif; font-size:13px;'><h3 style='color:#1565C0; margin:4px 0;'>รหัสแปลง: 321017010133</h3><p style='margin:2px 0;'><b>กลุ่มคิว:</b> 71_001</p><table border='1' style='border-collapse:collapse; border-color:#ccc; width:100%;'><tr><td style='padding:3px 6px; font-weight:bold; background-color:#f2f2f2;'>รหัสกลุ่มคิว</td><td style='padding:3px 6px;'>71/001</td></tr><tr><td style='padding:3px 6px; font-weight:bold; background-color:#f2f2f2;'>รหัสรับเหมา</td><td style='padding:3px 6px;'>733638</td></tr><tr><td style='padding:3px 6px; font-weight:bold; background-color:#f2f2f2;'>ชื่อ-สกุล รับเหมา</td><td style='padding:3px 6px;'>นาย สิทธิชัย ธรรมสุข</td></tr><tr><td style='padding:3px 6px; font-weight:bold; background-color:#f2f2f2;'>นักเกษตร</td><td style='padding:3px 6px;'>7104</td></tr><tr><td style='padding:3px 6px; font-weight:bold; background-color:#f2f2f2;'>ศูนย์</td><td style='padding:3px 6px;'>K2-71</td></tr><tr><td style='padding:3px 6px; font-weight:bold; background-color:#f2f2f2;'>โควตา</td><td style='padding:3px 6px;'>730145</td></tr><tr><td style='padding:3px 6px; font-weight:bold; background-color:#f2f2f2;'>ชาวไร่</td><td style='padding:3px 6px;'>นาย สมพร สุบิน</td></tr><tr><td style='padding:3px 6px; font-weight:bold; background-color:#f2f2f2;'>ประเภทอ้อย</td><td style='padding:3px 6px;'>ตอ2</td></tr><tr><td style='padding:3px 6px; font-weight:bold; background-color:#f2f2f2;'>พื้นที่</td><td style='padding:3px 6px;'>3.45</td></tr><tr><td style='padding:3px 6px; font-weight:bold; background-color:#f2f2f2;'>ตันรวม</td><td style='padding:3px 6px;'>27.6</td></tr><tr><td style='padding:3px 6px; font-weight:bold; background-color:#f2f2f2;'>รหัสแปลง</td><td style='padding:3px 6px;'>321017010133</td></tr><tr><td style='padding:3px 6px; font-weight:bold; background-color:#f2f2f2;'>กลุ่ม</td><td style='padding:3px 6px;'>กลุ่ม_71</td></tr></table></div>]]></description>
      <styleUrl>#plotStyle</styleUrl>
      <MultiGeometry><Polygon><outerBoundaryIs><LinearRing><coordinates>103.8257950,14.4577968,0 103.8264752,14.4577900,0 103.8265203,14.4571476,0 103.8258651,14.4570688,0 103.8257950,14.4577968,0</coordinates></LinearRing></outerBoundaryIs></Polygon></MultiGeometry>
    </Placemark>
    <Placemark>
      <name>321017060191</name>
      <description><![CDATA[<div style='font-family:Tahoma,sans-serif; font-size:13px;'><h3 style='color:#1565C0; margin:4px 0;'>รหัสแปลง: 321017060191</h3><p style='margin:2px 0;'><b>กลุ่มคิว:</b> 71_001</p><table border='1' style='border-collapse:collapse; border-color:#ccc; width:100%;'><tr><td style='padding:3px 6px; font-weight:bold; background-color:#f2f2f2;'>รหัสกลุ่มคิว</td><td style='padding:3px 6px;'>71/001</td></tr><tr><td style='padding:3px 6px; font-weight:bold; background-color:#f2f2f2;'>รหัสรับเหมา</td><td style='padding:3px 6px;'>733638</td></tr><tr><td style='padding:3px 6px; font-weight:bold; background-color:#f2f2f2;'>ชื่อ-สกุล รับเหมา</td><td style='padding:3px 6px;'>นาย สิทธิชัย ธรรมสุข</td></tr><tr><td style='padding:3px 6px; font-weight:bold; background-color:#f2f2f2;'>นักเกษตร</td><td style='padding:3px 6px;'>7104</td></tr><tr><td style='padding:3px 6px; font-weight:bold; background-color:#f2f2f2;'>ศูนย์</td><td style='padding:3px 6px;'>K2-71</td></tr><tr><td style='padding:3px 6px; font-weight:bold; background-color:#f2f2f2;'>โควตา</td><td style='padding:3px 6px;'>733510</td></tr><tr><td style='padding:3px 6px; font-weight:bold; background-color:#f2f2f2;'>ชาวไร่</td><td style='padding:3px 6px;'>นาย สุรัตน์ เหมือนวาจา</td></tr><tr><td style='padding:3px 6px; font-weight:bold; background-color:#f2f2f2;'>ประเภทอ้อย</td><td style='padding:3px 6px;'>ปลายฝน</td></tr><tr><td style='padding:3px 6px; font-weight:bold; background-color:#f2f2f2;'>พื้นที่</td><td style='padding:3px 6px;'>17.98</td></tr><tr><td style='padding:3px 6px; font-weight:bold; background-color:#f2f2f2;'>ตันรวม</td><td style='padding:3px 6px;'>233.74</td></tr><tr><td style='padding:3px 6px; font-weight:bold; background-color:#f2f2f2;'>รหัสแปลง</td><td style='padding:3px 6px;'>321017060191</td></tr><tr><td style='padding:3px 6px; font-weight:bold; background-color:#f2f2f2;'>กลุ่ม</td><td style='padding:3px 6px;'>กลุ่ม_71</td></tr></table></div>]]></description>
      <styleUrl>#plotStyle</styleUrl>
      <MultiGeometry><Polygon><outerBoundaryIs><LinearRing><coordinates>103.8792683,14.4918350,0 103.8803800,14.4921067,0 103.8806017,14.4912650,0 103.8805750,14.4903650,0 103.8804200,14.4903417,0 103.8803667,14.4902117,0 103.8797517,14.4901300,0 103.8797717,14.4900667,0 103.8792267,14.4899700,0 103.8792683,14.4918350,0</coordinates></LinearRing></outerBoundaryIs></Polygon></MultiGeometry>
    </Placemark>
    <Placemark>
      <name>321017060212</name>
      <description><![CDATA[<div style='font-family:Tahoma,sans-serif; font-size:13px;'><h3 style='color:#1565C0; margin:4px 0;'>รหัสแปลง: 321017060212</h3><p style='margin:2px 0;'><b>กลุ่มคิว:</b> 71_001</p><table border='1' style='border-collapse:collapse; border-color:#ccc; width:100%;'><tr><td style='padding:3px 6px; font-weight:bold; background-color:#f2f2f2;'>รหัสกลุ่มคิว</td><td style='padding:3px 6px;'>71/001</td></tr><tr><td style='padding:3px 6px; font-weight:bold; background-color:#f2f2f2;'>รหัสรับเหมา</td><td style='padding:3px 6px;'>733638</td></tr><tr><td style='padding:3px 6px; font-weight:bold; background-color:#f2f2f2;'>ชื่อ-สกุล รับเหมา</td><td style='padding:3px 6px;'>นาย สิทธิชัย ธรรมสุข</td></tr><tr><td style='padding:3px 6px; font-weight:bold; background-color:#f2f2f2;'>นักเกษตร</td><td style='padding:3px 6px;'>7104</td></tr><tr><td style='padding:3px 6px; font-weight:bold; background-color:#f2f2f2;'>ศูนย์</td><td style='padding:3px 6px;'>K2-71</td></tr><tr><td style='padding:3px 6px; font-weight:bold; background-color:#f2f2f2;'>โควตา</td><td style='padding:3px 6px;'>730081</td></tr><tr><td style='padding:3px 6px; font-weight:bold; background-color:#f2f2f2;'>ชาวไร่</td><td style='padding:3px 6px;'>นาย เจ็ด มีเหมาะ</td></tr><tr><td style='padding:3px 6px; font-weight:bold; background-color:#f2f2f2;'>ประเภทอ้อย</td><td style='padding:3px 6px;'>ตอ1</td></tr><tr><td style='padding:3px 6px; font-weight:bold; background-color:#f2f2f2;'>พื้นที่</td><td style='padding:3px 6px;'>10.71</td></tr><tr><td style='padding:3px 6px; font-weight:bold; background-color:#f2f2f2;'>ตันรวม</td><td style='padding:3px 6px;'>96.39</td></tr><tr><td style='padding:3px 6px; font-weight:bold; background-color:#f2f2f2;'>รหัสแปลง</td><td style='padding:3px 6px;'>321017060212</td></tr><tr><td style='padding:3px 6px; font-weight:bold; background-color:#f2f2f2;'>กลุ่ม</td><td style='padding:3px 6px;'>กลุ่ม_71</td></tr></table></div>]]></description>
      <styleUrl>#plotStyle</styleUrl>
      <MultiGeometry><Polygon><outerBoundaryIs><LinearRing><coordinates>103.8813683,14.4911250,0 103.8806083,14.4908933,0 103.8805883,14.4911833,0 103.8812567,14.4913133,0 103.8813083,14.4911850,0 103.8825317,14.4915750,0 103.8828750,14.4918417,0 103.8830183,14.4915450,0 103.8828400,14.4913550,0 103.8827283,14.4907983,0 103.8814383,14.4903933,0 103.8813683,14.4911250,0</coordinates></LinearRing></outerBoundaryIs></Polygon></MultiGeometry>
    </Placemark>
    <Placemark>
      <name>321017060254</name>
      <description><![CDATA[<div style='font-family:Tahoma,sans-serif; font-size:13px;'><h3 style='color:#1565C0; margin:4px 0;'>รหัสแปลง: 321017060254</h3><p style='margin:2px 0;'><b>กลุ่มคิว:</b> 71_001</p><table border='1' style='border-collapse:collapse; border-color:#ccc; width:100%;'><tr><td style='padding:3px 6px; font-weight:bold; background-color:#f2f2f2;'>รหัสกลุ่มคิว</td><td style='padding:3px 6px;'>71/001</td></tr><tr><td style='padding:3px 6px; font-weight:bold; background-color:#f2f2f2;'>รหัสรับเหมา</td><td style='padding:3px 6px;'>733638</td></tr><tr><td style='padding:3px 6px; font-weight:bold; background-color:#f2f2f2;'>ชื่อ-สกุล รับเหมา</td><td style='padding:3px 6px;'>นาย สิทธิชัย ธรรมสุข</td></tr><tr><td style='padding:3px 6px; font-weight:bold; background-color:#f2f2f2;'>นักเกษตร</td><td style='padding:3px 6px;'>7104</td></tr><tr><td style='padding:3px 6px; font-weight:bold; background-color:#f2f2f2;'>ศูนย์</td><td style='padding:3px 6px;'>K2-71</td></tr><tr><td style='padding:3px 6px; font-weight:bold; background-color:#f2f2f2;'>โควตา</td><td style='padding:3px 6px;'>733510</td></tr><tr><td style='padding:3px 6px; font-weight:bold; background-color:#f2f2f2;'>ชาวไร่</td><td style='padding:3px 6px;'>นาย สุรัตน์ เหมือนวาจา</td></tr><tr><td style='padding:3px 6px; font-weight:bold; background-color:#f2f2f2;'>ประเภทอ้อย</td><td style='padding:3px 6px;'>ปลายฝน</td></tr><tr><td style='padding:3px 6px; font-weight:bold; background-color:#f2f2f2;'>พื้นที่</td><td style='padding:3px 6px;'>1.06</td></tr><tr><td style='padding:3px 6px; font-weight:bold; background-color:#f2f2f2;'>ตันรวม</td><td style='padding:3px 6px;'>13.78</td></tr><tr><td style='padding:3px 6px; font-weight:bold; background-color:#f2f2f2;'>รหัสแปลง</td><td style='padding:3px 6px;'>321017060254</td></tr><tr><td style='padding:3px 6px; font-weight:bold; background-color:#f2f2f2;'>กลุ่ม</td><td style='padding:3px 6px;'>กลุ่ม_71</td></tr></table></div>]]></description>
      <styleUrl>#plotStyle</styleUrl>
      <MultiGeometry><Polygon><outerBoundaryIs><LinearRing><coordinates>103.8792600,14.4918283,0 103.8792383,14.4920433,0 103.8798150,14.4922067,0 103.8798517,14.4919517,0 103.8792600,14.4918283,0</coordinates></LinearRing></outerBoundaryIs></Polygon></MultiGeometry>
    </Placemark>
    <Placemark>
      <name>321017070108</name>
      <description><![CDATA[<div style='font-family:Tahoma,sans-serif; font-size:13px;'><h3 style='color:#1565C0; margin:4px 0;'>รหัสแปลง: 321017070108</h3><p style='margin:2px 0;'><b>กลุ่มคิว:</b> 71_001</p><table border='1' style='border-collapse:collapse; border-color:#ccc; width:100%;'><tr><td style='padding:3px 6px; font-weight:bold; background-color:#f2f2f2;'>รหัสกลุ่มคิว</td><td style='padding:3px 6px;'>71/001</td></tr><tr><td style='padding:3px 6px; font-weight:bold; background-color:#f2f2f2;'>รหัสรับเหมา</td><td style='padding:3px 6px;'>733638</td></tr><tr><td style='padding:3px 6px; font-weight:bold; background-color:#f2f2f2;'>ชื่อ-สกุล รับเหมา</td><td style='padding:3px 6px;'>นาย สิทธิชัย ธรรมสุข</td></tr><tr><td style='padding:3px 6px; font-weight:bold; background-color:#f2f2f2;'>นักเกษตร</td><td style='padding:3px 6px;'>7104</td></tr><tr><td style='padding:3px 6px; font-weight:bold; background-color:#f2f2f2;'>ศูนย์</td><td style='padding:3px 6px;'>K2-71</td></tr><tr><td style='padding:3px 6px; font-weight:bold; background-color:#f2f2f2;'>โควตา</td><td style='padding:3px 6px;'>733475</td></tr><tr><td style='padding:3px 6px; font-weight:bold; background-color:#f2f2f2;'>ชาวไร่</td><td style='padding:3px 6px;'>นาง แดน นันทา</td></tr><tr><td style='padding:3px 6px; font-weight:bold; background-color:#f2f2f2;'>ประเภทอ้อย</td><td style='padding:3px 6px;'>ปลายฝน</td></tr><tr><td style='padding:3px 6px; font-weight:bold; background-color:#f2f2f2;'>พื้นที่</td><td style='padding:3px 6px;'>11.44</td></tr><tr><td style='padding:3px 6px; font-weight:bold; background-color:#f2f2f2;'>ตันรวม</td><td style='padding:3px 6px;'>148.72</td></tr><tr><td style='padding:3px 6px; font-weight:bold; background-color:#f2f2f2;'>รหัสแปลง</td><td style='padding:3px 6px;'>321017070108</td></tr><tr><td style='padding:3px 6px; font-weight:bold; background-color:#f2f2f2;'>กลุ่ม</td><td style='padding:3px 6px;'>กลุ่ม_71</td></tr></table></div>]]></description>
      <styleUrl>#plotStyle</styleUrl>
      <MultiGeometry><Polygon><outerBoundaryIs><LinearRing><coordinates>103.8774795,14.5083828,0 103.8777768,14.5082315,0 103.8778349,14.5082132,0 103.8779888,14.5081284,0 103.8780922,14.5080758,0 103.8781472,14.5080556,0 103.8782360,14.5080189,0 103.8783532,14.5079808,0 103.8784936,14.5079585,0 103.8787474,14.5079392,0 103.8787821,14.5079151,0 103.8788192,14.5068253,0 103.8781591,14.5068219,0 103.8776362,14.5068389,0 103.8775786,14.5073287,0 103.8777791,14.5073230,0 103.8777309,14.5074758,0 103.8775777,14.5074872,0 103.8774795,14.5083828,0</coordinates></LinearRing></outerBoundaryIs></Polygon></MultiGeometry>
    </Placemark>
    <Placemark>
      <name>321305040362</name>
      <description><![CDATA[<div style='font-family:Tahoma,sans-serif; font-size:13px;'><h3 style='color:#1565C0; margin:4px 0;'>รหัสแปลง: 321305040362</h3><p style='margin:2px 0;'><b>กลุ่มคิว:</b> 71_001</p><table border='1' style='border-collapse:collapse; border-color:#ccc; width:100%;'><tr><td style='padding:3px 6px; font-weight:bold; background-color:#f2f2f2;'>รหัสกลุ่มคิว</td><td style='padding:3px 6px;'>71/001</td></tr><tr><td style='padding:3px 6px; font-weight:bold; background-color:#f2f2f2;'>รหัสรับเหมา</td><td style='padding:3px 6px;'>733638</td></tr><tr><td style='padding:3px 6px; font-weight:bold; background-color:#f2f2f2;'>ชื่อ-สกุล รับเหมา</td><td style='padding:3px 6px;'>นาย สิทธิชัย ธรรมสุข</td></tr><tr><td style='padding:3px 6px; font-weight:bold; background-color:#f2f2f2;'>นักเกษตร</td><td style='padding:3px 6px;'>7104</td></tr><tr><td style='padding:3px 6px; font-weight:bold; background-color:#f2f2f2;'>ศูนย์</td><td style='padding:3px 6px;'>K2-71</td></tr><tr><td style='padding:3px 6px; font-weight:bold; background-color:#f2f2f2;'>โควตา</td><td style='padding:3px 6px;'>770432</td></tr><tr><td style='padding:3px 6px; font-weight:bold; background-color:#f2f2f2;'>ชาวไร่</td><td style='padding:3px 6px;'>นาง สุเมร ชาญเชี่ยว</td></tr><tr><td style='padding:3px 6px; font-weight:bold; background-color:#f2f2f2;'>ประเภทอ้อย</td><td style='padding:3px 6px;'>ตอ1</td></tr><tr><td style='padding:3px 6px; font-weight:bold; background-color:#f2f2f2;'>พื้นที่</td><td style='padding:3px 6px;'>6.18</td></tr><tr><td style='padding:3px 6px; font-weight:bold; background-color:#f2f2f2;'>ตันรวม</td><td style='padding:3px 6px;'>55.62</td></tr><tr><td style='padding:3px 6px; font-weight:bold; background-color:#f2f2f2;'>รหัสแปลง</td><td style='padding:3px 6px;'>321305040362</td></tr><tr><td style='padding:3px 6px; font-weight:bold; background-color:#f2f2f2;'>กลุ่ม</td><td style='padding:3px 6px;'>กลุ่ม_71</td></tr></table></div>]]></description>
      <styleUrl>#plotStyle</styleUrl>
      <MultiGeometry><Polygon><outerBoundaryIs><LinearRing><coordinates>103.9011227,14.4739982,0 103.9016975,14.4738546,0 103.9016979,14.4738091,0 103.9016103,14.4731008,0 103.9015568,14.4727546,0 103.9007662,14.4727623,0 103.9011227,14.4739982,0</coordinates></LinearRing></outerBoundaryIs></Polygon></MultiGeometry>
    </Placemark>
    <Placemark>
      <name>321017010126</name>
      <description><![CDATA[<div style='font-family:Tahoma,sans-serif; font-size:13px;'><h3 style='color:#1565C0; margin:4px 0;'>รหัสแปลง: 321017010126</h3><p style='margin:2px 0;'><b>กลุ่มคิว:</b> 71_001</p><table border='1' style='border-collapse:collapse; border-color:#ccc; width:100%;'><tr><td style='padding:3px 6px; font-weight:bold; background-color:#f2f2f2;'>รหัสกลุ่มคิว</td><td style='padding:3px 6px;'>71/001</td></tr><tr><td style='padding:3px 6px; font-weight:bold; background-color:#f2f2f2;'>รหัสรับเหมา</td><td style='padding:3px 6px;'>733638</td></tr><tr><td style='padding:3px 6px; font-weight:bold; background-color:#f2f2f2;'>ชื่อ-สกุล รับเหมา</td><td style='padding:3px 6px;'>นาย สิทธิชัย ธรรมสุข</td></tr><tr><td style='padding:3px 6px; font-weight:bold; background-color:#f2f2f2;'>นักเกษตร</td><td style='padding:3px 6px;'>7104</td></tr><tr><td style='padding:3px 6px; font-weight:bold; background-color:#f2f2f2;'>ศูนย์</td><td style='padding:3px 6px;'>K2-71</td></tr><tr><td style='padding:3px 6px; font-weight:bold; background-color:#f2f2f2;'>โควตา</td><td style='padding:3px 6px;'>730094</td></tr><tr><td style='padding:3px 6px; font-weight:bold; background-color:#f2f2f2;'>ชาวไร่</td><td style='padding:3px 6px;'>นาย ยศ แรงหาญ</td></tr><tr><td style='padding:3px 6px; font-weight:bold; background-color:#f2f2f2;'>ประเภทอ้อย</td><td style='padding:3px 6px;'>ตอ2</td></tr><tr><td style='padding:3px 6px; font-weight:bold; background-color:#f2f2f2;'>พื้นที่</td><td style='padding:3px 6px;'>6.71</td></tr><tr><td style='padding:3px 6px; font-weight:bold; background-color:#f2f2f2;'>ตันรวม</td><td style='padding:3px 6px;'>53.68</td></tr><tr><td style='padding:3px 6px; font-weight:bold; background-color:#f2f2f2;'>รหัสแปลง</td><td style='padding:3px 6px;'>321017010126</td></tr><tr><td style='padding:3px 6px; font-weight:bold; background-color:#f2f2f2;'>กลุ่ม</td><td style='padding:3px 6px;'>กลุ่ม_71</td></tr></table></div>]]></description>
      <styleUrl>#plotStyle</styleUrl>
      <MultiGeometry><Polygon><outerBoundaryIs><LinearRing><coordinates>103.8379674,14.4553825,0 103.8377623,14.4536636,0 103.8372223,14.4538305,0 103.8374691,14.4554533,0 103.8379674,14.4553825,0</coordinates></LinearRing></outerBoundaryIs></Polygon></MultiGeometry>
    </Placemark>
    <Placemark>
      <name>321017011536</name>
      <description><![CDATA[<div style='font-family:Tahoma,sans-serif; font-size:13px;'><h3 style='color:#1565C0; margin:4px 0;'>รหัสแปลง: 321017011536</h3><p style='margin:2px 0;'><b>กลุ่มคิว:</b> 71_001</p><table border='1' style='border-collapse:collapse; border-color:#ccc; width:100%;'><tr><td style='padding:3px 6px; font-weight:bold; background-color:#f2f2f2;'>รหัสกลุ่มคิว</td><td style='padding:3px 6px;'>71/001</td></tr><tr><td style='padding:3px 6px; font-weight:bold; background-color:#f2f2f2;'>รหัสรับเหมา</td><td style='padding:3px 6px;'>733638</td></tr><tr><td style='padding:3px 6px; font-weight:bold; background-color:#f2f2f2;'>ชื่อ-สกุล รับเหมา</td><td style='padding:3px 6px;'>นาย สิทธิชัย ธรรมสุข</td></tr><tr><td style='padding:3px 6px; font-weight:bold; background-color:#f2f2f2;'>นักเกษตร</td><td style='padding:3px 6px;'>7104</td></tr><tr><td style='padding:3px 6px; font-weight:bold; background-color:#f2f2f2;'>ศูนย์</td><td style='padding:3px 6px;'>K2-71</td></tr><tr><td style='padding:3px 6px; font-weight:bold; background-color:#f2f2f2;'>โควตา</td><td style='padding:3px 6px;'>733924</td></tr><tr><td style='padding:3px 6px; font-weight:bold; background-color:#f2f2f2;'>ชาวไร่</td><td style='padding:3px 6px;'>นาย วรสิทธิ์ เตี้ยเเอก</td></tr><tr><td style='padding:3px 6px; font-weight:bold; background-color:#f2f2f2;'>ประเภทอ้อย</td><td style='padding:3px 6px;'>ตอ1</td></tr><tr><td style='padding:3px 6px; font-weight:bold; background-color:#f2f2f2;'>พื้นที่</td><td style='padding:3px 6px;'>5.66</td></tr><tr><td style='padding:3px 6px; font-weight:bold; background-color:#f2f2f2;'>ตันรวม</td><td style='padding:3px 6px;'>50.94</td></tr><tr><td style='padding:3px 6px; font-weight:bold; background-color:#f2f2f2;'>รหัสแปลง</td><td style='padding:3px 6px;'>321017011536</td></tr><tr><td style='padding:3px 6px; font-weight:bold; background-color:#f2f2f2;'>กลุ่ม</td><td style='padding:3px 6px;'>กลุ่ม_71</td></tr></table></div>]]></description>
      <styleUrl>#plotStyle</styleUrl>
      <MultiGeometry><Polygon><outerBoundaryIs><LinearRing><coordinates>103.8452400,14.4854850,0 103.8452267,14.4853433,0 103.8452600,14.4852117,0 103.8453133,14.4850317,0 103.8453217,14.4849250,0 103.8453567,14.4847833,0 103.8453583,14.4846350,0 103.8453533,14.4845267,0 103.8451450,14.4845250,0 103.8450683,14.4841167,0 103.8444600,14.4842167,0 103.8444017,14.4844250,0 103.8444283,14.4846400,0 103.8444400,14.4847867,0 103.8445317,14.4848667,0 103.8445850,14.4849283,0 103.8449583,14.4849067,0 103.8450050,14.4854567,0 103.8452400,14.4854850,0</coordinates></LinearRing></outerBoundaryIs></Polygon></MultiGeometry>
    </Placemark>
    <Placemark>
      <name>321017061616</name>
      <description><![CDATA[<div style='font-family:Tahoma,sans-serif; font-size:13px;'><h3 style='color:#1565C0; margin:4px 0;'>รหัสแปลง: 321017061616</h3><p style='margin:2px 0;'><b>กลุ่มคิว:</b> 71_001</p><table border='1' style='border-collapse:collapse; border-color:#ccc; width:100%;'><tr><td style='padding:3px 6px; font-weight:bold; background-color:#f2f2f2;'>รหัสกลุ่มคิว</td><td style='padding:3px 6px;'>71/001</td></tr><tr><td style='padding:3px 6px; font-weight:bold; background-color:#f2f2f2;'>รหัสรับเหมา</td><td style='padding:3px 6px;'>733638</td></tr><tr><td style='padding:3px 6px; font-weight:bold; background-color:#f2f2f2;'>ชื่อ-สกุล รับเหมา</td><td style='padding:3px 6px;'>นาย สิทธิชัย ธรรมสุข</td></tr><tr><td style='padding:3px 6px; font-weight:bold; background-color:#f2f2f2;'>นักเกษตร</td><td style='padding:3px 6px;'>7104</td></tr><tr><td style='padding:3px 6px; font-weight:bold; background-color:#f2f2f2;'>ศูนย์</td><td style='padding:3px 6px;'>K2-71</td></tr><tr><td style='padding:3px 6px; font-weight:bold; background-color:#f2f2f2;'>โควตา</td><td style='padding:3px 6px;'>733378</td></tr><tr><td style='padding:3px 6px; font-weight:bold; background-color:#f2f2f2;'>ชาวไร่</td><td style='padding:3px 6px;'>นาย ชาญชัย จารัตน์</td></tr><tr><td style='padding:3px 6px; font-weight:bold; background-color:#f2f2f2;'>ประเภทอ้อย</td><td style='padding:3px 6px;'>ตอ1</td></tr><tr><td style='padding:3px 6px; font-weight:bold; background-color:#f2f2f2;'>พื้นที่</td><td style='padding:3px 6px;'>4.98</td></tr><tr><td style='padding:3px 6px; font-weight:bold; background-color:#f2f2f2;'>ตันรวม</td><td style='padding:3px 6px;'>44.82</td></tr><tr><td style='padding:3px 6px; font-weight:bold; background-color:#f2f2f2;'>รหัสแปลง</td><td style='padding:3px 6px;'>321017061616</td></tr><tr><td style='padding:3px 6px; font-weight:bold; background-color:#f2f2f2;'>กลุ่ม</td><td style='padding:3px 6px;'>กลุ่ม_71</td></tr></table></div>]]></description>
      <styleUrl>#plotStyle</styleUrl>
      <MultiGeometry><Polygon><outerBoundaryIs><LinearRing><coordinates>103.8762350,14.4926583,0 103.8767617,14.4927250,0 103.8768700,14.4915067,0 103.8763200,14.4914350,0 103.8762350,14.4926583,0</coordinates></LinearRing></outerBoundaryIs></Polygon></MultiGeometry>
    </Placemark>
    <Placemark>
      <name>321017071521</name>
      <description><![CDATA[<div style='font-family:Tahoma,sans-serif; font-size:13px;'><h3 style='color:#1565C0; margin:4px 0;'>รหัสแปลง: 321017071521</h3><p style='margin:2px 0;'><b>กลุ่มคิว:</b> 71_001</p><table border='1' style='border-collapse:collapse; border-color:#ccc; width:100%;'><tr><td style='padding:3px 6px; font-weight:bold; background-color:#f2f2f2;'>รหัสกลุ่มคิว</td><td style='padding:3px 6px;'>71/001</td></tr><tr><td style='padding:3px 6px; font-weight:bold; background-color:#f2f2f2;'>รหัสรับเหมา</td><td style='padding:3px 6px;'>733638</td></tr><tr><td style='padding:3px 6px; font-weight:bold; background-color:#f2f2f2;'>ชื่อ-สกุล รับเหมา</td><td style='padding:3px 6px;'>นาย สิทธิชัย ธรรมสุข</td></tr><tr><td style='padding:3px 6px; font-weight:bold; background-color:#f2f2f2;'>นักเกษตร</td><td style='padding:3px 6px;'>7104</td></tr><tr><td style='padding:3px 6px; font-weight:bold; background-color:#f2f2f2;'>ศูนย์</td><td style='padding:3px 6px;'>K2-71</td></tr><tr><td style='padding:3px 6px; font-weight:bold; background-color:#f2f2f2;'>โควตา</td><td style='padding:3px 6px;'>733260</td></tr><tr><td style='padding:3px 6px; font-weight:bold; background-color:#f2f2f2;'>ชาวไร่</td><td style='padding:3px 6px;'>นาย สวัสดิ์ ปุ่มแม่น</td></tr><tr><td style='padding:3px 6px; font-weight:bold; background-color:#f2f2f2;'>ประเภทอ้อย</td><td style='padding:3px 6px;'>ตอ2</td></tr><tr><td style='padding:3px 6px; font-weight:bold; background-color:#f2f2f2;'>พื้นที่</td><td style='padding:3px 6px;'>7.16</td></tr><tr><td style='padding:3px 6px; font-weight:bold; background-color:#f2f2f2;'>ตันรวม</td><td style='padding:3px 6px;'>57.28</td></tr><tr><td style='padding:3px 6px; font-weight:bold; background-color:#f2f2f2;'>รหัสแปลง</td><td style='padding:3px 6px;'>321017071521</td></tr><tr><td style='padding:3px 6px; font-weight:bold; background-color:#f2f2f2;'>กลุ่ม</td><td style='padding:3px 6px;'>กลุ่ม_71</td></tr></table></div>]]></description>
      <styleUrl>#plotStyle</styleUrl>
      <MultiGeometry><Polygon><outerBoundaryIs><LinearRing><coordinates>103.8535020,14.5105167,0 103.8533162,14.5094269,0 103.8524671,14.5095339,0 103.8526511,14.5106407,0 103.8535020,14.5105167,0</coordinates></LinearRing></outerBoundaryIs></Polygon></MultiGeometry>
    </Placemark>
    <Placemark>
      <name>321017071570</name>
      <description><![CDATA[<div style='font-family:Tahoma,sans-serif; font-size:13px;'><h3 style='color:#1565C0; margin:4px 0;'>รหัสแปลง: 321017071570</h3><p style='margin:2px 0;'><b>กลุ่มคิว:</b> 71_001</p><table border='1' style='border-collapse:collapse; border-color:#ccc; width:100%;'><tr><td style='padding:3px 6px; font-weight:bold; background-color:#f2f2f2;'>รหัสกลุ่มคิว</td><td style='padding:3px 6px;'>71/001</td></tr><tr><td style='padding:3px 6px; font-weight:bold; background-color:#f2f2f2;'>รหัสรับเหมา</td><td style='padding:3px 6px;'>733638</td></tr><tr><td style='padding:3px 6px; font-weight:bold; background-color:#f2f2f2;'>ชื่อ-สกุล รับเหมา</td><td style='padding:3px 6px;'>นาย สิทธิชัย ธรรมสุข</td></tr><tr><td style='padding:3px 6px; font-weight:bold; background-color:#f2f2f2;'>นักเกษตร</td><td style='padding:3px 6px;'>7104</td></tr><tr><td style='padding:3px 6px; font-weight:bold; background-color:#f2f2f2;'>ศูนย์</td><td style='padding:3px 6px;'>K2-71</td></tr><tr><td style='padding:3px 6px; font-weight:bold; background-color:#f2f2f2;'>โควตา</td><td style='padding:3px 6px;'>733372</td></tr><tr><td style='padding:3px 6px; font-weight:bold; background-color:#f2f2f2;'>ชาวไร่</td><td style='padding:3px 6px;'>นาย บุญ มณฑล</td></tr><tr><td style='padding:3px 6px; font-weight:bold; background-color:#f2f2f2;'>ประเภทอ้อย</td><td style='padding:3px 6px;'>ตอ2</td></tr><tr><td style='padding:3px 6px; font-weight:bold; background-color:#f2f2f2;'>พื้นที่</td><td style='padding:3px 6px;'>7.63</td></tr><tr><td style='padding:3px 6px; font-weight:bold; background-color:#f2f2f2;'>ตันรวม</td><td style='padding:3px 6px;'>61.04</td></tr><tr><td style='padding:3px 6px; font-weight:bold; background-color:#f2f2f2;'>รหัสแปลง</td><td style='padding:3px 6px;'>321017071570</td></tr><tr><td style='padding:3px 6px; font-weight:bold; background-color:#f2f2f2;'>กลุ่ม</td><td style='padding:3px 6px;'>กลุ่ม_71</td></tr></table></div>]]></description>
      <styleUrl>#plotStyle</styleUrl>
      <MultiGeometry><Polygon><outerBoundaryIs><LinearRing><coordinates>103.8741274,14.5208223,0 103.8748281,14.5209632,0 103.8746931,14.5193362,0 103.8740591,14.5193875,0 103.8741274,14.5208223,0</coordinates></LinearRing></outerBoundaryIs></Polygon></MultiGeometry>
    </Placemark>
    <Placemark>
      <name>321017071571</name>
      <description><![CDATA[<div style='font-family:Tahoma,sans-serif; font-size:13px;'><h3 style='color:#1565C0; margin:4px 0;'>รหัสแปลง: 321017071571</h3><p style='margin:2px 0;'><b>กลุ่มคิว:</b> 71_001</p><table border='1' style='border-collapse:collapse; border-color:#ccc; width:100%;'><tr><td style='padding:3px 6px; font-weight:bold; background-color:#f2f2f2;'>รหัสกลุ่มคิว</td><td style='padding:3px 6px;'>71/001</td></tr><tr><td style='padding:3px 6px; font-weight:bold; background-color:#f2f2f2;'>รหัสรับเหมา</td><td style='padding:3px 6px;'>733638</td></tr><tr><td style='padding:3px 6px; font-weight:bold; background-color:#f2f2f2;'>ชื่อ-สกุล รับเหมา</td><td style='padding:3px 6px;'>นาย สิทธิชัย ธรรมสุข</td></tr><tr><td style='padding:3px 6px; font-weight:bold; background-color:#f2f2f2;'>นักเกษตร</td><td style='padding:3px 6px;'>7104</td></tr><tr><td style='padding:3px 6px; font-weight:bold; background-color:#f2f2f2;'>ศูนย์</td><td style='padding:3px 6px;'>K2-71</td></tr><tr><td style='padding:3px 6px; font-weight:bold; background-color:#f2f2f2;'>โควตา</td><td style='padding:3px 6px;'>733741</td></tr><tr><td style='padding:3px 6px; font-weight:bold; background-color:#f2f2f2;'>ชาวไร่</td><td style='padding:3px 6px;'>นาง สมนึก มีดี</td></tr><tr><td style='padding:3px 6px; font-weight:bold; background-color:#f2f2f2;'>ประเภทอ้อย</td><td style='padding:3px 6px;'>ตอ1</td></tr><tr><td style='padding:3px 6px; font-weight:bold; background-color:#f2f2f2;'>พื้นที่</td><td style='padding:3px 6px;'>12.57</td></tr><tr><td style='padding:3px 6px; font-weight:bold; background-color:#f2f2f2;'>ตันรวม</td><td style='padding:3px 6px;'>113.13</td></tr><tr><td style='padding:3px 6px; font-weight:bold; background-color:#f2f2f2;'>รหัสแปลง</td><td style='padding:3px 6px;'>321017071571</td></tr><tr><td style='padding:3px 6px; font-weight:bold; background-color:#f2f2f2;'>กลุ่ม</td><td style='padding:3px 6px;'>กลุ่ม_71</td></tr></table></div>]]></description>
      <styleUrl>#plotStyle</styleUrl>
      <MultiGeometry><Polygon><outerBoundaryIs><LinearRing><coordinates>103.8777648,14.5006981,0 103.8788882,14.5008425,0 103.8789207,14.5015972,0 103.8796061,14.5016478,0 103.8795633,14.5010552,0 103.8788063,14.4998199,0 103.8777270,14.5001195,0 103.8777648,14.5006981,0</coordinates></LinearRing></outerBoundaryIs></Polygon></MultiGeometry>
    </Placemark>
    <Placemark>
      <name>321017071574</name>
      <description><![CDATA[<div style='font-family:Tahoma,sans-serif; font-size:13px;'><h3 style='color:#1565C0; margin:4px 0;'>รหัสแปลง: 321017071574</h3><p style='margin:2px 0;'><b>กลุ่มคิว:</b> 71_001</p><table border='1' style='border-collapse:collapse; border-color:#ccc; width:100%;'><tr><td style='padding:3px 6px; font-weight:bold; background-color:#f2f2f2;'>รหัสกลุ่มคิว</td><td style='padding:3px 6px;'>71/001</td></tr><tr><td style='padding:3px 6px; font-weight:bold; background-color:#f2f2f2;'>รหัสรับเหมา</td><td style='padding:3px 6px;'>733638</td></tr><tr><td style='padding:3px 6px; font-weight:bold; background-color:#f2f2f2;'>ชื่อ-สกุล รับเหมา</td><td style='padding:3px 6px;'>นาย สิทธิชัย ธรรมสุข</td></tr><tr><td style='padding:3px 6px; font-weight:bold; background-color:#f2f2f2;'>นักเกษตร</td><td style='padding:3px 6px;'>7104</td></tr><tr><td style='padding:3px 6px; font-weight:bold; background-color:#f2f2f2;'>ศูนย์</td><td style='padding:3px 6px;'>K2-71</td></tr><tr><td style='padding:3px 6px; font-weight:bold; background-color:#f2f2f2;'>โควตา</td><td style='padding:3px 6px;'>733414</td></tr><tr><td style='padding:3px 6px; font-weight:bold; background-color:#f2f2f2;'>ชาวไร่</td><td style='padding:3px 6px;'>นาย บัวลอย สมสุข</td></tr><tr><td style='padding:3px 6px; font-weight:bold; background-color:#f2f2f2;'>ประเภทอ้อย</td><td style='padding:3px 6px;'>ตอ1</td></tr><tr><td style='padding:3px 6px; font-weight:bold; background-color:#f2f2f2;'>พื้นที่</td><td style='padding:3px 6px;'>14.64</td></tr><tr><td style='padding:3px 6px; font-weight:bold; background-color:#f2f2f2;'>ตันรวม</td><td style='padding:3px 6px;'>131.76</td></tr><tr><td style='padding:3px 6px; font-weight:bold; background-color:#f2f2f2;'>รหัสแปลง</td><td style='padding:3px 6px;'>321017071574</td></tr><tr><td style='padding:3px 6px; font-weight:bold; background-color:#f2f2f2;'>กลุ่ม</td><td style='padding:3px 6px;'>กลุ่ม_71</td></tr></table></div>]]></description>
      <styleUrl>#plotStyle</styleUrl>
      <MultiGeometry><Polygon><outerBoundaryIs><LinearRing><coordinates>103.8615120,14.5027818,0 103.8615247,14.5043202,0 103.8629438,14.5041266,0 103.8629265,14.5035284,0 103.8630183,14.5029517,0 103.8615120,14.5027818,0</coordinates></LinearRing></outerBoundaryIs></Polygon></MultiGeometry>
    </Placemark>
    <Placemark>
      <name>321017011592</name>
      <description><![CDATA[<div style='font-family:Tahoma,sans-serif; font-size:13px;'><h3 style='color:#1565C0; margin:4px 0;'>รหัสแปลง: 321017011592</h3><p style='margin:2px 0;'><b>กลุ่มคิว:</b> 71_001</p><table border='1' style='border-collapse:collapse; border-color:#ccc; width:100%;'><tr><td style='padding:3px 6px; font-weight:bold; background-color:#f2f2f2;'>รหัสกลุ่มคิว</td><td style='padding:3px 6px;'>71/001</td></tr><tr><td style='padding:3px 6px; font-weight:bold; background-color:#f2f2f2;'>รหัสรับเหมา</td><td style='padding:3px 6px;'>733638</td></tr><tr><td style='padding:3px 6px; font-weight:bold; background-color:#f2f2f2;'>ชื่อ-สกุล รับเหมา</td><td style='padding:3px 6px;'>นาย สิทธิชัย ธรรมสุข</td></tr><tr><td style='padding:3px 6px; font-weight:bold; background-color:#f2f2f2;'>นักเกษตร</td><td style='padding:3px 6px;'>7104</td></tr><tr><td style='padding:3px 6px; font-weight:bold; background-color:#f2f2f2;'>ศูนย์</td><td style='padding:3px 6px;'>K2-71</td></tr><tr><td style='padding:3px 6px; font-weight:bold; background-color:#f2f2f2;'>โควตา</td><td style='padding:3px 6px;'>733924</td></tr><tr><td style='padding:3px 6px; font-weight:bold; background-color:#f2f2f2;'>ชาวไร่</td><td style='padding:3px 6px;'>นาย วรสิทธิ์ เตี้ยเเอก</td></tr><tr><td style='padding:3px 6px; font-weight:bold; background-color:#f2f2f2;'>ประเภทอ้อย</td><td style='padding:3px 6px;'>ตอ1</td></tr><tr><td style='padding:3px 6px; font-weight:bold; background-color:#f2f2f2;'>พื้นที่</td><td style='padding:3px 6px;'>4.52</td></tr><tr><td style='padding:3px 6px; font-weight:bold; background-color:#f2f2f2;'>ตันรวม</td><td style='padding:3px 6px;'>40.68</td></tr><tr><td style='padding:3px 6px; font-weight:bold; background-color:#f2f2f2;'>รหัสแปลง</td><td style='padding:3px 6px;'>321017011592</td></tr><tr><td style='padding:3px 6px; font-weight:bold; background-color:#f2f2f2;'>กลุ่ม</td><td style='padding:3px 6px;'>กลุ่ม_71</td></tr></table></div>]]></description>
      <styleUrl>#plotStyle</styleUrl>
      <MultiGeometry><Polygon><outerBoundaryIs><LinearRing><coordinates>103.8453567,14.4845467,0 103.8453767,14.4843067,0 103.8453117,14.4841783,0 103.8450883,14.4835433,0 103.8449717,14.4835217,0 103.8447017,14.4836150,0 103.8442217,14.4838333,0 103.8443517,14.4840483,0 103.8444667,14.4842517,0 103.8450600,14.4841517,0 103.8451467,14.4845533,0 103.8453567,14.4845467,0</coordinates></LinearRing></outerBoundaryIs></Polygon></MultiGeometry>
    </Placemark>
    <Placemark>
      <name>321017121530</name>
      <description><![CDATA[<div style='font-family:Tahoma,sans-serif; font-size:13px;'><h3 style='color:#1565C0; margin:4px 0;'>รหัสแปลง: 321017121530</h3><p style='margin:2px 0;'><b>กลุ่มคิว:</b> 71_001</p><table border='1' style='border-collapse:collapse; border-color:#ccc; width:100%;'><tr><td style='padding:3px 6px; font-weight:bold; background-color:#f2f2f2;'>รหัสกลุ่มคิว</td><td style='padding:3px 6px;'>71/001</td></tr><tr><td style='padding:3px 6px; font-weight:bold; background-color:#f2f2f2;'>รหัสรับเหมา</td><td style='padding:3px 6px;'>733638</td></tr><tr><td style='padding:3px 6px; font-weight:bold; background-color:#f2f2f2;'>ชื่อ-สกุล รับเหมา</td><td style='padding:3px 6px;'>นาย สิทธิชัย ธรรมสุข</td></tr><tr><td style='padding:3px 6px; font-weight:bold; background-color:#f2f2f2;'>นักเกษตร</td><td style='padding:3px 6px;'>7104</td></tr><tr><td style='padding:3px 6px; font-weight:bold; background-color:#f2f2f2;'>ศูนย์</td><td style='padding:3px 6px;'>K2-71</td></tr><tr><td style='padding:3px 6px; font-weight:bold; background-color:#f2f2f2;'>โควตา</td><td style='padding:3px 6px;'>730145</td></tr><tr><td style='padding:3px 6px; font-weight:bold; background-color:#f2f2f2;'>ชาวไร่</td><td style='padding:3px 6px;'>นาย สมพร สุบิน</td></tr><tr><td style='padding:3px 6px; font-weight:bold; background-color:#f2f2f2;'>ประเภทอ้อย</td><td style='padding:3px 6px;'>ตอ2</td></tr><tr><td style='padding:3px 6px; font-weight:bold; background-color:#f2f2f2;'>พื้นที่</td><td style='padding:3px 6px;'>2.11</td></tr><tr><td style='padding:3px 6px; font-weight:bold; background-color:#f2f2f2;'>ตันรวม</td><td style='padding:3px 6px;'>16.88</td></tr><tr><td style='padding:3px 6px; font-weight:bold; background-color:#f2f2f2;'>รหัสแปลง</td><td style='padding:3px 6px;'>321017121530</td></tr><tr><td style='padding:3px 6px; font-weight:bold; background-color:#f2f2f2;'>กลุ่ม</td><td style='padding:3px 6px;'>กลุ่ม_71</td></tr></table></div>]]></description>
      <styleUrl>#plotStyle</styleUrl>
      <MultiGeometry><Polygon><outerBoundaryIs><LinearRing><coordinates>103.8257567,14.4685672,0 103.8265650,14.4685881,0 103.8266234,14.4684868,0 103.8262633,14.4684833,0 103.8262099,14.4682645,0 103.8257737,14.4682670,0 103.8257567,14.4685672,0</coordinates></LinearRing></outerBoundaryIs></Polygon></MultiGeometry>
    </Placemark>
    <Placemark>
      <name>321017011593</name>
      <description><![CDATA[<div style='font-family:Tahoma,sans-serif; font-size:13px;'><h3 style='color:#1565C0; margin:4px 0;'>รหัสแปลง: 321017011593</h3><p style='margin:2px 0;'><b>กลุ่มคิว:</b> 71_001</p><table border='1' style='border-collapse:collapse; border-color:#ccc; width:100%;'><tr><td style='padding:3px 6px; font-weight:bold; background-color:#f2f2f2;'>รหัสกลุ่มคิว</td><td style='padding:3px 6px;'>71/001</td></tr><tr><td style='padding:3px 6px; font-weight:bold; background-color:#f2f2f2;'>รหัสรับเหมา</td><td style='padding:3px 6px;'>733638</td></tr><tr><td style='padding:3px 6px; font-weight:bold; background-color:#f2f2f2;'>ชื่อ-สกุล รับเหมา</td><td style='padding:3px 6px;'>นาย สิทธิชัย ธรรมสุข</td></tr><tr><td style='padding:3px 6px; font-weight:bold; background-color:#f2f2f2;'>นักเกษตร</td><td style='padding:3px 6px;'>7104</td></tr><tr><td style='padding:3px 6px; font-weight:bold; background-color:#f2f2f2;'>ศูนย์</td><td style='padding:3px 6px;'>K2-71</td></tr><tr><td style='padding:3px 6px; font-weight:bold; background-color:#f2f2f2;'>โควตา</td><td style='padding:3px 6px;'>730094</td></tr><tr><td style='padding:3px 6px; font-weight:bold; background-color:#f2f2f2;'>ชาวไร่</td><td style='padding:3px 6px;'>นาย ยศ แรงหาญ</td></tr><tr><td style='padding:3px 6px; font-weight:bold; background-color:#f2f2f2;'>ประเภทอ้อย</td><td style='padding:3px 6px;'>ตอ1</td></tr><tr><td style='padding:3px 6px; font-weight:bold; background-color:#f2f2f2;'>พื้นที่</td><td style='padding:3px 6px;'>18.93</td></tr><tr><td style='padding:3px 6px; font-weight:bold; background-color:#f2f2f2;'>ตันรวม</td><td style='padding:3px 6px;'>170.37</td></tr><tr><td style='padding:3px 6px; font-weight:bold; background-color:#f2f2f2;'>รหัสแปลง</td><td style='padding:3px 6px;'>321017011593</td></tr><tr><td style='padding:3px 6px; font-weight:bold; background-color:#f2f2f2;'>กลุ่ม</td><td style='padding:3px 6px;'>กลุ่ม_71</td></tr></table></div>]]></description>
      <styleUrl>#plotStyle</styleUrl>
      <MultiGeometry><Polygon><outerBoundaryIs><LinearRing><coordinates>103.8254274,14.4805187,0 103.8272801,14.4806010,0 103.8269930,14.4788990,0 103.8265428,14.4789759,0 103.8257905,14.4790190,0 103.8257667,14.4792909,0 103.8270335,14.4791876,0 103.8270543,14.4793308,0 103.8253196,14.4793962,0 103.8252840,14.4795500,0 103.8253391,14.4801219,0 103.8254274,14.4805187,0</coordinates></LinearRing></outerBoundaryIs></Polygon></MultiGeometry>
    </Placemark>
    <Placemark>
      <name>321017071581</name>
      <description><![CDATA[<div style='font-family:Tahoma,sans-serif; font-size:13px;'><h3 style='color:#1565C0; margin:4px 0;'>รหัสแปลง: 321017071581</h3><p style='margin:2px 0;'><b>กลุ่มคิว:</b> 71_001</p><table border='1' style='border-collapse:collapse; border-color:#ccc; width:100%;'><tr><td style='padding:3px 6px; font-weight:bold; background-color:#f2f2f2;'>รหัสกลุ่มคิว</td><td style='padding:3px 6px;'>71/001</td></tr><tr><td style='padding:3px 6px; font-weight:bold; background-color:#f2f2f2;'>รหัสรับเหมา</td><td style='padding:3px 6px;'>733638</td></tr><tr><td style='padding:3px 6px; font-weight:bold; background-color:#f2f2f2;'>ชื่อ-สกุล รับเหมา</td><td style='padding:3px 6px;'>นาย สิทธิชัย ธรรมสุข</td></tr><tr><td style='padding:3px 6px; font-weight:bold; background-color:#f2f2f2;'>นักเกษตร</td><td style='padding:3px 6px;'>7104</td></tr><tr><td style='padding:3px 6px; font-weight:bold; background-color:#f2f2f2;'>ศูนย์</td><td style='padding:3px 6px;'>K2-71</td></tr><tr><td style='padding:3px 6px; font-weight:bold; background-color:#f2f2f2;'>โควตา</td><td style='padding:3px 6px;'>733799</td></tr><tr><td style='padding:3px 6px; font-weight:bold; background-color:#f2f2f2;'>ชาวไร่</td><td style='padding:3px 6px;'>นาย นรินทร์ เนียมงาม</td></tr><tr><td style='padding:3px 6px; font-weight:bold; background-color:#f2f2f2;'>ประเภทอ้อย</td><td style='padding:3px 6px;'>ตอ2</td></tr><tr><td style='padding:3px 6px; font-weight:bold; background-color:#f2f2f2;'>พื้นที่</td><td style='padding:3px 6px;'>3.14</td></tr><tr><td style='padding:3px 6px; font-weight:bold; background-color:#f2f2f2;'>ตันรวม</td><td style='padding:3px 6px;'>25.12</td></tr><tr><td style='padding:3px 6px; font-weight:bold; background-color:#f2f2f2;'>รหัสแปลง</td><td style='padding:3px 6px;'>321017071581</td></tr><tr><td style='padding:3px 6px; font-weight:bold; background-color:#f2f2f2;'>กลุ่ม</td><td style='padding:3px 6px;'>กลุ่ม_71</td></tr></table></div>]]></description>
      <styleUrl>#plotStyle</styleUrl>
      <MultiGeometry><Polygon><outerBoundaryIs><LinearRing><coordinates>103.8850030,14.5088365,0 103.8854933,14.5086318,0 103.8851366,14.5079546,0 103.8846175,14.5081485,0 103.8850030,14.5088365,0</coordinates></LinearRing></outerBoundaryIs></Polygon></MultiGeometry>
    </Placemark>
    <Placemark>
      <name>321305041597</name>
      <description><![CDATA[<div style='font-family:Tahoma,sans-serif; font-size:13px;'><h3 style='color:#1565C0; margin:4px 0;'>รหัสแปลง: 321305041597</h3><p style='margin:2px 0;'><b>กลุ่มคิว:</b> 71_001</p><table border='1' style='border-collapse:collapse; border-color:#ccc; width:100%;'><tr><td style='padding:3px 6px; font-weight:bold; background-color:#f2f2f2;'>รหัสกลุ่มคิว</td><td style='padding:3px 6px;'>71/001</td></tr><tr><td style='padding:3px 6px; font-weight:bold; background-color:#f2f2f2;'>รหัสรับเหมา</td><td style='padding:3px 6px;'>733638</td></tr><tr><td style='padding:3px 6px; font-weight:bold; background-color:#f2f2f2;'>ชื่อ-สกุล รับเหมา</td><td style='padding:3px 6px;'>นาย สิทธิชัย ธรรมสุข</td></tr><tr><td style='padding:3px 6px; font-weight:bold; background-color:#f2f2f2;'>นักเกษตร</td><td style='padding:3px 6px;'>7104</td></tr><tr><td style='padding:3px 6px; font-weight:bold; background-color:#f2f2f2;'>ศูนย์</td><td style='padding:3px 6px;'>K2-71</td></tr><tr><td style='padding:3px 6px; font-weight:bold; background-color:#f2f2f2;'>โควตา</td><td style='padding:3px 6px;'>773442</td></tr><tr><td style='padding:3px 6px; font-weight:bold; background-color:#f2f2f2;'>ชาวไร่</td><td style='padding:3px 6px;'>นาง สุรีวรรณ แก้วดี</td></tr><tr><td style='padding:3px 6px; font-weight:bold; background-color:#f2f2f2;'>ประเภทอ้อย</td><td style='padding:3px 6px;'>ตอ1</td></tr><tr><td style='padding:3px 6px; font-weight:bold; background-color:#f2f2f2;'>พื้นที่</td><td style='padding:3px 6px;'>3.97</td></tr><tr><td style='padding:3px 6px; font-weight:bold; background-color:#f2f2f2;'>ตันรวม</td><td style='padding:3px 6px;'>35.73</td></tr><tr><td style='padding:3px 6px; font-weight:bold; background-color:#f2f2f2;'>รหัสแปลง</td><td style='padding:3px 6px;'>321305041597</td></tr><tr><td style='padding:3px 6px; font-weight:bold; background-color:#f2f2f2;'>กลุ่ม</td><td style='padding:3px 6px;'>กลุ่ม_71</td></tr></table></div>]]></description>
      <styleUrl>#plotStyle</styleUrl>
      <MultiGeometry><Polygon><outerBoundaryIs><LinearRing><coordinates>103.9026916,14.4715856,0 103.9025448,14.4715504,0 103.9015884,14.4715544,0 103.9016424,14.4721199,0 103.9017273,14.4723386,0 103.9018930,14.4723498,0 103.9019993,14.4722379,0 103.9026916,14.4715856,0</coordinates></LinearRing></outerBoundaryIs></Polygon></MultiGeometry>
    </Placemark>
    <Placemark>
      <name>321017061634</name>
      <description><![CDATA[<div style='font-family:Tahoma,sans-serif; font-size:13px;'><h3 style='color:#1565C0; margin:4px 0;'>รหัสแปลง: 321017061634</h3><p style='margin:2px 0;'><b>กลุ่มคิว:</b> 71_001</p><table border='1' style='border-collapse:collapse; border-color:#ccc; width:100%;'><tr><td style='padding:3px 6px; font-weight:bold; background-color:#f2f2f2;'>รหัสกลุ่มคิว</td><td style='padding:3px 6px;'>71/001</td></tr><tr><td style='padding:3px 6px; font-weight:bold; background-color:#f2f2f2;'>รหัสรับเหมา</td><td style='padding:3px 6px;'>733638</td></tr><tr><td style='padding:3px 6px; font-weight:bold; background-color:#f2f2f2;'>ชื่อ-สกุล รับเหมา</td><td style='padding:3px 6px;'>นาย สิทธิชัย ธรรมสุข</td></tr><tr><td style='padding:3px 6px; font-weight:bold; background-color:#f2f2f2;'>นักเกษตร</td><td style='padding:3px 6px;'>7104</td></tr><tr><td style='padding:3px 6px; font-weight:bold; background-color:#f2f2f2;'>ศูนย์</td><td style='padding:3px 6px;'>K2-71</td></tr><tr><td style='padding:3px 6px; font-weight:bold; background-color:#f2f2f2;'>โควตา</td><td style='padding:3px 6px;'>730173</td></tr><tr><td style='padding:3px 6px; font-weight:bold; background-color:#f2f2f2;'>ชาวไร่</td><td style='padding:3px 6px;'>นาย เป็น มีเหมาะ</td></tr><tr><td style='padding:3px 6px; font-weight:bold; background-color:#f2f2f2;'>ประเภทอ้อย</td><td style='padding:3px 6px;'>ตอ1</td></tr><tr><td style='padding:3px 6px; font-weight:bold; background-color:#f2f2f2;'>พื้นที่</td><td style='padding:3px 6px;'>5.2</td></tr><tr><td style='padding:3px 6px; font-weight:bold; background-color:#f2f2f2;'>ตันรวม</td><td style='padding:3px 6px;'>46.8</td></tr><tr><td style='padding:3px 6px; font-weight:bold; background-color:#f2f2f2;'>รหัสแปลง</td><td style='padding:3px 6px;'>321017061634</td></tr><tr><td style='padding:3px 6px; font-weight:bold; background-color:#f2f2f2;'>กลุ่ม</td><td style='padding:3px 6px;'>กลุ่ม_71</td></tr></table></div>]]></description>
      <styleUrl>#plotStyle</styleUrl>
      <MultiGeometry><Polygon><outerBoundaryIs><LinearRing><coordinates>103.8919639,14.4757656,0 103.8925483,14.4743472,0 103.8921590,14.4742110,0 103.8918493,14.4749246,0 103.8914527,14.4756228,0 103.8919639,14.4757656,0</coordinates></LinearRing></outerBoundaryIs></Polygon></MultiGeometry>
    </Placemark>
    <Placemark>
      <name>321011011530</name>
      <description><![CDATA[<div style='font-family:Tahoma,sans-serif; font-size:13px;'><h3 style='color:#1565C0; margin:4px 0;'>รหัสแปลง: 321011011530</h3><p style='margin:2px 0;'><b>กลุ่มคิว:</b> 71_001</p><table border='1' style='border-collapse:collapse; border-color:#ccc; width:100%;'><tr><td style='padding:3px 6px; font-weight:bold; background-color:#f2f2f2;'>รหัสกลุ่มคิว</td><td style='padding:3px 6px;'>71/001</td></tr><tr><td style='padding:3px 6px; font-weight:bold; background-color:#f2f2f2;'>รหัสรับเหมา</td><td style='padding:3px 6px;'>733638</td></tr><tr><td style='padding:3px 6px; font-weight:bold; background-color:#f2f2f2;'>ชื่อ-สกุล รับเหมา</td><td style='padding:3px 6px;'>นาย สิทธิชัย ธรรมสุข</td></tr><tr><td style='padding:3px 6px; font-weight:bold; background-color:#f2f2f2;'>นักเกษตร</td><td style='padding:3px 6px;'>7104</td></tr><tr><td style='padding:3px 6px; font-weight:bold; background-color:#f2f2f2;'>ศูนย์</td><td style='padding:3px 6px;'>K2-71</td></tr><tr><td style='padding:3px 6px; font-weight:bold; background-color:#f2f2f2;'>โควตา</td><td style='padding:3px 6px;'>733950</td></tr><tr><td style='padding:3px 6px; font-weight:bold; background-color:#f2f2f2;'>ชาวไร่</td><td style='padding:3px 6px;'>นาง ประวงค์ ประดับมุข</td></tr><tr><td style='padding:3px 6px; font-weight:bold; background-color:#f2f2f2;'>ประเภทอ้อย</td><td style='padding:3px 6px;'>ตอ2</td></tr><tr><td style='padding:3px 6px; font-weight:bold; background-color:#f2f2f2;'>พื้นที่</td><td style='padding:3px 6px;'>3.0</td></tr><tr><td style='padding:3px 6px; font-weight:bold; background-color:#f2f2f2;'>ตันรวม</td><td style='padding:3px 6px;'>24.0</td></tr><tr><td style='padding:3px 6px; font-weight:bold; background-color:#f2f2f2;'>รหัสแปลง</td><td style='padding:3px 6px;'>321011011530</td></tr><tr><td style='padding:3px 6px; font-weight:bold; background-color:#f2f2f2;'>กลุ่ม</td><td style='padding:3px 6px;'>กลุ่ม_71</td></tr></table></div>]]></description>
      <styleUrl>#plotStyle</styleUrl>
      <MultiGeometry><Polygon><outerBoundaryIs><LinearRing><coordinates>103.8023576,14.4899431,0 103.8030104,14.4898768,0 103.8028669,14.4892249,0 103.8022982,14.4893076,0 103.8023576,14.4899431,0</coordinates></LinearRing></outerBoundaryIs></Polygon></MultiGeometry>
    </Placemark>
    <Placemark>
      <name>321017071586</name>
      <description><![CDATA[<div style='font-family:Tahoma,sans-serif; font-size:13px;'><h3 style='color:#1565C0; margin:4px 0;'>รหัสแปลง: 321017071586</h3><p style='margin:2px 0;'><b>กลุ่มคิว:</b> 71_001</p><table border='1' style='border-collapse:collapse; border-color:#ccc; width:100%;'><tr><td style='padding:3px 6px; font-weight:bold; background-color:#f2f2f2;'>รหัสกลุ่มคิว</td><td style='padding:3px 6px;'>71/001</td></tr><tr><td style='padding:3px 6px; font-weight:bold; background-color:#f2f2f2;'>รหัสรับเหมา</td><td style='padding:3px 6px;'>733638</td></tr><tr><td style='padding:3px 6px; font-weight:bold; background-color:#f2f2f2;'>ชื่อ-สกุล รับเหมา</td><td style='padding:3px 6px;'>นาย สิทธิชัย ธรรมสุข</td></tr><tr><td style='padding:3px 6px; font-weight:bold; background-color:#f2f2f2;'>นักเกษตร</td><td style='padding:3px 6px;'>7104</td></tr><tr><td style='padding:3px 6px; font-weight:bold; background-color:#f2f2f2;'>ศูนย์</td><td style='padding:3px 6px;'>K2-71</td></tr><tr><td style='padding:3px 6px; font-weight:bold; background-color:#f2f2f2;'>โควตา</td><td style='padding:3px 6px;'>733372</td></tr><tr><td style='padding:3px 6px; font-weight:bold; background-color:#f2f2f2;'>ชาวไร่</td><td style='padding:3px 6px;'>นาย บุญ มณฑล</td></tr><tr><td style='padding:3px 6px; font-weight:bold; background-color:#f2f2f2;'>ประเภทอ้อย</td><td style='padding:3px 6px;'>ปลายฝน</td></tr><tr><td style='padding:3px 6px; font-weight:bold; background-color:#f2f2f2;'>พื้นที่</td><td style='padding:3px 6px;'>12.72</td></tr><tr><td style='padding:3px 6px; font-weight:bold; background-color:#f2f2f2;'>ตันรวม</td><td style='padding:3px 6px;'>165.36</td></tr><tr><td style='padding:3px 6px; font-weight:bold; background-color:#f2f2f2;'>รหัสแปลง</td><td style='padding:3px 6px;'>321017071586</td></tr><tr><td style='padding:3px 6px; font-weight:bold; background-color:#f2f2f2;'>กลุ่ม</td><td style='padding:3px 6px;'>กลุ่ม_71</td></tr></table></div>]]></description>
      <styleUrl>#plotStyle</styleUrl>
      <MultiGeometry><Polygon><outerBoundaryIs><LinearRing><coordinates>103.8748350,14.5209633,0 103.8760450,14.5209767,0 103.8755350,14.5192633,0 103.8747300,14.5193233,0 103.8748350,14.5209633,0</coordinates></LinearRing></outerBoundaryIs></Polygon></MultiGeometry>
    </Placemark>
    <Placemark>
      <name>321011011531</name>
      <description><![CDATA[<div style='font-family:Tahoma,sans-serif; font-size:13px;'><h3 style='color:#1565C0; margin:4px 0;'>รหัสแปลง: 321011011531</h3><p style='margin:2px 0;'><b>กลุ่มคิว:</b> 71_001</p><table border='1' style='border-collapse:collapse; border-color:#ccc; width:100%;'><tr><td style='padding:3px 6px; font-weight:bold; background-color:#f2f2f2;'>รหัสกลุ่มคิว</td><td style='padding:3px 6px;'>71/001</td></tr><tr><td style='padding:3px 6px; font-weight:bold; background-color:#f2f2f2;'>รหัสรับเหมา</td><td style='padding:3px 6px;'>733638</td></tr><tr><td style='padding:3px 6px; font-weight:bold; background-color:#f2f2f2;'>ชื่อ-สกุล รับเหมา</td><td style='padding:3px 6px;'>นาย สิทธิชัย ธรรมสุข</td></tr><tr><td style='padding:3px 6px; font-weight:bold; background-color:#f2f2f2;'>นักเกษตร</td><td style='padding:3px 6px;'>7104</td></tr><tr><td style='padding:3px 6px; font-weight:bold; background-color:#f2f2f2;'>ศูนย์</td><td style='padding:3px 6px;'>K2-71</td></tr><tr><td style='padding:3px 6px; font-weight:bold; background-color:#f2f2f2;'>โควตา</td><td style='padding:3px 6px;'>733199</td></tr><tr><td style='padding:3px 6px; font-weight:bold; background-color:#f2f2f2;'>ชาวไร่</td><td style='padding:3px 6px;'>นาย ชิติสรรค์ สุขสาม</td></tr><tr><td style='padding:3px 6px; font-weight:bold; background-color:#f2f2f2;'>ประเภทอ้อย</td><td style='padding:3px 6px;'>ปลายฝน</td></tr><tr><td style='padding:3px 6px; font-weight:bold; background-color:#f2f2f2;'>พื้นที่</td><td style='padding:3px 6px;'>11.2</td></tr><tr><td style='padding:3px 6px; font-weight:bold; background-color:#f2f2f2;'>ตันรวม</td><td style='padding:3px 6px;'>145.6</td></tr><tr><td style='padding:3px 6px; font-weight:bold; background-color:#f2f2f2;'>รหัสแปลง</td><td style='padding:3px 6px;'>321011011531</td></tr><tr><td style='padding:3px 6px; font-weight:bold; background-color:#f2f2f2;'>กลุ่ม</td><td style='padding:3px 6px;'>กลุ่ม_71</td></tr></table></div>]]></description>
      <styleUrl>#plotStyle</styleUrl>
      <MultiGeometry><Polygon><outerBoundaryIs><LinearRing><coordinates>103.8060738,14.4890365,0 103.8070215,14.4890918,0 103.8073240,14.4888508,0 103.8073774,14.4886553,0 103.8074488,14.4881559,0 103.8074127,14.4880817,0 103.8071986,14.4880041,0 103.8064505,14.4879063,0 103.8059562,14.4879066,0 103.8060738,14.4890365,0</coordinates></LinearRing></outerBoundaryIs></Polygon></MultiGeometry>
    </Placemark>
    <Placemark>
      <name>321017101505</name>
      <description><![CDATA[<div style='font-family:Tahoma,sans-serif; font-size:13px;'><h3 style='color:#1565C0; margin:4px 0;'>รหัสแปลง: 321017101505</h3><p style='margin:2px 0;'><b>กลุ่มคิว:</b> 71_001</p><table border='1' style='border-collapse:collapse; border-color:#ccc; width:100%;'><tr><td style='padding:3px 6px; font-weight:bold; background-color:#f2f2f2;'>รหัสกลุ่มคิว</td><td style='padding:3px 6px;'>71/001</td></tr><tr><td style='padding:3px 6px; font-weight:bold; background-color:#f2f2f2;'>รหัสรับเหมา</td><td style='padding:3px 6px;'>733638</td></tr><tr><td style='padding:3px 6px; font-weight:bold; background-color:#f2f2f2;'>ชื่อ-สกุล รับเหมา</td><td style='padding:3px 6px;'>นาย สิทธิชัย ธรรมสุข</td></tr><tr><td style='padding:3px 6px; font-weight:bold; background-color:#f2f2f2;'>นักเกษตร</td><td style='padding:3px 6px;'>7104</td></tr><tr><td style='padding:3px 6px; font-weight:bold; background-color:#f2f2f2;'>ศูนย์</td><td style='padding:3px 6px;'>K2-71</td></tr><tr><td style='padding:3px 6px; font-weight:bold; background-color:#f2f2f2;'>โควตา</td><td style='padding:3px 6px;'>733709</td></tr><tr><td style='padding:3px 6px; font-weight:bold; background-color:#f2f2f2;'>ชาวไร่</td><td style='padding:3px 6px;'>นาย จักรพันธ์ วันไทย</td></tr><tr><td style='padding:3px 6px; font-weight:bold; background-color:#f2f2f2;'>ประเภทอ้อย</td><td style='padding:3px 6px;'>ตอ1</td></tr><tr><td style='padding:3px 6px; font-weight:bold; background-color:#f2f2f2;'>พื้นที่</td><td style='padding:3px 6px;'>13.44</td></tr><tr><td style='padding:3px 6px; font-weight:bold; background-color:#f2f2f2;'>ตันรวม</td><td style='padding:3px 6px;'>120.96</td></tr><tr><td style='padding:3px 6px; font-weight:bold; background-color:#f2f2f2;'>รหัสแปลง</td><td style='padding:3px 6px;'>321017101505</td></tr><tr><td style='padding:3px 6px; font-weight:bold; background-color:#f2f2f2;'>กลุ่ม</td><td style='padding:3px 6px;'>กลุ่ม_71</td></tr></table></div>]]></description>
      <styleUrl>#plotStyle</styleUrl>
      <MultiGeometry><Polygon><outerBoundaryIs><LinearRing><coordinates>103.8472550,14.4505667,0 103.8493300,14.4520217,0 103.8497933,14.4514683,0 103.8477817,14.4500600,0 103.8472550,14.4505667,0</coordinates></LinearRing></outerBoundaryIs></Polygon></MultiGeometry>
    </Placemark>
    <Placemark>
      <name>321017011606</name>
      <description><![CDATA[<div style='font-family:Tahoma,sans-serif; font-size:13px;'><h3 style='color:#1565C0; margin:4px 0;'>รหัสแปลง: 321017011606</h3><p style='margin:2px 0;'><b>กลุ่มคิว:</b> 71_001</p><table border='1' style='border-collapse:collapse; border-color:#ccc; width:100%;'><tr><td style='padding:3px 6px; font-weight:bold; background-color:#f2f2f2;'>รหัสกลุ่มคิว</td><td style='padding:3px 6px;'>71/001</td></tr><tr><td style='padding:3px 6px; font-weight:bold; background-color:#f2f2f2;'>รหัสรับเหมา</td><td style='padding:3px 6px;'>733638</td></tr><tr><td style='padding:3px 6px; font-weight:bold; background-color:#f2f2f2;'>ชื่อ-สกุล รับเหมา</td><td style='padding:3px 6px;'>นาย สิทธิชัย ธรรมสุข</td></tr><tr><td style='padding:3px 6px; font-weight:bold; background-color:#f2f2f2;'>นักเกษตร</td><td style='padding:3px 6px;'>7104</td></tr><tr><td style='padding:3px 6px; font-weight:bold; background-color:#f2f2f2;'>ศูนย์</td><td style='padding:3px 6px;'>K2-71</td></tr><tr><td style='padding:3px 6px; font-weight:bold; background-color:#f2f2f2;'>โควตา</td><td style='padding:3px 6px;'>774189</td></tr><tr><td style='padding:3px 6px; font-weight:bold; background-color:#f2f2f2;'>ชาวไร่</td><td style='padding:3px 6px;'>นาย จิน ชัยเสนา</td></tr><tr><td style='padding:3px 6px; font-weight:bold; background-color:#f2f2f2;'>ประเภทอ้อย</td><td style='padding:3px 6px;'>ปลายฝน</td></tr><tr><td style='padding:3px 6px; font-weight:bold; background-color:#f2f2f2;'>พื้นที่</td><td style='padding:3px 6px;'>7.0</td></tr><tr><td style='padding:3px 6px; font-weight:bold; background-color:#f2f2f2;'>ตันรวม</td><td style='padding:3px 6px;'>91.0</td></tr><tr><td style='padding:3px 6px; font-weight:bold; background-color:#f2f2f2;'>รหัสแปลง</td><td style='padding:3px 6px;'>321017011606</td></tr><tr><td style='padding:3px 6px; font-weight:bold; background-color:#f2f2f2;'>กลุ่ม</td><td style='padding:3px 6px;'>กลุ่ม_71</td></tr></table></div>]]></description>
      <styleUrl>#plotStyle</styleUrl>
      <MultiGeometry><Polygon><outerBoundaryIs><LinearRing><coordinates>103.8441337,14.4816032,0 103.8433970,14.4818854,0 103.8434800,14.4821372,0 103.8437634,14.4824910,0 103.8438191,14.4825589,0 103.8439319,14.4826800,0 103.8442322,14.4828503,0 103.8446171,14.4826361,0 103.8446150,14.4824880,0 103.8446969,14.4824538,0 103.8442651,14.4817333,0 103.8441337,14.4816032,0</coordinates></LinearRing></outerBoundaryIs></Polygon></MultiGeometry>
    </Placemark>
    <Placemark>
      <name>321017121539</name>
      <description><![CDATA[<div style='font-family:Tahoma,sans-serif; font-size:13px;'><h3 style='color:#1565C0; margin:4px 0;'>รหัสแปลง: 321017121539</h3><p style='margin:2px 0;'><b>กลุ่มคิว:</b> 71_001</p><table border='1' style='border-collapse:collapse; border-color:#ccc; width:100%;'><tr><td style='padding:3px 6px; font-weight:bold; background-color:#f2f2f2;'>รหัสกลุ่มคิว</td><td style='padding:3px 6px;'>71/001</td></tr><tr><td style='padding:3px 6px; font-weight:bold; background-color:#f2f2f2;'>รหัสรับเหมา</td><td style='padding:3px 6px;'>733638</td></tr><tr><td style='padding:3px 6px; font-weight:bold; background-color:#f2f2f2;'>ชื่อ-สกุล รับเหมา</td><td style='padding:3px 6px;'>นาย สิทธิชัย ธรรมสุข</td></tr><tr><td style='padding:3px 6px; font-weight:bold; background-color:#f2f2f2;'>นักเกษตร</td><td style='padding:3px 6px;'>7104</td></tr><tr><td style='padding:3px 6px; font-weight:bold; background-color:#f2f2f2;'>ศูนย์</td><td style='padding:3px 6px;'>K2-71</td></tr><tr><td style='padding:3px 6px; font-weight:bold; background-color:#f2f2f2;'>โควตา</td><td style='padding:3px 6px;'>733916</td></tr><tr><td style='padding:3px 6px; font-weight:bold; background-color:#f2f2f2;'>ชาวไร่</td><td style='padding:3px 6px;'>นางสาว จินตรา สามกุล</td></tr><tr><td style='padding:3px 6px; font-weight:bold; background-color:#f2f2f2;'>ประเภทอ้อย</td><td style='padding:3px 6px;'>ตอ1</td></tr><tr><td style='padding:3px 6px; font-weight:bold; background-color:#f2f2f2;'>พื้นที่</td><td style='padding:3px 6px;'>6.4</td></tr><tr><td style='padding:3px 6px; font-weight:bold; background-color:#f2f2f2;'>ตันรวม</td><td style='padding:3px 6px;'>57.6</td></tr><tr><td style='padding:3px 6px; font-weight:bold; background-color:#f2f2f2;'>รหัสแปลง</td><td style='padding:3px 6px;'>321017121539</td></tr><tr><td style='padding:3px 6px; font-weight:bold; background-color:#f2f2f2;'>กลุ่ม</td><td style='padding:3px 6px;'>กลุ่ม_71</td></tr></table></div>]]></description>
      <styleUrl>#plotStyle</styleUrl>
      <MultiGeometry><Polygon><outerBoundaryIs><LinearRing><coordinates>103.8235333,14.4830783,0 103.8232483,14.4823933,0 103.8220483,14.4827983,0 103.8222833,14.4833600,0 103.8235333,14.4830783,0</coordinates></LinearRing></outerBoundaryIs></Polygon></MultiGeometry>
    </Placemark>
    <Placemark>
      <name>321017061641</name>
      <description><![CDATA[<div style='font-family:Tahoma,sans-serif; font-size:13px;'><h3 style='color:#1565C0; margin:4px 0;'>รหัสแปลง: 321017061641</h3><p style='margin:2px 0;'><b>กลุ่มคิว:</b> 71_001</p><table border='1' style='border-collapse:collapse; border-color:#ccc; width:100%;'><tr><td style='padding:3px 6px; font-weight:bold; background-color:#f2f2f2;'>รหัสกลุ่มคิว</td><td style='padding:3px 6px;'>71/001</td></tr><tr><td style='padding:3px 6px; font-weight:bold; background-color:#f2f2f2;'>รหัสรับเหมา</td><td style='padding:3px 6px;'>733638</td></tr><tr><td style='padding:3px 6px; font-weight:bold; background-color:#f2f2f2;'>ชื่อ-สกุล รับเหมา</td><td style='padding:3px 6px;'>นาย สิทธิชัย ธรรมสุข</td></tr><tr><td style='padding:3px 6px; font-weight:bold; background-color:#f2f2f2;'>นักเกษตร</td><td style='padding:3px 6px;'>7104</td></tr><tr><td style='padding:3px 6px; font-weight:bold; background-color:#f2f2f2;'>ศูนย์</td><td style='padding:3px 6px;'>K2-71</td></tr><tr><td style='padding:3px 6px; font-weight:bold; background-color:#f2f2f2;'>โควตา</td><td style='padding:3px 6px;'>733783</td></tr><tr><td style='padding:3px 6px; font-weight:bold; background-color:#f2f2f2;'>ชาวไร่</td><td style='padding:3px 6px;'>นาย ดวง แก้วหอม</td></tr><tr><td style='padding:3px 6px; font-weight:bold; background-color:#f2f2f2;'>ประเภทอ้อย</td><td style='padding:3px 6px;'>ปลายฝน</td></tr><tr><td style='padding:3px 6px; font-weight:bold; background-color:#f2f2f2;'>พื้นที่</td><td style='padding:3px 6px;'>9.37</td></tr><tr><td style='padding:3px 6px; font-weight:bold; background-color:#f2f2f2;'>ตันรวม</td><td style='padding:3px 6px;'>121.81</td></tr><tr><td style='padding:3px 6px; font-weight:bold; background-color:#f2f2f2;'>รหัสแปลง</td><td style='padding:3px 6px;'>321017061641</td></tr><tr><td style='padding:3px 6px; font-weight:bold; background-color:#f2f2f2;'>กลุ่ม</td><td style='padding:3px 6px;'>กลุ่ม_71</td></tr></table></div>]]></description>
      <styleUrl>#plotStyle</styleUrl>
      <MultiGeometry><Polygon><outerBoundaryIs><LinearRing><coordinates>103.8898300,14.4955617,0 103.8906567,14.4956833,0 103.8907817,14.4942600,0 103.8898883,14.4941100,0 103.8898300,14.4955617,0</coordinates></LinearRing></outerBoundaryIs></Polygon></MultiGeometry>
    </Placemark>
    <Placemark>
      <name>321017071603</name>
      <description><![CDATA[<div style='font-family:Tahoma,sans-serif; font-size:13px;'><h3 style='color:#1565C0; margin:4px 0;'>รหัสแปลง: 321017071603</h3><p style='margin:2px 0;'><b>กลุ่มคิว:</b> 71_001</p><table border='1' style='border-collapse:collapse; border-color:#ccc; width:100%;'><tr><td style='padding:3px 6px; font-weight:bold; background-color:#f2f2f2;'>รหัสกลุ่มคิว</td><td style='padding:3px 6px;'>71/001</td></tr><tr><td style='padding:3px 6px; font-weight:bold; background-color:#f2f2f2;'>รหัสรับเหมา</td><td style='padding:3px 6px;'>733638</td></tr><tr><td style='padding:3px 6px; font-weight:bold; background-color:#f2f2f2;'>ชื่อ-สกุล รับเหมา</td><td style='padding:3px 6px;'>นาย สิทธิชัย ธรรมสุข</td></tr><tr><td style='padding:3px 6px; font-weight:bold; background-color:#f2f2f2;'>นักเกษตร</td><td style='padding:3px 6px;'>7104</td></tr><tr><td style='padding:3px 6px; font-weight:bold; background-color:#f2f2f2;'>ศูนย์</td><td style='padding:3px 6px;'>K2-71</td></tr><tr><td style='padding:3px 6px; font-weight:bold; background-color:#f2f2f2;'>โควตา</td><td style='padding:3px 6px;'>733377</td></tr><tr><td style='padding:3px 6px; font-weight:bold; background-color:#f2f2f2;'>ชาวไร่</td><td style='padding:3px 6px;'>นาย เฉลิมชัย สีดาหอม</td></tr><tr><td style='padding:3px 6px; font-weight:bold; background-color:#f2f2f2;'>ประเภทอ้อย</td><td style='padding:3px 6px;'>ตอ1</td></tr><tr><td style='padding:3px 6px; font-weight:bold; background-color:#f2f2f2;'>พื้นที่</td><td style='padding:3px 6px;'>11.89</td></tr><tr><td style='padding:3px 6px; font-weight:bold; background-color:#f2f2f2;'>ตันรวม</td><td style='padding:3px 6px;'>107.01</td></tr><tr><td style='padding:3px 6px; font-weight:bold; background-color:#f2f2f2;'>รหัสแปลง</td><td style='padding:3px 6px;'>321017071603</td></tr><tr><td style='padding:3px 6px; font-weight:bold; background-color:#f2f2f2;'>กลุ่ม</td><td style='padding:3px 6px;'>กลุ่ม_71</td></tr></table></div>]]></description>
      <styleUrl>#plotStyle</styleUrl>
      <MultiGeometry><Polygon><outerBoundaryIs><LinearRing><coordinates>103.8783067,14.5064000,0 103.8782417,14.5049383,0 103.8788567,14.5048050,0 103.8788817,14.5059250,0 103.8794267,14.5059117,0 103.8794750,14.5046000,0 103.8776633,14.5050450,0 103.8777033,14.5056383,0 103.8776900,14.5064017,0 103.8783067,14.5064000,0</coordinates></LinearRing></outerBoundaryIs></Polygon></MultiGeometry>
    </Placemark>
    <Placemark>
      <name>321017071605</name>
      <description><![CDATA[<div style='font-family:Tahoma,sans-serif; font-size:13px;'><h3 style='color:#1565C0; margin:4px 0;'>รหัสแปลง: 321017071605</h3><p style='margin:2px 0;'><b>กลุ่มคิว:</b> 71_001</p><table border='1' style='border-collapse:collapse; border-color:#ccc; width:100%;'><tr><td style='padding:3px 6px; font-weight:bold; background-color:#f2f2f2;'>รหัสกลุ่มคิว</td><td style='padding:3px 6px;'>71/001</td></tr><tr><td style='padding:3px 6px; font-weight:bold; background-color:#f2f2f2;'>รหัสรับเหมา</td><td style='padding:3px 6px;'>733638</td></tr><tr><td style='padding:3px 6px; font-weight:bold; background-color:#f2f2f2;'>ชื่อ-สกุล รับเหมา</td><td style='padding:3px 6px;'>นาย สิทธิชัย ธรรมสุข</td></tr><tr><td style='padding:3px 6px; font-weight:bold; background-color:#f2f2f2;'>นักเกษตร</td><td style='padding:3px 6px;'>7104</td></tr><tr><td style='padding:3px 6px; font-weight:bold; background-color:#f2f2f2;'>ศูนย์</td><td style='padding:3px 6px;'>K2-71</td></tr><tr><td style='padding:3px 6px; font-weight:bold; background-color:#f2f2f2;'>โควตา</td><td style='padding:3px 6px;'>733377</td></tr><tr><td style='padding:3px 6px; font-weight:bold; background-color:#f2f2f2;'>ชาวไร่</td><td style='padding:3px 6px;'>นาย เฉลิมชัย สีดาหอม</td></tr><tr><td style='padding:3px 6px; font-weight:bold; background-color:#f2f2f2;'>ประเภทอ้อย</td><td style='padding:3px 6px;'>ตอ3</td></tr><tr><td style='padding:3px 6px; font-weight:bold; background-color:#f2f2f2;'>พื้นที่</td><td style='padding:3px 6px;'>6.23</td></tr><tr><td style='padding:3px 6px; font-weight:bold; background-color:#f2f2f2;'>ตันรวม</td><td style='padding:3px 6px;'>43.61</td></tr><tr><td style='padding:3px 6px; font-weight:bold; background-color:#f2f2f2;'>รหัสแปลง</td><td style='padding:3px 6px;'>321017071605</td></tr><tr><td style='padding:3px 6px; font-weight:bold; background-color:#f2f2f2;'>กลุ่ม</td><td style='padding:3px 6px;'>กลุ่ม_71</td></tr></table></div>]]></description>
      <styleUrl>#plotStyle</styleUrl>
      <MultiGeometry><Polygon><outerBoundaryIs><LinearRing><coordinates>103.8788552,14.5047551,0 103.8782407,14.5049149,0 103.8782701,14.5061818,0 103.8788789,14.5061986,0 103.8788552,14.5047551,0</coordinates></LinearRing></outerBoundaryIs></Polygon></MultiGeometry>
    </Placemark>
    <Placemark>
      <name>321011011540</name>
      <description><![CDATA[<div style='font-family:Tahoma,sans-serif; font-size:13px;'><h3 style='color:#1565C0; margin:4px 0;'>รหัสแปลง: 321011011540</h3><p style='margin:2px 0;'><b>กลุ่มคิว:</b> 71_001</p><table border='1' style='border-collapse:collapse; border-color:#ccc; width:100%;'><tr><td style='padding:3px 6px; font-weight:bold; background-color:#f2f2f2;'>รหัสกลุ่มคิว</td><td style='padding:3px 6px;'>71/001</td></tr><tr><td style='padding:3px 6px; font-weight:bold; background-color:#f2f2f2;'>รหัสรับเหมา</td><td style='padding:3px 6px;'>733638</td></tr><tr><td style='padding:3px 6px; font-weight:bold; background-color:#f2f2f2;'>ชื่อ-สกุล รับเหมา</td><td style='padding:3px 6px;'>นาย สิทธิชัย ธรรมสุข</td></tr><tr><td style='padding:3px 6px; font-weight:bold; background-color:#f2f2f2;'>นักเกษตร</td><td style='padding:3px 6px;'>7104</td></tr><tr><td style='padding:3px 6px; font-weight:bold; background-color:#f2f2f2;'>ศูนย์</td><td style='padding:3px 6px;'>K2-71</td></tr><tr><td style='padding:3px 6px; font-weight:bold; background-color:#f2f2f2;'>โควตา</td><td style='padding:3px 6px;'>733950</td></tr><tr><td style='padding:3px 6px; font-weight:bold; background-color:#f2f2f2;'>ชาวไร่</td><td style='padding:3px 6px;'>นาง ประวงค์ ประดับมุข</td></tr><tr><td style='padding:3px 6px; font-weight:bold; background-color:#f2f2f2;'>ประเภทอ้อย</td><td style='padding:3px 6px;'>ตอ1</td></tr><tr><td style='padding:3px 6px; font-weight:bold; background-color:#f2f2f2;'>พื้นที่</td><td style='padding:3px 6px;'>7.39</td></tr><tr><td style='padding:3px 6px; font-weight:bold; background-color:#f2f2f2;'>ตันรวม</td><td style='padding:3px 6px;'>66.51</td></tr><tr><td style='padding:3px 6px; font-weight:bold; background-color:#f2f2f2;'>รหัสแปลง</td><td style='padding:3px 6px;'>321011011540</td></tr><tr><td style='padding:3px 6px; font-weight:bold; background-color:#f2f2f2;'>กลุ่ม</td><td style='padding:3px 6px;'>กลุ่ม_71</td></tr></table></div>]]></description>
      <styleUrl>#plotStyle</styleUrl>
      <MultiGeometry><Polygon><outerBoundaryIs><LinearRing><coordinates>103.8007049,14.4928464,0 103.7995945,14.4926170,0 103.7994337,14.4927110,0 103.7992870,14.4930015,0 103.7996309,14.4931211,0 103.7996115,14.4933119,0 103.7997551,14.4934389,0 103.7997315,14.4935972,0 103.8003758,14.4937562,0 103.8005251,14.4934574,0 103.8007049,14.4928464,0</coordinates></LinearRing></outerBoundaryIs></Polygon></MultiGeometry>
    </Placemark>
    <Placemark>
      <name>321017121548</name>
      <description><![CDATA[<div style='font-family:Tahoma,sans-serif; font-size:13px;'><h3 style='color:#1565C0; margin:4px 0;'>รหัสแปลง: 321017121548</h3><p style='margin:2px 0;'><b>กลุ่มคิว:</b> 71_001</p><table border='1' style='border-collapse:collapse; border-color:#ccc; width:100%;'><tr><td style='padding:3px 6px; font-weight:bold; background-color:#f2f2f2;'>รหัสกลุ่มคิว</td><td style='padding:3px 6px;'>71/001</td></tr><tr><td style='padding:3px 6px; font-weight:bold; background-color:#f2f2f2;'>รหัสรับเหมา</td><td style='padding:3px 6px;'>733638</td></tr><tr><td style='padding:3px 6px; font-weight:bold; background-color:#f2f2f2;'>ชื่อ-สกุล รับเหมา</td><td style='padding:3px 6px;'>นาย สิทธิชัย ธรรมสุข</td></tr><tr><td style='padding:3px 6px; font-weight:bold; background-color:#f2f2f2;'>นักเกษตร</td><td style='padding:3px 6px;'>7104</td></tr><tr><td style='padding:3px 6px; font-weight:bold; background-color:#f2f2f2;'>ศูนย์</td><td style='padding:3px 6px;'>K2-71</td></tr><tr><td style='padding:3px 6px; font-weight:bold; background-color:#f2f2f2;'>โควตา</td><td style='padding:3px 6px;'>733051</td></tr><tr><td style='padding:3px 6px; font-weight:bold; background-color:#f2f2f2;'>ชาวไร่</td><td style='padding:3px 6px;'>นาย ภุมริน บุทอง</td></tr><tr><td style='padding:3px 6px; font-weight:bold; background-color:#f2f2f2;'>ประเภทอ้อย</td><td style='padding:3px 6px;'>ตอ3</td></tr><tr><td style='padding:3px 6px; font-weight:bold; background-color:#f2f2f2;'>พื้นที่</td><td style='padding:3px 6px;'>9.95</td></tr><tr><td style='padding:3px 6px; font-weight:bold; background-color:#f2f2f2;'>ตันรวม</td><td style='padding:3px 6px;'>69.65</td></tr><tr><td style='padding:3px 6px; font-weight:bold; background-color:#f2f2f2;'>รหัสแปลง</td><td style='padding:3px 6px;'>321017121548</td></tr><tr><td style='padding:3px 6px; font-weight:bold; background-color:#f2f2f2;'>กลุ่ม</td><td style='padding:3px 6px;'>กลุ่ม_71</td></tr></table></div>]]></description>
      <styleUrl>#plotStyle</styleUrl>
      <MultiGeometry><Polygon><outerBoundaryIs><LinearRing><coordinates>103.8313139,14.4850059,0 103.8313082,14.4850050,0 103.8303281,14.4851947,0 103.8304904,14.4858710,0 103.8309900,14.4858000,0 103.8310367,14.4857633,0 103.8311600,14.4857150,0 103.8311700,14.4856750,0 103.8320217,14.4854333,0 103.8321783,14.4853283,0 103.8321650,14.4853017,0 103.8317200,14.4850900,0 103.8316267,14.4855267,0 103.8315817,14.4855350,0 103.8315617,14.4855000,0 103.8314733,14.4854233,0 103.8313217,14.4852983,0 103.8313139,14.4850059,0</coordinates></LinearRing></outerBoundaryIs></Polygon></MultiGeometry>
    </Placemark>
    <Placemark>
      <name>321017121551</name>
      <description><![CDATA[<div style='font-family:Tahoma,sans-serif; font-size:13px;'><h3 style='color:#1565C0; margin:4px 0;'>รหัสแปลง: 321017121551</h3><p style='margin:2px 0;'><b>กลุ่มคิว:</b> 71_001</p><table border='1' style='border-collapse:collapse; border-color:#ccc; width:100%;'><tr><td style='padding:3px 6px; font-weight:bold; background-color:#f2f2f2;'>รหัสกลุ่มคิว</td><td style='padding:3px 6px;'>71/001</td></tr><tr><td style='padding:3px 6px; font-weight:bold; background-color:#f2f2f2;'>รหัสรับเหมา</td><td style='padding:3px 6px;'>733638</td></tr><tr><td style='padding:3px 6px; font-weight:bold; background-color:#f2f2f2;'>ชื่อ-สกุล รับเหมา</td><td style='padding:3px 6px;'>นาย สิทธิชัย ธรรมสุข</td></tr><tr><td style='padding:3px 6px; font-weight:bold; background-color:#f2f2f2;'>นักเกษตร</td><td style='padding:3px 6px;'>7104</td></tr><tr><td style='padding:3px 6px; font-weight:bold; background-color:#f2f2f2;'>ศูนย์</td><td style='padding:3px 6px;'>K2-71</td></tr><tr><td style='padding:3px 6px; font-weight:bold; background-color:#f2f2f2;'>โควตา</td><td style='padding:3px 6px;'>733924</td></tr><tr><td style='padding:3px 6px; font-weight:bold; background-color:#f2f2f2;'>ชาวไร่</td><td style='padding:3px 6px;'>นาย วรสิทธิ์ เตี้ยเเอก</td></tr><tr><td style='padding:3px 6px; font-weight:bold; background-color:#f2f2f2;'>ประเภทอ้อย</td><td style='padding:3px 6px;'>ปลายฝน</td></tr><tr><td style='padding:3px 6px; font-weight:bold; background-color:#f2f2f2;'>พื้นที่</td><td style='padding:3px 6px;'>5.14</td></tr><tr><td style='padding:3px 6px; font-weight:bold; background-color:#f2f2f2;'>ตันรวม</td><td style='padding:3px 6px;'>66.82</td></tr><tr><td style='padding:3px 6px; font-weight:bold; background-color:#f2f2f2;'>รหัสแปลง</td><td style='padding:3px 6px;'>321017121551</td></tr><tr><td style='padding:3px 6px; font-weight:bold; background-color:#f2f2f2;'>กลุ่ม</td><td style='padding:3px 6px;'>กลุ่ม_71</td></tr></table></div>]]></description>
      <styleUrl>#plotStyle</styleUrl>
      <MultiGeometry><Polygon><outerBoundaryIs><LinearRing><coordinates>103.8312050,14.4763417,0 103.8308333,14.4770767,0 103.8315133,14.4775467,0 103.8318217,14.4768617,0 103.8318167,14.4766767,0 103.8318000,14.4765767,0 103.8317183,14.4765400,0 103.8316467,14.4765217,0 103.8315533,14.4765350,0 103.8314367,14.4766200,0 103.8314267,14.4765817,0 103.8314217,14.4765133,0 103.8313267,14.4764350,0 103.8313117,14.4764000,0 103.8312050,14.4763417,0</coordinates></LinearRing></outerBoundaryIs></Polygon></MultiGeometry>
    </Placemark>
    <Placemark>
      <name>321017011614</name>
      <description><![CDATA[<div style='font-family:Tahoma,sans-serif; font-size:13px;'><h3 style='color:#1565C0; margin:4px 0;'>รหัสแปลง: 321017011614</h3><p style='margin:2px 0;'><b>กลุ่มคิว:</b> 71_001</p><table border='1' style='border-collapse:collapse; border-color:#ccc; width:100%;'><tr><td style='padding:3px 6px; font-weight:bold; background-color:#f2f2f2;'>รหัสกลุ่มคิว</td><td style='padding:3px 6px;'>71/001</td></tr><tr><td style='padding:3px 6px; font-weight:bold; background-color:#f2f2f2;'>รหัสรับเหมา</td><td style='padding:3px 6px;'>733638</td></tr><tr><td style='padding:3px 6px; font-weight:bold; background-color:#f2f2f2;'>ชื่อ-สกุล รับเหมา</td><td style='padding:3px 6px;'>นาย สิทธิชัย ธรรมสุข</td></tr><tr><td style='padding:3px 6px; font-weight:bold; background-color:#f2f2f2;'>นักเกษตร</td><td style='padding:3px 6px;'>7104</td></tr><tr><td style='padding:3px 6px; font-weight:bold; background-color:#f2f2f2;'>ศูนย์</td><td style='padding:3px 6px;'>K2-71</td></tr><tr><td style='padding:3px 6px; font-weight:bold; background-color:#f2f2f2;'>โควตา</td><td style='padding:3px 6px;'>730045</td></tr><tr><td style='padding:3px 6px; font-weight:bold; background-color:#f2f2f2;'>ชาวไร่</td><td style='padding:3px 6px;'>จ.ส.ต. ถาวร สุบิน</td></tr><tr><td style='padding:3px 6px; font-weight:bold; background-color:#f2f2f2;'>ประเภทอ้อย</td><td style='padding:3px 6px;'>ตอ1</td></tr><tr><td style='padding:3px 6px; font-weight:bold; background-color:#f2f2f2;'>พื้นที่</td><td style='padding:3px 6px;'>21.38</td></tr><tr><td style='padding:3px 6px; font-weight:bold; background-color:#f2f2f2;'>ตันรวม</td><td style='padding:3px 6px;'>192.42</td></tr><tr><td style='padding:3px 6px; font-weight:bold; background-color:#f2f2f2;'>รหัสแปลง</td><td style='padding:3px 6px;'>321017011614</td></tr><tr><td style='padding:3px 6px; font-weight:bold; background-color:#f2f2f2;'>กลุ่ม</td><td style='padding:3px 6px;'>กลุ่ม_71</td></tr></table></div>]]></description>
      <styleUrl>#plotStyle</styleUrl>
      <MultiGeometry><Polygon><outerBoundaryIs><LinearRing><coordinates>103.8275333,14.4578217,0 103.8239400,14.4577883,0 103.8238633,14.4585350,0 103.8275183,14.4586467,0 103.8275333,14.4578217,0</coordinates></LinearRing></outerBoundaryIs></Polygon></MultiGeometry>
    </Placemark>
    <Placemark>
      <name>321006051556</name>
      <description><![CDATA[<div style='font-family:Tahoma,sans-serif; font-size:13px;'><h3 style='color:#1565C0; margin:4px 0;'>รหัสแปลง: 321006051556</h3><p style='margin:2px 0;'><b>กลุ่มคิว:</b> 71_001</p><table border='1' style='border-collapse:collapse; border-color:#ccc; width:100%;'><tr><td style='padding:3px 6px; font-weight:bold; background-color:#f2f2f2;'>รหัสกลุ่มคิว</td><td style='padding:3px 6px;'>71/001</td></tr><tr><td style='padding:3px 6px; font-weight:bold; background-color:#f2f2f2;'>รหัสรับเหมา</td><td style='padding:3px 6px;'>733638</td></tr><tr><td style='padding:3px 6px; font-weight:bold; background-color:#f2f2f2;'>ชื่อ-สกุล รับเหมา</td><td style='padding:3px 6px;'>นาย สิทธิชัย ธรรมสุข</td></tr><tr><td style='padding:3px 6px; font-weight:bold; background-color:#f2f2f2;'>นักเกษตร</td><td style='padding:3px 6px;'>7104</td></tr><tr><td style='padding:3px 6px; font-weight:bold; background-color:#f2f2f2;'>ศูนย์</td><td style='padding:3px 6px;'>K2-71</td></tr><tr><td style='padding:3px 6px; font-weight:bold; background-color:#f2f2f2;'>โควตา</td><td style='padding:3px 6px;'>730541</td></tr><tr><td style='padding:3px 6px; font-weight:bold; background-color:#f2f2f2;'>ชาวไร่</td><td style='padding:3px 6px;'>นาย ทศ แม่นผล</td></tr><tr><td style='padding:3px 6px; font-weight:bold; background-color:#f2f2f2;'>ประเภทอ้อย</td><td style='padding:3px 6px;'>ปลายฝน</td></tr><tr><td style='padding:3px 6px; font-weight:bold; background-color:#f2f2f2;'>พื้นที่</td><td style='padding:3px 6px;'>5.89</td></tr><tr><td style='padding:3px 6px; font-weight:bold; background-color:#f2f2f2;'>ตันรวม</td><td style='padding:3px 6px;'>76.57</td></tr><tr><td style='padding:3px 6px; font-weight:bold; background-color:#f2f2f2;'>รหัสแปลง</td><td style='padding:3px 6px;'>321006051556</td></tr><tr><td style='padding:3px 6px; font-weight:bold; background-color:#f2f2f2;'>กลุ่ม</td><td style='padding:3px 6px;'>กลุ่ม_71</td></tr></table></div>]]></description>
      <styleUrl>#plotStyle</styleUrl>
      <MultiGeometry><Polygon><outerBoundaryIs><LinearRing><coordinates>103.8851197,14.5200393,0 103.8851377,14.5206902,0 103.8863026,14.5206881,0 103.8863363,14.5206529,0 103.8863345,14.5205459,0 103.8863706,14.5204043,0 103.8861859,14.5200069,0 103.8851197,14.5200393,0</coordinates></LinearRing></outerBoundaryIs></Polygon></MultiGeometry>
    </Placemark>
    <Placemark>
      <name>321017071617</name>
      <description><![CDATA[<div style='font-family:Tahoma,sans-serif; font-size:13px;'><h3 style='color:#1565C0; margin:4px 0;'>รหัสแปลง: 321017071617</h3><p style='margin:2px 0;'><b>กลุ่มคิว:</b> 71_001</p><table border='1' style='border-collapse:collapse; border-color:#ccc; width:100%;'><tr><td style='padding:3px 6px; font-weight:bold; background-color:#f2f2f2;'>รหัสกลุ่มคิว</td><td style='padding:3px 6px;'>71/001</td></tr><tr><td style='padding:3px 6px; font-weight:bold; background-color:#f2f2f2;'>รหัสรับเหมา</td><td style='padding:3px 6px;'>733638</td></tr><tr><td style='padding:3px 6px; font-weight:bold; background-color:#f2f2f2;'>ชื่อ-สกุล รับเหมา</td><td style='padding:3px 6px;'>นาย สิทธิชัย ธรรมสุข</td></tr><tr><td style='padding:3px 6px; font-weight:bold; background-color:#f2f2f2;'>นักเกษตร</td><td style='padding:3px 6px;'>7104</td></tr><tr><td style='padding:3px 6px; font-weight:bold; background-color:#f2f2f2;'>ศูนย์</td><td style='padding:3px 6px;'>K2-71</td></tr><tr><td style='padding:3px 6px; font-weight:bold; background-color:#f2f2f2;'>โควตา</td><td style='padding:3px 6px;'>730045</td></tr><tr><td style='padding:3px 6px; font-weight:bold; background-color:#f2f2f2;'>ชาวไร่</td><td style='padding:3px 6px;'>จ.ส.ต. ถาวร สุบิน</td></tr><tr><td style='padding:3px 6px; font-weight:bold; background-color:#f2f2f2;'>ประเภทอ้อย</td><td style='padding:3px 6px;'>ตอ1</td></tr><tr><td style='padding:3px 6px; font-weight:bold; background-color:#f2f2f2;'>พื้นที่</td><td style='padding:3px 6px;'>10.83</td></tr><tr><td style='padding:3px 6px; font-weight:bold; background-color:#f2f2f2;'>ตันรวม</td><td style='padding:3px 6px;'>97.47</td></tr><tr><td style='padding:3px 6px; font-weight:bold; background-color:#f2f2f2;'>รหัสแปลง</td><td style='padding:3px 6px;'>321017071617</td></tr><tr><td style='padding:3px 6px; font-weight:bold; background-color:#f2f2f2;'>กลุ่ม</td><td style='padding:3px 6px;'>กลุ่ม_71</td></tr></table></div>]]></description>
      <styleUrl>#plotStyle</styleUrl>
      <MultiGeometry><Polygon><outerBoundaryIs><LinearRing><coordinates>103.8764117,14.5111850,0 103.8764517,14.5122000,0 103.8765433,14.5125267,0 103.8775533,14.5126400,0 103.8775149,14.5112241,0 103.8773333,14.5112267,0 103.8772617,14.5113433,0 103.8768583,14.5113517,0 103.8768542,14.5111279,0 103.8764117,14.5111850,0</coordinates></LinearRing></outerBoundaryIs></Polygon></MultiGeometry>
    </Placemark>
    <Placemark>
      <name>321011031549</name>
      <description><![CDATA[<div style='font-family:Tahoma,sans-serif; font-size:13px;'><h3 style='color:#1565C0; margin:4px 0;'>รหัสแปลง: 321011031549</h3><p style='margin:2px 0;'><b>กลุ่มคิว:</b> 71_001</p><table border='1' style='border-collapse:collapse; border-color:#ccc; width:100%;'><tr><td style='padding:3px 6px; font-weight:bold; background-color:#f2f2f2;'>รหัสกลุ่มคิว</td><td style='padding:3px 6px;'>71/001</td></tr><tr><td style='padding:3px 6px; font-weight:bold; background-color:#f2f2f2;'>รหัสรับเหมา</td><td style='padding:3px 6px;'>733638</td></tr><tr><td style='padding:3px 6px; font-weight:bold; background-color:#f2f2f2;'>ชื่อ-สกุล รับเหมา</td><td style='padding:3px 6px;'>นาย สิทธิชัย ธรรมสุข</td></tr><tr><td style='padding:3px 6px; font-weight:bold; background-color:#f2f2f2;'>นักเกษตร</td><td style='padding:3px 6px;'>7104</td></tr><tr><td style='padding:3px 6px; font-weight:bold; background-color:#f2f2f2;'>ศูนย์</td><td style='padding:3px 6px;'>K2-71</td></tr><tr><td style='padding:3px 6px; font-weight:bold; background-color:#f2f2f2;'>โควตา</td><td style='padding:3px 6px;'>730045</td></tr><tr><td style='padding:3px 6px; font-weight:bold; background-color:#f2f2f2;'>ชาวไร่</td><td style='padding:3px 6px;'>จ.ส.ต. ถาวร สุบิน</td></tr><tr><td style='padding:3px 6px; font-weight:bold; background-color:#f2f2f2;'>ประเภทอ้อย</td><td style='padding:3px 6px;'>ปลายฝน</td></tr><tr><td style='padding:3px 6px; font-weight:bold; background-color:#f2f2f2;'>พื้นที่</td><td style='padding:3px 6px;'>13.87</td></tr><tr><td style='padding:3px 6px; font-weight:bold; background-color:#f2f2f2;'>ตันรวม</td><td style='padding:3px 6px;'>180.31</td></tr><tr><td style='padding:3px 6px; font-weight:bold; background-color:#f2f2f2;'>รหัสแปลง</td><td style='padding:3px 6px;'>321011031549</td></tr><tr><td style='padding:3px 6px; font-weight:bold; background-color:#f2f2f2;'>กลุ่ม</td><td style='padding:3px 6px;'>กลุ่ม_71</td></tr></table></div>]]></description>
      <styleUrl>#plotStyle</styleUrl>
      <MultiGeometry><Polygon><outerBoundaryIs><LinearRing><coordinates>103.8248983,14.4680450,0 103.8266833,14.4680233,0 103.8266900,14.4678850,0 103.8265017,14.4678667,0 103.8265033,14.4674733,0 103.8265183,14.4673500,0 103.8266483,14.4673017,0 103.8266750,14.4664500,0 103.8259917,14.4664383,0 103.8248983,14.4680450,0</coordinates></LinearRing></outerBoundaryIs></Polygon></MultiGeometry>
    </Placemark>
    <Placemark>
      <name>321017011627</name>
      <description><![CDATA[<div style='font-family:Tahoma,sans-serif; font-size:13px;'><h3 style='color:#1565C0; margin:4px 0;'>รหัสแปลง: 321017011627</h3><p style='margin:2px 0;'><b>กลุ่มคิว:</b> 71_001</p><table border='1' style='border-collapse:collapse; border-color:#ccc; width:100%;'><tr><td style='padding:3px 6px; font-weight:bold; background-color:#f2f2f2;'>รหัสกลุ่มคิว</td><td style='padding:3px 6px;'>71/001</td></tr><tr><td style='padding:3px 6px; font-weight:bold; background-color:#f2f2f2;'>รหัสรับเหมา</td><td style='padding:3px 6px;'>733638</td></tr><tr><td style='padding:3px 6px; font-weight:bold; background-color:#f2f2f2;'>ชื่อ-สกุล รับเหมา</td><td style='padding:3px 6px;'>นาย สิทธิชัย ธรรมสุข</td></tr><tr><td style='padding:3px 6px; font-weight:bold; background-color:#f2f2f2;'>นักเกษตร</td><td style='padding:3px 6px;'>7104</td></tr><tr><td style='padding:3px 6px; font-weight:bold; background-color:#f2f2f2;'>ศูนย์</td><td style='padding:3px 6px;'>K2-71</td></tr><tr><td style='padding:3px 6px; font-weight:bold; background-color:#f2f2f2;'>โควตา</td><td style='padding:3px 6px;'>730094</td></tr><tr><td style='padding:3px 6px; font-weight:bold; background-color:#f2f2f2;'>ชาวไร่</td><td style='padding:3px 6px;'>นาย ยศ แรงหาญ</td></tr><tr><td style='padding:3px 6px; font-weight:bold; background-color:#f2f2f2;'>ประเภทอ้อย</td><td style='padding:3px 6px;'>ตอ2</td></tr><tr><td style='padding:3px 6px; font-weight:bold; background-color:#f2f2f2;'>พื้นที่</td><td style='padding:3px 6px;'>11.57</td></tr><tr><td style='padding:3px 6px; font-weight:bold; background-color:#f2f2f2;'>ตันรวม</td><td style='padding:3px 6px;'>92.56</td></tr><tr><td style='padding:3px 6px; font-weight:bold; background-color:#f2f2f2;'>รหัสแปลง</td><td style='padding:3px 6px;'>321017011627</td></tr><tr><td style='padding:3px 6px; font-weight:bold; background-color:#f2f2f2;'>กลุ่ม</td><td style='padding:3px 6px;'>กลุ่ม_71</td></tr></table></div>]]></description>
      <styleUrl>#plotStyle</styleUrl>
      <MultiGeometry><Polygon><outerBoundaryIs><LinearRing><coordinates>103.8372131,14.4538225,0 103.8361325,14.4541517,0 103.8363649,14.4548496,0 103.8364170,14.4555227,0 103.8374153,14.4554385,0 103.8372131,14.4538225,0</coordinates></LinearRing></outerBoundaryIs></Polygon></MultiGeometry>
    </Placemark>
    <Placemark>
      <name>321006111525</name>
      <description><![CDATA[<div style='font-family:Tahoma,sans-serif; font-size:13px;'><h3 style='color:#1565C0; margin:4px 0;'>รหัสแปลง: 321006111525</h3><p style='margin:2px 0;'><b>กลุ่มคิว:</b> 71_001</p><table border='1' style='border-collapse:collapse; border-color:#ccc; width:100%;'><tr><td style='padding:3px 6px; font-weight:bold; background-color:#f2f2f2;'>รหัสกลุ่มคิว</td><td style='padding:3px 6px;'>71/001</td></tr><tr><td style='padding:3px 6px; font-weight:bold; background-color:#f2f2f2;'>รหัสรับเหมา</td><td style='padding:3px 6px;'>733638</td></tr><tr><td style='padding:3px 6px; font-weight:bold; background-color:#f2f2f2;'>ชื่อ-สกุล รับเหมา</td><td style='padding:3px 6px;'>นาย สิทธิชัย ธรรมสุข</td></tr><tr><td style='padding:3px 6px; font-weight:bold; background-color:#f2f2f2;'>นักเกษตร</td><td style='padding:3px 6px;'>7104</td></tr><tr><td style='padding:3px 6px; font-weight:bold; background-color:#f2f2f2;'>ศูนย์</td><td style='padding:3px 6px;'>K2-71</td></tr><tr><td style='padding:3px 6px; font-weight:bold; background-color:#f2f2f2;'>โควตา</td><td style='padding:3px 6px;'>730244</td></tr><tr><td style='padding:3px 6px; font-weight:bold; background-color:#f2f2f2;'>ชาวไร่</td><td style='padding:3px 6px;'>นาย พฤหัส ยิ่งหาญ</td></tr><tr><td style='padding:3px 6px; font-weight:bold; background-color:#f2f2f2;'>ประเภทอ้อย</td><td style='padding:3px 6px;'>ปลายฝน</td></tr><tr><td style='padding:3px 6px; font-weight:bold; background-color:#f2f2f2;'>พื้นที่</td><td style='padding:3px 6px;'>3.86</td></tr><tr><td style='padding:3px 6px; font-weight:bold; background-color:#f2f2f2;'>ตันรวม</td><td style='padding:3px 6px;'>50.18</td></tr><tr><td style='padding:3px 6px; font-weight:bold; background-color:#f2f2f2;'>รหัสแปลง</td><td style='padding:3px 6px;'>321006111525</td></tr><tr><td style='padding:3px 6px; font-weight:bold; background-color:#f2f2f2;'>กลุ่ม</td><td style='padding:3px 6px;'>กลุ่ม_71</td></tr></table></div>]]></description>
      <styleUrl>#plotStyle</styleUrl>
      <MultiGeometry><Polygon><outerBoundaryIs><LinearRing><coordinates>103.8901788,14.5538395,0 103.8905043,14.5542925,0 103.8907223,14.5545267,0 103.8907711,14.5545431,0 103.8907896,14.5545645,0 103.8907747,14.5545892,0 103.8912368,14.5550192,0 103.8913004,14.5550728,0 103.8914079,14.5551863,0 103.8914753,14.5551463,0 103.8915419,14.5550632,0 103.8904439,14.5536708,0 103.8902061,14.5538048,0 103.8901788,14.5538395,0</coordinates></LinearRing></outerBoundaryIs></Polygon></MultiGeometry>
    </Placemark>
    <Placemark>
      <name>321006091510</name>
      <description><![CDATA[<div style='font-family:Tahoma,sans-serif; font-size:13px;'><h3 style='color:#1565C0; margin:4px 0;'>รหัสแปลง: 321006091510</h3><p style='margin:2px 0;'><b>กลุ่มคิว:</b> 71_001</p><table border='1' style='border-collapse:collapse; border-color:#ccc; width:100%;'><tr><td style='padding:3px 6px; font-weight:bold; background-color:#f2f2f2;'>รหัสกลุ่มคิว</td><td style='padding:3px 6px;'>71/001</td></tr><tr><td style='padding:3px 6px; font-weight:bold; background-color:#f2f2f2;'>รหัสรับเหมา</td><td style='padding:3px 6px;'>733638</td></tr><tr><td style='padding:3px 6px; font-weight:bold; background-color:#f2f2f2;'>ชื่อ-สกุล รับเหมา</td><td style='padding:3px 6px;'>นาย สิทธิชัย ธรรมสุข</td></tr><tr><td style='padding:3px 6px; font-weight:bold; background-color:#f2f2f2;'>นักเกษตร</td><td style='padding:3px 6px;'>7104</td></tr><tr><td style='padding:3px 6px; font-weight:bold; background-color:#f2f2f2;'>ศูนย์</td><td style='padding:3px 6px;'>K2-71</td></tr><tr><td style='padding:3px 6px; font-weight:bold; background-color:#f2f2f2;'>โควตา</td><td style='padding:3px 6px;'>730541</td></tr><tr><td style='padding:3px 6px; font-weight:bold; background-color:#f2f2f2;'>ชาวไร่</td><td style='padding:3px 6px;'>นาย ทศ แม่นผล</td></tr><tr><td style='padding:3px 6px; font-weight:bold; background-color:#f2f2f2;'>ประเภทอ้อย</td><td style='padding:3px 6px;'>ตอ1</td></tr><tr><td style='padding:3px 6px; font-weight:bold; background-color:#f2f2f2;'>พื้นที่</td><td style='padding:3px 6px;'>14.58</td></tr><tr><td style='padding:3px 6px; font-weight:bold; background-color:#f2f2f2;'>ตันรวม</td><td style='padding:3px 6px;'>131.22</td></tr><tr><td style='padding:3px 6px; font-weight:bold; background-color:#f2f2f2;'>รหัสแปลง</td><td style='padding:3px 6px;'>321006091510</td></tr><tr><td style='padding:3px 6px; font-weight:bold; background-color:#f2f2f2;'>กลุ่ม</td><td style='padding:3px 6px;'>กลุ่ม_71</td></tr></table></div>]]></description>
      <styleUrl>#plotStyle</styleUrl>
      <MultiGeometry><Polygon><outerBoundaryIs><LinearRing><coordinates>103.8683500,14.5454683,0 103.8684700,14.5454917,0 103.8684833,14.5454917,0 103.8686417,14.5454850,0 103.8689433,14.5455183,0 103.8690017,14.5455417,0 103.8690267,14.5456283,0 103.8689852,14.5456208,0 103.8690101,14.5456548,0 103.8690354,14.5456858,0 103.8692480,14.5457637,0 103.8694415,14.5457675,0 103.8695466,14.5457672,0 103.8695754,14.5457250,0 103.8697291,14.5457241,0 103.8697609,14.5457403,0 103.8699101,14.5457664,0 103.8699333,14.5457430,0 103.8701455,14.5457693,0 103.8703486,14.5457453,0 103.8704027,14.5455032,0 103.8703754,14.5453119,0 103.8704203,14.5453012,0 103.8704166,14.5451175,0 103.8704509,14.5451147,0 103.8704624,14.5449321,0 103.8704275,14.5447637,0 103.8693558,14.5447288,0 103.8690205,14.5447335,0 103.8688995,14.5447362,0 103.8685723,14.5447406,0 103.8682115,14.5448144,0 103.8681747,14.5448580,0 103.8683211,14.5451352,0 103.8683571,14.5452983,0 103.8683500,14.5454683,0</coordinates></LinearRing></outerBoundaryIs></Polygon></MultiGeometry>
    </Placemark>
    <Placemark>
      <name>321017051560</name>
      <description><![CDATA[<div style='font-family:Tahoma,sans-serif; font-size:13px;'><h3 style='color:#1565C0; margin:4px 0;'>รหัสแปลง: 321017051560</h3><p style='margin:2px 0;'><b>กลุ่มคิว:</b> 71_001</p><table border='1' style='border-collapse:collapse; border-color:#ccc; width:100%;'><tr><td style='padding:3px 6px; font-weight:bold; background-color:#f2f2f2;'>รหัสกลุ่มคิว</td><td style='padding:3px 6px;'>71/001</td></tr><tr><td style='padding:3px 6px; font-weight:bold; background-color:#f2f2f2;'>รหัสรับเหมา</td><td style='padding:3px 6px;'>733638</td></tr><tr><td style='padding:3px 6px; font-weight:bold; background-color:#f2f2f2;'>ชื่อ-สกุล รับเหมา</td><td style='padding:3px 6px;'>นาย สิทธิชัย ธรรมสุข</td></tr><tr><td style='padding:3px 6px; font-weight:bold; background-color:#f2f2f2;'>นักเกษตร</td><td style='padding:3px 6px;'>7104</td></tr><tr><td style='padding:3px 6px; font-weight:bold; background-color:#f2f2f2;'>ศูนย์</td><td style='padding:3px 6px;'>K2-71</td></tr><tr><td style='padding:3px 6px; font-weight:bold; background-color:#f2f2f2;'>โควตา</td><td style='padding:3px 6px;'>733426</td></tr><tr><td style='padding:3px 6px; font-weight:bold; background-color:#f2f2f2;'>ชาวไร่</td><td style='padding:3px 6px;'>นาย ภูมินทร์ ศิริพงษ์พิทักษ์</td></tr><tr><td style='padding:3px 6px; font-weight:bold; background-color:#f2f2f2;'>ประเภทอ้อย</td><td style='padding:3px 6px;'>ตอ5</td></tr><tr><td style='padding:3px 6px; font-weight:bold; background-color:#f2f2f2;'>พื้นที่</td><td style='padding:3px 6px;'>3.08</td></tr><tr><td style='padding:3px 6px; font-weight:bold; background-color:#f2f2f2;'>ตันรวม</td><td style='padding:3px 6px;'>21.56</td></tr><tr><td style='padding:3px 6px; font-weight:bold; background-color:#f2f2f2;'>รหัสแปลง</td><td style='padding:3px 6px;'>321017051560</td></tr><tr><td style='padding:3px 6px; font-weight:bold; background-color:#f2f2f2;'>กลุ่ม</td><td style='padding:3px 6px;'>กลุ่ม_71</td></tr></table></div>]]></description>
      <styleUrl>#plotStyle</styleUrl>
      <MultiGeometry><Polygon><outerBoundaryIs><LinearRing><coordinates>103.8501200,14.5024633,0 103.8505683,14.5023717,0 103.8505217,14.5018883,0 103.8504500,14.5015267,0 103.8499800,14.5016067,0 103.8501200,14.5024633,0</coordinates></LinearRing></outerBoundaryIs></Polygon></MultiGeometry>
    </Placemark>
    <Placemark>
      <name>321305041636</name>
      <description><![CDATA[<div style='font-family:Tahoma,sans-serif; font-size:13px;'><h3 style='color:#1565C0; margin:4px 0;'>รหัสแปลง: 321305041636</h3><p style='margin:2px 0;'><b>กลุ่มคิว:</b> 71_001</p><table border='1' style='border-collapse:collapse; border-color:#ccc; width:100%;'><tr><td style='padding:3px 6px; font-weight:bold; background-color:#f2f2f2;'>รหัสกลุ่มคิว</td><td style='padding:3px 6px;'>71/001</td></tr><tr><td style='padding:3px 6px; font-weight:bold; background-color:#f2f2f2;'>รหัสรับเหมา</td><td style='padding:3px 6px;'>733638</td></tr><tr><td style='padding:3px 6px; font-weight:bold; background-color:#f2f2f2;'>ชื่อ-สกุล รับเหมา</td><td style='padding:3px 6px;'>นาย สิทธิชัย ธรรมสุข</td></tr><tr><td style='padding:3px 6px; font-weight:bold; background-color:#f2f2f2;'>นักเกษตร</td><td style='padding:3px 6px;'>7104</td></tr><tr><td style='padding:3px 6px; font-weight:bold; background-color:#f2f2f2;'>ศูนย์</td><td style='padding:3px 6px;'>K2-71</td></tr><tr><td style='padding:3px 6px; font-weight:bold; background-color:#f2f2f2;'>โควตา</td><td style='padding:3px 6px;'>770432</td></tr><tr><td style='padding:3px 6px; font-weight:bold; background-color:#f2f2f2;'>ชาวไร่</td><td style='padding:3px 6px;'>นาง สุเมร ชาญเชี่ยว</td></tr><tr><td style='padding:3px 6px; font-weight:bold; background-color:#f2f2f2;'>ประเภทอ้อย</td><td style='padding:3px 6px;'>ตอ1</td></tr><tr><td style='padding:3px 6px; font-weight:bold; background-color:#f2f2f2;'>พื้นที่</td><td style='padding:3px 6px;'>8.92</td></tr><tr><td style='padding:3px 6px; font-weight:bold; background-color:#f2f2f2;'>ตันรวม</td><td style='padding:3px 6px;'>80.28</td></tr><tr><td style='padding:3px 6px; font-weight:bold; background-color:#f2f2f2;'>รหัสแปลง</td><td style='padding:3px 6px;'>321305041636</td></tr><tr><td style='padding:3px 6px; font-weight:bold; background-color:#f2f2f2;'>กลุ่ม</td><td style='padding:3px 6px;'>กลุ่ม_71</td></tr></table></div>]]></description>
      <styleUrl>#plotStyle</styleUrl>
      <MultiGeometry><Polygon><outerBoundaryIs><LinearRing><coordinates>103.9003483,14.4741550,0 103.8999350,14.4728517,0 103.8998467,14.4728067,0 103.8992133,14.4729033,0 103.8992533,14.4733933,0 103.8995400,14.4743900,0 103.9003483,14.4741550,0</coordinates></LinearRing></outerBoundaryIs></Polygon></MultiGeometry>
    </Placemark>
    <Placemark>
      <name>321305041637</name>
      <description><![CDATA[<div style='font-family:Tahoma,sans-serif; font-size:13px;'><h3 style='color:#1565C0; margin:4px 0;'>รหัสแปลง: 321305041637</h3><p style='margin:2px 0;'><b>กลุ่มคิว:</b> 71_001</p><table border='1' style='border-collapse:collapse; border-color:#ccc; width:100%;'><tr><td style='padding:3px 6px; font-weight:bold; background-color:#f2f2f2;'>รหัสกลุ่มคิว</td><td style='padding:3px 6px;'>71/001</td></tr><tr><td style='padding:3px 6px; font-weight:bold; background-color:#f2f2f2;'>รหัสรับเหมา</td><td style='padding:3px 6px;'>733638</td></tr><tr><td style='padding:3px 6px; font-weight:bold; background-color:#f2f2f2;'>ชื่อ-สกุล รับเหมา</td><td style='padding:3px 6px;'>นาย สิทธิชัย ธรรมสุข</td></tr><tr><td style='padding:3px 6px; font-weight:bold; background-color:#f2f2f2;'>นักเกษตร</td><td style='padding:3px 6px;'>7104</td></tr><tr><td style='padding:3px 6px; font-weight:bold; background-color:#f2f2f2;'>ศูนย์</td><td style='padding:3px 6px;'>K2-71</td></tr><tr><td style='padding:3px 6px; font-weight:bold; background-color:#f2f2f2;'>โควตา</td><td style='padding:3px 6px;'>774086</td></tr><tr><td style='padding:3px 6px; font-weight:bold; background-color:#f2f2f2;'>ชาวไร่</td><td style='padding:3px 6px;'>นาย สมกิจ พนากอบกิจ</td></tr><tr><td style='padding:3px 6px; font-weight:bold; background-color:#f2f2f2;'>ประเภทอ้อย</td><td style='padding:3px 6px;'>ตอ1</td></tr><tr><td style='padding:3px 6px; font-weight:bold; background-color:#f2f2f2;'>พื้นที่</td><td style='padding:3px 6px;'>10.75</td></tr><tr><td style='padding:3px 6px; font-weight:bold; background-color:#f2f2f2;'>ตันรวม</td><td style='padding:3px 6px;'>96.75</td></tr><tr><td style='padding:3px 6px; font-weight:bold; background-color:#f2f2f2;'>รหัสแปลง</td><td style='padding:3px 6px;'>321305041637</td></tr><tr><td style='padding:3px 6px; font-weight:bold; background-color:#f2f2f2;'>กลุ่ม</td><td style='padding:3px 6px;'>กลุ่ม_71</td></tr></table></div>]]></description>
      <styleUrl>#plotStyle</styleUrl>
      <MultiGeometry><Polygon><outerBoundaryIs><LinearRing><coordinates>103.8988705,14.4748714,0 103.8988798,14.4748458,0 103.8987733,14.4736188,0 103.8986796,14.4733362,0 103.8986252,14.4732804,0 103.8984493,14.4733261,0 103.8981988,14.4734583,0 103.8980326,14.4735499,0 103.8977371,14.4736631,0 103.8976747,14.4736880,0 103.8980508,14.4749559,0 103.8988705,14.4748714,0</coordinates></LinearRing></outerBoundaryIs></Polygon></MultiGeometry>
    </Placemark>
    <Placemark>
      <name>321305041638</name>
      <description><![CDATA[<div style='font-family:Tahoma,sans-serif; font-size:13px;'><h3 style='color:#1565C0; margin:4px 0;'>รหัสแปลง: 321305041638</h3><p style='margin:2px 0;'><b>กลุ่มคิว:</b> 71_001</p><table border='1' style='border-collapse:collapse; border-color:#ccc; width:100%;'><tr><td style='padding:3px 6px; font-weight:bold; background-color:#f2f2f2;'>รหัสกลุ่มคิว</td><td style='padding:3px 6px;'>71/001</td></tr><tr><td style='padding:3px 6px; font-weight:bold; background-color:#f2f2f2;'>รหัสรับเหมา</td><td style='padding:3px 6px;'>733638</td></tr><tr><td style='padding:3px 6px; font-weight:bold; background-color:#f2f2f2;'>ชื่อ-สกุล รับเหมา</td><td style='padding:3px 6px;'>นาย สิทธิชัย ธรรมสุข</td></tr><tr><td style='padding:3px 6px; font-weight:bold; background-color:#f2f2f2;'>นักเกษตร</td><td style='padding:3px 6px;'>7104</td></tr><tr><td style='padding:3px 6px; font-weight:bold; background-color:#f2f2f2;'>ศูนย์</td><td style='padding:3px 6px;'>K2-71</td></tr><tr><td style='padding:3px 6px; font-weight:bold; background-color:#f2f2f2;'>โควตา</td><td style='padding:3px 6px;'>770022</td></tr><tr><td style='padding:3px 6px; font-weight:bold; background-color:#f2f2f2;'>ชาวไร่</td><td style='padding:3px 6px;'>นาง เตียน ยอดทอง</td></tr><tr><td style='padding:3px 6px; font-weight:bold; background-color:#f2f2f2;'>ประเภทอ้อย</td><td style='padding:3px 6px;'>ตอ1</td></tr><tr><td style='padding:3px 6px; font-weight:bold; background-color:#f2f2f2;'>พื้นที่</td><td style='padding:3px 6px;'>11.43</td></tr><tr><td style='padding:3px 6px; font-weight:bold; background-color:#f2f2f2;'>ตันรวม</td><td style='padding:3px 6px;'>102.87</td></tr><tr><td style='padding:3px 6px; font-weight:bold; background-color:#f2f2f2;'>รหัสแปลง</td><td style='padding:3px 6px;'>321305041638</td></tr><tr><td style='padding:3px 6px; font-weight:bold; background-color:#f2f2f2;'>กลุ่ม</td><td style='padding:3px 6px;'>กลุ่ม_71</td></tr></table></div>]]></description>
      <styleUrl>#plotStyle</styleUrl>
      <MultiGeometry><Polygon><outerBoundaryIs><LinearRing><coordinates>103.8899383,14.4827233,0 103.8896817,14.4809050,0 103.8889383,14.4810217,0 103.8888333,14.4810900,0 103.8890167,14.4819967,0 103.8890300,14.4821717,0 103.8890417,14.4824900,0 103.8891067,14.4828217,0 103.8899383,14.4827233,0</coordinates></LinearRing></outerBoundaryIs></Polygon></MultiGeometry>
    </Placemark>
    <Placemark>
      <name>321017061655</name>
      <description><![CDATA[<div style='font-family:Tahoma,sans-serif; font-size:13px;'><h3 style='color:#1565C0; margin:4px 0;'>รหัสแปลง: 321017061655</h3><p style='margin:2px 0;'><b>กลุ่มคิว:</b> 71_001</p><table border='1' style='border-collapse:collapse; border-color:#ccc; width:100%;'><tr><td style='padding:3px 6px; font-weight:bold; background-color:#f2f2f2;'>รหัสกลุ่มคิว</td><td style='padding:3px 6px;'>71/001</td></tr><tr><td style='padding:3px 6px; font-weight:bold; background-color:#f2f2f2;'>รหัสรับเหมา</td><td style='padding:3px 6px;'>733638</td></tr><tr><td style='padding:3px 6px; font-weight:bold; background-color:#f2f2f2;'>ชื่อ-สกุล รับเหมา</td><td style='padding:3px 6px;'>นาย สิทธิชัย ธรรมสุข</td></tr><tr><td style='padding:3px 6px; font-weight:bold; background-color:#f2f2f2;'>นักเกษตร</td><td style='padding:3px 6px;'>7104</td></tr><tr><td style='padding:3px 6px; font-weight:bold; background-color:#f2f2f2;'>ศูนย์</td><td style='padding:3px 6px;'>K2-71</td></tr><tr><td style='padding:3px 6px; font-weight:bold; background-color:#f2f2f2;'>โควตา</td><td style='padding:3px 6px;'>733765</td></tr><tr><td style='padding:3px 6px; font-weight:bold; background-color:#f2f2f2;'>ชาวไร่</td><td style='padding:3px 6px;'>นาย สังข์ มีเหมาะ</td></tr><tr><td style='padding:3px 6px; font-weight:bold; background-color:#f2f2f2;'>ประเภทอ้อย</td><td style='padding:3px 6px;'>ตอ1</td></tr><tr><td style='padding:3px 6px; font-weight:bold; background-color:#f2f2f2;'>พื้นที่</td><td style='padding:3px 6px;'>7.91</td></tr><tr><td style='padding:3px 6px; font-weight:bold; background-color:#f2f2f2;'>ตันรวม</td><td style='padding:3px 6px;'>71.19</td></tr><tr><td style='padding:3px 6px; font-weight:bold; background-color:#f2f2f2;'>รหัสแปลง</td><td style='padding:3px 6px;'>321017061655</td></tr><tr><td style='padding:3px 6px; font-weight:bold; background-color:#f2f2f2;'>กลุ่ม</td><td style='padding:3px 6px;'>กลุ่ม_71</td></tr></table></div>]]></description>
      <styleUrl>#plotStyle</styleUrl>
      <MultiGeometry><Polygon><outerBoundaryIs><LinearRing><coordinates>103.8895950,14.4758333,0 103.8891833,14.4762350,0 103.8890367,14.4764767,0 103.8903883,14.4769250,0 103.8907500,14.4762267,0 103.8895950,14.4758333,0</coordinates></LinearRing></outerBoundaryIs></Polygon></MultiGeometry>
    </Placemark>
    <Placemark>
      <name>321017051562</name>
      <description><![CDATA[<div style='font-family:Tahoma,sans-serif; font-size:13px;'><h3 style='color:#1565C0; margin:4px 0;'>รหัสแปลง: 321017051562</h3><p style='margin:2px 0;'><b>กลุ่มคิว:</b> 71_001</p><table border='1' style='border-collapse:collapse; border-color:#ccc; width:100%;'><tr><td style='padding:3px 6px; font-weight:bold; background-color:#f2f2f2;'>รหัสกลุ่มคิว</td><td style='padding:3px 6px;'>71/001</td></tr><tr><td style='padding:3px 6px; font-weight:bold; background-color:#f2f2f2;'>รหัสรับเหมา</td><td style='padding:3px 6px;'>733638</td></tr><tr><td style='padding:3px 6px; font-weight:bold; background-color:#f2f2f2;'>ชื่อ-สกุล รับเหมา</td><td style='padding:3px 6px;'>นาย สิทธิชัย ธรรมสุข</td></tr><tr><td style='padding:3px 6px; font-weight:bold; background-color:#f2f2f2;'>นักเกษตร</td><td style='padding:3px 6px;'>7104</td></tr><tr><td style='padding:3px 6px; font-weight:bold; background-color:#f2f2f2;'>ศูนย์</td><td style='padding:3px 6px;'>K2-71</td></tr><tr><td style='padding:3px 6px; font-weight:bold; background-color:#f2f2f2;'>โควตา</td><td style='padding:3px 6px;'>733426</td></tr><tr><td style='padding:3px 6px; font-weight:bold; background-color:#f2f2f2;'>ชาวไร่</td><td style='padding:3px 6px;'>นาย ภูมินทร์ ศิริพงษ์พิทักษ์</td></tr><tr><td style='padding:3px 6px; font-weight:bold; background-color:#f2f2f2;'>ประเภทอ้อย</td><td style='padding:3px 6px;'>ตอ1</td></tr><tr><td style='padding:3px 6px; font-weight:bold; background-color:#f2f2f2;'>พื้นที่</td><td style='padding:3px 6px;'>5.25</td></tr><tr><td style='padding:3px 6px; font-weight:bold; background-color:#f2f2f2;'>ตันรวม</td><td style='padding:3px 6px;'>47.25</td></tr><tr><td style='padding:3px 6px; font-weight:bold; background-color:#f2f2f2;'>รหัสแปลง</td><td style='padding:3px 6px;'>321017051562</td></tr><tr><td style='padding:3px 6px; font-weight:bold; background-color:#f2f2f2;'>กลุ่ม</td><td style='padding:3px 6px;'>กลุ่ม_71</td></tr></table></div>]]></description>
      <styleUrl>#plotStyle</styleUrl>
      <MultiGeometry><Polygon><outerBoundaryIs><LinearRing><coordinates>103.8501267,14.5024383,0 103.8499850,14.5016050,0 103.8497750,14.5016517,0 103.8494533,14.5017633,0 103.8491617,14.5017883,0 103.8490717,14.5024650,0 103.8501267,14.5024383,0</coordinates></LinearRing></outerBoundaryIs></Polygon></MultiGeometry>
    </Placemark>
    <Placemark>
      <name>321011101687</name>
      <description><![CDATA[<div style='font-family:Tahoma,sans-serif; font-size:13px;'><h3 style='color:#1565C0; margin:4px 0;'>รหัสแปลง: 321011101687</h3><p style='margin:2px 0;'><b>กลุ่มคิว:</b> 71_001</p><table border='1' style='border-collapse:collapse; border-color:#ccc; width:100%;'><tr><td style='padding:3px 6px; font-weight:bold; background-color:#f2f2f2;'>รหัสกลุ่มคิว</td><td style='padding:3px 6px;'>71/001</td></tr><tr><td style='padding:3px 6px; font-weight:bold; background-color:#f2f2f2;'>รหัสรับเหมา</td><td style='padding:3px 6px;'>733638</td></tr><tr><td style='padding:3px 6px; font-weight:bold; background-color:#f2f2f2;'>ชื่อ-สกุล รับเหมา</td><td style='padding:3px 6px;'>นาย สิทธิชัย ธรรมสุข</td></tr><tr><td style='padding:3px 6px; font-weight:bold; background-color:#f2f2f2;'>นักเกษตร</td><td style='padding:3px 6px;'>7104</td></tr><tr><td style='padding:3px 6px; font-weight:bold; background-color:#f2f2f2;'>ศูนย์</td><td style='padding:3px 6px;'>K2-71</td></tr><tr><td style='padding:3px 6px; font-weight:bold; background-color:#f2f2f2;'>โควตา</td><td style='padding:3px 6px;'>730140</td></tr><tr><td style='padding:3px 6px; font-weight:bold; background-color:#f2f2f2;'>ชาวไร่</td><td style='padding:3px 6px;'>นาย นเรศ บุดดางาม</td></tr><tr><td style='padding:3px 6px; font-weight:bold; background-color:#f2f2f2;'>ประเภทอ้อย</td><td style='padding:3px 6px;'>ปลายฝน</td></tr><tr><td style='padding:3px 6px; font-weight:bold; background-color:#f2f2f2;'>พื้นที่</td><td style='padding:3px 6px;'>5.23</td></tr><tr><td style='padding:3px 6px; font-weight:bold; background-color:#f2f2f2;'>ตันรวม</td><td style='padding:3px 6px;'>67.99</td></tr><tr><td style='padding:3px 6px; font-weight:bold; background-color:#f2f2f2;'>รหัสแปลง</td><td style='padding:3px 6px;'>321011101687</td></tr><tr><td style='padding:3px 6px; font-weight:bold; background-color:#f2f2f2;'>กลุ่ม</td><td style='padding:3px 6px;'>กลุ่ม_71</td></tr></table></div>]]></description>
      <styleUrl>#plotStyle</styleUrl>
      <MultiGeometry><Polygon><outerBoundaryIs><LinearRing><coordinates>103.8113744,14.5157298,0 103.8112295,14.5145454,0 103.8106487,14.5145962,0 103.8108875,14.5158484,0 103.8110144,14.5158376,0 103.8110342,14.5159274,0 103.8112737,14.5158837,0 103.8112677,14.5157552,0 103.8113744,14.5157298,0</coordinates></LinearRing></outerBoundaryIs></Polygon></MultiGeometry>
    </Placemark>
    <Placemark>
      <name>321006051563</name>
      <description><![CDATA[<div style='font-family:Tahoma,sans-serif; font-size:13px;'><h3 style='color:#1565C0; margin:4px 0;'>รหัสแปลง: 321006051563</h3><p style='margin:2px 0;'><b>กลุ่มคิว:</b> 71_001</p><table border='1' style='border-collapse:collapse; border-color:#ccc; width:100%;'><tr><td style='padding:3px 6px; font-weight:bold; background-color:#f2f2f2;'>รหัสกลุ่มคิว</td><td style='padding:3px 6px;'>71/001</td></tr><tr><td style='padding:3px 6px; font-weight:bold; background-color:#f2f2f2;'>รหัสรับเหมา</td><td style='padding:3px 6px;'>733638</td></tr><tr><td style='padding:3px 6px; font-weight:bold; background-color:#f2f2f2;'>ชื่อ-สกุล รับเหมา</td><td style='padding:3px 6px;'>นาย สิทธิชัย ธรรมสุข</td></tr><tr><td style='padding:3px 6px; font-weight:bold; background-color:#f2f2f2;'>นักเกษตร</td><td style='padding:3px 6px;'>7104</td></tr><tr><td style='padding:3px 6px; font-weight:bold; background-color:#f2f2f2;'>ศูนย์</td><td style='padding:3px 6px;'>K2-71</td></tr><tr><td style='padding:3px 6px; font-weight:bold; background-color:#f2f2f2;'>โควตา</td><td style='padding:3px 6px;'>730541</td></tr><tr><td style='padding:3px 6px; font-weight:bold; background-color:#f2f2f2;'>ชาวไร่</td><td style='padding:3px 6px;'>นาย ทศ แม่นผล</td></tr><tr><td style='padding:3px 6px; font-weight:bold; background-color:#f2f2f2;'>ประเภทอ้อย</td><td style='padding:3px 6px;'>ปลายฝน</td></tr><tr><td style='padding:3px 6px; font-weight:bold; background-color:#f2f2f2;'>พื้นที่</td><td style='padding:3px 6px;'>2.75</td></tr><tr><td style='padding:3px 6px; font-weight:bold; background-color:#f2f2f2;'>ตันรวม</td><td style='padding:3px 6px;'>35.75</td></tr><tr><td style='padding:3px 6px; font-weight:bold; background-color:#f2f2f2;'>รหัสแปลง</td><td style='padding:3px 6px;'>321006051563</td></tr><tr><td style='padding:3px 6px; font-weight:bold; background-color:#f2f2f2;'>กลุ่ม</td><td style='padding:3px 6px;'>กลุ่ม_71</td></tr></table></div>]]></description>
      <styleUrl>#plotStyle</styleUrl>
      <MultiGeometry><Polygon><outerBoundaryIs><LinearRing><coordinates>103.8732767,14.5338050,0 103.8731400,14.5338300,0 103.8734683,14.5353067,0 103.8738050,14.5352083,0 103.8732767,14.5338050,0</coordinates></LinearRing></outerBoundaryIs></Polygon></MultiGeometry>
    </Placemark>
    <Placemark>
      <name>321305041642</name>
      <description><![CDATA[<div style='font-family:Tahoma,sans-serif; font-size:13px;'><h3 style='color:#1565C0; margin:4px 0;'>รหัสแปลง: 321305041642</h3><p style='margin:2px 0;'><b>กลุ่มคิว:</b> 71_001</p><table border='1' style='border-collapse:collapse; border-color:#ccc; width:100%;'><tr><td style='padding:3px 6px; font-weight:bold; background-color:#f2f2f2;'>รหัสกลุ่มคิว</td><td style='padding:3px 6px;'>71/001</td></tr><tr><td style='padding:3px 6px; font-weight:bold; background-color:#f2f2f2;'>รหัสรับเหมา</td><td style='padding:3px 6px;'>733638</td></tr><tr><td style='padding:3px 6px; font-weight:bold; background-color:#f2f2f2;'>ชื่อ-สกุล รับเหมา</td><td style='padding:3px 6px;'>นาย สิทธิชัย ธรรมสุข</td></tr><tr><td style='padding:3px 6px; font-weight:bold; background-color:#f2f2f2;'>นักเกษตร</td><td style='padding:3px 6px;'>7104</td></tr><tr><td style='padding:3px 6px; font-weight:bold; background-color:#f2f2f2;'>ศูนย์</td><td style='padding:3px 6px;'>K2-71</td></tr><tr><td style='padding:3px 6px; font-weight:bold; background-color:#f2f2f2;'>โควตา</td><td style='padding:3px 6px;'>771120</td></tr><tr><td style='padding:3px 6px; font-weight:bold; background-color:#f2f2f2;'>ชาวไร่</td><td style='padding:3px 6px;'>นางสาว อุไรวรรณ์ แก้วสว่าง</td></tr><tr><td style='padding:3px 6px; font-weight:bold; background-color:#f2f2f2;'>ประเภทอ้อย</td><td style='padding:3px 6px;'>ปลายฝน</td></tr><tr><td style='padding:3px 6px; font-weight:bold; background-color:#f2f2f2;'>พื้นที่</td><td style='padding:3px 6px;'>11.4</td></tr><tr><td style='padding:3px 6px; font-weight:bold; background-color:#f2f2f2;'>ตันรวม</td><td style='padding:3px 6px;'>148.2</td></tr><tr><td style='padding:3px 6px; font-weight:bold; background-color:#f2f2f2;'>รหัสแปลง</td><td style='padding:3px 6px;'>321305041642</td></tr><tr><td style='padding:3px 6px; font-weight:bold; background-color:#f2f2f2;'>กลุ่ม</td><td style='padding:3px 6px;'>กลุ่ม_71</td></tr></table></div>]]></description>
      <styleUrl>#plotStyle</styleUrl>
      <MultiGeometry><Polygon><outerBoundaryIs><LinearRing><coordinates>103.8955242,14.4714923,0 103.8949409,14.4714724,0 103.8951602,14.4739166,0 103.8951911,14.4739988,0 103.8953119,14.4740464,0 103.8954397,14.4740812,0 103.8957733,14.4740394,0 103.8955242,14.4714923,0</coordinates></LinearRing></outerBoundaryIs></Polygon></MultiGeometry>
    </Placemark>
    <Placemark>
      <name>321017071630</name>
      <description><![CDATA[<div style='font-family:Tahoma,sans-serif; font-size:13px;'><h3 style='color:#1565C0; margin:4px 0;'>รหัสแปลง: 321017071630</h3><p style='margin:2px 0;'><b>กลุ่มคิว:</b> 71_001</p><table border='1' style='border-collapse:collapse; border-color:#ccc; width:100%;'><tr><td style='padding:3px 6px; font-weight:bold; background-color:#f2f2f2;'>รหัสกลุ่มคิว</td><td style='padding:3px 6px;'>71/001</td></tr><tr><td style='padding:3px 6px; font-weight:bold; background-color:#f2f2f2;'>รหัสรับเหมา</td><td style='padding:3px 6px;'>733638</td></tr><tr><td style='padding:3px 6px; font-weight:bold; background-color:#f2f2f2;'>ชื่อ-สกุล รับเหมา</td><td style='padding:3px 6px;'>นาย สิทธิชัย ธรรมสุข</td></tr><tr><td style='padding:3px 6px; font-weight:bold; background-color:#f2f2f2;'>นักเกษตร</td><td style='padding:3px 6px;'>7104</td></tr><tr><td style='padding:3px 6px; font-weight:bold; background-color:#f2f2f2;'>ศูนย์</td><td style='padding:3px 6px;'>K2-71</td></tr><tr><td style='padding:3px 6px; font-weight:bold; background-color:#f2f2f2;'>โควตา</td><td style='padding:3px 6px;'>733377</td></tr><tr><td style='padding:3px 6px; font-weight:bold; background-color:#f2f2f2;'>ชาวไร่</td><td style='padding:3px 6px;'>นาย เฉลิมชัย สีดาหอม</td></tr><tr><td style='padding:3px 6px; font-weight:bold; background-color:#f2f2f2;'>ประเภทอ้อย</td><td style='padding:3px 6px;'>ตอ5</td></tr><tr><td style='padding:3px 6px; font-weight:bold; background-color:#f2f2f2;'>พื้นที่</td><td style='padding:3px 6px;'>1.13</td></tr><tr><td style='padding:3px 6px; font-weight:bold; background-color:#f2f2f2;'>ตันรวม</td><td style='padding:3px 6px;'>7.91</td></tr><tr><td style='padding:3px 6px; font-weight:bold; background-color:#f2f2f2;'>รหัสแปลง</td><td style='padding:3px 6px;'>321017071630</td></tr><tr><td style='padding:3px 6px; font-weight:bold; background-color:#f2f2f2;'>กลุ่ม</td><td style='padding:3px 6px;'>กลุ่ม_71</td></tr></table></div>]]></description>
      <styleUrl>#plotStyle</styleUrl>
      <MultiGeometry><Polygon><outerBoundaryIs><LinearRing><coordinates>103.8789017,14.5061850,0 103.8782650,14.5061617,0 103.8782683,14.5064100,0 103.8788900,14.5064167,0 103.8789017,14.5061850,0</coordinates></LinearRing></outerBoundaryIs></Polygon></MultiGeometry>
    </Placemark>
    <Placemark>
      <name>321017071631</name>
      <description><![CDATA[<div style='font-family:Tahoma,sans-serif; font-size:13px;'><h3 style='color:#1565C0; margin:4px 0;'>รหัสแปลง: 321017071631</h3><p style='margin:2px 0;'><b>กลุ่มคิว:</b> 71_001</p><table border='1' style='border-collapse:collapse; border-color:#ccc; width:100%;'><tr><td style='padding:3px 6px; font-weight:bold; background-color:#f2f2f2;'>รหัสกลุ่มคิว</td><td style='padding:3px 6px;'>71/001</td></tr><tr><td style='padding:3px 6px; font-weight:bold; background-color:#f2f2f2;'>รหัสรับเหมา</td><td style='padding:3px 6px;'>733638</td></tr><tr><td style='padding:3px 6px; font-weight:bold; background-color:#f2f2f2;'>ชื่อ-สกุล รับเหมา</td><td style='padding:3px 6px;'>นาย สิทธิชัย ธรรมสุข</td></tr><tr><td style='padding:3px 6px; font-weight:bold; background-color:#f2f2f2;'>นักเกษตร</td><td style='padding:3px 6px;'>7104</td></tr><tr><td style='padding:3px 6px; font-weight:bold; background-color:#f2f2f2;'>ศูนย์</td><td style='padding:3px 6px;'>K2-71</td></tr><tr><td style='padding:3px 6px; font-weight:bold; background-color:#f2f2f2;'>โควตา</td><td style='padding:3px 6px;'>733560</td></tr><tr><td style='padding:3px 6px; font-weight:bold; background-color:#f2f2f2;'>ชาวไร่</td><td style='padding:3px 6px;'>นาย ทิม สมสุข</td></tr><tr><td style='padding:3px 6px; font-weight:bold; background-color:#f2f2f2;'>ประเภทอ้อย</td><td style='padding:3px 6px;'>ตอ1</td></tr><tr><td style='padding:3px 6px; font-weight:bold; background-color:#f2f2f2;'>พื้นที่</td><td style='padding:3px 6px;'>7.47</td></tr><tr><td style='padding:3px 6px; font-weight:bold; background-color:#f2f2f2;'>ตันรวม</td><td style='padding:3px 6px;'>67.23</td></tr><tr><td style='padding:3px 6px; font-weight:bold; background-color:#f2f2f2;'>รหัสแปลง</td><td style='padding:3px 6px;'>321017071631</td></tr><tr><td style='padding:3px 6px; font-weight:bold; background-color:#f2f2f2;'>กลุ่ม</td><td style='padding:3px 6px;'>กลุ่ม_71</td></tr></table></div>]]></description>
      <styleUrl>#plotStyle</styleUrl>
      <MultiGeometry><Polygon><outerBoundaryIs><LinearRing><coordinates>103.8891600,14.5045567,0 103.8893550,14.5045483,0 103.8893183,14.5042983,0 103.8892767,14.5041533,0 103.8892300,14.5040850,0 103.8891200,14.5040017,0 103.8890883,14.5038383,0 103.8888183,14.5036433,0 103.8884500,14.5036550,0 103.8885250,14.5051033,0 103.8892071,14.5050400,0 103.8891600,14.5045567,0</coordinates></LinearRing></outerBoundaryIs></Polygon></MultiGeometry>
    </Placemark>
    <Placemark>
      <name>321305041647</name>
      <description><![CDATA[<div style='font-family:Tahoma,sans-serif; font-size:13px;'><h3 style='color:#1565C0; margin:4px 0;'>รหัสแปลง: 321305041647</h3><p style='margin:2px 0;'><b>กลุ่มคิว:</b> 71_001</p><table border='1' style='border-collapse:collapse; border-color:#ccc; width:100%;'><tr><td style='padding:3px 6px; font-weight:bold; background-color:#f2f2f2;'>รหัสกลุ่มคิว</td><td style='padding:3px 6px;'>71/001</td></tr><tr><td style='padding:3px 6px; font-weight:bold; background-color:#f2f2f2;'>รหัสรับเหมา</td><td style='padding:3px 6px;'>733638</td></tr><tr><td style='padding:3px 6px; font-weight:bold; background-color:#f2f2f2;'>ชื่อ-สกุล รับเหมา</td><td style='padding:3px 6px;'>นาย สิทธิชัย ธรรมสุข</td></tr><tr><td style='padding:3px 6px; font-weight:bold; background-color:#f2f2f2;'>นักเกษตร</td><td style='padding:3px 6px;'>7104</td></tr><tr><td style='padding:3px 6px; font-weight:bold; background-color:#f2f2f2;'>ศูนย์</td><td style='padding:3px 6px;'>K2-71</td></tr><tr><td style='padding:3px 6px; font-weight:bold; background-color:#f2f2f2;'>โควตา</td><td style='padding:3px 6px;'>730541</td></tr><tr><td style='padding:3px 6px; font-weight:bold; background-color:#f2f2f2;'>ชาวไร่</td><td style='padding:3px 6px;'>นาย ทศ แม่นผล</td></tr><tr><td style='padding:3px 6px; font-weight:bold; background-color:#f2f2f2;'>ประเภทอ้อย</td><td style='padding:3px 6px;'>ปลายฝน</td></tr><tr><td style='padding:3px 6px; font-weight:bold; background-color:#f2f2f2;'>พื้นที่</td><td style='padding:3px 6px;'>12.87</td></tr><tr><td style='padding:3px 6px; font-weight:bold; background-color:#f2f2f2;'>ตันรวม</td><td style='padding:3px 6px;'>167.31</td></tr><tr><td style='padding:3px 6px; font-weight:bold; background-color:#f2f2f2;'>รหัสแปลง</td><td style='padding:3px 6px;'>321305041647</td></tr><tr><td style='padding:3px 6px; font-weight:bold; background-color:#f2f2f2;'>กลุ่ม</td><td style='padding:3px 6px;'>กลุ่ม_71</td></tr></table></div>]]></description>
      <styleUrl>#plotStyle</styleUrl>
      <MultiGeometry><Polygon><outerBoundaryIs><LinearRing><coordinates>103.8992583,14.4864083,0 103.8984583,14.4865083,0 103.8979183,14.4865700,0 103.8980617,14.4871800,0 103.8981633,14.4877750,0 103.8995450,14.4876983,0 103.8992583,14.4864083,0</coordinates></LinearRing></outerBoundaryIs></Polygon></MultiGeometry>
    </Placemark>
    <Placemark>
      <name>321305041648</name>
      <description><![CDATA[<div style='font-family:Tahoma,sans-serif; font-size:13px;'><h3 style='color:#1565C0; margin:4px 0;'>รหัสแปลง: 321305041648</h3><p style='margin:2px 0;'><b>กลุ่มคิว:</b> 71_001</p><table border='1' style='border-collapse:collapse; border-color:#ccc; width:100%;'><tr><td style='padding:3px 6px; font-weight:bold; background-color:#f2f2f2;'>รหัสกลุ่มคิว</td><td style='padding:3px 6px;'>71/001</td></tr><tr><td style='padding:3px 6px; font-weight:bold; background-color:#f2f2f2;'>รหัสรับเหมา</td><td style='padding:3px 6px;'>733638</td></tr><tr><td style='padding:3px 6px; font-weight:bold; background-color:#f2f2f2;'>ชื่อ-สกุล รับเหมา</td><td style='padding:3px 6px;'>นาย สิทธิชัย ธรรมสุข</td></tr><tr><td style='padding:3px 6px; font-weight:bold; background-color:#f2f2f2;'>นักเกษตร</td><td style='padding:3px 6px;'>7104</td></tr><tr><td style='padding:3px 6px; font-weight:bold; background-color:#f2f2f2;'>ศูนย์</td><td style='padding:3px 6px;'>K2-71</td></tr><tr><td style='padding:3px 6px; font-weight:bold; background-color:#f2f2f2;'>โควตา</td><td style='padding:3px 6px;'>774133</td></tr><tr><td style='padding:3px 6px; font-weight:bold; background-color:#f2f2f2;'>ชาวไร่</td><td style='padding:3px 6px;'>น.ส. สุนันทา สมุดกลัด</td></tr><tr><td style='padding:3px 6px; font-weight:bold; background-color:#f2f2f2;'>ประเภทอ้อย</td><td style='padding:3px 6px;'>ตอ1</td></tr><tr><td style='padding:3px 6px; font-weight:bold; background-color:#f2f2f2;'>พื้นที่</td><td style='padding:3px 6px;'>5.17</td></tr><tr><td style='padding:3px 6px; font-weight:bold; background-color:#f2f2f2;'>ตันรวม</td><td style='padding:3px 6px;'>46.53</td></tr><tr><td style='padding:3px 6px; font-weight:bold; background-color:#f2f2f2;'>รหัสแปลง</td><td style='padding:3px 6px;'>321305041648</td></tr><tr><td style='padding:3px 6px; font-weight:bold; background-color:#f2f2f2;'>กลุ่ม</td><td style='padding:3px 6px;'>กลุ่ม_71</td></tr></table></div>]]></description>
      <styleUrl>#plotStyle</styleUrl>
      <MultiGeometry><Polygon><outerBoundaryIs><LinearRing><coordinates>103.8894733,14.4797383,0 103.8896950,14.4806517,0 103.8904150,14.4805533,0 103.8904450,14.4801133,0 103.8901833,14.4798483,0 103.8899467,14.4797250,0 103.8897300,14.4796733,0 103.8896233,14.4796483,0 103.8894733,14.4797383,0</coordinates></LinearRing></outerBoundaryIs></Polygon></MultiGeometry>
    </Placemark>
    <Placemark>
      <name>321017071642</name>
      <description><![CDATA[<div style='font-family:Tahoma,sans-serif; font-size:13px;'><h3 style='color:#1565C0; margin:4px 0;'>รหัสแปลง: 321017071642</h3><p style='margin:2px 0;'><b>กลุ่มคิว:</b> 71_001</p><table border='1' style='border-collapse:collapse; border-color:#ccc; width:100%;'><tr><td style='padding:3px 6px; font-weight:bold; background-color:#f2f2f2;'>รหัสกลุ่มคิว</td><td style='padding:3px 6px;'>71/001</td></tr><tr><td style='padding:3px 6px; font-weight:bold; background-color:#f2f2f2;'>รหัสรับเหมา</td><td style='padding:3px 6px;'>733638</td></tr><tr><td style='padding:3px 6px; font-weight:bold; background-color:#f2f2f2;'>ชื่อ-สกุล รับเหมา</td><td style='padding:3px 6px;'>นาย สิทธิชัย ธรรมสุข</td></tr><tr><td style='padding:3px 6px; font-weight:bold; background-color:#f2f2f2;'>นักเกษตร</td><td style='padding:3px 6px;'>7104</td></tr><tr><td style='padding:3px 6px; font-weight:bold; background-color:#f2f2f2;'>ศูนย์</td><td style='padding:3px 6px;'>K2-71</td></tr><tr><td style='padding:3px 6px; font-weight:bold; background-color:#f2f2f2;'>โควตา</td><td style='padding:3px 6px;'>733260</td></tr><tr><td style='padding:3px 6px; font-weight:bold; background-color:#f2f2f2;'>ชาวไร่</td><td style='padding:3px 6px;'>นาย สวัสดิ์ ปุ่มแม่น</td></tr><tr><td style='padding:3px 6px; font-weight:bold; background-color:#f2f2f2;'>ประเภทอ้อย</td><td style='padding:3px 6px;'>ปลายฝน</td></tr><tr><td style='padding:3px 6px; font-weight:bold; background-color:#f2f2f2;'>พื้นที่</td><td style='padding:3px 6px;'>4.96</td></tr><tr><td style='padding:3px 6px; font-weight:bold; background-color:#f2f2f2;'>ตันรวม</td><td style='padding:3px 6px;'>64.48</td></tr><tr><td style='padding:3px 6px; font-weight:bold; background-color:#f2f2f2;'>รหัสแปลง</td><td style='padding:3px 6px;'>321017071642</td></tr><tr><td style='padding:3px 6px; font-weight:bold; background-color:#f2f2f2;'>กลุ่ม</td><td style='padding:3px 6px;'>กลุ่ม_71</td></tr></table></div>]]></description>
      <styleUrl>#plotStyle</styleUrl>
      <MultiGeometry><Polygon><outerBoundaryIs><LinearRing><coordinates>103.8698323,14.5139048,0 103.8694514,14.5139208,0 103.8694163,14.5137247,0 103.8690798,14.5137476,0 103.8691348,14.5146082,0 103.8694766,14.5146277,0 103.8698524,14.5146516,0 103.8700594,14.5146220,0 103.8698323,14.5139048,0</coordinates></LinearRing></outerBoundaryIs></Polygon></MultiGeometry>
    </Placemark>
    <Placemark>
      <name>321017071643</name>
      <description><![CDATA[<div style='font-family:Tahoma,sans-serif; font-size:13px;'><h3 style='color:#1565C0; margin:4px 0;'>รหัสแปลง: 321017071643</h3><p style='margin:2px 0;'><b>กลุ่มคิว:</b> 71_001</p><table border='1' style='border-collapse:collapse; border-color:#ccc; width:100%;'><tr><td style='padding:3px 6px; font-weight:bold; background-color:#f2f2f2;'>รหัสกลุ่มคิว</td><td style='padding:3px 6px;'>71/001</td></tr><tr><td style='padding:3px 6px; font-weight:bold; background-color:#f2f2f2;'>รหัสรับเหมา</td><td style='padding:3px 6px;'>733638</td></tr><tr><td style='padding:3px 6px; font-weight:bold; background-color:#f2f2f2;'>ชื่อ-สกุล รับเหมา</td><td style='padding:3px 6px;'>นาย สิทธิชัย ธรรมสุข</td></tr><tr><td style='padding:3px 6px; font-weight:bold; background-color:#f2f2f2;'>นักเกษตร</td><td style='padding:3px 6px;'>7104</td></tr><tr><td style='padding:3px 6px; font-weight:bold; background-color:#f2f2f2;'>ศูนย์</td><td style='padding:3px 6px;'>K2-71</td></tr><tr><td style='padding:3px 6px; font-weight:bold; background-color:#f2f2f2;'>โควตา</td><td style='padding:3px 6px;'>733260</td></tr><tr><td style='padding:3px 6px; font-weight:bold; background-color:#f2f2f2;'>ชาวไร่</td><td style='padding:3px 6px;'>นาย สวัสดิ์ ปุ่มแม่น</td></tr><tr><td style='padding:3px 6px; font-weight:bold; background-color:#f2f2f2;'>ประเภทอ้อย</td><td style='padding:3px 6px;'>ปลายฝน</td></tr><tr><td style='padding:3px 6px; font-weight:bold; background-color:#f2f2f2;'>พื้นที่</td><td style='padding:3px 6px;'>2.67</td></tr><tr><td style='padding:3px 6px; font-weight:bold; background-color:#f2f2f2;'>ตันรวม</td><td style='padding:3px 6px;'>34.71</td></tr><tr><td style='padding:3px 6px; font-weight:bold; background-color:#f2f2f2;'>รหัสแปลง</td><td style='padding:3px 6px;'>321017071643</td></tr><tr><td style='padding:3px 6px; font-weight:bold; background-color:#f2f2f2;'>กลุ่ม</td><td style='padding:3px 6px;'>กลุ่ม_71</td></tr></table></div>]]></description>
      <styleUrl>#plotStyle</styleUrl>
      <MultiGeometry><Polygon><outerBoundaryIs><LinearRing><coordinates>103.8677667,14.5133417,0 103.8677500,14.5137217,0 103.8686583,14.5136983,0 103.8686350,14.5132783,0 103.8677667,14.5133417,0</coordinates></LinearRing></outerBoundaryIs></Polygon></MultiGeometry>
    </Placemark>
    <Placemark>
      <name>321305011543</name>
      <description><![CDATA[<div style='font-family:Tahoma,sans-serif; font-size:13px;'><h3 style='color:#1565C0; margin:4px 0;'>รหัสแปลง: 321305011543</h3><p style='margin:2px 0;'><b>กลุ่มคิว:</b> 71_001</p><table border='1' style='border-collapse:collapse; border-color:#ccc; width:100%;'><tr><td style='padding:3px 6px; font-weight:bold; background-color:#f2f2f2;'>รหัสกลุ่มคิว</td><td style='padding:3px 6px;'>71/001</td></tr><tr><td style='padding:3px 6px; font-weight:bold; background-color:#f2f2f2;'>รหัสรับเหมา</td><td style='padding:3px 6px;'>733638</td></tr><tr><td style='padding:3px 6px; font-weight:bold; background-color:#f2f2f2;'>ชื่อ-สกุล รับเหมา</td><td style='padding:3px 6px;'>นาย สิทธิชัย ธรรมสุข</td></tr><tr><td style='padding:3px 6px; font-weight:bold; background-color:#f2f2f2;'>นักเกษตร</td><td style='padding:3px 6px;'>7104</td></tr><tr><td style='padding:3px 6px; font-weight:bold; background-color:#f2f2f2;'>ศูนย์</td><td style='padding:3px 6px;'>K2-71</td></tr><tr><td style='padding:3px 6px; font-weight:bold; background-color:#f2f2f2;'>โควตา</td><td style='padding:3px 6px;'>770432</td></tr><tr><td style='padding:3px 6px; font-weight:bold; background-color:#f2f2f2;'>ชาวไร่</td><td style='padding:3px 6px;'>นาง สุเมร ชาญเชี่ยว</td></tr><tr><td style='padding:3px 6px; font-weight:bold; background-color:#f2f2f2;'>ประเภทอ้อย</td><td style='padding:3px 6px;'>ตอ1</td></tr><tr><td style='padding:3px 6px; font-weight:bold; background-color:#f2f2f2;'>พื้นที่</td><td style='padding:3px 6px;'>7.02</td></tr><tr><td style='padding:3px 6px; font-weight:bold; background-color:#f2f2f2;'>ตันรวม</td><td style='padding:3px 6px;'>63.18</td></tr><tr><td style='padding:3px 6px; font-weight:bold; background-color:#f2f2f2;'>รหัสแปลง</td><td style='padding:3px 6px;'>321305011543</td></tr><tr><td style='padding:3px 6px; font-weight:bold; background-color:#f2f2f2;'>กลุ่ม</td><td style='padding:3px 6px;'>กลุ่ม_71</td></tr></table></div>]]></description>
      <styleUrl>#plotStyle</styleUrl>
      <MultiGeometry><Polygon><outerBoundaryIs><LinearRing><coordinates>103.9010750,14.4739767,0 103.9007417,14.4727600,0 103.9000300,14.4728533,0 103.9003533,14.4741333,0 103.9010750,14.4739767,0</coordinates></LinearRing></outerBoundaryIs></Polygon></MultiGeometry>
    </Placemark>
    <Placemark>
      <name>321017071644</name>
      <description><![CDATA[<div style='font-family:Tahoma,sans-serif; font-size:13px;'><h3 style='color:#1565C0; margin:4px 0;'>รหัสแปลง: 321017071644</h3><p style='margin:2px 0;'><b>กลุ่มคิว:</b> 71_001</p><table border='1' style='border-collapse:collapse; border-color:#ccc; width:100%;'><tr><td style='padding:3px 6px; font-weight:bold; background-color:#f2f2f2;'>รหัสกลุ่มคิว</td><td style='padding:3px 6px;'>71/001</td></tr><tr><td style='padding:3px 6px; font-weight:bold; background-color:#f2f2f2;'>รหัสรับเหมา</td><td style='padding:3px 6px;'>733638</td></tr><tr><td style='padding:3px 6px; font-weight:bold; background-color:#f2f2f2;'>ชื่อ-สกุล รับเหมา</td><td style='padding:3px 6px;'>นาย สิทธิชัย ธรรมสุข</td></tr><tr><td style='padding:3px 6px; font-weight:bold; background-color:#f2f2f2;'>นักเกษตร</td><td style='padding:3px 6px;'>7104</td></tr><tr><td style='padding:3px 6px; font-weight:bold; background-color:#f2f2f2;'>ศูนย์</td><td style='padding:3px 6px;'>K2-71</td></tr><tr><td style='padding:3px 6px; font-weight:bold; background-color:#f2f2f2;'>โควตา</td><td style='padding:3px 6px;'>733797</td></tr><tr><td style='padding:3px 6px; font-weight:bold; background-color:#f2f2f2;'>ชาวไร่</td><td style='padding:3px 6px;'>นาย ชาติ ปุ่มแม่น</td></tr><tr><td style='padding:3px 6px; font-weight:bold; background-color:#f2f2f2;'>ประเภทอ้อย</td><td style='padding:3px 6px;'>ปลายฝน</td></tr><tr><td style='padding:3px 6px; font-weight:bold; background-color:#f2f2f2;'>พื้นที่</td><td style='padding:3px 6px;'>4.14</td></tr><tr><td style='padding:3px 6px; font-weight:bold; background-color:#f2f2f2;'>ตันรวม</td><td style='padding:3px 6px;'>53.82</td></tr><tr><td style='padding:3px 6px; font-weight:bold; background-color:#f2f2f2;'>รหัสแปลง</td><td style='padding:3px 6px;'>321017071644</td></tr><tr><td style='padding:3px 6px; font-weight:bold; background-color:#f2f2f2;'>กลุ่ม</td><td style='padding:3px 6px;'>กลุ่ม_71</td></tr></table></div>]]></description>
      <styleUrl>#plotStyle</styleUrl>
      <MultiGeometry><Polygon><outerBoundaryIs><LinearRing><coordinates>103.8691283,14.5049067,0 103.8691917,14.5047583,0 103.8691067,14.5047333,0 103.8691067,14.5046233,0 103.8690400,14.5045950,0 103.8673933,14.5044983,0 103.8673483,14.5048167,0 103.8691283,14.5049067,0</coordinates></LinearRing></outerBoundaryIs></Polygon></MultiGeometry>
    </Placemark>
    <Placemark>
      <name>321305011544</name>
      <description><![CDATA[<div style='font-family:Tahoma,sans-serif; font-size:13px;'><h3 style='color:#1565C0; margin:4px 0;'>รหัสแปลง: 321305011544</h3><p style='margin:2px 0;'><b>กลุ่มคิว:</b> 71_001</p><table border='1' style='border-collapse:collapse; border-color:#ccc; width:100%;'><tr><td style='padding:3px 6px; font-weight:bold; background-color:#f2f2f2;'>รหัสกลุ่มคิว</td><td style='padding:3px 6px;'>71/001</td></tr><tr><td style='padding:3px 6px; font-weight:bold; background-color:#f2f2f2;'>รหัสรับเหมา</td><td style='padding:3px 6px;'>733638</td></tr><tr><td style='padding:3px 6px; font-weight:bold; background-color:#f2f2f2;'>ชื่อ-สกุล รับเหมา</td><td style='padding:3px 6px;'>นาย สิทธิชัย ธรรมสุข</td></tr><tr><td style='padding:3px 6px; font-weight:bold; background-color:#f2f2f2;'>นักเกษตร</td><td style='padding:3px 6px;'>7104</td></tr><tr><td style='padding:3px 6px; font-weight:bold; background-color:#f2f2f2;'>ศูนย์</td><td style='padding:3px 6px;'>K2-71</td></tr><tr><td style='padding:3px 6px; font-weight:bold; background-color:#f2f2f2;'>โควตา</td><td style='padding:3px 6px;'>774133</td></tr><tr><td style='padding:3px 6px; font-weight:bold; background-color:#f2f2f2;'>ชาวไร่</td><td style='padding:3px 6px;'>น.ส. สุนันทา สมุดกลัด</td></tr><tr><td style='padding:3px 6px; font-weight:bold; background-color:#f2f2f2;'>ประเภทอ้อย</td><td style='padding:3px 6px;'>ตอ1</td></tr><tr><td style='padding:3px 6px; font-weight:bold; background-color:#f2f2f2;'>พื้นที่</td><td style='padding:3px 6px;'>6.23</td></tr><tr><td style='padding:3px 6px; font-weight:bold; background-color:#f2f2f2;'>ตันรวม</td><td style='padding:3px 6px;'>56.07</td></tr><tr><td style='padding:3px 6px; font-weight:bold; background-color:#f2f2f2;'>รหัสแปลง</td><td style='padding:3px 6px;'>321305011544</td></tr><tr><td style='padding:3px 6px; font-weight:bold; background-color:#f2f2f2;'>กลุ่ม</td><td style='padding:3px 6px;'>กลุ่ม_71</td></tr></table></div>]]></description>
      <styleUrl>#plotStyle</styleUrl>
      <MultiGeometry><Polygon><outerBoundaryIs><LinearRing><coordinates>103.8905883,14.4823388,0 103.8904489,14.4811473,0 103.8897467,14.4812237,0 103.8898891,14.4823783,0 103.8905883,14.4823388,0</coordinates></LinearRing></outerBoundaryIs></Polygon></MultiGeometry>
    </Placemark>
    <Placemark>
      <name>321017061663</name>
      <description><![CDATA[<div style='font-family:Tahoma,sans-serif; font-size:13px;'><h3 style='color:#1565C0; margin:4px 0;'>รหัสแปลง: 321017061663</h3><p style='margin:2px 0;'><b>กลุ่มคิว:</b> 71_001</p><table border='1' style='border-collapse:collapse; border-color:#ccc; width:100%;'><tr><td style='padding:3px 6px; font-weight:bold; background-color:#f2f2f2;'>รหัสกลุ่มคิว</td><td style='padding:3px 6px;'>71/001</td></tr><tr><td style='padding:3px 6px; font-weight:bold; background-color:#f2f2f2;'>รหัสรับเหมา</td><td style='padding:3px 6px;'>733638</td></tr><tr><td style='padding:3px 6px; font-weight:bold; background-color:#f2f2f2;'>ชื่อ-สกุล รับเหมา</td><td style='padding:3px 6px;'>นาย สิทธิชัย ธรรมสุข</td></tr><tr><td style='padding:3px 6px; font-weight:bold; background-color:#f2f2f2;'>นักเกษตร</td><td style='padding:3px 6px;'>7104</td></tr><tr><td style='padding:3px 6px; font-weight:bold; background-color:#f2f2f2;'>ศูนย์</td><td style='padding:3px 6px;'>K2-71</td></tr><tr><td style='padding:3px 6px; font-weight:bold; background-color:#f2f2f2;'>โควตา</td><td style='padding:3px 6px;'>733217</td></tr><tr><td style='padding:3px 6px; font-weight:bold; background-color:#f2f2f2;'>ชาวไร่</td><td style='padding:3px 6px;'>นาย เกลี้ยง มีเหมาะ</td></tr><tr><td style='padding:3px 6px; font-weight:bold; background-color:#f2f2f2;'>ประเภทอ้อย</td><td style='padding:3px 6px;'>ตอ1</td></tr><tr><td style='padding:3px 6px; font-weight:bold; background-color:#f2f2f2;'>พื้นที่</td><td style='padding:3px 6px;'>6.85</td></tr><tr><td style='padding:3px 6px; font-weight:bold; background-color:#f2f2f2;'>ตันรวม</td><td style='padding:3px 6px;'>61.65</td></tr><tr><td style='padding:3px 6px; font-weight:bold; background-color:#f2f2f2;'>รหัสแปลง</td><td style='padding:3px 6px;'>321017061663</td></tr><tr><td style='padding:3px 6px; font-weight:bold; background-color:#f2f2f2;'>กลุ่ม</td><td style='padding:3px 6px;'>กลุ่ม_71</td></tr></table></div>]]></description>
      <styleUrl>#plotStyle</styleUrl>
      <MultiGeometry><Polygon><outerBoundaryIs><LinearRing><coordinates>103.8849271,14.4932783,0 103.8856467,14.4933417,0 103.8856783,14.4931650,0 103.8859217,14.4932017,0 103.8859450,14.4928300,0 103.8863367,14.4928750,0 103.8863933,14.4926033,0 103.8850134,14.4923889,0 103.8849271,14.4932783,0</coordinates></LinearRing></outerBoundaryIs></Polygon></MultiGeometry>
    </Placemark>
    <Placemark>
      <name>321015051543</name>
      <description><![CDATA[<div style='font-family:Tahoma,sans-serif; font-size:13px;'><h3 style='color:#1565C0; margin:4px 0;'>รหัสแปลง: 321015051543</h3><p style='margin:2px 0;'><b>กลุ่มคิว:</b> 71_001</p><table border='1' style='border-collapse:collapse; border-color:#ccc; width:100%;'><tr><td style='padding:3px 6px; font-weight:bold; background-color:#f2f2f2;'>รหัสกลุ่มคิว</td><td style='padding:3px 6px;'>71/001</td></tr><tr><td style='padding:3px 6px; font-weight:bold; background-color:#f2f2f2;'>รหัสรับเหมา</td><td style='padding:3px 6px;'>733638</td></tr><tr><td style='padding:3px 6px; font-weight:bold; background-color:#f2f2f2;'>ชื่อ-สกุล รับเหมา</td><td style='padding:3px 6px;'>นาย สิทธิชัย ธรรมสุข</td></tr><tr><td style='padding:3px 6px; font-weight:bold; background-color:#f2f2f2;'>นักเกษตร</td><td style='padding:3px 6px;'>7104</td></tr><tr><td style='padding:3px 6px; font-weight:bold; background-color:#f2f2f2;'>ศูนย์</td><td style='padding:3px 6px;'>K2-71</td></tr><tr><td style='padding:3px 6px; font-weight:bold; background-color:#f2f2f2;'>โควตา</td><td style='padding:3px 6px;'>733638</td></tr><tr><td style='padding:3px 6px; font-weight:bold; background-color:#f2f2f2;'>ชาวไร่</td><td style='padding:3px 6px;'>นาย สิทธิชัย ธรรมสุข</td></tr><tr><td style='padding:3px 6px; font-weight:bold; background-color:#f2f2f2;'>ประเภทอ้อย</td><td style='padding:3px 6px;'>ตอ2</td></tr><tr><td style='padding:3px 6px; font-weight:bold; background-color:#f2f2f2;'>พื้นที่</td><td style='padding:3px 6px;'>16.07</td></tr><tr><td style='padding:3px 6px; font-weight:bold; background-color:#f2f2f2;'>ตันรวม</td><td style='padding:3px 6px;'>128.56</td></tr><tr><td style='padding:3px 6px; font-weight:bold; background-color:#f2f2f2;'>รหัสแปลง</td><td style='padding:3px 6px;'>321015051543</td></tr><tr><td style='padding:3px 6px; font-weight:bold; background-color:#f2f2f2;'>กลุ่ม</td><td style='padding:3px 6px;'>กลุ่ม_71</td></tr></table></div>]]></description>
      <styleUrl>#plotStyle</styleUrl>
      <MultiGeometry><Polygon><outerBoundaryIs><LinearRing><coordinates>103.8792746,14.6196972,0 103.8798777,14.6195328,0 103.8799529,14.6195330,0 103.8802558,14.6194281,0 103.8803859,14.6193834,0 103.8805324,14.6193123,0 103.8807892,14.6191711,0 103.8807796,14.6191561,0 103.8803630,14.6180577,0 103.8800562,14.6182528,0 103.8799667,14.6183067,0 103.8796323,14.6184951,0 103.8793551,14.6186922,0 103.8792382,14.6187352,0 103.8791262,14.6187953,0 103.8788588,14.6189216,0 103.8787266,14.6189787,0 103.8787983,14.6191050,0 103.8784767,14.6192283,0 103.8787006,14.6198610,0 103.8792765,14.6196963,0 103.8792746,14.6196972,0</coordinates></LinearRing></outerBoundaryIs></Polygon></MultiGeometry>
    </Placemark>
    <Placemark>
      <name>321017071648</name>
      <description><![CDATA[<div style='font-family:Tahoma,sans-serif; font-size:13px;'><h3 style='color:#1565C0; margin:4px 0;'>รหัสแปลง: 321017071648</h3><p style='margin:2px 0;'><b>กลุ่มคิว:</b> 71_001</p><table border='1' style='border-collapse:collapse; border-color:#ccc; width:100%;'><tr><td style='padding:3px 6px; font-weight:bold; background-color:#f2f2f2;'>รหัสกลุ่มคิว</td><td style='padding:3px 6px;'>71/001</td></tr><tr><td style='padding:3px 6px; font-weight:bold; background-color:#f2f2f2;'>รหัสรับเหมา</td><td style='padding:3px 6px;'>733638</td></tr><tr><td style='padding:3px 6px; font-weight:bold; background-color:#f2f2f2;'>ชื่อ-สกุล รับเหมา</td><td style='padding:3px 6px;'>นาย สิทธิชัย ธรรมสุข</td></tr><tr><td style='padding:3px 6px; font-weight:bold; background-color:#f2f2f2;'>นักเกษตร</td><td style='padding:3px 6px;'>7104</td></tr><tr><td style='padding:3px 6px; font-weight:bold; background-color:#f2f2f2;'>ศูนย์</td><td style='padding:3px 6px;'>K2-71</td></tr><tr><td style='padding:3px 6px; font-weight:bold; background-color:#f2f2f2;'>โควตา</td><td style='padding:3px 6px;'>733476</td></tr><tr><td style='padding:3px 6px; font-weight:bold; background-color:#f2f2f2;'>ชาวไร่</td><td style='padding:3px 6px;'>นาย ยม ลำดวนหอม</td></tr><tr><td style='padding:3px 6px; font-weight:bold; background-color:#f2f2f2;'>ประเภทอ้อย</td><td style='padding:3px 6px;'>ตอ1</td></tr><tr><td style='padding:3px 6px; font-weight:bold; background-color:#f2f2f2;'>พื้นที่</td><td style='padding:3px 6px;'>4.24</td></tr><tr><td style='padding:3px 6px; font-weight:bold; background-color:#f2f2f2;'>ตันรวม</td><td style='padding:3px 6px;'>38.16</td></tr><tr><td style='padding:3px 6px; font-weight:bold; background-color:#f2f2f2;'>รหัสแปลง</td><td style='padding:3px 6px;'>321017071648</td></tr><tr><td style='padding:3px 6px; font-weight:bold; background-color:#f2f2f2;'>กลุ่ม</td><td style='padding:3px 6px;'>กลุ่ม_71</td></tr></table></div>]]></description>
      <styleUrl>#plotStyle</styleUrl>
      <MultiGeometry><Polygon><outerBoundaryIs><LinearRing><coordinates>103.8636393,14.5175790,0 103.8624015,14.5172927,0 103.8621925,14.5172377,0 103.8620816,14.5171946,0 103.8620092,14.5174671,0 103.8622331,14.5175697,0 103.8623567,14.5176458,0 103.8625905,14.5177224,0 103.8627786,14.5177942,0 103.8629289,14.5178070,0 103.8631574,14.5178574,0 103.8633120,14.5178899,0 103.8633959,14.5178952,0 103.8634124,14.5178133,0 103.8635667,14.5178486,0 103.8636380,14.5175804,0 103.8636393,14.5175790,0</coordinates></LinearRing></outerBoundaryIs></Polygon></MultiGeometry>
    </Placemark>
    <Placemark>
      <name>321017071649</name>
      <description><![CDATA[<div style='font-family:Tahoma,sans-serif; font-size:13px;'><h3 style='color:#1565C0; margin:4px 0;'>รหัสแปลง: 321017071649</h3><p style='margin:2px 0;'><b>กลุ่มคิว:</b> 71_001</p><table border='1' style='border-collapse:collapse; border-color:#ccc; width:100%;'><tr><td style='padding:3px 6px; font-weight:bold; background-color:#f2f2f2;'>รหัสกลุ่มคิว</td><td style='padding:3px 6px;'>71/001</td></tr><tr><td style='padding:3px 6px; font-weight:bold; background-color:#f2f2f2;'>รหัสรับเหมา</td><td style='padding:3px 6px;'>733638</td></tr><tr><td style='padding:3px 6px; font-weight:bold; background-color:#f2f2f2;'>ชื่อ-สกุล รับเหมา</td><td style='padding:3px 6px;'>นาย สิทธิชัย ธรรมสุข</td></tr><tr><td style='padding:3px 6px; font-weight:bold; background-color:#f2f2f2;'>นักเกษตร</td><td style='padding:3px 6px;'>7104</td></tr><tr><td style='padding:3px 6px; font-weight:bold; background-color:#f2f2f2;'>ศูนย์</td><td style='padding:3px 6px;'>K2-71</td></tr><tr><td style='padding:3px 6px; font-weight:bold; background-color:#f2f2f2;'>โควตา</td><td style='padding:3px 6px;'>733760</td></tr><tr><td style='padding:3px 6px; font-weight:bold; background-color:#f2f2f2;'>ชาวไร่</td><td style='padding:3px 6px;'>นาย ไว กล้วยทอง</td></tr><tr><td style='padding:3px 6px; font-weight:bold; background-color:#f2f2f2;'>ประเภทอ้อย</td><td style='padding:3px 6px;'>ตอ1</td></tr><tr><td style='padding:3px 6px; font-weight:bold; background-color:#f2f2f2;'>พื้นที่</td><td style='padding:3px 6px;'>3.65</td></tr><tr><td style='padding:3px 6px; font-weight:bold; background-color:#f2f2f2;'>ตันรวม</td><td style='padding:3px 6px;'>32.85</td></tr><tr><td style='padding:3px 6px; font-weight:bold; background-color:#f2f2f2;'>รหัสแปลง</td><td style='padding:3px 6px;'>321017071649</td></tr><tr><td style='padding:3px 6px; font-weight:bold; background-color:#f2f2f2;'>กลุ่ม</td><td style='padding:3px 6px;'>กลุ่ม_71</td></tr></table></div>]]></description>
      <styleUrl>#plotStyle</styleUrl>
      <MultiGeometry><Polygon><outerBoundaryIs><LinearRing><coordinates>103.8636481,14.5175856,0 103.8637187,14.5172703,0 103.8631174,14.5171586,0 103.8628133,14.5170860,0 103.8625636,14.5170278,0 103.8620621,14.5169091,0 103.8620373,14.5170240,0 103.8621237,14.5170462,0 103.8620978,14.5171993,0 103.8622584,14.5172550,0 103.8636481,14.5175856,0</coordinates></LinearRing></outerBoundaryIs></Polygon></MultiGeometry>
    </Placemark>
    <Placemark>
      <name>321017071650</name>
      <description><![CDATA[<div style='font-family:Tahoma,sans-serif; font-size:13px;'><h3 style='color:#1565C0; margin:4px 0;'>รหัสแปลง: 321017071650</h3><p style='margin:2px 0;'><b>กลุ่มคิว:</b> 71_001</p><table border='1' style='border-collapse:collapse; border-color:#ccc; width:100%;'><tr><td style='padding:3px 6px; font-weight:bold; background-color:#f2f2f2;'>รหัสกลุ่มคิว</td><td style='padding:3px 6px;'>71/001</td></tr><tr><td style='padding:3px 6px; font-weight:bold; background-color:#f2f2f2;'>รหัสรับเหมา</td><td style='padding:3px 6px;'>733638</td></tr><tr><td style='padding:3px 6px; font-weight:bold; background-color:#f2f2f2;'>ชื่อ-สกุล รับเหมา</td><td style='padding:3px 6px;'>นาย สิทธิชัย ธรรมสุข</td></tr><tr><td style='padding:3px 6px; font-weight:bold; background-color:#f2f2f2;'>นักเกษตร</td><td style='padding:3px 6px;'>7104</td></tr><tr><td style='padding:3px 6px; font-weight:bold; background-color:#f2f2f2;'>ศูนย์</td><td style='padding:3px 6px;'>K2-71</td></tr><tr><td style='padding:3px 6px; font-weight:bold; background-color:#f2f2f2;'>โควตา</td><td style='padding:3px 6px;'>733560</td></tr><tr><td style='padding:3px 6px; font-weight:bold; background-color:#f2f2f2;'>ชาวไร่</td><td style='padding:3px 6px;'>นาย ทิม สมสุข</td></tr><tr><td style='padding:3px 6px; font-weight:bold; background-color:#f2f2f2;'>ประเภทอ้อย</td><td style='padding:3px 6px;'>ปลายฝน</td></tr><tr><td style='padding:3px 6px; font-weight:bold; background-color:#f2f2f2;'>พื้นที่</td><td style='padding:3px 6px;'>1.03</td></tr><tr><td style='padding:3px 6px; font-weight:bold; background-color:#f2f2f2;'>ตันรวม</td><td style='padding:3px 6px;'>13.39</td></tr><tr><td style='padding:3px 6px; font-weight:bold; background-color:#f2f2f2;'>รหัสแปลง</td><td style='padding:3px 6px;'>321017071650</td></tr><tr><td style='padding:3px 6px; font-weight:bold; background-color:#f2f2f2;'>กลุ่ม</td><td style='padding:3px 6px;'>กลุ่ม_71</td></tr></table></div>]]></description>
      <styleUrl>#plotStyle</styleUrl>
      <MultiGeometry><Polygon><outerBoundaryIs><LinearRing><coordinates>103.8892367,14.5045700,0 103.8892483,14.5046700,0 103.8891717,14.5047033,0 103.8892167,14.5050450,0 103.8892050,14.5050650,0 103.8895111,14.5050297,0 103.8894551,14.5045419,0 103.8892367,14.5045700,0</coordinates></LinearRing></outerBoundaryIs></Polygon></MultiGeometry>
    </Placemark>
    <Placemark>
      <name>321305041659</name>
      <description><![CDATA[<div style='font-family:Tahoma,sans-serif; font-size:13px;'><h3 style='color:#1565C0; margin:4px 0;'>รหัสแปลง: 321305041659</h3><p style='margin:2px 0;'><b>กลุ่มคิว:</b> 71_001</p><table border='1' style='border-collapse:collapse; border-color:#ccc; width:100%;'><tr><td style='padding:3px 6px; font-weight:bold; background-color:#f2f2f2;'>รหัสกลุ่มคิว</td><td style='padding:3px 6px;'>71/001</td></tr><tr><td style='padding:3px 6px; font-weight:bold; background-color:#f2f2f2;'>รหัสรับเหมา</td><td style='padding:3px 6px;'>733638</td></tr><tr><td style='padding:3px 6px; font-weight:bold; background-color:#f2f2f2;'>ชื่อ-สกุล รับเหมา</td><td style='padding:3px 6px;'>นาย สิทธิชัย ธรรมสุข</td></tr><tr><td style='padding:3px 6px; font-weight:bold; background-color:#f2f2f2;'>นักเกษตร</td><td style='padding:3px 6px;'>7104</td></tr><tr><td style='padding:3px 6px; font-weight:bold; background-color:#f2f2f2;'>ศูนย์</td><td style='padding:3px 6px;'>K2-71</td></tr><tr><td style='padding:3px 6px; font-weight:bold; background-color:#f2f2f2;'>โควตา</td><td style='padding:3px 6px;'>773506</td></tr><tr><td style='padding:3px 6px; font-weight:bold; background-color:#f2f2f2;'>ชาวไร่</td><td style='padding:3px 6px;'>นาย สังวาล ทองพงค์</td></tr><tr><td style='padding:3px 6px; font-weight:bold; background-color:#f2f2f2;'>ประเภทอ้อย</td><td style='padding:3px 6px;'>ตอ1</td></tr><tr><td style='padding:3px 6px; font-weight:bold; background-color:#f2f2f2;'>พื้นที่</td><td style='padding:3px 6px;'>4.3</td></tr><tr><td style='padding:3px 6px; font-weight:bold; background-color:#f2f2f2;'>ตันรวม</td><td style='padding:3px 6px;'>38.7</td></tr><tr><td style='padding:3px 6px; font-weight:bold; background-color:#f2f2f2;'>รหัสแปลง</td><td style='padding:3px 6px;'>321305041659</td></tr><tr><td style='padding:3px 6px; font-weight:bold; background-color:#f2f2f2;'>กลุ่ม</td><td style='padding:3px 6px;'>กลุ่ม_71</td></tr></table></div>]]></description>
      <styleUrl>#plotStyle</styleUrl>
      <MultiGeometry><Polygon><outerBoundaryIs><LinearRing><coordinates>103.9015433,14.4715317,0 103.9011183,14.4716067,0 103.9011917,14.4727350,0 103.9016900,14.4727467,0 103.9017667,14.4727017,0 103.9015983,14.4720033,0 103.9015433,14.4715317,0</coordinates></LinearRing></outerBoundaryIs></Polygon></MultiGeometry>
    </Placemark>
    <Placemark>
      <name>321017011645</name>
      <description><![CDATA[<div style='font-family:Tahoma,sans-serif; font-size:13px;'><h3 style='color:#1565C0; margin:4px 0;'>รหัสแปลง: 321017011645</h3><p style='margin:2px 0;'><b>กลุ่มคิว:</b> 71_001</p><table border='1' style='border-collapse:collapse; border-color:#ccc; width:100%;'><tr><td style='padding:3px 6px; font-weight:bold; background-color:#f2f2f2;'>รหัสกลุ่มคิว</td><td style='padding:3px 6px;'>71/001</td></tr><tr><td style='padding:3px 6px; font-weight:bold; background-color:#f2f2f2;'>รหัสรับเหมา</td><td style='padding:3px 6px;'>733638</td></tr><tr><td style='padding:3px 6px; font-weight:bold; background-color:#f2f2f2;'>ชื่อ-สกุล รับเหมา</td><td style='padding:3px 6px;'>นาย สิทธิชัย ธรรมสุข</td></tr><tr><td style='padding:3px 6px; font-weight:bold; background-color:#f2f2f2;'>นักเกษตร</td><td style='padding:3px 6px;'>7104</td></tr><tr><td style='padding:3px 6px; font-weight:bold; background-color:#f2f2f2;'>ศูนย์</td><td style='padding:3px 6px;'>K2-71</td></tr><tr><td style='padding:3px 6px; font-weight:bold; background-color:#f2f2f2;'>โควตา</td><td style='padding:3px 6px;'>733692</td></tr><tr><td style='padding:3px 6px; font-weight:bold; background-color:#f2f2f2;'>ชาวไร่</td><td style='padding:3px 6px;'>นาย วันชัย สมยิ่ง</td></tr><tr><td style='padding:3px 6px; font-weight:bold; background-color:#f2f2f2;'>ประเภทอ้อย</td><td style='padding:3px 6px;'>ตอ1</td></tr><tr><td style='padding:3px 6px; font-weight:bold; background-color:#f2f2f2;'>พื้นที่</td><td style='padding:3px 6px;'>9.44</td></tr><tr><td style='padding:3px 6px; font-weight:bold; background-color:#f2f2f2;'>ตันรวม</td><td style='padding:3px 6px;'>84.96</td></tr><tr><td style='padding:3px 6px; font-weight:bold; background-color:#f2f2f2;'>รหัสแปลง</td><td style='padding:3px 6px;'>321017011645</td></tr><tr><td style='padding:3px 6px; font-weight:bold; background-color:#f2f2f2;'>กลุ่ม</td><td style='padding:3px 6px;'>กลุ่ม_71</td></tr></table></div>]]></description>
      <styleUrl>#plotStyle</styleUrl>
      <MultiGeometry><Polygon><outerBoundaryIs><LinearRing><coordinates>103.8414450,14.4657867,0 103.8419183,14.4657650,0 103.8419383,14.4657567,0 103.8423283,14.4655817,0 103.8422383,14.4642400,0 103.8415133,14.4643400,0 103.8413983,14.4647000,0 103.8413817,14.4654283,0 103.8414450,14.4657867,0</coordinates></LinearRing></outerBoundaryIs></Polygon></MultiGeometry>
    </Placemark>
    <Placemark>
      <name>321017071653</name>
      <description><![CDATA[<div style='font-family:Tahoma,sans-serif; font-size:13px;'><h3 style='color:#1565C0; margin:4px 0;'>รหัสแปลง: 321017071653</h3><p style='margin:2px 0;'><b>กลุ่มคิว:</b> 71_001</p><table border='1' style='border-collapse:collapse; border-color:#ccc; width:100%;'><tr><td style='padding:3px 6px; font-weight:bold; background-color:#f2f2f2;'>รหัสกลุ่มคิว</td><td style='padding:3px 6px;'>71/001</td></tr><tr><td style='padding:3px 6px; font-weight:bold; background-color:#f2f2f2;'>รหัสรับเหมา</td><td style='padding:3px 6px;'>733638</td></tr><tr><td style='padding:3px 6px; font-weight:bold; background-color:#f2f2f2;'>ชื่อ-สกุล รับเหมา</td><td style='padding:3px 6px;'>นาย สิทธิชัย ธรรมสุข</td></tr><tr><td style='padding:3px 6px; font-weight:bold; background-color:#f2f2f2;'>นักเกษตร</td><td style='padding:3px 6px;'>7104</td></tr><tr><td style='padding:3px 6px; font-weight:bold; background-color:#f2f2f2;'>ศูนย์</td><td style='padding:3px 6px;'>K2-71</td></tr><tr><td style='padding:3px 6px; font-weight:bold; background-color:#f2f2f2;'>โควตา</td><td style='padding:3px 6px;'>733638</td></tr><tr><td style='padding:3px 6px; font-weight:bold; background-color:#f2f2f2;'>ชาวไร่</td><td style='padding:3px 6px;'>นาย สิทธิชัย ธรรมสุข</td></tr><tr><td style='padding:3px 6px; font-weight:bold; background-color:#f2f2f2;'>ประเภทอ้อย</td><td style='padding:3px 6px;'>ปลายฝน</td></tr><tr><td style='padding:3px 6px; font-weight:bold; background-color:#f2f2f2;'>พื้นที่</td><td style='padding:3px 6px;'>18.29</td></tr><tr><td style='padding:3px 6px; font-weight:bold; background-color:#f2f2f2;'>ตันรวม</td><td style='padding:3px 6px;'>237.77</td></tr><tr><td style='padding:3px 6px; font-weight:bold; background-color:#f2f2f2;'>รหัสแปลง</td><td style='padding:3px 6px;'>321017071653</td></tr><tr><td style='padding:3px 6px; font-weight:bold; background-color:#f2f2f2;'>กลุ่ม</td><td style='padding:3px 6px;'>กลุ่ม_71</td></tr></table></div>]]></description>
      <styleUrl>#plotStyle</styleUrl>
      <MultiGeometry><Polygon><outerBoundaryIs><LinearRing><coordinates>103.8785967,14.5027867,0 103.8786133,14.5016450,0 103.8769000,14.5014700,0 103.8768700,14.5021133,0 103.8768183,14.5023833,0 103.8768267,14.5028867,0 103.8768717,14.5031067,0 103.8778567,14.5030017,0 103.8778550,14.5028233,0 103.8785967,14.5027867,0</coordinates></LinearRing></outerBoundaryIs></Polygon></MultiGeometry>
    </Placemark>
    <Placemark>
      <name>321017011647</name>
      <description><![CDATA[<div style='font-family:Tahoma,sans-serif; font-size:13px;'><h3 style='color:#1565C0; margin:4px 0;'>รหัสแปลง: 321017011647</h3><p style='margin:2px 0;'><b>กลุ่มคิว:</b> 71_001</p><table border='1' style='border-collapse:collapse; border-color:#ccc; width:100%;'><tr><td style='padding:3px 6px; font-weight:bold; background-color:#f2f2f2;'>รหัสกลุ่มคิว</td><td style='padding:3px 6px;'>71/001</td></tr><tr><td style='padding:3px 6px; font-weight:bold; background-color:#f2f2f2;'>รหัสรับเหมา</td><td style='padding:3px 6px;'>733638</td></tr><tr><td style='padding:3px 6px; font-weight:bold; background-color:#f2f2f2;'>ชื่อ-สกุล รับเหมา</td><td style='padding:3px 6px;'>นาย สิทธิชัย ธรรมสุข</td></tr><tr><td style='padding:3px 6px; font-weight:bold; background-color:#f2f2f2;'>นักเกษตร</td><td style='padding:3px 6px;'>7104</td></tr><tr><td style='padding:3px 6px; font-weight:bold; background-color:#f2f2f2;'>ศูนย์</td><td style='padding:3px 6px;'>K2-71</td></tr><tr><td style='padding:3px 6px; font-weight:bold; background-color:#f2f2f2;'>โควตา</td><td style='padding:3px 6px;'>733638</td></tr><tr><td style='padding:3px 6px; font-weight:bold; background-color:#f2f2f2;'>ชาวไร่</td><td style='padding:3px 6px;'>นาย สิทธิชัย ธรรมสุข</td></tr><tr><td style='padding:3px 6px; font-weight:bold; background-color:#f2f2f2;'>ประเภทอ้อย</td><td style='padding:3px 6px;'>ปลายฝน</td></tr><tr><td style='padding:3px 6px; font-weight:bold; background-color:#f2f2f2;'>พื้นที่</td><td style='padding:3px 6px;'>21.77</td></tr><tr><td style='padding:3px 6px; font-weight:bold; background-color:#f2f2f2;'>ตันรวม</td><td style='padding:3px 6px;'>283.01</td></tr><tr><td style='padding:3px 6px; font-weight:bold; background-color:#f2f2f2;'>รหัสแปลง</td><td style='padding:3px 6px;'>321017011647</td></tr><tr><td style='padding:3px 6px; font-weight:bold; background-color:#f2f2f2;'>กลุ่ม</td><td style='padding:3px 6px;'>กลุ่ม_71</td></tr></table></div>]]></description>
      <styleUrl>#plotStyle</styleUrl>
      <MultiGeometry><Polygon><outerBoundaryIs><LinearRing><coordinates>103.8281588,14.4679292,0 103.8267377,14.4682582,0 103.8263831,14.4690441,0 103.8289021,14.4689930,0 103.8294027,14.4689325,0 103.8299869,14.4687736,0 103.8297035,14.4683705,0 103.8295742,14.4681658,0 103.8287645,14.4681905,0 103.8286600,14.4678200,0 103.8281588,14.4679292,0</coordinates></LinearRing></outerBoundaryIs></Polygon></MultiGeometry>
    </Placemark>
    <Placemark>
      <name>321017011648</name>
      <description><![CDATA[<div style='font-family:Tahoma,sans-serif; font-size:13px;'><h3 style='color:#1565C0; margin:4px 0;'>รหัสแปลง: 321017011648</h3><p style='margin:2px 0;'><b>กลุ่มคิว:</b> 71_001</p><table border='1' style='border-collapse:collapse; border-color:#ccc; width:100%;'><tr><td style='padding:3px 6px; font-weight:bold; background-color:#f2f2f2;'>รหัสกลุ่มคิว</td><td style='padding:3px 6px;'>71/001</td></tr><tr><td style='padding:3px 6px; font-weight:bold; background-color:#f2f2f2;'>รหัสรับเหมา</td><td style='padding:3px 6px;'>733638</td></tr><tr><td style='padding:3px 6px; font-weight:bold; background-color:#f2f2f2;'>ชื่อ-สกุล รับเหมา</td><td style='padding:3px 6px;'>นาย สิทธิชัย ธรรมสุข</td></tr><tr><td style='padding:3px 6px; font-weight:bold; background-color:#f2f2f2;'>นักเกษตร</td><td style='padding:3px 6px;'>7104</td></tr><tr><td style='padding:3px 6px; font-weight:bold; background-color:#f2f2f2;'>ศูนย์</td><td style='padding:3px 6px;'>K2-71</td></tr><tr><td style='padding:3px 6px; font-weight:bold; background-color:#f2f2f2;'>โควตา</td><td style='padding:3px 6px;'>733638</td></tr><tr><td style='padding:3px 6px; font-weight:bold; background-color:#f2f2f2;'>ชาวไร่</td><td style='padding:3px 6px;'>นาย สิทธิชัย ธรรมสุข</td></tr><tr><td style='padding:3px 6px; font-weight:bold; background-color:#f2f2f2;'>ประเภทอ้อย</td><td style='padding:3px 6px;'>ตอ3</td></tr><tr><td style='padding:3px 6px; font-weight:bold; background-color:#f2f2f2;'>พื้นที่</td><td style='padding:3px 6px;'>27.69</td></tr><tr><td style='padding:3px 6px; font-weight:bold; background-color:#f2f2f2;'>ตันรวม</td><td style='padding:3px 6px;'>193.83</td></tr><tr><td style='padding:3px 6px; font-weight:bold; background-color:#f2f2f2;'>รหัสแปลง</td><td style='padding:3px 6px;'>321017011648</td></tr><tr><td style='padding:3px 6px; font-weight:bold; background-color:#f2f2f2;'>กลุ่ม</td><td style='padding:3px 6px;'>กลุ่ม_71</td></tr></table></div>]]></description>
      <styleUrl>#plotStyle</styleUrl>
      <MultiGeometry><Polygon><outerBoundaryIs><LinearRing><coordinates>103.8258433,14.4692867,0 103.8259200,14.4701233,0 103.8292833,14.4702383,0 103.8291000,14.4693383,0 103.8301233,14.4691517,0 103.8300217,14.4689217,0 103.8258433,14.4692867,0</coordinates></LinearRing></outerBoundaryIs></Polygon></MultiGeometry>
    </Placemark>
    <Placemark>
      <name>321017071658</name>
      <description><![CDATA[<div style='font-family:Tahoma,sans-serif; font-size:13px;'><h3 style='color:#1565C0; margin:4px 0;'>รหัสแปลง: 321017071658</h3><p style='margin:2px 0;'><b>กลุ่มคิว:</b> 71_001</p><table border='1' style='border-collapse:collapse; border-color:#ccc; width:100%;'><tr><td style='padding:3px 6px; font-weight:bold; background-color:#f2f2f2;'>รหัสกลุ่มคิว</td><td style='padding:3px 6px;'>71/001</td></tr><tr><td style='padding:3px 6px; font-weight:bold; background-color:#f2f2f2;'>รหัสรับเหมา</td><td style='padding:3px 6px;'>733638</td></tr><tr><td style='padding:3px 6px; font-weight:bold; background-color:#f2f2f2;'>ชื่อ-สกุล รับเหมา</td><td style='padding:3px 6px;'>นาย สิทธิชัย ธรรมสุข</td></tr><tr><td style='padding:3px 6px; font-weight:bold; background-color:#f2f2f2;'>นักเกษตร</td><td style='padding:3px 6px;'>7104</td></tr><tr><td style='padding:3px 6px; font-weight:bold; background-color:#f2f2f2;'>ศูนย์</td><td style='padding:3px 6px;'>K2-71</td></tr><tr><td style='padding:3px 6px; font-weight:bold; background-color:#f2f2f2;'>โควตา</td><td style='padding:3px 6px;'>733709</td></tr><tr><td style='padding:3px 6px; font-weight:bold; background-color:#f2f2f2;'>ชาวไร่</td><td style='padding:3px 6px;'>นาย จักรพันธ์ วันไทย</td></tr><tr><td style='padding:3px 6px; font-weight:bold; background-color:#f2f2f2;'>ประเภทอ้อย</td><td style='padding:3px 6px;'>ตอ3</td></tr><tr><td style='padding:3px 6px; font-weight:bold; background-color:#f2f2f2;'>พื้นที่</td><td style='padding:3px 6px;'>2.63</td></tr><tr><td style='padding:3px 6px; font-weight:bold; background-color:#f2f2f2;'>ตันรวม</td><td style='padding:3px 6px;'>18.41</td></tr><tr><td style='padding:3px 6px; font-weight:bold; background-color:#f2f2f2;'>รหัสแปลง</td><td style='padding:3px 6px;'>321017071658</td></tr><tr><td style='padding:3px 6px; font-weight:bold; background-color:#f2f2f2;'>กลุ่ม</td><td style='padding:3px 6px;'>กลุ่ม_71</td></tr></table></div>]]></description>
      <styleUrl>#plotStyle</styleUrl>
      <MultiGeometry><Polygon><outerBoundaryIs><LinearRing><coordinates>103.8687065,14.5137882,0 103.8683732,14.5137849,0 103.8684071,14.5148510,0 103.8687242,14.5148806,0 103.8687065,14.5137882,0</coordinates></LinearRing></outerBoundaryIs></Polygon></MultiGeometry>
    </Placemark>
    <Placemark>
      <name>321305041666</name>
      <description><![CDATA[<div style='font-family:Tahoma,sans-serif; font-size:13px;'><h3 style='color:#1565C0; margin:4px 0;'>รหัสแปลง: 321305041666</h3><p style='margin:2px 0;'><b>กลุ่มคิว:</b> 71_001</p><table border='1' style='border-collapse:collapse; border-color:#ccc; width:100%;'><tr><td style='padding:3px 6px; font-weight:bold; background-color:#f2f2f2;'>รหัสกลุ่มคิว</td><td style='padding:3px 6px;'>71/001</td></tr><tr><td style='padding:3px 6px; font-weight:bold; background-color:#f2f2f2;'>รหัสรับเหมา</td><td style='padding:3px 6px;'>733638</td></tr><tr><td style='padding:3px 6px; font-weight:bold; background-color:#f2f2f2;'>ชื่อ-สกุล รับเหมา</td><td style='padding:3px 6px;'>นาย สิทธิชัย ธรรมสุข</td></tr><tr><td style='padding:3px 6px; font-weight:bold; background-color:#f2f2f2;'>นักเกษตร</td><td style='padding:3px 6px;'>7104</td></tr><tr><td style='padding:3px 6px; font-weight:bold; background-color:#f2f2f2;'>ศูนย์</td><td style='padding:3px 6px;'>K2-71</td></tr><tr><td style='padding:3px 6px; font-weight:bold; background-color:#f2f2f2;'>โควตา</td><td style='padding:3px 6px;'>774133</td></tr><tr><td style='padding:3px 6px; font-weight:bold; background-color:#f2f2f2;'>ชาวไร่</td><td style='padding:3px 6px;'>น.ส. สุนันทา สมุดกลัด</td></tr><tr><td style='padding:3px 6px; font-weight:bold; background-color:#f2f2f2;'>ประเภทอ้อย</td><td style='padding:3px 6px;'>ตอ3</td></tr><tr><td style='padding:3px 6px; font-weight:bold; background-color:#f2f2f2;'>พื้นที่</td><td style='padding:3px 6px;'>2.76</td></tr><tr><td style='padding:3px 6px; font-weight:bold; background-color:#f2f2f2;'>ตันรวม</td><td style='padding:3px 6px;'>19.32</td></tr><tr><td style='padding:3px 6px; font-weight:bold; background-color:#f2f2f2;'>รหัสแปลง</td><td style='padding:3px 6px;'>321305041666</td></tr><tr><td style='padding:3px 6px; font-weight:bold; background-color:#f2f2f2;'>กลุ่ม</td><td style='padding:3px 6px;'>กลุ่ม_71</td></tr></table></div>]]></description>
      <styleUrl>#plotStyle</styleUrl>
      <MultiGeometry><Polygon><outerBoundaryIs><LinearRing><coordinates>103.8896970,14.4806720,0 103.8897651,14.4811670,0 103.8904626,14.4810912,0 103.8903994,14.4805526,0 103.8896970,14.4806720,0</coordinates></LinearRing></outerBoundaryIs></Polygon></MultiGeometry>
    </Placemark>
    <Placemark>
      <name>321017011650</name>
      <description><![CDATA[<div style='font-family:Tahoma,sans-serif; font-size:13px;'><h3 style='color:#1565C0; margin:4px 0;'>รหัสแปลง: 321017011650</h3><p style='margin:2px 0;'><b>กลุ่มคิว:</b> 71_001</p><table border='1' style='border-collapse:collapse; border-color:#ccc; width:100%;'><tr><td style='padding:3px 6px; font-weight:bold; background-color:#f2f2f2;'>รหัสกลุ่มคิว</td><td style='padding:3px 6px;'>71/001</td></tr><tr><td style='padding:3px 6px; font-weight:bold; background-color:#f2f2f2;'>รหัสรับเหมา</td><td style='padding:3px 6px;'>733638</td></tr><tr><td style='padding:3px 6px; font-weight:bold; background-color:#f2f2f2;'>ชื่อ-สกุล รับเหมา</td><td style='padding:3px 6px;'>นาย สิทธิชัย ธรรมสุข</td></tr><tr><td style='padding:3px 6px; font-weight:bold; background-color:#f2f2f2;'>นักเกษตร</td><td style='padding:3px 6px;'>7104</td></tr><tr><td style='padding:3px 6px; font-weight:bold; background-color:#f2f2f2;'>ศูนย์</td><td style='padding:3px 6px;'>K2-71</td></tr><tr><td style='padding:3px 6px; font-weight:bold; background-color:#f2f2f2;'>โควตา</td><td style='padding:3px 6px;'>730145</td></tr><tr><td style='padding:3px 6px; font-weight:bold; background-color:#f2f2f2;'>ชาวไร่</td><td style='padding:3px 6px;'>นาย สมพร สุบิน</td></tr><tr><td style='padding:3px 6px; font-weight:bold; background-color:#f2f2f2;'>ประเภทอ้อย</td><td style='padding:3px 6px;'>ตอ2</td></tr><tr><td style='padding:3px 6px; font-weight:bold; background-color:#f2f2f2;'>พื้นที่</td><td style='padding:3px 6px;'>2.63</td></tr><tr><td style='padding:3px 6px; font-weight:bold; background-color:#f2f2f2;'>ตันรวม</td><td style='padding:3px 6px;'>21.04</td></tr><tr><td style='padding:3px 6px; font-weight:bold; background-color:#f2f2f2;'>รหัสแปลง</td><td style='padding:3px 6px;'>321017011650</td></tr><tr><td style='padding:3px 6px; font-weight:bold; background-color:#f2f2f2;'>กลุ่ม</td><td style='padding:3px 6px;'>กลุ่ม_71</td></tr></table></div>]]></description>
      <styleUrl>#plotStyle</styleUrl>
      <MultiGeometry><Polygon><outerBoundaryIs><LinearRing><coordinates>103.8258267,14.4576733,0 103.8259000,14.4569867,0 103.8256783,14.4569417,0 103.8253783,14.4569717,0 103.8253250,14.4576033,0 103.8258267,14.4576733,0</coordinates></LinearRing></outerBoundaryIs></Polygon></MultiGeometry>
    </Placemark>
    <Placemark>
      <name>321017051567</name>
      <description><![CDATA[<div style='font-family:Tahoma,sans-serif; font-size:13px;'><h3 style='color:#1565C0; margin:4px 0;'>รหัสแปลง: 321017051567</h3><p style='margin:2px 0;'><b>กลุ่มคิว:</b> 71_001</p><table border='1' style='border-collapse:collapse; border-color:#ccc; width:100%;'><tr><td style='padding:3px 6px; font-weight:bold; background-color:#f2f2f2;'>รหัสกลุ่มคิว</td><td style='padding:3px 6px;'>71/001</td></tr><tr><td style='padding:3px 6px; font-weight:bold; background-color:#f2f2f2;'>รหัสรับเหมา</td><td style='padding:3px 6px;'>733638</td></tr><tr><td style='padding:3px 6px; font-weight:bold; background-color:#f2f2f2;'>ชื่อ-สกุล รับเหมา</td><td style='padding:3px 6px;'>นาย สิทธิชัย ธรรมสุข</td></tr><tr><td style='padding:3px 6px; font-weight:bold; background-color:#f2f2f2;'>นักเกษตร</td><td style='padding:3px 6px;'>7104</td></tr><tr><td style='padding:3px 6px; font-weight:bold; background-color:#f2f2f2;'>ศูนย์</td><td style='padding:3px 6px;'>K2-71</td></tr><tr><td style='padding:3px 6px; font-weight:bold; background-color:#f2f2f2;'>โควตา</td><td style='padding:3px 6px;'>733426</td></tr><tr><td style='padding:3px 6px; font-weight:bold; background-color:#f2f2f2;'>ชาวไร่</td><td style='padding:3px 6px;'>นาย ภูมินทร์ ศิริพงษ์พิทักษ์</td></tr><tr><td style='padding:3px 6px; font-weight:bold; background-color:#f2f2f2;'>ประเภทอ้อย</td><td style='padding:3px 6px;'>ตอ2</td></tr><tr><td style='padding:3px 6px; font-weight:bold; background-color:#f2f2f2;'>พื้นที่</td><td style='padding:3px 6px;'>2.82</td></tr><tr><td style='padding:3px 6px; font-weight:bold; background-color:#f2f2f2;'>ตันรวม</td><td style='padding:3px 6px;'>22.56</td></tr><tr><td style='padding:3px 6px; font-weight:bold; background-color:#f2f2f2;'>รหัสแปลง</td><td style='padding:3px 6px;'>321017051567</td></tr><tr><td style='padding:3px 6px; font-weight:bold; background-color:#f2f2f2;'>กลุ่ม</td><td style='padding:3px 6px;'>กลุ่ม_71</td></tr></table></div>]]></description>
      <styleUrl>#plotStyle</styleUrl>
      <MultiGeometry><Polygon><outerBoundaryIs><LinearRing><coordinates>103.8490250,14.5026722,0 103.8476865,14.5028623,0 103.8476999,14.5031404,0 103.8489506,14.5029823,0 103.8490250,14.5026722,0</coordinates></LinearRing></outerBoundaryIs></Polygon></MultiGeometry>
    </Placemark>
    <Placemark>
      <name>321017061670</name>
      <description><![CDATA[<div style='font-family:Tahoma,sans-serif; font-size:13px;'><h3 style='color:#1565C0; margin:4px 0;'>รหัสแปลง: 321017061670</h3><p style='margin:2px 0;'><b>กลุ่มคิว:</b> 71_001</p><table border='1' style='border-collapse:collapse; border-color:#ccc; width:100%;'><tr><td style='padding:3px 6px; font-weight:bold; background-color:#f2f2f2;'>รหัสกลุ่มคิว</td><td style='padding:3px 6px;'>71/001</td></tr><tr><td style='padding:3px 6px; font-weight:bold; background-color:#f2f2f2;'>รหัสรับเหมา</td><td style='padding:3px 6px;'>733638</td></tr><tr><td style='padding:3px 6px; font-weight:bold; background-color:#f2f2f2;'>ชื่อ-สกุล รับเหมา</td><td style='padding:3px 6px;'>นาย สิทธิชัย ธรรมสุข</td></tr><tr><td style='padding:3px 6px; font-weight:bold; background-color:#f2f2f2;'>นักเกษตร</td><td style='padding:3px 6px;'>7104</td></tr><tr><td style='padding:3px 6px; font-weight:bold; background-color:#f2f2f2;'>ศูนย์</td><td style='padding:3px 6px;'>K2-71</td></tr><tr><td style='padding:3px 6px; font-weight:bold; background-color:#f2f2f2;'>โควตา</td><td style='padding:3px 6px;'>730173</td></tr><tr><td style='padding:3px 6px; font-weight:bold; background-color:#f2f2f2;'>ชาวไร่</td><td style='padding:3px 6px;'>นาย เป็น มีเหมาะ</td></tr><tr><td style='padding:3px 6px; font-weight:bold; background-color:#f2f2f2;'>ประเภทอ้อย</td><td style='padding:3px 6px;'>ตอ2</td></tr><tr><td style='padding:3px 6px; font-weight:bold; background-color:#f2f2f2;'>พื้นที่</td><td style='padding:3px 6px;'>15.09</td></tr><tr><td style='padding:3px 6px; font-weight:bold; background-color:#f2f2f2;'>ตันรวม</td><td style='padding:3px 6px;'>120.72</td></tr><tr><td style='padding:3px 6px; font-weight:bold; background-color:#f2f2f2;'>รหัสแปลง</td><td style='padding:3px 6px;'>321017061670</td></tr><tr><td style='padding:3px 6px; font-weight:bold; background-color:#f2f2f2;'>กลุ่ม</td><td style='padding:3px 6px;'>กลุ่ม_71</td></tr></table></div>]]></description>
      <styleUrl>#plotStyle</styleUrl>
      <MultiGeometry><Polygon><outerBoundaryIs><LinearRing><coordinates>103.8799044,14.4742085,0 103.8815242,14.4740758,0 103.8814886,14.4737780,0 103.8814573,14.4735169,0 103.8814589,14.4733713,0 103.8815042,14.4732044,0 103.8816273,14.4729107,0 103.8810738,14.4728697,0 103.8799152,14.4728896,0 103.8799044,14.4742085,0</coordinates></LinearRing></outerBoundaryIs></Polygon></MultiGeometry>
    </Placemark>
    <Placemark>
      <name>321017051569</name>
      <description><![CDATA[<div style='font-family:Tahoma,sans-serif; font-size:13px;'><h3 style='color:#1565C0; margin:4px 0;'>รหัสแปลง: 321017051569</h3><p style='margin:2px 0;'><b>กลุ่มคิว:</b> 71_001</p><table border='1' style='border-collapse:collapse; border-color:#ccc; width:100%;'><tr><td style='padding:3px 6px; font-weight:bold; background-color:#f2f2f2;'>รหัสกลุ่มคิว</td><td style='padding:3px 6px;'>71/001</td></tr><tr><td style='padding:3px 6px; font-weight:bold; background-color:#f2f2f2;'>รหัสรับเหมา</td><td style='padding:3px 6px;'>733638</td></tr><tr><td style='padding:3px 6px; font-weight:bold; background-color:#f2f2f2;'>ชื่อ-สกุล รับเหมา</td><td style='padding:3px 6px;'>นาย สิทธิชัย ธรรมสุข</td></tr><tr><td style='padding:3px 6px; font-weight:bold; background-color:#f2f2f2;'>นักเกษตร</td><td style='padding:3px 6px;'>7104</td></tr><tr><td style='padding:3px 6px; font-weight:bold; background-color:#f2f2f2;'>ศูนย์</td><td style='padding:3px 6px;'>K2-71</td></tr><tr><td style='padding:3px 6px; font-weight:bold; background-color:#f2f2f2;'>โควตา</td><td style='padding:3px 6px;'>733426</td></tr><tr><td style='padding:3px 6px; font-weight:bold; background-color:#f2f2f2;'>ชาวไร่</td><td style='padding:3px 6px;'>นาย ภูมินทร์ ศิริพงษ์พิทักษ์</td></tr><tr><td style='padding:3px 6px; font-weight:bold; background-color:#f2f2f2;'>ประเภทอ้อย</td><td style='padding:3px 6px;'>ตอ2</td></tr><tr><td style='padding:3px 6px; font-weight:bold; background-color:#f2f2f2;'>พื้นที่</td><td style='padding:3px 6px;'>8.22</td></tr><tr><td style='padding:3px 6px; font-weight:bold; background-color:#f2f2f2;'>ตันรวม</td><td style='padding:3px 6px;'>65.76</td></tr><tr><td style='padding:3px 6px; font-weight:bold; background-color:#f2f2f2;'>รหัสแปลง</td><td style='padding:3px 6px;'>321017051569</td></tr><tr><td style='padding:3px 6px; font-weight:bold; background-color:#f2f2f2;'>กลุ่ม</td><td style='padding:3px 6px;'>กลุ่ม_71</td></tr></table></div>]]></description>
      <styleUrl>#plotStyle</styleUrl>
      <MultiGeometry><Polygon><outerBoundaryIs><LinearRing><coordinates>103.8490727,14.5025056,0 103.8490648,14.5025948,0 103.8491429,14.5025812,0 103.8502053,14.5025411,0 103.8501974,14.5025837,0 103.8491583,14.5026143,0 103.8490541,14.5035525,0 103.8502070,14.5034933,0 103.8501998,14.5032474,0 103.8502019,14.5030392,0 103.8502107,14.5026409,0 103.8502062,14.5024730,0 103.8490727,14.5025056,0</coordinates></LinearRing></outerBoundaryIs></Polygon></MultiGeometry>
    </Placemark>
    <Placemark>
      <name>321011011551</name>
      <description><![CDATA[<div style='font-family:Tahoma,sans-serif; font-size:13px;'><h3 style='color:#1565C0; margin:4px 0;'>รหัสแปลง: 321011011551</h3><p style='margin:2px 0;'><b>กลุ่มคิว:</b> 71_001</p><table border='1' style='border-collapse:collapse; border-color:#ccc; width:100%;'><tr><td style='padding:3px 6px; font-weight:bold; background-color:#f2f2f2;'>รหัสกลุ่มคิว</td><td style='padding:3px 6px;'>71/001</td></tr><tr><td style='padding:3px 6px; font-weight:bold; background-color:#f2f2f2;'>รหัสรับเหมา</td><td style='padding:3px 6px;'>733638</td></tr><tr><td style='padding:3px 6px; font-weight:bold; background-color:#f2f2f2;'>ชื่อ-สกุล รับเหมา</td><td style='padding:3px 6px;'>นาย สิทธิชัย ธรรมสุข</td></tr><tr><td style='padding:3px 6px; font-weight:bold; background-color:#f2f2f2;'>นักเกษตร</td><td style='padding:3px 6px;'>7104</td></tr><tr><td style='padding:3px 6px; font-weight:bold; background-color:#f2f2f2;'>ศูนย์</td><td style='padding:3px 6px;'>K2-71</td></tr><tr><td style='padding:3px 6px; font-weight:bold; background-color:#f2f2f2;'>โควตา</td><td style='padding:3px 6px;'>733977</td></tr><tr><td style='padding:3px 6px; font-weight:bold; background-color:#f2f2f2;'>ชาวไร่</td><td style='padding:3px 6px;'>นาย เพ็ญ นามม่วง</td></tr><tr><td style='padding:3px 6px; font-weight:bold; background-color:#f2f2f2;'>ประเภทอ้อย</td><td style='padding:3px 6px;'>ตอ2</td></tr><tr><td style='padding:3px 6px; font-weight:bold; background-color:#f2f2f2;'>พื้นที่</td><td style='padding:3px 6px;'>7.2</td></tr><tr><td style='padding:3px 6px; font-weight:bold; background-color:#f2f2f2;'>ตันรวม</td><td style='padding:3px 6px;'>57.6</td></tr><tr><td style='padding:3px 6px; font-weight:bold; background-color:#f2f2f2;'>รหัสแปลง</td><td style='padding:3px 6px;'>321011011551</td></tr><tr><td style='padding:3px 6px; font-weight:bold; background-color:#f2f2f2;'>กลุ่ม</td><td style='padding:3px 6px;'>กลุ่ม_71</td></tr></table></div>]]></description>
      <styleUrl>#plotStyle</styleUrl>
      <MultiGeometry><Polygon><outerBoundaryIs><LinearRing><coordinates>103.8084845,14.4888677,0 103.8096965,14.4890271,0 103.8097805,14.4883618,0 103.8086188,14.4879680,0 103.8084817,14.4888712,0 103.8084845,14.4888677,0</coordinates></LinearRing></outerBoundaryIs></Polygon></MultiGeometry>
    </Placemark>
    <Placemark>
      <name>321017071661</name>
      <description><![CDATA[<div style='font-family:Tahoma,sans-serif; font-size:13px;'><h3 style='color:#1565C0; margin:4px 0;'>รหัสแปลง: 321017071661</h3><p style='margin:2px 0;'><b>กลุ่มคิว:</b> 71_001</p><table border='1' style='border-collapse:collapse; border-color:#ccc; width:100%;'><tr><td style='padding:3px 6px; font-weight:bold; background-color:#f2f2f2;'>รหัสกลุ่มคิว</td><td style='padding:3px 6px;'>71/001</td></tr><tr><td style='padding:3px 6px; font-weight:bold; background-color:#f2f2f2;'>รหัสรับเหมา</td><td style='padding:3px 6px;'>733638</td></tr><tr><td style='padding:3px 6px; font-weight:bold; background-color:#f2f2f2;'>ชื่อ-สกุล รับเหมา</td><td style='padding:3px 6px;'>นาย สิทธิชัย ธรรมสุข</td></tr><tr><td style='padding:3px 6px; font-weight:bold; background-color:#f2f2f2;'>นักเกษตร</td><td style='padding:3px 6px;'>7104</td></tr><tr><td style='padding:3px 6px; font-weight:bold; background-color:#f2f2f2;'>ศูนย์</td><td style='padding:3px 6px;'>K2-71</td></tr><tr><td style='padding:3px 6px; font-weight:bold; background-color:#f2f2f2;'>โควตา</td><td style='padding:3px 6px;'>733560</td></tr><tr><td style='padding:3px 6px; font-weight:bold; background-color:#f2f2f2;'>ชาวไร่</td><td style='padding:3px 6px;'>นาย ทิม สมสุข</td></tr><tr><td style='padding:3px 6px; font-weight:bold; background-color:#f2f2f2;'>ประเภทอ้อย</td><td style='padding:3px 6px;'>ตอ2</td></tr><tr><td style='padding:3px 6px; font-weight:bold; background-color:#f2f2f2;'>พื้นที่</td><td style='padding:3px 6px;'>1.21</td></tr><tr><td style='padding:3px 6px; font-weight:bold; background-color:#f2f2f2;'>ตันรวม</td><td style='padding:3px 6px;'>9.68</td></tr><tr><td style='padding:3px 6px; font-weight:bold; background-color:#f2f2f2;'>รหัสแปลง</td><td style='padding:3px 6px;'>321017071661</td></tr><tr><td style='padding:3px 6px; font-weight:bold; background-color:#f2f2f2;'>กลุ่ม</td><td style='padding:3px 6px;'>กลุ่ม_71</td></tr></table></div>]]></description>
      <styleUrl>#plotStyle</styleUrl>
      <MultiGeometry><Polygon><outerBoundaryIs><LinearRing><coordinates>103.8894367,14.5037700,0 103.8890967,14.5038100,0 103.8891267,14.5039917,0 103.8892783,14.5041200,0 103.8893383,14.5042917,0 103.8893483,14.5045200,0 103.8894950,14.5045283,0 103.8894367,14.5037700,0</coordinates></LinearRing></outerBoundaryIs></Polygon></MultiGeometry>
    </Placemark>
    <Placemark>
      <name>321017071663</name>
      <description><![CDATA[<div style='font-family:Tahoma,sans-serif; font-size:13px;'><h3 style='color:#1565C0; margin:4px 0;'>รหัสแปลง: 321017071663</h3><p style='margin:2px 0;'><b>กลุ่มคิว:</b> 71_001</p><table border='1' style='border-collapse:collapse; border-color:#ccc; width:100%;'><tr><td style='padding:3px 6px; font-weight:bold; background-color:#f2f2f2;'>รหัสกลุ่มคิว</td><td style='padding:3px 6px;'>71/001</td></tr><tr><td style='padding:3px 6px; font-weight:bold; background-color:#f2f2f2;'>รหัสรับเหมา</td><td style='padding:3px 6px;'>733638</td></tr><tr><td style='padding:3px 6px; font-weight:bold; background-color:#f2f2f2;'>ชื่อ-สกุล รับเหมา</td><td style='padding:3px 6px;'>นาย สิทธิชัย ธรรมสุข</td></tr><tr><td style='padding:3px 6px; font-weight:bold; background-color:#f2f2f2;'>นักเกษตร</td><td style='padding:3px 6px;'>7104</td></tr><tr><td style='padding:3px 6px; font-weight:bold; background-color:#f2f2f2;'>ศูนย์</td><td style='padding:3px 6px;'>K2-71</td></tr><tr><td style='padding:3px 6px; font-weight:bold; background-color:#f2f2f2;'>โควตา</td><td style='padding:3px 6px;'>733979</td></tr><tr><td style='padding:3px 6px; font-weight:bold; background-color:#f2f2f2;'>ชาวไร่</td><td style='padding:3px 6px;'>นาย อำพล ยิ่งดี</td></tr><tr><td style='padding:3px 6px; font-weight:bold; background-color:#f2f2f2;'>ประเภทอ้อย</td><td style='padding:3px 6px;'>ตอ2</td></tr><tr><td style='padding:3px 6px; font-weight:bold; background-color:#f2f2f2;'>พื้นที่</td><td style='padding:3px 6px;'>2.66</td></tr><tr><td style='padding:3px 6px; font-weight:bold; background-color:#f2f2f2;'>ตันรวม</td><td style='padding:3px 6px;'>21.28</td></tr><tr><td style='padding:3px 6px; font-weight:bold; background-color:#f2f2f2;'>รหัสแปลง</td><td style='padding:3px 6px;'>321017071663</td></tr><tr><td style='padding:3px 6px; font-weight:bold; background-color:#f2f2f2;'>กลุ่ม</td><td style='padding:3px 6px;'>กลุ่ม_71</td></tr></table></div>]]></description>
      <styleUrl>#plotStyle</styleUrl>
      <MultiGeometry><Polygon><outerBoundaryIs><LinearRing><coordinates>103.8738670,14.5206975,0 103.8741424,14.5207894,0 103.8740655,14.5193201,0 103.8737800,14.5193317,0 103.8738250,14.5202283,0 103.8740200,14.5202883,0 103.8740200,14.5205133,0 103.8738567,14.5205267,0 103.8738670,14.5206975,0</coordinates></LinearRing></outerBoundaryIs></Polygon></MultiGeometry>
    </Placemark>
    <Placemark>
      <name>321017071665</name>
      <description><![CDATA[<div style='font-family:Tahoma,sans-serif; font-size:13px;'><h3 style='color:#1565C0; margin:4px 0;'>รหัสแปลง: 321017071665</h3><p style='margin:2px 0;'><b>กลุ่มคิว:</b> 71_001</p><table border='1' style='border-collapse:collapse; border-color:#ccc; width:100%;'><tr><td style='padding:3px 6px; font-weight:bold; background-color:#f2f2f2;'>รหัสกลุ่มคิว</td><td style='padding:3px 6px;'>71/001</td></tr><tr><td style='padding:3px 6px; font-weight:bold; background-color:#f2f2f2;'>รหัสรับเหมา</td><td style='padding:3px 6px;'>733638</td></tr><tr><td style='padding:3px 6px; font-weight:bold; background-color:#f2f2f2;'>ชื่อ-สกุล รับเหมา</td><td style='padding:3px 6px;'>นาย สิทธิชัย ธรรมสุข</td></tr><tr><td style='padding:3px 6px; font-weight:bold; background-color:#f2f2f2;'>นักเกษตร</td><td style='padding:3px 6px;'>7104</td></tr><tr><td style='padding:3px 6px; font-weight:bold; background-color:#f2f2f2;'>ศูนย์</td><td style='padding:3px 6px;'>K2-71</td></tr><tr><td style='padding:3px 6px; font-weight:bold; background-color:#f2f2f2;'>โควตา</td><td style='padding:3px 6px;'>733745</td></tr><tr><td style='padding:3px 6px; font-weight:bold; background-color:#f2f2f2;'>ชาวไร่</td><td style='padding:3px 6px;'>นาง อำไพ สุขล้วน</td></tr><tr><td style='padding:3px 6px; font-weight:bold; background-color:#f2f2f2;'>ประเภทอ้อย</td><td style='padding:3px 6px;'>ตอ2</td></tr><tr><td style='padding:3px 6px; font-weight:bold; background-color:#f2f2f2;'>พื้นที่</td><td style='padding:3px 6px;'>2.73</td></tr><tr><td style='padding:3px 6px; font-weight:bold; background-color:#f2f2f2;'>ตันรวม</td><td style='padding:3px 6px;'>21.84</td></tr><tr><td style='padding:3px 6px; font-weight:bold; background-color:#f2f2f2;'>รหัสแปลง</td><td style='padding:3px 6px;'>321017071665</td></tr><tr><td style='padding:3px 6px; font-weight:bold; background-color:#f2f2f2;'>กลุ่ม</td><td style='padding:3px 6px;'>กลุ่ม_71</td></tr></table></div>]]></description>
      <styleUrl>#plotStyle</styleUrl>
      <MultiGeometry><Polygon><outerBoundaryIs><LinearRing><coordinates>103.8739033,14.5220333,0 103.8741300,14.5220200,0 103.8742067,14.5220950,0 103.8745633,14.5220500,0 103.8750367,14.5220583,0 103.8752850,14.5219667,0 103.8752917,14.5218650,0 103.8751867,14.5218450,0 103.8751050,14.5218233,0 103.8749717,14.5218033,0 103.8739433,14.5217283,0 103.8739033,14.5220333,0</coordinates></LinearRing></outerBoundaryIs></Polygon></MultiGeometry>
    </Placemark>
    <Placemark>
      <name>321017061671</name>
      <description><![CDATA[<div style='font-family:Tahoma,sans-serif; font-size:13px;'><h3 style='color:#1565C0; margin:4px 0;'>รหัสแปลง: 321017061671</h3><p style='margin:2px 0;'><b>กลุ่มคิว:</b> 71_001</p><table border='1' style='border-collapse:collapse; border-color:#ccc; width:100%;'><tr><td style='padding:3px 6px; font-weight:bold; background-color:#f2f2f2;'>รหัสกลุ่มคิว</td><td style='padding:3px 6px;'>71/001</td></tr><tr><td style='padding:3px 6px; font-weight:bold; background-color:#f2f2f2;'>รหัสรับเหมา</td><td style='padding:3px 6px;'>733638</td></tr><tr><td style='padding:3px 6px; font-weight:bold; background-color:#f2f2f2;'>ชื่อ-สกุล รับเหมา</td><td style='padding:3px 6px;'>นาย สิทธิชัย ธรรมสุข</td></tr><tr><td style='padding:3px 6px; font-weight:bold; background-color:#f2f2f2;'>นักเกษตร</td><td style='padding:3px 6px;'>7104</td></tr><tr><td style='padding:3px 6px; font-weight:bold; background-color:#f2f2f2;'>ศูนย์</td><td style='padding:3px 6px;'>K2-71</td></tr><tr><td style='padding:3px 6px; font-weight:bold; background-color:#f2f2f2;'>โควตา</td><td style='padding:3px 6px;'>770022</td></tr><tr><td style='padding:3px 6px; font-weight:bold; background-color:#f2f2f2;'>ชาวไร่</td><td style='padding:3px 6px;'>นาง เตียน ยอดทอง</td></tr><tr><td style='padding:3px 6px; font-weight:bold; background-color:#f2f2f2;'>ประเภทอ้อย</td><td style='padding:3px 6px;'>ตอ2</td></tr><tr><td style='padding:3px 6px; font-weight:bold; background-color:#f2f2f2;'>พื้นที่</td><td style='padding:3px 6px;'>1.42</td></tr><tr><td style='padding:3px 6px; font-weight:bold; background-color:#f2f2f2;'>ตันรวม</td><td style='padding:3px 6px;'>11.36</td></tr><tr><td style='padding:3px 6px; font-weight:bold; background-color:#f2f2f2;'>รหัสแปลง</td><td style='padding:3px 6px;'>321017061671</td></tr><tr><td style='padding:3px 6px; font-weight:bold; background-color:#f2f2f2;'>กลุ่ม</td><td style='padding:3px 6px;'>กลุ่ม_71</td></tr></table></div>]]></description>
      <styleUrl>#plotStyle</styleUrl>
      <MultiGeometry><Polygon><outerBoundaryIs><LinearRing><coordinates>103.8900507,14.4834242,0 103.8893750,14.4838125,0 103.8900063,14.4840109,0 103.8900507,14.4834242,0</coordinates></LinearRing></outerBoundaryIs></Polygon></MultiGeometry>
    </Placemark>
    <Placemark>
      <name>321017051570</name>
      <description><![CDATA[<div style='font-family:Tahoma,sans-serif; font-size:13px;'><h3 style='color:#1565C0; margin:4px 0;'>รหัสแปลง: 321017051570</h3><p style='margin:2px 0;'><b>กลุ่มคิว:</b> 71_001</p><table border='1' style='border-collapse:collapse; border-color:#ccc; width:100%;'><tr><td style='padding:3px 6px; font-weight:bold; background-color:#f2f2f2;'>รหัสกลุ่มคิว</td><td style='padding:3px 6px;'>71/001</td></tr><tr><td style='padding:3px 6px; font-weight:bold; background-color:#f2f2f2;'>รหัสรับเหมา</td><td style='padding:3px 6px;'>733638</td></tr><tr><td style='padding:3px 6px; font-weight:bold; background-color:#f2f2f2;'>ชื่อ-สกุล รับเหมา</td><td style='padding:3px 6px;'>นาย สิทธิชัย ธรรมสุข</td></tr><tr><td style='padding:3px 6px; font-weight:bold; background-color:#f2f2f2;'>นักเกษตร</td><td style='padding:3px 6px;'>7104</td></tr><tr><td style='padding:3px 6px; font-weight:bold; background-color:#f2f2f2;'>ศูนย์</td><td style='padding:3px 6px;'>K2-71</td></tr><tr><td style='padding:3px 6px; font-weight:bold; background-color:#f2f2f2;'>โควตา</td><td style='padding:3px 6px;'>733426</td></tr><tr><td style='padding:3px 6px; font-weight:bold; background-color:#f2f2f2;'>ชาวไร่</td><td style='padding:3px 6px;'>นาย ภูมินทร์ ศิริพงษ์พิทักษ์</td></tr><tr><td style='padding:3px 6px; font-weight:bold; background-color:#f2f2f2;'>ประเภทอ้อย</td><td style='padding:3px 6px;'>ตอ2</td></tr><tr><td style='padding:3px 6px; font-weight:bold; background-color:#f2f2f2;'>พื้นที่</td><td style='padding:3px 6px;'>1.84</td></tr><tr><td style='padding:3px 6px; font-weight:bold; background-color:#f2f2f2;'>ตันรวม</td><td style='padding:3px 6px;'>14.72</td></tr><tr><td style='padding:3px 6px; font-weight:bold; background-color:#f2f2f2;'>รหัสแปลง</td><td style='padding:3px 6px;'>321017051570</td></tr><tr><td style='padding:3px 6px; font-weight:bold; background-color:#f2f2f2;'>กลุ่ม</td><td style='padding:3px 6px;'>กลุ่ม_71</td></tr></table></div>]]></description>
      <styleUrl>#plotStyle</styleUrl>
      <MultiGeometry><Polygon><outerBoundaryIs><LinearRing><coordinates>103.8501900,14.5034333,0 103.8504783,14.5034383,0 103.8504650,14.5025400,0 103.8502000,14.5025583,0 103.8501900,14.5034333,0</coordinates></LinearRing></outerBoundaryIs></Polygon></MultiGeometry>
    </Placemark>
    <Placemark>
      <name>321017121570</name>
      <description><![CDATA[<div style='font-family:Tahoma,sans-serif; font-size:13px;'><h3 style='color:#1565C0; margin:4px 0;'>รหัสแปลง: 321017121570</h3><p style='margin:2px 0;'><b>กลุ่มคิว:</b> 71_001</p><table border='1' style='border-collapse:collapse; border-color:#ccc; width:100%;'><tr><td style='padding:3px 6px; font-weight:bold; background-color:#f2f2f2;'>รหัสกลุ่มคิว</td><td style='padding:3px 6px;'>71/001</td></tr><tr><td style='padding:3px 6px; font-weight:bold; background-color:#f2f2f2;'>รหัสรับเหมา</td><td style='padding:3px 6px;'>733638</td></tr><tr><td style='padding:3px 6px; font-weight:bold; background-color:#f2f2f2;'>ชื่อ-สกุล รับเหมา</td><td style='padding:3px 6px;'>นาย สิทธิชัย ธรรมสุข</td></tr><tr><td style='padding:3px 6px; font-weight:bold; background-color:#f2f2f2;'>นักเกษตร</td><td style='padding:3px 6px;'>7104</td></tr><tr><td style='padding:3px 6px; font-weight:bold; background-color:#f2f2f2;'>ศูนย์</td><td style='padding:3px 6px;'>K2-71</td></tr><tr><td style='padding:3px 6px; font-weight:bold; background-color:#f2f2f2;'>โควตา</td><td style='padding:3px 6px;'>730045</td></tr><tr><td style='padding:3px 6px; font-weight:bold; background-color:#f2f2f2;'>ชาวไร่</td><td style='padding:3px 6px;'>จ.ส.ต. ถาวร สุบิน</td></tr><tr><td style='padding:3px 6px; font-weight:bold; background-color:#f2f2f2;'>ประเภทอ้อย</td><td style='padding:3px 6px;'>ตอ2</td></tr><tr><td style='padding:3px 6px; font-weight:bold; background-color:#f2f2f2;'>พื้นที่</td><td style='padding:3px 6px;'>1.89</td></tr><tr><td style='padding:3px 6px; font-weight:bold; background-color:#f2f2f2;'>ตันรวม</td><td style='padding:3px 6px;'>15.12</td></tr><tr><td style='padding:3px 6px; font-weight:bold; background-color:#f2f2f2;'>รหัสแปลง</td><td style='padding:3px 6px;'>321017121570</td></tr><tr><td style='padding:3px 6px; font-weight:bold; background-color:#f2f2f2;'>กลุ่ม</td><td style='padding:3px 6px;'>กลุ่ม_71</td></tr></table></div>]]></description>
      <styleUrl>#plotStyle</styleUrl>
      <MultiGeometry><Polygon><outerBoundaryIs><LinearRing><coordinates>103.8224317,14.4790950,0 103.8233683,14.4793150,0 103.8233700,14.4790400,0 103.8225317,14.4788283,0 103.8224317,14.4790950,0</coordinates></LinearRing></outerBoundaryIs></Polygon></MultiGeometry>
    </Placemark>
    <Placemark>
      <name>321017071667</name>
      <description><![CDATA[<div style='font-family:Tahoma,sans-serif; font-size:13px;'><h3 style='color:#1565C0; margin:4px 0;'>รหัสแปลง: 321017071667</h3><p style='margin:2px 0;'><b>กลุ่มคิว:</b> 71_001</p><table border='1' style='border-collapse:collapse; border-color:#ccc; width:100%;'><tr><td style='padding:3px 6px; font-weight:bold; background-color:#f2f2f2;'>รหัสกลุ่มคิว</td><td style='padding:3px 6px;'>71/001</td></tr><tr><td style='padding:3px 6px; font-weight:bold; background-color:#f2f2f2;'>รหัสรับเหมา</td><td style='padding:3px 6px;'>733638</td></tr><tr><td style='padding:3px 6px; font-weight:bold; background-color:#f2f2f2;'>ชื่อ-สกุล รับเหมา</td><td style='padding:3px 6px;'>นาย สิทธิชัย ธรรมสุข</td></tr><tr><td style='padding:3px 6px; font-weight:bold; background-color:#f2f2f2;'>นักเกษตร</td><td style='padding:3px 6px;'>7104</td></tr><tr><td style='padding:3px 6px; font-weight:bold; background-color:#f2f2f2;'>ศูนย์</td><td style='padding:3px 6px;'>K2-71</td></tr><tr><td style='padding:3px 6px; font-weight:bold; background-color:#f2f2f2;'>โควตา</td><td style='padding:3px 6px;'>733377</td></tr><tr><td style='padding:3px 6px; font-weight:bold; background-color:#f2f2f2;'>ชาวไร่</td><td style='padding:3px 6px;'>นาย เฉลิมชัย สีดาหอม</td></tr><tr><td style='padding:3px 6px; font-weight:bold; background-color:#f2f2f2;'>ประเภทอ้อย</td><td style='padding:3px 6px;'>ตอ2</td></tr><tr><td style='padding:3px 6px; font-weight:bold; background-color:#f2f2f2;'>พื้นที่</td><td style='padding:3px 6px;'>1.93</td></tr><tr><td style='padding:3px 6px; font-weight:bold; background-color:#f2f2f2;'>ตันรวม</td><td style='padding:3px 6px;'>15.44</td></tr><tr><td style='padding:3px 6px; font-weight:bold; background-color:#f2f2f2;'>รหัสแปลง</td><td style='padding:3px 6px;'>321017071667</td></tr><tr><td style='padding:3px 6px; font-weight:bold; background-color:#f2f2f2;'>กลุ่ม</td><td style='padding:3px 6px;'>กลุ่ม_71</td></tr></table></div>]]></description>
      <styleUrl>#plotStyle</styleUrl>
      <MultiGeometry><Polygon><outerBoundaryIs><LinearRing><coordinates>103.8788950,14.5064217,0 103.8794178,14.5063795,0 103.8794329,14.5058865,0 103.8789117,14.5059250,0 103.8788950,14.5064217,0</coordinates></LinearRing></outerBoundaryIs></Polygon></MultiGeometry>
    </Placemark>
    <Placemark>
      <name>321017071668</name>
      <description><![CDATA[<div style='font-family:Tahoma,sans-serif; font-size:13px;'><h3 style='color:#1565C0; margin:4px 0;'>รหัสแปลง: 321017071668</h3><p style='margin:2px 0;'><b>กลุ่มคิว:</b> 71_001</p><table border='1' style='border-collapse:collapse; border-color:#ccc; width:100%;'><tr><td style='padding:3px 6px; font-weight:bold; background-color:#f2f2f2;'>รหัสกลุ่มคิว</td><td style='padding:3px 6px;'>71/001</td></tr><tr><td style='padding:3px 6px; font-weight:bold; background-color:#f2f2f2;'>รหัสรับเหมา</td><td style='padding:3px 6px;'>733638</td></tr><tr><td style='padding:3px 6px; font-weight:bold; background-color:#f2f2f2;'>ชื่อ-สกุล รับเหมา</td><td style='padding:3px 6px;'>นาย สิทธิชัย ธรรมสุข</td></tr><tr><td style='padding:3px 6px; font-weight:bold; background-color:#f2f2f2;'>นักเกษตร</td><td style='padding:3px 6px;'>7104</td></tr><tr><td style='padding:3px 6px; font-weight:bold; background-color:#f2f2f2;'>ศูนย์</td><td style='padding:3px 6px;'>K2-71</td></tr><tr><td style='padding:3px 6px; font-weight:bold; background-color:#f2f2f2;'>โควตา</td><td style='padding:3px 6px;'>733378</td></tr><tr><td style='padding:3px 6px; font-weight:bold; background-color:#f2f2f2;'>ชาวไร่</td><td style='padding:3px 6px;'>นาย ชาญชัย จารัตน์</td></tr><tr><td style='padding:3px 6px; font-weight:bold; background-color:#f2f2f2;'>ประเภทอ้อย</td><td style='padding:3px 6px;'>ตอ1</td></tr><tr><td style='padding:3px 6px; font-weight:bold; background-color:#f2f2f2;'>พื้นที่</td><td style='padding:3px 6px;'>6.84</td></tr><tr><td style='padding:3px 6px; font-weight:bold; background-color:#f2f2f2;'>ตันรวม</td><td style='padding:3px 6px;'>61.56</td></tr><tr><td style='padding:3px 6px; font-weight:bold; background-color:#f2f2f2;'>รหัสแปลง</td><td style='padding:3px 6px;'>321017071668</td></tr><tr><td style='padding:3px 6px; font-weight:bold; background-color:#f2f2f2;'>กลุ่ม</td><td style='padding:3px 6px;'>กลุ่ม_71</td></tr></table></div>]]></description>
      <styleUrl>#plotStyle</styleUrl>
      <MultiGeometry><Polygon><outerBoundaryIs><LinearRing><coordinates>103.8670133,14.5246867,0 103.8671017,14.5254583,0 103.8683150,14.5252450,0 103.8682767,14.5245617,0 103.8670133,14.5246867,0</coordinates></LinearRing></outerBoundaryIs></Polygon></MultiGeometry>
    </Placemark>
    <Placemark>
      <name>321017071669</name>
      <description><![CDATA[<div style='font-family:Tahoma,sans-serif; font-size:13px;'><h3 style='color:#1565C0; margin:4px 0;'>รหัสแปลง: 321017071669</h3><p style='margin:2px 0;'><b>กลุ่มคิว:</b> 71_001</p><table border='1' style='border-collapse:collapse; border-color:#ccc; width:100%;'><tr><td style='padding:3px 6px; font-weight:bold; background-color:#f2f2f2;'>รหัสกลุ่มคิว</td><td style='padding:3px 6px;'>71/001</td></tr><tr><td style='padding:3px 6px; font-weight:bold; background-color:#f2f2f2;'>รหัสรับเหมา</td><td style='padding:3px 6px;'>733638</td></tr><tr><td style='padding:3px 6px; font-weight:bold; background-color:#f2f2f2;'>ชื่อ-สกุล รับเหมา</td><td style='padding:3px 6px;'>นาย สิทธิชัย ธรรมสุข</td></tr><tr><td style='padding:3px 6px; font-weight:bold; background-color:#f2f2f2;'>นักเกษตร</td><td style='padding:3px 6px;'>7104</td></tr><tr><td style='padding:3px 6px; font-weight:bold; background-color:#f2f2f2;'>ศูนย์</td><td style='padding:3px 6px;'>K2-71</td></tr><tr><td style='padding:3px 6px; font-weight:bold; background-color:#f2f2f2;'>โควตา</td><td style='padding:3px 6px;'>733799</td></tr><tr><td style='padding:3px 6px; font-weight:bold; background-color:#f2f2f2;'>ชาวไร่</td><td style='padding:3px 6px;'>นาย นรินทร์ เนียมงาม</td></tr><tr><td style='padding:3px 6px; font-weight:bold; background-color:#f2f2f2;'>ประเภทอ้อย</td><td style='padding:3px 6px;'>ตอ1</td></tr><tr><td style='padding:3px 6px; font-weight:bold; background-color:#f2f2f2;'>พื้นที่</td><td style='padding:3px 6px;'>10.98</td></tr><tr><td style='padding:3px 6px; font-weight:bold; background-color:#f2f2f2;'>ตันรวม</td><td style='padding:3px 6px;'>98.82</td></tr><tr><td style='padding:3px 6px; font-weight:bold; background-color:#f2f2f2;'>รหัสแปลง</td><td style='padding:3px 6px;'>321017071669</td></tr><tr><td style='padding:3px 6px; font-weight:bold; background-color:#f2f2f2;'>กลุ่ม</td><td style='padding:3px 6px;'>กลุ่ม_71</td></tr></table></div>]]></description>
      <styleUrl>#plotStyle</styleUrl>
      <MultiGeometry><Polygon><outerBoundaryIs><LinearRing><coordinates>103.8586617,14.5081600,0 103.8586333,14.5074200,0 103.8579967,14.5074983,0 103.8575350,14.5075483,0 103.8572733,14.5075817,0 103.8570483,14.5076067,0 103.8568617,14.5076283,0 103.8563550,14.5077150,0 103.8563100,14.5077333,0 103.8564367,14.5078100,0 103.8564650,14.5078367,0 103.8564417,14.5079400,0 103.8564400,14.5080633,0 103.8563950,14.5082133,0 103.8563233,14.5082750,0 103.8565183,14.5083000,0 103.8566067,14.5082800,0 103.8567900,14.5082750,0 103.8569583,14.5082567,0 103.8571100,14.5082700,0 103.8572717,14.5082533,0 103.8573767,14.5082050,0 103.8575083,14.5081967,0 103.8575767,14.5082167,0 103.8576283,14.5082067,0 103.8577267,14.5081617,0 103.8578283,14.5081533,0 103.8579217,14.5081450,0 103.8580717,14.5081700,0 103.8581467,14.5081550,0 103.8583317,14.5081517,0 103.8584417,14.5081200,0 103.8586617,14.5081600,0</coordinates></LinearRing></outerBoundaryIs></Polygon></MultiGeometry>
    </Placemark>
    <Placemark>
      <name>321017121573</name>
      <description><![CDATA[<div style='font-family:Tahoma,sans-serif; font-size:13px;'><h3 style='color:#1565C0; margin:4px 0;'>รหัสแปลง: 321017121573</h3><p style='margin:2px 0;'><b>กลุ่มคิว:</b> 71_001</p><table border='1' style='border-collapse:collapse; border-color:#ccc; width:100%;'><tr><td style='padding:3px 6px; font-weight:bold; background-color:#f2f2f2;'>รหัสกลุ่มคิว</td><td style='padding:3px 6px;'>71/001</td></tr><tr><td style='padding:3px 6px; font-weight:bold; background-color:#f2f2f2;'>รหัสรับเหมา</td><td style='padding:3px 6px;'>733638</td></tr><tr><td style='padding:3px 6px; font-weight:bold; background-color:#f2f2f2;'>ชื่อ-สกุล รับเหมา</td><td style='padding:3px 6px;'>นาย สิทธิชัย ธรรมสุข</td></tr><tr><td style='padding:3px 6px; font-weight:bold; background-color:#f2f2f2;'>นักเกษตร</td><td style='padding:3px 6px;'>7104</td></tr><tr><td style='padding:3px 6px; font-weight:bold; background-color:#f2f2f2;'>ศูนย์</td><td style='padding:3px 6px;'>K2-71</td></tr><tr><td style='padding:3px 6px; font-weight:bold; background-color:#f2f2f2;'>โควตา</td><td style='padding:3px 6px;'>733199</td></tr><tr><td style='padding:3px 6px; font-weight:bold; background-color:#f2f2f2;'>ชาวไร่</td><td style='padding:3px 6px;'>นาย ชิติสรรค์ สุขสาม</td></tr><tr><td style='padding:3px 6px; font-weight:bold; background-color:#f2f2f2;'>ประเภทอ้อย</td><td style='padding:3px 6px;'>ตอ1</td></tr><tr><td style='padding:3px 6px; font-weight:bold; background-color:#f2f2f2;'>พื้นที่</td><td style='padding:3px 6px;'>3.26</td></tr><tr><td style='padding:3px 6px; font-weight:bold; background-color:#f2f2f2;'>ตันรวม</td><td style='padding:3px 6px;'>29.34</td></tr><tr><td style='padding:3px 6px; font-weight:bold; background-color:#f2f2f2;'>รหัสแปลง</td><td style='padding:3px 6px;'>321017121573</td></tr><tr><td style='padding:3px 6px; font-weight:bold; background-color:#f2f2f2;'>กลุ่ม</td><td style='padding:3px 6px;'>กลุ่ม_71</td></tr></table></div>]]></description>
      <styleUrl>#plotStyle</styleUrl>
      <MultiGeometry><Polygon><outerBoundaryIs><LinearRing><coordinates>103.8358190,14.4872952,0 103.8360433,14.4881008,0 103.8365045,14.4879980,0 103.8363668,14.4875950,0 103.8362764,14.4872212,0 103.8361305,14.4872394,0 103.8360852,14.4870686,0 103.8360372,14.4870005,0 103.8359603,14.4869520,0 103.8358658,14.4869968,0 103.8359203,14.4872557,0 103.8358190,14.4872952,0</coordinates></LinearRing></outerBoundaryIs></Polygon></MultiGeometry>
    </Placemark>
    <Placemark>
      <name>321017121574</name>
      <description><![CDATA[<div style='font-family:Tahoma,sans-serif; font-size:13px;'><h3 style='color:#1565C0; margin:4px 0;'>รหัสแปลง: 321017121574</h3><p style='margin:2px 0;'><b>กลุ่มคิว:</b> 71_001</p><table border='1' style='border-collapse:collapse; border-color:#ccc; width:100%;'><tr><td style='padding:3px 6px; font-weight:bold; background-color:#f2f2f2;'>รหัสกลุ่มคิว</td><td style='padding:3px 6px;'>71/001</td></tr><tr><td style='padding:3px 6px; font-weight:bold; background-color:#f2f2f2;'>รหัสรับเหมา</td><td style='padding:3px 6px;'>733638</td></tr><tr><td style='padding:3px 6px; font-weight:bold; background-color:#f2f2f2;'>ชื่อ-สกุล รับเหมา</td><td style='padding:3px 6px;'>นาย สิทธิชัย ธรรมสุข</td></tr><tr><td style='padding:3px 6px; font-weight:bold; background-color:#f2f2f2;'>นักเกษตร</td><td style='padding:3px 6px;'>7104</td></tr><tr><td style='padding:3px 6px; font-weight:bold; background-color:#f2f2f2;'>ศูนย์</td><td style='padding:3px 6px;'>K2-71</td></tr><tr><td style='padding:3px 6px; font-weight:bold; background-color:#f2f2f2;'>โควตา</td><td style='padding:3px 6px;'>733388</td></tr><tr><td style='padding:3px 6px; font-weight:bold; background-color:#f2f2f2;'>ชาวไร่</td><td style='padding:3px 6px;'>นาย เลิศศักดิ์ ยอดทอง</td></tr><tr><td style='padding:3px 6px; font-weight:bold; background-color:#f2f2f2;'>ประเภทอ้อย</td><td style='padding:3px 6px;'>ตอ1</td></tr><tr><td style='padding:3px 6px; font-weight:bold; background-color:#f2f2f2;'>พื้นที่</td><td style='padding:3px 6px;'>6.95</td></tr><tr><td style='padding:3px 6px; font-weight:bold; background-color:#f2f2f2;'>ตันรวม</td><td style='padding:3px 6px;'>62.55</td></tr><tr><td style='padding:3px 6px; font-weight:bold; background-color:#f2f2f2;'>รหัสแปลง</td><td style='padding:3px 6px;'>321017121574</td></tr><tr><td style='padding:3px 6px; font-weight:bold; background-color:#f2f2f2;'>กลุ่ม</td><td style='padding:3px 6px;'>กลุ่ม_71</td></tr></table></div>]]></description>
      <styleUrl>#plotStyle</styleUrl>
      <MultiGeometry><Polygon><outerBoundaryIs><LinearRing><coordinates>103.8272981,14.4805779,0 103.8254164,14.4805088,0 103.8254386,14.4806661,0 103.8267159,14.4813128,0 103.8267899,14.4810457,0 103.8268943,14.4810308,0 103.8269702,14.4810983,0 103.8270292,14.4812046,0 103.8271381,14.4813699,0 103.8271793,14.4813647,0 103.8271355,14.4810878,0 103.8273353,14.4810735,0 103.8272981,14.4805779,0</coordinates></LinearRing></outerBoundaryIs></Polygon></MultiGeometry>
    </Placemark>
    <Placemark>
      <name>321017121575</name>
      <description><![CDATA[<div style='font-family:Tahoma,sans-serif; font-size:13px;'><h3 style='color:#1565C0; margin:4px 0;'>รหัสแปลง: 321017121575</h3><p style='margin:2px 0;'><b>กลุ่มคิว:</b> 71_001</p><table border='1' style='border-collapse:collapse; border-color:#ccc; width:100%;'><tr><td style='padding:3px 6px; font-weight:bold; background-color:#f2f2f2;'>รหัสกลุ่มคิว</td><td style='padding:3px 6px;'>71/001</td></tr><tr><td style='padding:3px 6px; font-weight:bold; background-color:#f2f2f2;'>รหัสรับเหมา</td><td style='padding:3px 6px;'>733638</td></tr><tr><td style='padding:3px 6px; font-weight:bold; background-color:#f2f2f2;'>ชื่อ-สกุล รับเหมา</td><td style='padding:3px 6px;'>นาย สิทธิชัย ธรรมสุข</td></tr><tr><td style='padding:3px 6px; font-weight:bold; background-color:#f2f2f2;'>นักเกษตร</td><td style='padding:3px 6px;'>7104</td></tr><tr><td style='padding:3px 6px; font-weight:bold; background-color:#f2f2f2;'>ศูนย์</td><td style='padding:3px 6px;'>K2-71</td></tr><tr><td style='padding:3px 6px; font-weight:bold; background-color:#f2f2f2;'>โควตา</td><td style='padding:3px 6px;'>733388</td></tr><tr><td style='padding:3px 6px; font-weight:bold; background-color:#f2f2f2;'>ชาวไร่</td><td style='padding:3px 6px;'>นาย เลิศศักดิ์ ยอดทอง</td></tr><tr><td style='padding:3px 6px; font-weight:bold; background-color:#f2f2f2;'>ประเภทอ้อย</td><td style='padding:3px 6px;'>ตอ1</td></tr><tr><td style='padding:3px 6px; font-weight:bold; background-color:#f2f2f2;'>พื้นที่</td><td style='padding:3px 6px;'>6.24</td></tr><tr><td style='padding:3px 6px; font-weight:bold; background-color:#f2f2f2;'>ตันรวม</td><td style='padding:3px 6px;'>56.16</td></tr><tr><td style='padding:3px 6px; font-weight:bold; background-color:#f2f2f2;'>รหัสแปลง</td><td style='padding:3px 6px;'>321017121575</td></tr><tr><td style='padding:3px 6px; font-weight:bold; background-color:#f2f2f2;'>กลุ่ม</td><td style='padding:3px 6px;'>กลุ่ม_71</td></tr></table></div>]]></description>
      <styleUrl>#plotStyle</styleUrl>
      <MultiGeometry><Polygon><outerBoundaryIs><LinearRing><coordinates>103.8249476,14.4798353,0 103.8247395,14.4802307,0 103.8253927,14.4805831,0 103.8252983,14.4801623,0 103.8252379,14.4794692,0 103.8246059,14.4794478,0 103.8247472,14.4789755,0 103.8243276,14.4789541,0 103.8241148,14.4794880,0 103.8244989,14.4797632,0 103.8249476,14.4798353,0</coordinates></LinearRing></outerBoundaryIs></Polygon></MultiGeometry>
    </Placemark>
    <Placemark>
      <name>321017061673</name>
      <description><![CDATA[<div style='font-family:Tahoma,sans-serif; font-size:13px;'><h3 style='color:#1565C0; margin:4px 0;'>รหัสแปลง: 321017061673</h3><p style='margin:2px 0;'><b>กลุ่มคิว:</b> 71_001</p><table border='1' style='border-collapse:collapse; border-color:#ccc; width:100%;'><tr><td style='padding:3px 6px; font-weight:bold; background-color:#f2f2f2;'>รหัสกลุ่มคิว</td><td style='padding:3px 6px;'>71/001</td></tr><tr><td style='padding:3px 6px; font-weight:bold; background-color:#f2f2f2;'>รหัสรับเหมา</td><td style='padding:3px 6px;'>733638</td></tr><tr><td style='padding:3px 6px; font-weight:bold; background-color:#f2f2f2;'>ชื่อ-สกุล รับเหมา</td><td style='padding:3px 6px;'>นาย สิทธิชัย ธรรมสุข</td></tr><tr><td style='padding:3px 6px; font-weight:bold; background-color:#f2f2f2;'>นักเกษตร</td><td style='padding:3px 6px;'>7104</td></tr><tr><td style='padding:3px 6px; font-weight:bold; background-color:#f2f2f2;'>ศูนย์</td><td style='padding:3px 6px;'>K2-71</td></tr><tr><td style='padding:3px 6px; font-weight:bold; background-color:#f2f2f2;'>โควตา</td><td style='padding:3px 6px;'>730173</td></tr><tr><td style='padding:3px 6px; font-weight:bold; background-color:#f2f2f2;'>ชาวไร่</td><td style='padding:3px 6px;'>นาย เป็น มีเหมาะ</td></tr><tr><td style='padding:3px 6px; font-weight:bold; background-color:#f2f2f2;'>ประเภทอ้อย</td><td style='padding:3px 6px;'>ตอ1</td></tr><tr><td style='padding:3px 6px; font-weight:bold; background-color:#f2f2f2;'>พื้นที่</td><td style='padding:3px 6px;'>6.78</td></tr><tr><td style='padding:3px 6px; font-weight:bold; background-color:#f2f2f2;'>ตันรวม</td><td style='padding:3px 6px;'>61.02</td></tr><tr><td style='padding:3px 6px; font-weight:bold; background-color:#f2f2f2;'>รหัสแปลง</td><td style='padding:3px 6px;'>321017061673</td></tr><tr><td style='padding:3px 6px; font-weight:bold; background-color:#f2f2f2;'>กลุ่ม</td><td style='padding:3px 6px;'>กลุ่ม_71</td></tr></table></div>]]></description>
      <styleUrl>#plotStyle</styleUrl>
      <MultiGeometry><Polygon><outerBoundaryIs><LinearRing><coordinates>103.8940350,14.4743167,0 103.8946600,14.4741650,0 103.8951283,14.4739733,0 103.8950167,14.4730133,0 103.8944950,14.4730233,0 103.8940350,14.4743167,0</coordinates></LinearRing></outerBoundaryIs></Polygon></MultiGeometry>
    </Placemark>
    <Placemark>
      <name>321017011655</name>
      <description><![CDATA[<div style='font-family:Tahoma,sans-serif; font-size:13px;'><h3 style='color:#1565C0; margin:4px 0;'>รหัสแปลง: 321017011655</h3><p style='margin:2px 0;'><b>กลุ่มคิว:</b> 71_001</p><table border='1' style='border-collapse:collapse; border-color:#ccc; width:100%;'><tr><td style='padding:3px 6px; font-weight:bold; background-color:#f2f2f2;'>รหัสกลุ่มคิว</td><td style='padding:3px 6px;'>71/001</td></tr><tr><td style='padding:3px 6px; font-weight:bold; background-color:#f2f2f2;'>รหัสรับเหมา</td><td style='padding:3px 6px;'>733638</td></tr><tr><td style='padding:3px 6px; font-weight:bold; background-color:#f2f2f2;'>ชื่อ-สกุล รับเหมา</td><td style='padding:3px 6px;'>นาย สิทธิชัย ธรรมสุข</td></tr><tr><td style='padding:3px 6px; font-weight:bold; background-color:#f2f2f2;'>นักเกษตร</td><td style='padding:3px 6px;'>7104</td></tr><tr><td style='padding:3px 6px; font-weight:bold; background-color:#f2f2f2;'>ศูนย์</td><td style='padding:3px 6px;'>K2-71</td></tr><tr><td style='padding:3px 6px; font-weight:bold; background-color:#f2f2f2;'>โควตา</td><td style='padding:3px 6px;'>774189</td></tr><tr><td style='padding:3px 6px; font-weight:bold; background-color:#f2f2f2;'>ชาวไร่</td><td style='padding:3px 6px;'>นาย จิน ชัยเสนา</td></tr><tr><td style='padding:3px 6px; font-weight:bold; background-color:#f2f2f2;'>ประเภทอ้อย</td><td style='padding:3px 6px;'>ตอ1</td></tr><tr><td style='padding:3px 6px; font-weight:bold; background-color:#f2f2f2;'>พื้นที่</td><td style='padding:3px 6px;'>7.73</td></tr><tr><td style='padding:3px 6px; font-weight:bold; background-color:#f2f2f2;'>ตันรวม</td><td style='padding:3px 6px;'>69.57</td></tr><tr><td style='padding:3px 6px; font-weight:bold; background-color:#f2f2f2;'>รหัสแปลง</td><td style='padding:3px 6px;'>321017011655</td></tr><tr><td style='padding:3px 6px; font-weight:bold; background-color:#f2f2f2;'>กลุ่ม</td><td style='padding:3px 6px;'>กลุ่ม_71</td></tr></table></div>]]></description>
      <styleUrl>#plotStyle</styleUrl>
      <MultiGeometry><Polygon><outerBoundaryIs><LinearRing><coordinates>103.8423100,14.4769767,0 103.8421967,14.4769883,0 103.8421700,14.4769417,0 103.8420783,14.4768733,0 103.8420333,14.4767433,0 103.8419750,14.4767250,0 103.8419517,14.4765983,0 103.8411800,14.4767917,0 103.8411233,14.4768917,0 103.8411167,14.4769633,0 103.8411217,14.4770433,0 103.8411700,14.4771383,0 103.8412550,14.4772017,0 103.8413183,14.4772283,0 103.8413750,14.4772700,0 103.8414383,14.4773000,0 103.8415117,14.4773767,0 103.8415567,14.4774583,0 103.8415633,14.4775083,0 103.8415917,14.4775850,0 103.8416300,14.4776317,0 103.8416867,14.4776833,0 103.8417317,14.4776933,0 103.8418033,14.4776967,0 103.8418283,14.4777133,0 103.8418817,14.4777367,0 103.8420133,14.4777450,0 103.8421517,14.4777417,0 103.8422433,14.4777467,0 103.8424083,14.4777267,0 103.8425683,14.4776883,0 103.8423100,14.4769767,0</coordinates></LinearRing></outerBoundaryIs></Polygon></MultiGeometry>
    </Placemark>
    <Placemark>
      <name>321017071670</name>
      <description><![CDATA[<div style='font-family:Tahoma,sans-serif; font-size:13px;'><h3 style='color:#1565C0; margin:4px 0;'>รหัสแปลง: 321017071670</h3><p style='margin:2px 0;'><b>กลุ่มคิว:</b> 71_001</p><table border='1' style='border-collapse:collapse; border-color:#ccc; width:100%;'><tr><td style='padding:3px 6px; font-weight:bold; background-color:#f2f2f2;'>รหัสกลุ่มคิว</td><td style='padding:3px 6px;'>71/001</td></tr><tr><td style='padding:3px 6px; font-weight:bold; background-color:#f2f2f2;'>รหัสรับเหมา</td><td style='padding:3px 6px;'>733638</td></tr><tr><td style='padding:3px 6px; font-weight:bold; background-color:#f2f2f2;'>ชื่อ-สกุล รับเหมา</td><td style='padding:3px 6px;'>นาย สิทธิชัย ธรรมสุข</td></tr><tr><td style='padding:3px 6px; font-weight:bold; background-color:#f2f2f2;'>นักเกษตร</td><td style='padding:3px 6px;'>7104</td></tr><tr><td style='padding:3px 6px; font-weight:bold; background-color:#f2f2f2;'>ศูนย์</td><td style='padding:3px 6px;'>K2-71</td></tr><tr><td style='padding:3px 6px; font-weight:bold; background-color:#f2f2f2;'>โควตา</td><td style='padding:3px 6px;'>733499</td></tr><tr><td style='padding:3px 6px; font-weight:bold; background-color:#f2f2f2;'>ชาวไร่</td><td style='padding:3px 6px;'>นางสาว พรหมพร ยิ่งหาญ</td></tr><tr><td style='padding:3px 6px; font-weight:bold; background-color:#f2f2f2;'>ประเภทอ้อย</td><td style='padding:3px 6px;'>ตอ1</td></tr><tr><td style='padding:3px 6px; font-weight:bold; background-color:#f2f2f2;'>พื้นที่</td><td style='padding:3px 6px;'>4.71</td></tr><tr><td style='padding:3px 6px; font-weight:bold; background-color:#f2f2f2;'>ตันรวม</td><td style='padding:3px 6px;'>42.39</td></tr><tr><td style='padding:3px 6px; font-weight:bold; background-color:#f2f2f2;'>รหัสแปลง</td><td style='padding:3px 6px;'>321017071670</td></tr><tr><td style='padding:3px 6px; font-weight:bold; background-color:#f2f2f2;'>กลุ่ม</td><td style='padding:3px 6px;'>กลุ่ม_71</td></tr></table></div>]]></description>
      <styleUrl>#plotStyle</styleUrl>
      <MultiGeometry><Polygon><outerBoundaryIs><LinearRing><coordinates>103.8849667,14.5088600,0 103.8846717,14.5089783,0 103.8851583,14.5103733,0 103.8852750,14.5103317,0 103.8854983,14.5109650,0 103.8857133,14.5109333,0 103.8849667,14.5088600,0</coordinates></LinearRing></outerBoundaryIs></Polygon></MultiGeometry>
    </Placemark>
    <Placemark>
      <name>321017121576</name>
      <description><![CDATA[<div style='font-family:Tahoma,sans-serif; font-size:13px;'><h3 style='color:#1565C0; margin:4px 0;'>รหัสแปลง: 321017121576</h3><p style='margin:2px 0;'><b>กลุ่มคิว:</b> 71_001</p><table border='1' style='border-collapse:collapse; border-color:#ccc; width:100%;'><tr><td style='padding:3px 6px; font-weight:bold; background-color:#f2f2f2;'>รหัสกลุ่มคิว</td><td style='padding:3px 6px;'>71/001</td></tr><tr><td style='padding:3px 6px; font-weight:bold; background-color:#f2f2f2;'>รหัสรับเหมา</td><td style='padding:3px 6px;'>733638</td></tr><tr><td style='padding:3px 6px; font-weight:bold; background-color:#f2f2f2;'>ชื่อ-สกุล รับเหมา</td><td style='padding:3px 6px;'>นาย สิทธิชัย ธรรมสุข</td></tr><tr><td style='padding:3px 6px; font-weight:bold; background-color:#f2f2f2;'>นักเกษตร</td><td style='padding:3px 6px;'>7104</td></tr><tr><td style='padding:3px 6px; font-weight:bold; background-color:#f2f2f2;'>ศูนย์</td><td style='padding:3px 6px;'>K2-71</td></tr><tr><td style='padding:3px 6px; font-weight:bold; background-color:#f2f2f2;'>โควตา</td><td style='padding:3px 6px;'>733159</td></tr><tr><td style='padding:3px 6px; font-weight:bold; background-color:#f2f2f2;'>ชาวไร่</td><td style='padding:3px 6px;'>นางสาว พล บุญนาค</td></tr><tr><td style='padding:3px 6px; font-weight:bold; background-color:#f2f2f2;'>ประเภทอ้อย</td><td style='padding:3px 6px;'>ตอ1</td></tr><tr><td style='padding:3px 6px; font-weight:bold; background-color:#f2f2f2;'>พื้นที่</td><td style='padding:3px 6px;'>6.69</td></tr><tr><td style='padding:3px 6px; font-weight:bold; background-color:#f2f2f2;'>ตันรวม</td><td style='padding:3px 6px;'>60.21</td></tr><tr><td style='padding:3px 6px; font-weight:bold; background-color:#f2f2f2;'>รหัสแปลง</td><td style='padding:3px 6px;'>321017121576</td></tr><tr><td style='padding:3px 6px; font-weight:bold; background-color:#f2f2f2;'>กลุ่ม</td><td style='padding:3px 6px;'>กลุ่ม_71</td></tr></table></div>]]></description>
      <styleUrl>#plotStyle</styleUrl>
      <MultiGeometry><Polygon><outerBoundaryIs><LinearRing><coordinates>103.8309983,14.4975150,0 103.8296317,14.4976583,0 103.8296367,14.4979217,0 103.8297217,14.4979867,0 103.8298833,14.4979667,0 103.8299867,14.4978983,0 103.8300317,14.4978600,0 103.8301833,14.4979200,0 103.8302067,14.4984600,0 103.8310783,14.4983750,0 103.8310750,14.4982233,0 103.8310400,14.4982117,0 103.8309983,14.4975150,0</coordinates></LinearRing></outerBoundaryIs></Polygon></MultiGeometry>
    </Placemark>
    <Placemark>
      <name>321017061674</name>
      <description><![CDATA[<div style='font-family:Tahoma,sans-serif; font-size:13px;'><h3 style='color:#1565C0; margin:4px 0;'>รหัสแปลง: 321017061674</h3><p style='margin:2px 0;'><b>กลุ่มคิว:</b> 71_001</p><table border='1' style='border-collapse:collapse; border-color:#ccc; width:100%;'><tr><td style='padding:3px 6px; font-weight:bold; background-color:#f2f2f2;'>รหัสกลุ่มคิว</td><td style='padding:3px 6px;'>71/001</td></tr><tr><td style='padding:3px 6px; font-weight:bold; background-color:#f2f2f2;'>รหัสรับเหมา</td><td style='padding:3px 6px;'>733638</td></tr><tr><td style='padding:3px 6px; font-weight:bold; background-color:#f2f2f2;'>ชื่อ-สกุล รับเหมา</td><td style='padding:3px 6px;'>นาย สิทธิชัย ธรรมสุข</td></tr><tr><td style='padding:3px 6px; font-weight:bold; background-color:#f2f2f2;'>นักเกษตร</td><td style='padding:3px 6px;'>7104</td></tr><tr><td style='padding:3px 6px; font-weight:bold; background-color:#f2f2f2;'>ศูนย์</td><td style='padding:3px 6px;'>K2-71</td></tr><tr><td style='padding:3px 6px; font-weight:bold; background-color:#f2f2f2;'>โควตา</td><td style='padding:3px 6px;'>733510</td></tr><tr><td style='padding:3px 6px; font-weight:bold; background-color:#f2f2f2;'>ชาวไร่</td><td style='padding:3px 6px;'>นาย สุรัตน์ เหมือนวาจา</td></tr><tr><td style='padding:3px 6px; font-weight:bold; background-color:#f2f2f2;'>ประเภทอ้อย</td><td style='padding:3px 6px;'>ตอ1</td></tr><tr><td style='padding:3px 6px; font-weight:bold; background-color:#f2f2f2;'>พื้นที่</td><td style='padding:3px 6px;'>5.78</td></tr><tr><td style='padding:3px 6px; font-weight:bold; background-color:#f2f2f2;'>ตันรวม</td><td style='padding:3px 6px;'>52.02</td></tr><tr><td style='padding:3px 6px; font-weight:bold; background-color:#f2f2f2;'>รหัสแปลง</td><td style='padding:3px 6px;'>321017061674</td></tr><tr><td style='padding:3px 6px; font-weight:bold; background-color:#f2f2f2;'>กลุ่ม</td><td style='padding:3px 6px;'>กลุ่ม_71</td></tr></table></div>]]></description>
      <styleUrl>#plotStyle</styleUrl>
      <MultiGeometry><Polygon><outerBoundaryIs><LinearRing><coordinates>103.8792667,14.4916867,0 103.8792317,14.4907550,0 103.8789233,14.4907433,0 103.8789417,14.4911567,0 103.8777733,14.4910800,0 103.8777450,14.4914267,0 103.8792667,14.4916867,0</coordinates></LinearRing></outerBoundaryIs></Polygon></MultiGeometry>
    </Placemark>
    <Placemark>
      <name>321017071671</name>
      <description><![CDATA[<div style='font-family:Tahoma,sans-serif; font-size:13px;'><h3 style='color:#1565C0; margin:4px 0;'>รหัสแปลง: 321017071671</h3><p style='margin:2px 0;'><b>กลุ่มคิว:</b> 71_001</p><table border='1' style='border-collapse:collapse; border-color:#ccc; width:100%;'><tr><td style='padding:3px 6px; font-weight:bold; background-color:#f2f2f2;'>รหัสกลุ่มคิว</td><td style='padding:3px 6px;'>71/001</td></tr><tr><td style='padding:3px 6px; font-weight:bold; background-color:#f2f2f2;'>รหัสรับเหมา</td><td style='padding:3px 6px;'>733638</td></tr><tr><td style='padding:3px 6px; font-weight:bold; background-color:#f2f2f2;'>ชื่อ-สกุล รับเหมา</td><td style='padding:3px 6px;'>นาย สิทธิชัย ธรรมสุข</td></tr><tr><td style='padding:3px 6px; font-weight:bold; background-color:#f2f2f2;'>นักเกษตร</td><td style='padding:3px 6px;'>7104</td></tr><tr><td style='padding:3px 6px; font-weight:bold; background-color:#f2f2f2;'>ศูนย์</td><td style='padding:3px 6px;'>K2-71</td></tr><tr><td style='padding:3px 6px; font-weight:bold; background-color:#f2f2f2;'>โควตา</td><td style='padding:3px 6px;'>733474</td></tr><tr><td style='padding:3px 6px; font-weight:bold; background-color:#f2f2f2;'>ชาวไร่</td><td style='padding:3px 6px;'>นาง สังวาล สมสุข</td></tr><tr><td style='padding:3px 6px; font-weight:bold; background-color:#f2f2f2;'>ประเภทอ้อย</td><td style='padding:3px 6px;'>ตอ1</td></tr><tr><td style='padding:3px 6px; font-weight:bold; background-color:#f2f2f2;'>พื้นที่</td><td style='padding:3px 6px;'>1.59</td></tr><tr><td style='padding:3px 6px; font-weight:bold; background-color:#f2f2f2;'>ตันรวม</td><td style='padding:3px 6px;'>14.31</td></tr><tr><td style='padding:3px 6px; font-weight:bold; background-color:#f2f2f2;'>รหัสแปลง</td><td style='padding:3px 6px;'>321017071671</td></tr><tr><td style='padding:3px 6px; font-weight:bold; background-color:#f2f2f2;'>กลุ่ม</td><td style='padding:3px 6px;'>กลุ่ม_71</td></tr></table></div>]]></description>
      <styleUrl>#plotStyle</styleUrl>
      <MultiGeometry><Polygon><outerBoundaryIs><LinearRing><coordinates>103.8750067,14.5002983,0 103.8753350,14.5003050,0 103.8754200,14.4997533,0 103.8750467,14.4996567,0 103.8750067,14.5002983,0</coordinates></LinearRing></outerBoundaryIs></Polygon></MultiGeometry>
    </Placemark>
    <Placemark>
      <name>321017061677</name>
      <description><![CDATA[<div style='font-family:Tahoma,sans-serif; font-size:13px;'><h3 style='color:#1565C0; margin:4px 0;'>รหัสแปลง: 321017061677</h3><p style='margin:2px 0;'><b>กลุ่มคิว:</b> 71_001</p><table border='1' style='border-collapse:collapse; border-color:#ccc; width:100%;'><tr><td style='padding:3px 6px; font-weight:bold; background-color:#f2f2f2;'>รหัสกลุ่มคิว</td><td style='padding:3px 6px;'>71/001</td></tr><tr><td style='padding:3px 6px; font-weight:bold; background-color:#f2f2f2;'>รหัสรับเหมา</td><td style='padding:3px 6px;'>733638</td></tr><tr><td style='padding:3px 6px; font-weight:bold; background-color:#f2f2f2;'>ชื่อ-สกุล รับเหมา</td><td style='padding:3px 6px;'>นาย สิทธิชัย ธรรมสุข</td></tr><tr><td style='padding:3px 6px; font-weight:bold; background-color:#f2f2f2;'>นักเกษตร</td><td style='padding:3px 6px;'>7104</td></tr><tr><td style='padding:3px 6px; font-weight:bold; background-color:#f2f2f2;'>ศูนย์</td><td style='padding:3px 6px;'>K2-71</td></tr><tr><td style='padding:3px 6px; font-weight:bold; background-color:#f2f2f2;'>โควตา</td><td style='padding:3px 6px;'>730173</td></tr><tr><td style='padding:3px 6px; font-weight:bold; background-color:#f2f2f2;'>ชาวไร่</td><td style='padding:3px 6px;'>นาย เป็น มีเหมาะ</td></tr><tr><td style='padding:3px 6px; font-weight:bold; background-color:#f2f2f2;'>ประเภทอ้อย</td><td style='padding:3px 6px;'>ตอ1</td></tr><tr><td style='padding:3px 6px; font-weight:bold; background-color:#f2f2f2;'>พื้นที่</td><td style='padding:3px 6px;'>1.22</td></tr><tr><td style='padding:3px 6px; font-weight:bold; background-color:#f2f2f2;'>ตันรวม</td><td style='padding:3px 6px;'>10.98</td></tr><tr><td style='padding:3px 6px; font-weight:bold; background-color:#f2f2f2;'>รหัสแปลง</td><td style='padding:3px 6px;'>321017061677</td></tr><tr><td style='padding:3px 6px; font-weight:bold; background-color:#f2f2f2;'>กลุ่ม</td><td style='padding:3px 6px;'>กลุ่ม_71</td></tr></table></div>]]></description>
      <styleUrl>#plotStyle</styleUrl>
      <MultiGeometry><Polygon><outerBoundaryIs><LinearRing><coordinates>103.8935733,14.4744050,0 103.8940617,14.4742967,0 103.8941417,14.4740567,0 103.8937517,14.4739150,0 103.8935733,14.4744050,0</coordinates></LinearRing></outerBoundaryIs></Polygon></MultiGeometry>
    </Placemark>
    <Placemark>
      <name>321017071672</name>
      <description><![CDATA[<div style='font-family:Tahoma,sans-serif; font-size:13px;'><h3 style='color:#1565C0; margin:4px 0;'>รหัสแปลง: 321017071672</h3><p style='margin:2px 0;'><b>กลุ่มคิว:</b> 71_001</p><table border='1' style='border-collapse:collapse; border-color:#ccc; width:100%;'><tr><td style='padding:3px 6px; font-weight:bold; background-color:#f2f2f2;'>รหัสกลุ่มคิว</td><td style='padding:3px 6px;'>71/001</td></tr><tr><td style='padding:3px 6px; font-weight:bold; background-color:#f2f2f2;'>รหัสรับเหมา</td><td style='padding:3px 6px;'>733638</td></tr><tr><td style='padding:3px 6px; font-weight:bold; background-color:#f2f2f2;'>ชื่อ-สกุล รับเหมา</td><td style='padding:3px 6px;'>นาย สิทธิชัย ธรรมสุข</td></tr><tr><td style='padding:3px 6px; font-weight:bold; background-color:#f2f2f2;'>นักเกษตร</td><td style='padding:3px 6px;'>7104</td></tr><tr><td style='padding:3px 6px; font-weight:bold; background-color:#f2f2f2;'>ศูนย์</td><td style='padding:3px 6px;'>K2-71</td></tr><tr><td style='padding:3px 6px; font-weight:bold; background-color:#f2f2f2;'>โควตา</td><td style='padding:3px 6px;'>733746</td></tr><tr><td style='padding:3px 6px; font-weight:bold; background-color:#f2f2f2;'>ชาวไร่</td><td style='padding:3px 6px;'>นาง มณีวรรณ ราชรักษ์</td></tr><tr><td style='padding:3px 6px; font-weight:bold; background-color:#f2f2f2;'>ประเภทอ้อย</td><td style='padding:3px 6px;'>ตอ1</td></tr><tr><td style='padding:3px 6px; font-weight:bold; background-color:#f2f2f2;'>พื้นที่</td><td style='padding:3px 6px;'>3.25</td></tr><tr><td style='padding:3px 6px; font-weight:bold; background-color:#f2f2f2;'>ตันรวม</td><td style='padding:3px 6px;'>29.25</td></tr><tr><td style='padding:3px 6px; font-weight:bold; background-color:#f2f2f2;'>รหัสแปลง</td><td style='padding:3px 6px;'>321017071672</td></tr><tr><td style='padding:3px 6px; font-weight:bold; background-color:#f2f2f2;'>กลุ่ม</td><td style='padding:3px 6px;'>กลุ่ม_71</td></tr></table></div>]]></description>
      <styleUrl>#plotStyle</styleUrl>
      <MultiGeometry><Polygon><outerBoundaryIs><LinearRing><coordinates>103.8873400,14.5081433,0 103.8878300,14.5093633,0 103.8881617,14.5092683,0 103.8876500,14.5080633,0 103.8873400,14.5081433,0</coordinates></LinearRing></outerBoundaryIs></Polygon></MultiGeometry>
    </Placemark>
    <Placemark>
      <name>321006051580</name>
      <description><![CDATA[<div style='font-family:Tahoma,sans-serif; font-size:13px;'><h3 style='color:#1565C0; margin:4px 0;'>รหัสแปลง: 321006051580</h3><p style='margin:2px 0;'><b>กลุ่มคิว:</b> 71_001</p><table border='1' style='border-collapse:collapse; border-color:#ccc; width:100%;'><tr><td style='padding:3px 6px; font-weight:bold; background-color:#f2f2f2;'>รหัสกลุ่มคิว</td><td style='padding:3px 6px;'>71/001</td></tr><tr><td style='padding:3px 6px; font-weight:bold; background-color:#f2f2f2;'>รหัสรับเหมา</td><td style='padding:3px 6px;'>733638</td></tr><tr><td style='padding:3px 6px; font-weight:bold; background-color:#f2f2f2;'>ชื่อ-สกุล รับเหมา</td><td style='padding:3px 6px;'>นาย สิทธิชัย ธรรมสุข</td></tr><tr><td style='padding:3px 6px; font-weight:bold; background-color:#f2f2f2;'>นักเกษตร</td><td style='padding:3px 6px;'>7104</td></tr><tr><td style='padding:3px 6px; font-weight:bold; background-color:#f2f2f2;'>ศูนย์</td><td style='padding:3px 6px;'>K2-71</td></tr><tr><td style='padding:3px 6px; font-weight:bold; background-color:#f2f2f2;'>โควตา</td><td style='padding:3px 6px;'>730541</td></tr><tr><td style='padding:3px 6px; font-weight:bold; background-color:#f2f2f2;'>ชาวไร่</td><td style='padding:3px 6px;'>นาย ทศ แม่นผล</td></tr><tr><td style='padding:3px 6px; font-weight:bold; background-color:#f2f2f2;'>ประเภทอ้อย</td><td style='padding:3px 6px;'>ตอ1</td></tr><tr><td style='padding:3px 6px; font-weight:bold; background-color:#f2f2f2;'>พื้นที่</td><td style='padding:3px 6px;'>25.51</td></tr><tr><td style='padding:3px 6px; font-weight:bold; background-color:#f2f2f2;'>ตันรวม</td><td style='padding:3px 6px;'>229.59</td></tr><tr><td style='padding:3px 6px; font-weight:bold; background-color:#f2f2f2;'>รหัสแปลง</td><td style='padding:3px 6px;'>321006051580</td></tr><tr><td style='padding:3px 6px; font-weight:bold; background-color:#f2f2f2;'>กลุ่ม</td><td style='padding:3px 6px;'>กลุ่ม_71</td></tr></table></div>]]></description>
      <styleUrl>#plotStyle</styleUrl>
      <MultiGeometry><Polygon><outerBoundaryIs><LinearRing><coordinates>103.8903617,14.5416433,0 103.8906683,14.5392567,0 103.8902200,14.5393933,0 103.8891083,14.5394967,0 103.8890883,14.5398950,0 103.8890950,14.5400267,0 103.8890533,14.5402933,0 103.8890650,14.5403433,0 103.8893733,14.5402133,0 103.8894217,14.5401850,0 103.8894517,14.5402183,0 103.8894583,14.5401117,0 103.8895200,14.5400150,0 103.8895150,14.5399250,0 103.8894983,14.5398200,0 103.8897017,14.5397633,0 103.8897517,14.5397250,0 103.8897617,14.5398067,0 103.8897083,14.5404633,0 103.8894433,14.5404383,0 103.8894267,14.5403283,0 103.8894433,14.5402550,0 103.8894100,14.5402033,0 103.8890533,14.5403517,0 103.8890333,14.5405900,0 103.8890200,14.5409733,0 103.8889583,14.5411983,0 103.8889300,14.5420700,0 103.8903617,14.5416433,0</coordinates></LinearRing></outerBoundaryIs></Polygon></MultiGeometry>
    </Placemark>
    <Placemark>
      <name>321017011656</name>
      <description><![CDATA[<div style='font-family:Tahoma,sans-serif; font-size:13px;'><h3 style='color:#1565C0; margin:4px 0;'>รหัสแปลง: 321017011656</h3><p style='margin:2px 0;'><b>กลุ่มคิว:</b> 71_001</p><table border='1' style='border-collapse:collapse; border-color:#ccc; width:100%;'><tr><td style='padding:3px 6px; font-weight:bold; background-color:#f2f2f2;'>รหัสกลุ่มคิว</td><td style='padding:3px 6px;'>71/001</td></tr><tr><td style='padding:3px 6px; font-weight:bold; background-color:#f2f2f2;'>รหัสรับเหมา</td><td style='padding:3px 6px;'>733638</td></tr><tr><td style='padding:3px 6px; font-weight:bold; background-color:#f2f2f2;'>ชื่อ-สกุล รับเหมา</td><td style='padding:3px 6px;'>นาย สิทธิชัย ธรรมสุข</td></tr><tr><td style='padding:3px 6px; font-weight:bold; background-color:#f2f2f2;'>นักเกษตร</td><td style='padding:3px 6px;'>7104</td></tr><tr><td style='padding:3px 6px; font-weight:bold; background-color:#f2f2f2;'>ศูนย์</td><td style='padding:3px 6px;'>K2-71</td></tr><tr><td style='padding:3px 6px; font-weight:bold; background-color:#f2f2f2;'>โควตา</td><td style='padding:3px 6px;'>733064</td></tr><tr><td style='padding:3px 6px; font-weight:bold; background-color:#f2f2f2;'>ชาวไร่</td><td style='padding:3px 6px;'>นางสาว ปาริชาติ สมยิ่ง</td></tr><tr><td style='padding:3px 6px; font-weight:bold; background-color:#f2f2f2;'>ประเภทอ้อย</td><td style='padding:3px 6px;'>ตอ1</td></tr><tr><td style='padding:3px 6px; font-weight:bold; background-color:#f2f2f2;'>พื้นที่</td><td style='padding:3px 6px;'>2.13</td></tr><tr><td style='padding:3px 6px; font-weight:bold; background-color:#f2f2f2;'>ตันรวม</td><td style='padding:3px 6px;'>19.17</td></tr><tr><td style='padding:3px 6px; font-weight:bold; background-color:#f2f2f2;'>รหัสแปลง</td><td style='padding:3px 6px;'>321017011656</td></tr><tr><td style='padding:3px 6px; font-weight:bold; background-color:#f2f2f2;'>กลุ่ม</td><td style='padding:3px 6px;'>กลุ่ม_71</td></tr></table></div>]]></description>
      <styleUrl>#plotStyle</styleUrl>
      <MultiGeometry><Polygon><outerBoundaryIs><LinearRing><coordinates>103.8500017,14.4856383,0 103.8496333,14.4844467,0 103.8493450,14.4845250,0 103.8498683,14.4857100,0 103.8500017,14.4856383,0</coordinates></LinearRing></outerBoundaryIs></Polygon></MultiGeometry>
    </Placemark>
    <Placemark>
      <name>321017061680</name>
      <description><![CDATA[<div style='font-family:Tahoma,sans-serif; font-size:13px;'><h3 style='color:#1565C0; margin:4px 0;'>รหัสแปลง: 321017061680</h3><p style='margin:2px 0;'><b>กลุ่มคิว:</b> 71_001</p><table border='1' style='border-collapse:collapse; border-color:#ccc; width:100%;'><tr><td style='padding:3px 6px; font-weight:bold; background-color:#f2f2f2;'>รหัสกลุ่มคิว</td><td style='padding:3px 6px;'>71/001</td></tr><tr><td style='padding:3px 6px; font-weight:bold; background-color:#f2f2f2;'>รหัสรับเหมา</td><td style='padding:3px 6px;'>733638</td></tr><tr><td style='padding:3px 6px; font-weight:bold; background-color:#f2f2f2;'>ชื่อ-สกุล รับเหมา</td><td style='padding:3px 6px;'>นาย สิทธิชัย ธรรมสุข</td></tr><tr><td style='padding:3px 6px; font-weight:bold; background-color:#f2f2f2;'>นักเกษตร</td><td style='padding:3px 6px;'>7104</td></tr><tr><td style='padding:3px 6px; font-weight:bold; background-color:#f2f2f2;'>ศูนย์</td><td style='padding:3px 6px;'>K2-71</td></tr><tr><td style='padding:3px 6px; font-weight:bold; background-color:#f2f2f2;'>โควตา</td><td style='padding:3px 6px;'>730081</td></tr><tr><td style='padding:3px 6px; font-weight:bold; background-color:#f2f2f2;'>ชาวไร่</td><td style='padding:3px 6px;'>นาย เจ็ด มีเหมาะ</td></tr><tr><td style='padding:3px 6px; font-weight:bold; background-color:#f2f2f2;'>ประเภทอ้อย</td><td style='padding:3px 6px;'>ตอ1</td></tr><tr><td style='padding:3px 6px; font-weight:bold; background-color:#f2f2f2;'>พื้นที่</td><td style='padding:3px 6px;'>8.27</td></tr><tr><td style='padding:3px 6px; font-weight:bold; background-color:#f2f2f2;'>ตันรวม</td><td style='padding:3px 6px;'>74.43</td></tr><tr><td style='padding:3px 6px; font-weight:bold; background-color:#f2f2f2;'>รหัสแปลง</td><td style='padding:3px 6px;'>321017061680</td></tr><tr><td style='padding:3px 6px; font-weight:bold; background-color:#f2f2f2;'>กลุ่ม</td><td style='padding:3px 6px;'>กลุ่ม_71</td></tr></table></div>]]></description>
      <styleUrl>#plotStyle</styleUrl>
      <MultiGeometry><Polygon><outerBoundaryIs><LinearRing><coordinates>103.8809533,14.4898950,0 103.8809667,14.4896333,0 103.8805517,14.4895717,0 103.8803617,14.4902233,0 103.8804267,14.4903333,0 103.8805750,14.4903450,0 103.8806050,14.4909083,0 103.8813233,14.4911317,0 103.8814567,14.4900017,0 103.8809533,14.4898950,0</coordinates></LinearRing></outerBoundaryIs></Polygon></MultiGeometry>
    </Placemark>
    <Placemark>
      <name>321006051581</name>
      <description><![CDATA[<div style='font-family:Tahoma,sans-serif; font-size:13px;'><h3 style='color:#1565C0; margin:4px 0;'>รหัสแปลง: 321006051581</h3><p style='margin:2px 0;'><b>กลุ่มคิว:</b> 71_001</p><table border='1' style='border-collapse:collapse; border-color:#ccc; width:100%;'><tr><td style='padding:3px 6px; font-weight:bold; background-color:#f2f2f2;'>รหัสกลุ่มคิว</td><td style='padding:3px 6px;'>71/001</td></tr><tr><td style='padding:3px 6px; font-weight:bold; background-color:#f2f2f2;'>รหัสรับเหมา</td><td style='padding:3px 6px;'>733638</td></tr><tr><td style='padding:3px 6px; font-weight:bold; background-color:#f2f2f2;'>ชื่อ-สกุล รับเหมา</td><td style='padding:3px 6px;'>นาย สิทธิชัย ธรรมสุข</td></tr><tr><td style='padding:3px 6px; font-weight:bold; background-color:#f2f2f2;'>นักเกษตร</td><td style='padding:3px 6px;'>7104</td></tr><tr><td style='padding:3px 6px; font-weight:bold; background-color:#f2f2f2;'>ศูนย์</td><td style='padding:3px 6px;'>K2-71</td></tr><tr><td style='padding:3px 6px; font-weight:bold; background-color:#f2f2f2;'>โควตา</td><td style='padding:3px 6px;'>730541</td></tr><tr><td style='padding:3px 6px; font-weight:bold; background-color:#f2f2f2;'>ชาวไร่</td><td style='padding:3px 6px;'>นาย ทศ แม่นผล</td></tr><tr><td style='padding:3px 6px; font-weight:bold; background-color:#f2f2f2;'>ประเภทอ้อย</td><td style='padding:3px 6px;'>ตอ1</td></tr><tr><td style='padding:3px 6px; font-weight:bold; background-color:#f2f2f2;'>พื้นที่</td><td style='padding:3px 6px;'>8.16</td></tr><tr><td style='padding:3px 6px; font-weight:bold; background-color:#f2f2f2;'>ตันรวม</td><td style='padding:3px 6px;'>73.44</td></tr><tr><td style='padding:3px 6px; font-weight:bold; background-color:#f2f2f2;'>รหัสแปลง</td><td style='padding:3px 6px;'>321006051581</td></tr><tr><td style='padding:3px 6px; font-weight:bold; background-color:#f2f2f2;'>กลุ่ม</td><td style='padding:3px 6px;'>กลุ่ม_71</td></tr></table></div>]]></description>
      <styleUrl>#plotStyle</styleUrl>
      <MultiGeometry><Polygon><outerBoundaryIs><LinearRing><coordinates>103.8772783,14.5382533,0 103.8779500,14.5380667,0 103.8780267,14.5374183,0 103.8780917,14.5372033,0 103.8781550,14.5370783,0 103.8783183,14.5367867,0 103.8772933,14.5367417,0 103.8772783,14.5382533,0</coordinates></LinearRing></outerBoundaryIs></Polygon></MultiGeometry>
    </Placemark>
    <Placemark>
      <name>321017011657</name>
      <description><![CDATA[<div style='font-family:Tahoma,sans-serif; font-size:13px;'><h3 style='color:#1565C0; margin:4px 0;'>รหัสแปลง: 321017011657</h3><p style='margin:2px 0;'><b>กลุ่มคิว:</b> 71_001</p><table border='1' style='border-collapse:collapse; border-color:#ccc; width:100%;'><tr><td style='padding:3px 6px; font-weight:bold; background-color:#f2f2f2;'>รหัสกลุ่มคิว</td><td style='padding:3px 6px;'>71/001</td></tr><tr><td style='padding:3px 6px; font-weight:bold; background-color:#f2f2f2;'>รหัสรับเหมา</td><td style='padding:3px 6px;'>733638</td></tr><tr><td style='padding:3px 6px; font-weight:bold; background-color:#f2f2f2;'>ชื่อ-สกุล รับเหมา</td><td style='padding:3px 6px;'>นาย สิทธิชัย ธรรมสุข</td></tr><tr><td style='padding:3px 6px; font-weight:bold; background-color:#f2f2f2;'>นักเกษตร</td><td style='padding:3px 6px;'>7104</td></tr><tr><td style='padding:3px 6px; font-weight:bold; background-color:#f2f2f2;'>ศูนย์</td><td style='padding:3px 6px;'>K2-71</td></tr><tr><td style='padding:3px 6px; font-weight:bold; background-color:#f2f2f2;'>โควตา</td><td style='padding:3px 6px;'>730145</td></tr><tr><td style='padding:3px 6px; font-weight:bold; background-color:#f2f2f2;'>ชาวไร่</td><td style='padding:3px 6px;'>นาย สมพร สุบิน</td></tr><tr><td style='padding:3px 6px; font-weight:bold; background-color:#f2f2f2;'>ประเภทอ้อย</td><td style='padding:3px 6px;'>ตอ1</td></tr><tr><td style='padding:3px 6px; font-weight:bold; background-color:#f2f2f2;'>พื้นที่</td><td style='padding:3px 6px;'>3.78</td></tr><tr><td style='padding:3px 6px; font-weight:bold; background-color:#f2f2f2;'>ตันรวม</td><td style='padding:3px 6px;'>34.02</td></tr><tr><td style='padding:3px 6px; font-weight:bold; background-color:#f2f2f2;'>รหัสแปลง</td><td style='padding:3px 6px;'>321017011657</td></tr><tr><td style='padding:3px 6px; font-weight:bold; background-color:#f2f2f2;'>กลุ่ม</td><td style='padding:3px 6px;'>กลุ่ม_71</td></tr></table></div>]]></description>
      <styleUrl>#plotStyle</styleUrl>
      <MultiGeometry><Polygon><outerBoundaryIs><LinearRing><coordinates>103.8253750,14.4569483,0 103.8256600,14.4569350,0 103.8258517,14.4569717,0 103.8260183,14.4558967,0 103.8255550,14.4558700,0 103.8253750,14.4569483,0</coordinates></LinearRing></outerBoundaryIs></Polygon></MultiGeometry>
    </Placemark>
    <Placemark>
      <name>321017071674</name>
      <description><![CDATA[<div style='font-family:Tahoma,sans-serif; font-size:13px;'><h3 style='color:#1565C0; margin:4px 0;'>รหัสแปลง: 321017071674</h3><p style='margin:2px 0;'><b>กลุ่มคิว:</b> 71_001</p><table border='1' style='border-collapse:collapse; border-color:#ccc; width:100%;'><tr><td style='padding:3px 6px; font-weight:bold; background-color:#f2f2f2;'>รหัสกลุ่มคิว</td><td style='padding:3px 6px;'>71/001</td></tr><tr><td style='padding:3px 6px; font-weight:bold; background-color:#f2f2f2;'>รหัสรับเหมา</td><td style='padding:3px 6px;'>733638</td></tr><tr><td style='padding:3px 6px; font-weight:bold; background-color:#f2f2f2;'>ชื่อ-สกุล รับเหมา</td><td style='padding:3px 6px;'>นาย สิทธิชัย ธรรมสุข</td></tr><tr><td style='padding:3px 6px; font-weight:bold; background-color:#f2f2f2;'>นักเกษตร</td><td style='padding:3px 6px;'>7104</td></tr><tr><td style='padding:3px 6px; font-weight:bold; background-color:#f2f2f2;'>ศูนย์</td><td style='padding:3px 6px;'>K2-71</td></tr><tr><td style='padding:3px 6px; font-weight:bold; background-color:#f2f2f2;'>โควตา</td><td style='padding:3px 6px;'>733799</td></tr><tr><td style='padding:3px 6px; font-weight:bold; background-color:#f2f2f2;'>ชาวไร่</td><td style='padding:3px 6px;'>นาย นรินทร์ เนียมงาม</td></tr><tr><td style='padding:3px 6px; font-weight:bold; background-color:#f2f2f2;'>ประเภทอ้อย</td><td style='padding:3px 6px;'>ตอ1</td></tr><tr><td style='padding:3px 6px; font-weight:bold; background-color:#f2f2f2;'>พื้นที่</td><td style='padding:3px 6px;'>1.13</td></tr><tr><td style='padding:3px 6px; font-weight:bold; background-color:#f2f2f2;'>ตันรวม</td><td style='padding:3px 6px;'>10.17</td></tr><tr><td style='padding:3px 6px; font-weight:bold; background-color:#f2f2f2;'>รหัสแปลง</td><td style='padding:3px 6px;'>321017071674</td></tr><tr><td style='padding:3px 6px; font-weight:bold; background-color:#f2f2f2;'>กลุ่ม</td><td style='padding:3px 6px;'>กลุ่ม_71</td></tr></table></div>]]></description>
      <styleUrl>#plotStyle</styleUrl>
      <MultiGeometry><Polygon><outerBoundaryIs><LinearRing><coordinates>103.8853350,14.5079000,0 103.8851433,14.5079567,0 103.8854833,14.5086117,0 103.8856900,14.5085550,0 103.8853350,14.5079000,0</coordinates></LinearRing></outerBoundaryIs></Polygon></MultiGeometry>
    </Placemark>
    <Placemark>
      <name>321006051582</name>
      <description><![CDATA[<div style='font-family:Tahoma,sans-serif; font-size:13px;'><h3 style='color:#1565C0; margin:4px 0;'>รหัสแปลง: 321006051582</h3><p style='margin:2px 0;'><b>กลุ่มคิว:</b> 71_001</p><table border='1' style='border-collapse:collapse; border-color:#ccc; width:100%;'><tr><td style='padding:3px 6px; font-weight:bold; background-color:#f2f2f2;'>รหัสกลุ่มคิว</td><td style='padding:3px 6px;'>71/001</td></tr><tr><td style='padding:3px 6px; font-weight:bold; background-color:#f2f2f2;'>รหัสรับเหมา</td><td style='padding:3px 6px;'>733638</td></tr><tr><td style='padding:3px 6px; font-weight:bold; background-color:#f2f2f2;'>ชื่อ-สกุล รับเหมา</td><td style='padding:3px 6px;'>นาย สิทธิชัย ธรรมสุข</td></tr><tr><td style='padding:3px 6px; font-weight:bold; background-color:#f2f2f2;'>นักเกษตร</td><td style='padding:3px 6px;'>7104</td></tr><tr><td style='padding:3px 6px; font-weight:bold; background-color:#f2f2f2;'>ศูนย์</td><td style='padding:3px 6px;'>K2-71</td></tr><tr><td style='padding:3px 6px; font-weight:bold; background-color:#f2f2f2;'>โควตา</td><td style='padding:3px 6px;'>730541</td></tr><tr><td style='padding:3px 6px; font-weight:bold; background-color:#f2f2f2;'>ชาวไร่</td><td style='padding:3px 6px;'>นาย ทศ แม่นผล</td></tr><tr><td style='padding:3px 6px; font-weight:bold; background-color:#f2f2f2;'>ประเภทอ้อย</td><td style='padding:3px 6px;'>ตอ1</td></tr><tr><td style='padding:3px 6px; font-weight:bold; background-color:#f2f2f2;'>พื้นที่</td><td style='padding:3px 6px;'>2.18</td></tr><tr><td style='padding:3px 6px; font-weight:bold; background-color:#f2f2f2;'>ตันรวม</td><td style='padding:3px 6px;'>19.62</td></tr><tr><td style='padding:3px 6px; font-weight:bold; background-color:#f2f2f2;'>รหัสแปลง</td><td style='padding:3px 6px;'>321006051582</td></tr><tr><td style='padding:3px 6px; font-weight:bold; background-color:#f2f2f2;'>กลุ่ม</td><td style='padding:3px 6px;'>กลุ่ม_71</td></tr></table></div>]]></description>
      <styleUrl>#plotStyle</styleUrl>
      <MultiGeometry><Polygon><outerBoundaryIs><LinearRing><coordinates>103.8779517,14.5380683,0 103.8772917,14.5382417,0 103.8773017,14.5388433,0 103.8773283,14.5389167,0 103.8779167,14.5382967,0 103.8779483,14.5381283,0 103.8779517,14.5380683,0</coordinates></LinearRing></outerBoundaryIs></Polygon></MultiGeometry>
    </Placemark>
    <Placemark>
      <name>321017121577</name>
      <description><![CDATA[<div style='font-family:Tahoma,sans-serif; font-size:13px;'><h3 style='color:#1565C0; margin:4px 0;'>รหัสแปลง: 321017121577</h3><p style='margin:2px 0;'><b>กลุ่มคิว:</b> 71_001</p><table border='1' style='border-collapse:collapse; border-color:#ccc; width:100%;'><tr><td style='padding:3px 6px; font-weight:bold; background-color:#f2f2f2;'>รหัสกลุ่มคิว</td><td style='padding:3px 6px;'>71/001</td></tr><tr><td style='padding:3px 6px; font-weight:bold; background-color:#f2f2f2;'>รหัสรับเหมา</td><td style='padding:3px 6px;'>733638</td></tr><tr><td style='padding:3px 6px; font-weight:bold; background-color:#f2f2f2;'>ชื่อ-สกุล รับเหมา</td><td style='padding:3px 6px;'>นาย สิทธิชัย ธรรมสุข</td></tr><tr><td style='padding:3px 6px; font-weight:bold; background-color:#f2f2f2;'>นักเกษตร</td><td style='padding:3px 6px;'>7104</td></tr><tr><td style='padding:3px 6px; font-weight:bold; background-color:#f2f2f2;'>ศูนย์</td><td style='padding:3px 6px;'>K2-71</td></tr><tr><td style='padding:3px 6px; font-weight:bold; background-color:#f2f2f2;'>โควตา</td><td style='padding:3px 6px;'>733159</td></tr><tr><td style='padding:3px 6px; font-weight:bold; background-color:#f2f2f2;'>ชาวไร่</td><td style='padding:3px 6px;'>นางสาว พล บุญนาค</td></tr><tr><td style='padding:3px 6px; font-weight:bold; background-color:#f2f2f2;'>ประเภทอ้อย</td><td style='padding:3px 6px;'>ตอ1</td></tr><tr><td style='padding:3px 6px; font-weight:bold; background-color:#f2f2f2;'>พื้นที่</td><td style='padding:3px 6px;'>1.15</td></tr><tr><td style='padding:3px 6px; font-weight:bold; background-color:#f2f2f2;'>ตันรวม</td><td style='padding:3px 6px;'>10.35</td></tr><tr><td style='padding:3px 6px; font-weight:bold; background-color:#f2f2f2;'>รหัสแปลง</td><td style='padding:3px 6px;'>321017121577</td></tr><tr><td style='padding:3px 6px; font-weight:bold; background-color:#f2f2f2;'>กลุ่ม</td><td style='padding:3px 6px;'>กลุ่ม_71</td></tr></table></div>]]></description>
      <styleUrl>#plotStyle</styleUrl>
      <MultiGeometry><Polygon><outerBoundaryIs><LinearRing><coordinates>103.8322983,14.4974367,0 103.8323817,14.4978650,0 103.8325733,14.4978233,0 103.8327633,14.4975950,0 103.8327450,14.4974083,0 103.8322983,14.4974367,0</coordinates></LinearRing></outerBoundaryIs></Polygon></MultiGeometry>
    </Placemark>
    <Placemark>
      <name>321017121579</name>
      <description><![CDATA[<div style='font-family:Tahoma,sans-serif; font-size:13px;'><h3 style='color:#1565C0; margin:4px 0;'>รหัสแปลง: 321017121579</h3><p style='margin:2px 0;'><b>กลุ่มคิว:</b> 71_001</p><table border='1' style='border-collapse:collapse; border-color:#ccc; width:100%;'><tr><td style='padding:3px 6px; font-weight:bold; background-color:#f2f2f2;'>รหัสกลุ่มคิว</td><td style='padding:3px 6px;'>71/001</td></tr><tr><td style='padding:3px 6px; font-weight:bold; background-color:#f2f2f2;'>รหัสรับเหมา</td><td style='padding:3px 6px;'>733638</td></tr><tr><td style='padding:3px 6px; font-weight:bold; background-color:#f2f2f2;'>ชื่อ-สกุล รับเหมา</td><td style='padding:3px 6px;'>นาย สิทธิชัย ธรรมสุข</td></tr><tr><td style='padding:3px 6px; font-weight:bold; background-color:#f2f2f2;'>นักเกษตร</td><td style='padding:3px 6px;'>7104</td></tr><tr><td style='padding:3px 6px; font-weight:bold; background-color:#f2f2f2;'>ศูนย์</td><td style='padding:3px 6px;'>K2-71</td></tr><tr><td style='padding:3px 6px; font-weight:bold; background-color:#f2f2f2;'>โควตา</td><td style='padding:3px 6px;'>733279</td></tr><tr><td style='padding:3px 6px; font-weight:bold; background-color:#f2f2f2;'>ชาวไร่</td><td style='padding:3px 6px;'>นาย พงศ์พันธ์ อินทจักร</td></tr><tr><td style='padding:3px 6px; font-weight:bold; background-color:#f2f2f2;'>ประเภทอ้อย</td><td style='padding:3px 6px;'>ตอ1</td></tr><tr><td style='padding:3px 6px; font-weight:bold; background-color:#f2f2f2;'>พื้นที่</td><td style='padding:3px 6px;'>4.41</td></tr><tr><td style='padding:3px 6px; font-weight:bold; background-color:#f2f2f2;'>ตันรวม</td><td style='padding:3px 6px;'>39.69</td></tr><tr><td style='padding:3px 6px; font-weight:bold; background-color:#f2f2f2;'>รหัสแปลง</td><td style='padding:3px 6px;'>321017121579</td></tr><tr><td style='padding:3px 6px; font-weight:bold; background-color:#f2f2f2;'>กลุ่ม</td><td style='padding:3px 6px;'>กลุ่ม_71</td></tr></table></div>]]></description>
      <styleUrl>#plotStyle</styleUrl>
      <MultiGeometry><Polygon><outerBoundaryIs><LinearRing><coordinates>103.8236333,14.5026400,0 103.8245367,14.5019700,0 103.8242733,14.5016567,0 103.8233817,14.5018533,0 103.8235433,14.5022200,0 103.8236333,14.5026400,0</coordinates></LinearRing></outerBoundaryIs></Polygon></MultiGeometry>
    </Placemark>
    <Placemark>
      <name>321017061681</name>
      <description><![CDATA[<div style='font-family:Tahoma,sans-serif; font-size:13px;'><h3 style='color:#1565C0; margin:4px 0;'>รหัสแปลง: 321017061681</h3><p style='margin:2px 0;'><b>กลุ่มคิว:</b> 71_001</p><table border='1' style='border-collapse:collapse; border-color:#ccc; width:100%;'><tr><td style='padding:3px 6px; font-weight:bold; background-color:#f2f2f2;'>รหัสกลุ่มคิว</td><td style='padding:3px 6px;'>71/001</td></tr><tr><td style='padding:3px 6px; font-weight:bold; background-color:#f2f2f2;'>รหัสรับเหมา</td><td style='padding:3px 6px;'>733638</td></tr><tr><td style='padding:3px 6px; font-weight:bold; background-color:#f2f2f2;'>ชื่อ-สกุล รับเหมา</td><td style='padding:3px 6px;'>นาย สิทธิชัย ธรรมสุข</td></tr><tr><td style='padding:3px 6px; font-weight:bold; background-color:#f2f2f2;'>นักเกษตร</td><td style='padding:3px 6px;'>7104</td></tr><tr><td style='padding:3px 6px; font-weight:bold; background-color:#f2f2f2;'>ศูนย์</td><td style='padding:3px 6px;'>K2-71</td></tr><tr><td style='padding:3px 6px; font-weight:bold; background-color:#f2f2f2;'>โควตา</td><td style='padding:3px 6px;'>733217</td></tr><tr><td style='padding:3px 6px; font-weight:bold; background-color:#f2f2f2;'>ชาวไร่</td><td style='padding:3px 6px;'>นาย เกลี้ยง มีเหมาะ</td></tr><tr><td style='padding:3px 6px; font-weight:bold; background-color:#f2f2f2;'>ประเภทอ้อย</td><td style='padding:3px 6px;'>ตอ1</td></tr><tr><td style='padding:3px 6px; font-weight:bold; background-color:#f2f2f2;'>พื้นที่</td><td style='padding:3px 6px;'>1.89</td></tr><tr><td style='padding:3px 6px; font-weight:bold; background-color:#f2f2f2;'>ตันรวม</td><td style='padding:3px 6px;'>17.01</td></tr><tr><td style='padding:3px 6px; font-weight:bold; background-color:#f2f2f2;'>รหัสแปลง</td><td style='padding:3px 6px;'>321017061681</td></tr><tr><td style='padding:3px 6px; font-weight:bold; background-color:#f2f2f2;'>กลุ่ม</td><td style='padding:3px 6px;'>กลุ่ม_71</td></tr></table></div>]]></description>
      <styleUrl>#plotStyle</styleUrl>
      <MultiGeometry><Polygon><outerBoundaryIs><LinearRing><coordinates>103.8849483,14.4932550,0 103.8850317,14.4924067,0 103.8847867,14.4923567,0 103.8846233,14.4932617,0 103.8849483,14.4932550,0</coordinates></LinearRing></outerBoundaryIs></Polygon></MultiGeometry>
    </Placemark>
    <Placemark>
      <name>321006051583</name>
      <description><![CDATA[<div style='font-family:Tahoma,sans-serif; font-size:13px;'><h3 style='color:#1565C0; margin:4px 0;'>รหัสแปลง: 321006051583</h3><p style='margin:2px 0;'><b>กลุ่มคิว:</b> 71_001</p><table border='1' style='border-collapse:collapse; border-color:#ccc; width:100%;'><tr><td style='padding:3px 6px; font-weight:bold; background-color:#f2f2f2;'>รหัสกลุ่มคิว</td><td style='padding:3px 6px;'>71/001</td></tr><tr><td style='padding:3px 6px; font-weight:bold; background-color:#f2f2f2;'>รหัสรับเหมา</td><td style='padding:3px 6px;'>733638</td></tr><tr><td style='padding:3px 6px; font-weight:bold; background-color:#f2f2f2;'>ชื่อ-สกุล รับเหมา</td><td style='padding:3px 6px;'>นาย สิทธิชัย ธรรมสุข</td></tr><tr><td style='padding:3px 6px; font-weight:bold; background-color:#f2f2f2;'>นักเกษตร</td><td style='padding:3px 6px;'>7104</td></tr><tr><td style='padding:3px 6px; font-weight:bold; background-color:#f2f2f2;'>ศูนย์</td><td style='padding:3px 6px;'>K2-71</td></tr><tr><td style='padding:3px 6px; font-weight:bold; background-color:#f2f2f2;'>โควตา</td><td style='padding:3px 6px;'>733342</td></tr><tr><td style='padding:3px 6px; font-weight:bold; background-color:#f2f2f2;'>ชาวไร่</td><td style='padding:3px 6px;'>นาย วา แอกทอง</td></tr><tr><td style='padding:3px 6px; font-weight:bold; background-color:#f2f2f2;'>ประเภทอ้อย</td><td style='padding:3px 6px;'>ตอ1</td></tr><tr><td style='padding:3px 6px; font-weight:bold; background-color:#f2f2f2;'>พื้นที่</td><td style='padding:3px 6px;'>4.1</td></tr><tr><td style='padding:3px 6px; font-weight:bold; background-color:#f2f2f2;'>ตันรวม</td><td style='padding:3px 6px;'>36.9</td></tr><tr><td style='padding:3px 6px; font-weight:bold; background-color:#f2f2f2;'>รหัสแปลง</td><td style='padding:3px 6px;'>321006051583</td></tr><tr><td style='padding:3px 6px; font-weight:bold; background-color:#f2f2f2;'>กลุ่ม</td><td style='padding:3px 6px;'>กลุ่ม_71</td></tr></table></div>]]></description>
      <styleUrl>#plotStyle</styleUrl>
      <MultiGeometry><Polygon><outerBoundaryIs><LinearRing><coordinates>103.8819317,14.5216017,0 103.8822700,14.5216050,0 103.8817717,14.5199267,0 103.8814617,14.5199767,0 103.8819317,14.5216017,0</coordinates></LinearRing></outerBoundaryIs></Polygon></MultiGeometry>
    </Placemark>
    <Placemark>
      <name>321006051584</name>
      <description><![CDATA[<div style='font-family:Tahoma,sans-serif; font-size:13px;'><h3 style='color:#1565C0; margin:4px 0;'>รหัสแปลง: 321006051584</h3><p style='margin:2px 0;'><b>กลุ่มคิว:</b> 71_001</p><table border='1' style='border-collapse:collapse; border-color:#ccc; width:100%;'><tr><td style='padding:3px 6px; font-weight:bold; background-color:#f2f2f2;'>รหัสกลุ่มคิว</td><td style='padding:3px 6px;'>71/001</td></tr><tr><td style='padding:3px 6px; font-weight:bold; background-color:#f2f2f2;'>รหัสรับเหมา</td><td style='padding:3px 6px;'>733638</td></tr><tr><td style='padding:3px 6px; font-weight:bold; background-color:#f2f2f2;'>ชื่อ-สกุล รับเหมา</td><td style='padding:3px 6px;'>นาย สิทธิชัย ธรรมสุข</td></tr><tr><td style='padding:3px 6px; font-weight:bold; background-color:#f2f2f2;'>นักเกษตร</td><td style='padding:3px 6px;'>7104</td></tr><tr><td style='padding:3px 6px; font-weight:bold; background-color:#f2f2f2;'>ศูนย์</td><td style='padding:3px 6px;'>K2-71</td></tr><tr><td style='padding:3px 6px; font-weight:bold; background-color:#f2f2f2;'>โควตา</td><td style='padding:3px 6px;'>733342</td></tr><tr><td style='padding:3px 6px; font-weight:bold; background-color:#f2f2f2;'>ชาวไร่</td><td style='padding:3px 6px;'>นาย วา แอกทอง</td></tr><tr><td style='padding:3px 6px; font-weight:bold; background-color:#f2f2f2;'>ประเภทอ้อย</td><td style='padding:3px 6px;'>ตอ1</td></tr><tr><td style='padding:3px 6px; font-weight:bold; background-color:#f2f2f2;'>พื้นที่</td><td style='padding:3px 6px;'>2.95</td></tr><tr><td style='padding:3px 6px; font-weight:bold; background-color:#f2f2f2;'>ตันรวม</td><td style='padding:3px 6px;'>26.55</td></tr><tr><td style='padding:3px 6px; font-weight:bold; background-color:#f2f2f2;'>รหัสแปลง</td><td style='padding:3px 6px;'>321006051584</td></tr><tr><td style='padding:3px 6px; font-weight:bold; background-color:#f2f2f2;'>กลุ่ม</td><td style='padding:3px 6px;'>กลุ่ม_71</td></tr></table></div>]]></description>
      <styleUrl>#plotStyle</styleUrl>
      <MultiGeometry><Polygon><outerBoundaryIs><LinearRing><coordinates>103.8805159,14.5201720,0 103.8808724,14.5213076,0 103.8811950,14.5212433,0 103.8808617,14.5201333,0 103.8805159,14.5201720,0</coordinates></LinearRing></outerBoundaryIs></Polygon></MultiGeometry>
    </Placemark>
    <Placemark>
      <name>321017061682</name>
      <description><![CDATA[<div style='font-family:Tahoma,sans-serif; font-size:13px;'><h3 style='color:#1565C0; margin:4px 0;'>รหัสแปลง: 321017061682</h3><p style='margin:2px 0;'><b>กลุ่มคิว:</b> 71_001</p><table border='1' style='border-collapse:collapse; border-color:#ccc; width:100%;'><tr><td style='padding:3px 6px; font-weight:bold; background-color:#f2f2f2;'>รหัสกลุ่มคิว</td><td style='padding:3px 6px;'>71/001</td></tr><tr><td style='padding:3px 6px; font-weight:bold; background-color:#f2f2f2;'>รหัสรับเหมา</td><td style='padding:3px 6px;'>733638</td></tr><tr><td style='padding:3px 6px; font-weight:bold; background-color:#f2f2f2;'>ชื่อ-สกุล รับเหมา</td><td style='padding:3px 6px;'>นาย สิทธิชัย ธรรมสุข</td></tr><tr><td style='padding:3px 6px; font-weight:bold; background-color:#f2f2f2;'>นักเกษตร</td><td style='padding:3px 6px;'>7104</td></tr><tr><td style='padding:3px 6px; font-weight:bold; background-color:#f2f2f2;'>ศูนย์</td><td style='padding:3px 6px;'>K2-71</td></tr><tr><td style='padding:3px 6px; font-weight:bold; background-color:#f2f2f2;'>โควตา</td><td style='padding:3px 6px;'>730081</td></tr><tr><td style='padding:3px 6px; font-weight:bold; background-color:#f2f2f2;'>ชาวไร่</td><td style='padding:3px 6px;'>นาย เจ็ด มีเหมาะ</td></tr><tr><td style='padding:3px 6px; font-weight:bold; background-color:#f2f2f2;'>ประเภทอ้อย</td><td style='padding:3px 6px;'>ตอ1</td></tr><tr><td style='padding:3px 6px; font-weight:bold; background-color:#f2f2f2;'>พื้นที่</td><td style='padding:3px 6px;'>3.83</td></tr><tr><td style='padding:3px 6px; font-weight:bold; background-color:#f2f2f2;'>ตันรวม</td><td style='padding:3px 6px;'>34.47</td></tr><tr><td style='padding:3px 6px; font-weight:bold; background-color:#f2f2f2;'>รหัสแปลง</td><td style='padding:3px 6px;'>321017061682</td></tr><tr><td style='padding:3px 6px; font-weight:bold; background-color:#f2f2f2;'>กลุ่ม</td><td style='padding:3px 6px;'>กลุ่ม_71</td></tr></table></div>]]></description>
      <styleUrl>#plotStyle</styleUrl>
      <MultiGeometry><Polygon><outerBoundaryIs><LinearRing><coordinates>103.8813783,14.4904150,0 103.8827033,14.4908183,0 103.8826367,14.4906450,0 103.8826333,14.4904050,0 103.8822417,14.4902917,0 103.8818700,14.4901400,0 103.8817167,14.4900600,0 103.8814833,14.4899733,0 103.8813783,14.4904150,0</coordinates></LinearRing></outerBoundaryIs></Polygon></MultiGeometry>
    </Placemark>
    <Placemark>
      <name>321017121580</name>
      <description><![CDATA[<div style='font-family:Tahoma,sans-serif; font-size:13px;'><h3 style='color:#1565C0; margin:4px 0;'>รหัสแปลง: 321017121580</h3><p style='margin:2px 0;'><b>กลุ่มคิว:</b> 71_001</p><table border='1' style='border-collapse:collapse; border-color:#ccc; width:100%;'><tr><td style='padding:3px 6px; font-weight:bold; background-color:#f2f2f2;'>รหัสกลุ่มคิว</td><td style='padding:3px 6px;'>71/001</td></tr><tr><td style='padding:3px 6px; font-weight:bold; background-color:#f2f2f2;'>รหัสรับเหมา</td><td style='padding:3px 6px;'>733638</td></tr><tr><td style='padding:3px 6px; font-weight:bold; background-color:#f2f2f2;'>ชื่อ-สกุล รับเหมา</td><td style='padding:3px 6px;'>นาย สิทธิชัย ธรรมสุข</td></tr><tr><td style='padding:3px 6px; font-weight:bold; background-color:#f2f2f2;'>นักเกษตร</td><td style='padding:3px 6px;'>7104</td></tr><tr><td style='padding:3px 6px; font-weight:bold; background-color:#f2f2f2;'>ศูนย์</td><td style='padding:3px 6px;'>K2-71</td></tr><tr><td style='padding:3px 6px; font-weight:bold; background-color:#f2f2f2;'>โควตา</td><td style='padding:3px 6px;'>733844</td></tr><tr><td style='padding:3px 6px; font-weight:bold; background-color:#f2f2f2;'>ชาวไร่</td><td style='padding:3px 6px;'>นาย บุญช่วย เสนาบูรณ์</td></tr><tr><td style='padding:3px 6px; font-weight:bold; background-color:#f2f2f2;'>ประเภทอ้อย</td><td style='padding:3px 6px;'>ปลายฝน</td></tr><tr><td style='padding:3px 6px; font-weight:bold; background-color:#f2f2f2;'>พื้นที่</td><td style='padding:3px 6px;'>14.37</td></tr><tr><td style='padding:3px 6px; font-weight:bold; background-color:#f2f2f2;'>ตันรวม</td><td style='padding:3px 6px;'>186.81</td></tr><tr><td style='padding:3px 6px; font-weight:bold; background-color:#f2f2f2;'>รหัสแปลง</td><td style='padding:3px 6px;'>321017121580</td></tr><tr><td style='padding:3px 6px; font-weight:bold; background-color:#f2f2f2;'>กลุ่ม</td><td style='padding:3px 6px;'>กลุ่ม_71</td></tr></table></div>]]></description>
      <styleUrl>#plotStyle</styleUrl>
      <MultiGeometry><Polygon><outerBoundaryIs><LinearRing><coordinates>103.8240334,14.4933653,0 103.8244186,14.4943353,0 103.8263345,14.4939189,0 103.8265643,14.4938648,0 103.8265535,14.4938305,0 103.8263569,14.4937702,0 103.8261251,14.4936506,0 103.8257773,14.4933653,0 103.8255487,14.4930577,0 103.8254117,14.4929995,0 103.8252333,14.4929872,0 103.8250937,14.4930037,0 103.8249440,14.4930955,0 103.8240334,14.4933653,0</coordinates></LinearRing></outerBoundaryIs></Polygon></MultiGeometry>
    </Placemark>
    <Placemark>
      <name>321305041670</name>
      <description><![CDATA[<div style='font-family:Tahoma,sans-serif; font-size:13px;'><h3 style='color:#1565C0; margin:4px 0;'>รหัสแปลง: 321305041670</h3><p style='margin:2px 0;'><b>กลุ่มคิว:</b> 71_001</p><table border='1' style='border-collapse:collapse; border-color:#ccc; width:100%;'><tr><td style='padding:3px 6px; font-weight:bold; background-color:#f2f2f2;'>รหัสกลุ่มคิว</td><td style='padding:3px 6px;'>71/001</td></tr><tr><td style='padding:3px 6px; font-weight:bold; background-color:#f2f2f2;'>รหัสรับเหมา</td><td style='padding:3px 6px;'>733638</td></tr><tr><td style='padding:3px 6px; font-weight:bold; background-color:#f2f2f2;'>ชื่อ-สกุล รับเหมา</td><td style='padding:3px 6px;'>นาย สิทธิชัย ธรรมสุข</td></tr><tr><td style='padding:3px 6px; font-weight:bold; background-color:#f2f2f2;'>นักเกษตร</td><td style='padding:3px 6px;'>7104</td></tr><tr><td style='padding:3px 6px; font-weight:bold; background-color:#f2f2f2;'>ศูนย์</td><td style='padding:3px 6px;'>K2-71</td></tr><tr><td style='padding:3px 6px; font-weight:bold; background-color:#f2f2f2;'>โควตา</td><td style='padding:3px 6px;'>774086</td></tr><tr><td style='padding:3px 6px; font-weight:bold; background-color:#f2f2f2;'>ชาวไร่</td><td style='padding:3px 6px;'>นาย สมกิจ พนากอบกิจ</td></tr><tr><td style='padding:3px 6px; font-weight:bold; background-color:#f2f2f2;'>ประเภทอ้อย</td><td style='padding:3px 6px;'>ตอ1</td></tr><tr><td style='padding:3px 6px; font-weight:bold; background-color:#f2f2f2;'>พื้นที่</td><td style='padding:3px 6px;'>3.04</td></tr><tr><td style='padding:3px 6px; font-weight:bold; background-color:#f2f2f2;'>ตันรวม</td><td style='padding:3px 6px;'>27.36</td></tr><tr><td style='padding:3px 6px; font-weight:bold; background-color:#f2f2f2;'>รหัสแปลง</td><td style='padding:3px 6px;'>321305041670</td></tr><tr><td style='padding:3px 6px; font-weight:bold; background-color:#f2f2f2;'>กลุ่ม</td><td style='padding:3px 6px;'>กลุ่ม_71</td></tr></table></div>]]></description>
      <styleUrl>#plotStyle</styleUrl>
      <MultiGeometry><Polygon><outerBoundaryIs><LinearRing><coordinates>103.8988963,14.4747848,0 103.8989057,14.4748182,0 103.8989606,14.4747239,0 103.8990389,14.4745488,0 103.8990815,14.4743966,0 103.8991199,14.4741162,0 103.8991268,14.4739075,0 103.8991113,14.4733880,0 103.8990503,14.4733282,0 103.8986890,14.4733060,0 103.8987583,14.4735579,0 103.8988963,14.4747848,0</coordinates></LinearRing></outerBoundaryIs></Polygon></MultiGeometry>
    </Placemark>
    <Placemark>
      <name>321017071677</name>
      <description><![CDATA[<div style='font-family:Tahoma,sans-serif; font-size:13px;'><h3 style='color:#1565C0; margin:4px 0;'>รหัสแปลง: 321017071677</h3><p style='margin:2px 0;'><b>กลุ่มคิว:</b> 71_001</p><table border='1' style='border-collapse:collapse; border-color:#ccc; width:100%;'><tr><td style='padding:3px 6px; font-weight:bold; background-color:#f2f2f2;'>รหัสกลุ่มคิว</td><td style='padding:3px 6px;'>71/001</td></tr><tr><td style='padding:3px 6px; font-weight:bold; background-color:#f2f2f2;'>รหัสรับเหมา</td><td style='padding:3px 6px;'>733638</td></tr><tr><td style='padding:3px 6px; font-weight:bold; background-color:#f2f2f2;'>ชื่อ-สกุล รับเหมา</td><td style='padding:3px 6px;'>นาย สิทธิชัย ธรรมสุข</td></tr><tr><td style='padding:3px 6px; font-weight:bold; background-color:#f2f2f2;'>นักเกษตร</td><td style='padding:3px 6px;'>7104</td></tr><tr><td style='padding:3px 6px; font-weight:bold; background-color:#f2f2f2;'>ศูนย์</td><td style='padding:3px 6px;'>K2-71</td></tr><tr><td style='padding:3px 6px; font-weight:bold; background-color:#f2f2f2;'>โควตา</td><td style='padding:3px 6px;'>733746</td></tr><tr><td style='padding:3px 6px; font-weight:bold; background-color:#f2f2f2;'>ชาวไร่</td><td style='padding:3px 6px;'>นาง มณีวรรณ ราชรักษ์</td></tr><tr><td style='padding:3px 6px; font-weight:bold; background-color:#f2f2f2;'>ประเภทอ้อย</td><td style='padding:3px 6px;'>ปลายฝน</td></tr><tr><td style='padding:3px 6px; font-weight:bold; background-color:#f2f2f2;'>พื้นที่</td><td style='padding:3px 6px;'>12.5</td></tr><tr><td style='padding:3px 6px; font-weight:bold; background-color:#f2f2f2;'>ตันรวม</td><td style='padding:3px 6px;'>162.5</td></tr><tr><td style='padding:3px 6px; font-weight:bold; background-color:#f2f2f2;'>รหัสแปลง</td><td style='padding:3px 6px;'>321017071677</td></tr><tr><td style='padding:3px 6px; font-weight:bold; background-color:#f2f2f2;'>กลุ่ม</td><td style='padding:3px 6px;'>กลุ่ม_71</td></tr></table></div>]]></description>
      <styleUrl>#plotStyle</styleUrl>
      <MultiGeometry><Polygon><outerBoundaryIs><LinearRing><coordinates>103.8862917,14.5098067,0 103.8878333,14.5093700,0 103.8873633,14.5081633,0 103.8868217,14.5082850,0 103.8868283,14.5084200,0 103.8865883,14.5085683,0 103.8866767,14.5088350,0 103.8860400,14.5090750,0 103.8862917,14.5098067,0</coordinates></LinearRing></outerBoundaryIs></Polygon></MultiGeometry>
    </Placemark>
    <Placemark>
      <name>321011171578</name>
      <description><![CDATA[<div style='font-family:Tahoma,sans-serif; font-size:13px;'><h3 style='color:#1565C0; margin:4px 0;'>รหัสแปลง: 321011171578</h3><p style='margin:2px 0;'><b>กลุ่มคิว:</b> 71_001</p><table border='1' style='border-collapse:collapse; border-color:#ccc; width:100%;'><tr><td style='padding:3px 6px; font-weight:bold; background-color:#f2f2f2;'>รหัสกลุ่มคิว</td><td style='padding:3px 6px;'>71/001</td></tr><tr><td style='padding:3px 6px; font-weight:bold; background-color:#f2f2f2;'>รหัสรับเหมา</td><td style='padding:3px 6px;'>733638</td></tr><tr><td style='padding:3px 6px; font-weight:bold; background-color:#f2f2f2;'>ชื่อ-สกุล รับเหมา</td><td style='padding:3px 6px;'>นาย สิทธิชัย ธรรมสุข</td></tr><tr><td style='padding:3px 6px; font-weight:bold; background-color:#f2f2f2;'>นักเกษตร</td><td style='padding:3px 6px;'>7104</td></tr><tr><td style='padding:3px 6px; font-weight:bold; background-color:#f2f2f2;'>ศูนย์</td><td style='padding:3px 6px;'>K2-71</td></tr><tr><td style='padding:3px 6px; font-weight:bold; background-color:#f2f2f2;'>โควตา</td><td style='padding:3px 6px;'>733977</td></tr><tr><td style='padding:3px 6px; font-weight:bold; background-color:#f2f2f2;'>ชาวไร่</td><td style='padding:3px 6px;'>นาย เพ็ญ นามม่วง</td></tr><tr><td style='padding:3px 6px; font-weight:bold; background-color:#f2f2f2;'>ประเภทอ้อย</td><td style='padding:3px 6px;'>ปลายฝน</td></tr><tr><td style='padding:3px 6px; font-weight:bold; background-color:#f2f2f2;'>พื้นที่</td><td style='padding:3px 6px;'>10.44</td></tr><tr><td style='padding:3px 6px; font-weight:bold; background-color:#f2f2f2;'>ตันรวม</td><td style='padding:3px 6px;'>135.72</td></tr><tr><td style='padding:3px 6px; font-weight:bold; background-color:#f2f2f2;'>รหัสแปลง</td><td style='padding:3px 6px;'>321011171578</td></tr><tr><td style='padding:3px 6px; font-weight:bold; background-color:#f2f2f2;'>กลุ่ม</td><td style='padding:3px 6px;'>กลุ่ม_71</td></tr></table></div>]]></description>
      <styleUrl>#plotStyle</styleUrl>
      <MultiGeometry><Polygon><outerBoundaryIs><LinearRing><coordinates>103.8097663,14.4890202,0 103.8085265,14.4888635,0 103.8083741,14.4897468,0 103.8095522,14.4901270,0 103.8097783,14.4901189,0 103.8097996,14.4894272,0 103.8097663,14.4890202,0</coordinates></LinearRing></outerBoundaryIs></Polygon></MultiGeometry>
    </Placemark>
    <Placemark>
      <name>321017051573</name>
      <description><![CDATA[<div style='font-family:Tahoma,sans-serif; font-size:13px;'><h3 style='color:#1565C0; margin:4px 0;'>รหัสแปลง: 321017051573</h3><p style='margin:2px 0;'><b>กลุ่มคิว:</b> 71_001</p><table border='1' style='border-collapse:collapse; border-color:#ccc; width:100%;'><tr><td style='padding:3px 6px; font-weight:bold; background-color:#f2f2f2;'>รหัสกลุ่มคิว</td><td style='padding:3px 6px;'>71/001</td></tr><tr><td style='padding:3px 6px; font-weight:bold; background-color:#f2f2f2;'>รหัสรับเหมา</td><td style='padding:3px 6px;'>733638</td></tr><tr><td style='padding:3px 6px; font-weight:bold; background-color:#f2f2f2;'>ชื่อ-สกุล รับเหมา</td><td style='padding:3px 6px;'>นาย สิทธิชัย ธรรมสุข</td></tr><tr><td style='padding:3px 6px; font-weight:bold; background-color:#f2f2f2;'>นักเกษตร</td><td style='padding:3px 6px;'>7104</td></tr><tr><td style='padding:3px 6px; font-weight:bold; background-color:#f2f2f2;'>ศูนย์</td><td style='padding:3px 6px;'>K2-71</td></tr><tr><td style='padding:3px 6px; font-weight:bold; background-color:#f2f2f2;'>โควตา</td><td style='padding:3px 6px;'>774198</td></tr><tr><td style='padding:3px 6px; font-weight:bold; background-color:#f2f2f2;'>ชาวไร่</td><td style='padding:3px 6px;'>นาย นพพร ศรียันต์</td></tr><tr><td style='padding:3px 6px; font-weight:bold; background-color:#f2f2f2;'>ประเภทอ้อย</td><td style='padding:3px 6px;'>ปลายฝน</td></tr><tr><td style='padding:3px 6px; font-weight:bold; background-color:#f2f2f2;'>พื้นที่</td><td style='padding:3px 6px;'>18.16</td></tr><tr><td style='padding:3px 6px; font-weight:bold; background-color:#f2f2f2;'>ตันรวม</td><td style='padding:3px 6px;'>236.08</td></tr><tr><td style='padding:3px 6px; font-weight:bold; background-color:#f2f2f2;'>รหัสแปลง</td><td style='padding:3px 6px;'>321017051573</td></tr><tr><td style='padding:3px 6px; font-weight:bold; background-color:#f2f2f2;'>กลุ่ม</td><td style='padding:3px 6px;'>กลุ่ม_71</td></tr></table></div>]]></description>
      <styleUrl>#plotStyle</styleUrl>
      <MultiGeometry><Polygon><outerBoundaryIs><LinearRing><coordinates>103.8586978,14.4794014,0 103.8578133,14.4779653,0 103.8577513,14.4779744,0 103.8574621,14.4775975,0 103.8574050,14.4775694,0 103.8560764,14.4779472,0 103.8560601,14.4779731,0 103.8560526,14.4779833,0 103.8561907,14.4788320,0 103.8574949,14.4787550,0 103.8577703,14.4787820,0 103.8579526,14.4795540,0 103.8586978,14.4794014,0</coordinates></LinearRing></outerBoundaryIs></Polygon></MultiGeometry>
    </Placemark>
    <Placemark>
      <name>321017101511</name>
      <description><![CDATA[<div style='font-family:Tahoma,sans-serif; font-size:13px;'><h3 style='color:#1565C0; margin:4px 0;'>รหัสแปลง: 321017101511</h3><p style='margin:2px 0;'><b>กลุ่มคิว:</b> 71_001</p><table border='1' style='border-collapse:collapse; border-color:#ccc; width:100%;'><tr><td style='padding:3px 6px; font-weight:bold; background-color:#f2f2f2;'>รหัสกลุ่มคิว</td><td style='padding:3px 6px;'>71/001</td></tr><tr><td style='padding:3px 6px; font-weight:bold; background-color:#f2f2f2;'>รหัสรับเหมา</td><td style='padding:3px 6px;'>733638</td></tr><tr><td style='padding:3px 6px; font-weight:bold; background-color:#f2f2f2;'>ชื่อ-สกุล รับเหมา</td><td style='padding:3px 6px;'>นาย สิทธิชัย ธรรมสุข</td></tr><tr><td style='padding:3px 6px; font-weight:bold; background-color:#f2f2f2;'>นักเกษตร</td><td style='padding:3px 6px;'>7104</td></tr><tr><td style='padding:3px 6px; font-weight:bold; background-color:#f2f2f2;'>ศูนย์</td><td style='padding:3px 6px;'>K2-71</td></tr><tr><td style='padding:3px 6px; font-weight:bold; background-color:#f2f2f2;'>โควตา</td><td style='padding:3px 6px;'>730094</td></tr><tr><td style='padding:3px 6px; font-weight:bold; background-color:#f2f2f2;'>ชาวไร่</td><td style='padding:3px 6px;'>นาย ยศ แรงหาญ</td></tr><tr><td style='padding:3px 6px; font-weight:bold; background-color:#f2f2f2;'>ประเภทอ้อย</td><td style='padding:3px 6px;'>ปลายฝน</td></tr><tr><td style='padding:3px 6px; font-weight:bold; background-color:#f2f2f2;'>พื้นที่</td><td style='padding:3px 6px;'>13.64</td></tr><tr><td style='padding:3px 6px; font-weight:bold; background-color:#f2f2f2;'>ตันรวม</td><td style='padding:3px 6px;'>177.32</td></tr><tr><td style='padding:3px 6px; font-weight:bold; background-color:#f2f2f2;'>รหัสแปลง</td><td style='padding:3px 6px;'>321017101511</td></tr><tr><td style='padding:3px 6px; font-weight:bold; background-color:#f2f2f2;'>กลุ่ม</td><td style='padding:3px 6px;'>กลุ่ม_71</td></tr></table></div>]]></description>
      <styleUrl>#plotStyle</styleUrl>
      <MultiGeometry><Polygon><outerBoundaryIs><LinearRing><coordinates>103.8462916,14.4477736,0 103.8481686,14.4495686,0 103.8487100,14.4489893,0 103.8466609,14.4473067,0 103.8462916,14.4477736,0</coordinates></LinearRing></outerBoundaryIs></Polygon></MultiGeometry>
    </Placemark>
    <Placemark>
      <name>321011011552</name>
      <description><![CDATA[<div style='font-family:Tahoma,sans-serif; font-size:13px;'><h3 style='color:#1565C0; margin:4px 0;'>รหัสแปลง: 321011011552</h3><p style='margin:2px 0;'><b>กลุ่มคิว:</b> 71_001</p><table border='1' style='border-collapse:collapse; border-color:#ccc; width:100%;'><tr><td style='padding:3px 6px; font-weight:bold; background-color:#f2f2f2;'>รหัสกลุ่มคิว</td><td style='padding:3px 6px;'>71/001</td></tr><tr><td style='padding:3px 6px; font-weight:bold; background-color:#f2f2f2;'>รหัสรับเหมา</td><td style='padding:3px 6px;'>733638</td></tr><tr><td style='padding:3px 6px; font-weight:bold; background-color:#f2f2f2;'>ชื่อ-สกุล รับเหมา</td><td style='padding:3px 6px;'>นาย สิทธิชัย ธรรมสุข</td></tr><tr><td style='padding:3px 6px; font-weight:bold; background-color:#f2f2f2;'>นักเกษตร</td><td style='padding:3px 6px;'>7104</td></tr><tr><td style='padding:3px 6px; font-weight:bold; background-color:#f2f2f2;'>ศูนย์</td><td style='padding:3px 6px;'>K2-71</td></tr><tr><td style='padding:3px 6px; font-weight:bold; background-color:#f2f2f2;'>โควตา</td><td style='padding:3px 6px;'>733136</td></tr><tr><td style='padding:3px 6px; font-weight:bold; background-color:#f2f2f2;'>ชาวไร่</td><td style='padding:3px 6px;'>นางสาว รุ่งทิพย์ นามม่วง</td></tr><tr><td style='padding:3px 6px; font-weight:bold; background-color:#f2f2f2;'>ประเภทอ้อย</td><td style='padding:3px 6px;'>ปลายฝน</td></tr><tr><td style='padding:3px 6px; font-weight:bold; background-color:#f2f2f2;'>พื้นที่</td><td style='padding:3px 6px;'>16.68</td></tr><tr><td style='padding:3px 6px; font-weight:bold; background-color:#f2f2f2;'>ตันรวม</td><td style='padding:3px 6px;'>216.84</td></tr><tr><td style='padding:3px 6px; font-weight:bold; background-color:#f2f2f2;'>รหัสแปลง</td><td style='padding:3px 6px;'>321011011552</td></tr><tr><td style='padding:3px 6px; font-weight:bold; background-color:#f2f2f2;'>กลุ่ม</td><td style='padding:3px 6px;'>กลุ่ม_71</td></tr></table></div>]]></description>
      <styleUrl>#plotStyle</styleUrl>
      <MultiGeometry><Polygon><outerBoundaryIs><LinearRing><coordinates>103.8171236,14.4915934,0 103.8175438,14.4926734,0 103.8177342,14.4928661,0 103.8184003,14.4930051,0 103.8194181,14.4913411,0 103.8171236,14.4915934,0</coordinates></LinearRing></outerBoundaryIs></Polygon></MultiGeometry>
    </Placemark>
    <Placemark>
      <name>321017051574</name>
      <description><![CDATA[<div style='font-family:Tahoma,sans-serif; font-size:13px;'><h3 style='color:#1565C0; margin:4px 0;'>รหัสแปลง: 321017051574</h3><p style='margin:2px 0;'><b>กลุ่มคิว:</b> 71_001</p><table border='1' style='border-collapse:collapse; border-color:#ccc; width:100%;'><tr><td style='padding:3px 6px; font-weight:bold; background-color:#f2f2f2;'>รหัสกลุ่มคิว</td><td style='padding:3px 6px;'>71/001</td></tr><tr><td style='padding:3px 6px; font-weight:bold; background-color:#f2f2f2;'>รหัสรับเหมา</td><td style='padding:3px 6px;'>733638</td></tr><tr><td style='padding:3px 6px; font-weight:bold; background-color:#f2f2f2;'>ชื่อ-สกุล รับเหมา</td><td style='padding:3px 6px;'>นาย สิทธิชัย ธรรมสุข</td></tr><tr><td style='padding:3px 6px; font-weight:bold; background-color:#f2f2f2;'>นักเกษตร</td><td style='padding:3px 6px;'>7104</td></tr><tr><td style='padding:3px 6px; font-weight:bold; background-color:#f2f2f2;'>ศูนย์</td><td style='padding:3px 6px;'>K2-71</td></tr><tr><td style='padding:3px 6px; font-weight:bold; background-color:#f2f2f2;'>โควตา</td><td style='padding:3px 6px;'>733797</td></tr><tr><td style='padding:3px 6px; font-weight:bold; background-color:#f2f2f2;'>ชาวไร่</td><td style='padding:3px 6px;'>นาย ชาติ ปุ่มแม่น</td></tr><tr><td style='padding:3px 6px; font-weight:bold; background-color:#f2f2f2;'>ประเภทอ้อย</td><td style='padding:3px 6px;'>ปลายฝน</td></tr><tr><td style='padding:3px 6px; font-weight:bold; background-color:#f2f2f2;'>พื้นที่</td><td style='padding:3px 6px;'>9.43</td></tr><tr><td style='padding:3px 6px; font-weight:bold; background-color:#f2f2f2;'>ตันรวม</td><td style='padding:3px 6px;'>122.59</td></tr><tr><td style='padding:3px 6px; font-weight:bold; background-color:#f2f2f2;'>รหัสแปลง</td><td style='padding:3px 6px;'>321017051574</td></tr><tr><td style='padding:3px 6px; font-weight:bold; background-color:#f2f2f2;'>กลุ่ม</td><td style='padding:3px 6px;'>กลุ่ม_71</td></tr></table></div>]]></description>
      <styleUrl>#plotStyle</styleUrl>
      <MultiGeometry><Polygon><outerBoundaryIs><LinearRing><coordinates>103.8588100,14.4971400,0 103.8572267,14.4970817,0 103.8573467,14.4978950,0 103.8586683,14.4980567,0 103.8588100,14.4971400,0</coordinates></LinearRing></outerBoundaryIs></Polygon></MultiGeometry>
    </Placemark>
    <Placemark>
      <name>321011101746</name>
      <description><![CDATA[<div style='font-family:Tahoma,sans-serif; font-size:13px;'><h3 style='color:#1565C0; margin:4px 0;'>รหัสแปลง: 321011101746</h3><p style='margin:2px 0;'><b>กลุ่มคิว:</b> 71_001</p><table border='1' style='border-collapse:collapse; border-color:#ccc; width:100%;'><tr><td style='padding:3px 6px; font-weight:bold; background-color:#f2f2f2;'>รหัสกลุ่มคิว</td><td style='padding:3px 6px;'>71/001</td></tr><tr><td style='padding:3px 6px; font-weight:bold; background-color:#f2f2f2;'>รหัสรับเหมา</td><td style='padding:3px 6px;'>733638</td></tr><tr><td style='padding:3px 6px; font-weight:bold; background-color:#f2f2f2;'>ชื่อ-สกุล รับเหมา</td><td style='padding:3px 6px;'>นาย สิทธิชัย ธรรมสุข</td></tr><tr><td style='padding:3px 6px; font-weight:bold; background-color:#f2f2f2;'>นักเกษตร</td><td style='padding:3px 6px;'>7104</td></tr><tr><td style='padding:3px 6px; font-weight:bold; background-color:#f2f2f2;'>ศูนย์</td><td style='padding:3px 6px;'>K2-71</td></tr><tr><td style='padding:3px 6px; font-weight:bold; background-color:#f2f2f2;'>โควตา</td><td style='padding:3px 6px;'>733947</td></tr><tr><td style='padding:3px 6px; font-weight:bold; background-color:#f2f2f2;'>ชาวไร่</td><td style='padding:3px 6px;'>นาย เสริฐ ชาวสวน</td></tr><tr><td style='padding:3px 6px; font-weight:bold; background-color:#f2f2f2;'>ประเภทอ้อย</td><td style='padding:3px 6px;'>ปลายฝน</td></tr><tr><td style='padding:3px 6px; font-weight:bold; background-color:#f2f2f2;'>พื้นที่</td><td style='padding:3px 6px;'>4.38</td></tr><tr><td style='padding:3px 6px; font-weight:bold; background-color:#f2f2f2;'>ตันรวม</td><td style='padding:3px 6px;'>56.94</td></tr><tr><td style='padding:3px 6px; font-weight:bold; background-color:#f2f2f2;'>รหัสแปลง</td><td style='padding:3px 6px;'>321011101746</td></tr><tr><td style='padding:3px 6px; font-weight:bold; background-color:#f2f2f2;'>กลุ่ม</td><td style='padding:3px 6px;'>กลุ่ม_71</td></tr></table></div>]]></description>
      <styleUrl>#plotStyle</styleUrl>
      <MultiGeometry><Polygon><outerBoundaryIs><LinearRing><coordinates>103.8052095,14.5178767,0 103.8051680,14.5183811,0 103.8053123,14.5184035,0 103.8063692,14.5183337,0 103.8063857,14.5178827,0 103.8052095,14.5178767,0</coordinates></LinearRing></outerBoundaryIs></Polygon></MultiGeometry>
    </Placemark>
    <Placemark>
      <name>321011011553</name>
      <description><![CDATA[<div style='font-family:Tahoma,sans-serif; font-size:13px;'><h3 style='color:#1565C0; margin:4px 0;'>รหัสแปลง: 321011011553</h3><p style='margin:2px 0;'><b>กลุ่มคิว:</b> 71_001</p><table border='1' style='border-collapse:collapse; border-color:#ccc; width:100%;'><tr><td style='padding:3px 6px; font-weight:bold; background-color:#f2f2f2;'>รหัสกลุ่มคิว</td><td style='padding:3px 6px;'>71/001</td></tr><tr><td style='padding:3px 6px; font-weight:bold; background-color:#f2f2f2;'>รหัสรับเหมา</td><td style='padding:3px 6px;'>733638</td></tr><tr><td style='padding:3px 6px; font-weight:bold; background-color:#f2f2f2;'>ชื่อ-สกุล รับเหมา</td><td style='padding:3px 6px;'>นาย สิทธิชัย ธรรมสุข</td></tr><tr><td style='padding:3px 6px; font-weight:bold; background-color:#f2f2f2;'>นักเกษตร</td><td style='padding:3px 6px;'>7104</td></tr><tr><td style='padding:3px 6px; font-weight:bold; background-color:#f2f2f2;'>ศูนย์</td><td style='padding:3px 6px;'>K2-71</td></tr><tr><td style='padding:3px 6px; font-weight:bold; background-color:#f2f2f2;'>โควตา</td><td style='padding:3px 6px;'>733103</td></tr><tr><td style='padding:3px 6px; font-weight:bold; background-color:#f2f2f2;'>ชาวไร่</td><td style='padding:3px 6px;'>นาย สวัสดิ์ จันทร์มาณ</td></tr><tr><td style='padding:3px 6px; font-weight:bold; background-color:#f2f2f2;'>ประเภทอ้อย</td><td style='padding:3px 6px;'>ปลายฝน</td></tr><tr><td style='padding:3px 6px; font-weight:bold; background-color:#f2f2f2;'>พื้นที่</td><td style='padding:3px 6px;'>8.97</td></tr><tr><td style='padding:3px 6px; font-weight:bold; background-color:#f2f2f2;'>ตันรวม</td><td style='padding:3px 6px;'>116.61</td></tr><tr><td style='padding:3px 6px; font-weight:bold; background-color:#f2f2f2;'>รหัสแปลง</td><td style='padding:3px 6px;'>321011011553</td></tr><tr><td style='padding:3px 6px; font-weight:bold; background-color:#f2f2f2;'>กลุ่ม</td><td style='padding:3px 6px;'>กลุ่ม_71</td></tr></table></div>]]></description>
      <styleUrl>#plotStyle</styleUrl>
      <MultiGeometry><Polygon><outerBoundaryIs><LinearRing><coordinates>103.8056122,14.5028093,0 103.8056036,14.5023502,0 103.8054828,14.5022854,0 103.8054399,14.5022336,0 103.8054052,14.5021101,0 103.8053690,14.5020872,0 103.8048972,14.5019664,0 103.8044056,14.5019116,0 103.8045321,14.5014542,0 103.8043552,14.5014105,0 103.8042056,14.5019099,0 103.8041727,14.5019261,0 103.8039261,14.5019612,0 103.8039131,14.5025074,0 103.8056122,14.5028093,0</coordinates></LinearRing></outerBoundaryIs></Polygon></MultiGeometry>
    </Placemark>
    <Placemark>
      <name>321017071678</name>
      <description><![CDATA[<div style='font-family:Tahoma,sans-serif; font-size:13px;'><h3 style='color:#1565C0; margin:4px 0;'>รหัสแปลง: 321017071678</h3><p style='margin:2px 0;'><b>กลุ่มคิว:</b> 71_001</p><table border='1' style='border-collapse:collapse; border-color:#ccc; width:100%;'><tr><td style='padding:3px 6px; font-weight:bold; background-color:#f2f2f2;'>รหัสกลุ่มคิว</td><td style='padding:3px 6px;'>71/001</td></tr><tr><td style='padding:3px 6px; font-weight:bold; background-color:#f2f2f2;'>รหัสรับเหมา</td><td style='padding:3px 6px;'>733638</td></tr><tr><td style='padding:3px 6px; font-weight:bold; background-color:#f2f2f2;'>ชื่อ-สกุล รับเหมา</td><td style='padding:3px 6px;'>นาย สิทธิชัย ธรรมสุข</td></tr><tr><td style='padding:3px 6px; font-weight:bold; background-color:#f2f2f2;'>นักเกษตร</td><td style='padding:3px 6px;'>7104</td></tr><tr><td style='padding:3px 6px; font-weight:bold; background-color:#f2f2f2;'>ศูนย์</td><td style='padding:3px 6px;'>K2-71</td></tr><tr><td style='padding:3px 6px; font-weight:bold; background-color:#f2f2f2;'>โควตา</td><td style='padding:3px 6px;'>701729</td></tr><tr><td style='padding:3px 6px; font-weight:bold; background-color:#f2f2f2;'>ชาวไร่</td><td style='padding:3px 6px;'>นาย วัฒนา จรจอม</td></tr><tr><td style='padding:3px 6px; font-weight:bold; background-color:#f2f2f2;'>ประเภทอ้อย</td><td style='padding:3px 6px;'>ปลายฝน</td></tr><tr><td style='padding:3px 6px; font-weight:bold; background-color:#f2f2f2;'>พื้นที่</td><td style='padding:3px 6px;'>4.37</td></tr><tr><td style='padding:3px 6px; font-weight:bold; background-color:#f2f2f2;'>ตันรวม</td><td style='padding:3px 6px;'>56.81</td></tr><tr><td style='padding:3px 6px; font-weight:bold; background-color:#f2f2f2;'>รหัสแปลง</td><td style='padding:3px 6px;'>321017071678</td></tr><tr><td style='padding:3px 6px; font-weight:bold; background-color:#f2f2f2;'>กลุ่ม</td><td style='padding:3px 6px;'>กลุ่ม_71</td></tr></table></div>]]></description>
      <styleUrl>#plotStyle</styleUrl>
      <MultiGeometry><Polygon><outerBoundaryIs><LinearRing><coordinates>103.8609767,14.5066833,0 103.8607733,14.5066017,0 103.8606767,14.5073000,0 103.8614117,14.5074600,0 103.8616100,14.5067650,0 103.8615850,14.5066683,0 103.8609767,14.5066833,0</coordinates></LinearRing></outerBoundaryIs></Polygon></MultiGeometry>
    </Placemark>
    <Placemark>
      <name>321017101512</name>
      <description><![CDATA[<div style='font-family:Tahoma,sans-serif; font-size:13px;'><h3 style='color:#1565C0; margin:4px 0;'>รหัสแปลง: 321017101512</h3><p style='margin:2px 0;'><b>กลุ่มคิว:</b> 71_001</p><table border='1' style='border-collapse:collapse; border-color:#ccc; width:100%;'><tr><td style='padding:3px 6px; font-weight:bold; background-color:#f2f2f2;'>รหัสกลุ่มคิว</td><td style='padding:3px 6px;'>71/001</td></tr><tr><td style='padding:3px 6px; font-weight:bold; background-color:#f2f2f2;'>รหัสรับเหมา</td><td style='padding:3px 6px;'>733638</td></tr><tr><td style='padding:3px 6px; font-weight:bold; background-color:#f2f2f2;'>ชื่อ-สกุล รับเหมา</td><td style='padding:3px 6px;'>นาย สิทธิชัย ธรรมสุข</td></tr><tr><td style='padding:3px 6px; font-weight:bold; background-color:#f2f2f2;'>นักเกษตร</td><td style='padding:3px 6px;'>7104</td></tr><tr><td style='padding:3px 6px; font-weight:bold; background-color:#f2f2f2;'>ศูนย์</td><td style='padding:3px 6px;'>K2-71</td></tr><tr><td style='padding:3px 6px; font-weight:bold; background-color:#f2f2f2;'>โควตา</td><td style='padding:3px 6px;'>733799</td></tr><tr><td style='padding:3px 6px; font-weight:bold; background-color:#f2f2f2;'>ชาวไร่</td><td style='padding:3px 6px;'>นาย นรินทร์ เนียมงาม</td></tr><tr><td style='padding:3px 6px; font-weight:bold; background-color:#f2f2f2;'>ประเภทอ้อย</td><td style='padding:3px 6px;'>ปลายฝน</td></tr><tr><td style='padding:3px 6px; font-weight:bold; background-color:#f2f2f2;'>พื้นที่</td><td style='padding:3px 6px;'>4.72</td></tr><tr><td style='padding:3px 6px; font-weight:bold; background-color:#f2f2f2;'>ตันรวม</td><td style='padding:3px 6px;'>61.36</td></tr><tr><td style='padding:3px 6px; font-weight:bold; background-color:#f2f2f2;'>รหัสแปลง</td><td style='padding:3px 6px;'>321017101512</td></tr><tr><td style='padding:3px 6px; font-weight:bold; background-color:#f2f2f2;'>กลุ่ม</td><td style='padding:3px 6px;'>กลุ่ม_71</td></tr></table></div>]]></description>
      <styleUrl>#plotStyle</styleUrl>
      <MultiGeometry><Polygon><outerBoundaryIs><LinearRing><coordinates>103.8705433,14.4518117,0 103.8710383,14.4518500,0 103.8710817,14.4514950,0 103.8692133,14.4513717,0 103.8691867,14.4516817,0 103.8705433,14.4518117,0</coordinates></LinearRing></outerBoundaryIs></Polygon></MultiGeometry>
    </Placemark>
    <Placemark>
      <name>321011011556</name>
      <description><![CDATA[<div style='font-family:Tahoma,sans-serif; font-size:13px;'><h3 style='color:#1565C0; margin:4px 0;'>รหัสแปลง: 321011011556</h3><p style='margin:2px 0;'><b>กลุ่มคิว:</b> 71_001</p><table border='1' style='border-collapse:collapse; border-color:#ccc; width:100%;'><tr><td style='padding:3px 6px; font-weight:bold; background-color:#f2f2f2;'>รหัสกลุ่มคิว</td><td style='padding:3px 6px;'>71/001</td></tr><tr><td style='padding:3px 6px; font-weight:bold; background-color:#f2f2f2;'>รหัสรับเหมา</td><td style='padding:3px 6px;'>733638</td></tr><tr><td style='padding:3px 6px; font-weight:bold; background-color:#f2f2f2;'>ชื่อ-สกุล รับเหมา</td><td style='padding:3px 6px;'>นาย สิทธิชัย ธรรมสุข</td></tr><tr><td style='padding:3px 6px; font-weight:bold; background-color:#f2f2f2;'>นักเกษตร</td><td style='padding:3px 6px;'>7104</td></tr><tr><td style='padding:3px 6px; font-weight:bold; background-color:#f2f2f2;'>ศูนย์</td><td style='padding:3px 6px;'>K2-71</td></tr><tr><td style='padding:3px 6px; font-weight:bold; background-color:#f2f2f2;'>โควตา</td><td style='padding:3px 6px;'>774212</td></tr><tr><td style='padding:3px 6px; font-weight:bold; background-color:#f2f2f2;'>ชาวไร่</td><td style='padding:3px 6px;'>นาง บุ ลำดวนหอม</td></tr><tr><td style='padding:3px 6px; font-weight:bold; background-color:#f2f2f2;'>ประเภทอ้อย</td><td style='padding:3px 6px;'>ปลายฝน</td></tr><tr><td style='padding:3px 6px; font-weight:bold; background-color:#f2f2f2;'>พื้นที่</td><td style='padding:3px 6px;'>4.86</td></tr><tr><td style='padding:3px 6px; font-weight:bold; background-color:#f2f2f2;'>ตันรวม</td><td style='padding:3px 6px;'>63.18</td></tr><tr><td style='padding:3px 6px; font-weight:bold; background-color:#f2f2f2;'>รหัสแปลง</td><td style='padding:3px 6px;'>321011011556</td></tr><tr><td style='padding:3px 6px; font-weight:bold; background-color:#f2f2f2;'>กลุ่ม</td><td style='padding:3px 6px;'>กลุ่ม_71</td></tr></table></div>]]></description>
      <styleUrl>#plotStyle</styleUrl>
      <MultiGeometry><Polygon><outerBoundaryIs><LinearRing><coordinates>103.8110072,14.4893209,0 103.8111693,14.4888330,0 103.8098584,14.4882617,0 103.8097665,14.4886680,0 103.8110072,14.4893209,0</coordinates></LinearRing></outerBoundaryIs></Polygon></MultiGeometry>
    </Placemark>
    <Placemark>
      <name>321011151548</name>
      <description><![CDATA[<div style='font-family:Tahoma,sans-serif; font-size:13px;'><h3 style='color:#1565C0; margin:4px 0;'>รหัสแปลง: 321011151548</h3><p style='margin:2px 0;'><b>กลุ่มคิว:</b> 71_001</p><table border='1' style='border-collapse:collapse; border-color:#ccc; width:100%;'><tr><td style='padding:3px 6px; font-weight:bold; background-color:#f2f2f2;'>รหัสกลุ่มคิว</td><td style='padding:3px 6px;'>71/001</td></tr><tr><td style='padding:3px 6px; font-weight:bold; background-color:#f2f2f2;'>รหัสรับเหมา</td><td style='padding:3px 6px;'>733638</td></tr><tr><td style='padding:3px 6px; font-weight:bold; background-color:#f2f2f2;'>ชื่อ-สกุล รับเหมา</td><td style='padding:3px 6px;'>นาย สิทธิชัย ธรรมสุข</td></tr><tr><td style='padding:3px 6px; font-weight:bold; background-color:#f2f2f2;'>นักเกษตร</td><td style='padding:3px 6px;'>7104</td></tr><tr><td style='padding:3px 6px; font-weight:bold; background-color:#f2f2f2;'>ศูนย์</td><td style='padding:3px 6px;'>K2-71</td></tr><tr><td style='padding:3px 6px; font-weight:bold; background-color:#f2f2f2;'>โควตา</td><td style='padding:3px 6px;'>774210</td></tr><tr><td style='padding:3px 6px; font-weight:bold; background-color:#f2f2f2;'>ชาวไร่</td><td style='padding:3px 6px;'>นาง เฮม สามาศ</td></tr><tr><td style='padding:3px 6px; font-weight:bold; background-color:#f2f2f2;'>ประเภทอ้อย</td><td style='padding:3px 6px;'>ปลายฝน</td></tr><tr><td style='padding:3px 6px; font-weight:bold; background-color:#f2f2f2;'>พื้นที่</td><td style='padding:3px 6px;'>7.79</td></tr><tr><td style='padding:3px 6px; font-weight:bold; background-color:#f2f2f2;'>ตันรวม</td><td style='padding:3px 6px;'>101.27</td></tr><tr><td style='padding:3px 6px; font-weight:bold; background-color:#f2f2f2;'>รหัสแปลง</td><td style='padding:3px 6px;'>321011151548</td></tr><tr><td style='padding:3px 6px; font-weight:bold; background-color:#f2f2f2;'>กลุ่ม</td><td style='padding:3px 6px;'>กลุ่ม_71</td></tr></table></div>]]></description>
      <styleUrl>#plotStyle</styleUrl>
      <MultiGeometry><Polygon><outerBoundaryIs><LinearRing><coordinates>103.7972928,14.5190718,0 103.7966861,14.5188990,0 103.7966419,14.5190583,0 103.7969828,14.5205416,0 103.7971221,14.5205632,0 103.7973820,14.5205681,0 103.7976080,14.5205565,0 103.7976512,14.5205233,0 103.7972928,14.5190718,0</coordinates></LinearRing></outerBoundaryIs></Polygon></MultiGeometry>
    </Placemark>
    <Placemark>
      <name>321011011557</name>
      <description><![CDATA[<div style='font-family:Tahoma,sans-serif; font-size:13px;'><h3 style='color:#1565C0; margin:4px 0;'>รหัสแปลง: 321011011557</h3><p style='margin:2px 0;'><b>กลุ่มคิว:</b> 71_001</p><table border='1' style='border-collapse:collapse; border-color:#ccc; width:100%;'><tr><td style='padding:3px 6px; font-weight:bold; background-color:#f2f2f2;'>รหัสกลุ่มคิว</td><td style='padding:3px 6px;'>71/001</td></tr><tr><td style='padding:3px 6px; font-weight:bold; background-color:#f2f2f2;'>รหัสรับเหมา</td><td style='padding:3px 6px;'>733638</td></tr><tr><td style='padding:3px 6px; font-weight:bold; background-color:#f2f2f2;'>ชื่อ-สกุล รับเหมา</td><td style='padding:3px 6px;'>นาย สิทธิชัย ธรรมสุข</td></tr><tr><td style='padding:3px 6px; font-weight:bold; background-color:#f2f2f2;'>นักเกษตร</td><td style='padding:3px 6px;'>7104</td></tr><tr><td style='padding:3px 6px; font-weight:bold; background-color:#f2f2f2;'>ศูนย์</td><td style='padding:3px 6px;'>K2-71</td></tr><tr><td style='padding:3px 6px; font-weight:bold; background-color:#f2f2f2;'>โควตา</td><td style='padding:3px 6px;'>774211</td></tr><tr><td style='padding:3px 6px; font-weight:bold; background-color:#f2f2f2;'>ชาวไร่</td><td style='padding:3px 6px;'>นาง เหียม สำราญสุข</td></tr><tr><td style='padding:3px 6px; font-weight:bold; background-color:#f2f2f2;'>ประเภทอ้อย</td><td style='padding:3px 6px;'>ปลายฝน</td></tr><tr><td style='padding:3px 6px; font-weight:bold; background-color:#f2f2f2;'>พื้นที่</td><td style='padding:3px 6px;'>2.72</td></tr><tr><td style='padding:3px 6px; font-weight:bold; background-color:#f2f2f2;'>ตันรวม</td><td style='padding:3px 6px;'>35.36</td></tr><tr><td style='padding:3px 6px; font-weight:bold; background-color:#f2f2f2;'>รหัสแปลง</td><td style='padding:3px 6px;'>321011011557</td></tr><tr><td style='padding:3px 6px; font-weight:bold; background-color:#f2f2f2;'>กลุ่ม</td><td style='padding:3px 6px;'>กลุ่ม_71</td></tr></table></div>]]></description>
      <styleUrl>#plotStyle</styleUrl>
      <MultiGeometry><Polygon><outerBoundaryIs><LinearRing><coordinates>103.8098851,14.4882542,0 103.8106642,14.4878418,0 103.8103331,14.4875447,0 103.8100785,14.4874079,0 103.8097608,14.4881956,0 103.8098851,14.4882542,0</coordinates></LinearRing></outerBoundaryIs></Polygon></MultiGeometry>
    </Placemark>
    <Placemark>
      <name>321017011660</name>
      <description><![CDATA[<div style='font-family:Tahoma,sans-serif; font-size:13px;'><h3 style='color:#1565C0; margin:4px 0;'>รหัสแปลง: 321017011660</h3><p style='margin:2px 0;'><b>กลุ่มคิว:</b> 71_001</p><table border='1' style='border-collapse:collapse; border-color:#ccc; width:100%;'><tr><td style='padding:3px 6px; font-weight:bold; background-color:#f2f2f2;'>รหัสกลุ่มคิว</td><td style='padding:3px 6px;'>71/001</td></tr><tr><td style='padding:3px 6px; font-weight:bold; background-color:#f2f2f2;'>รหัสรับเหมา</td><td style='padding:3px 6px;'>733638</td></tr><tr><td style='padding:3px 6px; font-weight:bold; background-color:#f2f2f2;'>ชื่อ-สกุล รับเหมา</td><td style='padding:3px 6px;'>นาย สิทธิชัย ธรรมสุข</td></tr><tr><td style='padding:3px 6px; font-weight:bold; background-color:#f2f2f2;'>นักเกษตร</td><td style='padding:3px 6px;'>7104</td></tr><tr><td style='padding:3px 6px; font-weight:bold; background-color:#f2f2f2;'>ศูนย์</td><td style='padding:3px 6px;'>K2-71</td></tr><tr><td style='padding:3px 6px; font-weight:bold; background-color:#f2f2f2;'>โควตา</td><td style='padding:3px 6px;'>733709</td></tr><tr><td style='padding:3px 6px; font-weight:bold; background-color:#f2f2f2;'>ชาวไร่</td><td style='padding:3px 6px;'>นาย จักรพันธ์ วันไทย</td></tr><tr><td style='padding:3px 6px; font-weight:bold; background-color:#f2f2f2;'>ประเภทอ้อย</td><td style='padding:3px 6px;'>ปลายฝน</td></tr><tr><td style='padding:3px 6px; font-weight:bold; background-color:#f2f2f2;'>พื้นที่</td><td style='padding:3px 6px;'>3.34</td></tr><tr><td style='padding:3px 6px; font-weight:bold; background-color:#f2f2f2;'>ตันรวม</td><td style='padding:3px 6px;'>43.42</td></tr><tr><td style='padding:3px 6px; font-weight:bold; background-color:#f2f2f2;'>รหัสแปลง</td><td style='padding:3px 6px;'>321017011660</td></tr><tr><td style='padding:3px 6px; font-weight:bold; background-color:#f2f2f2;'>กลุ่ม</td><td style='padding:3px 6px;'>กลุ่ม_71</td></tr></table></div>]]></description>
      <styleUrl>#plotStyle</styleUrl>
      <MultiGeometry><Polygon><outerBoundaryIs><LinearRing><coordinates>103.8497917,14.4514633,0 103.8499533,14.4512700,0 103.8482967,14.4502200,0 103.8482383,14.4502733,0 103.8478900,14.4500167,0 103.8477950,14.4500667,0 103.8497917,14.4514633,0</coordinates></LinearRing></outerBoundaryIs></Polygon></MultiGeometry>
    </Placemark>
    <Placemark>
      <name>321006051586</name>
      <description><![CDATA[<div style='font-family:Tahoma,sans-serif; font-size:13px;'><h3 style='color:#1565C0; margin:4px 0;'>รหัสแปลง: 321006051586</h3><p style='margin:2px 0;'><b>กลุ่มคิว:</b> 71_001</p><table border='1' style='border-collapse:collapse; border-color:#ccc; width:100%;'><tr><td style='padding:3px 6px; font-weight:bold; background-color:#f2f2f2;'>รหัสกลุ่มคิว</td><td style='padding:3px 6px;'>71/001</td></tr><tr><td style='padding:3px 6px; font-weight:bold; background-color:#f2f2f2;'>รหัสรับเหมา</td><td style='padding:3px 6px;'>733638</td></tr><tr><td style='padding:3px 6px; font-weight:bold; background-color:#f2f2f2;'>ชื่อ-สกุล รับเหมา</td><td style='padding:3px 6px;'>นาย สิทธิชัย ธรรมสุข</td></tr><tr><td style='padding:3px 6px; font-weight:bold; background-color:#f2f2f2;'>นักเกษตร</td><td style='padding:3px 6px;'>7104</td></tr><tr><td style='padding:3px 6px; font-weight:bold; background-color:#f2f2f2;'>ศูนย์</td><td style='padding:3px 6px;'>K2-71</td></tr><tr><td style='padding:3px 6px; font-weight:bold; background-color:#f2f2f2;'>โควตา</td><td style='padding:3px 6px;'>730542</td></tr><tr><td style='padding:3px 6px; font-weight:bold; background-color:#f2f2f2;'>ชาวไร่</td><td style='padding:3px 6px;'>นาง จุม พิกุลทอง</td></tr><tr><td style='padding:3px 6px; font-weight:bold; background-color:#f2f2f2;'>ประเภทอ้อย</td><td style='padding:3px 6px;'>ปลายฝน</td></tr><tr><td style='padding:3px 6px; font-weight:bold; background-color:#f2f2f2;'>พื้นที่</td><td style='padding:3px 6px;'>3.74</td></tr><tr><td style='padding:3px 6px; font-weight:bold; background-color:#f2f2f2;'>ตันรวม</td><td style='padding:3px 6px;'>48.62</td></tr><tr><td style='padding:3px 6px; font-weight:bold; background-color:#f2f2f2;'>รหัสแปลง</td><td style='padding:3px 6px;'>321006051586</td></tr><tr><td style='padding:3px 6px; font-weight:bold; background-color:#f2f2f2;'>กลุ่ม</td><td style='padding:3px 6px;'>กลุ่ม_71</td></tr></table></div>]]></description>
      <styleUrl>#plotStyle</styleUrl>
      <MultiGeometry><Polygon><outerBoundaryIs><LinearRing><coordinates>103.8826617,14.5367750,0 103.8813700,14.5366267,0 103.8813117,14.5370217,0 103.8826550,14.5371317,0 103.8826617,14.5367750,0</coordinates></LinearRing></outerBoundaryIs></Polygon></MultiGeometry>
    </Placemark>
    <Placemark>
      <name>321011041531</name>
      <description><![CDATA[<div style='font-family:Tahoma,sans-serif; font-size:13px;'><h3 style='color:#1565C0; margin:4px 0;'>รหัสแปลง: 321011041531</h3><p style='margin:2px 0;'><b>กลุ่มคิว:</b> 71_001</p><table border='1' style='border-collapse:collapse; border-color:#ccc; width:100%;'><tr><td style='padding:3px 6px; font-weight:bold; background-color:#f2f2f2;'>รหัสกลุ่มคิว</td><td style='padding:3px 6px;'>71/001</td></tr><tr><td style='padding:3px 6px; font-weight:bold; background-color:#f2f2f2;'>รหัสรับเหมา</td><td style='padding:3px 6px;'>733638</td></tr><tr><td style='padding:3px 6px; font-weight:bold; background-color:#f2f2f2;'>ชื่อ-สกุล รับเหมา</td><td style='padding:3px 6px;'>นาย สิทธิชัย ธรรมสุข</td></tr><tr><td style='padding:3px 6px; font-weight:bold; background-color:#f2f2f2;'>นักเกษตร</td><td style='padding:3px 6px;'>7104</td></tr><tr><td style='padding:3px 6px; font-weight:bold; background-color:#f2f2f2;'>ศูนย์</td><td style='padding:3px 6px;'>K2-71</td></tr><tr><td style='padding:3px 6px; font-weight:bold; background-color:#f2f2f2;'>โควตา</td><td style='padding:3px 6px;'>774198</td></tr><tr><td style='padding:3px 6px; font-weight:bold; background-color:#f2f2f2;'>ชาวไร่</td><td style='padding:3px 6px;'>นาย นพพร ศรียันต์</td></tr><tr><td style='padding:3px 6px; font-weight:bold; background-color:#f2f2f2;'>ประเภทอ้อย</td><td style='padding:3px 6px;'>ปลายฝน</td></tr><tr><td style='padding:3px 6px; font-weight:bold; background-color:#f2f2f2;'>พื้นที่</td><td style='padding:3px 6px;'>15.01</td></tr><tr><td style='padding:3px 6px; font-weight:bold; background-color:#f2f2f2;'>ตันรวม</td><td style='padding:3px 6px;'>195.13</td></tr><tr><td style='padding:3px 6px; font-weight:bold; background-color:#f2f2f2;'>รหัสแปลง</td><td style='padding:3px 6px;'>321011041531</td></tr><tr><td style='padding:3px 6px; font-weight:bold; background-color:#f2f2f2;'>กลุ่ม</td><td style='padding:3px 6px;'>กลุ่ม_71</td></tr></table></div>]]></description>
      <styleUrl>#plotStyle</styleUrl>
      <MultiGeometry><Polygon><outerBoundaryIs><LinearRing><coordinates>103.8301623,14.4490091,0 103.8302093,14.4491613,0 103.8302796,14.4494321,0 103.8313542,14.4491905,0 103.8310712,14.4480887,0 103.8310212,14.4479528,0 103.8309945,14.4477583,0 103.8309807,14.4477056,0 103.8309709,14.4476605,0 103.8309551,14.4476377,0 103.8297270,14.4475622,0 103.8301623,14.4490091,0</coordinates></LinearRing></outerBoundaryIs></Polygon></MultiGeometry>
    </Placemark>
    <Placemark>
      <name>321011011558</name>
      <description><![CDATA[<div style='font-family:Tahoma,sans-serif; font-size:13px;'><h3 style='color:#1565C0; margin:4px 0;'>รหัสแปลง: 321011011558</h3><p style='margin:2px 0;'><b>กลุ่มคิว:</b> 71_001</p><table border='1' style='border-collapse:collapse; border-color:#ccc; width:100%;'><tr><td style='padding:3px 6px; font-weight:bold; background-color:#f2f2f2;'>รหัสกลุ่มคิว</td><td style='padding:3px 6px;'>71/001</td></tr><tr><td style='padding:3px 6px; font-weight:bold; background-color:#f2f2f2;'>รหัสรับเหมา</td><td style='padding:3px 6px;'>733638</td></tr><tr><td style='padding:3px 6px; font-weight:bold; background-color:#f2f2f2;'>ชื่อ-สกุล รับเหมา</td><td style='padding:3px 6px;'>นาย สิทธิชัย ธรรมสุข</td></tr><tr><td style='padding:3px 6px; font-weight:bold; background-color:#f2f2f2;'>นักเกษตร</td><td style='padding:3px 6px;'>7104</td></tr><tr><td style='padding:3px 6px; font-weight:bold; background-color:#f2f2f2;'>ศูนย์</td><td style='padding:3px 6px;'>K2-71</td></tr><tr><td style='padding:3px 6px; font-weight:bold; background-color:#f2f2f2;'>โควตา</td><td style='padding:3px 6px;'>733004</td></tr><tr><td style='padding:3px 6px; font-weight:bold; background-color:#f2f2f2;'>ชาวไร่</td><td style='padding:3px 6px;'>นาง สำลี สุขสาม</td></tr><tr><td style='padding:3px 6px; font-weight:bold; background-color:#f2f2f2;'>ประเภทอ้อย</td><td style='padding:3px 6px;'>ปลายฝน</td></tr><tr><td style='padding:3px 6px; font-weight:bold; background-color:#f2f2f2;'>พื้นที่</td><td style='padding:3px 6px;'>7.51</td></tr><tr><td style='padding:3px 6px; font-weight:bold; background-color:#f2f2f2;'>ตันรวม</td><td style='padding:3px 6px;'>97.63</td></tr><tr><td style='padding:3px 6px; font-weight:bold; background-color:#f2f2f2;'>รหัสแปลง</td><td style='padding:3px 6px;'>321011011558</td></tr><tr><td style='padding:3px 6px; font-weight:bold; background-color:#f2f2f2;'>กลุ่ม</td><td style='padding:3px 6px;'>กลุ่ม_71</td></tr></table></div>]]></description>
      <styleUrl>#plotStyle</styleUrl>
      <MultiGeometry><Polygon><outerBoundaryIs><LinearRing><coordinates>103.8018002,14.4890752,0 103.8018163,14.4910153,0 103.8018622,14.4910605,0 103.8020820,14.4910902,0 103.8020805,14.4912970,0 103.8023317,14.4913216,0 103.8022794,14.4898862,0 103.8022105,14.4890469,0 103.8018002,14.4890752,0</coordinates></LinearRing></outerBoundaryIs></Polygon></MultiGeometry>
    </Placemark>
    <Placemark>
      <name>321011011559</name>
      <description><![CDATA[<div style='font-family:Tahoma,sans-serif; font-size:13px;'><h3 style='color:#1565C0; margin:4px 0;'>รหัสแปลง: 321011011559</h3><p style='margin:2px 0;'><b>กลุ่มคิว:</b> 71_001</p><table border='1' style='border-collapse:collapse; border-color:#ccc; width:100%;'><tr><td style='padding:3px 6px; font-weight:bold; background-color:#f2f2f2;'>รหัสกลุ่มคิว</td><td style='padding:3px 6px;'>71/001</td></tr><tr><td style='padding:3px 6px; font-weight:bold; background-color:#f2f2f2;'>รหัสรับเหมา</td><td style='padding:3px 6px;'>733638</td></tr><tr><td style='padding:3px 6px; font-weight:bold; background-color:#f2f2f2;'>ชื่อ-สกุล รับเหมา</td><td style='padding:3px 6px;'>นาย สิทธิชัย ธรรมสุข</td></tr><tr><td style='padding:3px 6px; font-weight:bold; background-color:#f2f2f2;'>นักเกษตร</td><td style='padding:3px 6px;'>7104</td></tr><tr><td style='padding:3px 6px; font-weight:bold; background-color:#f2f2f2;'>ศูนย์</td><td style='padding:3px 6px;'>K2-71</td></tr><tr><td style='padding:3px 6px; font-weight:bold; background-color:#f2f2f2;'>โควตา</td><td style='padding:3px 6px;'>774210</td></tr><tr><td style='padding:3px 6px; font-weight:bold; background-color:#f2f2f2;'>ชาวไร่</td><td style='padding:3px 6px;'>นาง เฮม สามาศ</td></tr><tr><td style='padding:3px 6px; font-weight:bold; background-color:#f2f2f2;'>ประเภทอ้อย</td><td style='padding:3px 6px;'>ปลายฝน</td></tr><tr><td style='padding:3px 6px; font-weight:bold; background-color:#f2f2f2;'>พื้นที่</td><td style='padding:3px 6px;'>6.21</td></tr><tr><td style='padding:3px 6px; font-weight:bold; background-color:#f2f2f2;'>ตันรวม</td><td style='padding:3px 6px;'>80.73</td></tr><tr><td style='padding:3px 6px; font-weight:bold; background-color:#f2f2f2;'>รหัสแปลง</td><td style='padding:3px 6px;'>321011011559</td></tr><tr><td style='padding:3px 6px; font-weight:bold; background-color:#f2f2f2;'>กลุ่ม</td><td style='padding:3px 6px;'>กลุ่ม_71</td></tr></table></div>]]></description>
      <styleUrl>#plotStyle</styleUrl>
      <MultiGeometry><Polygon><outerBoundaryIs><LinearRing><coordinates>103.8014774,14.4944878,0 103.8009647,14.4955236,0 103.8010584,14.4955470,0 103.8011738,14.4955535,0 103.8012724,14.4955337,0 103.8013539,14.4955235,0 103.8014457,14.4954871,0 103.8015173,14.4953965,0 103.8020293,14.4943418,0 103.8020566,14.4942599,0 103.8014422,14.4938455,0 103.8012277,14.4942183,0 103.8014774,14.4944878,0</coordinates></LinearRing></outerBoundaryIs></Polygon></MultiGeometry>
    </Placemark>
    <Placemark>
      <name>321017121581</name>
      <description><![CDATA[<div style='font-family:Tahoma,sans-serif; font-size:13px;'><h3 style='color:#1565C0; margin:4px 0;'>รหัสแปลง: 321017121581</h3><p style='margin:2px 0;'><b>กลุ่มคิว:</b> 71_001</p><table border='1' style='border-collapse:collapse; border-color:#ccc; width:100%;'><tr><td style='padding:3px 6px; font-weight:bold; background-color:#f2f2f2;'>รหัสกลุ่มคิว</td><td style='padding:3px 6px;'>71/001</td></tr><tr><td style='padding:3px 6px; font-weight:bold; background-color:#f2f2f2;'>รหัสรับเหมา</td><td style='padding:3px 6px;'>733638</td></tr><tr><td style='padding:3px 6px; font-weight:bold; background-color:#f2f2f2;'>ชื่อ-สกุล รับเหมา</td><td style='padding:3px 6px;'>นาย สิทธิชัย ธรรมสุข</td></tr><tr><td style='padding:3px 6px; font-weight:bold; background-color:#f2f2f2;'>นักเกษตร</td><td style='padding:3px 6px;'>7104</td></tr><tr><td style='padding:3px 6px; font-weight:bold; background-color:#f2f2f2;'>ศูนย์</td><td style='padding:3px 6px;'>K2-71</td></tr><tr><td style='padding:3px 6px; font-weight:bold; background-color:#f2f2f2;'>โควตา</td><td style='padding:3px 6px;'>733978</td></tr><tr><td style='padding:3px 6px; font-weight:bold; background-color:#f2f2f2;'>ชาวไร่</td><td style='padding:3px 6px;'>นาย สุวิทย์ วุฒิยา</td></tr><tr><td style='padding:3px 6px; font-weight:bold; background-color:#f2f2f2;'>ประเภทอ้อย</td><td style='padding:3px 6px;'>ปลายฝน</td></tr><tr><td style='padding:3px 6px; font-weight:bold; background-color:#f2f2f2;'>พื้นที่</td><td style='padding:3px 6px;'>10.06</td></tr><tr><td style='padding:3px 6px; font-weight:bold; background-color:#f2f2f2;'>ตันรวม</td><td style='padding:3px 6px;'>130.78</td></tr><tr><td style='padding:3px 6px; font-weight:bold; background-color:#f2f2f2;'>รหัสแปลง</td><td style='padding:3px 6px;'>321017121581</td></tr><tr><td style='padding:3px 6px; font-weight:bold; background-color:#f2f2f2;'>กลุ่ม</td><td style='padding:3px 6px;'>กลุ่ม_71</td></tr></table></div>]]></description>
      <styleUrl>#plotStyle</styleUrl>
      <MultiGeometry><Polygon><outerBoundaryIs><LinearRing><coordinates>103.8292400,14.4909183,0 103.8288200,14.4909700,0 103.8290967,14.4924717,0 103.8295417,14.4924917,0 103.8303333,14.4924033,0 103.8302733,14.4916217,0 103.8295167,14.4917783,0 103.8292400,14.4909183,0</coordinates></LinearRing></outerBoundaryIs></Polygon></MultiGeometry>
    </Placemark>
    <Placemark>
      <name>321011101754</name>
      <description><![CDATA[<div style='font-family:Tahoma,sans-serif; font-size:13px;'><h3 style='color:#1565C0; margin:4px 0;'>รหัสแปลง: 321011101754</h3><p style='margin:2px 0;'><b>กลุ่มคิว:</b> 71_001</p><table border='1' style='border-collapse:collapse; border-color:#ccc; width:100%;'><tr><td style='padding:3px 6px; font-weight:bold; background-color:#f2f2f2;'>รหัสกลุ่มคิว</td><td style='padding:3px 6px;'>71/001</td></tr><tr><td style='padding:3px 6px; font-weight:bold; background-color:#f2f2f2;'>รหัสรับเหมา</td><td style='padding:3px 6px;'>733638</td></tr><tr><td style='padding:3px 6px; font-weight:bold; background-color:#f2f2f2;'>ชื่อ-สกุล รับเหมา</td><td style='padding:3px 6px;'>นาย สิทธิชัย ธรรมสุข</td></tr><tr><td style='padding:3px 6px; font-weight:bold; background-color:#f2f2f2;'>นักเกษตร</td><td style='padding:3px 6px;'>7104</td></tr><tr><td style='padding:3px 6px; font-weight:bold; background-color:#f2f2f2;'>ศูนย์</td><td style='padding:3px 6px;'>K2-71</td></tr><tr><td style='padding:3px 6px; font-weight:bold; background-color:#f2f2f2;'>โควตา</td><td style='padding:3px 6px;'>730140</td></tr><tr><td style='padding:3px 6px; font-weight:bold; background-color:#f2f2f2;'>ชาวไร่</td><td style='padding:3px 6px;'>นาย นเรศ บุดดางาม</td></tr><tr><td style='padding:3px 6px; font-weight:bold; background-color:#f2f2f2;'>ประเภทอ้อย</td><td style='padding:3px 6px;'>ปลายฝน</td></tr><tr><td style='padding:3px 6px; font-weight:bold; background-color:#f2f2f2;'>พื้นที่</td><td style='padding:3px 6px;'>3.04</td></tr><tr><td style='padding:3px 6px; font-weight:bold; background-color:#f2f2f2;'>ตันรวม</td><td style='padding:3px 6px;'>39.52</td></tr><tr><td style='padding:3px 6px; font-weight:bold; background-color:#f2f2f2;'>รหัสแปลง</td><td style='padding:3px 6px;'>321011101754</td></tr><tr><td style='padding:3px 6px; font-weight:bold; background-color:#f2f2f2;'>กลุ่ม</td><td style='padding:3px 6px;'>กลุ่ม_71</td></tr></table></div>]]></description>
      <styleUrl>#plotStyle</styleUrl>
      <MultiGeometry><Polygon><outerBoundaryIs><LinearRing><coordinates>103.8078512,14.5172461,0 103.8087569,14.5172620,0 103.8088438,14.5167755,0 103.8078558,14.5168710,0 103.8078512,14.5172461,0</coordinates></LinearRing></outerBoundaryIs></Polygon></MultiGeometry>
    </Placemark>
    <Placemark>
      <name>321017071679</name>
      <description><![CDATA[<div style='font-family:Tahoma,sans-serif; font-size:13px;'><h3 style='color:#1565C0; margin:4px 0;'>รหัสแปลง: 321017071679</h3><p style='margin:2px 0;'><b>กลุ่มคิว:</b> 71_001</p><table border='1' style='border-collapse:collapse; border-color:#ccc; width:100%;'><tr><td style='padding:3px 6px; font-weight:bold; background-color:#f2f2f2;'>รหัสกลุ่มคิว</td><td style='padding:3px 6px;'>71/001</td></tr><tr><td style='padding:3px 6px; font-weight:bold; background-color:#f2f2f2;'>รหัสรับเหมา</td><td style='padding:3px 6px;'>733638</td></tr><tr><td style='padding:3px 6px; font-weight:bold; background-color:#f2f2f2;'>ชื่อ-สกุล รับเหมา</td><td style='padding:3px 6px;'>นาย สิทธิชัย ธรรมสุข</td></tr><tr><td style='padding:3px 6px; font-weight:bold; background-color:#f2f2f2;'>นักเกษตร</td><td style='padding:3px 6px;'>7104</td></tr><tr><td style='padding:3px 6px; font-weight:bold; background-color:#f2f2f2;'>ศูนย์</td><td style='padding:3px 6px;'>K2-71</td></tr><tr><td style='padding:3px 6px; font-weight:bold; background-color:#f2f2f2;'>โควตา</td><td style='padding:3px 6px;'>701729</td></tr><tr><td style='padding:3px 6px; font-weight:bold; background-color:#f2f2f2;'>ชาวไร่</td><td style='padding:3px 6px;'>นาย วัฒนา จรจอม</td></tr><tr><td style='padding:3px 6px; font-weight:bold; background-color:#f2f2f2;'>ประเภทอ้อย</td><td style='padding:3px 6px;'>ปลายฝน</td></tr><tr><td style='padding:3px 6px; font-weight:bold; background-color:#f2f2f2;'>พื้นที่</td><td style='padding:3px 6px;'>4.8</td></tr><tr><td style='padding:3px 6px; font-weight:bold; background-color:#f2f2f2;'>ตันรวม</td><td style='padding:3px 6px;'>62.4</td></tr><tr><td style='padding:3px 6px; font-weight:bold; background-color:#f2f2f2;'>รหัสแปลง</td><td style='padding:3px 6px;'>321017071679</td></tr><tr><td style='padding:3px 6px; font-weight:bold; background-color:#f2f2f2;'>กลุ่ม</td><td style='padding:3px 6px;'>กลุ่ม_71</td></tr></table></div>]]></description>
      <styleUrl>#plotStyle</styleUrl>
      <MultiGeometry><Polygon><outerBoundaryIs><LinearRing><coordinates>103.8602183,14.5074250,0 103.8587567,14.5071050,0 103.8586867,14.5074600,0 103.8590267,14.5075667,0 103.8590683,14.5075650,0 103.8591317,14.5075750,0 103.8591817,14.5075833,0 103.8592183,14.5075917,0 103.8592633,14.5076117,0 103.8593233,14.5076450,0 103.8593833,14.5076800,0 103.8594333,14.5076900,0 103.8594917,14.5077067,0 103.8595317,14.5077350,0 103.8596150,14.5077717,0 103.8597167,14.5078117,0 103.8601283,14.5078967,0 103.8602183,14.5074250,0</coordinates></LinearRing></outerBoundaryIs></Polygon></MultiGeometry>
    </Placemark>
    <Placemark>
      <name>321011011560</name>
      <description><![CDATA[<div style='font-family:Tahoma,sans-serif; font-size:13px;'><h3 style='color:#1565C0; margin:4px 0;'>รหัสแปลง: 321011011560</h3><p style='margin:2px 0;'><b>กลุ่มคิว:</b> 71_001</p><table border='1' style='border-collapse:collapse; border-color:#ccc; width:100%;'><tr><td style='padding:3px 6px; font-weight:bold; background-color:#f2f2f2;'>รหัสกลุ่มคิว</td><td style='padding:3px 6px;'>71/001</td></tr><tr><td style='padding:3px 6px; font-weight:bold; background-color:#f2f2f2;'>รหัสรับเหมา</td><td style='padding:3px 6px;'>733638</td></tr><tr><td style='padding:3px 6px; font-weight:bold; background-color:#f2f2f2;'>ชื่อ-สกุล รับเหมา</td><td style='padding:3px 6px;'>นาย สิทธิชัย ธรรมสุข</td></tr><tr><td style='padding:3px 6px; font-weight:bold; background-color:#f2f2f2;'>นักเกษตร</td><td style='padding:3px 6px;'>7104</td></tr><tr><td style='padding:3px 6px; font-weight:bold; background-color:#f2f2f2;'>ศูนย์</td><td style='padding:3px 6px;'>K2-71</td></tr><tr><td style='padding:3px 6px; font-weight:bold; background-color:#f2f2f2;'>โควตา</td><td style='padding:3px 6px;'>733977</td></tr><tr><td style='padding:3px 6px; font-weight:bold; background-color:#f2f2f2;'>ชาวไร่</td><td style='padding:3px 6px;'>นาย เพ็ญ นามม่วง</td></tr><tr><td style='padding:3px 6px; font-weight:bold; background-color:#f2f2f2;'>ประเภทอ้อย</td><td style='padding:3px 6px;'>ปลายฝน</td></tr><tr><td style='padding:3px 6px; font-weight:bold; background-color:#f2f2f2;'>พื้นที่</td><td style='padding:3px 6px;'>3.05</td></tr><tr><td style='padding:3px 6px; font-weight:bold; background-color:#f2f2f2;'>ตันรวม</td><td style='padding:3px 6px;'>39.65</td></tr><tr><td style='padding:3px 6px; font-weight:bold; background-color:#f2f2f2;'>รหัสแปลง</td><td style='padding:3px 6px;'>321011011560</td></tr><tr><td style='padding:3px 6px; font-weight:bold; background-color:#f2f2f2;'>กลุ่ม</td><td style='padding:3px 6px;'>กลุ่ม_71</td></tr></table></div>]]></description>
      <styleUrl>#plotStyle</styleUrl>
      <MultiGeometry><Polygon><outerBoundaryIs><LinearRing><coordinates>103.8064787,14.4937661,0 103.8064706,14.4948480,0 103.8069418,14.4948279,0 103.8069545,14.4945088,0 103.8068462,14.4942713,0 103.8067016,14.4937756,0 103.8064787,14.4937661,0</coordinates></LinearRing></outerBoundaryIs></Polygon></MultiGeometry>
    </Placemark>
    <Placemark>
      <name>321305041671</name>
      <description><![CDATA[<div style='font-family:Tahoma,sans-serif; font-size:13px;'><h3 style='color:#1565C0; margin:4px 0;'>รหัสแปลง: 321305041671</h3><p style='margin:2px 0;'><b>กลุ่มคิว:</b> 71_001</p><table border='1' style='border-collapse:collapse; border-color:#ccc; width:100%;'><tr><td style='padding:3px 6px; font-weight:bold; background-color:#f2f2f2;'>รหัสกลุ่มคิว</td><td style='padding:3px 6px;'>71/001</td></tr><tr><td style='padding:3px 6px; font-weight:bold; background-color:#f2f2f2;'>รหัสรับเหมา</td><td style='padding:3px 6px;'>733638</td></tr><tr><td style='padding:3px 6px; font-weight:bold; background-color:#f2f2f2;'>ชื่อ-สกุล รับเหมา</td><td style='padding:3px 6px;'>นาย สิทธิชัย ธรรมสุข</td></tr><tr><td style='padding:3px 6px; font-weight:bold; background-color:#f2f2f2;'>นักเกษตร</td><td style='padding:3px 6px;'>7104</td></tr><tr><td style='padding:3px 6px; font-weight:bold; background-color:#f2f2f2;'>ศูนย์</td><td style='padding:3px 6px;'>K2-71</td></tr><tr><td style='padding:3px 6px; font-weight:bold; background-color:#f2f2f2;'>โควตา</td><td style='padding:3px 6px;'>733279</td></tr><tr><td style='padding:3px 6px; font-weight:bold; background-color:#f2f2f2;'>ชาวไร่</td><td style='padding:3px 6px;'>นาย พงศ์พันธ์ อินทจักร</td></tr><tr><td style='padding:3px 6px; font-weight:bold; background-color:#f2f2f2;'>ประเภทอ้อย</td><td style='padding:3px 6px;'>ปลายฝน</td></tr><tr><td style='padding:3px 6px; font-weight:bold; background-color:#f2f2f2;'>พื้นที่</td><td style='padding:3px 6px;'>4.87</td></tr><tr><td style='padding:3px 6px; font-weight:bold; background-color:#f2f2f2;'>ตันรวม</td><td style='padding:3px 6px;'>63.31</td></tr><tr><td style='padding:3px 6px; font-weight:bold; background-color:#f2f2f2;'>รหัสแปลง</td><td style='padding:3px 6px;'>321305041671</td></tr><tr><td style='padding:3px 6px; font-weight:bold; background-color:#f2f2f2;'>กลุ่ม</td><td style='padding:3px 6px;'>กลุ่ม_71</td></tr></table></div>]]></description>
      <styleUrl>#plotStyle</styleUrl>
      <MultiGeometry><Polygon><outerBoundaryIs><LinearRing><coordinates>103.9006333,14.4889200,0 103.9008227,14.4894084,0 103.9010433,14.4893517,0 103.9010483,14.4894283,0 103.9008783,14.4895517,0 103.9015817,14.4893550,0 103.9014950,14.4891200,0 103.9018633,14.4889933,0 103.9017417,14.4885900,0 103.9006333,14.4889200,0</coordinates></LinearRing></outerBoundaryIs></Polygon></MultiGeometry>
    </Placemark>
    <Placemark>
      <name>321017011661</name>
      <description><![CDATA[<div style='font-family:Tahoma,sans-serif; font-size:13px;'><h3 style='color:#1565C0; margin:4px 0;'>รหัสแปลง: 321017011661</h3><p style='margin:2px 0;'><b>กลุ่มคิว:</b> 71_001</p><table border='1' style='border-collapse:collapse; border-color:#ccc; width:100%;'><tr><td style='padding:3px 6px; font-weight:bold; background-color:#f2f2f2;'>รหัสกลุ่มคิว</td><td style='padding:3px 6px;'>71/001</td></tr><tr><td style='padding:3px 6px; font-weight:bold; background-color:#f2f2f2;'>รหัสรับเหมา</td><td style='padding:3px 6px;'>733638</td></tr><tr><td style='padding:3px 6px; font-weight:bold; background-color:#f2f2f2;'>ชื่อ-สกุล รับเหมา</td><td style='padding:3px 6px;'>นาย สิทธิชัย ธรรมสุข</td></tr><tr><td style='padding:3px 6px; font-weight:bold; background-color:#f2f2f2;'>นักเกษตร</td><td style='padding:3px 6px;'>7104</td></tr><tr><td style='padding:3px 6px; font-weight:bold; background-color:#f2f2f2;'>ศูนย์</td><td style='padding:3px 6px;'>K2-71</td></tr><tr><td style='padding:3px 6px; font-weight:bold; background-color:#f2f2f2;'>โควตา</td><td style='padding:3px 6px;'>733638</td></tr><tr><td style='padding:3px 6px; font-weight:bold; background-color:#f2f2f2;'>ชาวไร่</td><td style='padding:3px 6px;'>นาย สิทธิชัย ธรรมสุข</td></tr><tr><td style='padding:3px 6px; font-weight:bold; background-color:#f2f2f2;'>ประเภทอ้อย</td><td style='padding:3px 6px;'>ตอ2</td></tr><tr><td style='padding:3px 6px; font-weight:bold; background-color:#f2f2f2;'>พื้นที่</td><td style='padding:3px 6px;'>6.81</td></tr><tr><td style='padding:3px 6px; font-weight:bold; background-color:#f2f2f2;'>ตันรวม</td><td style='padding:3px 6px;'>54.48</td></tr><tr><td style='padding:3px 6px; font-weight:bold; background-color:#f2f2f2;'>รหัสแปลง</td><td style='padding:3px 6px;'>321017011661</td></tr><tr><td style='padding:3px 6px; font-weight:bold; background-color:#f2f2f2;'>กลุ่ม</td><td style='padding:3px 6px;'>กลุ่ม_71</td></tr></table></div>]]></description>
      <styleUrl>#plotStyle</styleUrl>
      <MultiGeometry><Polygon><outerBoundaryIs><LinearRing><coordinates>103.8281200,14.4679517,0 103.8286250,14.4678267,0 103.8283183,14.4664600,0 103.8275917,14.4664417,0 103.8281200,14.4679517,0</coordinates></LinearRing></outerBoundaryIs></Polygon></MultiGeometry>
    </Placemark>
    <Placemark>
      <name>321017011662</name>
      <description><![CDATA[<div style='font-family:Tahoma,sans-serif; font-size:13px;'><h3 style='color:#1565C0; margin:4px 0;'>รหัสแปลง: 321017011662</h3><p style='margin:2px 0;'><b>กลุ่มคิว:</b> 71_001</p><table border='1' style='border-collapse:collapse; border-color:#ccc; width:100%;'><tr><td style='padding:3px 6px; font-weight:bold; background-color:#f2f2f2;'>รหัสกลุ่มคิว</td><td style='padding:3px 6px;'>71/001</td></tr><tr><td style='padding:3px 6px; font-weight:bold; background-color:#f2f2f2;'>รหัสรับเหมา</td><td style='padding:3px 6px;'>733638</td></tr><tr><td style='padding:3px 6px; font-weight:bold; background-color:#f2f2f2;'>ชื่อ-สกุล รับเหมา</td><td style='padding:3px 6px;'>นาย สิทธิชัย ธรรมสุข</td></tr><tr><td style='padding:3px 6px; font-weight:bold; background-color:#f2f2f2;'>นักเกษตร</td><td style='padding:3px 6px;'>7104</td></tr><tr><td style='padding:3px 6px; font-weight:bold; background-color:#f2f2f2;'>ศูนย์</td><td style='padding:3px 6px;'>K2-71</td></tr><tr><td style='padding:3px 6px; font-weight:bold; background-color:#f2f2f2;'>โควตา</td><td style='padding:3px 6px;'>733638</td></tr><tr><td style='padding:3px 6px; font-weight:bold; background-color:#f2f2f2;'>ชาวไร่</td><td style='padding:3px 6px;'>นาย สิทธิชัย ธรรมสุข</td></tr><tr><td style='padding:3px 6px; font-weight:bold; background-color:#f2f2f2;'>ประเภทอ้อย</td><td style='padding:3px 6px;'>ปลายฝน</td></tr><tr><td style='padding:3px 6px; font-weight:bold; background-color:#f2f2f2;'>พื้นที่</td><td style='padding:3px 6px;'>2.12</td></tr><tr><td style='padding:3px 6px; font-weight:bold; background-color:#f2f2f2;'>ตันรวม</td><td style='padding:3px 6px;'>27.56</td></tr><tr><td style='padding:3px 6px; font-weight:bold; background-color:#f2f2f2;'>รหัสแปลง</td><td style='padding:3px 6px;'>321017011662</td></tr><tr><td style='padding:3px 6px; font-weight:bold; background-color:#f2f2f2;'>กลุ่ม</td><td style='padding:3px 6px;'>กลุ่ม_71</td></tr></table></div>]]></description>
      <styleUrl>#plotStyle</styleUrl>
      <MultiGeometry><Polygon><outerBoundaryIs><LinearRing><coordinates>103.8262483,14.4691767,0 103.8262450,14.4692117,0 103.8266467,14.4691667,0 103.8266483,14.4691383,0 103.8270183,14.4690983,0 103.8270333,14.4691833,0 103.8285333,14.4690333,0 103.8285250,14.4689767,0 103.8258317,14.4690850,0 103.8258416,14.4692181,0 103.8262483,14.4691767,0</coordinates></LinearRing></outerBoundaryIs></Polygon></MultiGeometry>
    </Placemark>
    <Placemark>
      <name>321011031555</name>
      <description><![CDATA[<div style='font-family:Tahoma,sans-serif; font-size:13px;'><h3 style='color:#1565C0; margin:4px 0;'>รหัสแปลง: 321011031555</h3><p style='margin:2px 0;'><b>กลุ่มคิว:</b> 71_001</p><table border='1' style='border-collapse:collapse; border-color:#ccc; width:100%;'><tr><td style='padding:3px 6px; font-weight:bold; background-color:#f2f2f2;'>รหัสกลุ่มคิว</td><td style='padding:3px 6px;'>71/001</td></tr><tr><td style='padding:3px 6px; font-weight:bold; background-color:#f2f2f2;'>รหัสรับเหมา</td><td style='padding:3px 6px;'>733638</td></tr><tr><td style='padding:3px 6px; font-weight:bold; background-color:#f2f2f2;'>ชื่อ-สกุล รับเหมา</td><td style='padding:3px 6px;'>นาย สิทธิชัย ธรรมสุข</td></tr><tr><td style='padding:3px 6px; font-weight:bold; background-color:#f2f2f2;'>นักเกษตร</td><td style='padding:3px 6px;'>7104</td></tr><tr><td style='padding:3px 6px; font-weight:bold; background-color:#f2f2f2;'>ศูนย์</td><td style='padding:3px 6px;'>K2-71</td></tr><tr><td style='padding:3px 6px; font-weight:bold; background-color:#f2f2f2;'>โควตา</td><td style='padding:3px 6px;'>733661</td></tr><tr><td style='padding:3px 6px; font-weight:bold; background-color:#f2f2f2;'>ชาวไร่</td><td style='padding:3px 6px;'>นาง สอน พิศโฉม</td></tr><tr><td style='padding:3px 6px; font-weight:bold; background-color:#f2f2f2;'>ประเภทอ้อย</td><td style='padding:3px 6px;'>ตอ4</td></tr><tr><td style='padding:3px 6px; font-weight:bold; background-color:#f2f2f2;'>พื้นที่</td><td style='padding:3px 6px;'>7.46</td></tr><tr><td style='padding:3px 6px; font-weight:bold; background-color:#f2f2f2;'>ตันรวม</td><td style='padding:3px 6px;'>52.22</td></tr><tr><td style='padding:3px 6px; font-weight:bold; background-color:#f2f2f2;'>รหัสแปลง</td><td style='padding:3px 6px;'>321011031555</td></tr><tr><td style='padding:3px 6px; font-weight:bold; background-color:#f2f2f2;'>กลุ่ม</td><td style='padding:3px 6px;'>กลุ่ม_71</td></tr></table></div>]]></description>
      <styleUrl>#plotStyle</styleUrl>
      <MultiGeometry><Polygon><outerBoundaryIs><LinearRing><coordinates>103.8180450,14.4791683,0 103.8174683,14.4791267,0 103.8172033,14.4809233,0 103.8173883,14.4809583,0 103.8173333,14.4811567,0 103.8175017,14.4812000,0 103.8175700,14.4807950,0 103.8177133,14.4808800,0 103.8180450,14.4791683,0</coordinates></LinearRing></outerBoundaryIs></Polygon></MultiGeometry>
    </Placemark>
  </Folder>
  <Folder>
    <name>71_002</name>
    <Placemark>
      <name>321015041502</name>
      <description><![CDATA[<div style='font-family:Tahoma,sans-serif; font-size:13px;'><h3 style='color:#1565C0; margin:4px 0;'>รหัสแปลง: 321015041502</h3><p style='margin:2px 0;'><b>กลุ่มคิว:</b> 71_002</p><table border='1' style='border-collapse:collapse; border-color:#ccc; width:100%;'><tr><td style='padding:3px 6px; font-weight:bold; background-color:#f2f2f2;'>รหัสกลุ่มคิว</td><td style='padding:3px 6px;'>71/002</td></tr><tr><td style='padding:3px 6px; font-weight:bold; background-color:#f2f2f2;'>รหัสรับเหมา</td><td style='padding:3px 6px;'>738889</td></tr><tr><td style='padding:3px 6px; font-weight:bold; background-color:#f2f2f2;'>ชื่อ-สกุล รับเหมา</td><td style='padding:3px 6px;'>รถตัดโรงงานเบอร์ 24</td></tr><tr><td style='padding:3px 6px; font-weight:bold; background-color:#f2f2f2;'>นักเกษตร</td><td style='padding:3px 6px;'>7101</td></tr><tr><td style='padding:3px 6px; font-weight:bold; background-color:#f2f2f2;'>ศูนย์</td><td style='padding:3px 6px;'>K2-71</td></tr><tr><td style='padding:3px 6px; font-weight:bold; background-color:#f2f2f2;'>โควตา</td><td style='padding:3px 6px;'>730441</td></tr><tr><td style='padding:3px 6px; font-weight:bold; background-color:#f2f2f2;'>ชาวไร่</td><td style='padding:3px 6px;'>นาย เด่น เอิบสุข</td></tr><tr><td style='padding:3px 6px; font-weight:bold; background-color:#f2f2f2;'>ประเภทอ้อย</td><td style='padding:3px 6px;'>ปลายฝน</td></tr><tr><td style='padding:3px 6px; font-weight:bold; background-color:#f2f2f2;'>พื้นที่</td><td style='padding:3px 6px;'>8.92</td></tr><tr><td style='padding:3px 6px; font-weight:bold; background-color:#f2f2f2;'>ตันรวม</td><td style='padding:3px 6px;'>115.96</td></tr><tr><td style='padding:3px 6px; font-weight:bold; background-color:#f2f2f2;'>รหัสแปลง</td><td style='padding:3px 6px;'>321015041502</td></tr><tr><td style='padding:3px 6px; font-weight:bold; background-color:#f2f2f2;'>กลุ่ม</td><td style='padding:3px 6px;'>กลุ่ม_71</td></tr></table></div>]]></description>
      <styleUrl>#plotStyle</styleUrl>
      <MultiGeometry><Polygon><outerBoundaryIs><LinearRing><coordinates>103.9303726,14.5810313,0 103.9312701,14.5813816,0 103.9313267,14.5811833,0 103.9314600,14.5812283,0 103.9315300,14.5812067,0 103.9316150,14.5812367,0 103.9316867,14.5812967,0 103.9316983,14.5813483,0 103.9316617,14.5813933,0 103.9315983,14.5813700,0 103.9315667,14.5813317,0 103.9314367,14.5812850,0 103.9313785,14.5814239,0 103.9323850,14.5818166,0 103.9326832,14.5812436,0 103.9305339,14.5805709,0 103.9303726,14.5810313,0</coordinates></LinearRing></outerBoundaryIs></Polygon></MultiGeometry>
    </Placemark>
    <Placemark>
      <name>321015041507</name>
      <description><![CDATA[<div style='font-family:Tahoma,sans-serif; font-size:13px;'><h3 style='color:#1565C0; margin:4px 0;'>รหัสแปลง: 321015041507</h3><p style='margin:2px 0;'><b>กลุ่มคิว:</b> 71_002</p><table border='1' style='border-collapse:collapse; border-color:#ccc; width:100%;'><tr><td style='padding:3px 6px; font-weight:bold; background-color:#f2f2f2;'>รหัสกลุ่มคิว</td><td style='padding:3px 6px;'>71/002</td></tr><tr><td style='padding:3px 6px; font-weight:bold; background-color:#f2f2f2;'>รหัสรับเหมา</td><td style='padding:3px 6px;'>738889</td></tr><tr><td style='padding:3px 6px; font-weight:bold; background-color:#f2f2f2;'>ชื่อ-สกุล รับเหมา</td><td style='padding:3px 6px;'>รถตัดโรงงานเบอร์ 24</td></tr><tr><td style='padding:3px 6px; font-weight:bold; background-color:#f2f2f2;'>นักเกษตร</td><td style='padding:3px 6px;'>7101</td></tr><tr><td style='padding:3px 6px; font-weight:bold; background-color:#f2f2f2;'>ศูนย์</td><td style='padding:3px 6px;'>K2-71</td></tr><tr><td style='padding:3px 6px; font-weight:bold; background-color:#f2f2f2;'>โควตา</td><td style='padding:3px 6px;'>730373</td></tr><tr><td style='padding:3px 6px; font-weight:bold; background-color:#f2f2f2;'>ชาวไร่</td><td style='padding:3px 6px;'>นาย นนท์ ใจชื่น</td></tr><tr><td style='padding:3px 6px; font-weight:bold; background-color:#f2f2f2;'>ประเภทอ้อย</td><td style='padding:3px 6px;'>ปลายฝน</td></tr><tr><td style='padding:3px 6px; font-weight:bold; background-color:#f2f2f2;'>พื้นที่</td><td style='padding:3px 6px;'>13.49</td></tr><tr><td style='padding:3px 6px; font-weight:bold; background-color:#f2f2f2;'>ตันรวม</td><td style='padding:3px 6px;'>175.37</td></tr><tr><td style='padding:3px 6px; font-weight:bold; background-color:#f2f2f2;'>รหัสแปลง</td><td style='padding:3px 6px;'>321015041507</td></tr><tr><td style='padding:3px 6px; font-weight:bold; background-color:#f2f2f2;'>กลุ่ม</td><td style='padding:3px 6px;'>กลุ่ม_71</td></tr></table></div>]]></description>
      <styleUrl>#plotStyle</styleUrl>
      <MultiGeometry><Polygon><outerBoundaryIs><LinearRing><coordinates>103.9204083,14.5939817,0 103.9206033,14.5942683,0 103.9212083,14.5941333,0 103.9222150,14.5938117,0 103.9220717,14.5933117,0 103.9218400,14.5927100,0 103.9200833,14.5935433,0 103.9204017,14.5939550,0 103.9209650,14.5937167,0 103.9209383,14.5935733,0 103.9211267,14.5934800,0 103.9212283,14.5936500,0 103.9204083,14.5939817,0</coordinates></LinearRing></outerBoundaryIs></Polygon></MultiGeometry>
    </Placemark>
    <Placemark>
      <name>321301030066</name>
      <description><![CDATA[<div style='font-family:Tahoma,sans-serif; font-size:13px;'><h3 style='color:#1565C0; margin:4px 0;'>รหัสแปลง: 321301030066</h3><p style='margin:2px 0;'><b>กลุ่มคิว:</b> 71_002</p><table border='1' style='border-collapse:collapse; border-color:#ccc; width:100%;'><tr><td style='padding:3px 6px; font-weight:bold; background-color:#f2f2f2;'>รหัสกลุ่มคิว</td><td style='padding:3px 6px;'>71/002</td></tr><tr><td style='padding:3px 6px; font-weight:bold; background-color:#f2f2f2;'>รหัสรับเหมา</td><td style='padding:3px 6px;'>738889</td></tr><tr><td style='padding:3px 6px; font-weight:bold; background-color:#f2f2f2;'>ชื่อ-สกุล รับเหมา</td><td style='padding:3px 6px;'>รถตัดโรงงานเบอร์ 24</td></tr><tr><td style='padding:3px 6px; font-weight:bold; background-color:#f2f2f2;'>นักเกษตร</td><td style='padding:3px 6px;'>7101</td></tr><tr><td style='padding:3px 6px; font-weight:bold; background-color:#f2f2f2;'>ศูนย์</td><td style='padding:3px 6px;'>K2-71</td></tr><tr><td style='padding:3px 6px; font-weight:bold; background-color:#f2f2f2;'>โควตา</td><td style='padding:3px 6px;'>773259</td></tr><tr><td style='padding:3px 6px; font-weight:bold; background-color:#f2f2f2;'>ชาวไร่</td><td style='padding:3px 6px;'>นาย สุเทพ ปานทอง</td></tr><tr><td style='padding:3px 6px; font-weight:bold; background-color:#f2f2f2;'>ประเภทอ้อย</td><td style='padding:3px 6px;'>ตอ2</td></tr><tr><td style='padding:3px 6px; font-weight:bold; background-color:#f2f2f2;'>พื้นที่</td><td style='padding:3px 6px;'>4.06</td></tr><tr><td style='padding:3px 6px; font-weight:bold; background-color:#f2f2f2;'>ตันรวม</td><td style='padding:3px 6px;'>32.48</td></tr><tr><td style='padding:3px 6px; font-weight:bold; background-color:#f2f2f2;'>รหัสแปลง</td><td style='padding:3px 6px;'>321301030066</td></tr><tr><td style='padding:3px 6px; font-weight:bold; background-color:#f2f2f2;'>กลุ่ม</td><td style='padding:3px 6px;'>กลุ่ม_71</td></tr></table></div>]]></description>
      <styleUrl>#plotStyle</styleUrl>
      <MultiGeometry><Polygon><outerBoundaryIs><LinearRing><coordinates>103.9205164,14.5557836,0 103.9205336,14.5559735,0 103.9208642,14.5559522,0 103.9219005,14.5559260,0 103.9217392,14.5556332,0 103.9214400,14.5550903,0 103.9211286,14.5551635,0 103.9212594,14.5554066,0 103.9214273,14.5556938,0 103.9204842,14.5556742,0 103.9205164,14.5557836,0</coordinates></LinearRing></outerBoundaryIs></Polygon></MultiGeometry>
    </Placemark>
    <Placemark>
      <name>321301081505</name>
      <description><![CDATA[<div style='font-family:Tahoma,sans-serif; font-size:13px;'><h3 style='color:#1565C0; margin:4px 0;'>รหัสแปลง: 321301081505</h3><p style='margin:2px 0;'><b>กลุ่มคิว:</b> 71_002</p><table border='1' style='border-collapse:collapse; border-color:#ccc; width:100%;'><tr><td style='padding:3px 6px; font-weight:bold; background-color:#f2f2f2;'>รหัสกลุ่มคิว</td><td style='padding:3px 6px;'>71/002</td></tr><tr><td style='padding:3px 6px; font-weight:bold; background-color:#f2f2f2;'>รหัสรับเหมา</td><td style='padding:3px 6px;'>738889</td></tr><tr><td style='padding:3px 6px; font-weight:bold; background-color:#f2f2f2;'>ชื่อ-สกุล รับเหมา</td><td style='padding:3px 6px;'>รถตัดโรงงานเบอร์ 24</td></tr><tr><td style='padding:3px 6px; font-weight:bold; background-color:#f2f2f2;'>นักเกษตร</td><td style='padding:3px 6px;'>7101</td></tr><tr><td style='padding:3px 6px; font-weight:bold; background-color:#f2f2f2;'>ศูนย์</td><td style='padding:3px 6px;'>K2-71</td></tr><tr><td style='padding:3px 6px; font-weight:bold; background-color:#f2f2f2;'>โควตา</td><td style='padding:3px 6px;'>773715</td></tr><tr><td style='padding:3px 6px; font-weight:bold; background-color:#f2f2f2;'>ชาวไร่</td><td style='padding:3px 6px;'>นาง เพชรลดา มณีตา</td></tr><tr><td style='padding:3px 6px; font-weight:bold; background-color:#f2f2f2;'>ประเภทอ้อย</td><td style='padding:3px 6px;'>ปลายฝน</td></tr><tr><td style='padding:3px 6px; font-weight:bold; background-color:#f2f2f2;'>พื้นที่</td><td style='padding:3px 6px;'>15.44</td></tr><tr><td style='padding:3px 6px; font-weight:bold; background-color:#f2f2f2;'>ตันรวม</td><td style='padding:3px 6px;'>200.72</td></tr><tr><td style='padding:3px 6px; font-weight:bold; background-color:#f2f2f2;'>รหัสแปลง</td><td style='padding:3px 6px;'>321301081505</td></tr><tr><td style='padding:3px 6px; font-weight:bold; background-color:#f2f2f2;'>กลุ่ม</td><td style='padding:3px 6px;'>กลุ่ม_71</td></tr></table></div>]]></description>
      <styleUrl>#plotStyle</styleUrl>
      <MultiGeometry><Polygon><outerBoundaryIs><LinearRing><coordinates>103.9791917,14.5091484,0 103.9791996,14.5090693,0 103.9791063,14.5090769,0 103.9789403,14.5091970,0 103.9788969,14.5091626,0 103.9788943,14.5090618,0 103.9788773,14.5090765,0 103.9788281,14.5091175,0 103.9787670,14.5091485,0 103.9787610,14.5092916,0 103.9787819,14.5093226,0 103.9787753,14.5093363,0 103.9787692,14.5093566,0 103.9787512,14.5093779,0 103.9787159,14.5093778,0 103.9787139,14.5105013,0 103.9787719,14.5107407,0 103.9790921,14.5106707,0 103.9792426,14.5106450,0 103.9793732,14.5106180,0 103.9794589,14.5106362,0 103.9795403,14.5106127,0 103.9795854,14.5106040,0 103.9796519,14.5105889,0 103.9797149,14.5105293,0 103.9797371,14.5104252,0 103.9797929,14.5103865,0 103.9798521,14.5102617,0 103.9798998,14.5101665,0 103.9799332,14.5101079,0 103.9800191,14.5100186,0 103.9800427,14.5099676,0 103.9800951,14.5099301,0 103.9801654,14.5098663,0 103.9802167,14.5097828,0 103.9802591,14.5097032,0 103.9803059,14.5096408,0 103.9803129,14.5093648,0 103.9803126,14.5092109,0 103.9800353,14.5091306,0 103.9793407,14.5090785,0 103.9793265,14.5091705,0 103.9791917,14.5091484,0</coordinates></LinearRing></outerBoundaryIs></Polygon></MultiGeometry>
    </Placemark>
    <Placemark>
      <name>321301081522</name>
      <description><![CDATA[<div style='font-family:Tahoma,sans-serif; font-size:13px;'><h3 style='color:#1565C0; margin:4px 0;'>รหัสแปลง: 321301081522</h3><p style='margin:2px 0;'><b>กลุ่มคิว:</b> 71_002</p><table border='1' style='border-collapse:collapse; border-color:#ccc; width:100%;'><tr><td style='padding:3px 6px; font-weight:bold; background-color:#f2f2f2;'>รหัสกลุ่มคิว</td><td style='padding:3px 6px;'>71/002</td></tr><tr><td style='padding:3px 6px; font-weight:bold; background-color:#f2f2f2;'>รหัสรับเหมา</td><td style='padding:3px 6px;'>738889</td></tr><tr><td style='padding:3px 6px; font-weight:bold; background-color:#f2f2f2;'>ชื่อ-สกุล รับเหมา</td><td style='padding:3px 6px;'>รถตัดโรงงานเบอร์ 24</td></tr><tr><td style='padding:3px 6px; font-weight:bold; background-color:#f2f2f2;'>นักเกษตร</td><td style='padding:3px 6px;'>7101</td></tr><tr><td style='padding:3px 6px; font-weight:bold; background-color:#f2f2f2;'>ศูนย์</td><td style='padding:3px 6px;'>K2-71</td></tr><tr><td style='padding:3px 6px; font-weight:bold; background-color:#f2f2f2;'>โควตา</td><td style='padding:3px 6px;'>770881</td></tr><tr><td style='padding:3px 6px; font-weight:bold; background-color:#f2f2f2;'>ชาวไร่</td><td style='padding:3px 6px;'>นาง ช่วย จงหาญ</td></tr><tr><td style='padding:3px 6px; font-weight:bold; background-color:#f2f2f2;'>ประเภทอ้อย</td><td style='padding:3px 6px;'>ตอ1</td></tr><tr><td style='padding:3px 6px; font-weight:bold; background-color:#f2f2f2;'>พื้นที่</td><td style='padding:3px 6px;'>7.96</td></tr><tr><td style='padding:3px 6px; font-weight:bold; background-color:#f2f2f2;'>ตันรวม</td><td style='padding:3px 6px;'>71.64</td></tr><tr><td style='padding:3px 6px; font-weight:bold; background-color:#f2f2f2;'>รหัสแปลง</td><td style='padding:3px 6px;'>321301081522</td></tr><tr><td style='padding:3px 6px; font-weight:bold; background-color:#f2f2f2;'>กลุ่ม</td><td style='padding:3px 6px;'>กลุ่ม_71</td></tr></table></div>]]></description>
      <styleUrl>#plotStyle</styleUrl>
      <MultiGeometry><Polygon><outerBoundaryIs><LinearRing><coordinates>103.9736084,14.5086509,0 103.9737979,14.5100667,0 103.9745531,14.5100279,0 103.9743654,14.5086765,0 103.9740852,14.5086967,0 103.9740483,14.5085898,0 103.9736084,14.5086509,0</coordinates></LinearRing></outerBoundaryIs></Polygon></MultiGeometry>
    </Placemark>
    <Placemark>
      <name>321301081545</name>
      <description><![CDATA[<div style='font-family:Tahoma,sans-serif; font-size:13px;'><h3 style='color:#1565C0; margin:4px 0;'>รหัสแปลง: 321301081545</h3><p style='margin:2px 0;'><b>กลุ่มคิว:</b> 71_002</p><table border='1' style='border-collapse:collapse; border-color:#ccc; width:100%;'><tr><td style='padding:3px 6px; font-weight:bold; background-color:#f2f2f2;'>รหัสกลุ่มคิว</td><td style='padding:3px 6px;'>71/002</td></tr><tr><td style='padding:3px 6px; font-weight:bold; background-color:#f2f2f2;'>รหัสรับเหมา</td><td style='padding:3px 6px;'>738889</td></tr><tr><td style='padding:3px 6px; font-weight:bold; background-color:#f2f2f2;'>ชื่อ-สกุล รับเหมา</td><td style='padding:3px 6px;'>รถตัดโรงงานเบอร์ 24</td></tr><tr><td style='padding:3px 6px; font-weight:bold; background-color:#f2f2f2;'>นักเกษตร</td><td style='padding:3px 6px;'>7101</td></tr><tr><td style='padding:3px 6px; font-weight:bold; background-color:#f2f2f2;'>ศูนย์</td><td style='padding:3px 6px;'>K2-71</td></tr><tr><td style='padding:3px 6px; font-weight:bold; background-color:#f2f2f2;'>โควตา</td><td style='padding:3px 6px;'>773715</td></tr><tr><td style='padding:3px 6px; font-weight:bold; background-color:#f2f2f2;'>ชาวไร่</td><td style='padding:3px 6px;'>นาง เพชรลดา มณีตา</td></tr><tr><td style='padding:3px 6px; font-weight:bold; background-color:#f2f2f2;'>ประเภทอ้อย</td><td style='padding:3px 6px;'>ปลายฝน</td></tr><tr><td style='padding:3px 6px; font-weight:bold; background-color:#f2f2f2;'>พื้นที่</td><td style='padding:3px 6px;'>7.08</td></tr><tr><td style='padding:3px 6px; font-weight:bold; background-color:#f2f2f2;'>ตันรวม</td><td style='padding:3px 6px;'>92.04</td></tr><tr><td style='padding:3px 6px; font-weight:bold; background-color:#f2f2f2;'>รหัสแปลง</td><td style='padding:3px 6px;'>321301081545</td></tr><tr><td style='padding:3px 6px; font-weight:bold; background-color:#f2f2f2;'>กลุ่ม</td><td style='padding:3px 6px;'>กลุ่ม_71</td></tr></table></div>]]></description>
      <styleUrl>#plotStyle</styleUrl>
      <MultiGeometry><Polygon><outerBoundaryIs><LinearRing><coordinates>103.9787039,14.5091177,0 103.9780168,14.5091955,0 103.9780497,14.5094083,0 103.9783201,14.5106125,0 103.9784117,14.5110027,0 103.9784758,14.5109861,0 103.9785345,14.5109495,0 103.9786578,14.5109003,0 103.9787976,14.5108788,0 103.9787731,14.5107864,0 103.9787286,14.5105960,0 103.9787039,14.5091177,0</coordinates></LinearRing></outerBoundaryIs></Polygon></MultiGeometry>
    </Placemark>
    <Placemark>
      <name>321301090133</name>
      <description><![CDATA[<div style='font-family:Tahoma,sans-serif; font-size:13px;'><h3 style='color:#1565C0; margin:4px 0;'>รหัสแปลง: 321301090133</h3><p style='margin:2px 0;'><b>กลุ่มคิว:</b> 71_002</p><table border='1' style='border-collapse:collapse; border-color:#ccc; width:100%;'><tr><td style='padding:3px 6px; font-weight:bold; background-color:#f2f2f2;'>รหัสกลุ่มคิว</td><td style='padding:3px 6px;'>71/002</td></tr><tr><td style='padding:3px 6px; font-weight:bold; background-color:#f2f2f2;'>รหัสรับเหมา</td><td style='padding:3px 6px;'>738889</td></tr><tr><td style='padding:3px 6px; font-weight:bold; background-color:#f2f2f2;'>ชื่อ-สกุล รับเหมา</td><td style='padding:3px 6px;'>รถตัดโรงงานเบอร์ 24</td></tr><tr><td style='padding:3px 6px; font-weight:bold; background-color:#f2f2f2;'>นักเกษตร</td><td style='padding:3px 6px;'>7101</td></tr><tr><td style='padding:3px 6px; font-weight:bold; background-color:#f2f2f2;'>ศูนย์</td><td style='padding:3px 6px;'>K2-71</td></tr><tr><td style='padding:3px 6px; font-weight:bold; background-color:#f2f2f2;'>โควตา</td><td style='padding:3px 6px;'>770834</td></tr><tr><td style='padding:3px 6px; font-weight:bold; background-color:#f2f2f2;'>ชาวไร่</td><td style='padding:3px 6px;'>น.ส. จี๋ว จันทร์แสน</td></tr><tr><td style='padding:3px 6px; font-weight:bold; background-color:#f2f2f2;'>ประเภทอ้อย</td><td style='padding:3px 6px;'>ปลายฝน</td></tr><tr><td style='padding:3px 6px; font-weight:bold; background-color:#f2f2f2;'>พื้นที่</td><td style='padding:3px 6px;'>6.31</td></tr><tr><td style='padding:3px 6px; font-weight:bold; background-color:#f2f2f2;'>ตันรวม</td><td style='padding:3px 6px;'>82.03</td></tr><tr><td style='padding:3px 6px; font-weight:bold; background-color:#f2f2f2;'>รหัสแปลง</td><td style='padding:3px 6px;'>321301090133</td></tr><tr><td style='padding:3px 6px; font-weight:bold; background-color:#f2f2f2;'>กลุ่ม</td><td style='padding:3px 6px;'>กลุ่ม_71</td></tr></table></div>]]></description>
      <styleUrl>#plotStyle</styleUrl>
      <MultiGeometry><Polygon><outerBoundaryIs><LinearRing><coordinates>103.9717578,14.5115350,0 103.9717379,14.5117322,0 103.9717369,14.5122998,0 103.9726015,14.5122290,0 103.9728488,14.5122032,0 103.9728866,14.5121874,0 103.9728727,14.5120970,0 103.9729105,14.5119396,0 103.9728854,14.5118420,0 103.9728173,14.5116629,0 103.9727557,14.5114641,0 103.9717578,14.5115350,0</coordinates></LinearRing></outerBoundaryIs></Polygon></MultiGeometry>
    </Placemark>
    <Placemark>
      <name>321301090134</name>
      <description><![CDATA[<div style='font-family:Tahoma,sans-serif; font-size:13px;'><h3 style='color:#1565C0; margin:4px 0;'>รหัสแปลง: 321301090134</h3><p style='margin:2px 0;'><b>กลุ่มคิว:</b> 71_002</p><table border='1' style='border-collapse:collapse; border-color:#ccc; width:100%;'><tr><td style='padding:3px 6px; font-weight:bold; background-color:#f2f2f2;'>รหัสกลุ่มคิว</td><td style='padding:3px 6px;'>71/002</td></tr><tr><td style='padding:3px 6px; font-weight:bold; background-color:#f2f2f2;'>รหัสรับเหมา</td><td style='padding:3px 6px;'>738889</td></tr><tr><td style='padding:3px 6px; font-weight:bold; background-color:#f2f2f2;'>ชื่อ-สกุล รับเหมา</td><td style='padding:3px 6px;'>รถตัดโรงงานเบอร์ 24</td></tr><tr><td style='padding:3px 6px; font-weight:bold; background-color:#f2f2f2;'>นักเกษตร</td><td style='padding:3px 6px;'>7101</td></tr><tr><td style='padding:3px 6px; font-weight:bold; background-color:#f2f2f2;'>ศูนย์</td><td style='padding:3px 6px;'>K2-71</td></tr><tr><td style='padding:3px 6px; font-weight:bold; background-color:#f2f2f2;'>โควตา</td><td style='padding:3px 6px;'>770911</td></tr><tr><td style='padding:3px 6px; font-weight:bold; background-color:#f2f2f2;'>ชาวไร่</td><td style='padding:3px 6px;'>นาง สม ม่วงละออ</td></tr><tr><td style='padding:3px 6px; font-weight:bold; background-color:#f2f2f2;'>ประเภทอ้อย</td><td style='padding:3px 6px;'>ปลายฝน</td></tr><tr><td style='padding:3px 6px; font-weight:bold; background-color:#f2f2f2;'>พื้นที่</td><td style='padding:3px 6px;'>9.31</td></tr><tr><td style='padding:3px 6px; font-weight:bold; background-color:#f2f2f2;'>ตันรวม</td><td style='padding:3px 6px;'>121.03</td></tr><tr><td style='padding:3px 6px; font-weight:bold; background-color:#f2f2f2;'>รหัสแปลง</td><td style='padding:3px 6px;'>321301090134</td></tr><tr><td style='padding:3px 6px; font-weight:bold; background-color:#f2f2f2;'>กลุ่ม</td><td style='padding:3px 6px;'>กลุ่ม_71</td></tr></table></div>]]></description>
      <styleUrl>#plotStyle</styleUrl>
      <MultiGeometry><Polygon><outerBoundaryIs><LinearRing><coordinates>103.9743110,14.5212214,0 103.9725959,14.5214240,0 103.9726290,14.5217805,0 103.9726406,14.5218467,0 103.9726540,14.5218885,0 103.9726920,14.5219338,0 103.9727252,14.5219814,0 103.9727446,14.5219938,0 103.9727693,14.5219999,0 103.9728215,14.5220082,0 103.9730125,14.5220617,0 103.9744973,14.5219648,0 103.9743110,14.5212214,0</coordinates></LinearRing></outerBoundaryIs></Polygon></MultiGeometry>
    </Placemark>
    <Placemark>
      <name>321301090159</name>
      <description><![CDATA[<div style='font-family:Tahoma,sans-serif; font-size:13px;'><h3 style='color:#1565C0; margin:4px 0;'>รหัสแปลง: 321301090159</h3><p style='margin:2px 0;'><b>กลุ่มคิว:</b> 71_002</p><table border='1' style='border-collapse:collapse; border-color:#ccc; width:100%;'><tr><td style='padding:3px 6px; font-weight:bold; background-color:#f2f2f2;'>รหัสกลุ่มคิว</td><td style='padding:3px 6px;'>71/002</td></tr><tr><td style='padding:3px 6px; font-weight:bold; background-color:#f2f2f2;'>รหัสรับเหมา</td><td style='padding:3px 6px;'>738889</td></tr><tr><td style='padding:3px 6px; font-weight:bold; background-color:#f2f2f2;'>ชื่อ-สกุล รับเหมา</td><td style='padding:3px 6px;'>รถตัดโรงงานเบอร์ 24</td></tr><tr><td style='padding:3px 6px; font-weight:bold; background-color:#f2f2f2;'>นักเกษตร</td><td style='padding:3px 6px;'>7101</td></tr><tr><td style='padding:3px 6px; font-weight:bold; background-color:#f2f2f2;'>ศูนย์</td><td style='padding:3px 6px;'>K2-71</td></tr><tr><td style='padding:3px 6px; font-weight:bold; background-color:#f2f2f2;'>โควตา</td><td style='padding:3px 6px;'>770834</td></tr><tr><td style='padding:3px 6px; font-weight:bold; background-color:#f2f2f2;'>ชาวไร่</td><td style='padding:3px 6px;'>น.ส. จี๋ว จันทร์แสน</td></tr><tr><td style='padding:3px 6px; font-weight:bold; background-color:#f2f2f2;'>ประเภทอ้อย</td><td style='padding:3px 6px;'>ตอ1</td></tr><tr><td style='padding:3px 6px; font-weight:bold; background-color:#f2f2f2;'>พื้นที่</td><td style='padding:3px 6px;'>7.45</td></tr><tr><td style='padding:3px 6px; font-weight:bold; background-color:#f2f2f2;'>ตันรวม</td><td style='padding:3px 6px;'>67.05</td></tr><tr><td style='padding:3px 6px; font-weight:bold; background-color:#f2f2f2;'>รหัสแปลง</td><td style='padding:3px 6px;'>321301090159</td></tr><tr><td style='padding:3px 6px; font-weight:bold; background-color:#f2f2f2;'>กลุ่ม</td><td style='padding:3px 6px;'>กลุ่ม_71</td></tr></table></div>]]></description>
      <styleUrl>#plotStyle</styleUrl>
      <MultiGeometry><Polygon><outerBoundaryIs><LinearRing><coordinates>103.9751884,14.5099586,0 103.9749790,14.5085201,0 103.9746242,14.5084329,0 103.9743230,14.5086385,0 103.9745326,14.5100200,0 103.9751884,14.5099586,0</coordinates></LinearRing></outerBoundaryIs></Polygon></MultiGeometry>
    </Placemark>
    <Placemark>
      <name>321301110184</name>
      <description><![CDATA[<div style='font-family:Tahoma,sans-serif; font-size:13px;'><h3 style='color:#1565C0; margin:4px 0;'>รหัสแปลง: 321301110184</h3><p style='margin:2px 0;'><b>กลุ่มคิว:</b> 71_002</p><table border='1' style='border-collapse:collapse; border-color:#ccc; width:100%;'><tr><td style='padding:3px 6px; font-weight:bold; background-color:#f2f2f2;'>รหัสกลุ่มคิว</td><td style='padding:3px 6px;'>71/002</td></tr><tr><td style='padding:3px 6px; font-weight:bold; background-color:#f2f2f2;'>รหัสรับเหมา</td><td style='padding:3px 6px;'>738889</td></tr><tr><td style='padding:3px 6px; font-weight:bold; background-color:#f2f2f2;'>ชื่อ-สกุล รับเหมา</td><td style='padding:3px 6px;'>รถตัดโรงงานเบอร์ 24</td></tr><tr><td style='padding:3px 6px; font-weight:bold; background-color:#f2f2f2;'>นักเกษตร</td><td style='padding:3px 6px;'>7101</td></tr><tr><td style='padding:3px 6px; font-weight:bold; background-color:#f2f2f2;'>ศูนย์</td><td style='padding:3px 6px;'>K2-71</td></tr><tr><td style='padding:3px 6px; font-weight:bold; background-color:#f2f2f2;'>โควตา</td><td style='padding:3px 6px;'>770278</td></tr><tr><td style='padding:3px 6px; font-weight:bold; background-color:#f2f2f2;'>ชาวไร่</td><td style='padding:3px 6px;'>นาย สนิ เสียงสนั่น</td></tr><tr><td style='padding:3px 6px; font-weight:bold; background-color:#f2f2f2;'>ประเภทอ้อย</td><td style='padding:3px 6px;'>ปลายฝน</td></tr><tr><td style='padding:3px 6px; font-weight:bold; background-color:#f2f2f2;'>พื้นที่</td><td style='padding:3px 6px;'>4.23</td></tr><tr><td style='padding:3px 6px; font-weight:bold; background-color:#f2f2f2;'>ตันรวม</td><td style='padding:3px 6px;'>54.99</td></tr><tr><td style='padding:3px 6px; font-weight:bold; background-color:#f2f2f2;'>รหัสแปลง</td><td style='padding:3px 6px;'>321301110184</td></tr><tr><td style='padding:3px 6px; font-weight:bold; background-color:#f2f2f2;'>กลุ่ม</td><td style='padding:3px 6px;'>กลุ่ม_71</td></tr></table></div>]]></description>
      <styleUrl>#plotStyle</styleUrl>
      <MultiGeometry><Polygon><outerBoundaryIs><LinearRing><coordinates>103.9009031,14.5179402,0 103.9006667,14.5169874,0 103.9003596,14.5169973,0 103.9003354,14.5168453,0 103.9000853,14.5168368,0 103.9002493,14.5178561,0 103.9004525,14.5178275,0 103.9005689,14.5178714,0 103.9009031,14.5179402,0</coordinates></LinearRing></outerBoundaryIs></Polygon></MultiGeometry>
    </Placemark>
    <Placemark>
      <name>321301120041</name>
      <description><![CDATA[<div style='font-family:Tahoma,sans-serif; font-size:13px;'><h3 style='color:#1565C0; margin:4px 0;'>รหัสแปลง: 321301120041</h3><p style='margin:2px 0;'><b>กลุ่มคิว:</b> 71_002</p><table border='1' style='border-collapse:collapse; border-color:#ccc; width:100%;'><tr><td style='padding:3px 6px; font-weight:bold; background-color:#f2f2f2;'>รหัสกลุ่มคิว</td><td style='padding:3px 6px;'>71/002</td></tr><tr><td style='padding:3px 6px; font-weight:bold; background-color:#f2f2f2;'>รหัสรับเหมา</td><td style='padding:3px 6px;'>738889</td></tr><tr><td style='padding:3px 6px; font-weight:bold; background-color:#f2f2f2;'>ชื่อ-สกุล รับเหมา</td><td style='padding:3px 6px;'>รถตัดโรงงานเบอร์ 24</td></tr><tr><td style='padding:3px 6px; font-weight:bold; background-color:#f2f2f2;'>นักเกษตร</td><td style='padding:3px 6px;'>7101</td></tr><tr><td style='padding:3px 6px; font-weight:bold; background-color:#f2f2f2;'>ศูนย์</td><td style='padding:3px 6px;'>K2-71</td></tr><tr><td style='padding:3px 6px; font-weight:bold; background-color:#f2f2f2;'>โควตา</td><td style='padding:3px 6px;'>771302</td></tr><tr><td style='padding:3px 6px; font-weight:bold; background-color:#f2f2f2;'>ชาวไร่</td><td style='padding:3px 6px;'>นาง สำรวย มั่นยืน</td></tr><tr><td style='padding:3px 6px; font-weight:bold; background-color:#f2f2f2;'>ประเภทอ้อย</td><td style='padding:3px 6px;'>ตอ1</td></tr><tr><td style='padding:3px 6px; font-weight:bold; background-color:#f2f2f2;'>พื้นที่</td><td style='padding:3px 6px;'>7.35</td></tr><tr><td style='padding:3px 6px; font-weight:bold; background-color:#f2f2f2;'>ตันรวม</td><td style='padding:3px 6px;'>66.15</td></tr><tr><td style='padding:3px 6px; font-weight:bold; background-color:#f2f2f2;'>รหัสแปลง</td><td style='padding:3px 6px;'>321301120041</td></tr><tr><td style='padding:3px 6px; font-weight:bold; background-color:#f2f2f2;'>กลุ่ม</td><td style='padding:3px 6px;'>กลุ่ม_71</td></tr></table></div>]]></description>
      <styleUrl>#plotStyle</styleUrl>
      <MultiGeometry><Polygon><outerBoundaryIs><LinearRing><coordinates>103.9321866,14.5521590,0 103.9328350,14.5520617,0 103.9326517,14.5508967,0 103.9325819,14.5508938,0 103.9324414,14.5507176,0 103.9318296,14.5508080,0 103.9319400,14.5512186,0 103.9321002,14.5518095,0 103.9321866,14.5521590,0</coordinates></LinearRing></outerBoundaryIs></Polygon></MultiGeometry>
    </Placemark>
    <Placemark>
      <name>321301120057</name>
      <description><![CDATA[<div style='font-family:Tahoma,sans-serif; font-size:13px;'><h3 style='color:#1565C0; margin:4px 0;'>รหัสแปลง: 321301120057</h3><p style='margin:2px 0;'><b>กลุ่มคิว:</b> 71_002</p><table border='1' style='border-collapse:collapse; border-color:#ccc; width:100%;'><tr><td style='padding:3px 6px; font-weight:bold; background-color:#f2f2f2;'>รหัสกลุ่มคิว</td><td style='padding:3px 6px;'>71/002</td></tr><tr><td style='padding:3px 6px; font-weight:bold; background-color:#f2f2f2;'>รหัสรับเหมา</td><td style='padding:3px 6px;'>738889</td></tr><tr><td style='padding:3px 6px; font-weight:bold; background-color:#f2f2f2;'>ชื่อ-สกุล รับเหมา</td><td style='padding:3px 6px;'>รถตัดโรงงานเบอร์ 24</td></tr><tr><td style='padding:3px 6px; font-weight:bold; background-color:#f2f2f2;'>นักเกษตร</td><td style='padding:3px 6px;'>7101</td></tr><tr><td style='padding:3px 6px; font-weight:bold; background-color:#f2f2f2;'>ศูนย์</td><td style='padding:3px 6px;'>K2-71</td></tr><tr><td style='padding:3px 6px; font-weight:bold; background-color:#f2f2f2;'>โควตา</td><td style='padding:3px 6px;'>771005</td></tr><tr><td style='padding:3px 6px; font-weight:bold; background-color:#f2f2f2;'>ชาวไร่</td><td style='padding:3px 6px;'>นาย สุรินทร์ สายกระสุน</td></tr><tr><td style='padding:3px 6px; font-weight:bold; background-color:#f2f2f2;'>ประเภทอ้อย</td><td style='padding:3px 6px;'>ปลายฝน</td></tr><tr><td style='padding:3px 6px; font-weight:bold; background-color:#f2f2f2;'>พื้นที่</td><td style='padding:3px 6px;'>7.86</td></tr><tr><td style='padding:3px 6px; font-weight:bold; background-color:#f2f2f2;'>ตันรวม</td><td style='padding:3px 6px;'>102.18</td></tr><tr><td style='padding:3px 6px; font-weight:bold; background-color:#f2f2f2;'>รหัสแปลง</td><td style='padding:3px 6px;'>321301120057</td></tr><tr><td style='padding:3px 6px; font-weight:bold; background-color:#f2f2f2;'>กลุ่ม</td><td style='padding:3px 6px;'>กลุ่ม_71</td></tr></table></div>]]></description>
      <styleUrl>#plotStyle</styleUrl>
      <MultiGeometry><Polygon><outerBoundaryIs><LinearRing><coordinates>103.9260150,14.5479867,0 103.9254067,14.5482650,0 103.9260050,14.5496217,0 103.9266817,14.5494350,0 103.9260150,14.5479867,0</coordinates></LinearRing></outerBoundaryIs></Polygon></MultiGeometry>
    </Placemark>
    <Placemark>
      <name>321301120144</name>
      <description><![CDATA[<div style='font-family:Tahoma,sans-serif; font-size:13px;'><h3 style='color:#1565C0; margin:4px 0;'>รหัสแปลง: 321301120144</h3><p style='margin:2px 0;'><b>กลุ่มคิว:</b> 71_002</p><table border='1' style='border-collapse:collapse; border-color:#ccc; width:100%;'><tr><td style='padding:3px 6px; font-weight:bold; background-color:#f2f2f2;'>รหัสกลุ่มคิว</td><td style='padding:3px 6px;'>71/002</td></tr><tr><td style='padding:3px 6px; font-weight:bold; background-color:#f2f2f2;'>รหัสรับเหมา</td><td style='padding:3px 6px;'>738889</td></tr><tr><td style='padding:3px 6px; font-weight:bold; background-color:#f2f2f2;'>ชื่อ-สกุล รับเหมา</td><td style='padding:3px 6px;'>รถตัดโรงงานเบอร์ 24</td></tr><tr><td style='padding:3px 6px; font-weight:bold; background-color:#f2f2f2;'>นักเกษตร</td><td style='padding:3px 6px;'>7101</td></tr><tr><td style='padding:3px 6px; font-weight:bold; background-color:#f2f2f2;'>ศูนย์</td><td style='padding:3px 6px;'>K2-71</td></tr><tr><td style='padding:3px 6px; font-weight:bold; background-color:#f2f2f2;'>โควตา</td><td style='padding:3px 6px;'>773586</td></tr><tr><td style='padding:3px 6px; font-weight:bold; background-color:#f2f2f2;'>ชาวไร่</td><td style='padding:3px 6px;'>นาง เปล็ง กระแสโสม</td></tr><tr><td style='padding:3px 6px; font-weight:bold; background-color:#f2f2f2;'>ประเภทอ้อย</td><td style='padding:3px 6px;'>ตอ3</td></tr><tr><td style='padding:3px 6px; font-weight:bold; background-color:#f2f2f2;'>พื้นที่</td><td style='padding:3px 6px;'>4.54</td></tr><tr><td style='padding:3px 6px; font-weight:bold; background-color:#f2f2f2;'>ตันรวม</td><td style='padding:3px 6px;'>31.78</td></tr><tr><td style='padding:3px 6px; font-weight:bold; background-color:#f2f2f2;'>รหัสแปลง</td><td style='padding:3px 6px;'>321301120144</td></tr><tr><td style='padding:3px 6px; font-weight:bold; background-color:#f2f2f2;'>กลุ่ม</td><td style='padding:3px 6px;'>กลุ่ม_71</td></tr></table></div>]]></description>
      <styleUrl>#plotStyle</styleUrl>
      <MultiGeometry><Polygon><outerBoundaryIs><LinearRing><coordinates>103.9274618,14.5463951,0 103.9269744,14.5455918,0 103.9269081,14.5456802,0 103.9263910,14.5458103,0 103.9268962,14.5467136,0 103.9274618,14.5463951,0</coordinates></LinearRing></outerBoundaryIs></Polygon></MultiGeometry>
    </Placemark>
    <Placemark>
      <name>321301120209</name>
      <description><![CDATA[<div style='font-family:Tahoma,sans-serif; font-size:13px;'><h3 style='color:#1565C0; margin:4px 0;'>รหัสแปลง: 321301120209</h3><p style='margin:2px 0;'><b>กลุ่มคิว:</b> 71_002</p><table border='1' style='border-collapse:collapse; border-color:#ccc; width:100%;'><tr><td style='padding:3px 6px; font-weight:bold; background-color:#f2f2f2;'>รหัสกลุ่มคิว</td><td style='padding:3px 6px;'>71/002</td></tr><tr><td style='padding:3px 6px; font-weight:bold; background-color:#f2f2f2;'>รหัสรับเหมา</td><td style='padding:3px 6px;'>738889</td></tr><tr><td style='padding:3px 6px; font-weight:bold; background-color:#f2f2f2;'>ชื่อ-สกุล รับเหมา</td><td style='padding:3px 6px;'>รถตัดโรงงานเบอร์ 24</td></tr><tr><td style='padding:3px 6px; font-weight:bold; background-color:#f2f2f2;'>นักเกษตร</td><td style='padding:3px 6px;'>7101</td></tr><tr><td style='padding:3px 6px; font-weight:bold; background-color:#f2f2f2;'>ศูนย์</td><td style='padding:3px 6px;'>K2-71</td></tr><tr><td style='padding:3px 6px; font-weight:bold; background-color:#f2f2f2;'>โควตา</td><td style='padding:3px 6px;'>771302</td></tr><tr><td style='padding:3px 6px; font-weight:bold; background-color:#f2f2f2;'>ชาวไร่</td><td style='padding:3px 6px;'>นาง สำรวย มั่นยืน</td></tr><tr><td style='padding:3px 6px; font-weight:bold; background-color:#f2f2f2;'>ประเภทอ้อย</td><td style='padding:3px 6px;'>ตอ2</td></tr><tr><td style='padding:3px 6px; font-weight:bold; background-color:#f2f2f2;'>พื้นที่</td><td style='padding:3px 6px;'>7.27</td></tr><tr><td style='padding:3px 6px; font-weight:bold; background-color:#f2f2f2;'>ตันรวม</td><td style='padding:3px 6px;'>58.16</td></tr><tr><td style='padding:3px 6px; font-weight:bold; background-color:#f2f2f2;'>รหัสแปลง</td><td style='padding:3px 6px;'>321301120209</td></tr><tr><td style='padding:3px 6px; font-weight:bold; background-color:#f2f2f2;'>กลุ่ม</td><td style='padding:3px 6px;'>กลุ่ม_71</td></tr></table></div>]]></description>
      <styleUrl>#plotStyle</styleUrl>
      <MultiGeometry><Polygon><outerBoundaryIs><LinearRing><coordinates>103.9318431,14.5508126,0 103.9314299,14.5509122,0 103.9313871,14.5509401,0 103.9313564,14.5509342,0 103.9311183,14.5509831,0 103.9310609,14.5510156,0 103.9312179,14.5516805,0 103.9314582,14.5518681,0 103.9316800,14.5521784,0 103.9321498,14.5521636,0 103.9321217,14.5520228,0 103.9321244,14.5518428,0 103.9318431,14.5508126,0</coordinates></LinearRing></outerBoundaryIs></Polygon></MultiGeometry>
    </Placemark>
    <Placemark>
      <name>321301121529</name>
      <description><![CDATA[<div style='font-family:Tahoma,sans-serif; font-size:13px;'><h3 style='color:#1565C0; margin:4px 0;'>รหัสแปลง: 321301121529</h3><p style='margin:2px 0;'><b>กลุ่มคิว:</b> 71_002</p><table border='1' style='border-collapse:collapse; border-color:#ccc; width:100%;'><tr><td style='padding:3px 6px; font-weight:bold; background-color:#f2f2f2;'>รหัสกลุ่มคิว</td><td style='padding:3px 6px;'>71/002</td></tr><tr><td style='padding:3px 6px; font-weight:bold; background-color:#f2f2f2;'>รหัสรับเหมา</td><td style='padding:3px 6px;'>738889</td></tr><tr><td style='padding:3px 6px; font-weight:bold; background-color:#f2f2f2;'>ชื่อ-สกุล รับเหมา</td><td style='padding:3px 6px;'>รถตัดโรงงานเบอร์ 24</td></tr><tr><td style='padding:3px 6px; font-weight:bold; background-color:#f2f2f2;'>นักเกษตร</td><td style='padding:3px 6px;'>7101</td></tr><tr><td style='padding:3px 6px; font-weight:bold; background-color:#f2f2f2;'>ศูนย์</td><td style='padding:3px 6px;'>K2-71</td></tr><tr><td style='padding:3px 6px; font-weight:bold; background-color:#f2f2f2;'>โควตา</td><td style='padding:3px 6px;'>773482</td></tr><tr><td style='padding:3px 6px; font-weight:bold; background-color:#f2f2f2;'>ชาวไร่</td><td style='padding:3px 6px;'>นาง วิภาวดี แก้วมี</td></tr><tr><td style='padding:3px 6px; font-weight:bold; background-color:#f2f2f2;'>ประเภทอ้อย</td><td style='padding:3px 6px;'>ตอ1</td></tr><tr><td style='padding:3px 6px; font-weight:bold; background-color:#f2f2f2;'>พื้นที่</td><td style='padding:3px 6px;'>6.24</td></tr><tr><td style='padding:3px 6px; font-weight:bold; background-color:#f2f2f2;'>ตันรวม</td><td style='padding:3px 6px;'>56.16</td></tr><tr><td style='padding:3px 6px; font-weight:bold; background-color:#f2f2f2;'>รหัสแปลง</td><td style='padding:3px 6px;'>321301121529</td></tr><tr><td style='padding:3px 6px; font-weight:bold; background-color:#f2f2f2;'>กลุ่ม</td><td style='padding:3px 6px;'>กลุ่ม_71</td></tr></table></div>]]></description>
      <styleUrl>#plotStyle</styleUrl>
      <MultiGeometry><Polygon><outerBoundaryIs><LinearRing><coordinates>103.9232683,14.5464133,0 103.9233750,14.5464067,0 103.9234317,14.5464183,0 103.9237167,14.5463150,0 103.9229267,14.5446800,0 103.9224733,14.5448267,0 103.9232683,14.5464133,0</coordinates></LinearRing></outerBoundaryIs></Polygon></MultiGeometry>
    </Placemark>
    <Placemark>
      <name>321301121540</name>
      <description><![CDATA[<div style='font-family:Tahoma,sans-serif; font-size:13px;'><h3 style='color:#1565C0; margin:4px 0;'>รหัสแปลง: 321301121540</h3><p style='margin:2px 0;'><b>กลุ่มคิว:</b> 71_002</p><table border='1' style='border-collapse:collapse; border-color:#ccc; width:100%;'><tr><td style='padding:3px 6px; font-weight:bold; background-color:#f2f2f2;'>รหัสกลุ่มคิว</td><td style='padding:3px 6px;'>71/002</td></tr><tr><td style='padding:3px 6px; font-weight:bold; background-color:#f2f2f2;'>รหัสรับเหมา</td><td style='padding:3px 6px;'>738889</td></tr><tr><td style='padding:3px 6px; font-weight:bold; background-color:#f2f2f2;'>ชื่อ-สกุล รับเหมา</td><td style='padding:3px 6px;'>รถตัดโรงงานเบอร์ 24</td></tr><tr><td style='padding:3px 6px; font-weight:bold; background-color:#f2f2f2;'>นักเกษตร</td><td style='padding:3px 6px;'>7101</td></tr><tr><td style='padding:3px 6px; font-weight:bold; background-color:#f2f2f2;'>ศูนย์</td><td style='padding:3px 6px;'>K2-71</td></tr><tr><td style='padding:3px 6px; font-weight:bold; background-color:#f2f2f2;'>โควตา</td><td style='padding:3px 6px;'>771279</td></tr><tr><td style='padding:3px 6px; font-weight:bold; background-color:#f2f2f2;'>ชาวไร่</td><td style='padding:3px 6px;'>นาง เท็ก นาคเจือ</td></tr><tr><td style='padding:3px 6px; font-weight:bold; background-color:#f2f2f2;'>ประเภทอ้อย</td><td style='padding:3px 6px;'>ตอ1</td></tr><tr><td style='padding:3px 6px; font-weight:bold; background-color:#f2f2f2;'>พื้นที่</td><td style='padding:3px 6px;'>4.62</td></tr><tr><td style='padding:3px 6px; font-weight:bold; background-color:#f2f2f2;'>ตันรวม</td><td style='padding:3px 6px;'>41.58</td></tr><tr><td style='padding:3px 6px; font-weight:bold; background-color:#f2f2f2;'>รหัสแปลง</td><td style='padding:3px 6px;'>321301121540</td></tr><tr><td style='padding:3px 6px; font-weight:bold; background-color:#f2f2f2;'>กลุ่ม</td><td style='padding:3px 6px;'>กลุ่ม_71</td></tr></table></div>]]></description>
      <styleUrl>#plotStyle</styleUrl>
      <MultiGeometry><Polygon><outerBoundaryIs><LinearRing><coordinates>103.9397432,14.5538336,0 103.9393697,14.5537907,0 103.9392119,14.5553020,0 103.9395422,14.5556310,0 103.9397432,14.5538336,0</coordinates></LinearRing></outerBoundaryIs></Polygon></MultiGeometry>
    </Placemark>
    <Placemark>
      <name>321301121566</name>
      <description><![CDATA[<div style='font-family:Tahoma,sans-serif; font-size:13px;'><h3 style='color:#1565C0; margin:4px 0;'>รหัสแปลง: 321301121566</h3><p style='margin:2px 0;'><b>กลุ่มคิว:</b> 71_002</p><table border='1' style='border-collapse:collapse; border-color:#ccc; width:100%;'><tr><td style='padding:3px 6px; font-weight:bold; background-color:#f2f2f2;'>รหัสกลุ่มคิว</td><td style='padding:3px 6px;'>71/002</td></tr><tr><td style='padding:3px 6px; font-weight:bold; background-color:#f2f2f2;'>รหัสรับเหมา</td><td style='padding:3px 6px;'>738889</td></tr><tr><td style='padding:3px 6px; font-weight:bold; background-color:#f2f2f2;'>ชื่อ-สกุล รับเหมา</td><td style='padding:3px 6px;'>รถตัดโรงงานเบอร์ 24</td></tr><tr><td style='padding:3px 6px; font-weight:bold; background-color:#f2f2f2;'>นักเกษตร</td><td style='padding:3px 6px;'>7101</td></tr><tr><td style='padding:3px 6px; font-weight:bold; background-color:#f2f2f2;'>ศูนย์</td><td style='padding:3px 6px;'>K2-71</td></tr><tr><td style='padding:3px 6px; font-weight:bold; background-color:#f2f2f2;'>โควตา</td><td style='padding:3px 6px;'>770153</td></tr><tr><td style='padding:3px 6px; font-weight:bold; background-color:#f2f2f2;'>ชาวไร่</td><td style='padding:3px 6px;'>นาย สมบัติ แสนดี</td></tr><tr><td style='padding:3px 6px; font-weight:bold; background-color:#f2f2f2;'>ประเภทอ้อย</td><td style='padding:3px 6px;'>ปลายฝน</td></tr><tr><td style='padding:3px 6px; font-weight:bold; background-color:#f2f2f2;'>พื้นที่</td><td style='padding:3px 6px;'>5.77</td></tr><tr><td style='padding:3px 6px; font-weight:bold; background-color:#f2f2f2;'>ตันรวม</td><td style='padding:3px 6px;'>75.01</td></tr><tr><td style='padding:3px 6px; font-weight:bold; background-color:#f2f2f2;'>รหัสแปลง</td><td style='padding:3px 6px;'>321301121566</td></tr><tr><td style='padding:3px 6px; font-weight:bold; background-color:#f2f2f2;'>กลุ่ม</td><td style='padding:3px 6px;'>กลุ่ม_71</td></tr></table></div>]]></description>
      <styleUrl>#plotStyle</styleUrl>
      <MultiGeometry><Polygon><outerBoundaryIs><LinearRing><coordinates>103.9377487,14.5509301,0 103.9374612,14.5509644,0 103.9374838,14.5510417,0 103.9374465,14.5510558,0 103.9374501,14.5512667,0 103.9372814,14.5512895,0 103.9372996,14.5514101,0 103.9373335,14.5514173,0 103.9373568,14.5514687,0 103.9373465,14.5514864,0 103.9372952,14.5515091,0 103.9373210,14.5518201,0 103.9371970,14.5518428,0 103.9372499,14.5524880,0 103.9378633,14.5524678,0 103.9377487,14.5509301,0</coordinates></LinearRing></outerBoundaryIs></Polygon></MultiGeometry>
    </Placemark>
    <Placemark>
      <name>321301121583</name>
      <description><![CDATA[<div style='font-family:Tahoma,sans-serif; font-size:13px;'><h3 style='color:#1565C0; margin:4px 0;'>รหัสแปลง: 321301121583</h3><p style='margin:2px 0;'><b>กลุ่มคิว:</b> 71_002</p><table border='1' style='border-collapse:collapse; border-color:#ccc; width:100%;'><tr><td style='padding:3px 6px; font-weight:bold; background-color:#f2f2f2;'>รหัสกลุ่มคิว</td><td style='padding:3px 6px;'>71/002</td></tr><tr><td style='padding:3px 6px; font-weight:bold; background-color:#f2f2f2;'>รหัสรับเหมา</td><td style='padding:3px 6px;'>738889</td></tr><tr><td style='padding:3px 6px; font-weight:bold; background-color:#f2f2f2;'>ชื่อ-สกุล รับเหมา</td><td style='padding:3px 6px;'>รถตัดโรงงานเบอร์ 24</td></tr><tr><td style='padding:3px 6px; font-weight:bold; background-color:#f2f2f2;'>นักเกษตร</td><td style='padding:3px 6px;'>7101</td></tr><tr><td style='padding:3px 6px; font-weight:bold; background-color:#f2f2f2;'>ศูนย์</td><td style='padding:3px 6px;'>K2-71</td></tr><tr><td style='padding:3px 6px; font-weight:bold; background-color:#f2f2f2;'>โควตา</td><td style='padding:3px 6px;'>770153</td></tr><tr><td style='padding:3px 6px; font-weight:bold; background-color:#f2f2f2;'>ชาวไร่</td><td style='padding:3px 6px;'>นาย สมบัติ แสนดี</td></tr><tr><td style='padding:3px 6px; font-weight:bold; background-color:#f2f2f2;'>ประเภทอ้อย</td><td style='padding:3px 6px;'>ปลายฝน</td></tr><tr><td style='padding:3px 6px; font-weight:bold; background-color:#f2f2f2;'>พื้นที่</td><td style='padding:3px 6px;'>2.4</td></tr><tr><td style='padding:3px 6px; font-weight:bold; background-color:#f2f2f2;'>ตันรวม</td><td style='padding:3px 6px;'>31.2</td></tr><tr><td style='padding:3px 6px; font-weight:bold; background-color:#f2f2f2;'>รหัสแปลง</td><td style='padding:3px 6px;'>321301121583</td></tr><tr><td style='padding:3px 6px; font-weight:bold; background-color:#f2f2f2;'>กลุ่ม</td><td style='padding:3px 6px;'>กลุ่ม_71</td></tr></table></div>]]></description>
      <styleUrl>#plotStyle</styleUrl>
      <MultiGeometry><Polygon><outerBoundaryIs><LinearRing><coordinates>103.9372985,14.5524600,0 103.9372417,14.5518433,0 103.9370203,14.5518534,0 103.9370312,14.5518941,0 103.9367720,14.5520526,0 103.9367196,14.5522028,0 103.9366031,14.5525115,0 103.9372985,14.5524600,0</coordinates></LinearRing></outerBoundaryIs></Polygon></MultiGeometry>
    </Placemark>
    <Placemark>
      <name>321304011517</name>
      <description><![CDATA[<div style='font-family:Tahoma,sans-serif; font-size:13px;'><h3 style='color:#1565C0; margin:4px 0;'>รหัสแปลง: 321304011517</h3><p style='margin:2px 0;'><b>กลุ่มคิว:</b> 71_002</p><table border='1' style='border-collapse:collapse; border-color:#ccc; width:100%;'><tr><td style='padding:3px 6px; font-weight:bold; background-color:#f2f2f2;'>รหัสกลุ่มคิว</td><td style='padding:3px 6px;'>71/002</td></tr><tr><td style='padding:3px 6px; font-weight:bold; background-color:#f2f2f2;'>รหัสรับเหมา</td><td style='padding:3px 6px;'>738889</td></tr><tr><td style='padding:3px 6px; font-weight:bold; background-color:#f2f2f2;'>ชื่อ-สกุล รับเหมา</td><td style='padding:3px 6px;'>รถตัดโรงงานเบอร์ 24</td></tr><tr><td style='padding:3px 6px; font-weight:bold; background-color:#f2f2f2;'>นักเกษตร</td><td style='padding:3px 6px;'>7101</td></tr><tr><td style='padding:3px 6px; font-weight:bold; background-color:#f2f2f2;'>ศูนย์</td><td style='padding:3px 6px;'>K2-71</td></tr><tr><td style='padding:3px 6px; font-weight:bold; background-color:#f2f2f2;'>โควตา</td><td style='padding:3px 6px;'>773336</td></tr><tr><td style='padding:3px 6px; font-weight:bold; background-color:#f2f2f2;'>ชาวไร่</td><td style='padding:3px 6px;'>นาย จิรโรจน์ ดวงใจ</td></tr><tr><td style='padding:3px 6px; font-weight:bold; background-color:#f2f2f2;'>ประเภทอ้อย</td><td style='padding:3px 6px;'>ปลายฝน</td></tr><tr><td style='padding:3px 6px; font-weight:bold; background-color:#f2f2f2;'>พื้นที่</td><td style='padding:3px 6px;'>8.75</td></tr><tr><td style='padding:3px 6px; font-weight:bold; background-color:#f2f2f2;'>ตันรวม</td><td style='padding:3px 6px;'>113.75</td></tr><tr><td style='padding:3px 6px; font-weight:bold; background-color:#f2f2f2;'>รหัสแปลง</td><td style='padding:3px 6px;'>321304011517</td></tr><tr><td style='padding:3px 6px; font-weight:bold; background-color:#f2f2f2;'>กลุ่ม</td><td style='padding:3px 6px;'>กลุ่ม_71</td></tr></table></div>]]></description>
      <styleUrl>#plotStyle</styleUrl>
      <MultiGeometry><Polygon><outerBoundaryIs><LinearRing><coordinates>103.9824482,14.5928809,0 103.9823129,14.5939250,0 103.9837366,14.5937172,0 103.9837335,14.5936324,0 103.9836495,14.5936012,0 103.9835616,14.5936160,0 103.9835429,14.5935624,0 103.9836314,14.5935299,0 103.9836273,14.5934431,0 103.9836967,14.5934305,0 103.9836420,14.5928988,0 103.9834138,14.5929244,0 103.9833770,14.5929409,0 103.9824482,14.5928848,0 103.9824482,14.5928809,0</coordinates></LinearRing></outerBoundaryIs></Polygon></MultiGeometry>
    </Placemark>
    <Placemark>
      <name>321304011524</name>
      <description><![CDATA[<div style='font-family:Tahoma,sans-serif; font-size:13px;'><h3 style='color:#1565C0; margin:4px 0;'>รหัสแปลง: 321304011524</h3><p style='margin:2px 0;'><b>กลุ่มคิว:</b> 71_002</p><table border='1' style='border-collapse:collapse; border-color:#ccc; width:100%;'><tr><td style='padding:3px 6px; font-weight:bold; background-color:#f2f2f2;'>รหัสกลุ่มคิว</td><td style='padding:3px 6px;'>71/002</td></tr><tr><td style='padding:3px 6px; font-weight:bold; background-color:#f2f2f2;'>รหัสรับเหมา</td><td style='padding:3px 6px;'>738889</td></tr><tr><td style='padding:3px 6px; font-weight:bold; background-color:#f2f2f2;'>ชื่อ-สกุล รับเหมา</td><td style='padding:3px 6px;'>รถตัดโรงงานเบอร์ 24</td></tr><tr><td style='padding:3px 6px; font-weight:bold; background-color:#f2f2f2;'>นักเกษตร</td><td style='padding:3px 6px;'>7101</td></tr><tr><td style='padding:3px 6px; font-weight:bold; background-color:#f2f2f2;'>ศูนย์</td><td style='padding:3px 6px;'>K2-71</td></tr><tr><td style='padding:3px 6px; font-weight:bold; background-color:#f2f2f2;'>โควตา</td><td style='padding:3px 6px;'>774164</td></tr><tr><td style='padding:3px 6px; font-weight:bold; background-color:#f2f2f2;'>ชาวไร่</td><td style='padding:3px 6px;'>นาง สุวรรณจิตร ชุ่มมาก</td></tr><tr><td style='padding:3px 6px; font-weight:bold; background-color:#f2f2f2;'>ประเภทอ้อย</td><td style='padding:3px 6px;'>ปลายฝน</td></tr><tr><td style='padding:3px 6px; font-weight:bold; background-color:#f2f2f2;'>พื้นที่</td><td style='padding:3px 6px;'>2.29</td></tr><tr><td style='padding:3px 6px; font-weight:bold; background-color:#f2f2f2;'>ตันรวม</td><td style='padding:3px 6px;'>29.77</td></tr><tr><td style='padding:3px 6px; font-weight:bold; background-color:#f2f2f2;'>รหัสแปลง</td><td style='padding:3px 6px;'>321304011524</td></tr><tr><td style='padding:3px 6px; font-weight:bold; background-color:#f2f2f2;'>กลุ่ม</td><td style='padding:3px 6px;'>กลุ่ม_71</td></tr></table></div>]]></description>
      <styleUrl>#plotStyle</styleUrl>
      <MultiGeometry><Polygon><outerBoundaryIs><LinearRing><coordinates>103.9947974,14.5861049,0 103.9947085,14.5855992,0 103.9946912,14.5855277,0 103.9946591,14.5853607,0 103.9942026,14.5854694,0 103.9943865,14.5860903,0 103.9947974,14.5861049,0</coordinates></LinearRing></outerBoundaryIs></Polygon></MultiGeometry>
    </Placemark>
    <Placemark>
      <name>321306020158</name>
      <description><![CDATA[<div style='font-family:Tahoma,sans-serif; font-size:13px;'><h3 style='color:#1565C0; margin:4px 0;'>รหัสแปลง: 321306020158</h3><p style='margin:2px 0;'><b>กลุ่มคิว:</b> 71_002</p><table border='1' style='border-collapse:collapse; border-color:#ccc; width:100%;'><tr><td style='padding:3px 6px; font-weight:bold; background-color:#f2f2f2;'>รหัสกลุ่มคิว</td><td style='padding:3px 6px;'>71/002</td></tr><tr><td style='padding:3px 6px; font-weight:bold; background-color:#f2f2f2;'>รหัสรับเหมา</td><td style='padding:3px 6px;'>738889</td></tr><tr><td style='padding:3px 6px; font-weight:bold; background-color:#f2f2f2;'>ชื่อ-สกุล รับเหมา</td><td style='padding:3px 6px;'>รถตัดโรงงานเบอร์ 24</td></tr><tr><td style='padding:3px 6px; font-weight:bold; background-color:#f2f2f2;'>นักเกษตร</td><td style='padding:3px 6px;'>7101</td></tr><tr><td style='padding:3px 6px; font-weight:bold; background-color:#f2f2f2;'>ศูนย์</td><td style='padding:3px 6px;'>K2-71</td></tr><tr><td style='padding:3px 6px; font-weight:bold; background-color:#f2f2f2;'>โควตา</td><td style='padding:3px 6px;'>770321</td></tr><tr><td style='padding:3px 6px; font-weight:bold; background-color:#f2f2f2;'>ชาวไร่</td><td style='padding:3px 6px;'>นาย สุริยา กล้าแข็ง</td></tr><tr><td style='padding:3px 6px; font-weight:bold; background-color:#f2f2f2;'>ประเภทอ้อย</td><td style='padding:3px 6px;'>ปลายฝน</td></tr><tr><td style='padding:3px 6px; font-weight:bold; background-color:#f2f2f2;'>พื้นที่</td><td style='padding:3px 6px;'>10.13</td></tr><tr><td style='padding:3px 6px; font-weight:bold; background-color:#f2f2f2;'>ตันรวม</td><td style='padding:3px 6px;'>131.69</td></tr><tr><td style='padding:3px 6px; font-weight:bold; background-color:#f2f2f2;'>รหัสแปลง</td><td style='padding:3px 6px;'>321306020158</td></tr><tr><td style='padding:3px 6px; font-weight:bold; background-color:#f2f2f2;'>กลุ่ม</td><td style='padding:3px 6px;'>กลุ่ม_71</td></tr></table></div>]]></description>
      <styleUrl>#plotStyle</styleUrl>
      <MultiGeometry><Polygon><outerBoundaryIs><LinearRing><coordinates>103.9887258,14.5342944,0 103.9888791,14.5346983,0 103.9888992,14.5347510,0 103.9890943,14.5347270,0 103.9893186,14.5346850,0 103.9895832,14.5346469,0 103.9896925,14.5346315,0 103.9900302,14.5345846,0 103.9900266,14.5344668,0 103.9901285,14.5343652,0 103.9900846,14.5342463,0 103.9900492,14.5340808,0 103.9900046,14.5339712,0 103.9899633,14.5338806,0 103.9899514,14.5337615,0 103.9898593,14.5336637,0 103.9897472,14.5336215,0 103.9895519,14.5336050,0 103.9892666,14.5336487,0 103.9888554,14.5336885,0 103.9885429,14.5336944,0 103.9885784,14.5338177,0 103.9887258,14.5342944,0</coordinates></LinearRing></outerBoundaryIs></Polygon></MultiGeometry>
    </Placemark>
    <Placemark>
      <name>321306051506</name>
      <description><![CDATA[<div style='font-family:Tahoma,sans-serif; font-size:13px;'><h3 style='color:#1565C0; margin:4px 0;'>รหัสแปลง: 321306051506</h3><p style='margin:2px 0;'><b>กลุ่มคิว:</b> 71_002</p><table border='1' style='border-collapse:collapse; border-color:#ccc; width:100%;'><tr><td style='padding:3px 6px; font-weight:bold; background-color:#f2f2f2;'>รหัสกลุ่มคิว</td><td style='padding:3px 6px;'>71/002</td></tr><tr><td style='padding:3px 6px; font-weight:bold; background-color:#f2f2f2;'>รหัสรับเหมา</td><td style='padding:3px 6px;'>738889</td></tr><tr><td style='padding:3px 6px; font-weight:bold; background-color:#f2f2f2;'>ชื่อ-สกุล รับเหมา</td><td style='padding:3px 6px;'>รถตัดโรงงานเบอร์ 24</td></tr><tr><td style='padding:3px 6px; font-weight:bold; background-color:#f2f2f2;'>นักเกษตร</td><td style='padding:3px 6px;'>7101</td></tr><tr><td style='padding:3px 6px; font-weight:bold; background-color:#f2f2f2;'>ศูนย์</td><td style='padding:3px 6px;'>K2-71</td></tr><tr><td style='padding:3px 6px; font-weight:bold; background-color:#f2f2f2;'>โควตา</td><td style='padding:3px 6px;'>773899</td></tr><tr><td style='padding:3px 6px; font-weight:bold; background-color:#f2f2f2;'>ชาวไร่</td><td style='padding:3px 6px;'>นางสาว รจนา ราชรักษ์</td></tr><tr><td style='padding:3px 6px; font-weight:bold; background-color:#f2f2f2;'>ประเภทอ้อย</td><td style='padding:3px 6px;'>ตอ1</td></tr><tr><td style='padding:3px 6px; font-weight:bold; background-color:#f2f2f2;'>พื้นที่</td><td style='padding:3px 6px;'>5.89</td></tr><tr><td style='padding:3px 6px; font-weight:bold; background-color:#f2f2f2;'>ตันรวม</td><td style='padding:3px 6px;'>53.01</td></tr><tr><td style='padding:3px 6px; font-weight:bold; background-color:#f2f2f2;'>รหัสแปลง</td><td style='padding:3px 6px;'>321306051506</td></tr><tr><td style='padding:3px 6px; font-weight:bold; background-color:#f2f2f2;'>กลุ่ม</td><td style='padding:3px 6px;'>กลุ่ม_71</td></tr></table></div>]]></description>
      <styleUrl>#plotStyle</styleUrl>
      <MultiGeometry><Polygon><outerBoundaryIs><LinearRing><coordinates>103.9842555,14.5333608,0 103.9842483,14.5324120,0 103.9833643,14.5324833,0 103.9835266,14.5334295,0 103.9835346,14.5334709,0 103.9842555,14.5333608,0</coordinates></LinearRing></outerBoundaryIs></Polygon></MultiGeometry>
    </Placemark>
    <Placemark>
      <name>321306051522</name>
      <description><![CDATA[<div style='font-family:Tahoma,sans-serif; font-size:13px;'><h3 style='color:#1565C0; margin:4px 0;'>รหัสแปลง: 321306051522</h3><p style='margin:2px 0;'><b>กลุ่มคิว:</b> 71_002</p><table border='1' style='border-collapse:collapse; border-color:#ccc; width:100%;'><tr><td style='padding:3px 6px; font-weight:bold; background-color:#f2f2f2;'>รหัสกลุ่มคิว</td><td style='padding:3px 6px;'>71/002</td></tr><tr><td style='padding:3px 6px; font-weight:bold; background-color:#f2f2f2;'>รหัสรับเหมา</td><td style='padding:3px 6px;'>738889</td></tr><tr><td style='padding:3px 6px; font-weight:bold; background-color:#f2f2f2;'>ชื่อ-สกุล รับเหมา</td><td style='padding:3px 6px;'>รถตัดโรงงานเบอร์ 24</td></tr><tr><td style='padding:3px 6px; font-weight:bold; background-color:#f2f2f2;'>นักเกษตร</td><td style='padding:3px 6px;'>7101</td></tr><tr><td style='padding:3px 6px; font-weight:bold; background-color:#f2f2f2;'>ศูนย์</td><td style='padding:3px 6px;'>K2-71</td></tr><tr><td style='padding:3px 6px; font-weight:bold; background-color:#f2f2f2;'>โควตา</td><td style='padding:3px 6px;'>771268</td></tr><tr><td style='padding:3px 6px; font-weight:bold; background-color:#f2f2f2;'>ชาวไร่</td><td style='padding:3px 6px;'>นาง ธีรดา เสาเปรีย</td></tr><tr><td style='padding:3px 6px; font-weight:bold; background-color:#f2f2f2;'>ประเภทอ้อย</td><td style='padding:3px 6px;'>ตอ1</td></tr><tr><td style='padding:3px 6px; font-weight:bold; background-color:#f2f2f2;'>พื้นที่</td><td style='padding:3px 6px;'>6.4</td></tr><tr><td style='padding:3px 6px; font-weight:bold; background-color:#f2f2f2;'>ตันรวม</td><td style='padding:3px 6px;'>57.6</td></tr><tr><td style='padding:3px 6px; font-weight:bold; background-color:#f2f2f2;'>รหัสแปลง</td><td style='padding:3px 6px;'>321306051522</td></tr><tr><td style='padding:3px 6px; font-weight:bold; background-color:#f2f2f2;'>กลุ่ม</td><td style='padding:3px 6px;'>กลุ่ม_71</td></tr></table></div>]]></description>
      <styleUrl>#plotStyle</styleUrl>
      <MultiGeometry><Polygon><outerBoundaryIs><LinearRing><coordinates>103.9832200,14.5300174,0 103.9835613,14.5299783,0 103.9835296,14.5292873,0 103.9835487,14.5291360,0 103.9835533,14.5288040,0 103.9835810,14.5279751,0 103.9835430,14.5274755,0 103.9834728,14.5275012,0 103.9833582,14.5276090,0 103.9833064,14.5276309,0 103.9832522,14.5276423,0 103.9832331,14.5281020,0 103.9832024,14.5280994,0 103.9831858,14.5292984,0 103.9831754,14.5293221,0 103.9832200,14.5300174,0</coordinates></LinearRing></outerBoundaryIs></Polygon></MultiGeometry>
    </Placemark>
    <Placemark>
      <name>321306071553</name>
      <description><![CDATA[<div style='font-family:Tahoma,sans-serif; font-size:13px;'><h3 style='color:#1565C0; margin:4px 0;'>รหัสแปลง: 321306071553</h3><p style='margin:2px 0;'><b>กลุ่มคิว:</b> 71_002</p><table border='1' style='border-collapse:collapse; border-color:#ccc; width:100%;'><tr><td style='padding:3px 6px; font-weight:bold; background-color:#f2f2f2;'>รหัสกลุ่มคิว</td><td style='padding:3px 6px;'>71/002</td></tr><tr><td style='padding:3px 6px; font-weight:bold; background-color:#f2f2f2;'>รหัสรับเหมา</td><td style='padding:3px 6px;'>738889</td></tr><tr><td style='padding:3px 6px; font-weight:bold; background-color:#f2f2f2;'>ชื่อ-สกุล รับเหมา</td><td style='padding:3px 6px;'>รถตัดโรงงานเบอร์ 24</td></tr><tr><td style='padding:3px 6px; font-weight:bold; background-color:#f2f2f2;'>นักเกษตร</td><td style='padding:3px 6px;'>7101</td></tr><tr><td style='padding:3px 6px; font-weight:bold; background-color:#f2f2f2;'>ศูนย์</td><td style='padding:3px 6px;'>K2-71</td></tr><tr><td style='padding:3px 6px; font-weight:bold; background-color:#f2f2f2;'>โควตา</td><td style='padding:3px 6px;'>772561</td></tr><tr><td style='padding:3px 6px; font-weight:bold; background-color:#f2f2f2;'>ชาวไร่</td><td style='padding:3px 6px;'>นาย ณัฐวุฒิ อินทร์ดี</td></tr><tr><td style='padding:3px 6px; font-weight:bold; background-color:#f2f2f2;'>ประเภทอ้อย</td><td style='padding:3px 6px;'>ตอ1</td></tr><tr><td style='padding:3px 6px; font-weight:bold; background-color:#f2f2f2;'>พื้นที่</td><td style='padding:3px 6px;'>5.45</td></tr><tr><td style='padding:3px 6px; font-weight:bold; background-color:#f2f2f2;'>ตันรวม</td><td style='padding:3px 6px;'>49.05</td></tr><tr><td style='padding:3px 6px; font-weight:bold; background-color:#f2f2f2;'>รหัสแปลง</td><td style='padding:3px 6px;'>321306071553</td></tr><tr><td style='padding:3px 6px; font-weight:bold; background-color:#f2f2f2;'>กลุ่ม</td><td style='padding:3px 6px;'>กลุ่ม_71</td></tr></table></div>]]></description>
      <styleUrl>#plotStyle</styleUrl>
      <MultiGeometry><Polygon><outerBoundaryIs><LinearRing><coordinates>103.9710119,14.5899326,0 103.9705093,14.5888011,0 103.9704507,14.5888564,0 103.9704772,14.5889800,0 103.9700311,14.5892464,0 103.9700144,14.5892750,0 103.9704031,14.5902442,0 103.9710119,14.5899326,0</coordinates></LinearRing></outerBoundaryIs></Polygon></MultiGeometry>
    </Placemark>
    <Placemark>
      <name>321306090212</name>
      <description><![CDATA[<div style='font-family:Tahoma,sans-serif; font-size:13px;'><h3 style='color:#1565C0; margin:4px 0;'>รหัสแปลง: 321306090212</h3><p style='margin:2px 0;'><b>กลุ่มคิว:</b> 71_002</p><table border='1' style='border-collapse:collapse; border-color:#ccc; width:100%;'><tr><td style='padding:3px 6px; font-weight:bold; background-color:#f2f2f2;'>รหัสกลุ่มคิว</td><td style='padding:3px 6px;'>71/002</td></tr><tr><td style='padding:3px 6px; font-weight:bold; background-color:#f2f2f2;'>รหัสรับเหมา</td><td style='padding:3px 6px;'>738889</td></tr><tr><td style='padding:3px 6px; font-weight:bold; background-color:#f2f2f2;'>ชื่อ-สกุล รับเหมา</td><td style='padding:3px 6px;'>รถตัดโรงงานเบอร์ 24</td></tr><tr><td style='padding:3px 6px; font-weight:bold; background-color:#f2f2f2;'>นักเกษตร</td><td style='padding:3px 6px;'>7101</td></tr><tr><td style='padding:3px 6px; font-weight:bold; background-color:#f2f2f2;'>ศูนย์</td><td style='padding:3px 6px;'>K2-71</td></tr><tr><td style='padding:3px 6px; font-weight:bold; background-color:#f2f2f2;'>โควตา</td><td style='padding:3px 6px;'>732959</td></tr><tr><td style='padding:3px 6px; font-weight:bold; background-color:#f2f2f2;'>ชาวไร่</td><td style='padding:3px 6px;'>นาย จิรวัฒน์ รู้รักษา</td></tr><tr><td style='padding:3px 6px; font-weight:bold; background-color:#f2f2f2;'>ประเภทอ้อย</td><td style='padding:3px 6px;'>ตอ1</td></tr><tr><td style='padding:3px 6px; font-weight:bold; background-color:#f2f2f2;'>พื้นที่</td><td style='padding:3px 6px;'>21.12</td></tr><tr><td style='padding:3px 6px; font-weight:bold; background-color:#f2f2f2;'>ตันรวม</td><td style='padding:3px 6px;'>190.08</td></tr><tr><td style='padding:3px 6px; font-weight:bold; background-color:#f2f2f2;'>รหัสแปลง</td><td style='padding:3px 6px;'>321306090212</td></tr><tr><td style='padding:3px 6px; font-weight:bold; background-color:#f2f2f2;'>กลุ่ม</td><td style='padding:3px 6px;'>กลุ่ม_71</td></tr></table></div>]]></description>
      <styleUrl>#plotStyle</styleUrl>
      <MultiGeometry><Polygon><outerBoundaryIs><LinearRing><coordinates>103.9731486,14.5826344,0 103.9733384,14.5825178,0 103.9734525,14.5824037,0 103.9727613,14.5817192,0 103.9725315,14.5814905,0 103.9722678,14.5809750,0 103.9719228,14.5811386,0 103.9720011,14.5813018,0 103.9715558,14.5817344,0 103.9713869,14.5818535,0 103.9714233,14.5818800,0 103.9714800,14.5819517,0 103.9715617,14.5820867,0 103.9715683,14.5820967,0 103.9715883,14.5822000,0 103.9715833,14.5822650,0 103.9716583,14.5822383,0 103.9716867,14.5822383,0 103.9717500,14.5822183,0 103.9717883,14.5822533,0 103.9717150,14.5823033,0 103.9717383,14.5823350,0 103.9718367,14.5823400,0 103.9718433,14.5823517,0 103.9717950,14.5824450,0 103.9718550,14.5824483,0 103.9718983,14.5824333,0 103.9719117,14.5824333,0 103.9718833,14.5824567,0 103.9718817,14.5824683,0 103.9719167,14.5825033,0 103.9718867,14.5825233,0 103.9718867,14.5825317,0 103.9718933,14.5825750,0 103.9719017,14.5826200,0 103.9718383,14.5825550,0 103.9717267,14.5824483,0 103.9712900,14.5826267,0 103.9711850,14.5826050,0 103.9709733,14.5827117,0 103.9709383,14.5826417,0 103.9709867,14.5826200,0 103.9709900,14.5826383,0 103.9711483,14.5825850,0 103.9711017,14.5824917,0 103.9711433,14.5824683,0 103.9711669,14.5824283,0 103.9714117,14.5824333,0 103.9714117,14.5824000,0 103.9713333,14.5823733,0 103.9713067,14.5823650,0 103.9712400,14.5823733,0 103.9712133,14.5823583,0 103.9713717,14.5822917,0 103.9713133,14.5822417,0 103.9712250,14.5822817,0 103.9711817,14.5822383,0 103.9709033,14.5822817,0 103.9708733,14.5822433,0 103.9709233,14.5822267,0 103.9709090,14.5821654,0 103.9706253,14.5823289,0 103.9706267,14.5823986,0 103.9707480,14.5827130,0 103.9708608,14.5830217,0 103.9710074,14.5833567,0 103.9711719,14.5836720,0 103.9714333,14.5835350,0 103.9713350,14.5835250,0 103.9713233,14.5835233,0 103.9712550,14.5834867,0 103.9712383,14.5834817,0 103.9711583,14.5834217,0 103.9711517,14.5834133,0 103.9711933,14.5833850,0 103.9711867,14.5833167,0 103.9712850,14.5832550,0 103.9713300,14.5831533,0 103.9712217,14.5832117,0 103.9711767,14.5832250,0 103.9711167,14.5830233,0 103.9711100,14.5829983,0 103.9711517,14.5828767,0 103.9712133,14.5828117,0 103.9713150,14.5828483,0 103.9713195,14.5828321,0 103.9715467,14.5827533,0 103.9715800,14.5828067,0 103.9716533,14.5827850,0 103.9716800,14.5827817,0 103.9718167,14.5827533,0 103.9718483,14.5828150,0 103.9718733,14.5828400,0 103.9718800,14.5828417,0 103.9720383,14.5828033,0 103.9719950,14.5828533,0 103.9720317,14.5830167,0 103.9721367,14.5830633,0 103.9721583,14.5831167,0 103.9721783,14.5831050,0 103.9721834,14.5831362,0 103.9731486,14.5826344,0</coordinates></LinearRing></outerBoundaryIs></Polygon></MultiGeometry>
    </Placemark>
    <Placemark>
      <name>321301111552</name>
      <description><![CDATA[<div style='font-family:Tahoma,sans-serif; font-size:13px;'><h3 style='color:#1565C0; margin:4px 0;'>รหัสแปลง: 321301111552</h3><p style='margin:2px 0;'><b>กลุ่มคิว:</b> 71_002</p><table border='1' style='border-collapse:collapse; border-color:#ccc; width:100%;'><tr><td style='padding:3px 6px; font-weight:bold; background-color:#f2f2f2;'>รหัสกลุ่มคิว</td><td style='padding:3px 6px;'>71/002</td></tr><tr><td style='padding:3px 6px; font-weight:bold; background-color:#f2f2f2;'>รหัสรับเหมา</td><td style='padding:3px 6px;'>738889</td></tr><tr><td style='padding:3px 6px; font-weight:bold; background-color:#f2f2f2;'>ชื่อ-สกุล รับเหมา</td><td style='padding:3px 6px;'>รถตัดโรงงานเบอร์ 24</td></tr><tr><td style='padding:3px 6px; font-weight:bold; background-color:#f2f2f2;'>นักเกษตร</td><td style='padding:3px 6px;'>7101</td></tr><tr><td style='padding:3px 6px; font-weight:bold; background-color:#f2f2f2;'>ศูนย์</td><td style='padding:3px 6px;'>K2-71</td></tr><tr><td style='padding:3px 6px; font-weight:bold; background-color:#f2f2f2;'>โควตา</td><td style='padding:3px 6px;'>773483</td></tr><tr><td style='padding:3px 6px; font-weight:bold; background-color:#f2f2f2;'>ชาวไร่</td><td style='padding:3px 6px;'>นาง ลำดวน เผ่าพันธ์</td></tr><tr><td style='padding:3px 6px; font-weight:bold; background-color:#f2f2f2;'>ประเภทอ้อย</td><td style='padding:3px 6px;'>ปลายฝน</td></tr><tr><td style='padding:3px 6px; font-weight:bold; background-color:#f2f2f2;'>พื้นที่</td><td style='padding:3px 6px;'>8.43</td></tr><tr><td style='padding:3px 6px; font-weight:bold; background-color:#f2f2f2;'>ตันรวม</td><td style='padding:3px 6px;'>109.59</td></tr><tr><td style='padding:3px 6px; font-weight:bold; background-color:#f2f2f2;'>รหัสแปลง</td><td style='padding:3px 6px;'>321301111552</td></tr><tr><td style='padding:3px 6px; font-weight:bold; background-color:#f2f2f2;'>กลุ่ม</td><td style='padding:3px 6px;'>กลุ่ม_71</td></tr></table></div>]]></description>
      <styleUrl>#plotStyle</styleUrl>
      <MultiGeometry><Polygon><outerBoundaryIs><LinearRing><coordinates>103.9024706,14.5336012,0 103.9025042,14.5335989,0 103.9023428,14.5329265,0 103.9017346,14.5331180,0 103.9016759,14.5328149,0 103.9013469,14.5329620,0 103.9015502,14.5342733,0 103.9023254,14.5341398,0 103.9022115,14.5336524,0 103.9024706,14.5336012,0</coordinates></LinearRing></outerBoundaryIs></Polygon></MultiGeometry>
    </Placemark>
    <Placemark>
      <name>321301030064</name>
      <description><![CDATA[<div style='font-family:Tahoma,sans-serif; font-size:13px;'><h3 style='color:#1565C0; margin:4px 0;'>รหัสแปลง: 321301030064</h3><p style='margin:2px 0;'><b>กลุ่มคิว:</b> 71_002</p><table border='1' style='border-collapse:collapse; border-color:#ccc; width:100%;'><tr><td style='padding:3px 6px; font-weight:bold; background-color:#f2f2f2;'>รหัสกลุ่มคิว</td><td style='padding:3px 6px;'>71/002</td></tr><tr><td style='padding:3px 6px; font-weight:bold; background-color:#f2f2f2;'>รหัสรับเหมา</td><td style='padding:3px 6px;'>738889</td></tr><tr><td style='padding:3px 6px; font-weight:bold; background-color:#f2f2f2;'>ชื่อ-สกุล รับเหมา</td><td style='padding:3px 6px;'>รถตัดโรงงานเบอร์ 24</td></tr><tr><td style='padding:3px 6px; font-weight:bold; background-color:#f2f2f2;'>นักเกษตร</td><td style='padding:3px 6px;'>7101</td></tr><tr><td style='padding:3px 6px; font-weight:bold; background-color:#f2f2f2;'>ศูนย์</td><td style='padding:3px 6px;'>K2-71</td></tr><tr><td style='padding:3px 6px; font-weight:bold; background-color:#f2f2f2;'>โควตา</td><td style='padding:3px 6px;'>773223</td></tr><tr><td style='padding:3px 6px; font-weight:bold; background-color:#f2f2f2;'>ชาวไร่</td><td style='padding:3px 6px;'>นางสาว อมรรัตน์ ศรีพรม</td></tr><tr><td style='padding:3px 6px; font-weight:bold; background-color:#f2f2f2;'>ประเภทอ้อย</td><td style='padding:3px 6px;'>ตอ1</td></tr><tr><td style='padding:3px 6px; font-weight:bold; background-color:#f2f2f2;'>พื้นที่</td><td style='padding:3px 6px;'>4.16</td></tr><tr><td style='padding:3px 6px; font-weight:bold; background-color:#f2f2f2;'>ตันรวม</td><td style='padding:3px 6px;'>37.44</td></tr><tr><td style='padding:3px 6px; font-weight:bold; background-color:#f2f2f2;'>รหัสแปลง</td><td style='padding:3px 6px;'>321301030064</td></tr><tr><td style='padding:3px 6px; font-weight:bold; background-color:#f2f2f2;'>กลุ่ม</td><td style='padding:3px 6px;'>กลุ่ม_71</td></tr></table></div>]]></description>
      <styleUrl>#plotStyle</styleUrl>
      <MultiGeometry><Polygon><outerBoundaryIs><LinearRing><coordinates>103.9267250,14.5476650,0 103.9269333,14.5475233,0 103.9259633,14.5456733,0 103.9257200,14.5458083,0 103.9267250,14.5476650,0</coordinates></LinearRing></outerBoundaryIs></Polygon></MultiGeometry>
    </Placemark>
    <Placemark>
      <name>321301030084</name>
      <description><![CDATA[<div style='font-family:Tahoma,sans-serif; font-size:13px;'><h3 style='color:#1565C0; margin:4px 0;'>รหัสแปลง: 321301030084</h3><p style='margin:2px 0;'><b>กลุ่มคิว:</b> 71_002</p><table border='1' style='border-collapse:collapse; border-color:#ccc; width:100%;'><tr><td style='padding:3px 6px; font-weight:bold; background-color:#f2f2f2;'>รหัสกลุ่มคิว</td><td style='padding:3px 6px;'>71/002</td></tr><tr><td style='padding:3px 6px; font-weight:bold; background-color:#f2f2f2;'>รหัสรับเหมา</td><td style='padding:3px 6px;'>738889</td></tr><tr><td style='padding:3px 6px; font-weight:bold; background-color:#f2f2f2;'>ชื่อ-สกุล รับเหมา</td><td style='padding:3px 6px;'>รถตัดโรงงานเบอร์ 24</td></tr><tr><td style='padding:3px 6px; font-weight:bold; background-color:#f2f2f2;'>นักเกษตร</td><td style='padding:3px 6px;'>7101</td></tr><tr><td style='padding:3px 6px; font-weight:bold; background-color:#f2f2f2;'>ศูนย์</td><td style='padding:3px 6px;'>K2-71</td></tr><tr><td style='padding:3px 6px; font-weight:bold; background-color:#f2f2f2;'>โควตา</td><td style='padding:3px 6px;'>773223</td></tr><tr><td style='padding:3px 6px; font-weight:bold; background-color:#f2f2f2;'>ชาวไร่</td><td style='padding:3px 6px;'>นางสาว อมรรัตน์ ศรีพรม</td></tr><tr><td style='padding:3px 6px; font-weight:bold; background-color:#f2f2f2;'>ประเภทอ้อย</td><td style='padding:3px 6px;'>ตอ1</td></tr><tr><td style='padding:3px 6px; font-weight:bold; background-color:#f2f2f2;'>พื้นที่</td><td style='padding:3px 6px;'>4.55</td></tr><tr><td style='padding:3px 6px; font-weight:bold; background-color:#f2f2f2;'>ตันรวม</td><td style='padding:3px 6px;'>40.95</td></tr><tr><td style='padding:3px 6px; font-weight:bold; background-color:#f2f2f2;'>รหัสแปลง</td><td style='padding:3px 6px;'>321301030084</td></tr><tr><td style='padding:3px 6px; font-weight:bold; background-color:#f2f2f2;'>กลุ่ม</td><td style='padding:3px 6px;'>กลุ่ม_71</td></tr></table></div>]]></description>
      <styleUrl>#plotStyle</styleUrl>
      <MultiGeometry><Polygon><outerBoundaryIs><LinearRing><coordinates>103.9274833,14.5492183,0 103.9279333,14.5493050,0 103.9269517,14.5475367,0 103.9266933,14.5476633,0 103.9274833,14.5492183,0</coordinates></LinearRing></outerBoundaryIs></Polygon></MultiGeometry>
    </Placemark>
    <Placemark>
      <name>321301060001</name>
      <description><![CDATA[<div style='font-family:Tahoma,sans-serif; font-size:13px;'><h3 style='color:#1565C0; margin:4px 0;'>รหัสแปลง: 321301060001</h3><p style='margin:2px 0;'><b>กลุ่มคิว:</b> 71_002</p><table border='1' style='border-collapse:collapse; border-color:#ccc; width:100%;'><tr><td style='padding:3px 6px; font-weight:bold; background-color:#f2f2f2;'>รหัสกลุ่มคิว</td><td style='padding:3px 6px;'>71/002</td></tr><tr><td style='padding:3px 6px; font-weight:bold; background-color:#f2f2f2;'>รหัสรับเหมา</td><td style='padding:3px 6px;'>738889</td></tr><tr><td style='padding:3px 6px; font-weight:bold; background-color:#f2f2f2;'>ชื่อ-สกุล รับเหมา</td><td style='padding:3px 6px;'>รถตัดโรงงานเบอร์ 24</td></tr><tr><td style='padding:3px 6px; font-weight:bold; background-color:#f2f2f2;'>นักเกษตร</td><td style='padding:3px 6px;'>7101</td></tr><tr><td style='padding:3px 6px; font-weight:bold; background-color:#f2f2f2;'>ศูนย์</td><td style='padding:3px 6px;'>K2-71</td></tr><tr><td style='padding:3px 6px; font-weight:bold; background-color:#f2f2f2;'>โควตา</td><td style='padding:3px 6px;'>770986</td></tr><tr><td style='padding:3px 6px; font-weight:bold; background-color:#f2f2f2;'>ชาวไร่</td><td style='padding:3px 6px;'>นาง บุหงา สุกลมใสย์</td></tr><tr><td style='padding:3px 6px; font-weight:bold; background-color:#f2f2f2;'>ประเภทอ้อย</td><td style='padding:3px 6px;'>ตอ1</td></tr><tr><td style='padding:3px 6px; font-weight:bold; background-color:#f2f2f2;'>พื้นที่</td><td style='padding:3px 6px;'>3.43</td></tr><tr><td style='padding:3px 6px; font-weight:bold; background-color:#f2f2f2;'>ตันรวม</td><td style='padding:3px 6px;'>30.87</td></tr><tr><td style='padding:3px 6px; font-weight:bold; background-color:#f2f2f2;'>รหัสแปลง</td><td style='padding:3px 6px;'>321301060001</td></tr><tr><td style='padding:3px 6px; font-weight:bold; background-color:#f2f2f2;'>กลุ่ม</td><td style='padding:3px 6px;'>กลุ่ม_71</td></tr></table></div>]]></description>
      <styleUrl>#plotStyle</styleUrl>
      <MultiGeometry><Polygon><outerBoundaryIs><LinearRing><coordinates>103.9891681,14.5306736,0 103.9891094,14.5309234,0 103.9886379,14.5309740,0 103.9877054,14.5309651,0 103.9877040,14.5310996,0 103.9877491,14.5311657,0 103.9879647,14.5312249,0 103.9879929,14.5313678,0 103.9884975,14.5313741,0 103.9885441,14.5311039,0 103.9886200,14.5310539,0 103.9886388,14.5309810,0 103.9891094,14.5309333,0 103.9897545,14.5309232,0 103.9897818,14.5306616,0 103.9891681,14.5306736,0</coordinates></LinearRing></outerBoundaryIs></Polygon></MultiGeometry>
    </Placemark>
    <Placemark>
      <name>321301060008</name>
      <description><![CDATA[<div style='font-family:Tahoma,sans-serif; font-size:13px;'><h3 style='color:#1565C0; margin:4px 0;'>รหัสแปลง: 321301060008</h3><p style='margin:2px 0;'><b>กลุ่มคิว:</b> 71_002</p><table border='1' style='border-collapse:collapse; border-color:#ccc; width:100%;'><tr><td style='padding:3px 6px; font-weight:bold; background-color:#f2f2f2;'>รหัสกลุ่มคิว</td><td style='padding:3px 6px;'>71/002</td></tr><tr><td style='padding:3px 6px; font-weight:bold; background-color:#f2f2f2;'>รหัสรับเหมา</td><td style='padding:3px 6px;'>738889</td></tr><tr><td style='padding:3px 6px; font-weight:bold; background-color:#f2f2f2;'>ชื่อ-สกุล รับเหมา</td><td style='padding:3px 6px;'>รถตัดโรงงานเบอร์ 24</td></tr><tr><td style='padding:3px 6px; font-weight:bold; background-color:#f2f2f2;'>นักเกษตร</td><td style='padding:3px 6px;'>7101</td></tr><tr><td style='padding:3px 6px; font-weight:bold; background-color:#f2f2f2;'>ศูนย์</td><td style='padding:3px 6px;'>K2-71</td></tr><tr><td style='padding:3px 6px; font-weight:bold; background-color:#f2f2f2;'>โควตา</td><td style='padding:3px 6px;'>770986</td></tr><tr><td style='padding:3px 6px; font-weight:bold; background-color:#f2f2f2;'>ชาวไร่</td><td style='padding:3px 6px;'>นาง บุหงา สุกลมใสย์</td></tr><tr><td style='padding:3px 6px; font-weight:bold; background-color:#f2f2f2;'>ประเภทอ้อย</td><td style='padding:3px 6px;'>ตอ1</td></tr><tr><td style='padding:3px 6px; font-weight:bold; background-color:#f2f2f2;'>พื้นที่</td><td style='padding:3px 6px;'>6.92</td></tr><tr><td style='padding:3px 6px; font-weight:bold; background-color:#f2f2f2;'>ตันรวม</td><td style='padding:3px 6px;'>62.28</td></tr><tr><td style='padding:3px 6px; font-weight:bold; background-color:#f2f2f2;'>รหัสแปลง</td><td style='padding:3px 6px;'>321301060008</td></tr><tr><td style='padding:3px 6px; font-weight:bold; background-color:#f2f2f2;'>กลุ่ม</td><td style='padding:3px 6px;'>กลุ่ม_71</td></tr></table></div>]]></description>
      <styleUrl>#plotStyle</styleUrl>
      <MultiGeometry><Polygon><outerBoundaryIs><LinearRing><coordinates>103.9898110,14.5306406,0 103.9897391,14.5300238,0 103.9895492,14.5300688,0 103.9894459,14.5306459,0 103.9893836,14.5306438,0 103.9895056,14.5300755,0 103.9891439,14.5300966,0 103.9890955,14.5306498,0 103.9890657,14.5306525,0 103.9890728,14.5300957,0 103.9888406,14.5301250,0 103.9887750,14.5306559,0 103.9887241,14.5306580,0 103.9887949,14.5301154,0 103.9885828,14.5301442,0 103.9884840,14.5306588,0 103.9884334,14.5306511,0 103.9885480,14.5301404,0 103.9883328,14.5301743,0 103.9882244,14.5306699,0 103.9881929,14.5306631,0 103.9882913,14.5301640,0 103.9880632,14.5301967,0 103.9879734,14.5306675,0 103.9879388,14.5306716,0 103.9880334,14.5301845,0 103.9878132,14.5302085,0 103.9877513,14.5305751,0 103.9877783,14.5306156,0 103.9877812,14.5306375,0 103.9878838,14.5306572,0 103.9879391,14.5306791,0 103.9898110,14.5306406,0</coordinates></LinearRing></outerBoundaryIs></Polygon></MultiGeometry>
    </Placemark>
    <Placemark>
      <name>321306060041</name>
      <description><![CDATA[<div style='font-family:Tahoma,sans-serif; font-size:13px;'><h3 style='color:#1565C0; margin:4px 0;'>รหัสแปลง: 321306060041</h3><p style='margin:2px 0;'><b>กลุ่มคิว:</b> 71_002</p><table border='1' style='border-collapse:collapse; border-color:#ccc; width:100%;'><tr><td style='padding:3px 6px; font-weight:bold; background-color:#f2f2f2;'>รหัสกลุ่มคิว</td><td style='padding:3px 6px;'>71/002</td></tr><tr><td style='padding:3px 6px; font-weight:bold; background-color:#f2f2f2;'>รหัสรับเหมา</td><td style='padding:3px 6px;'>738889</td></tr><tr><td style='padding:3px 6px; font-weight:bold; background-color:#f2f2f2;'>ชื่อ-สกุล รับเหมา</td><td style='padding:3px 6px;'>รถตัดโรงงานเบอร์ 24</td></tr><tr><td style='padding:3px 6px; font-weight:bold; background-color:#f2f2f2;'>นักเกษตร</td><td style='padding:3px 6px;'>7101</td></tr><tr><td style='padding:3px 6px; font-weight:bold; background-color:#f2f2f2;'>ศูนย์</td><td style='padding:3px 6px;'>K2-71</td></tr><tr><td style='padding:3px 6px; font-weight:bold; background-color:#f2f2f2;'>โควตา</td><td style='padding:3px 6px;'>771279</td></tr><tr><td style='padding:3px 6px; font-weight:bold; background-color:#f2f2f2;'>ชาวไร่</td><td style='padding:3px 6px;'>นาง เท็ก นาคเจือ</td></tr><tr><td style='padding:3px 6px; font-weight:bold; background-color:#f2f2f2;'>ประเภทอ้อย</td><td style='padding:3px 6px;'>ตอ1</td></tr><tr><td style='padding:3px 6px; font-weight:bold; background-color:#f2f2f2;'>พื้นที่</td><td style='padding:3px 6px;'>5.1</td></tr><tr><td style='padding:3px 6px; font-weight:bold; background-color:#f2f2f2;'>ตันรวม</td><td style='padding:3px 6px;'>45.9</td></tr><tr><td style='padding:3px 6px; font-weight:bold; background-color:#f2f2f2;'>รหัสแปลง</td><td style='padding:3px 6px;'>321306060041</td></tr><tr><td style='padding:3px 6px; font-weight:bold; background-color:#f2f2f2;'>กลุ่ม</td><td style='padding:3px 6px;'>กลุ่ม_71</td></tr></table></div>]]></description>
      <styleUrl>#plotStyle</styleUrl>
      <MultiGeometry><Polygon><outerBoundaryIs><LinearRing><coordinates>103.9452658,14.5491333,0 103.9460187,14.5491982,0 103.9460646,14.5482753,0 103.9452576,14.5483115,0 103.9452658,14.5491333,0</coordinates></LinearRing></outerBoundaryIs></Polygon></MultiGeometry>
    </Placemark>
    <Placemark>
      <name>321306061506</name>
      <description><![CDATA[<div style='font-family:Tahoma,sans-serif; font-size:13px;'><h3 style='color:#1565C0; margin:4px 0;'>รหัสแปลง: 321306061506</h3><p style='margin:2px 0;'><b>กลุ่มคิว:</b> 71_002</p><table border='1' style='border-collapse:collapse; border-color:#ccc; width:100%;'><tr><td style='padding:3px 6px; font-weight:bold; background-color:#f2f2f2;'>รหัสกลุ่มคิว</td><td style='padding:3px 6px;'>71/002</td></tr><tr><td style='padding:3px 6px; font-weight:bold; background-color:#f2f2f2;'>รหัสรับเหมา</td><td style='padding:3px 6px;'>738889</td></tr><tr><td style='padding:3px 6px; font-weight:bold; background-color:#f2f2f2;'>ชื่อ-สกุล รับเหมา</td><td style='padding:3px 6px;'>รถตัดโรงงานเบอร์ 24</td></tr><tr><td style='padding:3px 6px; font-weight:bold; background-color:#f2f2f2;'>นักเกษตร</td><td style='padding:3px 6px;'>7101</td></tr><tr><td style='padding:3px 6px; font-weight:bold; background-color:#f2f2f2;'>ศูนย์</td><td style='padding:3px 6px;'>K2-71</td></tr><tr><td style='padding:3px 6px; font-weight:bold; background-color:#f2f2f2;'>โควตา</td><td style='padding:3px 6px;'>773626</td></tr><tr><td style='padding:3px 6px; font-weight:bold; background-color:#f2f2f2;'>ชาวไร่</td><td style='padding:3px 6px;'>นาง วรรณ คงมั่น</td></tr><tr><td style='padding:3px 6px; font-weight:bold; background-color:#f2f2f2;'>ประเภทอ้อย</td><td style='padding:3px 6px;'>ตอ1</td></tr><tr><td style='padding:3px 6px; font-weight:bold; background-color:#f2f2f2;'>พื้นที่</td><td style='padding:3px 6px;'>5.22</td></tr><tr><td style='padding:3px 6px; font-weight:bold; background-color:#f2f2f2;'>ตันรวม</td><td style='padding:3px 6px;'>46.98</td></tr><tr><td style='padding:3px 6px; font-weight:bold; background-color:#f2f2f2;'>รหัสแปลง</td><td style='padding:3px 6px;'>321306061506</td></tr><tr><td style='padding:3px 6px; font-weight:bold; background-color:#f2f2f2;'>กลุ่ม</td><td style='padding:3px 6px;'>กลุ่ม_71</td></tr></table></div>]]></description>
      <styleUrl>#plotStyle</styleUrl>
      <MultiGeometry><Polygon><outerBoundaryIs><LinearRing><coordinates>103.9559143,14.5485330,0 103.9557180,14.5486004,0 103.9555238,14.5486368,0 103.9560928,14.5502395,0 103.9564968,14.5501032,0 103.9559143,14.5485330,0</coordinates></LinearRing></outerBoundaryIs></Polygon></MultiGeometry>
    </Placemark>
    <Placemark>
      <name>321306061510</name>
      <description><![CDATA[<div style='font-family:Tahoma,sans-serif; font-size:13px;'><h3 style='color:#1565C0; margin:4px 0;'>รหัสแปลง: 321306061510</h3><p style='margin:2px 0;'><b>กลุ่มคิว:</b> 71_002</p><table border='1' style='border-collapse:collapse; border-color:#ccc; width:100%;'><tr><td style='padding:3px 6px; font-weight:bold; background-color:#f2f2f2;'>รหัสกลุ่มคิว</td><td style='padding:3px 6px;'>71/002</td></tr><tr><td style='padding:3px 6px; font-weight:bold; background-color:#f2f2f2;'>รหัสรับเหมา</td><td style='padding:3px 6px;'>738889</td></tr><tr><td style='padding:3px 6px; font-weight:bold; background-color:#f2f2f2;'>ชื่อ-สกุล รับเหมา</td><td style='padding:3px 6px;'>รถตัดโรงงานเบอร์ 24</td></tr><tr><td style='padding:3px 6px; font-weight:bold; background-color:#f2f2f2;'>นักเกษตร</td><td style='padding:3px 6px;'>7101</td></tr><tr><td style='padding:3px 6px; font-weight:bold; background-color:#f2f2f2;'>ศูนย์</td><td style='padding:3px 6px;'>K2-71</td></tr><tr><td style='padding:3px 6px; font-weight:bold; background-color:#f2f2f2;'>โควตา</td><td style='padding:3px 6px;'>770926</td></tr><tr><td style='padding:3px 6px; font-weight:bold; background-color:#f2f2f2;'>ชาวไร่</td><td style='padding:3px 6px;'>นาง เพียง คำเสมอ</td></tr><tr><td style='padding:3px 6px; font-weight:bold; background-color:#f2f2f2;'>ประเภทอ้อย</td><td style='padding:3px 6px;'>ตอ1</td></tr><tr><td style='padding:3px 6px; font-weight:bold; background-color:#f2f2f2;'>พื้นที่</td><td style='padding:3px 6px;'>3.29</td></tr><tr><td style='padding:3px 6px; font-weight:bold; background-color:#f2f2f2;'>ตันรวม</td><td style='padding:3px 6px;'>29.61</td></tr><tr><td style='padding:3px 6px; font-weight:bold; background-color:#f2f2f2;'>รหัสแปลง</td><td style='padding:3px 6px;'>321306061510</td></tr><tr><td style='padding:3px 6px; font-weight:bold; background-color:#f2f2f2;'>กลุ่ม</td><td style='padding:3px 6px;'>กลุ่ม_71</td></tr></table></div>]]></description>
      <styleUrl>#plotStyle</styleUrl>
      <MultiGeometry><Polygon><outerBoundaryIs><LinearRing><coordinates>103.9465886,14.5598167,0 103.9469576,14.5598287,0 103.9469501,14.5597710,0 103.9474864,14.5597693,0 103.9474697,14.5595913,0 103.9475349,14.5595954,0 103.9475482,14.5595602,0 103.9475668,14.5595395,0 103.9476291,14.5595238,0 103.9476116,14.5593925,0 103.9466006,14.5592704,0 103.9465886,14.5598167,0</coordinates></LinearRing></outerBoundaryIs></Polygon></MultiGeometry>
    </Placemark>
    <Placemark>
      <name>321306090025</name>
      <description><![CDATA[<div style='font-family:Tahoma,sans-serif; font-size:13px;'><h3 style='color:#1565C0; margin:4px 0;'>รหัสแปลง: 321306090025</h3><p style='margin:2px 0;'><b>กลุ่มคิว:</b> 71_002</p><table border='1' style='border-collapse:collapse; border-color:#ccc; width:100%;'><tr><td style='padding:3px 6px; font-weight:bold; background-color:#f2f2f2;'>รหัสกลุ่มคิว</td><td style='padding:3px 6px;'>71/002</td></tr><tr><td style='padding:3px 6px; font-weight:bold; background-color:#f2f2f2;'>รหัสรับเหมา</td><td style='padding:3px 6px;'>738889</td></tr><tr><td style='padding:3px 6px; font-weight:bold; background-color:#f2f2f2;'>ชื่อ-สกุล รับเหมา</td><td style='padding:3px 6px;'>รถตัดโรงงานเบอร์ 24</td></tr><tr><td style='padding:3px 6px; font-weight:bold; background-color:#f2f2f2;'>นักเกษตร</td><td style='padding:3px 6px;'>7101</td></tr><tr><td style='padding:3px 6px; font-weight:bold; background-color:#f2f2f2;'>ศูนย์</td><td style='padding:3px 6px;'>K2-71</td></tr><tr><td style='padding:3px 6px; font-weight:bold; background-color:#f2f2f2;'>โควตา</td><td style='padding:3px 6px;'>773613</td></tr><tr><td style='padding:3px 6px; font-weight:bold; background-color:#f2f2f2;'>ชาวไร่</td><td style='padding:3px 6px;'>นาง บาล เสาร์พิรส</td></tr><tr><td style='padding:3px 6px; font-weight:bold; background-color:#f2f2f2;'>ประเภทอ้อย</td><td style='padding:3px 6px;'>ตอ1</td></tr><tr><td style='padding:3px 6px; font-weight:bold; background-color:#f2f2f2;'>พื้นที่</td><td style='padding:3px 6px;'>4.59</td></tr><tr><td style='padding:3px 6px; font-weight:bold; background-color:#f2f2f2;'>ตันรวม</td><td style='padding:3px 6px;'>41.31</td></tr><tr><td style='padding:3px 6px; font-weight:bold; background-color:#f2f2f2;'>รหัสแปลง</td><td style='padding:3px 6px;'>321306090025</td></tr><tr><td style='padding:3px 6px; font-weight:bold; background-color:#f2f2f2;'>กลุ่ม</td><td style='padding:3px 6px;'>กลุ่ม_71</td></tr></table></div>]]></description>
      <styleUrl>#plotStyle</styleUrl>
      <MultiGeometry><Polygon><outerBoundaryIs><LinearRing><coordinates>103.9722495,14.5805216,0 103.9721566,14.5805392,0 103.9723953,14.5811098,0 103.9732697,14.5807159,0 103.9730683,14.5801184,0 103.9722404,14.5804944,0 103.9722495,14.5805216,0</coordinates></LinearRing></outerBoundaryIs></Polygon></MultiGeometry>
    </Placemark>
    <Placemark>
      <name>321301110191</name>
      <description><![CDATA[<div style='font-family:Tahoma,sans-serif; font-size:13px;'><h3 style='color:#1565C0; margin:4px 0;'>รหัสแปลง: 321301110191</h3><p style='margin:2px 0;'><b>กลุ่มคิว:</b> 71_002</p><table border='1' style='border-collapse:collapse; border-color:#ccc; width:100%;'><tr><td style='padding:3px 6px; font-weight:bold; background-color:#f2f2f2;'>รหัสกลุ่มคิว</td><td style='padding:3px 6px;'>71/002</td></tr><tr><td style='padding:3px 6px; font-weight:bold; background-color:#f2f2f2;'>รหัสรับเหมา</td><td style='padding:3px 6px;'>738889</td></tr><tr><td style='padding:3px 6px; font-weight:bold; background-color:#f2f2f2;'>ชื่อ-สกุล รับเหมา</td><td style='padding:3px 6px;'>รถตัดโรงงานเบอร์ 24</td></tr><tr><td style='padding:3px 6px; font-weight:bold; background-color:#f2f2f2;'>นักเกษตร</td><td style='padding:3px 6px;'>7101</td></tr><tr><td style='padding:3px 6px; font-weight:bold; background-color:#f2f2f2;'>ศูนย์</td><td style='padding:3px 6px;'>K2-71</td></tr><tr><td style='padding:3px 6px; font-weight:bold; background-color:#f2f2f2;'>โควตา</td><td style='padding:3px 6px;'>771059</td></tr><tr><td style='padding:3px 6px; font-weight:bold; background-color:#f2f2f2;'>ชาวไร่</td><td style='padding:3px 6px;'>นางสาว มณีกาน คำลุน</td></tr><tr><td style='padding:3px 6px; font-weight:bold; background-color:#f2f2f2;'>ประเภทอ้อย</td><td style='padding:3px 6px;'>ปลายฝน</td></tr><tr><td style='padding:3px 6px; font-weight:bold; background-color:#f2f2f2;'>พื้นที่</td><td style='padding:3px 6px;'>4.83</td></tr><tr><td style='padding:3px 6px; font-weight:bold; background-color:#f2f2f2;'>ตันรวม</td><td style='padding:3px 6px;'>62.79</td></tr><tr><td style='padding:3px 6px; font-weight:bold; background-color:#f2f2f2;'>รหัสแปลง</td><td style='padding:3px 6px;'>321301110191</td></tr><tr><td style='padding:3px 6px; font-weight:bold; background-color:#f2f2f2;'>กลุ่ม</td><td style='padding:3px 6px;'>กลุ่ม_71</td></tr></table></div>]]></description>
      <styleUrl>#plotStyle</styleUrl>
      <MultiGeometry><Polygon><outerBoundaryIs><LinearRing><coordinates>103.8958250,14.5246800,0 103.8958417,14.5251000,0 103.8976367,14.5247967,0 103.8975533,14.5245000,0 103.8958250,14.5246800,0</coordinates></LinearRing></outerBoundaryIs></Polygon></MultiGeometry>
    </Placemark>
    <Placemark>
      <name>321301110230</name>
      <description><![CDATA[<div style='font-family:Tahoma,sans-serif; font-size:13px;'><h3 style='color:#1565C0; margin:4px 0;'>รหัสแปลง: 321301110230</h3><p style='margin:2px 0;'><b>กลุ่มคิว:</b> 71_002</p><table border='1' style='border-collapse:collapse; border-color:#ccc; width:100%;'><tr><td style='padding:3px 6px; font-weight:bold; background-color:#f2f2f2;'>รหัสกลุ่มคิว</td><td style='padding:3px 6px;'>71/002</td></tr><tr><td style='padding:3px 6px; font-weight:bold; background-color:#f2f2f2;'>รหัสรับเหมา</td><td style='padding:3px 6px;'>738889</td></tr><tr><td style='padding:3px 6px; font-weight:bold; background-color:#f2f2f2;'>ชื่อ-สกุล รับเหมา</td><td style='padding:3px 6px;'>รถตัดโรงงานเบอร์ 24</td></tr><tr><td style='padding:3px 6px; font-weight:bold; background-color:#f2f2f2;'>นักเกษตร</td><td style='padding:3px 6px;'>7101</td></tr><tr><td style='padding:3px 6px; font-weight:bold; background-color:#f2f2f2;'>ศูนย์</td><td style='padding:3px 6px;'>K2-71</td></tr><tr><td style='padding:3px 6px; font-weight:bold; background-color:#f2f2f2;'>โควตา</td><td style='padding:3px 6px;'>770163</td></tr><tr><td style='padding:3px 6px; font-weight:bold; background-color:#f2f2f2;'>ชาวไร่</td><td style='padding:3px 6px;'>นาย ทินกร เอ็นดู</td></tr><tr><td style='padding:3px 6px; font-weight:bold; background-color:#f2f2f2;'>ประเภทอ้อย</td><td style='padding:3px 6px;'>ตอ2</td></tr><tr><td style='padding:3px 6px; font-weight:bold; background-color:#f2f2f2;'>พื้นที่</td><td style='padding:3px 6px;'>3.52</td></tr><tr><td style='padding:3px 6px; font-weight:bold; background-color:#f2f2f2;'>ตันรวม</td><td style='padding:3px 6px;'>28.16</td></tr><tr><td style='padding:3px 6px; font-weight:bold; background-color:#f2f2f2;'>รหัสแปลง</td><td style='padding:3px 6px;'>321301110230</td></tr><tr><td style='padding:3px 6px; font-weight:bold; background-color:#f2f2f2;'>กลุ่ม</td><td style='padding:3px 6px;'>กลุ่ม_71</td></tr></table></div>]]></description>
      <styleUrl>#plotStyle</styleUrl>
      <MultiGeometry><Polygon><outerBoundaryIs><LinearRing><coordinates>103.9022680,14.5270527,0 103.9024293,14.5273660,0 103.9037847,14.5272438,0 103.9037794,14.5271983,0 103.9038431,14.5271671,0 103.9038488,14.5269335,0 103.9022680,14.5270527,0</coordinates></LinearRing></outerBoundaryIs></Polygon></MultiGeometry>
    </Placemark>
    <Placemark>
      <name>321301060013</name>
      <description><![CDATA[<div style='font-family:Tahoma,sans-serif; font-size:13px;'><h3 style='color:#1565C0; margin:4px 0;'>รหัสแปลง: 321301060013</h3><p style='margin:2px 0;'><b>กลุ่มคิว:</b> 71_002</p><table border='1' style='border-collapse:collapse; border-color:#ccc; width:100%;'><tr><td style='padding:3px 6px; font-weight:bold; background-color:#f2f2f2;'>รหัสกลุ่มคิว</td><td style='padding:3px 6px;'>71/002</td></tr><tr><td style='padding:3px 6px; font-weight:bold; background-color:#f2f2f2;'>รหัสรับเหมา</td><td style='padding:3px 6px;'>738889</td></tr><tr><td style='padding:3px 6px; font-weight:bold; background-color:#f2f2f2;'>ชื่อ-สกุล รับเหมา</td><td style='padding:3px 6px;'>รถตัดโรงงานเบอร์ 24</td></tr><tr><td style='padding:3px 6px; font-weight:bold; background-color:#f2f2f2;'>นักเกษตร</td><td style='padding:3px 6px;'>7101</td></tr><tr><td style='padding:3px 6px; font-weight:bold; background-color:#f2f2f2;'>ศูนย์</td><td style='padding:3px 6px;'>K2-71</td></tr><tr><td style='padding:3px 6px; font-weight:bold; background-color:#f2f2f2;'>โควตา</td><td style='padding:3px 6px;'>773665</td></tr><tr><td style='padding:3px 6px; font-weight:bold; background-color:#f2f2f2;'>ชาวไร่</td><td style='padding:3px 6px;'>นาย อำนาจ ราชรักษ์</td></tr><tr><td style='padding:3px 6px; font-weight:bold; background-color:#f2f2f2;'>ประเภทอ้อย</td><td style='padding:3px 6px;'>ตอ2</td></tr><tr><td style='padding:3px 6px; font-weight:bold; background-color:#f2f2f2;'>พื้นที่</td><td style='padding:3px 6px;'>14.6</td></tr><tr><td style='padding:3px 6px; font-weight:bold; background-color:#f2f2f2;'>ตันรวม</td><td style='padding:3px 6px;'>116.8</td></tr><tr><td style='padding:3px 6px; font-weight:bold; background-color:#f2f2f2;'>รหัสแปลง</td><td style='padding:3px 6px;'>321301060013</td></tr><tr><td style='padding:3px 6px; font-weight:bold; background-color:#f2f2f2;'>กลุ่ม</td><td style='padding:3px 6px;'>กลุ่ม_71</td></tr></table></div>]]></description>
      <styleUrl>#plotStyle</styleUrl>
      <MultiGeometry><Polygon><outerBoundaryIs><LinearRing><coordinates>103.9674653,14.5367592,0 103.9675653,14.5363867,0 103.9674530,14.5363330,0 103.9673304,14.5367137,0 103.9664140,14.5364934,0 103.9664448,14.5365627,0 103.9664514,14.5365795,0 103.9664547,14.5366045,0 103.9664372,14.5367432,0 103.9664298,14.5367705,0 103.9664173,14.5368143,0 103.9664087,14.5368376,0 103.9664025,14.5368492,0 103.9663535,14.5368759,0 103.9660533,14.5371412,0 103.9660294,14.5371547,0 103.9659891,14.5371816,0 103.9659482,14.5372189,0 103.9659222,14.5372432,0 103.9658668,14.5373015,0 103.9658073,14.5374267,0 103.9657962,14.5374420,0 103.9657931,14.5374617,0 103.9657996,14.5375019,0 103.9658103,14.5375335,0 103.9659137,14.5376328,0 103.9659851,14.5377455,0 103.9660258,14.5378254,0 103.9660407,14.5378668,0 103.9660753,14.5379404,0 103.9660922,14.5379797,0 103.9661577,14.5380492,0 103.9663575,14.5380588,0 103.9666468,14.5381001,0 103.9666722,14.5381230,0 103.9667571,14.5381333,0 103.9668067,14.5381589,0 103.9670498,14.5382352,0 103.9670982,14.5381942,0 103.9671471,14.5381139,0 103.9675243,14.5367564,0 103.9674653,14.5367592,0</coordinates></LinearRing></outerBoundaryIs></Polygon></MultiGeometry>
    </Placemark>
    <Placemark>
      <name>321301090009</name>
      <description><![CDATA[<div style='font-family:Tahoma,sans-serif; font-size:13px;'><h3 style='color:#1565C0; margin:4px 0;'>รหัสแปลง: 321301090009</h3><p style='margin:2px 0;'><b>กลุ่มคิว:</b> 71_002</p><table border='1' style='border-collapse:collapse; border-color:#ccc; width:100%;'><tr><td style='padding:3px 6px; font-weight:bold; background-color:#f2f2f2;'>รหัสกลุ่มคิว</td><td style='padding:3px 6px;'>71/002</td></tr><tr><td style='padding:3px 6px; font-weight:bold; background-color:#f2f2f2;'>รหัสรับเหมา</td><td style='padding:3px 6px;'>738889</td></tr><tr><td style='padding:3px 6px; font-weight:bold; background-color:#f2f2f2;'>ชื่อ-สกุล รับเหมา</td><td style='padding:3px 6px;'>รถตัดโรงงานเบอร์ 24</td></tr><tr><td style='padding:3px 6px; font-weight:bold; background-color:#f2f2f2;'>นักเกษตร</td><td style='padding:3px 6px;'>7101</td></tr><tr><td style='padding:3px 6px; font-weight:bold; background-color:#f2f2f2;'>ศูนย์</td><td style='padding:3px 6px;'>K2-71</td></tr><tr><td style='padding:3px 6px; font-weight:bold; background-color:#f2f2f2;'>โควตา</td><td style='padding:3px 6px;'>770834</td></tr><tr><td style='padding:3px 6px; font-weight:bold; background-color:#f2f2f2;'>ชาวไร่</td><td style='padding:3px 6px;'>น.ส. จี๋ว จันทร์แสน</td></tr><tr><td style='padding:3px 6px; font-weight:bold; background-color:#f2f2f2;'>ประเภทอ้อย</td><td style='padding:3px 6px;'>ตอ1</td></tr><tr><td style='padding:3px 6px; font-weight:bold; background-color:#f2f2f2;'>พื้นที่</td><td style='padding:3px 6px;'>5.61</td></tr><tr><td style='padding:3px 6px; font-weight:bold; background-color:#f2f2f2;'>ตันรวม</td><td style='padding:3px 6px;'>50.49</td></tr><tr><td style='padding:3px 6px; font-weight:bold; background-color:#f2f2f2;'>รหัสแปลง</td><td style='padding:3px 6px;'>321301090009</td></tr><tr><td style='padding:3px 6px; font-weight:bold; background-color:#f2f2f2;'>กลุ่ม</td><td style='padding:3px 6px;'>กลุ่ม_71</td></tr></table></div>]]></description>
      <styleUrl>#plotStyle</styleUrl>
      <MultiGeometry><Polygon><outerBoundaryIs><LinearRing><coordinates>103.9774495,14.5157910,0 103.9774869,14.5158523,0 103.9775231,14.5160107,0 103.9776206,14.5164338,0 103.9780392,14.5163093,0 103.9780590,14.5163845,0 103.9781202,14.5165708,0 103.9781307,14.5165677,0 103.9785898,14.5164718,0 103.9783208,14.5155231,0 103.9774495,14.5157910,0</coordinates></LinearRing></outerBoundaryIs></Polygon></MultiGeometry>
    </Placemark>
    <Placemark>
      <name>321301090075</name>
      <description><![CDATA[<div style='font-family:Tahoma,sans-serif; font-size:13px;'><h3 style='color:#1565C0; margin:4px 0;'>รหัสแปลง: 321301090075</h3><p style='margin:2px 0;'><b>กลุ่มคิว:</b> 71_002</p><table border='1' style='border-collapse:collapse; border-color:#ccc; width:100%;'><tr><td style='padding:3px 6px; font-weight:bold; background-color:#f2f2f2;'>รหัสกลุ่มคิว</td><td style='padding:3px 6px;'>71/002</td></tr><tr><td style='padding:3px 6px; font-weight:bold; background-color:#f2f2f2;'>รหัสรับเหมา</td><td style='padding:3px 6px;'>738889</td></tr><tr><td style='padding:3px 6px; font-weight:bold; background-color:#f2f2f2;'>ชื่อ-สกุล รับเหมา</td><td style='padding:3px 6px;'>รถตัดโรงงานเบอร์ 24</td></tr><tr><td style='padding:3px 6px; font-weight:bold; background-color:#f2f2f2;'>นักเกษตร</td><td style='padding:3px 6px;'>7101</td></tr><tr><td style='padding:3px 6px; font-weight:bold; background-color:#f2f2f2;'>ศูนย์</td><td style='padding:3px 6px;'>K2-71</td></tr><tr><td style='padding:3px 6px; font-weight:bold; background-color:#f2f2f2;'>โควตา</td><td style='padding:3px 6px;'>773462</td></tr><tr><td style='padding:3px 6px; font-weight:bold; background-color:#f2f2f2;'>ชาวไร่</td><td style='padding:3px 6px;'>นาง สุพล นามจิตร</td></tr><tr><td style='padding:3px 6px; font-weight:bold; background-color:#f2f2f2;'>ประเภทอ้อย</td><td style='padding:3px 6px;'>ปลายฝน</td></tr><tr><td style='padding:3px 6px; font-weight:bold; background-color:#f2f2f2;'>พื้นที่</td><td style='padding:3px 6px;'>5.68</td></tr><tr><td style='padding:3px 6px; font-weight:bold; background-color:#f2f2f2;'>ตันรวม</td><td style='padding:3px 6px;'>73.84</td></tr><tr><td style='padding:3px 6px; font-weight:bold; background-color:#f2f2f2;'>รหัสแปลง</td><td style='padding:3px 6px;'>321301090075</td></tr><tr><td style='padding:3px 6px; font-weight:bold; background-color:#f2f2f2;'>กลุ่ม</td><td style='padding:3px 6px;'>กลุ่ม_71</td></tr></table></div>]]></description>
      <styleUrl>#plotStyle</styleUrl>
      <MultiGeometry><Polygon><outerBoundaryIs><LinearRing><coordinates>103.9836670,14.5268203,0 103.9845488,14.5268828,0 103.9846319,14.5268948,0 103.9847004,14.5268846,0 103.9847453,14.5268779,0 103.9847803,14.5268173,0 103.9849152,14.5265660,0 103.9850432,14.5265630,0 103.9850576,14.5265544,0 103.9851653,14.5262644,0 103.9837917,14.5262446,0 103.9836670,14.5268203,0</coordinates></LinearRing></outerBoundaryIs></Polygon></MultiGeometry>
    </Placemark>
    <Placemark>
      <name>321301111062</name>
      <description><![CDATA[<div style='font-family:Tahoma,sans-serif; font-size:13px;'><h3 style='color:#1565C0; margin:4px 0;'>รหัสแปลง: 321301111062</h3><p style='margin:2px 0;'><b>กลุ่มคิว:</b> 71_002</p><table border='1' style='border-collapse:collapse; border-color:#ccc; width:100%;'><tr><td style='padding:3px 6px; font-weight:bold; background-color:#f2f2f2;'>รหัสกลุ่มคิว</td><td style='padding:3px 6px;'>71/002</td></tr><tr><td style='padding:3px 6px; font-weight:bold; background-color:#f2f2f2;'>รหัสรับเหมา</td><td style='padding:3px 6px;'>738889</td></tr><tr><td style='padding:3px 6px; font-weight:bold; background-color:#f2f2f2;'>ชื่อ-สกุล รับเหมา</td><td style='padding:3px 6px;'>รถตัดโรงงานเบอร์ 24</td></tr><tr><td style='padding:3px 6px; font-weight:bold; background-color:#f2f2f2;'>นักเกษตร</td><td style='padding:3px 6px;'>7101</td></tr><tr><td style='padding:3px 6px; font-weight:bold; background-color:#f2f2f2;'>ศูนย์</td><td style='padding:3px 6px;'>K2-71</td></tr><tr><td style='padding:3px 6px; font-weight:bold; background-color:#f2f2f2;'>โควตา</td><td style='padding:3px 6px;'>770851</td></tr><tr><td style='padding:3px 6px; font-weight:bold; background-color:#f2f2f2;'>ชาวไร่</td><td style='padding:3px 6px;'>นาง สุพล สุดสวาท</td></tr><tr><td style='padding:3px 6px; font-weight:bold; background-color:#f2f2f2;'>ประเภทอ้อย</td><td style='padding:3px 6px;'>ปลายฝน</td></tr><tr><td style='padding:3px 6px; font-weight:bold; background-color:#f2f2f2;'>พื้นที่</td><td style='padding:3px 6px;'>9.7</td></tr><tr><td style='padding:3px 6px; font-weight:bold; background-color:#f2f2f2;'>ตันรวม</td><td style='padding:3px 6px;'>126.1</td></tr><tr><td style='padding:3px 6px; font-weight:bold; background-color:#f2f2f2;'>รหัสแปลง</td><td style='padding:3px 6px;'>321301111062</td></tr><tr><td style='padding:3px 6px; font-weight:bold; background-color:#f2f2f2;'>กลุ่ม</td><td style='padding:3px 6px;'>กลุ่ม_71</td></tr></table></div>]]></description>
      <styleUrl>#plotStyle</styleUrl>
      <MultiGeometry><Polygon><outerBoundaryIs><LinearRing><coordinates>103.8898300,14.5346950,0 103.8880633,14.5348867,0 103.8881850,14.5357117,0 103.8894517,14.5356017,0 103.8898300,14.5346950,0</coordinates></LinearRing></outerBoundaryIs></Polygon></MultiGeometry>
    </Placemark>
    <Placemark>
      <name>321301120146</name>
      <description><![CDATA[<div style='font-family:Tahoma,sans-serif; font-size:13px;'><h3 style='color:#1565C0; margin:4px 0;'>รหัสแปลง: 321301120146</h3><p style='margin:2px 0;'><b>กลุ่มคิว:</b> 71_002</p><table border='1' style='border-collapse:collapse; border-color:#ccc; width:100%;'><tr><td style='padding:3px 6px; font-weight:bold; background-color:#f2f2f2;'>รหัสกลุ่มคิว</td><td style='padding:3px 6px;'>71/002</td></tr><tr><td style='padding:3px 6px; font-weight:bold; background-color:#f2f2f2;'>รหัสรับเหมา</td><td style='padding:3px 6px;'>738889</td></tr><tr><td style='padding:3px 6px; font-weight:bold; background-color:#f2f2f2;'>ชื่อ-สกุล รับเหมา</td><td style='padding:3px 6px;'>รถตัดโรงงานเบอร์ 24</td></tr><tr><td style='padding:3px 6px; font-weight:bold; background-color:#f2f2f2;'>นักเกษตร</td><td style='padding:3px 6px;'>7101</td></tr><tr><td style='padding:3px 6px; font-weight:bold; background-color:#f2f2f2;'>ศูนย์</td><td style='padding:3px 6px;'>K2-71</td></tr><tr><td style='padding:3px 6px; font-weight:bold; background-color:#f2f2f2;'>โควตา</td><td style='padding:3px 6px;'>771324</td></tr><tr><td style='padding:3px 6px; font-weight:bold; background-color:#f2f2f2;'>ชาวไร่</td><td style='padding:3px 6px;'>นาย สอน จาร์มิตร</td></tr><tr><td style='padding:3px 6px; font-weight:bold; background-color:#f2f2f2;'>ประเภทอ้อย</td><td style='padding:3px 6px;'>ปลายฝน</td></tr><tr><td style='padding:3px 6px; font-weight:bold; background-color:#f2f2f2;'>พื้นที่</td><td style='padding:3px 6px;'>6.35</td></tr><tr><td style='padding:3px 6px; font-weight:bold; background-color:#f2f2f2;'>ตันรวม</td><td style='padding:3px 6px;'>82.55</td></tr><tr><td style='padding:3px 6px; font-weight:bold; background-color:#f2f2f2;'>รหัสแปลง</td><td style='padding:3px 6px;'>321301120146</td></tr><tr><td style='padding:3px 6px; font-weight:bold; background-color:#f2f2f2;'>กลุ่ม</td><td style='padding:3px 6px;'>กลุ่ม_71</td></tr></table></div>]]></description>
      <styleUrl>#plotStyle</styleUrl>
      <MultiGeometry><Polygon><outerBoundaryIs><LinearRing><coordinates>103.9289967,14.5473433,0 103.9293067,14.5479150,0 103.9296800,14.5478633,0 103.9296250,14.5477633,0 103.9295567,14.5475883,0 103.9299683,14.5474900,0 103.9300100,14.5476483,0 103.9300233,14.5477733,0 103.9306450,14.5476050,0 103.9304417,14.5469550,0 103.9289967,14.5473433,0</coordinates></LinearRing></outerBoundaryIs></Polygon></MultiGeometry>
    </Placemark>
    <Placemark>
      <name>321306090230</name>
      <description><![CDATA[<div style='font-family:Tahoma,sans-serif; font-size:13px;'><h3 style='color:#1565C0; margin:4px 0;'>รหัสแปลง: 321306090230</h3><p style='margin:2px 0;'><b>กลุ่มคิว:</b> 71_002</p><table border='1' style='border-collapse:collapse; border-color:#ccc; width:100%;'><tr><td style='padding:3px 6px; font-weight:bold; background-color:#f2f2f2;'>รหัสกลุ่มคิว</td><td style='padding:3px 6px;'>71/002</td></tr><tr><td style='padding:3px 6px; font-weight:bold; background-color:#f2f2f2;'>รหัสรับเหมา</td><td style='padding:3px 6px;'>738889</td></tr><tr><td style='padding:3px 6px; font-weight:bold; background-color:#f2f2f2;'>ชื่อ-สกุล รับเหมา</td><td style='padding:3px 6px;'>รถตัดโรงงานเบอร์ 24</td></tr><tr><td style='padding:3px 6px; font-weight:bold; background-color:#f2f2f2;'>นักเกษตร</td><td style='padding:3px 6px;'>7101</td></tr><tr><td style='padding:3px 6px; font-weight:bold; background-color:#f2f2f2;'>ศูนย์</td><td style='padding:3px 6px;'>K2-71</td></tr><tr><td style='padding:3px 6px; font-weight:bold; background-color:#f2f2f2;'>โควตา</td><td style='padding:3px 6px;'>774198</td></tr><tr><td style='padding:3px 6px; font-weight:bold; background-color:#f2f2f2;'>ชาวไร่</td><td style='padding:3px 6px;'>นาย นพพร ศรียันต์</td></tr><tr><td style='padding:3px 6px; font-weight:bold; background-color:#f2f2f2;'>ประเภทอ้อย</td><td style='padding:3px 6px;'>ตอ1</td></tr><tr><td style='padding:3px 6px; font-weight:bold; background-color:#f2f2f2;'>พื้นที่</td><td style='padding:3px 6px;'>2.14</td></tr><tr><td style='padding:3px 6px; font-weight:bold; background-color:#f2f2f2;'>ตันรวม</td><td style='padding:3px 6px;'>19.26</td></tr><tr><td style='padding:3px 6px; font-weight:bold; background-color:#f2f2f2;'>รหัสแปลง</td><td style='padding:3px 6px;'>321306090230</td></tr><tr><td style='padding:3px 6px; font-weight:bold; background-color:#f2f2f2;'>กลุ่ม</td><td style='padding:3px 6px;'>กลุ่ม_71</td></tr></table></div>]]></description>
      <styleUrl>#plotStyle</styleUrl>
      <MultiGeometry><Polygon><outerBoundaryIs><LinearRing><coordinates>103.9561514,14.5831657,0 103.9557931,14.5832724,0 103.9559729,14.5840032,0 103.9562794,14.5839177,0 103.9562727,14.5837758,0 103.9563272,14.5837621,0 103.9561514,14.5831657,0</coordinates></LinearRing></outerBoundaryIs></Polygon></MultiGeometry>
    </Placemark>
    <Placemark>
      <name>321301090039</name>
      <description><![CDATA[<div style='font-family:Tahoma,sans-serif; font-size:13px;'><h3 style='color:#1565C0; margin:4px 0;'>รหัสแปลง: 321301090039</h3><p style='margin:2px 0;'><b>กลุ่มคิว:</b> 71_002</p><table border='1' style='border-collapse:collapse; border-color:#ccc; width:100%;'><tr><td style='padding:3px 6px; font-weight:bold; background-color:#f2f2f2;'>รหัสกลุ่มคิว</td><td style='padding:3px 6px;'>71/002</td></tr><tr><td style='padding:3px 6px; font-weight:bold; background-color:#f2f2f2;'>รหัสรับเหมา</td><td style='padding:3px 6px;'>738889</td></tr><tr><td style='padding:3px 6px; font-weight:bold; background-color:#f2f2f2;'>ชื่อ-สกุล รับเหมา</td><td style='padding:3px 6px;'>รถตัดโรงงานเบอร์ 24</td></tr><tr><td style='padding:3px 6px; font-weight:bold; background-color:#f2f2f2;'>นักเกษตร</td><td style='padding:3px 6px;'>7101</td></tr><tr><td style='padding:3px 6px; font-weight:bold; background-color:#f2f2f2;'>ศูนย์</td><td style='padding:3px 6px;'>K2-71</td></tr><tr><td style='padding:3px 6px; font-weight:bold; background-color:#f2f2f2;'>โควตา</td><td style='padding:3px 6px;'>773715</td></tr><tr><td style='padding:3px 6px; font-weight:bold; background-color:#f2f2f2;'>ชาวไร่</td><td style='padding:3px 6px;'>นาง เพชรลดา มณีตา</td></tr><tr><td style='padding:3px 6px; font-weight:bold; background-color:#f2f2f2;'>ประเภทอ้อย</td><td style='padding:3px 6px;'>ปลายฝน</td></tr><tr><td style='padding:3px 6px; font-weight:bold; background-color:#f2f2f2;'>พื้นที่</td><td style='padding:3px 6px;'>7.39</td></tr><tr><td style='padding:3px 6px; font-weight:bold; background-color:#f2f2f2;'>ตันรวม</td><td style='padding:3px 6px;'>96.07</td></tr><tr><td style='padding:3px 6px; font-weight:bold; background-color:#f2f2f2;'>รหัสแปลง</td><td style='padding:3px 6px;'>321301090039</td></tr><tr><td style='padding:3px 6px; font-weight:bold; background-color:#f2f2f2;'>กลุ่ม</td><td style='padding:3px 6px;'>กลุ่ม_71</td></tr></table></div>]]></description>
      <styleUrl>#plotStyle</styleUrl>
      <MultiGeometry><Polygon><outerBoundaryIs><LinearRing><coordinates>103.9757653,14.5186295,0 103.9754481,14.5173052,0 103.9746437,14.5174551,0 103.9751166,14.5187150,0 103.9757653,14.5186295,0</coordinates></LinearRing></outerBoundaryIs></Polygon></MultiGeometry>
    </Placemark>
    <Placemark>
      <name>321306061509</name>
      <description><![CDATA[<div style='font-family:Tahoma,sans-serif; font-size:13px;'><h3 style='color:#1565C0; margin:4px 0;'>รหัสแปลง: 321306061509</h3><p style='margin:2px 0;'><b>กลุ่มคิว:</b> 71_002</p><table border='1' style='border-collapse:collapse; border-color:#ccc; width:100%;'><tr><td style='padding:3px 6px; font-weight:bold; background-color:#f2f2f2;'>รหัสกลุ่มคิว</td><td style='padding:3px 6px;'>71/002</td></tr><tr><td style='padding:3px 6px; font-weight:bold; background-color:#f2f2f2;'>รหัสรับเหมา</td><td style='padding:3px 6px;'>738889</td></tr><tr><td style='padding:3px 6px; font-weight:bold; background-color:#f2f2f2;'>ชื่อ-สกุล รับเหมา</td><td style='padding:3px 6px;'>รถตัดโรงงานเบอร์ 24</td></tr><tr><td style='padding:3px 6px; font-weight:bold; background-color:#f2f2f2;'>นักเกษตร</td><td style='padding:3px 6px;'>7101</td></tr><tr><td style='padding:3px 6px; font-weight:bold; background-color:#f2f2f2;'>ศูนย์</td><td style='padding:3px 6px;'>K2-71</td></tr><tr><td style='padding:3px 6px; font-weight:bold; background-color:#f2f2f2;'>โควตา</td><td style='padding:3px 6px;'>771279</td></tr><tr><td style='padding:3px 6px; font-weight:bold; background-color:#f2f2f2;'>ชาวไร่</td><td style='padding:3px 6px;'>นาง เท็ก นาคเจือ</td></tr><tr><td style='padding:3px 6px; font-weight:bold; background-color:#f2f2f2;'>ประเภทอ้อย</td><td style='padding:3px 6px;'>ตอ1</td></tr><tr><td style='padding:3px 6px; font-weight:bold; background-color:#f2f2f2;'>พื้นที่</td><td style='padding:3px 6px;'>7.65</td></tr><tr><td style='padding:3px 6px; font-weight:bold; background-color:#f2f2f2;'>ตันรวม</td><td style='padding:3px 6px;'>68.85</td></tr><tr><td style='padding:3px 6px; font-weight:bold; background-color:#f2f2f2;'>รหัสแปลง</td><td style='padding:3px 6px;'>321306061509</td></tr><tr><td style='padding:3px 6px; font-weight:bold; background-color:#f2f2f2;'>กลุ่ม</td><td style='padding:3px 6px;'>กลุ่ม_71</td></tr></table></div>]]></description>
      <styleUrl>#plotStyle</styleUrl>
      <MultiGeometry><Polygon><outerBoundaryIs><LinearRing><coordinates>103.9473603,14.5528663,0 103.9479036,14.5526884,0 103.9476691,14.5513864,0 103.9470182,14.5515268,0 103.9470130,14.5517159,0 103.9469309,14.5517591,0 103.9469136,14.5518497,0 103.9467935,14.5518718,0 103.9473603,14.5528663,0</coordinates></LinearRing></outerBoundaryIs></Polygon></MultiGeometry>
    </Placemark>
    <Placemark>
      <name>321301030041</name>
      <description><![CDATA[<div style='font-family:Tahoma,sans-serif; font-size:13px;'><h3 style='color:#1565C0; margin:4px 0;'>รหัสแปลง: 321301030041</h3><p style='margin:2px 0;'><b>กลุ่มคิว:</b> 71_002</p><table border='1' style='border-collapse:collapse; border-color:#ccc; width:100%;'><tr><td style='padding:3px 6px; font-weight:bold; background-color:#f2f2f2;'>รหัสกลุ่มคิว</td><td style='padding:3px 6px;'>71/002</td></tr><tr><td style='padding:3px 6px; font-weight:bold; background-color:#f2f2f2;'>รหัสรับเหมา</td><td style='padding:3px 6px;'>738889</td></tr><tr><td style='padding:3px 6px; font-weight:bold; background-color:#f2f2f2;'>ชื่อ-สกุล รับเหมา</td><td style='padding:3px 6px;'>รถตัดโรงงานเบอร์ 24</td></tr><tr><td style='padding:3px 6px; font-weight:bold; background-color:#f2f2f2;'>นักเกษตร</td><td style='padding:3px 6px;'>7101</td></tr><tr><td style='padding:3px 6px; font-weight:bold; background-color:#f2f2f2;'>ศูนย์</td><td style='padding:3px 6px;'>K2-71</td></tr><tr><td style='padding:3px 6px; font-weight:bold; background-color:#f2f2f2;'>โควตา</td><td style='padding:3px 6px;'>774085</td></tr><tr><td style='padding:3px 6px; font-weight:bold; background-color:#f2f2f2;'>ชาวไร่</td><td style='padding:3px 6px;'>นาย สำอาง ศรีพรม</td></tr><tr><td style='padding:3px 6px; font-weight:bold; background-color:#f2f2f2;'>ประเภทอ้อย</td><td style='padding:3px 6px;'>ปลายฝน</td></tr><tr><td style='padding:3px 6px; font-weight:bold; background-color:#f2f2f2;'>พื้นที่</td><td style='padding:3px 6px;'>2.25</td></tr><tr><td style='padding:3px 6px; font-weight:bold; background-color:#f2f2f2;'>ตันรวม</td><td style='padding:3px 6px;'>29.25</td></tr><tr><td style='padding:3px 6px; font-weight:bold; background-color:#f2f2f2;'>รหัสแปลง</td><td style='padding:3px 6px;'>321301030041</td></tr><tr><td style='padding:3px 6px; font-weight:bold; background-color:#f2f2f2;'>กลุ่ม</td><td style='padding:3px 6px;'>กลุ่ม_71</td></tr></table></div>]]></description>
      <styleUrl>#plotStyle</styleUrl>
      <MultiGeometry><Polygon><outerBoundaryIs><LinearRing><coordinates>103.9152217,14.5476000,0 103.9154200,14.5474950,0 103.9152750,14.5465233,0 103.9149067,14.5465817,0 103.9152217,14.5476000,0</coordinates></LinearRing></outerBoundaryIs></Polygon></MultiGeometry>
    </Placemark>
    <Placemark>
      <name>321301080099</name>
      <description><![CDATA[<div style='font-family:Tahoma,sans-serif; font-size:13px;'><h3 style='color:#1565C0; margin:4px 0;'>รหัสแปลง: 321301080099</h3><p style='margin:2px 0;'><b>กลุ่มคิว:</b> 71_002</p><table border='1' style='border-collapse:collapse; border-color:#ccc; width:100%;'><tr><td style='padding:3px 6px; font-weight:bold; background-color:#f2f2f2;'>รหัสกลุ่มคิว</td><td style='padding:3px 6px;'>71/002</td></tr><tr><td style='padding:3px 6px; font-weight:bold; background-color:#f2f2f2;'>รหัสรับเหมา</td><td style='padding:3px 6px;'>738889</td></tr><tr><td style='padding:3px 6px; font-weight:bold; background-color:#f2f2f2;'>ชื่อ-สกุล รับเหมา</td><td style='padding:3px 6px;'>รถตัดโรงงานเบอร์ 24</td></tr><tr><td style='padding:3px 6px; font-weight:bold; background-color:#f2f2f2;'>นักเกษตร</td><td style='padding:3px 6px;'>7101</td></tr><tr><td style='padding:3px 6px; font-weight:bold; background-color:#f2f2f2;'>ศูนย์</td><td style='padding:3px 6px;'>K2-71</td></tr><tr><td style='padding:3px 6px; font-weight:bold; background-color:#f2f2f2;'>โควตา</td><td style='padding:3px 6px;'>773715</td></tr><tr><td style='padding:3px 6px; font-weight:bold; background-color:#f2f2f2;'>ชาวไร่</td><td style='padding:3px 6px;'>นาง เพชรลดา มณีตา</td></tr><tr><td style='padding:3px 6px; font-weight:bold; background-color:#f2f2f2;'>ประเภทอ้อย</td><td style='padding:3px 6px;'>ตอ1</td></tr><tr><td style='padding:3px 6px; font-weight:bold; background-color:#f2f2f2;'>พื้นที่</td><td style='padding:3px 6px;'>16.17</td></tr><tr><td style='padding:3px 6px; font-weight:bold; background-color:#f2f2f2;'>ตันรวม</td><td style='padding:3px 6px;'>145.53</td></tr><tr><td style='padding:3px 6px; font-weight:bold; background-color:#f2f2f2;'>รหัสแปลง</td><td style='padding:3px 6px;'>321301080099</td></tr><tr><td style='padding:3px 6px; font-weight:bold; background-color:#f2f2f2;'>กลุ่ม</td><td style='padding:3px 6px;'>กลุ่ม_71</td></tr></table></div>]]></description>
      <styleUrl>#plotStyle</styleUrl>
      <MultiGeometry><Polygon><outerBoundaryIs><LinearRing><coordinates>103.9717380,14.5122889,0 103.9717527,14.5117311,0 103.9717138,14.5117152,0 103.9717501,14.5111247,0 103.9716452,14.5111505,0 103.9716401,14.5110393,0 103.9707568,14.5111330,0 103.9707678,14.5113165,0 103.9708087,14.5113784,0 103.9707707,14.5118072,0 103.9706362,14.5125138,0 103.9706489,14.5126028,0 103.9706098,14.5127544,0 103.9705732,14.5129897,0 103.9706364,14.5129916,0 103.9706950,14.5126446,0 103.9709019,14.5126761,0 103.9708405,14.5130117,0 103.9705749,14.5129973,0 103.9705847,14.5130605,0 103.9706722,14.5130602,0 103.9708674,14.5131621,0 103.9709479,14.5132217,0 103.9710598,14.5133781,0 103.9715246,14.5132756,0 103.9717313,14.5131816,0 103.9717161,14.5123606,0 103.9717380,14.5122889,0</coordinates></LinearRing></outerBoundaryIs></Polygon></MultiGeometry>
    </Placemark>
    <Placemark>
      <name>321301090030</name>
      <description><![CDATA[<div style='font-family:Tahoma,sans-serif; font-size:13px;'><h3 style='color:#1565C0; margin:4px 0;'>รหัสแปลง: 321301090030</h3><p style='margin:2px 0;'><b>กลุ่มคิว:</b> 71_002</p><table border='1' style='border-collapse:collapse; border-color:#ccc; width:100%;'><tr><td style='padding:3px 6px; font-weight:bold; background-color:#f2f2f2;'>รหัสกลุ่มคิว</td><td style='padding:3px 6px;'>71/002</td></tr><tr><td style='padding:3px 6px; font-weight:bold; background-color:#f2f2f2;'>รหัสรับเหมา</td><td style='padding:3px 6px;'>738889</td></tr><tr><td style='padding:3px 6px; font-weight:bold; background-color:#f2f2f2;'>ชื่อ-สกุล รับเหมา</td><td style='padding:3px 6px;'>รถตัดโรงงานเบอร์ 24</td></tr><tr><td style='padding:3px 6px; font-weight:bold; background-color:#f2f2f2;'>นักเกษตร</td><td style='padding:3px 6px;'>7101</td></tr><tr><td style='padding:3px 6px; font-weight:bold; background-color:#f2f2f2;'>ศูนย์</td><td style='padding:3px 6px;'>K2-71</td></tr><tr><td style='padding:3px 6px; font-weight:bold; background-color:#f2f2f2;'>โควตา</td><td style='padding:3px 6px;'>774175</td></tr><tr><td style='padding:3px 6px; font-weight:bold; background-color:#f2f2f2;'>ชาวไร่</td><td style='padding:3px 6px;'>นางสาว มนตรา บุญสระรัมย์</td></tr><tr><td style='padding:3px 6px; font-weight:bold; background-color:#f2f2f2;'>ประเภทอ้อย</td><td style='padding:3px 6px;'>ตอ1</td></tr><tr><td style='padding:3px 6px; font-weight:bold; background-color:#f2f2f2;'>พื้นที่</td><td style='padding:3px 6px;'>5.55</td></tr><tr><td style='padding:3px 6px; font-weight:bold; background-color:#f2f2f2;'>ตันรวม</td><td style='padding:3px 6px;'>49.95</td></tr><tr><td style='padding:3px 6px; font-weight:bold; background-color:#f2f2f2;'>รหัสแปลง</td><td style='padding:3px 6px;'>321301090030</td></tr><tr><td style='padding:3px 6px; font-weight:bold; background-color:#f2f2f2;'>กลุ่ม</td><td style='padding:3px 6px;'>กลุ่ม_71</td></tr></table></div>]]></description>
      <styleUrl>#plotStyle</styleUrl>
      <MultiGeometry><Polygon><outerBoundaryIs><LinearRing><coordinates>103.9811501,14.5271991,0 103.9807898,14.5264644,0 103.9806966,14.5265097,0 103.9805855,14.5264719,0 103.9802404,14.5266332,0 103.9803787,14.5273398,0 103.9804414,14.5277292,0 103.9806211,14.5278268,0 103.9806273,14.5276030,0 103.9805624,14.5275414,0 103.9808231,14.5273417,0 103.9809089,14.5273802,0 103.9810927,14.5275608,0 103.9812307,14.5275006,0 103.9811757,14.5271957,0 103.9811501,14.5271991,0</coordinates></LinearRing></outerBoundaryIs></Polygon></MultiGeometry>
    </Placemark>
    <Placemark>
      <name>321301090137</name>
      <description><![CDATA[<div style='font-family:Tahoma,sans-serif; font-size:13px;'><h3 style='color:#1565C0; margin:4px 0;'>รหัสแปลง: 321301090137</h3><p style='margin:2px 0;'><b>กลุ่มคิว:</b> 71_002</p><table border='1' style='border-collapse:collapse; border-color:#ccc; width:100%;'><tr><td style='padding:3px 6px; font-weight:bold; background-color:#f2f2f2;'>รหัสกลุ่มคิว</td><td style='padding:3px 6px;'>71/002</td></tr><tr><td style='padding:3px 6px; font-weight:bold; background-color:#f2f2f2;'>รหัสรับเหมา</td><td style='padding:3px 6px;'>738889</td></tr><tr><td style='padding:3px 6px; font-weight:bold; background-color:#f2f2f2;'>ชื่อ-สกุล รับเหมา</td><td style='padding:3px 6px;'>รถตัดโรงงานเบอร์ 24</td></tr><tr><td style='padding:3px 6px; font-weight:bold; background-color:#f2f2f2;'>นักเกษตร</td><td style='padding:3px 6px;'>7101</td></tr><tr><td style='padding:3px 6px; font-weight:bold; background-color:#f2f2f2;'>ศูนย์</td><td style='padding:3px 6px;'>K2-71</td></tr><tr><td style='padding:3px 6px; font-weight:bold; background-color:#f2f2f2;'>โควตา</td><td style='padding:3px 6px;'>774151</td></tr><tr><td style='padding:3px 6px; font-weight:bold; background-color:#f2f2f2;'>ชาวไร่</td><td style='padding:3px 6px;'>นาง สมหมาย จันแสน</td></tr><tr><td style='padding:3px 6px; font-weight:bold; background-color:#f2f2f2;'>ประเภทอ้อย</td><td style='padding:3px 6px;'>ตอ1</td></tr><tr><td style='padding:3px 6px; font-weight:bold; background-color:#f2f2f2;'>พื้นที่</td><td style='padding:3px 6px;'>6.46</td></tr><tr><td style='padding:3px 6px; font-weight:bold; background-color:#f2f2f2;'>ตันรวม</td><td style='padding:3px 6px;'>58.14</td></tr><tr><td style='padding:3px 6px; font-weight:bold; background-color:#f2f2f2;'>รหัสแปลง</td><td style='padding:3px 6px;'>321301090137</td></tr><tr><td style='padding:3px 6px; font-weight:bold; background-color:#f2f2f2;'>กลุ่ม</td><td style='padding:3px 6px;'>กลุ่ม_71</td></tr></table></div>]]></description>
      <styleUrl>#plotStyle</styleUrl>
      <MultiGeometry><Polygon><outerBoundaryIs><LinearRing><coordinates>103.9752236,14.5195168,0 103.9763584,14.5192767,0 103.9762436,14.5186034,0 103.9750858,14.5187280,0 103.9752236,14.5195168,0</coordinates></LinearRing></outerBoundaryIs></Polygon></MultiGeometry>
    </Placemark>
    <Placemark>
      <name>321306100092</name>
      <description><![CDATA[<div style='font-family:Tahoma,sans-serif; font-size:13px;'><h3 style='color:#1565C0; margin:4px 0;'>รหัสแปลง: 321306100092</h3><p style='margin:2px 0;'><b>กลุ่มคิว:</b> 71_002</p><table border='1' style='border-collapse:collapse; border-color:#ccc; width:100%;'><tr><td style='padding:3px 6px; font-weight:bold; background-color:#f2f2f2;'>รหัสกลุ่มคิว</td><td style='padding:3px 6px;'>71/002</td></tr><tr><td style='padding:3px 6px; font-weight:bold; background-color:#f2f2f2;'>รหัสรับเหมา</td><td style='padding:3px 6px;'>738889</td></tr><tr><td style='padding:3px 6px; font-weight:bold; background-color:#f2f2f2;'>ชื่อ-สกุล รับเหมา</td><td style='padding:3px 6px;'>รถตัดโรงงานเบอร์ 24</td></tr><tr><td style='padding:3px 6px; font-weight:bold; background-color:#f2f2f2;'>นักเกษตร</td><td style='padding:3px 6px;'>7101</td></tr><tr><td style='padding:3px 6px; font-weight:bold; background-color:#f2f2f2;'>ศูนย์</td><td style='padding:3px 6px;'>K2-71</td></tr><tr><td style='padding:3px 6px; font-weight:bold; background-color:#f2f2f2;'>โควตา</td><td style='padding:3px 6px;'>774196</td></tr><tr><td style='padding:3px 6px; font-weight:bold; background-color:#f2f2f2;'>ชาวไร่</td><td style='padding:3px 6px;'>นาย จีรวัฒน์ เจียนงาม</td></tr><tr><td style='padding:3px 6px; font-weight:bold; background-color:#f2f2f2;'>ประเภทอ้อย</td><td style='padding:3px 6px;'>ตอ1</td></tr><tr><td style='padding:3px 6px; font-weight:bold; background-color:#f2f2f2;'>พื้นที่</td><td style='padding:3px 6px;'>13.52</td></tr><tr><td style='padding:3px 6px; font-weight:bold; background-color:#f2f2f2;'>ตันรวม</td><td style='padding:3px 6px;'>121.68</td></tr><tr><td style='padding:3px 6px; font-weight:bold; background-color:#f2f2f2;'>รหัสแปลง</td><td style='padding:3px 6px;'>321306100092</td></tr><tr><td style='padding:3px 6px; font-weight:bold; background-color:#f2f2f2;'>กลุ่ม</td><td style='padding:3px 6px;'>กลุ่ม_71</td></tr></table></div>]]></description>
      <styleUrl>#plotStyle</styleUrl>
      <MultiGeometry><Polygon><outerBoundaryIs><LinearRing><coordinates>103.9899912,14.5372086,0 103.9896961,14.5345885,0 103.9889824,14.5347286,0 103.9890621,14.5353537,0 103.9890427,14.5353714,0 103.9890805,14.5355697,0 103.9890509,14.5355874,0 103.9891246,14.5360667,0 103.9892284,14.5367084,0 103.9892742,14.5370726,0 103.9899912,14.5372086,0</coordinates></LinearRing></outerBoundaryIs></Polygon></MultiGeometry>
    </Placemark>
    <Placemark>
      <name>321306100096</name>
      <description><![CDATA[<div style='font-family:Tahoma,sans-serif; font-size:13px;'><h3 style='color:#1565C0; margin:4px 0;'>รหัสแปลง: 321306100096</h3><p style='margin:2px 0;'><b>กลุ่มคิว:</b> 71_002</p><table border='1' style='border-collapse:collapse; border-color:#ccc; width:100%;'><tr><td style='padding:3px 6px; font-weight:bold; background-color:#f2f2f2;'>รหัสกลุ่มคิว</td><td style='padding:3px 6px;'>71/002</td></tr><tr><td style='padding:3px 6px; font-weight:bold; background-color:#f2f2f2;'>รหัสรับเหมา</td><td style='padding:3px 6px;'>738889</td></tr><tr><td style='padding:3px 6px; font-weight:bold; background-color:#f2f2f2;'>ชื่อ-สกุล รับเหมา</td><td style='padding:3px 6px;'>รถตัดโรงงานเบอร์ 24</td></tr><tr><td style='padding:3px 6px; font-weight:bold; background-color:#f2f2f2;'>นักเกษตร</td><td style='padding:3px 6px;'>7101</td></tr><tr><td style='padding:3px 6px; font-weight:bold; background-color:#f2f2f2;'>ศูนย์</td><td style='padding:3px 6px;'>K2-71</td></tr><tr><td style='padding:3px 6px; font-weight:bold; background-color:#f2f2f2;'>โควตา</td><td style='padding:3px 6px;'>770952</td></tr><tr><td style='padding:3px 6px; font-weight:bold; background-color:#f2f2f2;'>ชาวไร่</td><td style='padding:3px 6px;'>น.ส. วิไลพร เสาไส</td></tr><tr><td style='padding:3px 6px; font-weight:bold; background-color:#f2f2f2;'>ประเภทอ้อย</td><td style='padding:3px 6px;'>ปลายฝน</td></tr><tr><td style='padding:3px 6px; font-weight:bold; background-color:#f2f2f2;'>พื้นที่</td><td style='padding:3px 6px;'>4.37</td></tr><tr><td style='padding:3px 6px; font-weight:bold; background-color:#f2f2f2;'>ตันรวม</td><td style='padding:3px 6px;'>56.81</td></tr><tr><td style='padding:3px 6px; font-weight:bold; background-color:#f2f2f2;'>รหัสแปลง</td><td style='padding:3px 6px;'>321306100096</td></tr><tr><td style='padding:3px 6px; font-weight:bold; background-color:#f2f2f2;'>กลุ่ม</td><td style='padding:3px 6px;'>กลุ่ม_71</td></tr></table></div>]]></description>
      <styleUrl>#plotStyle</styleUrl>
      <MultiGeometry><Polygon><outerBoundaryIs><LinearRing><coordinates>103.9861127,14.5493721,0 103.9860455,14.5489009,0 103.9849301,14.5490042,0 103.9849307,14.5490124,0 103.9849255,14.5490172,0 103.9849434,14.5495400,0 103.9861127,14.5493721,0</coordinates></LinearRing></outerBoundaryIs></Polygon></MultiGeometry>
    </Placemark>
    <Placemark>
      <name>321301111606</name>
      <description><![CDATA[<div style='font-family:Tahoma,sans-serif; font-size:13px;'><h3 style='color:#1565C0; margin:4px 0;'>รหัสแปลง: 321301111606</h3><p style='margin:2px 0;'><b>กลุ่มคิว:</b> 71_002</p><table border='1' style='border-collapse:collapse; border-color:#ccc; width:100%;'><tr><td style='padding:3px 6px; font-weight:bold; background-color:#f2f2f2;'>รหัสกลุ่มคิว</td><td style='padding:3px 6px;'>71/002</td></tr><tr><td style='padding:3px 6px; font-weight:bold; background-color:#f2f2f2;'>รหัสรับเหมา</td><td style='padding:3px 6px;'>738889</td></tr><tr><td style='padding:3px 6px; font-weight:bold; background-color:#f2f2f2;'>ชื่อ-สกุล รับเหมา</td><td style='padding:3px 6px;'>รถตัดโรงงานเบอร์ 24</td></tr><tr><td style='padding:3px 6px; font-weight:bold; background-color:#f2f2f2;'>นักเกษตร</td><td style='padding:3px 6px;'>7101</td></tr><tr><td style='padding:3px 6px; font-weight:bold; background-color:#f2f2f2;'>ศูนย์</td><td style='padding:3px 6px;'>K2-71</td></tr><tr><td style='padding:3px 6px; font-weight:bold; background-color:#f2f2f2;'>โควตา</td><td style='padding:3px 6px;'>770278</td></tr><tr><td style='padding:3px 6px; font-weight:bold; background-color:#f2f2f2;'>ชาวไร่</td><td style='padding:3px 6px;'>นาย สนิ เสียงสนั่น</td></tr><tr><td style='padding:3px 6px; font-weight:bold; background-color:#f2f2f2;'>ประเภทอ้อย</td><td style='padding:3px 6px;'>ตอ1</td></tr><tr><td style='padding:3px 6px; font-weight:bold; background-color:#f2f2f2;'>พื้นที่</td><td style='padding:3px 6px;'>11.04</td></tr><tr><td style='padding:3px 6px; font-weight:bold; background-color:#f2f2f2;'>ตันรวม</td><td style='padding:3px 6px;'>99.36</td></tr><tr><td style='padding:3px 6px; font-weight:bold; background-color:#f2f2f2;'>รหัสแปลง</td><td style='padding:3px 6px;'>321301111606</td></tr><tr><td style='padding:3px 6px; font-weight:bold; background-color:#f2f2f2;'>กลุ่ม</td><td style='padding:3px 6px;'>กลุ่ม_71</td></tr></table></div>]]></description>
      <styleUrl>#plotStyle</styleUrl>
      <MultiGeometry><Polygon><outerBoundaryIs><LinearRing><coordinates>103.8902018,14.5661326,0 103.8909405,14.5661290,0 103.8910098,14.5660898,0 103.8910716,14.5655224,0 103.8902240,14.5655597,0 103.8895883,14.5656066,0 103.8895857,14.5658700,0 103.8894311,14.5658896,0 103.8892532,14.5658839,0 103.8892175,14.5659027,0 103.8890741,14.5661631,0 103.8888726,14.5665566,0 103.8888382,14.5669009,0 103.8896055,14.5668656,0 103.8896061,14.5662624,0 103.8897823,14.5662399,0 103.8897941,14.5661681,0 103.8902018,14.5661326,0</coordinates></LinearRing></outerBoundaryIs></Polygon></MultiGeometry>
    </Placemark>
    <Placemark>
      <name>321301120018</name>
      <description><![CDATA[<div style='font-family:Tahoma,sans-serif; font-size:13px;'><h3 style='color:#1565C0; margin:4px 0;'>รหัสแปลง: 321301120018</h3><p style='margin:2px 0;'><b>กลุ่มคิว:</b> 71_002</p><table border='1' style='border-collapse:collapse; border-color:#ccc; width:100%;'><tr><td style='padding:3px 6px; font-weight:bold; background-color:#f2f2f2;'>รหัสกลุ่มคิว</td><td style='padding:3px 6px;'>71/002</td></tr><tr><td style='padding:3px 6px; font-weight:bold; background-color:#f2f2f2;'>รหัสรับเหมา</td><td style='padding:3px 6px;'>738889</td></tr><tr><td style='padding:3px 6px; font-weight:bold; background-color:#f2f2f2;'>ชื่อ-สกุล รับเหมา</td><td style='padding:3px 6px;'>รถตัดโรงงานเบอร์ 24</td></tr><tr><td style='padding:3px 6px; font-weight:bold; background-color:#f2f2f2;'>นักเกษตร</td><td style='padding:3px 6px;'>7101</td></tr><tr><td style='padding:3px 6px; font-weight:bold; background-color:#f2f2f2;'>ศูนย์</td><td style='padding:3px 6px;'>K2-71</td></tr><tr><td style='padding:3px 6px; font-weight:bold; background-color:#f2f2f2;'>โควตา</td><td style='padding:3px 6px;'>770153</td></tr><tr><td style='padding:3px 6px; font-weight:bold; background-color:#f2f2f2;'>ชาวไร่</td><td style='padding:3px 6px;'>นาย สมบัติ แสนดี</td></tr><tr><td style='padding:3px 6px; font-weight:bold; background-color:#f2f2f2;'>ประเภทอ้อย</td><td style='padding:3px 6px;'>ปลายฝน</td></tr><tr><td style='padding:3px 6px; font-weight:bold; background-color:#f2f2f2;'>พื้นที่</td><td style='padding:3px 6px;'>5.58</td></tr><tr><td style='padding:3px 6px; font-weight:bold; background-color:#f2f2f2;'>ตันรวม</td><td style='padding:3px 6px;'>72.54</td></tr><tr><td style='padding:3px 6px; font-weight:bold; background-color:#f2f2f2;'>รหัสแปลง</td><td style='padding:3px 6px;'>321301120018</td></tr><tr><td style='padding:3px 6px; font-weight:bold; background-color:#f2f2f2;'>กลุ่ม</td><td style='padding:3px 6px;'>กลุ่ม_71</td></tr></table></div>]]></description>
      <styleUrl>#plotStyle</styleUrl>
      <MultiGeometry><Polygon><outerBoundaryIs><LinearRing><coordinates>103.9381088,14.5524835,0 103.9384811,14.5524101,0 103.9386379,14.5509231,0 103.9385914,14.5508756,0 103.9384859,14.5508827,0 103.9383809,14.5509368,0 103.9383254,14.5509643,0 103.9383098,14.5509543,0 103.9382654,14.5509228,0 103.9382348,14.5509083,0 103.9381736,14.5509241,0 103.9381259,14.5509358,0 103.9380375,14.5509363,0 103.9381088,14.5524835,0</coordinates></LinearRing></outerBoundaryIs></Polygon></MultiGeometry>
    </Placemark>
    <Placemark>
      <name>321301080150</name>
      <description><![CDATA[<div style='font-family:Tahoma,sans-serif; font-size:13px;'><h3 style='color:#1565C0; margin:4px 0;'>รหัสแปลง: 321301080150</h3><p style='margin:2px 0;'><b>กลุ่มคิว:</b> 71_002</p><table border='1' style='border-collapse:collapse; border-color:#ccc; width:100%;'><tr><td style='padding:3px 6px; font-weight:bold; background-color:#f2f2f2;'>รหัสกลุ่มคิว</td><td style='padding:3px 6px;'>71/002</td></tr><tr><td style='padding:3px 6px; font-weight:bold; background-color:#f2f2f2;'>รหัสรับเหมา</td><td style='padding:3px 6px;'>738889</td></tr><tr><td style='padding:3px 6px; font-weight:bold; background-color:#f2f2f2;'>ชื่อ-สกุล รับเหมา</td><td style='padding:3px 6px;'>รถตัดโรงงานเบอร์ 24</td></tr><tr><td style='padding:3px 6px; font-weight:bold; background-color:#f2f2f2;'>นักเกษตร</td><td style='padding:3px 6px;'>7101</td></tr><tr><td style='padding:3px 6px; font-weight:bold; background-color:#f2f2f2;'>ศูนย์</td><td style='padding:3px 6px;'>K2-71</td></tr><tr><td style='padding:3px 6px; font-weight:bold; background-color:#f2f2f2;'>โควตา</td><td style='padding:3px 6px;'>773715</td></tr><tr><td style='padding:3px 6px; font-weight:bold; background-color:#f2f2f2;'>ชาวไร่</td><td style='padding:3px 6px;'>นาง เพชรลดา มณีตา</td></tr><tr><td style='padding:3px 6px; font-weight:bold; background-color:#f2f2f2;'>ประเภทอ้อย</td><td style='padding:3px 6px;'>ปลายฝน</td></tr><tr><td style='padding:3px 6px; font-weight:bold; background-color:#f2f2f2;'>พื้นที่</td><td style='padding:3px 6px;'>5.96</td></tr><tr><td style='padding:3px 6px; font-weight:bold; background-color:#f2f2f2;'>ตันรวม</td><td style='padding:3px 6px;'>77.48</td></tr><tr><td style='padding:3px 6px; font-weight:bold; background-color:#f2f2f2;'>รหัสแปลง</td><td style='padding:3px 6px;'>321301080150</td></tr><tr><td style='padding:3px 6px; font-weight:bold; background-color:#f2f2f2;'>กลุ่ม</td><td style='padding:3px 6px;'>กลุ่ม_71</td></tr></table></div>]]></description>
      <styleUrl>#plotStyle</styleUrl>
      <MultiGeometry><Polygon><outerBoundaryIs><LinearRing><coordinates>103.9746341,14.5049070,0 103.9746234,14.5051269,0 103.9748006,14.5051667,0 103.9752209,14.5053599,0 103.9753841,14.5054263,0 103.9758458,14.5055710,0 103.9761505,14.5056685,0 103.9762653,14.5049195,0 103.9746341,14.5049070,0</coordinates></LinearRing></outerBoundaryIs></Polygon></MultiGeometry>
    </Placemark>
    <Placemark>
      <name>321301081503</name>
      <description><![CDATA[<div style='font-family:Tahoma,sans-serif; font-size:13px;'><h3 style='color:#1565C0; margin:4px 0;'>รหัสแปลง: 321301081503</h3><p style='margin:2px 0;'><b>กลุ่มคิว:</b> 71_002</p><table border='1' style='border-collapse:collapse; border-color:#ccc; width:100%;'><tr><td style='padding:3px 6px; font-weight:bold; background-color:#f2f2f2;'>รหัสกลุ่มคิว</td><td style='padding:3px 6px;'>71/002</td></tr><tr><td style='padding:3px 6px; font-weight:bold; background-color:#f2f2f2;'>รหัสรับเหมา</td><td style='padding:3px 6px;'>738889</td></tr><tr><td style='padding:3px 6px; font-weight:bold; background-color:#f2f2f2;'>ชื่อ-สกุล รับเหมา</td><td style='padding:3px 6px;'>รถตัดโรงงานเบอร์ 24</td></tr><tr><td style='padding:3px 6px; font-weight:bold; background-color:#f2f2f2;'>นักเกษตร</td><td style='padding:3px 6px;'>7101</td></tr><tr><td style='padding:3px 6px; font-weight:bold; background-color:#f2f2f2;'>ศูนย์</td><td style='padding:3px 6px;'>K2-71</td></tr><tr><td style='padding:3px 6px; font-weight:bold; background-color:#f2f2f2;'>โควตา</td><td style='padding:3px 6px;'>773715</td></tr><tr><td style='padding:3px 6px; font-weight:bold; background-color:#f2f2f2;'>ชาวไร่</td><td style='padding:3px 6px;'>นาง เพชรลดา มณีตา</td></tr><tr><td style='padding:3px 6px; font-weight:bold; background-color:#f2f2f2;'>ประเภทอ้อย</td><td style='padding:3px 6px;'>ปลายฝน</td></tr><tr><td style='padding:3px 6px; font-weight:bold; background-color:#f2f2f2;'>พื้นที่</td><td style='padding:3px 6px;'>9.58</td></tr><tr><td style='padding:3px 6px; font-weight:bold; background-color:#f2f2f2;'>ตันรวม</td><td style='padding:3px 6px;'>124.54</td></tr><tr><td style='padding:3px 6px; font-weight:bold; background-color:#f2f2f2;'>รหัสแปลง</td><td style='padding:3px 6px;'>321301081503</td></tr><tr><td style='padding:3px 6px; font-weight:bold; background-color:#f2f2f2;'>กลุ่ม</td><td style='padding:3px 6px;'>กลุ่ม_71</td></tr></table></div>]]></description>
      <styleUrl>#plotStyle</styleUrl>
      <MultiGeometry><Polygon><outerBoundaryIs><LinearRing><coordinates>103.9717927,14.5109426,0 103.9717364,14.5115103,0 103.9727582,14.5114489,0 103.9739430,14.5112918,0 103.9738454,14.5107060,0 103.9717927,14.5109426,0</coordinates></LinearRing></outerBoundaryIs></Polygon></MultiGeometry>
    </Placemark>
    <Placemark>
      <name>321301081553</name>
      <description><![CDATA[<div style='font-family:Tahoma,sans-serif; font-size:13px;'><h3 style='color:#1565C0; margin:4px 0;'>รหัสแปลง: 321301081553</h3><p style='margin:2px 0;'><b>กลุ่มคิว:</b> 71_002</p><table border='1' style='border-collapse:collapse; border-color:#ccc; width:100%;'><tr><td style='padding:3px 6px; font-weight:bold; background-color:#f2f2f2;'>รหัสกลุ่มคิว</td><td style='padding:3px 6px;'>71/002</td></tr><tr><td style='padding:3px 6px; font-weight:bold; background-color:#f2f2f2;'>รหัสรับเหมา</td><td style='padding:3px 6px;'>738889</td></tr><tr><td style='padding:3px 6px; font-weight:bold; background-color:#f2f2f2;'>ชื่อ-สกุล รับเหมา</td><td style='padding:3px 6px;'>รถตัดโรงงานเบอร์ 24</td></tr><tr><td style='padding:3px 6px; font-weight:bold; background-color:#f2f2f2;'>นักเกษตร</td><td style='padding:3px 6px;'>7101</td></tr><tr><td style='padding:3px 6px; font-weight:bold; background-color:#f2f2f2;'>ศูนย์</td><td style='padding:3px 6px;'>K2-71</td></tr><tr><td style='padding:3px 6px; font-weight:bold; background-color:#f2f2f2;'>โควตา</td><td style='padding:3px 6px;'>773715</td></tr><tr><td style='padding:3px 6px; font-weight:bold; background-color:#f2f2f2;'>ชาวไร่</td><td style='padding:3px 6px;'>นาง เพชรลดา มณีตา</td></tr><tr><td style='padding:3px 6px; font-weight:bold; background-color:#f2f2f2;'>ประเภทอ้อย</td><td style='padding:3px 6px;'>ตอ1</td></tr><tr><td style='padding:3px 6px; font-weight:bold; background-color:#f2f2f2;'>พื้นที่</td><td style='padding:3px 6px;'>7.85</td></tr><tr><td style='padding:3px 6px; font-weight:bold; background-color:#f2f2f2;'>ตันรวม</td><td style='padding:3px 6px;'>70.65</td></tr><tr><td style='padding:3px 6px; font-weight:bold; background-color:#f2f2f2;'>รหัสแปลง</td><td style='padding:3px 6px;'>321301081553</td></tr><tr><td style='padding:3px 6px; font-weight:bold; background-color:#f2f2f2;'>กลุ่ม</td><td style='padding:3px 6px;'>กลุ่ม_71</td></tr></table></div>]]></description>
      <styleUrl>#plotStyle</styleUrl>
      <MultiGeometry><Polygon><outerBoundaryIs><LinearRing><coordinates>103.9744605,14.5052198,0 103.9742916,14.5052341,0 103.9742660,14.5052117,0 103.9741874,14.5051846,0 103.9741587,14.5051674,0 103.9737078,14.5052338,0 103.9736817,14.5056029,0 103.9737154,14.5061235,0 103.9737456,14.5065679,0 103.9744401,14.5066693,0 103.9744605,14.5052198,0</coordinates></LinearRing></outerBoundaryIs></Polygon></MultiGeometry>
    </Placemark>
    <Placemark>
      <name>321301081560</name>
      <description><![CDATA[<div style='font-family:Tahoma,sans-serif; font-size:13px;'><h3 style='color:#1565C0; margin:4px 0;'>รหัสแปลง: 321301081560</h3><p style='margin:2px 0;'><b>กลุ่มคิว:</b> 71_002</p><table border='1' style='border-collapse:collapse; border-color:#ccc; width:100%;'><tr><td style='padding:3px 6px; font-weight:bold; background-color:#f2f2f2;'>รหัสกลุ่มคิว</td><td style='padding:3px 6px;'>71/002</td></tr><tr><td style='padding:3px 6px; font-weight:bold; background-color:#f2f2f2;'>รหัสรับเหมา</td><td style='padding:3px 6px;'>738889</td></tr><tr><td style='padding:3px 6px; font-weight:bold; background-color:#f2f2f2;'>ชื่อ-สกุล รับเหมา</td><td style='padding:3px 6px;'>รถตัดโรงงานเบอร์ 24</td></tr><tr><td style='padding:3px 6px; font-weight:bold; background-color:#f2f2f2;'>นักเกษตร</td><td style='padding:3px 6px;'>7101</td></tr><tr><td style='padding:3px 6px; font-weight:bold; background-color:#f2f2f2;'>ศูนย์</td><td style='padding:3px 6px;'>K2-71</td></tr><tr><td style='padding:3px 6px; font-weight:bold; background-color:#f2f2f2;'>โควตา</td><td style='padding:3px 6px;'>774159</td></tr><tr><td style='padding:3px 6px; font-weight:bold; background-color:#f2f2f2;'>ชาวไร่</td><td style='padding:3px 6px;'>นาย นิคม คำเสมอ</td></tr><tr><td style='padding:3px 6px; font-weight:bold; background-color:#f2f2f2;'>ประเภทอ้อย</td><td style='padding:3px 6px;'>ตอ1</td></tr><tr><td style='padding:3px 6px; font-weight:bold; background-color:#f2f2f2;'>พื้นที่</td><td style='padding:3px 6px;'>6.17</td></tr><tr><td style='padding:3px 6px; font-weight:bold; background-color:#f2f2f2;'>ตันรวม</td><td style='padding:3px 6px;'>55.53</td></tr><tr><td style='padding:3px 6px; font-weight:bold; background-color:#f2f2f2;'>รหัสแปลง</td><td style='padding:3px 6px;'>321301081560</td></tr><tr><td style='padding:3px 6px; font-weight:bold; background-color:#f2f2f2;'>กลุ่ม</td><td style='padding:3px 6px;'>กลุ่ม_71</td></tr></table></div>]]></description>
      <styleUrl>#plotStyle</styleUrl>
      <MultiGeometry><Polygon><outerBoundaryIs><LinearRing><coordinates>103.9937059,14.5019908,0 103.9934001,14.5020271,0 103.9933880,14.5020516,0 103.9933743,14.5021252,0 103.9936618,14.5032511,0 103.9937938,14.5032327,0 103.9938345,14.5033837,0 103.9939635,14.5033682,0 103.9940157,14.5034637,0 103.9941004,14.5034465,0 103.9942325,14.5039258,0 103.9947176,14.5036588,0 103.9946354,14.5033186,0 103.9943179,14.5033876,0 103.9942147,14.5028218,0 103.9941864,14.5028279,0 103.9941430,14.5027373,0 103.9937146,14.5028118,0 103.9936208,14.5028208,0 103.9935668,14.5026240,0 103.9938079,14.5025735,0 103.9937059,14.5019908,0</coordinates></LinearRing></outerBoundaryIs></Polygon></MultiGeometry>
    </Placemark>
    <Placemark>
      <name>321301090061</name>
      <description><![CDATA[<div style='font-family:Tahoma,sans-serif; font-size:13px;'><h3 style='color:#1565C0; margin:4px 0;'>รหัสแปลง: 321301090061</h3><p style='margin:2px 0;'><b>กลุ่มคิว:</b> 71_002</p><table border='1' style='border-collapse:collapse; border-color:#ccc; width:100%;'><tr><td style='padding:3px 6px; font-weight:bold; background-color:#f2f2f2;'>รหัสกลุ่มคิว</td><td style='padding:3px 6px;'>71/002</td></tr><tr><td style='padding:3px 6px; font-weight:bold; background-color:#f2f2f2;'>รหัสรับเหมา</td><td style='padding:3px 6px;'>738889</td></tr><tr><td style='padding:3px 6px; font-weight:bold; background-color:#f2f2f2;'>ชื่อ-สกุล รับเหมา</td><td style='padding:3px 6px;'>รถตัดโรงงานเบอร์ 24</td></tr><tr><td style='padding:3px 6px; font-weight:bold; background-color:#f2f2f2;'>นักเกษตร</td><td style='padding:3px 6px;'>7101</td></tr><tr><td style='padding:3px 6px; font-weight:bold; background-color:#f2f2f2;'>ศูนย์</td><td style='padding:3px 6px;'>K2-71</td></tr><tr><td style='padding:3px 6px; font-weight:bold; background-color:#f2f2f2;'>โควตา</td><td style='padding:3px 6px;'>773253</td></tr><tr><td style='padding:3px 6px; font-weight:bold; background-color:#f2f2f2;'>ชาวไร่</td><td style='padding:3px 6px;'>นาง แคลน แพงสุภา</td></tr><tr><td style='padding:3px 6px; font-weight:bold; background-color:#f2f2f2;'>ประเภทอ้อย</td><td style='padding:3px 6px;'>ตอ1</td></tr><tr><td style='padding:3px 6px; font-weight:bold; background-color:#f2f2f2;'>พื้นที่</td><td style='padding:3px 6px;'>5.5</td></tr><tr><td style='padding:3px 6px; font-weight:bold; background-color:#f2f2f2;'>ตันรวม</td><td style='padding:3px 6px;'>49.5</td></tr><tr><td style='padding:3px 6px; font-weight:bold; background-color:#f2f2f2;'>รหัสแปลง</td><td style='padding:3px 6px;'>321301090061</td></tr><tr><td style='padding:3px 6px; font-weight:bold; background-color:#f2f2f2;'>กลุ่ม</td><td style='padding:3px 6px;'>กลุ่ม_71</td></tr></table></div>]]></description>
      <styleUrl>#plotStyle</styleUrl>
      <MultiGeometry><Polygon><outerBoundaryIs><LinearRing><coordinates>103.9746872,14.5167538,0 103.9736339,14.5168701,0 103.9737034,14.5172783,0 103.9735148,14.5173090,0 103.9735921,14.5175829,0 103.9746253,14.5174337,0 103.9746034,14.5173458,0 103.9746377,14.5173009,0 103.9746307,14.5171685,0 103.9747676,14.5171452,0 103.9746872,14.5167538,0</coordinates></LinearRing></outerBoundaryIs></Polygon></MultiGeometry>
    </Placemark>
    <Placemark>
      <name>321301090117</name>
      <description><![CDATA[<div style='font-family:Tahoma,sans-serif; font-size:13px;'><h3 style='color:#1565C0; margin:4px 0;'>รหัสแปลง: 321301090117</h3><p style='margin:2px 0;'><b>กลุ่มคิว:</b> 71_002</p><table border='1' style='border-collapse:collapse; border-color:#ccc; width:100%;'><tr><td style='padding:3px 6px; font-weight:bold; background-color:#f2f2f2;'>รหัสกลุ่มคิว</td><td style='padding:3px 6px;'>71/002</td></tr><tr><td style='padding:3px 6px; font-weight:bold; background-color:#f2f2f2;'>รหัสรับเหมา</td><td style='padding:3px 6px;'>738889</td></tr><tr><td style='padding:3px 6px; font-weight:bold; background-color:#f2f2f2;'>ชื่อ-สกุล รับเหมา</td><td style='padding:3px 6px;'>รถตัดโรงงานเบอร์ 24</td></tr><tr><td style='padding:3px 6px; font-weight:bold; background-color:#f2f2f2;'>นักเกษตร</td><td style='padding:3px 6px;'>7101</td></tr><tr><td style='padding:3px 6px; font-weight:bold; background-color:#f2f2f2;'>ศูนย์</td><td style='padding:3px 6px;'>K2-71</td></tr><tr><td style='padding:3px 6px; font-weight:bold; background-color:#f2f2f2;'>โควตา</td><td style='padding:3px 6px;'>770834</td></tr><tr><td style='padding:3px 6px; font-weight:bold; background-color:#f2f2f2;'>ชาวไร่</td><td style='padding:3px 6px;'>น.ส. จี๋ว จันทร์แสน</td></tr><tr><td style='padding:3px 6px; font-weight:bold; background-color:#f2f2f2;'>ประเภทอ้อย</td><td style='padding:3px 6px;'>ตอ1</td></tr><tr><td style='padding:3px 6px; font-weight:bold; background-color:#f2f2f2;'>พื้นที่</td><td style='padding:3px 6px;'>4.67</td></tr><tr><td style='padding:3px 6px; font-weight:bold; background-color:#f2f2f2;'>ตันรวม</td><td style='padding:3px 6px;'>42.03</td></tr><tr><td style='padding:3px 6px; font-weight:bold; background-color:#f2f2f2;'>รหัสแปลง</td><td style='padding:3px 6px;'>321301090117</td></tr><tr><td style='padding:3px 6px; font-weight:bold; background-color:#f2f2f2;'>กลุ่ม</td><td style='padding:3px 6px;'>กลุ่ม_71</td></tr></table></div>]]></description>
      <styleUrl>#plotStyle</styleUrl>
      <MultiGeometry><Polygon><outerBoundaryIs><LinearRing><coordinates>103.9738551,14.5159307,0 103.9731695,14.5160193,0 103.9733973,14.5168974,0 103.9740812,14.5168134,0 103.9738551,14.5159307,0</coordinates></LinearRing></outerBoundaryIs></Polygon></MultiGeometry>
    </Placemark>
    <Placemark>
      <name>321301090127</name>
      <description><![CDATA[<div style='font-family:Tahoma,sans-serif; font-size:13px;'><h3 style='color:#1565C0; margin:4px 0;'>รหัสแปลง: 321301090127</h3><p style='margin:2px 0;'><b>กลุ่มคิว:</b> 71_002</p><table border='1' style='border-collapse:collapse; border-color:#ccc; width:100%;'><tr><td style='padding:3px 6px; font-weight:bold; background-color:#f2f2f2;'>รหัสกลุ่มคิว</td><td style='padding:3px 6px;'>71/002</td></tr><tr><td style='padding:3px 6px; font-weight:bold; background-color:#f2f2f2;'>รหัสรับเหมา</td><td style='padding:3px 6px;'>738889</td></tr><tr><td style='padding:3px 6px; font-weight:bold; background-color:#f2f2f2;'>ชื่อ-สกุล รับเหมา</td><td style='padding:3px 6px;'>รถตัดโรงงานเบอร์ 24</td></tr><tr><td style='padding:3px 6px; font-weight:bold; background-color:#f2f2f2;'>นักเกษตร</td><td style='padding:3px 6px;'>7101</td></tr><tr><td style='padding:3px 6px; font-weight:bold; background-color:#f2f2f2;'>ศูนย์</td><td style='padding:3px 6px;'>K2-71</td></tr><tr><td style='padding:3px 6px; font-weight:bold; background-color:#f2f2f2;'>โควตา</td><td style='padding:3px 6px;'>773504</td></tr><tr><td style='padding:3px 6px; font-weight:bold; background-color:#f2f2f2;'>ชาวไร่</td><td style='padding:3px 6px;'>นาง สมพร วาหะมงคล</td></tr><tr><td style='padding:3px 6px; font-weight:bold; background-color:#f2f2f2;'>ประเภทอ้อย</td><td style='padding:3px 6px;'>ตอ1</td></tr><tr><td style='padding:3px 6px; font-weight:bold; background-color:#f2f2f2;'>พื้นที่</td><td style='padding:3px 6px;'>5.22</td></tr><tr><td style='padding:3px 6px; font-weight:bold; background-color:#f2f2f2;'>ตันรวม</td><td style='padding:3px 6px;'>46.98</td></tr><tr><td style='padding:3px 6px; font-weight:bold; background-color:#f2f2f2;'>รหัสแปลง</td><td style='padding:3px 6px;'>321301090127</td></tr><tr><td style='padding:3px 6px; font-weight:bold; background-color:#f2f2f2;'>กลุ่ม</td><td style='padding:3px 6px;'>กลุ่ม_71</td></tr></table></div>]]></description>
      <styleUrl>#plotStyle</styleUrl>
      <MultiGeometry><Polygon><outerBoundaryIs><LinearRing><coordinates>103.9859373,14.5140171,0 103.9857687,14.5129281,0 103.9855857,14.5116241,0 103.9852869,14.5117082,0 103.9856801,14.5141306,0 103.9859373,14.5140171,0</coordinates></LinearRing></outerBoundaryIs></Polygon></MultiGeometry>
    </Placemark>
    <Placemark>
      <name>321301091516</name>
      <description><![CDATA[<div style='font-family:Tahoma,sans-serif; font-size:13px;'><h3 style='color:#1565C0; margin:4px 0;'>รหัสแปลง: 321301091516</h3><p style='margin:2px 0;'><b>กลุ่มคิว:</b> 71_002</p><table border='1' style='border-collapse:collapse; border-color:#ccc; width:100%;'><tr><td style='padding:3px 6px; font-weight:bold; background-color:#f2f2f2;'>รหัสกลุ่มคิว</td><td style='padding:3px 6px;'>71/002</td></tr><tr><td style='padding:3px 6px; font-weight:bold; background-color:#f2f2f2;'>รหัสรับเหมา</td><td style='padding:3px 6px;'>738889</td></tr><tr><td style='padding:3px 6px; font-weight:bold; background-color:#f2f2f2;'>ชื่อ-สกุล รับเหมา</td><td style='padding:3px 6px;'>รถตัดโรงงานเบอร์ 24</td></tr><tr><td style='padding:3px 6px; font-weight:bold; background-color:#f2f2f2;'>นักเกษตร</td><td style='padding:3px 6px;'>7101</td></tr><tr><td style='padding:3px 6px; font-weight:bold; background-color:#f2f2f2;'>ศูนย์</td><td style='padding:3px 6px;'>K2-71</td></tr><tr><td style='padding:3px 6px; font-weight:bold; background-color:#f2f2f2;'>โควตา</td><td style='padding:3px 6px;'>774175</td></tr><tr><td style='padding:3px 6px; font-weight:bold; background-color:#f2f2f2;'>ชาวไร่</td><td style='padding:3px 6px;'>นางสาว มนตรา บุญสระรัมย์</td></tr><tr><td style='padding:3px 6px; font-weight:bold; background-color:#f2f2f2;'>ประเภทอ้อย</td><td style='padding:3px 6px;'>ปลายฝน</td></tr><tr><td style='padding:3px 6px; font-weight:bold; background-color:#f2f2f2;'>พื้นที่</td><td style='padding:3px 6px;'>5.22</td></tr><tr><td style='padding:3px 6px; font-weight:bold; background-color:#f2f2f2;'>ตันรวม</td><td style='padding:3px 6px;'>67.86</td></tr><tr><td style='padding:3px 6px; font-weight:bold; background-color:#f2f2f2;'>รหัสแปลง</td><td style='padding:3px 6px;'>321301091516</td></tr><tr><td style='padding:3px 6px; font-weight:bold; background-color:#f2f2f2;'>กลุ่ม</td><td style='padding:3px 6px;'>กลุ่ม_71</td></tr></table></div>]]></description>
      <styleUrl>#plotStyle</styleUrl>
      <MultiGeometry><Polygon><outerBoundaryIs><LinearRing><coordinates>103.9789076,14.5153138,0 103.9791531,14.5152402,0 103.9784723,14.5124078,0 103.9782592,14.5124686,0 103.9789076,14.5153138,0</coordinates></LinearRing></outerBoundaryIs></Polygon></MultiGeometry>
    </Placemark>
    <Placemark>
      <name>321301091519</name>
      <description><![CDATA[<div style='font-family:Tahoma,sans-serif; font-size:13px;'><h3 style='color:#1565C0; margin:4px 0;'>รหัสแปลง: 321301091519</h3><p style='margin:2px 0;'><b>กลุ่มคิว:</b> 71_002</p><table border='1' style='border-collapse:collapse; border-color:#ccc; width:100%;'><tr><td style='padding:3px 6px; font-weight:bold; background-color:#f2f2f2;'>รหัสกลุ่มคิว</td><td style='padding:3px 6px;'>71/002</td></tr><tr><td style='padding:3px 6px; font-weight:bold; background-color:#f2f2f2;'>รหัสรับเหมา</td><td style='padding:3px 6px;'>738889</td></tr><tr><td style='padding:3px 6px; font-weight:bold; background-color:#f2f2f2;'>ชื่อ-สกุล รับเหมา</td><td style='padding:3px 6px;'>รถตัดโรงงานเบอร์ 24</td></tr><tr><td style='padding:3px 6px; font-weight:bold; background-color:#f2f2f2;'>นักเกษตร</td><td style='padding:3px 6px;'>7101</td></tr><tr><td style='padding:3px 6px; font-weight:bold; background-color:#f2f2f2;'>ศูนย์</td><td style='padding:3px 6px;'>K2-71</td></tr><tr><td style='padding:3px 6px; font-weight:bold; background-color:#f2f2f2;'>โควตา</td><td style='padding:3px 6px;'>770911</td></tr><tr><td style='padding:3px 6px; font-weight:bold; background-color:#f2f2f2;'>ชาวไร่</td><td style='padding:3px 6px;'>นาง สม ม่วงละออ</td></tr><tr><td style='padding:3px 6px; font-weight:bold; background-color:#f2f2f2;'>ประเภทอ้อย</td><td style='padding:3px 6px;'>ปลายฝน</td></tr><tr><td style='padding:3px 6px; font-weight:bold; background-color:#f2f2f2;'>พื้นที่</td><td style='padding:3px 6px;'>5.27</td></tr><tr><td style='padding:3px 6px; font-weight:bold; background-color:#f2f2f2;'>ตันรวม</td><td style='padding:3px 6px;'>68.51</td></tr><tr><td style='padding:3px 6px; font-weight:bold; background-color:#f2f2f2;'>รหัสแปลง</td><td style='padding:3px 6px;'>321301091519</td></tr><tr><td style='padding:3px 6px; font-weight:bold; background-color:#f2f2f2;'>กลุ่ม</td><td style='padding:3px 6px;'>กลุ่ม_71</td></tr></table></div>]]></description>
      <styleUrl>#plotStyle</styleUrl>
      <MultiGeometry><Polygon><outerBoundaryIs><LinearRing><coordinates>103.9723339,14.5226358,0 103.9723617,14.5218850,0 103.9714384,14.5218852,0 103.9714410,14.5226832,0 103.9723339,14.5226358,0</coordinates></LinearRing></outerBoundaryIs></Polygon></MultiGeometry>
    </Placemark>
    <Placemark>
      <name>321301111065</name>
      <description><![CDATA[<div style='font-family:Tahoma,sans-serif; font-size:13px;'><h3 style='color:#1565C0; margin:4px 0;'>รหัสแปลง: 321301111065</h3><p style='margin:2px 0;'><b>กลุ่มคิว:</b> 71_002</p><table border='1' style='border-collapse:collapse; border-color:#ccc; width:100%;'><tr><td style='padding:3px 6px; font-weight:bold; background-color:#f2f2f2;'>รหัสกลุ่มคิว</td><td style='padding:3px 6px;'>71/002</td></tr><tr><td style='padding:3px 6px; font-weight:bold; background-color:#f2f2f2;'>รหัสรับเหมา</td><td style='padding:3px 6px;'>738889</td></tr><tr><td style='padding:3px 6px; font-weight:bold; background-color:#f2f2f2;'>ชื่อ-สกุล รับเหมา</td><td style='padding:3px 6px;'>รถตัดโรงงานเบอร์ 24</td></tr><tr><td style='padding:3px 6px; font-weight:bold; background-color:#f2f2f2;'>นักเกษตร</td><td style='padding:3px 6px;'>7101</td></tr><tr><td style='padding:3px 6px; font-weight:bold; background-color:#f2f2f2;'>ศูนย์</td><td style='padding:3px 6px;'>K2-71</td></tr><tr><td style='padding:3px 6px; font-weight:bold; background-color:#f2f2f2;'>โควตา</td><td style='padding:3px 6px;'>773721</td></tr><tr><td style='padding:3px 6px; font-weight:bold; background-color:#f2f2f2;'>ชาวไร่</td><td style='padding:3px 6px;'>นางสาว ณัฐรินีย์ มั่นใจ</td></tr><tr><td style='padding:3px 6px; font-weight:bold; background-color:#f2f2f2;'>ประเภทอ้อย</td><td style='padding:3px 6px;'>ตอ1</td></tr><tr><td style='padding:3px 6px; font-weight:bold; background-color:#f2f2f2;'>พื้นที่</td><td style='padding:3px 6px;'>6.31</td></tr><tr><td style='padding:3px 6px; font-weight:bold; background-color:#f2f2f2;'>ตันรวม</td><td style='padding:3px 6px;'>56.79</td></tr><tr><td style='padding:3px 6px; font-weight:bold; background-color:#f2f2f2;'>รหัสแปลง</td><td style='padding:3px 6px;'>321301111065</td></tr><tr><td style='padding:3px 6px; font-weight:bold; background-color:#f2f2f2;'>กลุ่ม</td><td style='padding:3px 6px;'>กลุ่ม_71</td></tr></table></div>]]></description>
      <styleUrl>#plotStyle</styleUrl>
      <MultiGeometry><Polygon><outerBoundaryIs><LinearRing><coordinates>103.9108800,14.5306467,0 103.9108300,14.5304850,0 103.9108083,14.5303983,0 103.9108283,14.5302733,0 103.9108267,14.5301900,0 103.9108217,14.5301300,0 103.9108000,14.5300383,0 103.9107617,14.5299600,0 103.9107100,14.5298817,0 103.9102900,14.5299017,0 103.9100467,14.5298967,0 103.9099633,14.5298933,0 103.9097400,14.5298450,0 103.9095367,14.5298050,0 103.9092600,14.5297433,0 103.9092250,14.5301550,0 103.9108800,14.5306467,0</coordinates></LinearRing></outerBoundaryIs></Polygon></MultiGeometry>
    </Placemark>
    <Placemark>
      <name>321301111529</name>
      <description><![CDATA[<div style='font-family:Tahoma,sans-serif; font-size:13px;'><h3 style='color:#1565C0; margin:4px 0;'>รหัสแปลง: 321301111529</h3><p style='margin:2px 0;'><b>กลุ่มคิว:</b> 71_002</p><table border='1' style='border-collapse:collapse; border-color:#ccc; width:100%;'><tr><td style='padding:3px 6px; font-weight:bold; background-color:#f2f2f2;'>รหัสกลุ่มคิว</td><td style='padding:3px 6px;'>71/002</td></tr><tr><td style='padding:3px 6px; font-weight:bold; background-color:#f2f2f2;'>รหัสรับเหมา</td><td style='padding:3px 6px;'>738889</td></tr><tr><td style='padding:3px 6px; font-weight:bold; background-color:#f2f2f2;'>ชื่อ-สกุล รับเหมา</td><td style='padding:3px 6px;'>รถตัดโรงงานเบอร์ 24</td></tr><tr><td style='padding:3px 6px; font-weight:bold; background-color:#f2f2f2;'>นักเกษตร</td><td style='padding:3px 6px;'>7101</td></tr><tr><td style='padding:3px 6px; font-weight:bold; background-color:#f2f2f2;'>ศูนย์</td><td style='padding:3px 6px;'>K2-71</td></tr><tr><td style='padding:3px 6px; font-weight:bold; background-color:#f2f2f2;'>โควตา</td><td style='padding:3px 6px;'>773478</td></tr><tr><td style='padding:3px 6px; font-weight:bold; background-color:#f2f2f2;'>ชาวไร่</td><td style='padding:3px 6px;'>นาย สมรอบ ที่ดี</td></tr><tr><td style='padding:3px 6px; font-weight:bold; background-color:#f2f2f2;'>ประเภทอ้อย</td><td style='padding:3px 6px;'>ปลายฝน</td></tr><tr><td style='padding:3px 6px; font-weight:bold; background-color:#f2f2f2;'>พื้นที่</td><td style='padding:3px 6px;'>4.29</td></tr><tr><td style='padding:3px 6px; font-weight:bold; background-color:#f2f2f2;'>ตันรวม</td><td style='padding:3px 6px;'>55.77</td></tr><tr><td style='padding:3px 6px; font-weight:bold; background-color:#f2f2f2;'>รหัสแปลง</td><td style='padding:3px 6px;'>321301111529</td></tr><tr><td style='padding:3px 6px; font-weight:bold; background-color:#f2f2f2;'>กลุ่ม</td><td style='padding:3px 6px;'>กลุ่ม_71</td></tr></table></div>]]></description>
      <styleUrl>#plotStyle</styleUrl>
      <MultiGeometry><Polygon><outerBoundaryIs><LinearRing><coordinates>103.8960533,14.5313983,0 103.8963167,14.5319533,0 103.8965417,14.5319233,0 103.8965867,14.5320150,0 103.8970750,14.5316967,0 103.8967167,14.5310433,0 103.8960533,14.5313983,0</coordinates></LinearRing></outerBoundaryIs></Polygon></MultiGeometry>
    </Placemark>
    <Placemark>
      <name>321301111598</name>
      <description><![CDATA[<div style='font-family:Tahoma,sans-serif; font-size:13px;'><h3 style='color:#1565C0; margin:4px 0;'>รหัสแปลง: 321301111598</h3><p style='margin:2px 0;'><b>กลุ่มคิว:</b> 71_002</p><table border='1' style='border-collapse:collapse; border-color:#ccc; width:100%;'><tr><td style='padding:3px 6px; font-weight:bold; background-color:#f2f2f2;'>รหัสกลุ่มคิว</td><td style='padding:3px 6px;'>71/002</td></tr><tr><td style='padding:3px 6px; font-weight:bold; background-color:#f2f2f2;'>รหัสรับเหมา</td><td style='padding:3px 6px;'>738889</td></tr><tr><td style='padding:3px 6px; font-weight:bold; background-color:#f2f2f2;'>ชื่อ-สกุล รับเหมา</td><td style='padding:3px 6px;'>รถตัดโรงงานเบอร์ 24</td></tr><tr><td style='padding:3px 6px; font-weight:bold; background-color:#f2f2f2;'>นักเกษตร</td><td style='padding:3px 6px;'>7101</td></tr><tr><td style='padding:3px 6px; font-weight:bold; background-color:#f2f2f2;'>ศูนย์</td><td style='padding:3px 6px;'>K2-71</td></tr><tr><td style='padding:3px 6px; font-weight:bold; background-color:#f2f2f2;'>โควตา</td><td style='padding:3px 6px;'>771005</td></tr><tr><td style='padding:3px 6px; font-weight:bold; background-color:#f2f2f2;'>ชาวไร่</td><td style='padding:3px 6px;'>นาย สุรินทร์ สายกระสุน</td></tr><tr><td style='padding:3px 6px; font-weight:bold; background-color:#f2f2f2;'>ประเภทอ้อย</td><td style='padding:3px 6px;'>ตอ1</td></tr><tr><td style='padding:3px 6px; font-weight:bold; background-color:#f2f2f2;'>พื้นที่</td><td style='padding:3px 6px;'>9.69</td></tr><tr><td style='padding:3px 6px; font-weight:bold; background-color:#f2f2f2;'>ตันรวม</td><td style='padding:3px 6px;'>87.21</td></tr><tr><td style='padding:3px 6px; font-weight:bold; background-color:#f2f2f2;'>รหัสแปลง</td><td style='padding:3px 6px;'>321301111598</td></tr><tr><td style='padding:3px 6px; font-weight:bold; background-color:#f2f2f2;'>กลุ่ม</td><td style='padding:3px 6px;'>กลุ่ม_71</td></tr></table></div>]]></description>
      <styleUrl>#plotStyle</styleUrl>
      <MultiGeometry><Polygon><outerBoundaryIs><LinearRing><coordinates>103.9292600,14.5539433,0 103.9289033,14.5531583,0 103.9287933,14.5531667,0 103.9287383,14.5530017,0 103.9277167,14.5532467,0 103.9280233,14.5543183,0 103.9292600,14.5539433,0</coordinates></LinearRing></outerBoundaryIs></Polygon></MultiGeometry>
    </Placemark>
    <Placemark>
      <name>321302050227</name>
      <description><![CDATA[<div style='font-family:Tahoma,sans-serif; font-size:13px;'><h3 style='color:#1565C0; margin:4px 0;'>รหัสแปลง: 321302050227</h3><p style='margin:2px 0;'><b>กลุ่มคิว:</b> 71_002</p><table border='1' style='border-collapse:collapse; border-color:#ccc; width:100%;'><tr><td style='padding:3px 6px; font-weight:bold; background-color:#f2f2f2;'>รหัสกลุ่มคิว</td><td style='padding:3px 6px;'>71/002</td></tr><tr><td style='padding:3px 6px; font-weight:bold; background-color:#f2f2f2;'>รหัสรับเหมา</td><td style='padding:3px 6px;'>738889</td></tr><tr><td style='padding:3px 6px; font-weight:bold; background-color:#f2f2f2;'>ชื่อ-สกุล รับเหมา</td><td style='padding:3px 6px;'>รถตัดโรงงานเบอร์ 24</td></tr><tr><td style='padding:3px 6px; font-weight:bold; background-color:#f2f2f2;'>นักเกษตร</td><td style='padding:3px 6px;'>7101</td></tr><tr><td style='padding:3px 6px; font-weight:bold; background-color:#f2f2f2;'>ศูนย์</td><td style='padding:3px 6px;'>K2-71</td></tr><tr><td style='padding:3px 6px; font-weight:bold; background-color:#f2f2f2;'>โควตา</td><td style='padding:3px 6px;'>774159</td></tr><tr><td style='padding:3px 6px; font-weight:bold; background-color:#f2f2f2;'>ชาวไร่</td><td style='padding:3px 6px;'>นาย นิคม คำเสมอ</td></tr><tr><td style='padding:3px 6px; font-weight:bold; background-color:#f2f2f2;'>ประเภทอ้อย</td><td style='padding:3px 6px;'>ปลายฝน</td></tr><tr><td style='padding:3px 6px; font-weight:bold; background-color:#f2f2f2;'>พื้นที่</td><td style='padding:3px 6px;'>4.43</td></tr><tr><td style='padding:3px 6px; font-weight:bold; background-color:#f2f2f2;'>ตันรวม</td><td style='padding:3px 6px;'>57.59</td></tr><tr><td style='padding:3px 6px; font-weight:bold; background-color:#f2f2f2;'>รหัสแปลง</td><td style='padding:3px 6px;'>321302050227</td></tr><tr><td style='padding:3px 6px; font-weight:bold; background-color:#f2f2f2;'>กลุ่ม</td><td style='padding:3px 6px;'>กลุ่ม_71</td></tr></table></div>]]></description>
      <styleUrl>#plotStyle</styleUrl>
      <MultiGeometry><Polygon><outerBoundaryIs><LinearRing><coordinates>103.9937945,14.5040239,0 103.9939687,14.5039635,0 103.9941248,14.5044575,0 103.9947475,14.5040658,0 103.9946861,14.5036463,0 103.9942434,14.5038930,0 103.9941040,14.5034961,0 103.9939791,14.5034468,0 103.9939845,14.5034016,0 103.9939233,14.5033656,0 103.9938384,14.5033699,0 103.9938006,14.5032178,0 103.9936536,14.5032457,0 103.9937945,14.5040239,0</coordinates></LinearRing></outerBoundaryIs></Polygon></MultiGeometry>
    </Placemark>
    <Placemark>
      <name>321304011507</name>
      <description><![CDATA[<div style='font-family:Tahoma,sans-serif; font-size:13px;'><h3 style='color:#1565C0; margin:4px 0;'>รหัสแปลง: 321304011507</h3><p style='margin:2px 0;'><b>กลุ่มคิว:</b> 71_002</p><table border='1' style='border-collapse:collapse; border-color:#ccc; width:100%;'><tr><td style='padding:3px 6px; font-weight:bold; background-color:#f2f2f2;'>รหัสกลุ่มคิว</td><td style='padding:3px 6px;'>71/002</td></tr><tr><td style='padding:3px 6px; font-weight:bold; background-color:#f2f2f2;'>รหัสรับเหมา</td><td style='padding:3px 6px;'>738889</td></tr><tr><td style='padding:3px 6px; font-weight:bold; background-color:#f2f2f2;'>ชื่อ-สกุล รับเหมา</td><td style='padding:3px 6px;'>รถตัดโรงงานเบอร์ 24</td></tr><tr><td style='padding:3px 6px; font-weight:bold; background-color:#f2f2f2;'>นักเกษตร</td><td style='padding:3px 6px;'>7101</td></tr><tr><td style='padding:3px 6px; font-weight:bold; background-color:#f2f2f2;'>ศูนย์</td><td style='padding:3px 6px;'>K2-71</td></tr><tr><td style='padding:3px 6px; font-weight:bold; background-color:#f2f2f2;'>โควตา</td><td style='padding:3px 6px;'>774164</td></tr><tr><td style='padding:3px 6px; font-weight:bold; background-color:#f2f2f2;'>ชาวไร่</td><td style='padding:3px 6px;'>นาง สุวรรณจิตร ชุ่มมาก</td></tr><tr><td style='padding:3px 6px; font-weight:bold; background-color:#f2f2f2;'>ประเภทอ้อย</td><td style='padding:3px 6px;'>ปลายฝน</td></tr><tr><td style='padding:3px 6px; font-weight:bold; background-color:#f2f2f2;'>พื้นที่</td><td style='padding:3px 6px;'>2.91</td></tr><tr><td style='padding:3px 6px; font-weight:bold; background-color:#f2f2f2;'>ตันรวม</td><td style='padding:3px 6px;'>37.83</td></tr><tr><td style='padding:3px 6px; font-weight:bold; background-color:#f2f2f2;'>รหัสแปลง</td><td style='padding:3px 6px;'>321304011507</td></tr><tr><td style='padding:3px 6px; font-weight:bold; background-color:#f2f2f2;'>กลุ่ม</td><td style='padding:3px 6px;'>กลุ่ม_71</td></tr></table></div>]]></description>
      <styleUrl>#plotStyle</styleUrl>
      <MultiGeometry><Polygon><outerBoundaryIs><LinearRing><coordinates>103.9933507,14.5830204,0 103.9937351,14.5841747,0 103.9940724,14.5840002,0 103.9936026,14.5829185,0 103.9933507,14.5830204,0</coordinates></LinearRing></outerBoundaryIs></Polygon></MultiGeometry>
    </Placemark>
    <Placemark>
      <name>321306061515</name>
      <description><![CDATA[<div style='font-family:Tahoma,sans-serif; font-size:13px;'><h3 style='color:#1565C0; margin:4px 0;'>รหัสแปลง: 321306061515</h3><p style='margin:2px 0;'><b>กลุ่มคิว:</b> 71_002</p><table border='1' style='border-collapse:collapse; border-color:#ccc; width:100%;'><tr><td style='padding:3px 6px; font-weight:bold; background-color:#f2f2f2;'>รหัสกลุ่มคิว</td><td style='padding:3px 6px;'>71/002</td></tr><tr><td style='padding:3px 6px; font-weight:bold; background-color:#f2f2f2;'>รหัสรับเหมา</td><td style='padding:3px 6px;'>738889</td></tr><tr><td style='padding:3px 6px; font-weight:bold; background-color:#f2f2f2;'>ชื่อ-สกุล รับเหมา</td><td style='padding:3px 6px;'>รถตัดโรงงานเบอร์ 24</td></tr><tr><td style='padding:3px 6px; font-weight:bold; background-color:#f2f2f2;'>นักเกษตร</td><td style='padding:3px 6px;'>7101</td></tr><tr><td style='padding:3px 6px; font-weight:bold; background-color:#f2f2f2;'>ศูนย์</td><td style='padding:3px 6px;'>K2-71</td></tr><tr><td style='padding:3px 6px; font-weight:bold; background-color:#f2f2f2;'>โควตา</td><td style='padding:3px 6px;'>774171</td></tr><tr><td style='padding:3px 6px; font-weight:bold; background-color:#f2f2f2;'>ชาวไร่</td><td style='padding:3px 6px;'>นางสาว สุระนา ดีมาก</td></tr><tr><td style='padding:3px 6px; font-weight:bold; background-color:#f2f2f2;'>ประเภทอ้อย</td><td style='padding:3px 6px;'>ตอ1</td></tr><tr><td style='padding:3px 6px; font-weight:bold; background-color:#f2f2f2;'>พื้นที่</td><td style='padding:3px 6px;'>6.89</td></tr><tr><td style='padding:3px 6px; font-weight:bold; background-color:#f2f2f2;'>ตันรวม</td><td style='padding:3px 6px;'>62.01</td></tr><tr><td style='padding:3px 6px; font-weight:bold; background-color:#f2f2f2;'>รหัสแปลง</td><td style='padding:3px 6px;'>321306061515</td></tr><tr><td style='padding:3px 6px; font-weight:bold; background-color:#f2f2f2;'>กลุ่ม</td><td style='padding:3px 6px;'>กลุ่ม_71</td></tr></table></div>]]></description>
      <styleUrl>#plotStyle</styleUrl>
      <MultiGeometry><Polygon><outerBoundaryIs><LinearRing><coordinates>103.9484023,14.5504641,0 103.9486075,14.5510001,0 103.9495396,14.5508025,0 103.9490932,14.5497720,0 103.9488149,14.5498656,0 103.9488535,14.5499624,0 103.9485403,14.5500825,0 103.9484708,14.5499811,0 103.9483211,14.5500314,0 103.9484023,14.5504641,0</coordinates></LinearRing></outerBoundaryIs></Polygon></MultiGeometry>
    </Placemark>
    <Placemark>
      <name>321306070093</name>
      <description><![CDATA[<div style='font-family:Tahoma,sans-serif; font-size:13px;'><h3 style='color:#1565C0; margin:4px 0;'>รหัสแปลง: 321306070093</h3><p style='margin:2px 0;'><b>กลุ่มคิว:</b> 71_002</p><table border='1' style='border-collapse:collapse; border-color:#ccc; width:100%;'><tr><td style='padding:3px 6px; font-weight:bold; background-color:#f2f2f2;'>รหัสกลุ่มคิว</td><td style='padding:3px 6px;'>71/002</td></tr><tr><td style='padding:3px 6px; font-weight:bold; background-color:#f2f2f2;'>รหัสรับเหมา</td><td style='padding:3px 6px;'>738889</td></tr><tr><td style='padding:3px 6px; font-weight:bold; background-color:#f2f2f2;'>ชื่อ-สกุล รับเหมา</td><td style='padding:3px 6px;'>รถตัดโรงงานเบอร์ 24</td></tr><tr><td style='padding:3px 6px; font-weight:bold; background-color:#f2f2f2;'>นักเกษตร</td><td style='padding:3px 6px;'>7101</td></tr><tr><td style='padding:3px 6px; font-weight:bold; background-color:#f2f2f2;'>ศูนย์</td><td style='padding:3px 6px;'>K2-71</td></tr><tr><td style='padding:3px 6px; font-weight:bold; background-color:#f2f2f2;'>โควตา</td><td style='padding:3px 6px;'>773567</td></tr><tr><td style='padding:3px 6px; font-weight:bold; background-color:#f2f2f2;'>ชาวไร่</td><td style='padding:3px 6px;'>นาง จำปี ตระกูลเชียงแก้ว</td></tr><tr><td style='padding:3px 6px; font-weight:bold; background-color:#f2f2f2;'>ประเภทอ้อย</td><td style='padding:3px 6px;'>ปลายฝน</td></tr><tr><td style='padding:3px 6px; font-weight:bold; background-color:#f2f2f2;'>พื้นที่</td><td style='padding:3px 6px;'>6.87</td></tr><tr><td style='padding:3px 6px; font-weight:bold; background-color:#f2f2f2;'>ตันรวม</td><td style='padding:3px 6px;'>89.31</td></tr><tr><td style='padding:3px 6px; font-weight:bold; background-color:#f2f2f2;'>รหัสแปลง</td><td style='padding:3px 6px;'>321306070093</td></tr><tr><td style='padding:3px 6px; font-weight:bold; background-color:#f2f2f2;'>กลุ่ม</td><td style='padding:3px 6px;'>กลุ่ม_71</td></tr></table></div>]]></description>
      <styleUrl>#plotStyle</styleUrl>
      <MultiGeometry><Polygon><outerBoundaryIs><LinearRing><coordinates>103.9655494,14.5845531,0 103.9655728,14.5842976,0 103.9655057,14.5841677,0 103.9655476,14.5840886,0 103.9655072,14.5840020,0 103.9654916,14.5839153,0 103.9655433,14.5839441,0 103.9651600,14.5831109,0 103.9646928,14.5834157,0 103.9646559,14.5834565,0 103.9647731,14.5837281,0 103.9651425,14.5845347,0 103.9653633,14.5848159,0 103.9653813,14.5848483,0 103.9654578,14.5848426,0 103.9654933,14.5848368,0 103.9656060,14.5845948,0 103.9655608,14.5845762,0 103.9655494,14.5845531,0</coordinates></LinearRing></outerBoundaryIs></Polygon></MultiGeometry>
    </Placemark>
    <Placemark>
      <name>321006010049</name>
      <description><![CDATA[<div style='font-family:Tahoma,sans-serif; font-size:13px;'><h3 style='color:#1565C0; margin:4px 0;'>รหัสแปลง: 321006010049</h3><p style='margin:2px 0;'><b>กลุ่มคิว:</b> 71_002</p><table border='1' style='border-collapse:collapse; border-color:#ccc; width:100%;'><tr><td style='padding:3px 6px; font-weight:bold; background-color:#f2f2f2;'>รหัสกลุ่มคิว</td><td style='padding:3px 6px;'>71/002</td></tr><tr><td style='padding:3px 6px; font-weight:bold; background-color:#f2f2f2;'>รหัสรับเหมา</td><td style='padding:3px 6px;'>738889</td></tr><tr><td style='padding:3px 6px; font-weight:bold; background-color:#f2f2f2;'>ชื่อ-สกุล รับเหมา</td><td style='padding:3px 6px;'>รถตัดโรงงานเบอร์ 24</td></tr><tr><td style='padding:3px 6px; font-weight:bold; background-color:#f2f2f2;'>นักเกษตร</td><td style='padding:3px 6px;'>7101</td></tr><tr><td style='padding:3px 6px; font-weight:bold; background-color:#f2f2f2;'>ศูนย์</td><td style='padding:3px 6px;'>K2-71</td></tr><tr><td style='padding:3px 6px; font-weight:bold; background-color:#f2f2f2;'>โควตา</td><td style='padding:3px 6px;'>770278</td></tr><tr><td style='padding:3px 6px; font-weight:bold; background-color:#f2f2f2;'>ชาวไร่</td><td style='padding:3px 6px;'>นาย สนิ เสียงสนั่น</td></tr><tr><td style='padding:3px 6px; font-weight:bold; background-color:#f2f2f2;'>ประเภทอ้อย</td><td style='padding:3px 6px;'>ตอ1</td></tr><tr><td style='padding:3px 6px; font-weight:bold; background-color:#f2f2f2;'>พื้นที่</td><td style='padding:3px 6px;'>6.18</td></tr><tr><td style='padding:3px 6px; font-weight:bold; background-color:#f2f2f2;'>ตันรวม</td><td style='padding:3px 6px;'>55.62</td></tr><tr><td style='padding:3px 6px; font-weight:bold; background-color:#f2f2f2;'>รหัสแปลง</td><td style='padding:3px 6px;'>321006010049</td></tr><tr><td style='padding:3px 6px; font-weight:bold; background-color:#f2f2f2;'>กลุ่ม</td><td style='padding:3px 6px;'>กลุ่ม_71</td></tr></table></div>]]></description>
      <styleUrl>#plotStyle</styleUrl>
      <MultiGeometry><Polygon><outerBoundaryIs><LinearRing><coordinates>103.8897785,14.5661969,0 103.8897676,14.5662488,0 103.8896067,14.5662626,0 103.8895880,14.5668871,0 103.8909172,14.5667818,0 103.8909421,14.5662199,0 103.8897785,14.5661969,0</coordinates></LinearRing></outerBoundaryIs></Polygon></MultiGeometry>
    </Placemark>
    <Placemark>
      <name>321301081519</name>
      <description><![CDATA[<div style='font-family:Tahoma,sans-serif; font-size:13px;'><h3 style='color:#1565C0; margin:4px 0;'>รหัสแปลง: 321301081519</h3><p style='margin:2px 0;'><b>กลุ่มคิว:</b> 71_002</p><table border='1' style='border-collapse:collapse; border-color:#ccc; width:100%;'><tr><td style='padding:3px 6px; font-weight:bold; background-color:#f2f2f2;'>รหัสกลุ่มคิว</td><td style='padding:3px 6px;'>71/002</td></tr><tr><td style='padding:3px 6px; font-weight:bold; background-color:#f2f2f2;'>รหัสรับเหมา</td><td style='padding:3px 6px;'>738889</td></tr><tr><td style='padding:3px 6px; font-weight:bold; background-color:#f2f2f2;'>ชื่อ-สกุล รับเหมา</td><td style='padding:3px 6px;'>รถตัดโรงงานเบอร์ 24</td></tr><tr><td style='padding:3px 6px; font-weight:bold; background-color:#f2f2f2;'>นักเกษตร</td><td style='padding:3px 6px;'>7101</td></tr><tr><td style='padding:3px 6px; font-weight:bold; background-color:#f2f2f2;'>ศูนย์</td><td style='padding:3px 6px;'>K2-71</td></tr><tr><td style='padding:3px 6px; font-weight:bold; background-color:#f2f2f2;'>โควตา</td><td style='padding:3px 6px;'>773715</td></tr><tr><td style='padding:3px 6px; font-weight:bold; background-color:#f2f2f2;'>ชาวไร่</td><td style='padding:3px 6px;'>นาง เพชรลดา มณีตา</td></tr><tr><td style='padding:3px 6px; font-weight:bold; background-color:#f2f2f2;'>ประเภทอ้อย</td><td style='padding:3px 6px;'>ปลายฝน</td></tr><tr><td style='padding:3px 6px; font-weight:bold; background-color:#f2f2f2;'>พื้นที่</td><td style='padding:3px 6px;'>10.52</td></tr><tr><td style='padding:3px 6px; font-weight:bold; background-color:#f2f2f2;'>ตันรวม</td><td style='padding:3px 6px;'>136.76</td></tr><tr><td style='padding:3px 6px; font-weight:bold; background-color:#f2f2f2;'>รหัสแปลง</td><td style='padding:3px 6px;'>321301081519</td></tr><tr><td style='padding:3px 6px; font-weight:bold; background-color:#f2f2f2;'>กลุ่ม</td><td style='padding:3px 6px;'>กลุ่ม_71</td></tr></table></div>]]></description>
      <styleUrl>#plotStyle</styleUrl>
      <MultiGeometry><Polygon><outerBoundaryIs><LinearRing><coordinates>103.9744659,14.5055645,0 103.9744372,14.5062747,0 103.9744230,14.5066557,0 103.9745978,14.5067147,0 103.9749160,14.5067991,0 103.9752125,14.5069004,0 103.9753577,14.5069643,0 103.9754390,14.5069950,0 103.9755019,14.5070097,0 103.9756538,14.5070234,0 103.9756809,14.5067993,0 103.9756902,14.5065387,0 103.9756664,14.5061815,0 103.9756086,14.5058399,0 103.9744659,14.5055645,0</coordinates></LinearRing></outerBoundaryIs></Polygon></MultiGeometry>
    </Placemark>
    <Placemark>
      <name>321301081521</name>
      <description><![CDATA[<div style='font-family:Tahoma,sans-serif; font-size:13px;'><h3 style='color:#1565C0; margin:4px 0;'>รหัสแปลง: 321301081521</h3><p style='margin:2px 0;'><b>กลุ่มคิว:</b> 71_002</p><table border='1' style='border-collapse:collapse; border-color:#ccc; width:100%;'><tr><td style='padding:3px 6px; font-weight:bold; background-color:#f2f2f2;'>รหัสกลุ่มคิว</td><td style='padding:3px 6px;'>71/002</td></tr><tr><td style='padding:3px 6px; font-weight:bold; background-color:#f2f2f2;'>รหัสรับเหมา</td><td style='padding:3px 6px;'>738889</td></tr><tr><td style='padding:3px 6px; font-weight:bold; background-color:#f2f2f2;'>ชื่อ-สกุล รับเหมา</td><td style='padding:3px 6px;'>รถตัดโรงงานเบอร์ 24</td></tr><tr><td style='padding:3px 6px; font-weight:bold; background-color:#f2f2f2;'>นักเกษตร</td><td style='padding:3px 6px;'>7101</td></tr><tr><td style='padding:3px 6px; font-weight:bold; background-color:#f2f2f2;'>ศูนย์</td><td style='padding:3px 6px;'>K2-71</td></tr><tr><td style='padding:3px 6px; font-weight:bold; background-color:#f2f2f2;'>โควตา</td><td style='padding:3px 6px;'>773019</td></tr><tr><td style='padding:3px 6px; font-weight:bold; background-color:#f2f2f2;'>ชาวไร่</td><td style='padding:3px 6px;'>นาง สี ดวงอินทร์</td></tr><tr><td style='padding:3px 6px; font-weight:bold; background-color:#f2f2f2;'>ประเภทอ้อย</td><td style='padding:3px 6px;'>ปลายฝน</td></tr><tr><td style='padding:3px 6px; font-weight:bold; background-color:#f2f2f2;'>พื้นที่</td><td style='padding:3px 6px;'>4.37</td></tr><tr><td style='padding:3px 6px; font-weight:bold; background-color:#f2f2f2;'>ตันรวม</td><td style='padding:3px 6px;'>56.81</td></tr><tr><td style='padding:3px 6px; font-weight:bold; background-color:#f2f2f2;'>รหัสแปลง</td><td style='padding:3px 6px;'>321301081521</td></tr><tr><td style='padding:3px 6px; font-weight:bold; background-color:#f2f2f2;'>กลุ่ม</td><td style='padding:3px 6px;'>กลุ่ม_71</td></tr></table></div>]]></description>
      <styleUrl>#plotStyle</styleUrl>
      <MultiGeometry><Polygon><outerBoundaryIs><LinearRing><coordinates>103.9768310,14.5058464,0 103.9762544,14.5057478,0 103.9764013,14.5071542,0 103.9767243,14.5070286,0 103.9768310,14.5058464,0</coordinates></LinearRing></outerBoundaryIs></Polygon></MultiGeometry>
    </Placemark>
    <Placemark>
      <name>321301081531</name>
      <description><![CDATA[<div style='font-family:Tahoma,sans-serif; font-size:13px;'><h3 style='color:#1565C0; margin:4px 0;'>รหัสแปลง: 321301081531</h3><p style='margin:2px 0;'><b>กลุ่มคิว:</b> 71_002</p><table border='1' style='border-collapse:collapse; border-color:#ccc; width:100%;'><tr><td style='padding:3px 6px; font-weight:bold; background-color:#f2f2f2;'>รหัสกลุ่มคิว</td><td style='padding:3px 6px;'>71/002</td></tr><tr><td style='padding:3px 6px; font-weight:bold; background-color:#f2f2f2;'>รหัสรับเหมา</td><td style='padding:3px 6px;'>738889</td></tr><tr><td style='padding:3px 6px; font-weight:bold; background-color:#f2f2f2;'>ชื่อ-สกุล รับเหมา</td><td style='padding:3px 6px;'>รถตัดโรงงานเบอร์ 24</td></tr><tr><td style='padding:3px 6px; font-weight:bold; background-color:#f2f2f2;'>นักเกษตร</td><td style='padding:3px 6px;'>7101</td></tr><tr><td style='padding:3px 6px; font-weight:bold; background-color:#f2f2f2;'>ศูนย์</td><td style='padding:3px 6px;'>K2-71</td></tr><tr><td style='padding:3px 6px; font-weight:bold; background-color:#f2f2f2;'>โควตา</td><td style='padding:3px 6px;'>771281</td></tr><tr><td style='padding:3px 6px; font-weight:bold; background-color:#f2f2f2;'>ชาวไร่</td><td style='padding:3px 6px;'>น.ส. พัฒนา กล้าแข็ง</td></tr><tr><td style='padding:3px 6px; font-weight:bold; background-color:#f2f2f2;'>ประเภทอ้อย</td><td style='padding:3px 6px;'>ตอ2</td></tr><tr><td style='padding:3px 6px; font-weight:bold; background-color:#f2f2f2;'>พื้นที่</td><td style='padding:3px 6px;'>13.75</td></tr><tr><td style='padding:3px 6px; font-weight:bold; background-color:#f2f2f2;'>ตันรวม</td><td style='padding:3px 6px;'>110.0</td></tr><tr><td style='padding:3px 6px; font-weight:bold; background-color:#f2f2f2;'>รหัสแปลง</td><td style='padding:3px 6px;'>321301081531</td></tr><tr><td style='padding:3px 6px; font-weight:bold; background-color:#f2f2f2;'>กลุ่ม</td><td style='padding:3px 6px;'>กลุ่ม_71</td></tr></table></div>]]></description>
      <styleUrl>#plotStyle</styleUrl>
      <MultiGeometry><Polygon><outerBoundaryIs><LinearRing><coordinates>103.9743846,14.5112510,0 103.9727420,14.5114862,0 103.9729120,14.5127842,0 103.9746703,14.5119679,0 103.9743846,14.5112510,0</coordinates></LinearRing></outerBoundaryIs></Polygon></MultiGeometry>
    </Placemark>
    <Placemark>
      <name>321301121546</name>
      <description><![CDATA[<div style='font-family:Tahoma,sans-serif; font-size:13px;'><h3 style='color:#1565C0; margin:4px 0;'>รหัสแปลง: 321301121546</h3><p style='margin:2px 0;'><b>กลุ่มคิว:</b> 71_002</p><table border='1' style='border-collapse:collapse; border-color:#ccc; width:100%;'><tr><td style='padding:3px 6px; font-weight:bold; background-color:#f2f2f2;'>รหัสกลุ่มคิว</td><td style='padding:3px 6px;'>71/002</td></tr><tr><td style='padding:3px 6px; font-weight:bold; background-color:#f2f2f2;'>รหัสรับเหมา</td><td style='padding:3px 6px;'>738889</td></tr><tr><td style='padding:3px 6px; font-weight:bold; background-color:#f2f2f2;'>ชื่อ-สกุล รับเหมา</td><td style='padding:3px 6px;'>รถตัดโรงงานเบอร์ 24</td></tr><tr><td style='padding:3px 6px; font-weight:bold; background-color:#f2f2f2;'>นักเกษตร</td><td style='padding:3px 6px;'>7101</td></tr><tr><td style='padding:3px 6px; font-weight:bold; background-color:#f2f2f2;'>ศูนย์</td><td style='padding:3px 6px;'>K2-71</td></tr><tr><td style='padding:3px 6px; font-weight:bold; background-color:#f2f2f2;'>โควตา</td><td style='padding:3px 6px;'>770153</td></tr><tr><td style='padding:3px 6px; font-weight:bold; background-color:#f2f2f2;'>ชาวไร่</td><td style='padding:3px 6px;'>นาย สมบัติ แสนดี</td></tr><tr><td style='padding:3px 6px; font-weight:bold; background-color:#f2f2f2;'>ประเภทอ้อย</td><td style='padding:3px 6px;'>ปลายฝน</td></tr><tr><td style='padding:3px 6px; font-weight:bold; background-color:#f2f2f2;'>พื้นที่</td><td style='padding:3px 6px;'>2.62</td></tr><tr><td style='padding:3px 6px; font-weight:bold; background-color:#f2f2f2;'>ตันรวม</td><td style='padding:3px 6px;'>34.06</td></tr><tr><td style='padding:3px 6px; font-weight:bold; background-color:#f2f2f2;'>รหัสแปลง</td><td style='padding:3px 6px;'>321301121546</td></tr><tr><td style='padding:3px 6px; font-weight:bold; background-color:#f2f2f2;'>กลุ่ม</td><td style='padding:3px 6px;'>กลุ่ม_71</td></tr></table></div>]]></description>
      <styleUrl>#plotStyle</styleUrl>
      <MultiGeometry><Polygon><outerBoundaryIs><LinearRing><coordinates>103.9377969,14.5509594,0 103.9378848,14.5524594,0 103.9381160,14.5524499,0 103.9380370,14.5509779,0 103.9377969,14.5509594,0</coordinates></LinearRing></outerBoundaryIs></Polygon></MultiGeometry>
    </Placemark>
    <Placemark>
      <name>321015041521</name>
      <description><![CDATA[<div style='font-family:Tahoma,sans-serif; font-size:13px;'><h3 style='color:#1565C0; margin:4px 0;'>รหัสแปลง: 321015041521</h3><p style='margin:2px 0;'><b>กลุ่มคิว:</b> 71_002</p><table border='1' style='border-collapse:collapse; border-color:#ccc; width:100%;'><tr><td style='padding:3px 6px; font-weight:bold; background-color:#f2f2f2;'>รหัสกลุ่มคิว</td><td style='padding:3px 6px;'>71/002</td></tr><tr><td style='padding:3px 6px; font-weight:bold; background-color:#f2f2f2;'>รหัสรับเหมา</td><td style='padding:3px 6px;'>738889</td></tr><tr><td style='padding:3px 6px; font-weight:bold; background-color:#f2f2f2;'>ชื่อ-สกุล รับเหมา</td><td style='padding:3px 6px;'>รถตัดโรงงานเบอร์ 24</td></tr><tr><td style='padding:3px 6px; font-weight:bold; background-color:#f2f2f2;'>นักเกษตร</td><td style='padding:3px 6px;'>7101</td></tr><tr><td style='padding:3px 6px; font-weight:bold; background-color:#f2f2f2;'>ศูนย์</td><td style='padding:3px 6px;'>K2-71</td></tr><tr><td style='padding:3px 6px; font-weight:bold; background-color:#f2f2f2;'>โควตา</td><td style='padding:3px 6px;'>730441</td></tr><tr><td style='padding:3px 6px; font-weight:bold; background-color:#f2f2f2;'>ชาวไร่</td><td style='padding:3px 6px;'>นาย เด่น เอิบสุข</td></tr><tr><td style='padding:3px 6px; font-weight:bold; background-color:#f2f2f2;'>ประเภทอ้อย</td><td style='padding:3px 6px;'>ปลายฝน</td></tr><tr><td style='padding:3px 6px; font-weight:bold; background-color:#f2f2f2;'>พื้นที่</td><td style='padding:3px 6px;'>9.84</td></tr><tr><td style='padding:3px 6px; font-weight:bold; background-color:#f2f2f2;'>ตันรวม</td><td style='padding:3px 6px;'>127.92</td></tr><tr><td style='padding:3px 6px; font-weight:bold; background-color:#f2f2f2;'>รหัสแปลง</td><td style='padding:3px 6px;'>321015041521</td></tr><tr><td style='padding:3px 6px; font-weight:bold; background-color:#f2f2f2;'>กลุ่ม</td><td style='padding:3px 6px;'>กลุ่ม_71</td></tr></table></div>]]></description>
      <styleUrl>#plotStyle</styleUrl>
      <MultiGeometry><Polygon><outerBoundaryIs><LinearRing><coordinates>103.9151335,14.5924485,0 103.9150458,14.5921431,0 103.9148617,14.5920517,0 103.9148283,14.5919333,0 103.9149336,14.5917524,0 103.9149002,14.5916359,0 103.9132878,14.5920536,0 103.9134478,14.5926337,0 103.9134941,14.5928013,0 103.9151335,14.5924485,0</coordinates></LinearRing></outerBoundaryIs></Polygon></MultiGeometry>
    </Placemark>
    <Placemark>
      <name>321301031534</name>
      <description><![CDATA[<div style='font-family:Tahoma,sans-serif; font-size:13px;'><h3 style='color:#1565C0; margin:4px 0;'>รหัสแปลง: 321301031534</h3><p style='margin:2px 0;'><b>กลุ่มคิว:</b> 71_002</p><table border='1' style='border-collapse:collapse; border-color:#ccc; width:100%;'><tr><td style='padding:3px 6px; font-weight:bold; background-color:#f2f2f2;'>รหัสกลุ่มคิว</td><td style='padding:3px 6px;'>71/002</td></tr><tr><td style='padding:3px 6px; font-weight:bold; background-color:#f2f2f2;'>รหัสรับเหมา</td><td style='padding:3px 6px;'>738889</td></tr><tr><td style='padding:3px 6px; font-weight:bold; background-color:#f2f2f2;'>ชื่อ-สกุล รับเหมา</td><td style='padding:3px 6px;'>รถตัดโรงงานเบอร์ 24</td></tr><tr><td style='padding:3px 6px; font-weight:bold; background-color:#f2f2f2;'>นักเกษตร</td><td style='padding:3px 6px;'>7101</td></tr><tr><td style='padding:3px 6px; font-weight:bold; background-color:#f2f2f2;'>ศูนย์</td><td style='padding:3px 6px;'>K2-71</td></tr><tr><td style='padding:3px 6px; font-weight:bold; background-color:#f2f2f2;'>โควตา</td><td style='padding:3px 6px;'>773742</td></tr><tr><td style='padding:3px 6px; font-weight:bold; background-color:#f2f2f2;'>ชาวไร่</td><td style='padding:3px 6px;'>นาย บุญลือ มาลาศรี</td></tr><tr><td style='padding:3px 6px; font-weight:bold; background-color:#f2f2f2;'>ประเภทอ้อย</td><td style='padding:3px 6px;'>ปลายฝน</td></tr><tr><td style='padding:3px 6px; font-weight:bold; background-color:#f2f2f2;'>พื้นที่</td><td style='padding:3px 6px;'>6.42</td></tr><tr><td style='padding:3px 6px; font-weight:bold; background-color:#f2f2f2;'>ตันรวม</td><td style='padding:3px 6px;'>83.46</td></tr><tr><td style='padding:3px 6px; font-weight:bold; background-color:#f2f2f2;'>รหัสแปลง</td><td style='padding:3px 6px;'>321301031534</td></tr><tr><td style='padding:3px 6px; font-weight:bold; background-color:#f2f2f2;'>กลุ่ม</td><td style='padding:3px 6px;'>กลุ่ม_71</td></tr></table></div>]]></description>
      <styleUrl>#plotStyle</styleUrl>
      <MultiGeometry><Polygon><outerBoundaryIs><LinearRing><coordinates>103.9286597,14.5521727,0 103.9269577,14.5524375,0 103.9269577,14.5524376,0 103.9269623,14.5529891,0 103.9287317,14.5525930,0 103.9286597,14.5521727,0</coordinates></LinearRing></outerBoundaryIs></Polygon></MultiGeometry>
    </Placemark>
    <Placemark>
      <name>321301080086</name>
      <description><![CDATA[<div style='font-family:Tahoma,sans-serif; font-size:13px;'><h3 style='color:#1565C0; margin:4px 0;'>รหัสแปลง: 321301080086</h3><p style='margin:2px 0;'><b>กลุ่มคิว:</b> 71_002</p><table border='1' style='border-collapse:collapse; border-color:#ccc; width:100%;'><tr><td style='padding:3px 6px; font-weight:bold; background-color:#f2f2f2;'>รหัสกลุ่มคิว</td><td style='padding:3px 6px;'>71/002</td></tr><tr><td style='padding:3px 6px; font-weight:bold; background-color:#f2f2f2;'>รหัสรับเหมา</td><td style='padding:3px 6px;'>738889</td></tr><tr><td style='padding:3px 6px; font-weight:bold; background-color:#f2f2f2;'>ชื่อ-สกุล รับเหมา</td><td style='padding:3px 6px;'>รถตัดโรงงานเบอร์ 24</td></tr><tr><td style='padding:3px 6px; font-weight:bold; background-color:#f2f2f2;'>นักเกษตร</td><td style='padding:3px 6px;'>7101</td></tr><tr><td style='padding:3px 6px; font-weight:bold; background-color:#f2f2f2;'>ศูนย์</td><td style='padding:3px 6px;'>K2-71</td></tr><tr><td style='padding:3px 6px; font-weight:bold; background-color:#f2f2f2;'>โควตา</td><td style='padding:3px 6px;'>773715</td></tr><tr><td style='padding:3px 6px; font-weight:bold; background-color:#f2f2f2;'>ชาวไร่</td><td style='padding:3px 6px;'>นาง เพชรลดา มณีตา</td></tr><tr><td style='padding:3px 6px; font-weight:bold; background-color:#f2f2f2;'>ประเภทอ้อย</td><td style='padding:3px 6px;'>ตอ2</td></tr><tr><td style='padding:3px 6px; font-weight:bold; background-color:#f2f2f2;'>พื้นที่</td><td style='padding:3px 6px;'>9.47</td></tr><tr><td style='padding:3px 6px; font-weight:bold; background-color:#f2f2f2;'>ตันรวม</td><td style='padding:3px 6px;'>75.76</td></tr><tr><td style='padding:3px 6px; font-weight:bold; background-color:#f2f2f2;'>รหัสแปลง</td><td style='padding:3px 6px;'>321301080086</td></tr><tr><td style='padding:3px 6px; font-weight:bold; background-color:#f2f2f2;'>กลุ่ม</td><td style='padding:3px 6px;'>กลุ่ม_71</td></tr></table></div>]]></description>
      <styleUrl>#plotStyle</styleUrl>
      <MultiGeometry><Polygon><outerBoundaryIs><LinearRing><coordinates>103.9729612,14.5067771,0 103.9729737,14.5067862,0 103.9730149,14.5068487,0 103.9730550,14.5068858,0 103.9731636,14.5069238,0 103.9731880,14.5068761,0 103.9735328,14.5068062,0 103.9734854,14.5065081,0 103.9737114,14.5065233,0 103.9737412,14.5064041,0 103.9736838,14.5052043,0 103.9731611,14.5052036,0 103.9731562,14.5052606,0 103.9730519,14.5052126,0 103.9729903,14.5052814,0 103.9728385,14.5056190,0 103.9728107,14.5057026,0 103.9728102,14.5057528,0 103.9728192,14.5058020,0 103.9728282,14.5058311,0 103.9728496,14.5058889,0 103.9728538,14.5058983,0 103.9728708,14.5059518,0 103.9729612,14.5067771,0</coordinates></LinearRing></outerBoundaryIs></Polygon></MultiGeometry>
    </Placemark>
    <Placemark>
      <name>321301110088</name>
      <description><![CDATA[<div style='font-family:Tahoma,sans-serif; font-size:13px;'><h3 style='color:#1565C0; margin:4px 0;'>รหัสแปลง: 321301110088</h3><p style='margin:2px 0;'><b>กลุ่มคิว:</b> 71_002</p><table border='1' style='border-collapse:collapse; border-color:#ccc; width:100%;'><tr><td style='padding:3px 6px; font-weight:bold; background-color:#f2f2f2;'>รหัสกลุ่มคิว</td><td style='padding:3px 6px;'>71/002</td></tr><tr><td style='padding:3px 6px; font-weight:bold; background-color:#f2f2f2;'>รหัสรับเหมา</td><td style='padding:3px 6px;'>738889</td></tr><tr><td style='padding:3px 6px; font-weight:bold; background-color:#f2f2f2;'>ชื่อ-สกุล รับเหมา</td><td style='padding:3px 6px;'>รถตัดโรงงานเบอร์ 24</td></tr><tr><td style='padding:3px 6px; font-weight:bold; background-color:#f2f2f2;'>นักเกษตร</td><td style='padding:3px 6px;'>7101</td></tr><tr><td style='padding:3px 6px; font-weight:bold; background-color:#f2f2f2;'>ศูนย์</td><td style='padding:3px 6px;'>K2-71</td></tr><tr><td style='padding:3px 6px; font-weight:bold; background-color:#f2f2f2;'>โควตา</td><td style='padding:3px 6px;'>771059</td></tr><tr><td style='padding:3px 6px; font-weight:bold; background-color:#f2f2f2;'>ชาวไร่</td><td style='padding:3px 6px;'>นางสาว มณีกาน คำลุน</td></tr><tr><td style='padding:3px 6px; font-weight:bold; background-color:#f2f2f2;'>ประเภทอ้อย</td><td style='padding:3px 6px;'>ปลายฝน</td></tr><tr><td style='padding:3px 6px; font-weight:bold; background-color:#f2f2f2;'>พื้นที่</td><td style='padding:3px 6px;'>2.62</td></tr><tr><td style='padding:3px 6px; font-weight:bold; background-color:#f2f2f2;'>ตันรวม</td><td style='padding:3px 6px;'>34.06</td></tr><tr><td style='padding:3px 6px; font-weight:bold; background-color:#f2f2f2;'>รหัสแปลง</td><td style='padding:3px 6px;'>321301110088</td></tr><tr><td style='padding:3px 6px; font-weight:bold; background-color:#f2f2f2;'>กลุ่ม</td><td style='padding:3px 6px;'>กลุ่ม_71</td></tr></table></div>]]></description>
      <styleUrl>#plotStyle</styleUrl>
      <MultiGeometry><Polygon><outerBoundaryIs><LinearRing><coordinates>103.9001383,14.5266750,0 103.9000650,14.5272933,0 103.9006533,14.5273950,0 103.9006433,14.5267433,0 103.9001383,14.5266750,0</coordinates></LinearRing></outerBoundaryIs></Polygon></MultiGeometry>
    </Placemark>
    <Placemark>
      <name>321306051528</name>
      <description><![CDATA[<div style='font-family:Tahoma,sans-serif; font-size:13px;'><h3 style='color:#1565C0; margin:4px 0;'>รหัสแปลง: 321306051528</h3><p style='margin:2px 0;'><b>กลุ่มคิว:</b> 71_002</p><table border='1' style='border-collapse:collapse; border-color:#ccc; width:100%;'><tr><td style='padding:3px 6px; font-weight:bold; background-color:#f2f2f2;'>รหัสกลุ่มคิว</td><td style='padding:3px 6px;'>71/002</td></tr><tr><td style='padding:3px 6px; font-weight:bold; background-color:#f2f2f2;'>รหัสรับเหมา</td><td style='padding:3px 6px;'>738889</td></tr><tr><td style='padding:3px 6px; font-weight:bold; background-color:#f2f2f2;'>ชื่อ-สกุล รับเหมา</td><td style='padding:3px 6px;'>รถตัดโรงงานเบอร์ 24</td></tr><tr><td style='padding:3px 6px; font-weight:bold; background-color:#f2f2f2;'>นักเกษตร</td><td style='padding:3px 6px;'>7101</td></tr><tr><td style='padding:3px 6px; font-weight:bold; background-color:#f2f2f2;'>ศูนย์</td><td style='padding:3px 6px;'>K2-71</td></tr><tr><td style='padding:3px 6px; font-weight:bold; background-color:#f2f2f2;'>โควตา</td><td style='padding:3px 6px;'>700430</td></tr><tr><td style='padding:3px 6px; font-weight:bold; background-color:#f2f2f2;'>ชาวไร่</td><td style='padding:3px 6px;'>นาย สังอิม อย่าลืมดี</td></tr><tr><td style='padding:3px 6px; font-weight:bold; background-color:#f2f2f2;'>ประเภทอ้อย</td><td style='padding:3px 6px;'>ปลายฝน</td></tr><tr><td style='padding:3px 6px; font-weight:bold; background-color:#f2f2f2;'>พื้นที่</td><td style='padding:3px 6px;'>8.92</td></tr><tr><td style='padding:3px 6px; font-weight:bold; background-color:#f2f2f2;'>ตันรวม</td><td style='padding:3px 6px;'>115.96</td></tr><tr><td style='padding:3px 6px; font-weight:bold; background-color:#f2f2f2;'>รหัสแปลง</td><td style='padding:3px 6px;'>321306051528</td></tr><tr><td style='padding:3px 6px; font-weight:bold; background-color:#f2f2f2;'>กลุ่ม</td><td style='padding:3px 6px;'>กลุ่ม_71</td></tr></table></div>]]></description>
      <styleUrl>#plotStyle</styleUrl>
      <MultiGeometry><Polygon><outerBoundaryIs><LinearRing><coordinates>103.9679017,14.5329593,0 103.9678530,14.5313434,0 103.9673027,14.5312904,0 103.9672087,14.5312870,0 103.9671591,14.5313116,0 103.9671583,14.5313362,0 103.9671713,14.5315252,0 103.9671060,14.5316287,0 103.9670730,14.5317008,0 103.9670488,14.5318836,0 103.9670468,14.5321907,0 103.9670630,14.5322364,0 103.9671411,14.5323436,0 103.9672067,14.5324381,0 103.9673303,14.5329350,0 103.9673465,14.5329542,0 103.9674136,14.5329447,0 103.9674347,14.5329536,0 103.9679017,14.5329593,0</coordinates></LinearRing></outerBoundaryIs></Polygon></MultiGeometry>
    </Placemark>
    <Placemark>
      <name>321301091540</name>
      <description><![CDATA[<div style='font-family:Tahoma,sans-serif; font-size:13px;'><h3 style='color:#1565C0; margin:4px 0;'>รหัสแปลง: 321301091540</h3><p style='margin:2px 0;'><b>กลุ่มคิว:</b> 71_002</p><table border='1' style='border-collapse:collapse; border-color:#ccc; width:100%;'><tr><td style='padding:3px 6px; font-weight:bold; background-color:#f2f2f2;'>รหัสกลุ่มคิว</td><td style='padding:3px 6px;'>71/002</td></tr><tr><td style='padding:3px 6px; font-weight:bold; background-color:#f2f2f2;'>รหัสรับเหมา</td><td style='padding:3px 6px;'>738889</td></tr><tr><td style='padding:3px 6px; font-weight:bold; background-color:#f2f2f2;'>ชื่อ-สกุล รับเหมา</td><td style='padding:3px 6px;'>รถตัดโรงงานเบอร์ 24</td></tr><tr><td style='padding:3px 6px; font-weight:bold; background-color:#f2f2f2;'>นักเกษตร</td><td style='padding:3px 6px;'>7101</td></tr><tr><td style='padding:3px 6px; font-weight:bold; background-color:#f2f2f2;'>ศูนย์</td><td style='padding:3px 6px;'>K2-71</td></tr><tr><td style='padding:3px 6px; font-weight:bold; background-color:#f2f2f2;'>โควตา</td><td style='padding:3px 6px;'>773504</td></tr><tr><td style='padding:3px 6px; font-weight:bold; background-color:#f2f2f2;'>ชาวไร่</td><td style='padding:3px 6px;'>นาง สมพร วาหะมงคล</td></tr><tr><td style='padding:3px 6px; font-weight:bold; background-color:#f2f2f2;'>ประเภทอ้อย</td><td style='padding:3px 6px;'>ปลายฝน</td></tr><tr><td style='padding:3px 6px; font-weight:bold; background-color:#f2f2f2;'>พื้นที่</td><td style='padding:3px 6px;'>17.58</td></tr><tr><td style='padding:3px 6px; font-weight:bold; background-color:#f2f2f2;'>ตันรวม</td><td style='padding:3px 6px;'>228.54</td></tr><tr><td style='padding:3px 6px; font-weight:bold; background-color:#f2f2f2;'>รหัสแปลง</td><td style='padding:3px 6px;'>321301091540</td></tr><tr><td style='padding:3px 6px; font-weight:bold; background-color:#f2f2f2;'>กลุ่ม</td><td style='padding:3px 6px;'>กลุ่ม_71</td></tr></table></div>]]></description>
      <styleUrl>#plotStyle</styleUrl>
      <MultiGeometry><Polygon><outerBoundaryIs><LinearRing><coordinates>103.9766965,14.5125920,0 103.9765808,14.5125869,0 103.9764665,14.5125469,0 103.9763322,14.5125201,0 103.9762241,14.5124219,0 103.9760842,14.5124977,0 103.9760073,14.5125322,0 103.9761519,14.5131112,0 103.9761266,14.5135615,0 103.9762989,14.5141810,0 103.9767153,14.5153170,0 103.9768639,14.5152816,0 103.9770009,14.5157246,0 103.9775189,14.5155519,0 103.9766965,14.5125920,0</coordinates></LinearRing></outerBoundaryIs></Polygon></MultiGeometry>
    </Placemark>
    <Placemark>
      <name>321301091541</name>
      <description><![CDATA[<div style='font-family:Tahoma,sans-serif; font-size:13px;'><h3 style='color:#1565C0; margin:4px 0;'>รหัสแปลง: 321301091541</h3><p style='margin:2px 0;'><b>กลุ่มคิว:</b> 71_002</p><table border='1' style='border-collapse:collapse; border-color:#ccc; width:100%;'><tr><td style='padding:3px 6px; font-weight:bold; background-color:#f2f2f2;'>รหัสกลุ่มคิว</td><td style='padding:3px 6px;'>71/002</td></tr><tr><td style='padding:3px 6px; font-weight:bold; background-color:#f2f2f2;'>รหัสรับเหมา</td><td style='padding:3px 6px;'>738889</td></tr><tr><td style='padding:3px 6px; font-weight:bold; background-color:#f2f2f2;'>ชื่อ-สกุล รับเหมา</td><td style='padding:3px 6px;'>รถตัดโรงงานเบอร์ 24</td></tr><tr><td style='padding:3px 6px; font-weight:bold; background-color:#f2f2f2;'>นักเกษตร</td><td style='padding:3px 6px;'>7101</td></tr><tr><td style='padding:3px 6px; font-weight:bold; background-color:#f2f2f2;'>ศูนย์</td><td style='padding:3px 6px;'>K2-71</td></tr><tr><td style='padding:3px 6px; font-weight:bold; background-color:#f2f2f2;'>โควตา</td><td style='padding:3px 6px;'>774168</td></tr><tr><td style='padding:3px 6px; font-weight:bold; background-color:#f2f2f2;'>ชาวไร่</td><td style='padding:3px 6px;'>นาย ธนะโรจน์ ยศธนาเธียรโชติ</td></tr><tr><td style='padding:3px 6px; font-weight:bold; background-color:#f2f2f2;'>ประเภทอ้อย</td><td style='padding:3px 6px;'>ปลายฝน</td></tr><tr><td style='padding:3px 6px; font-weight:bold; background-color:#f2f2f2;'>พื้นที่</td><td style='padding:3px 6px;'>8.31</td></tr><tr><td style='padding:3px 6px; font-weight:bold; background-color:#f2f2f2;'>ตันรวม</td><td style='padding:3px 6px;'>108.03</td></tr><tr><td style='padding:3px 6px; font-weight:bold; background-color:#f2f2f2;'>รหัสแปลง</td><td style='padding:3px 6px;'>321301091541</td></tr><tr><td style='padding:3px 6px; font-weight:bold; background-color:#f2f2f2;'>กลุ่ม</td><td style='padding:3px 6px;'>กลุ่ม_71</td></tr></table></div>]]></description>
      <styleUrl>#plotStyle</styleUrl>
      <MultiGeometry><Polygon><outerBoundaryIs><LinearRing><coordinates>103.9836044,14.5122400,0 103.9836211,14.5124280,0 103.9846862,14.5122925,0 103.9844731,14.5114330,0 103.9837824,14.5112040,0 103.9837695,14.5112302,0 103.9835022,14.5112634,0 103.9835054,14.5113152,0 103.9834257,14.5113051,0 103.9834953,14.5116802,0 103.9836029,14.5116547,0 103.9836221,14.5117188,0 103.9835423,14.5117104,0 103.9835469,14.5117909,0 103.9835562,14.5118988,0 103.9835537,14.5122349,0 103.9836044,14.5122400,0</coordinates></LinearRing></outerBoundaryIs></Polygon></MultiGeometry>
    </Placemark>
    <Placemark>
      <name>321301081565</name>
      <description><![CDATA[<div style='font-family:Tahoma,sans-serif; font-size:13px;'><h3 style='color:#1565C0; margin:4px 0;'>รหัสแปลง: 321301081565</h3><p style='margin:2px 0;'><b>กลุ่มคิว:</b> 71_002</p><table border='1' style='border-collapse:collapse; border-color:#ccc; width:100%;'><tr><td style='padding:3px 6px; font-weight:bold; background-color:#f2f2f2;'>รหัสกลุ่มคิว</td><td style='padding:3px 6px;'>71/002</td></tr><tr><td style='padding:3px 6px; font-weight:bold; background-color:#f2f2f2;'>รหัสรับเหมา</td><td style='padding:3px 6px;'>738889</td></tr><tr><td style='padding:3px 6px; font-weight:bold; background-color:#f2f2f2;'>ชื่อ-สกุล รับเหมา</td><td style='padding:3px 6px;'>รถตัดโรงงานเบอร์ 24</td></tr><tr><td style='padding:3px 6px; font-weight:bold; background-color:#f2f2f2;'>นักเกษตร</td><td style='padding:3px 6px;'>7101</td></tr><tr><td style='padding:3px 6px; font-weight:bold; background-color:#f2f2f2;'>ศูนย์</td><td style='padding:3px 6px;'>K2-71</td></tr><tr><td style='padding:3px 6px; font-weight:bold; background-color:#f2f2f2;'>โควตา</td><td style='padding:3px 6px;'>773715</td></tr><tr><td style='padding:3px 6px; font-weight:bold; background-color:#f2f2f2;'>ชาวไร่</td><td style='padding:3px 6px;'>นาง เพชรลดา มณีตา</td></tr><tr><td style='padding:3px 6px; font-weight:bold; background-color:#f2f2f2;'>ประเภทอ้อย</td><td style='padding:3px 6px;'>ตอ1</td></tr><tr><td style='padding:3px 6px; font-weight:bold; background-color:#f2f2f2;'>พื้นที่</td><td style='padding:3px 6px;'>5.92</td></tr><tr><td style='padding:3px 6px; font-weight:bold; background-color:#f2f2f2;'>ตันรวม</td><td style='padding:3px 6px;'>53.28</td></tr><tr><td style='padding:3px 6px; font-weight:bold; background-color:#f2f2f2;'>รหัสแปลง</td><td style='padding:3px 6px;'>321301081565</td></tr><tr><td style='padding:3px 6px; font-weight:bold; background-color:#f2f2f2;'>กลุ่ม</td><td style='padding:3px 6px;'>กลุ่ม_71</td></tr></table></div>]]></description>
      <styleUrl>#plotStyle</styleUrl>
      <MultiGeometry><Polygon><outerBoundaryIs><LinearRing><coordinates>103.9717225,14.5123174,0 103.9717316,14.5131616,0 103.9728925,14.5127648,0 103.9728730,14.5122567,0 103.9717267,14.5123096,0 103.9717225,14.5123174,0</coordinates></LinearRing></outerBoundaryIs></Polygon></MultiGeometry>
    </Placemark>
    <Placemark>
      <name>321301111626</name>
      <description><![CDATA[<div style='font-family:Tahoma,sans-serif; font-size:13px;'><h3 style='color:#1565C0; margin:4px 0;'>รหัสแปลง: 321301111626</h3><p style='margin:2px 0;'><b>กลุ่มคิว:</b> 71_002</p><table border='1' style='border-collapse:collapse; border-color:#ccc; width:100%;'><tr><td style='padding:3px 6px; font-weight:bold; background-color:#f2f2f2;'>รหัสกลุ่มคิว</td><td style='padding:3px 6px;'>71/002</td></tr><tr><td style='padding:3px 6px; font-weight:bold; background-color:#f2f2f2;'>รหัสรับเหมา</td><td style='padding:3px 6px;'>738889</td></tr><tr><td style='padding:3px 6px; font-weight:bold; background-color:#f2f2f2;'>ชื่อ-สกุล รับเหมา</td><td style='padding:3px 6px;'>รถตัดโรงงานเบอร์ 24</td></tr><tr><td style='padding:3px 6px; font-weight:bold; background-color:#f2f2f2;'>นักเกษตร</td><td style='padding:3px 6px;'>7101</td></tr><tr><td style='padding:3px 6px; font-weight:bold; background-color:#f2f2f2;'>ศูนย์</td><td style='padding:3px 6px;'>K2-71</td></tr><tr><td style='padding:3px 6px; font-weight:bold; background-color:#f2f2f2;'>โควตา</td><td style='padding:3px 6px;'>730292</td></tr><tr><td style='padding:3px 6px; font-weight:bold; background-color:#f2f2f2;'>ชาวไร่</td><td style='padding:3px 6px;'>นาย ชัยอนันต์ ชาญเชี่ยว</td></tr><tr><td style='padding:3px 6px; font-weight:bold; background-color:#f2f2f2;'>ประเภทอ้อย</td><td style='padding:3px 6px;'>ปลายฝน</td></tr><tr><td style='padding:3px 6px; font-weight:bold; background-color:#f2f2f2;'>พื้นที่</td><td style='padding:3px 6px;'>5.34</td></tr><tr><td style='padding:3px 6px; font-weight:bold; background-color:#f2f2f2;'>ตันรวม</td><td style='padding:3px 6px;'>69.42</td></tr><tr><td style='padding:3px 6px; font-weight:bold; background-color:#f2f2f2;'>รหัสแปลง</td><td style='padding:3px 6px;'>321301111626</td></tr><tr><td style='padding:3px 6px; font-weight:bold; background-color:#f2f2f2;'>กลุ่ม</td><td style='padding:3px 6px;'>กลุ่ม_71</td></tr></table></div>]]></description>
      <styleUrl>#plotStyle</styleUrl>
      <MultiGeometry><Polygon><outerBoundaryIs><LinearRing><coordinates>103.8957128,14.5358369,0 103.8962089,14.5356968,0 103.8959603,14.5342887,0 103.8955438,14.5343768,0 103.8955812,14.5349505,0 103.8955735,14.5351091,0 103.8956324,14.5354647,0 103.8956710,14.5355714,0 103.8957019,14.5356590,0 103.8957128,14.5358369,0</coordinates></LinearRing></outerBoundaryIs></Polygon></MultiGeometry>
    </Placemark>
    <Placemark>
      <name>321015041530</name>
      <description><![CDATA[<div style='font-family:Tahoma,sans-serif; font-size:13px;'><h3 style='color:#1565C0; margin:4px 0;'>รหัสแปลง: 321015041530</h3><p style='margin:2px 0;'><b>กลุ่มคิว:</b> 71_002</p><table border='1' style='border-collapse:collapse; border-color:#ccc; width:100%;'><tr><td style='padding:3px 6px; font-weight:bold; background-color:#f2f2f2;'>รหัสกลุ่มคิว</td><td style='padding:3px 6px;'>71/002</td></tr><tr><td style='padding:3px 6px; font-weight:bold; background-color:#f2f2f2;'>รหัสรับเหมา</td><td style='padding:3px 6px;'>738889</td></tr><tr><td style='padding:3px 6px; font-weight:bold; background-color:#f2f2f2;'>ชื่อ-สกุล รับเหมา</td><td style='padding:3px 6px;'>รถตัดโรงงานเบอร์ 24</td></tr><tr><td style='padding:3px 6px; font-weight:bold; background-color:#f2f2f2;'>นักเกษตร</td><td style='padding:3px 6px;'>7101</td></tr><tr><td style='padding:3px 6px; font-weight:bold; background-color:#f2f2f2;'>ศูนย์</td><td style='padding:3px 6px;'>K2-71</td></tr><tr><td style='padding:3px 6px; font-weight:bold; background-color:#f2f2f2;'>โควตา</td><td style='padding:3px 6px;'>730381</td></tr><tr><td style='padding:3px 6px; font-weight:bold; background-color:#f2f2f2;'>ชาวไร่</td><td style='padding:3px 6px;'>นาย สมจิต แท่นแก้ว</td></tr><tr><td style='padding:3px 6px; font-weight:bold; background-color:#f2f2f2;'>ประเภทอ้อย</td><td style='padding:3px 6px;'>ตอ1</td></tr><tr><td style='padding:3px 6px; font-weight:bold; background-color:#f2f2f2;'>พื้นที่</td><td style='padding:3px 6px;'>7.3</td></tr><tr><td style='padding:3px 6px; font-weight:bold; background-color:#f2f2f2;'>ตันรวม</td><td style='padding:3px 6px;'>65.7</td></tr><tr><td style='padding:3px 6px; font-weight:bold; background-color:#f2f2f2;'>รหัสแปลง</td><td style='padding:3px 6px;'>321015041530</td></tr><tr><td style='padding:3px 6px; font-weight:bold; background-color:#f2f2f2;'>กลุ่ม</td><td style='padding:3px 6px;'>กลุ่ม_71</td></tr></table></div>]]></description>
      <styleUrl>#plotStyle</styleUrl>
      <MultiGeometry><Polygon><outerBoundaryIs><LinearRing><coordinates>103.9269650,14.5849667,0 103.9285817,14.5848300,0 103.9285867,14.5843667,0 103.9285200,14.5843633,0 103.9285083,14.5843617,0 103.9282083,14.5843650,0 103.9279300,14.5843317,0 103.9277483,14.5843117,0 103.9268183,14.5842933,0 103.9269650,14.5849667,0</coordinates></LinearRing></outerBoundaryIs></Polygon></MultiGeometry>
    </Placemark>
    <Placemark>
      <name>321301111628</name>
      <description><![CDATA[<div style='font-family:Tahoma,sans-serif; font-size:13px;'><h3 style='color:#1565C0; margin:4px 0;'>รหัสแปลง: 321301111628</h3><p style='margin:2px 0;'><b>กลุ่มคิว:</b> 71_002</p><table border='1' style='border-collapse:collapse; border-color:#ccc; width:100%;'><tr><td style='padding:3px 6px; font-weight:bold; background-color:#f2f2f2;'>รหัสกลุ่มคิว</td><td style='padding:3px 6px;'>71/002</td></tr><tr><td style='padding:3px 6px; font-weight:bold; background-color:#f2f2f2;'>รหัสรับเหมา</td><td style='padding:3px 6px;'>738889</td></tr><tr><td style='padding:3px 6px; font-weight:bold; background-color:#f2f2f2;'>ชื่อ-สกุล รับเหมา</td><td style='padding:3px 6px;'>รถตัดโรงงานเบอร์ 24</td></tr><tr><td style='padding:3px 6px; font-weight:bold; background-color:#f2f2f2;'>นักเกษตร</td><td style='padding:3px 6px;'>7101</td></tr><tr><td style='padding:3px 6px; font-weight:bold; background-color:#f2f2f2;'>ศูนย์</td><td style='padding:3px 6px;'>K2-71</td></tr><tr><td style='padding:3px 6px; font-weight:bold; background-color:#f2f2f2;'>โควตา</td><td style='padding:3px 6px;'>773483</td></tr><tr><td style='padding:3px 6px; font-weight:bold; background-color:#f2f2f2;'>ชาวไร่</td><td style='padding:3px 6px;'>นาง ลำดวน เผ่าพันธ์</td></tr><tr><td style='padding:3px 6px; font-weight:bold; background-color:#f2f2f2;'>ประเภทอ้อย</td><td style='padding:3px 6px;'>ตอ1</td></tr><tr><td style='padding:3px 6px; font-weight:bold; background-color:#f2f2f2;'>พื้นที่</td><td style='padding:3px 6px;'>2.22</td></tr><tr><td style='padding:3px 6px; font-weight:bold; background-color:#f2f2f2;'>ตันรวม</td><td style='padding:3px 6px;'>19.98</td></tr><tr><td style='padding:3px 6px; font-weight:bold; background-color:#f2f2f2;'>รหัสแปลง</td><td style='padding:3px 6px;'>321301111628</td></tr><tr><td style='padding:3px 6px; font-weight:bold; background-color:#f2f2f2;'>กลุ่ม</td><td style='padding:3px 6px;'>กลุ่ม_71</td></tr></table></div>]]></description>
      <styleUrl>#plotStyle</styleUrl>
      <MultiGeometry><Polygon><outerBoundaryIs><LinearRing><coordinates>103.9023235,14.5341105,0 103.9029492,14.5340281,0 103.9028362,14.5335433,0 103.9025142,14.5336134,0 103.9022258,14.5336666,0 103.9023235,14.5341105,0</coordinates></LinearRing></outerBoundaryIs></Polygon></MultiGeometry>
    </Placemark>
    <Placemark>
      <name>321015041532</name>
      <description><![CDATA[<div style='font-family:Tahoma,sans-serif; font-size:13px;'><h3 style='color:#1565C0; margin:4px 0;'>รหัสแปลง: 321015041532</h3><p style='margin:2px 0;'><b>กลุ่มคิว:</b> 71_002</p><table border='1' style='border-collapse:collapse; border-color:#ccc; width:100%;'><tr><td style='padding:3px 6px; font-weight:bold; background-color:#f2f2f2;'>รหัสกลุ่มคิว</td><td style='padding:3px 6px;'>71/002</td></tr><tr><td style='padding:3px 6px; font-weight:bold; background-color:#f2f2f2;'>รหัสรับเหมา</td><td style='padding:3px 6px;'>738889</td></tr><tr><td style='padding:3px 6px; font-weight:bold; background-color:#f2f2f2;'>ชื่อ-สกุล รับเหมา</td><td style='padding:3px 6px;'>รถตัดโรงงานเบอร์ 24</td></tr><tr><td style='padding:3px 6px; font-weight:bold; background-color:#f2f2f2;'>นักเกษตร</td><td style='padding:3px 6px;'>7101</td></tr><tr><td style='padding:3px 6px; font-weight:bold; background-color:#f2f2f2;'>ศูนย์</td><td style='padding:3px 6px;'>K2-71</td></tr><tr><td style='padding:3px 6px; font-weight:bold; background-color:#f2f2f2;'>โควตา</td><td style='padding:3px 6px;'>730441</td></tr><tr><td style='padding:3px 6px; font-weight:bold; background-color:#f2f2f2;'>ชาวไร่</td><td style='padding:3px 6px;'>นาย เด่น เอิบสุข</td></tr><tr><td style='padding:3px 6px; font-weight:bold; background-color:#f2f2f2;'>ประเภทอ้อย</td><td style='padding:3px 6px;'>ตอ1</td></tr><tr><td style='padding:3px 6px; font-weight:bold; background-color:#f2f2f2;'>พื้นที่</td><td style='padding:3px 6px;'>14.76</td></tr><tr><td style='padding:3px 6px; font-weight:bold; background-color:#f2f2f2;'>ตันรวม</td><td style='padding:3px 6px;'>132.84</td></tr><tr><td style='padding:3px 6px; font-weight:bold; background-color:#f2f2f2;'>รหัสแปลง</td><td style='padding:3px 6px;'>321015041532</td></tr><tr><td style='padding:3px 6px; font-weight:bold; background-color:#f2f2f2;'>กลุ่ม</td><td style='padding:3px 6px;'>กลุ่ม_71</td></tr></table></div>]]></description>
      <styleUrl>#plotStyle</styleUrl>
      <MultiGeometry><Polygon><outerBoundaryIs><LinearRing><coordinates>103.9307624,14.5789027,0 103.9307349,14.5773328,0 103.9296422,14.5773522,0 103.9292669,14.5788149,0 103.9307624,14.5789027,0</coordinates></LinearRing></outerBoundaryIs></Polygon></MultiGeometry>
    </Placemark>
    <Placemark>
      <name>321006111511</name>
      <description><![CDATA[<div style='font-family:Tahoma,sans-serif; font-size:13px;'><h3 style='color:#1565C0; margin:4px 0;'>รหัสแปลง: 321006111511</h3><p style='margin:2px 0;'><b>กลุ่มคิว:</b> 71_002</p><table border='1' style='border-collapse:collapse; border-color:#ccc; width:100%;'><tr><td style='padding:3px 6px; font-weight:bold; background-color:#f2f2f2;'>รหัสกลุ่มคิว</td><td style='padding:3px 6px;'>71/002</td></tr><tr><td style='padding:3px 6px; font-weight:bold; background-color:#f2f2f2;'>รหัสรับเหมา</td><td style='padding:3px 6px;'>738889</td></tr><tr><td style='padding:3px 6px; font-weight:bold; background-color:#f2f2f2;'>ชื่อ-สกุล รับเหมา</td><td style='padding:3px 6px;'>รถตัดโรงงานเบอร์ 24</td></tr><tr><td style='padding:3px 6px; font-weight:bold; background-color:#f2f2f2;'>นักเกษตร</td><td style='padding:3px 6px;'>7101</td></tr><tr><td style='padding:3px 6px; font-weight:bold; background-color:#f2f2f2;'>ศูนย์</td><td style='padding:3px 6px;'>K2-71</td></tr><tr><td style='padding:3px 6px; font-weight:bold; background-color:#f2f2f2;'>โควตา</td><td style='padding:3px 6px;'>730292</td></tr><tr><td style='padding:3px 6px; font-weight:bold; background-color:#f2f2f2;'>ชาวไร่</td><td style='padding:3px 6px;'>นาย ชัยอนันต์ ชาญเชี่ยว</td></tr><tr><td style='padding:3px 6px; font-weight:bold; background-color:#f2f2f2;'>ประเภทอ้อย</td><td style='padding:3px 6px;'>ปลายฝน</td></tr><tr><td style='padding:3px 6px; font-weight:bold; background-color:#f2f2f2;'>พื้นที่</td><td style='padding:3px 6px;'>3.44</td></tr><tr><td style='padding:3px 6px; font-weight:bold; background-color:#f2f2f2;'>ตันรวม</td><td style='padding:3px 6px;'>44.72</td></tr><tr><td style='padding:3px 6px; font-weight:bold; background-color:#f2f2f2;'>รหัสแปลง</td><td style='padding:3px 6px;'>321006111511</td></tr><tr><td style='padding:3px 6px; font-weight:bold; background-color:#f2f2f2;'>กลุ่ม</td><td style='padding:3px 6px;'>กลุ่ม_71</td></tr></table></div>]]></description>
      <styleUrl>#plotStyle</styleUrl>
      <MultiGeometry><Polygon><outerBoundaryIs><LinearRing><coordinates>103.8965583,14.5350317,0 103.8965700,14.5348500,0 103.8966133,14.5347417,0 103.8965233,14.5340833,0 103.8961800,14.5341833,0 103.8963433,14.5355850,0 103.8966250,14.5354867,0 103.8966383,14.5354850,0 103.8965583,14.5350317,0</coordinates></LinearRing></outerBoundaryIs></Polygon></MultiGeometry>
    </Placemark>
    <Placemark>
      <name>321306061528</name>
      <description><![CDATA[<div style='font-family:Tahoma,sans-serif; font-size:13px;'><h3 style='color:#1565C0; margin:4px 0;'>รหัสแปลง: 321306061528</h3><p style='margin:2px 0;'><b>กลุ่มคิว:</b> 71_002</p><table border='1' style='border-collapse:collapse; border-color:#ccc; width:100%;'><tr><td style='padding:3px 6px; font-weight:bold; background-color:#f2f2f2;'>รหัสกลุ่มคิว</td><td style='padding:3px 6px;'>71/002</td></tr><tr><td style='padding:3px 6px; font-weight:bold; background-color:#f2f2f2;'>รหัสรับเหมา</td><td style='padding:3px 6px;'>738889</td></tr><tr><td style='padding:3px 6px; font-weight:bold; background-color:#f2f2f2;'>ชื่อ-สกุล รับเหมา</td><td style='padding:3px 6px;'>รถตัดโรงงานเบอร์ 24</td></tr><tr><td style='padding:3px 6px; font-weight:bold; background-color:#f2f2f2;'>นักเกษตร</td><td style='padding:3px 6px;'>7101</td></tr><tr><td style='padding:3px 6px; font-weight:bold; background-color:#f2f2f2;'>ศูนย์</td><td style='padding:3px 6px;'>K2-71</td></tr><tr><td style='padding:3px 6px; font-weight:bold; background-color:#f2f2f2;'>โควตา</td><td style='padding:3px 6px;'>770926</td></tr><tr><td style='padding:3px 6px; font-weight:bold; background-color:#f2f2f2;'>ชาวไร่</td><td style='padding:3px 6px;'>นาง เพียง คำเสมอ</td></tr><tr><td style='padding:3px 6px; font-weight:bold; background-color:#f2f2f2;'>ประเภทอ้อย</td><td style='padding:3px 6px;'>ตอ1</td></tr><tr><td style='padding:3px 6px; font-weight:bold; background-color:#f2f2f2;'>พื้นที่</td><td style='padding:3px 6px;'>5.11</td></tr><tr><td style='padding:3px 6px; font-weight:bold; background-color:#f2f2f2;'>ตันรวม</td><td style='padding:3px 6px;'>45.99</td></tr><tr><td style='padding:3px 6px; font-weight:bold; background-color:#f2f2f2;'>รหัสแปลง</td><td style='padding:3px 6px;'>321306061528</td></tr><tr><td style='padding:3px 6px; font-weight:bold; background-color:#f2f2f2;'>กลุ่ม</td><td style='padding:3px 6px;'>กลุ่ม_71</td></tr></table></div>]]></description>
      <styleUrl>#plotStyle</styleUrl>
      <MultiGeometry><Polygon><outerBoundaryIs><LinearRing><coordinates>103.9503429,14.5533800,0 103.9498403,14.5534757,0 103.9499201,14.5537641,0 103.9496916,14.5537883,0 103.9496197,14.5536648,0 103.9495662,14.5536674,0 103.9495561,14.5545148,0 103.9497246,14.5544668,0 103.9497272,14.5544267,0 103.9497950,14.5543822,0 103.9498895,14.5543981,0 103.9502820,14.5543106,0 103.9502493,14.5541337,0 103.9504238,14.5540854,0 103.9504610,14.5540374,0 103.9503429,14.5533800,0</coordinates></LinearRing></outerBoundaryIs></Polygon></MultiGeometry>
    </Placemark>
    <Placemark>
      <name>321006111516</name>
      <description><![CDATA[<div style='font-family:Tahoma,sans-serif; font-size:13px;'><h3 style='color:#1565C0; margin:4px 0;'>รหัสแปลง: 321006111516</h3><p style='margin:2px 0;'><b>กลุ่มคิว:</b> 71_002</p><table border='1' style='border-collapse:collapse; border-color:#ccc; width:100%;'><tr><td style='padding:3px 6px; font-weight:bold; background-color:#f2f2f2;'>รหัสกลุ่มคิว</td><td style='padding:3px 6px;'>71/002</td></tr><tr><td style='padding:3px 6px; font-weight:bold; background-color:#f2f2f2;'>รหัสรับเหมา</td><td style='padding:3px 6px;'>738889</td></tr><tr><td style='padding:3px 6px; font-weight:bold; background-color:#f2f2f2;'>ชื่อ-สกุล รับเหมา</td><td style='padding:3px 6px;'>รถตัดโรงงานเบอร์ 24</td></tr><tr><td style='padding:3px 6px; font-weight:bold; background-color:#f2f2f2;'>นักเกษตร</td><td style='padding:3px 6px;'>7101</td></tr><tr><td style='padding:3px 6px; font-weight:bold; background-color:#f2f2f2;'>ศูนย์</td><td style='padding:3px 6px;'>K2-71</td></tr><tr><td style='padding:3px 6px; font-weight:bold; background-color:#f2f2f2;'>โควตา</td><td style='padding:3px 6px;'>774169</td></tr><tr><td style='padding:3px 6px; font-weight:bold; background-color:#f2f2f2;'>ชาวไร่</td><td style='padding:3px 6px;'>นาย วัลลภ อกอุ่น</td></tr><tr><td style='padding:3px 6px; font-weight:bold; background-color:#f2f2f2;'>ประเภทอ้อย</td><td style='padding:3px 6px;'>ตอ1</td></tr><tr><td style='padding:3px 6px; font-weight:bold; background-color:#f2f2f2;'>พื้นที่</td><td style='padding:3px 6px;'>7.66</td></tr><tr><td style='padding:3px 6px; font-weight:bold; background-color:#f2f2f2;'>ตันรวม</td><td style='padding:3px 6px;'>68.94</td></tr><tr><td style='padding:3px 6px; font-weight:bold; background-color:#f2f2f2;'>รหัสแปลง</td><td style='padding:3px 6px;'>321006111516</td></tr><tr><td style='padding:3px 6px; font-weight:bold; background-color:#f2f2f2;'>กลุ่ม</td><td style='padding:3px 6px;'>กลุ่ม_71</td></tr></table></div>]]></description>
      <styleUrl>#plotStyle</styleUrl>
      <MultiGeometry><Polygon><outerBoundaryIs><LinearRing><coordinates>103.8968649,14.5436304,0 103.8989743,14.5432257,0 103.8988808,14.5427762,0 103.8966251,14.5432110,0 103.8967026,14.5433742,0 103.8968649,14.5436304,0</coordinates></LinearRing></outerBoundaryIs></Polygon></MultiGeometry>
    </Placemark>
    <Placemark>
      <name>321306061530</name>
      <description><![CDATA[<div style='font-family:Tahoma,sans-serif; font-size:13px;'><h3 style='color:#1565C0; margin:4px 0;'>รหัสแปลง: 321306061530</h3><p style='margin:2px 0;'><b>กลุ่มคิว:</b> 71_002</p><table border='1' style='border-collapse:collapse; border-color:#ccc; width:100%;'><tr><td style='padding:3px 6px; font-weight:bold; background-color:#f2f2f2;'>รหัสกลุ่มคิว</td><td style='padding:3px 6px;'>71/002</td></tr><tr><td style='padding:3px 6px; font-weight:bold; background-color:#f2f2f2;'>รหัสรับเหมา</td><td style='padding:3px 6px;'>738889</td></tr><tr><td style='padding:3px 6px; font-weight:bold; background-color:#f2f2f2;'>ชื่อ-สกุล รับเหมา</td><td style='padding:3px 6px;'>รถตัดโรงงานเบอร์ 24</td></tr><tr><td style='padding:3px 6px; font-weight:bold; background-color:#f2f2f2;'>นักเกษตร</td><td style='padding:3px 6px;'>7101</td></tr><tr><td style='padding:3px 6px; font-weight:bold; background-color:#f2f2f2;'>ศูนย์</td><td style='padding:3px 6px;'>K2-71</td></tr><tr><td style='padding:3px 6px; font-weight:bold; background-color:#f2f2f2;'>โควตา</td><td style='padding:3px 6px;'>770926</td></tr><tr><td style='padding:3px 6px; font-weight:bold; background-color:#f2f2f2;'>ชาวไร่</td><td style='padding:3px 6px;'>นาง เพียง คำเสมอ</td></tr><tr><td style='padding:3px 6px; font-weight:bold; background-color:#f2f2f2;'>ประเภทอ้อย</td><td style='padding:3px 6px;'>ตอ1</td></tr><tr><td style='padding:3px 6px; font-weight:bold; background-color:#f2f2f2;'>พื้นที่</td><td style='padding:3px 6px;'>9.41</td></tr><tr><td style='padding:3px 6px; font-weight:bold; background-color:#f2f2f2;'>ตันรวม</td><td style='padding:3px 6px;'>84.69</td></tr><tr><td style='padding:3px 6px; font-weight:bold; background-color:#f2f2f2;'>รหัสแปลง</td><td style='padding:3px 6px;'>321306061530</td></tr><tr><td style='padding:3px 6px; font-weight:bold; background-color:#f2f2f2;'>กลุ่ม</td><td style='padding:3px 6px;'>กลุ่ม_71</td></tr></table></div>]]></description>
      <styleUrl>#plotStyle</styleUrl>
      <MultiGeometry><Polygon><outerBoundaryIs><LinearRing><coordinates>103.9465624,14.5597792,0 103.9464811,14.5596494,0 103.9460946,14.5596525,0 103.9460488,14.5593761,0 103.9459899,14.5593744,0 103.9459740,14.5593539,0 103.9459729,14.5593437,0 103.9460359,14.5592979,0 103.9460461,14.5592568,0 103.9462265,14.5592183,0 103.9462876,14.5592326,0 103.9463285,14.5593605,0 103.9463561,14.5594379,0 103.9464280,14.5595029,0 103.9464498,14.5595623,0 103.9465354,14.5597051,0 103.9465668,14.5597420,0 103.9465806,14.5592776,0 103.9465235,14.5592773,0 103.9465063,14.5592080,0 103.9464298,14.5592169,0 103.9464016,14.5591732,0 103.9463870,14.5591124,0 103.9448713,14.5595616,0 103.9448153,14.5595847,0 103.9448008,14.5601276,0 103.9465432,14.5601278,0 103.9465624,14.5597792,0</coordinates></LinearRing></outerBoundaryIs></Polygon></MultiGeometry>
    </Placemark>
    <Placemark>
      <name>321301011522</name>
      <description><![CDATA[<div style='font-family:Tahoma,sans-serif; font-size:13px;'><h3 style='color:#1565C0; margin:4px 0;'>รหัสแปลง: 321301011522</h3><p style='margin:2px 0;'><b>กลุ่มคิว:</b> 71_002</p><table border='1' style='border-collapse:collapse; border-color:#ccc; width:100%;'><tr><td style='padding:3px 6px; font-weight:bold; background-color:#f2f2f2;'>รหัสกลุ่มคิว</td><td style='padding:3px 6px;'>71/002</td></tr><tr><td style='padding:3px 6px; font-weight:bold; background-color:#f2f2f2;'>รหัสรับเหมา</td><td style='padding:3px 6px;'>738889</td></tr><tr><td style='padding:3px 6px; font-weight:bold; background-color:#f2f2f2;'>ชื่อ-สกุล รับเหมา</td><td style='padding:3px 6px;'>รถตัดโรงงานเบอร์ 24</td></tr><tr><td style='padding:3px 6px; font-weight:bold; background-color:#f2f2f2;'>นักเกษตร</td><td style='padding:3px 6px;'>7101</td></tr><tr><td style='padding:3px 6px; font-weight:bold; background-color:#f2f2f2;'>ศูนย์</td><td style='padding:3px 6px;'>K2-71</td></tr><tr><td style='padding:3px 6px; font-weight:bold; background-color:#f2f2f2;'>โควตา</td><td style='padding:3px 6px;'>774086</td></tr><tr><td style='padding:3px 6px; font-weight:bold; background-color:#f2f2f2;'>ชาวไร่</td><td style='padding:3px 6px;'>นาย สมกิจ พนากอบกิจ</td></tr><tr><td style='padding:3px 6px; font-weight:bold; background-color:#f2f2f2;'>ประเภทอ้อย</td><td style='padding:3px 6px;'>ปลายฝน</td></tr><tr><td style='padding:3px 6px; font-weight:bold; background-color:#f2f2f2;'>พื้นที่</td><td style='padding:3px 6px;'>5.24</td></tr><tr><td style='padding:3px 6px; font-weight:bold; background-color:#f2f2f2;'>ตันรวม</td><td style='padding:3px 6px;'>68.12</td></tr><tr><td style='padding:3px 6px; font-weight:bold; background-color:#f2f2f2;'>รหัสแปลง</td><td style='padding:3px 6px;'>321301011522</td></tr><tr><td style='padding:3px 6px; font-weight:bold; background-color:#f2f2f2;'>กลุ่ม</td><td style='padding:3px 6px;'>กลุ่ม_71</td></tr></table></div>]]></description>
      <styleUrl>#plotStyle</styleUrl>
      <MultiGeometry><Polygon><outerBoundaryIs><LinearRing><coordinates>103.9170783,14.5640417,0 103.9171367,14.5643967,0 103.9189217,14.5644233,0 103.9189233,14.5640083,0 103.9170783,14.5640417,0</coordinates></LinearRing></outerBoundaryIs></Polygon></MultiGeometry>
    </Placemark>
    <Placemark>
      <name>321301091552</name>
      <description><![CDATA[<div style='font-family:Tahoma,sans-serif; font-size:13px;'><h3 style='color:#1565C0; margin:4px 0;'>รหัสแปลง: 321301091552</h3><p style='margin:2px 0;'><b>กลุ่มคิว:</b> 71_002</p><table border='1' style='border-collapse:collapse; border-color:#ccc; width:100%;'><tr><td style='padding:3px 6px; font-weight:bold; background-color:#f2f2f2;'>รหัสกลุ่มคิว</td><td style='padding:3px 6px;'>71/002</td></tr><tr><td style='padding:3px 6px; font-weight:bold; background-color:#f2f2f2;'>รหัสรับเหมา</td><td style='padding:3px 6px;'>738889</td></tr><tr><td style='padding:3px 6px; font-weight:bold; background-color:#f2f2f2;'>ชื่อ-สกุล รับเหมา</td><td style='padding:3px 6px;'>รถตัดโรงงานเบอร์ 24</td></tr><tr><td style='padding:3px 6px; font-weight:bold; background-color:#f2f2f2;'>นักเกษตร</td><td style='padding:3px 6px;'>7101</td></tr><tr><td style='padding:3px 6px; font-weight:bold; background-color:#f2f2f2;'>ศูนย์</td><td style='padding:3px 6px;'>K2-71</td></tr><tr><td style='padding:3px 6px; font-weight:bold; background-color:#f2f2f2;'>โควตา</td><td style='padding:3px 6px;'>770926</td></tr><tr><td style='padding:3px 6px; font-weight:bold; background-color:#f2f2f2;'>ชาวไร่</td><td style='padding:3px 6px;'>นาง เพียง คำเสมอ</td></tr><tr><td style='padding:3px 6px; font-weight:bold; background-color:#f2f2f2;'>ประเภทอ้อย</td><td style='padding:3px 6px;'>ตอ1</td></tr><tr><td style='padding:3px 6px; font-weight:bold; background-color:#f2f2f2;'>พื้นที่</td><td style='padding:3px 6px;'>5.78</td></tr><tr><td style='padding:3px 6px; font-weight:bold; background-color:#f2f2f2;'>ตันรวม</td><td style='padding:3px 6px;'>52.02</td></tr><tr><td style='padding:3px 6px; font-weight:bold; background-color:#f2f2f2;'>รหัสแปลง</td><td style='padding:3px 6px;'>321301091552</td></tr><tr><td style='padding:3px 6px; font-weight:bold; background-color:#f2f2f2;'>กลุ่ม</td><td style='padding:3px 6px;'>กลุ่ม_71</td></tr></table></div>]]></description>
      <styleUrl>#plotStyle</styleUrl>
      <MultiGeometry><Polygon><outerBoundaryIs><LinearRing><coordinates>103.9893711,14.5165614,0 103.9891111,14.5165469,0 103.9890810,14.5164966,0 103.9887708,14.5164733,0 103.9888726,14.5180917,0 103.9893093,14.5179118,0 103.9893711,14.5165614,0</coordinates></LinearRing></outerBoundaryIs></Polygon></MultiGeometry>
    </Placemark>
    <Placemark>
      <name>321306071580</name>
      <description><![CDATA[<div style='font-family:Tahoma,sans-serif; font-size:13px;'><h3 style='color:#1565C0; margin:4px 0;'>รหัสแปลง: 321306071580</h3><p style='margin:2px 0;'><b>กลุ่มคิว:</b> 71_002</p><table border='1' style='border-collapse:collapse; border-color:#ccc; width:100%;'><tr><td style='padding:3px 6px; font-weight:bold; background-color:#f2f2f2;'>รหัสกลุ่มคิว</td><td style='padding:3px 6px;'>71/002</td></tr><tr><td style='padding:3px 6px; font-weight:bold; background-color:#f2f2f2;'>รหัสรับเหมา</td><td style='padding:3px 6px;'>738889</td></tr><tr><td style='padding:3px 6px; font-weight:bold; background-color:#f2f2f2;'>ชื่อ-สกุล รับเหมา</td><td style='padding:3px 6px;'>รถตัดโรงงานเบอร์ 24</td></tr><tr><td style='padding:3px 6px; font-weight:bold; background-color:#f2f2f2;'>นักเกษตร</td><td style='padding:3px 6px;'>7101</td></tr><tr><td style='padding:3px 6px; font-weight:bold; background-color:#f2f2f2;'>ศูนย์</td><td style='padding:3px 6px;'>K2-71</td></tr><tr><td style='padding:3px 6px; font-weight:bold; background-color:#f2f2f2;'>โควตา</td><td style='padding:3px 6px;'>773567</td></tr><tr><td style='padding:3px 6px; font-weight:bold; background-color:#f2f2f2;'>ชาวไร่</td><td style='padding:3px 6px;'>นาง จำปี ตระกูลเชียงแก้ว</td></tr><tr><td style='padding:3px 6px; font-weight:bold; background-color:#f2f2f2;'>ประเภทอ้อย</td><td style='padding:3px 6px;'>ปลายฝน</td></tr><tr><td style='padding:3px 6px; font-weight:bold; background-color:#f2f2f2;'>พื้นที่</td><td style='padding:3px 6px;'>9.02</td></tr><tr><td style='padding:3px 6px; font-weight:bold; background-color:#f2f2f2;'>ตันรวม</td><td style='padding:3px 6px;'>117.26</td></tr><tr><td style='padding:3px 6px; font-weight:bold; background-color:#f2f2f2;'>รหัสแปลง</td><td style='padding:3px 6px;'>321306071580</td></tr><tr><td style='padding:3px 6px; font-weight:bold; background-color:#f2f2f2;'>กลุ่ม</td><td style='padding:3px 6px;'>กลุ่ม_71</td></tr></table></div>]]></description>
      <styleUrl>#plotStyle</styleUrl>
      <MultiGeometry><Polygon><outerBoundaryIs><LinearRing><coordinates>103.9751133,14.5844100,0 103.9748167,14.5846200,0 103.9739317,14.5849050,0 103.9741817,14.5851417,0 103.9743867,14.5852667,0 103.9748183,14.5859617,0 103.9754850,14.5857183,0 103.9751133,14.5844100,0</coordinates></LinearRing></outerBoundaryIs></Polygon></MultiGeometry>
    </Placemark>
    <Placemark>
      <name>321301091554</name>
      <description><![CDATA[<div style='font-family:Tahoma,sans-serif; font-size:13px;'><h3 style='color:#1565C0; margin:4px 0;'>รหัสแปลง: 321301091554</h3><p style='margin:2px 0;'><b>กลุ่มคิว:</b> 71_002</p><table border='1' style='border-collapse:collapse; border-color:#ccc; width:100%;'><tr><td style='padding:3px 6px; font-weight:bold; background-color:#f2f2f2;'>รหัสกลุ่มคิว</td><td style='padding:3px 6px;'>71/002</td></tr><tr><td style='padding:3px 6px; font-weight:bold; background-color:#f2f2f2;'>รหัสรับเหมา</td><td style='padding:3px 6px;'>738889</td></tr><tr><td style='padding:3px 6px; font-weight:bold; background-color:#f2f2f2;'>ชื่อ-สกุล รับเหมา</td><td style='padding:3px 6px;'>รถตัดโรงงานเบอร์ 24</td></tr><tr><td style='padding:3px 6px; font-weight:bold; background-color:#f2f2f2;'>นักเกษตร</td><td style='padding:3px 6px;'>7101</td></tr><tr><td style='padding:3px 6px; font-weight:bold; background-color:#f2f2f2;'>ศูนย์</td><td style='padding:3px 6px;'>K2-71</td></tr><tr><td style='padding:3px 6px; font-weight:bold; background-color:#f2f2f2;'>โควตา</td><td style='padding:3px 6px;'>771268</td></tr><tr><td style='padding:3px 6px; font-weight:bold; background-color:#f2f2f2;'>ชาวไร่</td><td style='padding:3px 6px;'>นาง ธีรดา เสาเปรีย</td></tr><tr><td style='padding:3px 6px; font-weight:bold; background-color:#f2f2f2;'>ประเภทอ้อย</td><td style='padding:3px 6px;'>ปลายฝน</td></tr><tr><td style='padding:3px 6px; font-weight:bold; background-color:#f2f2f2;'>พื้นที่</td><td style='padding:3px 6px;'>5.13</td></tr><tr><td style='padding:3px 6px; font-weight:bold; background-color:#f2f2f2;'>ตันรวม</td><td style='padding:3px 6px;'>66.69</td></tr><tr><td style='padding:3px 6px; font-weight:bold; background-color:#f2f2f2;'>รหัสแปลง</td><td style='padding:3px 6px;'>321301091554</td></tr><tr><td style='padding:3px 6px; font-weight:bold; background-color:#f2f2f2;'>กลุ่ม</td><td style='padding:3px 6px;'>กลุ่ม_71</td></tr></table></div>]]></description>
      <styleUrl>#plotStyle</styleUrl>
      <MultiGeometry><Polygon><outerBoundaryIs><LinearRing><coordinates>103.9847726,14.5257587,0 103.9838900,14.5256972,0 103.9838123,14.5262015,0 103.9851030,14.5262053,0 103.9852123,14.5262052,0 103.9852067,14.5261615,0 103.9852212,14.5261265,0 103.9852922,14.5261284,0 103.9853496,14.5260875,0 103.9853660,14.5260796,0 103.9853998,14.5260511,0 103.9854023,14.5258100,0 103.9847726,14.5257587,0</coordinates></LinearRing></outerBoundaryIs></Polygon></MultiGeometry>
    </Placemark>
    <Placemark>
      <name>321301011526</name>
      <description><![CDATA[<div style='font-family:Tahoma,sans-serif; font-size:13px;'><h3 style='color:#1565C0; margin:4px 0;'>รหัสแปลง: 321301011526</h3><p style='margin:2px 0;'><b>กลุ่มคิว:</b> 71_002</p><table border='1' style='border-collapse:collapse; border-color:#ccc; width:100%;'><tr><td style='padding:3px 6px; font-weight:bold; background-color:#f2f2f2;'>รหัสกลุ่มคิว</td><td style='padding:3px 6px;'>71/002</td></tr><tr><td style='padding:3px 6px; font-weight:bold; background-color:#f2f2f2;'>รหัสรับเหมา</td><td style='padding:3px 6px;'>738889</td></tr><tr><td style='padding:3px 6px; font-weight:bold; background-color:#f2f2f2;'>ชื่อ-สกุล รับเหมา</td><td style='padding:3px 6px;'>รถตัดโรงงานเบอร์ 24</td></tr><tr><td style='padding:3px 6px; font-weight:bold; background-color:#f2f2f2;'>นักเกษตร</td><td style='padding:3px 6px;'>7101</td></tr><tr><td style='padding:3px 6px; font-weight:bold; background-color:#f2f2f2;'>ศูนย์</td><td style='padding:3px 6px;'>K2-71</td></tr><tr><td style='padding:3px 6px; font-weight:bold; background-color:#f2f2f2;'>โควตา</td><td style='padding:3px 6px;'>773563</td></tr><tr><td style='padding:3px 6px; font-weight:bold; background-color:#f2f2f2;'>ชาวไร่</td><td style='padding:3px 6px;'>นาย วิเชียร จันทร์นพคุณ</td></tr><tr><td style='padding:3px 6px; font-weight:bold; background-color:#f2f2f2;'>ประเภทอ้อย</td><td style='padding:3px 6px;'>ตอ2</td></tr><tr><td style='padding:3px 6px; font-weight:bold; background-color:#f2f2f2;'>พื้นที่</td><td style='padding:3px 6px;'>3.73</td></tr><tr><td style='padding:3px 6px; font-weight:bold; background-color:#f2f2f2;'>ตันรวม</td><td style='padding:3px 6px;'>29.84</td></tr><tr><td style='padding:3px 6px; font-weight:bold; background-color:#f2f2f2;'>รหัสแปลง</td><td style='padding:3px 6px;'>321301011526</td></tr><tr><td style='padding:3px 6px; font-weight:bold; background-color:#f2f2f2;'>กลุ่ม</td><td style='padding:3px 6px;'>กลุ่ม_71</td></tr></table></div>]]></description>
      <styleUrl>#plotStyle</styleUrl>
      <MultiGeometry><Polygon><outerBoundaryIs><LinearRing><coordinates>103.9153382,14.5476416,0 103.9148201,14.5477506,0 103.9149674,14.5488409,0 103.9153362,14.5487614,0 103.9153382,14.5476416,0</coordinates></LinearRing></outerBoundaryIs></Polygon></MultiGeometry>
    </Placemark>
    <Placemark>
      <name>321006111519</name>
      <description><![CDATA[<div style='font-family:Tahoma,sans-serif; font-size:13px;'><h3 style='color:#1565C0; margin:4px 0;'>รหัสแปลง: 321006111519</h3><p style='margin:2px 0;'><b>กลุ่มคิว:</b> 71_002</p><table border='1' style='border-collapse:collapse; border-color:#ccc; width:100%;'><tr><td style='padding:3px 6px; font-weight:bold; background-color:#f2f2f2;'>รหัสกลุ่มคิว</td><td style='padding:3px 6px;'>71/002</td></tr><tr><td style='padding:3px 6px; font-weight:bold; background-color:#f2f2f2;'>รหัสรับเหมา</td><td style='padding:3px 6px;'>738889</td></tr><tr><td style='padding:3px 6px; font-weight:bold; background-color:#f2f2f2;'>ชื่อ-สกุล รับเหมา</td><td style='padding:3px 6px;'>รถตัดโรงงานเบอร์ 24</td></tr><tr><td style='padding:3px 6px; font-weight:bold; background-color:#f2f2f2;'>นักเกษตร</td><td style='padding:3px 6px;'>7101</td></tr><tr><td style='padding:3px 6px; font-weight:bold; background-color:#f2f2f2;'>ศูนย์</td><td style='padding:3px 6px;'>K2-71</td></tr><tr><td style='padding:3px 6px; font-weight:bold; background-color:#f2f2f2;'>โควตา</td><td style='padding:3px 6px;'>730292</td></tr><tr><td style='padding:3px 6px; font-weight:bold; background-color:#f2f2f2;'>ชาวไร่</td><td style='padding:3px 6px;'>นาย ชัยอนันต์ ชาญเชี่ยว</td></tr><tr><td style='padding:3px 6px; font-weight:bold; background-color:#f2f2f2;'>ประเภทอ้อย</td><td style='padding:3px 6px;'>ตอ1</td></tr><tr><td style='padding:3px 6px; font-weight:bold; background-color:#f2f2f2;'>พื้นที่</td><td style='padding:3px 6px;'>7.76</td></tr><tr><td style='padding:3px 6px; font-weight:bold; background-color:#f2f2f2;'>ตันรวม</td><td style='padding:3px 6px;'>69.84</td></tr><tr><td style='padding:3px 6px; font-weight:bold; background-color:#f2f2f2;'>รหัสแปลง</td><td style='padding:3px 6px;'>321006111519</td></tr><tr><td style='padding:3px 6px; font-weight:bold; background-color:#f2f2f2;'>กลุ่ม</td><td style='padding:3px 6px;'>กลุ่ม_71</td></tr></table></div>]]></description>
      <styleUrl>#plotStyle</styleUrl>
      <MultiGeometry><Polygon><outerBoundaryIs><LinearRing><coordinates>103.8873867,14.5664633,0 103.8876163,14.5664633,0 103.8876533,14.5664067,0 103.8876900,14.5663900,0 103.8880000,14.5663467,0 103.8881047,14.5664633,0 103.8883500,14.5664633,0 103.8883450,14.5662117,0 103.8883367,14.5661100,0 103.8881450,14.5655583,0 103.8880833,14.5653550,0 103.8871317,14.5654550,0 103.8871083,14.5654783,0 103.8872817,14.5660517,0 103.8873867,14.5664633,0</coordinates></LinearRing></outerBoundaryIs></Polygon></MultiGeometry>
    </Placemark>
    <Placemark>
      <name>321306061540</name>
      <description><![CDATA[<div style='font-family:Tahoma,sans-serif; font-size:13px;'><h3 style='color:#1565C0; margin:4px 0;'>รหัสแปลง: 321306061540</h3><p style='margin:2px 0;'><b>กลุ่มคิว:</b> 71_002</p><table border='1' style='border-collapse:collapse; border-color:#ccc; width:100%;'><tr><td style='padding:3px 6px; font-weight:bold; background-color:#f2f2f2;'>รหัสกลุ่มคิว</td><td style='padding:3px 6px;'>71/002</td></tr><tr><td style='padding:3px 6px; font-weight:bold; background-color:#f2f2f2;'>รหัสรับเหมา</td><td style='padding:3px 6px;'>738889</td></tr><tr><td style='padding:3px 6px; font-weight:bold; background-color:#f2f2f2;'>ชื่อ-สกุล รับเหมา</td><td style='padding:3px 6px;'>รถตัดโรงงานเบอร์ 24</td></tr><tr><td style='padding:3px 6px; font-weight:bold; background-color:#f2f2f2;'>นักเกษตร</td><td style='padding:3px 6px;'>7101</td></tr><tr><td style='padding:3px 6px; font-weight:bold; background-color:#f2f2f2;'>ศูนย์</td><td style='padding:3px 6px;'>K2-71</td></tr><tr><td style='padding:3px 6px; font-weight:bold; background-color:#f2f2f2;'>โควตา</td><td style='padding:3px 6px;'>771279</td></tr><tr><td style='padding:3px 6px; font-weight:bold; background-color:#f2f2f2;'>ชาวไร่</td><td style='padding:3px 6px;'>นาง เท็ก นาคเจือ</td></tr><tr><td style='padding:3px 6px; font-weight:bold; background-color:#f2f2f2;'>ประเภทอ้อย</td><td style='padding:3px 6px;'>ตอ1</td></tr><tr><td style='padding:3px 6px; font-weight:bold; background-color:#f2f2f2;'>พื้นที่</td><td style='padding:3px 6px;'>3.77</td></tr><tr><td style='padding:3px 6px; font-weight:bold; background-color:#f2f2f2;'>ตันรวม</td><td style='padding:3px 6px;'>33.93</td></tr><tr><td style='padding:3px 6px; font-weight:bold; background-color:#f2f2f2;'>รหัสแปลง</td><td style='padding:3px 6px;'>321306061540</td></tr><tr><td style='padding:3px 6px; font-weight:bold; background-color:#f2f2f2;'>กลุ่ม</td><td style='padding:3px 6px;'>กลุ่ม_71</td></tr></table></div>]]></description>
      <styleUrl>#plotStyle</styleUrl>
      <MultiGeometry><Polygon><outerBoundaryIs><LinearRing><coordinates>103.9453105,14.5466745,0 103.9452772,14.5468741,0 103.9459330,14.5468605,0 103.9459004,14.5460677,0 103.9452711,14.5460559,0 103.9453105,14.5466745,0</coordinates></LinearRing></outerBoundaryIs></Polygon></MultiGeometry>
    </Placemark>
    <Placemark>
      <name>321301111665</name>
      <description><![CDATA[<div style='font-family:Tahoma,sans-serif; font-size:13px;'><h3 style='color:#1565C0; margin:4px 0;'>รหัสแปลง: 321301111665</h3><p style='margin:2px 0;'><b>กลุ่มคิว:</b> 71_002</p><table border='1' style='border-collapse:collapse; border-color:#ccc; width:100%;'><tr><td style='padding:3px 6px; font-weight:bold; background-color:#f2f2f2;'>รหัสกลุ่มคิว</td><td style='padding:3px 6px;'>71/002</td></tr><tr><td style='padding:3px 6px; font-weight:bold; background-color:#f2f2f2;'>รหัสรับเหมา</td><td style='padding:3px 6px;'>738889</td></tr><tr><td style='padding:3px 6px; font-weight:bold; background-color:#f2f2f2;'>ชื่อ-สกุล รับเหมา</td><td style='padding:3px 6px;'>รถตัดโรงงานเบอร์ 24</td></tr><tr><td style='padding:3px 6px; font-weight:bold; background-color:#f2f2f2;'>นักเกษตร</td><td style='padding:3px 6px;'>7101</td></tr><tr><td style='padding:3px 6px; font-weight:bold; background-color:#f2f2f2;'>ศูนย์</td><td style='padding:3px 6px;'>K2-71</td></tr><tr><td style='padding:3px 6px; font-weight:bold; background-color:#f2f2f2;'>โควตา</td><td style='padding:3px 6px;'>770851</td></tr><tr><td style='padding:3px 6px; font-weight:bold; background-color:#f2f2f2;'>ชาวไร่</td><td style='padding:3px 6px;'>นาง สุพล สุดสวาท</td></tr><tr><td style='padding:3px 6px; font-weight:bold; background-color:#f2f2f2;'>ประเภทอ้อย</td><td style='padding:3px 6px;'>ปลายฝน</td></tr><tr><td style='padding:3px 6px; font-weight:bold; background-color:#f2f2f2;'>พื้นที่</td><td style='padding:3px 6px;'>6.1</td></tr><tr><td style='padding:3px 6px; font-weight:bold; background-color:#f2f2f2;'>ตันรวม</td><td style='padding:3px 6px;'>79.3</td></tr><tr><td style='padding:3px 6px; font-weight:bold; background-color:#f2f2f2;'>รหัสแปลง</td><td style='padding:3px 6px;'>321301111665</td></tr><tr><td style='padding:3px 6px; font-weight:bold; background-color:#f2f2f2;'>กลุ่ม</td><td style='padding:3px 6px;'>กลุ่ม_71</td></tr></table></div>]]></description>
      <styleUrl>#plotStyle</styleUrl>
      <MultiGeometry><Polygon><outerBoundaryIs><LinearRing><coordinates>103.8905917,14.5321667,0 103.8904533,14.5313417,0 103.8896050,14.5315483,0 103.8897617,14.5325033,0 103.8905700,14.5322383,0 103.8905917,14.5321667,0</coordinates></LinearRing></outerBoundaryIs></Polygon></MultiGeometry>
    </Placemark>
    <Placemark>
      <name>321306061542</name>
      <description><![CDATA[<div style='font-family:Tahoma,sans-serif; font-size:13px;'><h3 style='color:#1565C0; margin:4px 0;'>รหัสแปลง: 321306061542</h3><p style='margin:2px 0;'><b>กลุ่มคิว:</b> 71_002</p><table border='1' style='border-collapse:collapse; border-color:#ccc; width:100%;'><tr><td style='padding:3px 6px; font-weight:bold; background-color:#f2f2f2;'>รหัสกลุ่มคิว</td><td style='padding:3px 6px;'>71/002</td></tr><tr><td style='padding:3px 6px; font-weight:bold; background-color:#f2f2f2;'>รหัสรับเหมา</td><td style='padding:3px 6px;'>738889</td></tr><tr><td style='padding:3px 6px; font-weight:bold; background-color:#f2f2f2;'>ชื่อ-สกุล รับเหมา</td><td style='padding:3px 6px;'>รถตัดโรงงานเบอร์ 24</td></tr><tr><td style='padding:3px 6px; font-weight:bold; background-color:#f2f2f2;'>นักเกษตร</td><td style='padding:3px 6px;'>7101</td></tr><tr><td style='padding:3px 6px; font-weight:bold; background-color:#f2f2f2;'>ศูนย์</td><td style='padding:3px 6px;'>K2-71</td></tr><tr><td style='padding:3px 6px; font-weight:bold; background-color:#f2f2f2;'>โควตา</td><td style='padding:3px 6px;'>771279</td></tr><tr><td style='padding:3px 6px; font-weight:bold; background-color:#f2f2f2;'>ชาวไร่</td><td style='padding:3px 6px;'>นาง เท็ก นาคเจือ</td></tr><tr><td style='padding:3px 6px; font-weight:bold; background-color:#f2f2f2;'>ประเภทอ้อย</td><td style='padding:3px 6px;'>ปลายฝน</td></tr><tr><td style='padding:3px 6px; font-weight:bold; background-color:#f2f2f2;'>พื้นที่</td><td style='padding:3px 6px;'>2.3</td></tr><tr><td style='padding:3px 6px; font-weight:bold; background-color:#f2f2f2;'>ตันรวม</td><td style='padding:3px 6px;'>29.9</td></tr><tr><td style='padding:3px 6px; font-weight:bold; background-color:#f2f2f2;'>รหัสแปลง</td><td style='padding:3px 6px;'>321306061542</td></tr><tr><td style='padding:3px 6px; font-weight:bold; background-color:#f2f2f2;'>กลุ่ม</td><td style='padding:3px 6px;'>กลุ่ม_71</td></tr></table></div>]]></description>
      <styleUrl>#plotStyle</styleUrl>
      <MultiGeometry><Polygon><outerBoundaryIs><LinearRing><coordinates>103.9452676,14.5483346,0 103.9459070,14.5482559,0 103.9459037,14.5479800,0 103.9456542,14.5479759,0 103.9456306,14.5476821,0 103.9452942,14.5476733,0 103.9452676,14.5483346,0</coordinates></LinearRing></outerBoundaryIs></Polygon></MultiGeometry>
    </Placemark>
    <Placemark>
      <name>321306061546</name>
      <description><![CDATA[<div style='font-family:Tahoma,sans-serif; font-size:13px;'><h3 style='color:#1565C0; margin:4px 0;'>รหัสแปลง: 321306061546</h3><p style='margin:2px 0;'><b>กลุ่มคิว:</b> 71_002</p><table border='1' style='border-collapse:collapse; border-color:#ccc; width:100%;'><tr><td style='padding:3px 6px; font-weight:bold; background-color:#f2f2f2;'>รหัสกลุ่มคิว</td><td style='padding:3px 6px;'>71/002</td></tr><tr><td style='padding:3px 6px; font-weight:bold; background-color:#f2f2f2;'>รหัสรับเหมา</td><td style='padding:3px 6px;'>738889</td></tr><tr><td style='padding:3px 6px; font-weight:bold; background-color:#f2f2f2;'>ชื่อ-สกุล รับเหมา</td><td style='padding:3px 6px;'>รถตัดโรงงานเบอร์ 24</td></tr><tr><td style='padding:3px 6px; font-weight:bold; background-color:#f2f2f2;'>นักเกษตร</td><td style='padding:3px 6px;'>7101</td></tr><tr><td style='padding:3px 6px; font-weight:bold; background-color:#f2f2f2;'>ศูนย์</td><td style='padding:3px 6px;'>K2-71</td></tr><tr><td style='padding:3px 6px; font-weight:bold; background-color:#f2f2f2;'>โควตา</td><td style='padding:3px 6px;'>770926</td></tr><tr><td style='padding:3px 6px; font-weight:bold; background-color:#f2f2f2;'>ชาวไร่</td><td style='padding:3px 6px;'>นาง เพียง คำเสมอ</td></tr><tr><td style='padding:3px 6px; font-weight:bold; background-color:#f2f2f2;'>ประเภทอ้อย</td><td style='padding:3px 6px;'>ปลายฝน</td></tr><tr><td style='padding:3px 6px; font-weight:bold; background-color:#f2f2f2;'>พื้นที่</td><td style='padding:3px 6px;'>4.51</td></tr><tr><td style='padding:3px 6px; font-weight:bold; background-color:#f2f2f2;'>ตันรวม</td><td style='padding:3px 6px;'>58.63</td></tr><tr><td style='padding:3px 6px; font-weight:bold; background-color:#f2f2f2;'>รหัสแปลง</td><td style='padding:3px 6px;'>321306061546</td></tr><tr><td style='padding:3px 6px; font-weight:bold; background-color:#f2f2f2;'>กลุ่ม</td><td style='padding:3px 6px;'>กลุ่ม_71</td></tr></table></div>]]></description>
      <styleUrl>#plotStyle</styleUrl>
      <MultiGeometry><Polygon><outerBoundaryIs><LinearRing><coordinates>103.9627849,14.5651393,0 103.9629930,14.5667965,0 103.9630626,14.5667840,0 103.9630990,14.5667450,0 103.9632269,14.5665720,0 103.9632882,14.5664951,0 103.9631808,14.5649502,0 103.9627849,14.5651393,0</coordinates></LinearRing></outerBoundaryIs></Polygon></MultiGeometry>
    </Placemark>
    <Placemark>
      <name>321301081588</name>
      <description><![CDATA[<div style='font-family:Tahoma,sans-serif; font-size:13px;'><h3 style='color:#1565C0; margin:4px 0;'>รหัสแปลง: 321301081588</h3><p style='margin:2px 0;'><b>กลุ่มคิว:</b> 71_002</p><table border='1' style='border-collapse:collapse; border-color:#ccc; width:100%;'><tr><td style='padding:3px 6px; font-weight:bold; background-color:#f2f2f2;'>รหัสกลุ่มคิว</td><td style='padding:3px 6px;'>71/002</td></tr><tr><td style='padding:3px 6px; font-weight:bold; background-color:#f2f2f2;'>รหัสรับเหมา</td><td style='padding:3px 6px;'>738889</td></tr><tr><td style='padding:3px 6px; font-weight:bold; background-color:#f2f2f2;'>ชื่อ-สกุล รับเหมา</td><td style='padding:3px 6px;'>รถตัดโรงงานเบอร์ 24</td></tr><tr><td style='padding:3px 6px; font-weight:bold; background-color:#f2f2f2;'>นักเกษตร</td><td style='padding:3px 6px;'>7101</td></tr><tr><td style='padding:3px 6px; font-weight:bold; background-color:#f2f2f2;'>ศูนย์</td><td style='padding:3px 6px;'>K2-71</td></tr><tr><td style='padding:3px 6px; font-weight:bold; background-color:#f2f2f2;'>โควตา</td><td style='padding:3px 6px;'>773715</td></tr><tr><td style='padding:3px 6px; font-weight:bold; background-color:#f2f2f2;'>ชาวไร่</td><td style='padding:3px 6px;'>นาง เพชรลดา มณีตา</td></tr><tr><td style='padding:3px 6px; font-weight:bold; background-color:#f2f2f2;'>ประเภทอ้อย</td><td style='padding:3px 6px;'>ปลายฝน</td></tr><tr><td style='padding:3px 6px; font-weight:bold; background-color:#f2f2f2;'>พื้นที่</td><td style='padding:3px 6px;'>1.73</td></tr><tr><td style='padding:3px 6px; font-weight:bold; background-color:#f2f2f2;'>ตันรวม</td><td style='padding:3px 6px;'>22.49</td></tr><tr><td style='padding:3px 6px; font-weight:bold; background-color:#f2f2f2;'>รหัสแปลง</td><td style='padding:3px 6px;'>321301081588</td></tr><tr><td style='padding:3px 6px; font-weight:bold; background-color:#f2f2f2;'>กลุ่ม</td><td style='padding:3px 6px;'>กลุ่ม_71</td></tr></table></div>]]></description>
      <styleUrl>#plotStyle</styleUrl>
      <MultiGeometry><Polygon><outerBoundaryIs><LinearRing><coordinates>103.9776684,14.5091974,0 103.9776587,14.5097597,0 103.9781274,14.5097668,0 103.9780245,14.5093291,0 103.9780205,14.5091703,0 103.9776684,14.5091974,0</coordinates></LinearRing></outerBoundaryIs></Polygon></MultiGeometry>
    </Placemark>
    <Placemark>
      <name>321301121625</name>
      <description><![CDATA[<div style='font-family:Tahoma,sans-serif; font-size:13px;'><h3 style='color:#1565C0; margin:4px 0;'>รหัสแปลง: 321301121625</h3><p style='margin:2px 0;'><b>กลุ่มคิว:</b> 71_002</p><table border='1' style='border-collapse:collapse; border-color:#ccc; width:100%;'><tr><td style='padding:3px 6px; font-weight:bold; background-color:#f2f2f2;'>รหัสกลุ่มคิว</td><td style='padding:3px 6px;'>71/002</td></tr><tr><td style='padding:3px 6px; font-weight:bold; background-color:#f2f2f2;'>รหัสรับเหมา</td><td style='padding:3px 6px;'>738889</td></tr><tr><td style='padding:3px 6px; font-weight:bold; background-color:#f2f2f2;'>ชื่อ-สกุล รับเหมา</td><td style='padding:3px 6px;'>รถตัดโรงงานเบอร์ 24</td></tr><tr><td style='padding:3px 6px; font-weight:bold; background-color:#f2f2f2;'>นักเกษตร</td><td style='padding:3px 6px;'>7101</td></tr><tr><td style='padding:3px 6px; font-weight:bold; background-color:#f2f2f2;'>ศูนย์</td><td style='padding:3px 6px;'>K2-71</td></tr><tr><td style='padding:3px 6px; font-weight:bold; background-color:#f2f2f2;'>โควตา</td><td style='padding:3px 6px;'>771005</td></tr><tr><td style='padding:3px 6px; font-weight:bold; background-color:#f2f2f2;'>ชาวไร่</td><td style='padding:3px 6px;'>นาย สุรินทร์ สายกระสุน</td></tr><tr><td style='padding:3px 6px; font-weight:bold; background-color:#f2f2f2;'>ประเภทอ้อย</td><td style='padding:3px 6px;'>ตอ2</td></tr><tr><td style='padding:3px 6px; font-weight:bold; background-color:#f2f2f2;'>พื้นที่</td><td style='padding:3px 6px;'>5.35</td></tr><tr><td style='padding:3px 6px; font-weight:bold; background-color:#f2f2f2;'>ตันรวม</td><td style='padding:3px 6px;'>42.8</td></tr><tr><td style='padding:3px 6px; font-weight:bold; background-color:#f2f2f2;'>รหัสแปลง</td><td style='padding:3px 6px;'>321301121625</td></tr><tr><td style='padding:3px 6px; font-weight:bold; background-color:#f2f2f2;'>กลุ่ม</td><td style='padding:3px 6px;'>กลุ่ม_71</td></tr></table></div>]]></description>
      <styleUrl>#plotStyle</styleUrl>
      <MultiGeometry><Polygon><outerBoundaryIs><LinearRing><coordinates>103.9342856,14.5487969,0 103.9330361,14.5490865,0 103.9330173,14.5491258,0 103.9329839,14.5491299,0 103.9330333,14.5496367,0 103.9343895,14.5492970,0 103.9342856,14.5487969,0</coordinates></LinearRing></outerBoundaryIs></Polygon></MultiGeometry>
    </Placemark>
    <Placemark>
      <name>321301121627</name>
      <description><![CDATA[<div style='font-family:Tahoma,sans-serif; font-size:13px;'><h3 style='color:#1565C0; margin:4px 0;'>รหัสแปลง: 321301121627</h3><p style='margin:2px 0;'><b>กลุ่มคิว:</b> 71_002</p><table border='1' style='border-collapse:collapse; border-color:#ccc; width:100%;'><tr><td style='padding:3px 6px; font-weight:bold; background-color:#f2f2f2;'>รหัสกลุ่มคิว</td><td style='padding:3px 6px;'>71/002</td></tr><tr><td style='padding:3px 6px; font-weight:bold; background-color:#f2f2f2;'>รหัสรับเหมา</td><td style='padding:3px 6px;'>738889</td></tr><tr><td style='padding:3px 6px; font-weight:bold; background-color:#f2f2f2;'>ชื่อ-สกุล รับเหมา</td><td style='padding:3px 6px;'>รถตัดโรงงานเบอร์ 24</td></tr><tr><td style='padding:3px 6px; font-weight:bold; background-color:#f2f2f2;'>นักเกษตร</td><td style='padding:3px 6px;'>7101</td></tr><tr><td style='padding:3px 6px; font-weight:bold; background-color:#f2f2f2;'>ศูนย์</td><td style='padding:3px 6px;'>K2-71</td></tr><tr><td style='padding:3px 6px; font-weight:bold; background-color:#f2f2f2;'>โควตา</td><td style='padding:3px 6px;'>774086</td></tr><tr><td style='padding:3px 6px; font-weight:bold; background-color:#f2f2f2;'>ชาวไร่</td><td style='padding:3px 6px;'>นาย สมกิจ พนากอบกิจ</td></tr><tr><td style='padding:3px 6px; font-weight:bold; background-color:#f2f2f2;'>ประเภทอ้อย</td><td style='padding:3px 6px;'>ปลายฝน</td></tr><tr><td style='padding:3px 6px; font-weight:bold; background-color:#f2f2f2;'>พื้นที่</td><td style='padding:3px 6px;'>12.16</td></tr><tr><td style='padding:3px 6px; font-weight:bold; background-color:#f2f2f2;'>ตันรวม</td><td style='padding:3px 6px;'>158.08</td></tr><tr><td style='padding:3px 6px; font-weight:bold; background-color:#f2f2f2;'>รหัสแปลง</td><td style='padding:3px 6px;'>321301121627</td></tr><tr><td style='padding:3px 6px; font-weight:bold; background-color:#f2f2f2;'>กลุ่ม</td><td style='padding:3px 6px;'>กลุ่ม_71</td></tr></table></div>]]></description>
      <styleUrl>#plotStyle</styleUrl>
      <MultiGeometry><Polygon><outerBoundaryIs><LinearRing><coordinates>103.9387481,14.5625920,0 103.9389864,14.5631086,0 103.9422059,14.5631299,0 103.9420384,14.5626458,0 103.9387481,14.5625920,0</coordinates></LinearRing></outerBoundaryIs></Polygon></MultiGeometry>
    </Placemark>
    <Placemark>
      <name>321306061548</name>
      <description><![CDATA[<div style='font-family:Tahoma,sans-serif; font-size:13px;'><h3 style='color:#1565C0; margin:4px 0;'>รหัสแปลง: 321306061548</h3><p style='margin:2px 0;'><b>กลุ่มคิว:</b> 71_002</p><table border='1' style='border-collapse:collapse; border-color:#ccc; width:100%;'><tr><td style='padding:3px 6px; font-weight:bold; background-color:#f2f2f2;'>รหัสกลุ่มคิว</td><td style='padding:3px 6px;'>71/002</td></tr><tr><td style='padding:3px 6px; font-weight:bold; background-color:#f2f2f2;'>รหัสรับเหมา</td><td style='padding:3px 6px;'>738889</td></tr><tr><td style='padding:3px 6px; font-weight:bold; background-color:#f2f2f2;'>ชื่อ-สกุล รับเหมา</td><td style='padding:3px 6px;'>รถตัดโรงงานเบอร์ 24</td></tr><tr><td style='padding:3px 6px; font-weight:bold; background-color:#f2f2f2;'>นักเกษตร</td><td style='padding:3px 6px;'>7101</td></tr><tr><td style='padding:3px 6px; font-weight:bold; background-color:#f2f2f2;'>ศูนย์</td><td style='padding:3px 6px;'>K2-71</td></tr><tr><td style='padding:3px 6px; font-weight:bold; background-color:#f2f2f2;'>โควตา</td><td style='padding:3px 6px;'>774086</td></tr><tr><td style='padding:3px 6px; font-weight:bold; background-color:#f2f2f2;'>ชาวไร่</td><td style='padding:3px 6px;'>นาย สมกิจ พนากอบกิจ</td></tr><tr><td style='padding:3px 6px; font-weight:bold; background-color:#f2f2f2;'>ประเภทอ้อย</td><td style='padding:3px 6px;'>ตอ1</td></tr><tr><td style='padding:3px 6px; font-weight:bold; background-color:#f2f2f2;'>พื้นที่</td><td style='padding:3px 6px;'>10.24</td></tr><tr><td style='padding:3px 6px; font-weight:bold; background-color:#f2f2f2;'>ตันรวม</td><td style='padding:3px 6px;'>92.16</td></tr><tr><td style='padding:3px 6px; font-weight:bold; background-color:#f2f2f2;'>รหัสแปลง</td><td style='padding:3px 6px;'>321306061548</td></tr><tr><td style='padding:3px 6px; font-weight:bold; background-color:#f2f2f2;'>กลุ่ม</td><td style='padding:3px 6px;'>กลุ่ม_71</td></tr></table></div>]]></description>
      <styleUrl>#plotStyle</styleUrl>
      <MultiGeometry><Polygon><outerBoundaryIs><LinearRing><coordinates>103.9420433,14.5626083,0 103.9418767,14.5622200,0 103.9407720,14.5622170,0 103.9385233,14.5620433,0 103.9387483,14.5625467,0 103.9420433,14.5626083,0</coordinates></LinearRing></outerBoundaryIs></Polygon></MultiGeometry>
    </Placemark>
    <Placemark>
      <name>321301091560</name>
      <description><![CDATA[<div style='font-family:Tahoma,sans-serif; font-size:13px;'><h3 style='color:#1565C0; margin:4px 0;'>รหัสแปลง: 321301091560</h3><p style='margin:2px 0;'><b>กลุ่มคิว:</b> 71_002</p><table border='1' style='border-collapse:collapse; border-color:#ccc; width:100%;'><tr><td style='padding:3px 6px; font-weight:bold; background-color:#f2f2f2;'>รหัสกลุ่มคิว</td><td style='padding:3px 6px;'>71/002</td></tr><tr><td style='padding:3px 6px; font-weight:bold; background-color:#f2f2f2;'>รหัสรับเหมา</td><td style='padding:3px 6px;'>738889</td></tr><tr><td style='padding:3px 6px; font-weight:bold; background-color:#f2f2f2;'>ชื่อ-สกุล รับเหมา</td><td style='padding:3px 6px;'>รถตัดโรงงานเบอร์ 24</td></tr><tr><td style='padding:3px 6px; font-weight:bold; background-color:#f2f2f2;'>นักเกษตร</td><td style='padding:3px 6px;'>7101</td></tr><tr><td style='padding:3px 6px; font-weight:bold; background-color:#f2f2f2;'>ศูนย์</td><td style='padding:3px 6px;'>K2-71</td></tr><tr><td style='padding:3px 6px; font-weight:bold; background-color:#f2f2f2;'>โควตา</td><td style='padding:3px 6px;'>770911</td></tr><tr><td style='padding:3px 6px; font-weight:bold; background-color:#f2f2f2;'>ชาวไร่</td><td style='padding:3px 6px;'>นาง สม ม่วงละออ</td></tr><tr><td style='padding:3px 6px; font-weight:bold; background-color:#f2f2f2;'>ประเภทอ้อย</td><td style='padding:3px 6px;'>ตอ1</td></tr><tr><td style='padding:3px 6px; font-weight:bold; background-color:#f2f2f2;'>พื้นที่</td><td style='padding:3px 6px;'>7.63</td></tr><tr><td style='padding:3px 6px; font-weight:bold; background-color:#f2f2f2;'>ตันรวม</td><td style='padding:3px 6px;'>68.67</td></tr><tr><td style='padding:3px 6px; font-weight:bold; background-color:#f2f2f2;'>รหัสแปลง</td><td style='padding:3px 6px;'>321301091560</td></tr><tr><td style='padding:3px 6px; font-weight:bold; background-color:#f2f2f2;'>กลุ่ม</td><td style='padding:3px 6px;'>กลุ่ม_71</td></tr></table></div>]]></description>
      <styleUrl>#plotStyle</styleUrl>
      <MultiGeometry><Polygon><outerBoundaryIs><LinearRing><coordinates>103.9738670,14.5226546,0 103.9738648,14.5228171,0 103.9740130,14.5228371,0 103.9741633,14.5224478,0 103.9740289,14.5224118,0 103.9739588,14.5223760,0 103.9739593,14.5220357,0 103.9733086,14.5220485,0 103.9730989,14.5220648,0 103.9727228,14.5220349,0 103.9726648,14.5220141,0 103.9726180,14.5218983,0 103.9724476,14.5219029,0 103.9723823,14.5226155,0 103.9738670,14.5226546,0</coordinates></LinearRing></outerBoundaryIs></Polygon></MultiGeometry>
    </Placemark>
    <Placemark>
      <name>321007041556</name>
      <description><![CDATA[<div style='font-family:Tahoma,sans-serif; font-size:13px;'><h3 style='color:#1565C0; margin:4px 0;'>รหัสแปลง: 321007041556</h3><p style='margin:2px 0;'><b>กลุ่มคิว:</b> 71_002</p><table border='1' style='border-collapse:collapse; border-color:#ccc; width:100%;'><tr><td style='padding:3px 6px; font-weight:bold; background-color:#f2f2f2;'>รหัสกลุ่มคิว</td><td style='padding:3px 6px;'>71/002</td></tr><tr><td style='padding:3px 6px; font-weight:bold; background-color:#f2f2f2;'>รหัสรับเหมา</td><td style='padding:3px 6px;'>738889</td></tr><tr><td style='padding:3px 6px; font-weight:bold; background-color:#f2f2f2;'>ชื่อ-สกุล รับเหมา</td><td style='padding:3px 6px;'>รถตัดโรงงานเบอร์ 24</td></tr><tr><td style='padding:3px 6px; font-weight:bold; background-color:#f2f2f2;'>นักเกษตร</td><td style='padding:3px 6px;'>7101</td></tr><tr><td style='padding:3px 6px; font-weight:bold; background-color:#f2f2f2;'>ศูนย์</td><td style='padding:3px 6px;'>K2-71</td></tr><tr><td style='padding:3px 6px; font-weight:bold; background-color:#f2f2f2;'>โควตา</td><td style='padding:3px 6px;'>774198</td></tr><tr><td style='padding:3px 6px; font-weight:bold; background-color:#f2f2f2;'>ชาวไร่</td><td style='padding:3px 6px;'>นาย นพพร ศรียันต์</td></tr><tr><td style='padding:3px 6px; font-weight:bold; background-color:#f2f2f2;'>ประเภทอ้อย</td><td style='padding:3px 6px;'>ตอ1</td></tr><tr><td style='padding:3px 6px; font-weight:bold; background-color:#f2f2f2;'>พื้นที่</td><td style='padding:3px 6px;'>14.06</td></tr><tr><td style='padding:3px 6px; font-weight:bold; background-color:#f2f2f2;'>ตันรวม</td><td style='padding:3px 6px;'>126.54</td></tr><tr><td style='padding:3px 6px; font-weight:bold; background-color:#f2f2f2;'>รหัสแปลง</td><td style='padding:3px 6px;'>321007041556</td></tr><tr><td style='padding:3px 6px; font-weight:bold; background-color:#f2f2f2;'>กลุ่ม</td><td style='padding:3px 6px;'>กลุ่ม_71</td></tr></table></div>]]></description>
      <styleUrl>#plotStyle</styleUrl>
      <MultiGeometry><Polygon><outerBoundaryIs><LinearRing><coordinates>103.9283557,14.5949609,0 103.9278508,14.5952018,0 103.9286502,14.5980127,0 103.9293299,14.5977950,0 103.9283557,14.5949609,0</coordinates></LinearRing></outerBoundaryIs></Polygon></MultiGeometry>
    </Placemark>
    <Placemark>
      <name>321301091561</name>
      <description><![CDATA[<div style='font-family:Tahoma,sans-serif; font-size:13px;'><h3 style='color:#1565C0; margin:4px 0;'>รหัสแปลง: 321301091561</h3><p style='margin:2px 0;'><b>กลุ่มคิว:</b> 71_002</p><table border='1' style='border-collapse:collapse; border-color:#ccc; width:100%;'><tr><td style='padding:3px 6px; font-weight:bold; background-color:#f2f2f2;'>รหัสกลุ่มคิว</td><td style='padding:3px 6px;'>71/002</td></tr><tr><td style='padding:3px 6px; font-weight:bold; background-color:#f2f2f2;'>รหัสรับเหมา</td><td style='padding:3px 6px;'>738889</td></tr><tr><td style='padding:3px 6px; font-weight:bold; background-color:#f2f2f2;'>ชื่อ-สกุล รับเหมา</td><td style='padding:3px 6px;'>รถตัดโรงงานเบอร์ 24</td></tr><tr><td style='padding:3px 6px; font-weight:bold; background-color:#f2f2f2;'>นักเกษตร</td><td style='padding:3px 6px;'>7101</td></tr><tr><td style='padding:3px 6px; font-weight:bold; background-color:#f2f2f2;'>ศูนย์</td><td style='padding:3px 6px;'>K2-71</td></tr><tr><td style='padding:3px 6px; font-weight:bold; background-color:#f2f2f2;'>โควตา</td><td style='padding:3px 6px;'>770911</td></tr><tr><td style='padding:3px 6px; font-weight:bold; background-color:#f2f2f2;'>ชาวไร่</td><td style='padding:3px 6px;'>นาง สม ม่วงละออ</td></tr><tr><td style='padding:3px 6px; font-weight:bold; background-color:#f2f2f2;'>ประเภทอ้อย</td><td style='padding:3px 6px;'>ตอ1</td></tr><tr><td style='padding:3px 6px; font-weight:bold; background-color:#f2f2f2;'>พื้นที่</td><td style='padding:3px 6px;'>1.5</td></tr><tr><td style='padding:3px 6px; font-weight:bold; background-color:#f2f2f2;'>ตันรวม</td><td style='padding:3px 6px;'>13.5</td></tr><tr><td style='padding:3px 6px; font-weight:bold; background-color:#f2f2f2;'>รหัสแปลง</td><td style='padding:3px 6px;'>321301091561</td></tr><tr><td style='padding:3px 6px; font-weight:bold; background-color:#f2f2f2;'>กลุ่ม</td><td style='padding:3px 6px;'>กลุ่ม_71</td></tr></table></div>]]></description>
      <styleUrl>#plotStyle</styleUrl>
      <MultiGeometry><Polygon><outerBoundaryIs><LinearRing><coordinates>103.9741103,14.5228400,0 103.9744459,14.5219958,0 103.9739588,14.5219954,0 103.9739554,14.5223340,0 103.9739769,14.5223666,0 103.9741773,14.5224172,0 103.9740563,14.5227712,0 103.9741103,14.5228400,0</coordinates></LinearRing></outerBoundaryIs></Polygon></MultiGeometry>
    </Placemark>
    <Placemark>
      <name>321301121632</name>
      <description><![CDATA[<div style='font-family:Tahoma,sans-serif; font-size:13px;'><h3 style='color:#1565C0; margin:4px 0;'>รหัสแปลง: 321301121632</h3><p style='margin:2px 0;'><b>กลุ่มคิว:</b> 71_002</p><table border='1' style='border-collapse:collapse; border-color:#ccc; width:100%;'><tr><td style='padding:3px 6px; font-weight:bold; background-color:#f2f2f2;'>รหัสกลุ่มคิว</td><td style='padding:3px 6px;'>71/002</td></tr><tr><td style='padding:3px 6px; font-weight:bold; background-color:#f2f2f2;'>รหัสรับเหมา</td><td style='padding:3px 6px;'>738889</td></tr><tr><td style='padding:3px 6px; font-weight:bold; background-color:#f2f2f2;'>ชื่อ-สกุล รับเหมา</td><td style='padding:3px 6px;'>รถตัดโรงงานเบอร์ 24</td></tr><tr><td style='padding:3px 6px; font-weight:bold; background-color:#f2f2f2;'>นักเกษตร</td><td style='padding:3px 6px;'>7101</td></tr><tr><td style='padding:3px 6px; font-weight:bold; background-color:#f2f2f2;'>ศูนย์</td><td style='padding:3px 6px;'>K2-71</td></tr><tr><td style='padding:3px 6px; font-weight:bold; background-color:#f2f2f2;'>โควตา</td><td style='padding:3px 6px;'>773482</td></tr><tr><td style='padding:3px 6px; font-weight:bold; background-color:#f2f2f2;'>ชาวไร่</td><td style='padding:3px 6px;'>นาง วิภาวดี แก้วมี</td></tr><tr><td style='padding:3px 6px; font-weight:bold; background-color:#f2f2f2;'>ประเภทอ้อย</td><td style='padding:3px 6px;'>ปลายฝน</td></tr><tr><td style='padding:3px 6px; font-weight:bold; background-color:#f2f2f2;'>พื้นที่</td><td style='padding:3px 6px;'>5.64</td></tr><tr><td style='padding:3px 6px; font-weight:bold; background-color:#f2f2f2;'>ตันรวม</td><td style='padding:3px 6px;'>73.32</td></tr><tr><td style='padding:3px 6px; font-weight:bold; background-color:#f2f2f2;'>รหัสแปลง</td><td style='padding:3px 6px;'>321301121632</td></tr><tr><td style='padding:3px 6px; font-weight:bold; background-color:#f2f2f2;'>กลุ่ม</td><td style='padding:3px 6px;'>กลุ่ม_71</td></tr></table></div>]]></description>
      <styleUrl>#plotStyle</styleUrl>
      <MultiGeometry><Polygon><outerBoundaryIs><LinearRing><coordinates>103.9229533,14.5446233,0 103.9238033,14.5464533,0 103.9241400,14.5461433,0 103.9233533,14.5446083,0 103.9229533,14.5446233,0</coordinates></LinearRing></outerBoundaryIs></Polygon></MultiGeometry>
    </Placemark>
    <Placemark>
      <name>321301111704</name>
      <description><![CDATA[<div style='font-family:Tahoma,sans-serif; font-size:13px;'><h3 style='color:#1565C0; margin:4px 0;'>รหัสแปลง: 321301111704</h3><p style='margin:2px 0;'><b>กลุ่มคิว:</b> 71_002</p><table border='1' style='border-collapse:collapse; border-color:#ccc; width:100%;'><tr><td style='padding:3px 6px; font-weight:bold; background-color:#f2f2f2;'>รหัสกลุ่มคิว</td><td style='padding:3px 6px;'>71/002</td></tr><tr><td style='padding:3px 6px; font-weight:bold; background-color:#f2f2f2;'>รหัสรับเหมา</td><td style='padding:3px 6px;'>738889</td></tr><tr><td style='padding:3px 6px; font-weight:bold; background-color:#f2f2f2;'>ชื่อ-สกุล รับเหมา</td><td style='padding:3px 6px;'>รถตัดโรงงานเบอร์ 24</td></tr><tr><td style='padding:3px 6px; font-weight:bold; background-color:#f2f2f2;'>นักเกษตร</td><td style='padding:3px 6px;'>7101</td></tr><tr><td style='padding:3px 6px; font-weight:bold; background-color:#f2f2f2;'>ศูนย์</td><td style='padding:3px 6px;'>K2-71</td></tr><tr><td style='padding:3px 6px; font-weight:bold; background-color:#f2f2f2;'>โควตา</td><td style='padding:3px 6px;'>770851</td></tr><tr><td style='padding:3px 6px; font-weight:bold; background-color:#f2f2f2;'>ชาวไร่</td><td style='padding:3px 6px;'>นาง สุพล สุดสวาท</td></tr><tr><td style='padding:3px 6px; font-weight:bold; background-color:#f2f2f2;'>ประเภทอ้อย</td><td style='padding:3px 6px;'>ต้นฝน</td></tr><tr><td style='padding:3px 6px; font-weight:bold; background-color:#f2f2f2;'>พื้นที่</td><td style='padding:3px 6px;'>2.47</td></tr><tr><td style='padding:3px 6px; font-weight:bold; background-color:#f2f2f2;'>ตันรวม</td><td style='padding:3px 6px;'>27.17</td></tr><tr><td style='padding:3px 6px; font-weight:bold; background-color:#f2f2f2;'>รหัสแปลง</td><td style='padding:3px 6px;'>321301111704</td></tr><tr><td style='padding:3px 6px; font-weight:bold; background-color:#f2f2f2;'>กลุ่ม</td><td style='padding:3px 6px;'>กลุ่ม_71</td></tr></table></div>]]></description>
      <styleUrl>#plotStyle</styleUrl>
      <MultiGeometry><Polygon><outerBoundaryIs><LinearRing><coordinates>103.8905221,14.5334358,0 103.8904510,14.5334002,0 103.8900499,14.5334108,0 103.8899195,14.5334192,0 103.8897546,14.5334262,0 103.8897599,14.5337122,0 103.8897147,14.5339665,0 103.8901490,14.5339585,0 103.8901688,14.5339432,0 103.8905221,14.5334358,0</coordinates></LinearRing></outerBoundaryIs></Polygon></MultiGeometry>
    </Placemark>
    <Placemark>
      <name>321015041551</name>
      <description><![CDATA[<div style='font-family:Tahoma,sans-serif; font-size:13px;'><h3 style='color:#1565C0; margin:4px 0;'>รหัสแปลง: 321015041551</h3><p style='margin:2px 0;'><b>กลุ่มคิว:</b> 71_002</p><table border='1' style='border-collapse:collapse; border-color:#ccc; width:100%;'><tr><td style='padding:3px 6px; font-weight:bold; background-color:#f2f2f2;'>รหัสกลุ่มคิว</td><td style='padding:3px 6px;'>71/002</td></tr><tr><td style='padding:3px 6px; font-weight:bold; background-color:#f2f2f2;'>รหัสรับเหมา</td><td style='padding:3px 6px;'>738889</td></tr><tr><td style='padding:3px 6px; font-weight:bold; background-color:#f2f2f2;'>ชื่อ-สกุล รับเหมา</td><td style='padding:3px 6px;'>รถตัดโรงงานเบอร์ 24</td></tr><tr><td style='padding:3px 6px; font-weight:bold; background-color:#f2f2f2;'>นักเกษตร</td><td style='padding:3px 6px;'>7101</td></tr><tr><td style='padding:3px 6px; font-weight:bold; background-color:#f2f2f2;'>ศูนย์</td><td style='padding:3px 6px;'>K2-71</td></tr><tr><td style='padding:3px 6px; font-weight:bold; background-color:#f2f2f2;'>โควตา</td><td style='padding:3px 6px;'>730441</td></tr><tr><td style='padding:3px 6px; font-weight:bold; background-color:#f2f2f2;'>ชาวไร่</td><td style='padding:3px 6px;'>นาย เด่น เอิบสุข</td></tr><tr><td style='padding:3px 6px; font-weight:bold; background-color:#f2f2f2;'>ประเภทอ้อย</td><td style='padding:3px 6px;'>ตอ1</td></tr><tr><td style='padding:3px 6px; font-weight:bold; background-color:#f2f2f2;'>พื้นที่</td><td style='padding:3px 6px;'>17.93</td></tr><tr><td style='padding:3px 6px; font-weight:bold; background-color:#f2f2f2;'>ตันรวม</td><td style='padding:3px 6px;'>161.37</td></tr><tr><td style='padding:3px 6px; font-weight:bold; background-color:#f2f2f2;'>รหัสแปลง</td><td style='padding:3px 6px;'>321015041551</td></tr><tr><td style='padding:3px 6px; font-weight:bold; background-color:#f2f2f2;'>กลุ่ม</td><td style='padding:3px 6px;'>กลุ่ม_71</td></tr></table></div>]]></description>
      <styleUrl>#plotStyle</styleUrl>
      <MultiGeometry><Polygon><outerBoundaryIs><LinearRing><coordinates>103.9256881,14.5844416,0 103.9259351,14.5865238,0 103.9271391,14.5861850,0 103.9270809,14.5856354,0 103.9268741,14.5846864,0 103.9268586,14.5846668,0 103.9267885,14.5843103,0 103.9256881,14.5844416,0</coordinates></LinearRing></outerBoundaryIs></Polygon></MultiGeometry>
    </Placemark>
    <Placemark>
      <name>321306041529</name>
      <description><![CDATA[<div style='font-family:Tahoma,sans-serif; font-size:13px;'><h3 style='color:#1565C0; margin:4px 0;'>รหัสแปลง: 321306041529</h3><p style='margin:2px 0;'><b>กลุ่มคิว:</b> 71_002</p><table border='1' style='border-collapse:collapse; border-color:#ccc; width:100%;'><tr><td style='padding:3px 6px; font-weight:bold; background-color:#f2f2f2;'>รหัสกลุ่มคิว</td><td style='padding:3px 6px;'>71/002</td></tr><tr><td style='padding:3px 6px; font-weight:bold; background-color:#f2f2f2;'>รหัสรับเหมา</td><td style='padding:3px 6px;'>738889</td></tr><tr><td style='padding:3px 6px; font-weight:bold; background-color:#f2f2f2;'>ชื่อ-สกุล รับเหมา</td><td style='padding:3px 6px;'>รถตัดโรงงานเบอร์ 24</td></tr><tr><td style='padding:3px 6px; font-weight:bold; background-color:#f2f2f2;'>นักเกษตร</td><td style='padding:3px 6px;'>7101</td></tr><tr><td style='padding:3px 6px; font-weight:bold; background-color:#f2f2f2;'>ศูนย์</td><td style='padding:3px 6px;'>K2-71</td></tr><tr><td style='padding:3px 6px; font-weight:bold; background-color:#f2f2f2;'>โควตา</td><td style='padding:3px 6px;'>771271</td></tr><tr><td style='padding:3px 6px; font-weight:bold; background-color:#f2f2f2;'>ชาวไร่</td><td style='padding:3px 6px;'>นาง สำเภา สิลสอน</td></tr><tr><td style='padding:3px 6px; font-weight:bold; background-color:#f2f2f2;'>ประเภทอ้อย</td><td style='padding:3px 6px;'>ตอ1</td></tr><tr><td style='padding:3px 6px; font-weight:bold; background-color:#f2f2f2;'>พื้นที่</td><td style='padding:3px 6px;'>7.66</td></tr><tr><td style='padding:3px 6px; font-weight:bold; background-color:#f2f2f2;'>ตันรวม</td><td style='padding:3px 6px;'>68.94</td></tr><tr><td style='padding:3px 6px; font-weight:bold; background-color:#f2f2f2;'>รหัสแปลง</td><td style='padding:3px 6px;'>321306041529</td></tr><tr><td style='padding:3px 6px; font-weight:bold; background-color:#f2f2f2;'>กลุ่ม</td><td style='padding:3px 6px;'>กลุ่ม_71</td></tr></table></div>]]></description>
      <styleUrl>#plotStyle</styleUrl>
      <MultiGeometry><Polygon><outerBoundaryIs><LinearRing><coordinates>103.9453827,14.5686286,0 103.9453827,14.5686174,0 103.9454168,14.5682632,0 103.9453046,14.5681724,0 103.9450235,14.5681882,0 103.9439058,14.5682926,0 103.9430348,14.5682223,0 103.9429976,14.5687064,0 103.9453827,14.5686286,0</coordinates></LinearRing></outerBoundaryIs></Polygon></MultiGeometry>
    </Placemark>
    <Placemark>
      <name>321306061557</name>
      <description><![CDATA[<div style='font-family:Tahoma,sans-serif; font-size:13px;'><h3 style='color:#1565C0; margin:4px 0;'>รหัสแปลง: 321306061557</h3><p style='margin:2px 0;'><b>กลุ่มคิว:</b> 71_002</p><table border='1' style='border-collapse:collapse; border-color:#ccc; width:100%;'><tr><td style='padding:3px 6px; font-weight:bold; background-color:#f2f2f2;'>รหัสกลุ่มคิว</td><td style='padding:3px 6px;'>71/002</td></tr><tr><td style='padding:3px 6px; font-weight:bold; background-color:#f2f2f2;'>รหัสรับเหมา</td><td style='padding:3px 6px;'>738889</td></tr><tr><td style='padding:3px 6px; font-weight:bold; background-color:#f2f2f2;'>ชื่อ-สกุล รับเหมา</td><td style='padding:3px 6px;'>รถตัดโรงงานเบอร์ 24</td></tr><tr><td style='padding:3px 6px; font-weight:bold; background-color:#f2f2f2;'>นักเกษตร</td><td style='padding:3px 6px;'>7101</td></tr><tr><td style='padding:3px 6px; font-weight:bold; background-color:#f2f2f2;'>ศูนย์</td><td style='padding:3px 6px;'>K2-71</td></tr><tr><td style='padding:3px 6px; font-weight:bold; background-color:#f2f2f2;'>โควตา</td><td style='padding:3px 6px;'>773498</td></tr><tr><td style='padding:3px 6px; font-weight:bold; background-color:#f2f2f2;'>ชาวไร่</td><td style='padding:3px 6px;'>นาย พุท เทียนทอง</td></tr><tr><td style='padding:3px 6px; font-weight:bold; background-color:#f2f2f2;'>ประเภทอ้อย</td><td style='padding:3px 6px;'>ตอ2</td></tr><tr><td style='padding:3px 6px; font-weight:bold; background-color:#f2f2f2;'>พื้นที่</td><td style='padding:3px 6px;'>2.37</td></tr><tr><td style='padding:3px 6px; font-weight:bold; background-color:#f2f2f2;'>ตันรวม</td><td style='padding:3px 6px;'>18.96</td></tr><tr><td style='padding:3px 6px; font-weight:bold; background-color:#f2f2f2;'>รหัสแปลง</td><td style='padding:3px 6px;'>321306061557</td></tr><tr><td style='padding:3px 6px; font-weight:bold; background-color:#f2f2f2;'>กลุ่ม</td><td style='padding:3px 6px;'>กลุ่ม_71</td></tr></table></div>]]></description>
      <styleUrl>#plotStyle</styleUrl>
      <MultiGeometry><Polygon><outerBoundaryIs><LinearRing><coordinates>103.9438896,14.5590699,0 103.9437604,14.5586668,0 103.9430438,14.5588104,0 103.9431068,14.5592135,0 103.9438896,14.5590699,0</coordinates></LinearRing></outerBoundaryIs></Polygon></MultiGeometry>
    </Placemark>
    <Placemark>
      <name>321301081589</name>
      <description><![CDATA[<div style='font-family:Tahoma,sans-serif; font-size:13px;'><h3 style='color:#1565C0; margin:4px 0;'>รหัสแปลง: 321301081589</h3><p style='margin:2px 0;'><b>กลุ่มคิว:</b> 71_002</p><table border='1' style='border-collapse:collapse; border-color:#ccc; width:100%;'><tr><td style='padding:3px 6px; font-weight:bold; background-color:#f2f2f2;'>รหัสกลุ่มคิว</td><td style='padding:3px 6px;'>71/002</td></tr><tr><td style='padding:3px 6px; font-weight:bold; background-color:#f2f2f2;'>รหัสรับเหมา</td><td style='padding:3px 6px;'>738889</td></tr><tr><td style='padding:3px 6px; font-weight:bold; background-color:#f2f2f2;'>ชื่อ-สกุล รับเหมา</td><td style='padding:3px 6px;'>รถตัดโรงงานเบอร์ 24</td></tr><tr><td style='padding:3px 6px; font-weight:bold; background-color:#f2f2f2;'>นักเกษตร</td><td style='padding:3px 6px;'>7101</td></tr><tr><td style='padding:3px 6px; font-weight:bold; background-color:#f2f2f2;'>ศูนย์</td><td style='padding:3px 6px;'>K2-71</td></tr><tr><td style='padding:3px 6px; font-weight:bold; background-color:#f2f2f2;'>โควตา</td><td style='padding:3px 6px;'>773683</td></tr><tr><td style='padding:3px 6px; font-weight:bold; background-color:#f2f2f2;'>ชาวไร่</td><td style='padding:3px 6px;'>นาง ตอน กรงหิรัญ</td></tr><tr><td style='padding:3px 6px; font-weight:bold; background-color:#f2f2f2;'>ประเภทอ้อย</td><td style='padding:3px 6px;'>ตอ1</td></tr><tr><td style='padding:3px 6px; font-weight:bold; background-color:#f2f2f2;'>พื้นที่</td><td style='padding:3px 6px;'>8.16</td></tr><tr><td style='padding:3px 6px; font-weight:bold; background-color:#f2f2f2;'>ตันรวม</td><td style='padding:3px 6px;'>73.44</td></tr><tr><td style='padding:3px 6px; font-weight:bold; background-color:#f2f2f2;'>รหัสแปลง</td><td style='padding:3px 6px;'>321301081589</td></tr><tr><td style='padding:3px 6px; font-weight:bold; background-color:#f2f2f2;'>กลุ่ม</td><td style='padding:3px 6px;'>กลุ่ม_71</td></tr></table></div>]]></description>
      <styleUrl>#plotStyle</styleUrl>
      <MultiGeometry><Polygon><outerBoundaryIs><LinearRing><coordinates>103.9927332,14.5054946,0 103.9923155,14.5053276,0 103.9923213,14.5059002,0 103.9920623,14.5059391,0 103.9921900,14.5072384,0 103.9928481,14.5071468,0 103.9927332,14.5054946,0</coordinates></LinearRing></outerBoundaryIs></Polygon></MultiGeometry>
    </Placemark>
    <Placemark>
      <name>321306031517</name>
      <description><![CDATA[<div style='font-family:Tahoma,sans-serif; font-size:13px;'><h3 style='color:#1565C0; margin:4px 0;'>รหัสแปลง: 321306031517</h3><p style='margin:2px 0;'><b>กลุ่มคิว:</b> 71_002</p><table border='1' style='border-collapse:collapse; border-color:#ccc; width:100%;'><tr><td style='padding:3px 6px; font-weight:bold; background-color:#f2f2f2;'>รหัสกลุ่มคิว</td><td style='padding:3px 6px;'>71/002</td></tr><tr><td style='padding:3px 6px; font-weight:bold; background-color:#f2f2f2;'>รหัสรับเหมา</td><td style='padding:3px 6px;'>738889</td></tr><tr><td style='padding:3px 6px; font-weight:bold; background-color:#f2f2f2;'>ชื่อ-สกุล รับเหมา</td><td style='padding:3px 6px;'>รถตัดโรงงานเบอร์ 24</td></tr><tr><td style='padding:3px 6px; font-weight:bold; background-color:#f2f2f2;'>นักเกษตร</td><td style='padding:3px 6px;'>7101</td></tr><tr><td style='padding:3px 6px; font-weight:bold; background-color:#f2f2f2;'>ศูนย์</td><td style='padding:3px 6px;'>K2-71</td></tr><tr><td style='padding:3px 6px; font-weight:bold; background-color:#f2f2f2;'>โควตา</td><td style='padding:3px 6px;'>772561</td></tr><tr><td style='padding:3px 6px; font-weight:bold; background-color:#f2f2f2;'>ชาวไร่</td><td style='padding:3px 6px;'>นาย ณัฐวุฒิ อินทร์ดี</td></tr><tr><td style='padding:3px 6px; font-weight:bold; background-color:#f2f2f2;'>ประเภทอ้อย</td><td style='padding:3px 6px;'>ปลายฝน</td></tr><tr><td style='padding:3px 6px; font-weight:bold; background-color:#f2f2f2;'>พื้นที่</td><td style='padding:3px 6px;'>7.01</td></tr><tr><td style='padding:3px 6px; font-weight:bold; background-color:#f2f2f2;'>ตันรวม</td><td style='padding:3px 6px;'>91.13</td></tr><tr><td style='padding:3px 6px; font-weight:bold; background-color:#f2f2f2;'>รหัสแปลง</td><td style='padding:3px 6px;'>321306031517</td></tr><tr><td style='padding:3px 6px; font-weight:bold; background-color:#f2f2f2;'>กลุ่ม</td><td style='padding:3px 6px;'>กลุ่ม_71</td></tr></table></div>]]></description>
      <styleUrl>#plotStyle</styleUrl>
      <MultiGeometry><Polygon><outerBoundaryIs><LinearRing><coordinates>103.9712211,14.5923325,0 103.9718951,14.5921630,0 103.9713836,14.5908186,0 103.9707742,14.5911020,0 103.9712211,14.5923325,0</coordinates></LinearRing></outerBoundaryIs></Polygon></MultiGeometry>
    </Placemark>
    <Placemark>
      <name>321301091565</name>
      <description><![CDATA[<div style='font-family:Tahoma,sans-serif; font-size:13px;'><h3 style='color:#1565C0; margin:4px 0;'>รหัสแปลง: 321301091565</h3><p style='margin:2px 0;'><b>กลุ่มคิว:</b> 71_002</p><table border='1' style='border-collapse:collapse; border-color:#ccc; width:100%;'><tr><td style='padding:3px 6px; font-weight:bold; background-color:#f2f2f2;'>รหัสกลุ่มคิว</td><td style='padding:3px 6px;'>71/002</td></tr><tr><td style='padding:3px 6px; font-weight:bold; background-color:#f2f2f2;'>รหัสรับเหมา</td><td style='padding:3px 6px;'>738889</td></tr><tr><td style='padding:3px 6px; font-weight:bold; background-color:#f2f2f2;'>ชื่อ-สกุล รับเหมา</td><td style='padding:3px 6px;'>รถตัดโรงงานเบอร์ 24</td></tr><tr><td style='padding:3px 6px; font-weight:bold; background-color:#f2f2f2;'>นักเกษตร</td><td style='padding:3px 6px;'>7101</td></tr><tr><td style='padding:3px 6px; font-weight:bold; background-color:#f2f2f2;'>ศูนย์</td><td style='padding:3px 6px;'>K2-71</td></tr><tr><td style='padding:3px 6px; font-weight:bold; background-color:#f2f2f2;'>โควตา</td><td style='padding:3px 6px;'>773253</td></tr><tr><td style='padding:3px 6px; font-weight:bold; background-color:#f2f2f2;'>ชาวไร่</td><td style='padding:3px 6px;'>นาง แคลน แพงสุภา</td></tr><tr><td style='padding:3px 6px; font-weight:bold; background-color:#f2f2f2;'>ประเภทอ้อย</td><td style='padding:3px 6px;'>ตอ1</td></tr><tr><td style='padding:3px 6px; font-weight:bold; background-color:#f2f2f2;'>พื้นที่</td><td style='padding:3px 6px;'>3.56</td></tr><tr><td style='padding:3px 6px; font-weight:bold; background-color:#f2f2f2;'>ตันรวม</td><td style='padding:3px 6px;'>32.04</td></tr><tr><td style='padding:3px 6px; font-weight:bold; background-color:#f2f2f2;'>รหัสแปลง</td><td style='padding:3px 6px;'>321301091565</td></tr><tr><td style='padding:3px 6px; font-weight:bold; background-color:#f2f2f2;'>กลุ่ม</td><td style='padding:3px 6px;'>กลุ่ม_71</td></tr></table></div>]]></description>
      <styleUrl>#plotStyle</styleUrl>
      <MultiGeometry><Polygon><outerBoundaryIs><LinearRing><coordinates>103.9754121,14.5172498,0 103.9752034,14.5164733,0 103.9748261,14.5165324,0 103.9748164,14.5166740,0 103.9748034,14.5166935,0 103.9747966,14.5166921,0 103.9746682,14.5167170,0 103.9747746,14.5171489,0 103.9746278,14.5171580,0 103.9746517,14.5172984,0 103.9746174,14.5173125,0 103.9746290,14.5173655,0 103.9754121,14.5172498,0</coordinates></LinearRing></outerBoundaryIs></Polygon></MultiGeometry>
    </Placemark>
    <Placemark>
      <name>321301111717</name>
      <description><![CDATA[<div style='font-family:Tahoma,sans-serif; font-size:13px;'><h3 style='color:#1565C0; margin:4px 0;'>รหัสแปลง: 321301111717</h3><p style='margin:2px 0;'><b>กลุ่มคิว:</b> 71_002</p><table border='1' style='border-collapse:collapse; border-color:#ccc; width:100%;'><tr><td style='padding:3px 6px; font-weight:bold; background-color:#f2f2f2;'>รหัสกลุ่มคิว</td><td style='padding:3px 6px;'>71/002</td></tr><tr><td style='padding:3px 6px; font-weight:bold; background-color:#f2f2f2;'>รหัสรับเหมา</td><td style='padding:3px 6px;'>738889</td></tr><tr><td style='padding:3px 6px; font-weight:bold; background-color:#f2f2f2;'>ชื่อ-สกุล รับเหมา</td><td style='padding:3px 6px;'>รถตัดโรงงานเบอร์ 24</td></tr><tr><td style='padding:3px 6px; font-weight:bold; background-color:#f2f2f2;'>นักเกษตร</td><td style='padding:3px 6px;'>7101</td></tr><tr><td style='padding:3px 6px; font-weight:bold; background-color:#f2f2f2;'>ศูนย์</td><td style='padding:3px 6px;'>K2-71</td></tr><tr><td style='padding:3px 6px; font-weight:bold; background-color:#f2f2f2;'>โควตา</td><td style='padding:3px 6px;'>773483</td></tr><tr><td style='padding:3px 6px; font-weight:bold; background-color:#f2f2f2;'>ชาวไร่</td><td style='padding:3px 6px;'>นาง ลำดวน เผ่าพันธ์</td></tr><tr><td style='padding:3px 6px; font-weight:bold; background-color:#f2f2f2;'>ประเภทอ้อย</td><td style='padding:3px 6px;'>ปลายฝน</td></tr><tr><td style='padding:3px 6px; font-weight:bold; background-color:#f2f2f2;'>พื้นที่</td><td style='padding:3px 6px;'>5.31</td></tr><tr><td style='padding:3px 6px; font-weight:bold; background-color:#f2f2f2;'>ตันรวม</td><td style='padding:3px 6px;'>69.03</td></tr><tr><td style='padding:3px 6px; font-weight:bold; background-color:#f2f2f2;'>รหัสแปลง</td><td style='padding:3px 6px;'>321301111717</td></tr><tr><td style='padding:3px 6px; font-weight:bold; background-color:#f2f2f2;'>กลุ่ม</td><td style='padding:3px 6px;'>กลุ่ม_71</td></tr></table></div>]]></description>
      <styleUrl>#plotStyle</styleUrl>
      <MultiGeometry><Polygon><outerBoundaryIs><LinearRing><coordinates>103.9030428,14.5320816,0 103.9017373,14.5324993,0 103.9018954,14.5329848,0 103.9033338,14.5324766,0 103.9030428,14.5320816,0</coordinates></LinearRing></outerBoundaryIs></Polygon></MultiGeometry>
    </Placemark>
    <Placemark>
      <name>321015051542</name>
      <description><![CDATA[<div style='font-family:Tahoma,sans-serif; font-size:13px;'><h3 style='color:#1565C0; margin:4px 0;'>รหัสแปลง: 321015051542</h3><p style='margin:2px 0;'><b>กลุ่มคิว:</b> 71_002</p><table border='1' style='border-collapse:collapse; border-color:#ccc; width:100%;'><tr><td style='padding:3px 6px; font-weight:bold; background-color:#f2f2f2;'>รหัสกลุ่มคิว</td><td style='padding:3px 6px;'>71/002</td></tr><tr><td style='padding:3px 6px; font-weight:bold; background-color:#f2f2f2;'>รหัสรับเหมา</td><td style='padding:3px 6px;'>738889</td></tr><tr><td style='padding:3px 6px; font-weight:bold; background-color:#f2f2f2;'>ชื่อ-สกุล รับเหมา</td><td style='padding:3px 6px;'>รถตัดโรงงานเบอร์ 24</td></tr><tr><td style='padding:3px 6px; font-weight:bold; background-color:#f2f2f2;'>นักเกษตร</td><td style='padding:3px 6px;'>7101</td></tr><tr><td style='padding:3px 6px; font-weight:bold; background-color:#f2f2f2;'>ศูนย์</td><td style='padding:3px 6px;'>K2-71</td></tr><tr><td style='padding:3px 6px; font-weight:bold; background-color:#f2f2f2;'>โควตา</td><td style='padding:3px 6px;'>771399</td></tr><tr><td style='padding:3px 6px; font-weight:bold; background-color:#f2f2f2;'>ชาวไร่</td><td style='padding:3px 6px;'>นาง ลัดดา มาลาศรี</td></tr><tr><td style='padding:3px 6px; font-weight:bold; background-color:#f2f2f2;'>ประเภทอ้อย</td><td style='padding:3px 6px;'>ปลายฝน</td></tr><tr><td style='padding:3px 6px; font-weight:bold; background-color:#f2f2f2;'>พื้นที่</td><td style='padding:3px 6px;'>14.25</td></tr><tr><td style='padding:3px 6px; font-weight:bold; background-color:#f2f2f2;'>ตันรวม</td><td style='padding:3px 6px;'>185.25</td></tr><tr><td style='padding:3px 6px; font-weight:bold; background-color:#f2f2f2;'>รหัสแปลง</td><td style='padding:3px 6px;'>321015051542</td></tr><tr><td style='padding:3px 6px; font-weight:bold; background-color:#f2f2f2;'>กลุ่ม</td><td style='padding:3px 6px;'>กลุ่ม_71</td></tr></table></div>]]></description>
      <styleUrl>#plotStyle</styleUrl>
      <MultiGeometry><Polygon><outerBoundaryIs><LinearRing><coordinates>103.9172240,14.5999187,0 103.9189944,14.5990964,0 103.9187027,14.5984032,0 103.9181234,14.5985068,0 103.9171694,14.5988583,0 103.9166331,14.5990532,0 103.9172240,14.5999187,0</coordinates></LinearRing></outerBoundaryIs></Polygon></MultiGeometry>
    </Placemark>
    <Placemark>
      <name>321304031531</name>
      <description><![CDATA[<div style='font-family:Tahoma,sans-serif; font-size:13px;'><h3 style='color:#1565C0; margin:4px 0;'>รหัสแปลง: 321304031531</h3><p style='margin:2px 0;'><b>กลุ่มคิว:</b> 71_002</p><table border='1' style='border-collapse:collapse; border-color:#ccc; width:100%;'><tr><td style='padding:3px 6px; font-weight:bold; background-color:#f2f2f2;'>รหัสกลุ่มคิว</td><td style='padding:3px 6px;'>71/002</td></tr><tr><td style='padding:3px 6px; font-weight:bold; background-color:#f2f2f2;'>รหัสรับเหมา</td><td style='padding:3px 6px;'>738889</td></tr><tr><td style='padding:3px 6px; font-weight:bold; background-color:#f2f2f2;'>ชื่อ-สกุล รับเหมา</td><td style='padding:3px 6px;'>รถตัดโรงงานเบอร์ 24</td></tr><tr><td style='padding:3px 6px; font-weight:bold; background-color:#f2f2f2;'>นักเกษตร</td><td style='padding:3px 6px;'>7101</td></tr><tr><td style='padding:3px 6px; font-weight:bold; background-color:#f2f2f2;'>ศูนย์</td><td style='padding:3px 6px;'>K2-71</td></tr><tr><td style='padding:3px 6px; font-weight:bold; background-color:#f2f2f2;'>โควตา</td><td style='padding:3px 6px;'>773567</td></tr><tr><td style='padding:3px 6px; font-weight:bold; background-color:#f2f2f2;'>ชาวไร่</td><td style='padding:3px 6px;'>นาง จำปี ตระกูลเชียงแก้ว</td></tr><tr><td style='padding:3px 6px; font-weight:bold; background-color:#f2f2f2;'>ประเภทอ้อย</td><td style='padding:3px 6px;'>ตอ1</td></tr><tr><td style='padding:3px 6px; font-weight:bold; background-color:#f2f2f2;'>พื้นที่</td><td style='padding:3px 6px;'>7.58</td></tr><tr><td style='padding:3px 6px; font-weight:bold; background-color:#f2f2f2;'>ตันรวม</td><td style='padding:3px 6px;'>68.22</td></tr><tr><td style='padding:3px 6px; font-weight:bold; background-color:#f2f2f2;'>รหัสแปลง</td><td style='padding:3px 6px;'>321304031531</td></tr><tr><td style='padding:3px 6px; font-weight:bold; background-color:#f2f2f2;'>กลุ่ม</td><td style='padding:3px 6px;'>กลุ่ม_71</td></tr></table></div>]]></description>
      <styleUrl>#plotStyle</styleUrl>
      <MultiGeometry><Polygon><outerBoundaryIs><LinearRing><coordinates>104.0022058,14.5964394,0 104.0024760,14.5971555,0 104.0031628,14.5972357,0 104.0031841,14.5971653,0 104.0031485,14.5969693,0 104.0032045,14.5969527,0 104.0032705,14.5965803,0 104.0035607,14.5962092,0 104.0037409,14.5959812,0 104.0037250,14.5958962,0 104.0034869,14.5959488,0 104.0029060,14.5961887,0 104.0029094,14.5962452,0 104.0028816,14.5962766,0 104.0028105,14.5962965,0 104.0028035,14.5962553,0 104.0027584,14.5962410,0 104.0026234,14.5962943,0 104.0022058,14.5964394,0</coordinates></LinearRing></outerBoundaryIs></Polygon></MultiGeometry>
    </Placemark>
    <Placemark>
      <name>321306031522</name>
      <description><![CDATA[<div style='font-family:Tahoma,sans-serif; font-size:13px;'><h3 style='color:#1565C0; margin:4px 0;'>รหัสแปลง: 321306031522</h3><p style='margin:2px 0;'><b>กลุ่มคิว:</b> 71_002</p><table border='1' style='border-collapse:collapse; border-color:#ccc; width:100%;'><tr><td style='padding:3px 6px; font-weight:bold; background-color:#f2f2f2;'>รหัสกลุ่มคิว</td><td style='padding:3px 6px;'>71/002</td></tr><tr><td style='padding:3px 6px; font-weight:bold; background-color:#f2f2f2;'>รหัสรับเหมา</td><td style='padding:3px 6px;'>738889</td></tr><tr><td style='padding:3px 6px; font-weight:bold; background-color:#f2f2f2;'>ชื่อ-สกุล รับเหมา</td><td style='padding:3px 6px;'>รถตัดโรงงานเบอร์ 24</td></tr><tr><td style='padding:3px 6px; font-weight:bold; background-color:#f2f2f2;'>นักเกษตร</td><td style='padding:3px 6px;'>7101</td></tr><tr><td style='padding:3px 6px; font-weight:bold; background-color:#f2f2f2;'>ศูนย์</td><td style='padding:3px 6px;'>K2-71</td></tr><tr><td style='padding:3px 6px; font-weight:bold; background-color:#f2f2f2;'>โควตา</td><td style='padding:3px 6px;'>730292</td></tr><tr><td style='padding:3px 6px; font-weight:bold; background-color:#f2f2f2;'>ชาวไร่</td><td style='padding:3px 6px;'>นาย ชัยอนันต์ ชาญเชี่ยว</td></tr><tr><td style='padding:3px 6px; font-weight:bold; background-color:#f2f2f2;'>ประเภทอ้อย</td><td style='padding:3px 6px;'>ปลายฝน</td></tr><tr><td style='padding:3px 6px; font-weight:bold; background-color:#f2f2f2;'>พื้นที่</td><td style='padding:3px 6px;'>12.5</td></tr><tr><td style='padding:3px 6px; font-weight:bold; background-color:#f2f2f2;'>ตันรวม</td><td style='padding:3px 6px;'>162.5</td></tr><tr><td style='padding:3px 6px; font-weight:bold; background-color:#f2f2f2;'>รหัสแปลง</td><td style='padding:3px 6px;'>321306031522</td></tr><tr><td style='padding:3px 6px; font-weight:bold; background-color:#f2f2f2;'>กลุ่ม</td><td style='padding:3px 6px;'>กลุ่ม_71</td></tr></table></div>]]></description>
      <styleUrl>#plotStyle</styleUrl>
      <MultiGeometry><Polygon><outerBoundaryIs><LinearRing><coordinates>103.9358067,14.5735900,0 103.9356850,14.5731433,0 103.9353800,14.5728167,0 103.9349767,14.5724433,0 103.9348150,14.5725333,0 103.9348383,14.5726533,0 103.9349100,14.5730600,0 103.9350767,14.5739067,0 103.9351483,14.5744767,0 103.9359267,14.5745800,0 103.9363083,14.5746000,0 103.9363117,14.5742867,0 103.9358067,14.5735900,0</coordinates></LinearRing></outerBoundaryIs></Polygon></MultiGeometry>
    </Placemark>
    <Placemark>
      <name>321306071589</name>
      <description><![CDATA[<div style='font-family:Tahoma,sans-serif; font-size:13px;'><h3 style='color:#1565C0; margin:4px 0;'>รหัสแปลง: 321306071589</h3><p style='margin:2px 0;'><b>กลุ่มคิว:</b> 71_002</p><table border='1' style='border-collapse:collapse; border-color:#ccc; width:100%;'><tr><td style='padding:3px 6px; font-weight:bold; background-color:#f2f2f2;'>รหัสกลุ่มคิว</td><td style='padding:3px 6px;'>71/002</td></tr><tr><td style='padding:3px 6px; font-weight:bold; background-color:#f2f2f2;'>รหัสรับเหมา</td><td style='padding:3px 6px;'>738889</td></tr><tr><td style='padding:3px 6px; font-weight:bold; background-color:#f2f2f2;'>ชื่อ-สกุล รับเหมา</td><td style='padding:3px 6px;'>รถตัดโรงงานเบอร์ 24</td></tr><tr><td style='padding:3px 6px; font-weight:bold; background-color:#f2f2f2;'>นักเกษตร</td><td style='padding:3px 6px;'>7101</td></tr><tr><td style='padding:3px 6px; font-weight:bold; background-color:#f2f2f2;'>ศูนย์</td><td style='padding:3px 6px;'>K2-71</td></tr><tr><td style='padding:3px 6px; font-weight:bold; background-color:#f2f2f2;'>โควตา</td><td style='padding:3px 6px;'>770926</td></tr><tr><td style='padding:3px 6px; font-weight:bold; background-color:#f2f2f2;'>ชาวไร่</td><td style='padding:3px 6px;'>นาง เพียง คำเสมอ</td></tr><tr><td style='padding:3px 6px; font-weight:bold; background-color:#f2f2f2;'>ประเภทอ้อย</td><td style='padding:3px 6px;'>ตอ1</td></tr><tr><td style='padding:3px 6px; font-weight:bold; background-color:#f2f2f2;'>พื้นที่</td><td style='padding:3px 6px;'>11.09</td></tr><tr><td style='padding:3px 6px; font-weight:bold; background-color:#f2f2f2;'>ตันรวม</td><td style='padding:3px 6px;'>99.81</td></tr><tr><td style='padding:3px 6px; font-weight:bold; background-color:#f2f2f2;'>รหัสแปลง</td><td style='padding:3px 6px;'>321306071589</td></tr><tr><td style='padding:3px 6px; font-weight:bold; background-color:#f2f2f2;'>กลุ่ม</td><td style='padding:3px 6px;'>กลุ่ม_71</td></tr></table></div>]]></description>
      <styleUrl>#plotStyle</styleUrl>
      <MultiGeometry><Polygon><outerBoundaryIs><LinearRing><coordinates>103.9812700,14.5783383,0 103.9813400,14.5790150,0 103.9813917,14.5794033,0 103.9814117,14.5796400,0 103.9814067,14.5797033,0 103.9814183,14.5798333,0 103.9814833,14.5800617,0 103.9815650,14.5803517,0 103.9815583,14.5805400,0 103.9814967,14.5811900,0 103.9814883,14.5814050,0 103.9814800,14.5815883,0 103.9814783,14.5819550,0 103.9815733,14.5819633,0 103.9815967,14.5820750,0 103.9814767,14.5821700,0 103.9815817,14.5826267,0 103.9820667,14.5827400,0 103.9819450,14.5816683,0 103.9818750,14.5811500,0 103.9818567,14.5804933,0 103.9815883,14.5791667,0 103.9815383,14.5786683,0 103.9814717,14.5782817,0 103.9812700,14.5783383,0</coordinates></LinearRing></outerBoundaryIs></Polygon></MultiGeometry>
    </Placemark>
    <Placemark>
      <name>321301091569</name>
      <description><![CDATA[<div style='font-family:Tahoma,sans-serif; font-size:13px;'><h3 style='color:#1565C0; margin:4px 0;'>รหัสแปลง: 321301091569</h3><p style='margin:2px 0;'><b>กลุ่มคิว:</b> 71_002</p><table border='1' style='border-collapse:collapse; border-color:#ccc; width:100%;'><tr><td style='padding:3px 6px; font-weight:bold; background-color:#f2f2f2;'>รหัสกลุ่มคิว</td><td style='padding:3px 6px;'>71/002</td></tr><tr><td style='padding:3px 6px; font-weight:bold; background-color:#f2f2f2;'>รหัสรับเหมา</td><td style='padding:3px 6px;'>738889</td></tr><tr><td style='padding:3px 6px; font-weight:bold; background-color:#f2f2f2;'>ชื่อ-สกุล รับเหมา</td><td style='padding:3px 6px;'>รถตัดโรงงานเบอร์ 24</td></tr><tr><td style='padding:3px 6px; font-weight:bold; background-color:#f2f2f2;'>นักเกษตร</td><td style='padding:3px 6px;'>7101</td></tr><tr><td style='padding:3px 6px; font-weight:bold; background-color:#f2f2f2;'>ศูนย์</td><td style='padding:3px 6px;'>K2-71</td></tr><tr><td style='padding:3px 6px; font-weight:bold; background-color:#f2f2f2;'>โควตา</td><td style='padding:3px 6px;'>770986</td></tr><tr><td style='padding:3px 6px; font-weight:bold; background-color:#f2f2f2;'>ชาวไร่</td><td style='padding:3px 6px;'>นาง บุหงา สุกลมใสย์</td></tr><tr><td style='padding:3px 6px; font-weight:bold; background-color:#f2f2f2;'>ประเภทอ้อย</td><td style='padding:3px 6px;'>ตอ1</td></tr><tr><td style='padding:3px 6px; font-weight:bold; background-color:#f2f2f2;'>พื้นที่</td><td style='padding:3px 6px;'>3.67</td></tr><tr><td style='padding:3px 6px; font-weight:bold; background-color:#f2f2f2;'>ตันรวม</td><td style='padding:3px 6px;'>33.03</td></tr><tr><td style='padding:3px 6px; font-weight:bold; background-color:#f2f2f2;'>รหัสแปลง</td><td style='padding:3px 6px;'>321301091569</td></tr><tr><td style='padding:3px 6px; font-weight:bold; background-color:#f2f2f2;'>กลุ่ม</td><td style='padding:3px 6px;'>กลุ่ม_71</td></tr></table></div>]]></description>
      <styleUrl>#plotStyle</styleUrl>
      <MultiGeometry><Polygon><outerBoundaryIs><LinearRing><coordinates>103.9886533,14.5309450,0 103.9886067,14.5311183,0 103.9885250,14.5311683,0 103.9884933,14.5313667,0 103.9886683,14.5313567,0 103.9898767,14.5312333,0 103.9898617,14.5309017,0 103.9886533,14.5309450,0</coordinates></LinearRing></outerBoundaryIs></Polygon></MultiGeometry>
    </Placemark>
    <Placemark>
      <name>321301091570</name>
      <description><![CDATA[<div style='font-family:Tahoma,sans-serif; font-size:13px;'><h3 style='color:#1565C0; margin:4px 0;'>รหัสแปลง: 321301091570</h3><p style='margin:2px 0;'><b>กลุ่มคิว:</b> 71_002</p><table border='1' style='border-collapse:collapse; border-color:#ccc; width:100%;'><tr><td style='padding:3px 6px; font-weight:bold; background-color:#f2f2f2;'>รหัสกลุ่มคิว</td><td style='padding:3px 6px;'>71/002</td></tr><tr><td style='padding:3px 6px; font-weight:bold; background-color:#f2f2f2;'>รหัสรับเหมา</td><td style='padding:3px 6px;'>738889</td></tr><tr><td style='padding:3px 6px; font-weight:bold; background-color:#f2f2f2;'>ชื่อ-สกุล รับเหมา</td><td style='padding:3px 6px;'>รถตัดโรงงานเบอร์ 24</td></tr><tr><td style='padding:3px 6px; font-weight:bold; background-color:#f2f2f2;'>นักเกษตร</td><td style='padding:3px 6px;'>7101</td></tr><tr><td style='padding:3px 6px; font-weight:bold; background-color:#f2f2f2;'>ศูนย์</td><td style='padding:3px 6px;'>K2-71</td></tr><tr><td style='padding:3px 6px; font-weight:bold; background-color:#f2f2f2;'>โควตา</td><td style='padding:3px 6px;'>770986</td></tr><tr><td style='padding:3px 6px; font-weight:bold; background-color:#f2f2f2;'>ชาวไร่</td><td style='padding:3px 6px;'>นาง บุหงา สุกลมใสย์</td></tr><tr><td style='padding:3px 6px; font-weight:bold; background-color:#f2f2f2;'>ประเภทอ้อย</td><td style='padding:3px 6px;'>ตอ1</td></tr><tr><td style='padding:3px 6px; font-weight:bold; background-color:#f2f2f2;'>พื้นที่</td><td style='padding:3px 6px;'>4.68</td></tr><tr><td style='padding:3px 6px; font-weight:bold; background-color:#f2f2f2;'>ตันรวม</td><td style='padding:3px 6px;'>42.12</td></tr><tr><td style='padding:3px 6px; font-weight:bold; background-color:#f2f2f2;'>รหัสแปลง</td><td style='padding:3px 6px;'>321301091570</td></tr><tr><td style='padding:3px 6px; font-weight:bold; background-color:#f2f2f2;'>กลุ่ม</td><td style='padding:3px 6px;'>กลุ่ม_71</td></tr></table></div>]]></description>
      <styleUrl>#plotStyle</styleUrl>
      <MultiGeometry><Polygon><outerBoundaryIs><LinearRing><coordinates>103.9898777,14.5309202,0 103.9900510,14.5309075,0 103.9900302,14.5303642,0 103.9902650,14.5303086,0 103.9903662,14.5303158,0 103.9903801,14.5306382,0 103.9905110,14.5306680,0 103.9904730,14.5299327,0 103.9897836,14.5300030,0 103.9898777,14.5309202,0</coordinates></LinearRing></outerBoundaryIs></Polygon></MultiGeometry>
    </Placemark>
    <Placemark>
      <name>321301011535</name>
      <description><![CDATA[<div style='font-family:Tahoma,sans-serif; font-size:13px;'><h3 style='color:#1565C0; margin:4px 0;'>รหัสแปลง: 321301011535</h3><p style='margin:2px 0;'><b>กลุ่มคิว:</b> 71_002</p><table border='1' style='border-collapse:collapse; border-color:#ccc; width:100%;'><tr><td style='padding:3px 6px; font-weight:bold; background-color:#f2f2f2;'>รหัสกลุ่มคิว</td><td style='padding:3px 6px;'>71/002</td></tr><tr><td style='padding:3px 6px; font-weight:bold; background-color:#f2f2f2;'>รหัสรับเหมา</td><td style='padding:3px 6px;'>738889</td></tr><tr><td style='padding:3px 6px; font-weight:bold; background-color:#f2f2f2;'>ชื่อ-สกุล รับเหมา</td><td style='padding:3px 6px;'>รถตัดโรงงานเบอร์ 24</td></tr><tr><td style='padding:3px 6px; font-weight:bold; background-color:#f2f2f2;'>นักเกษตร</td><td style='padding:3px 6px;'>7101</td></tr><tr><td style='padding:3px 6px; font-weight:bold; background-color:#f2f2f2;'>ศูนย์</td><td style='padding:3px 6px;'>K2-71</td></tr><tr><td style='padding:3px 6px; font-weight:bold; background-color:#f2f2f2;'>โควตา</td><td style='padding:3px 6px;'>774086</td></tr><tr><td style='padding:3px 6px; font-weight:bold; background-color:#f2f2f2;'>ชาวไร่</td><td style='padding:3px 6px;'>นาย สมกิจ พนากอบกิจ</td></tr><tr><td style='padding:3px 6px; font-weight:bold; background-color:#f2f2f2;'>ประเภทอ้อย</td><td style='padding:3px 6px;'>ปลายฝน</td></tr><tr><td style='padding:3px 6px; font-weight:bold; background-color:#f2f2f2;'>พื้นที่</td><td style='padding:3px 6px;'>9.55</td></tr><tr><td style='padding:3px 6px; font-weight:bold; background-color:#f2f2f2;'>ตันรวม</td><td style='padding:3px 6px;'>124.15</td></tr><tr><td style='padding:3px 6px; font-weight:bold; background-color:#f2f2f2;'>รหัสแปลง</td><td style='padding:3px 6px;'>321301011535</td></tr><tr><td style='padding:3px 6px; font-weight:bold; background-color:#f2f2f2;'>กลุ่ม</td><td style='padding:3px 6px;'>กลุ่ม_71</td></tr></table></div>]]></description>
      <styleUrl>#plotStyle</styleUrl>
      <MultiGeometry><Polygon><outerBoundaryIs><LinearRing><coordinates>103.9081852,14.5601422,0 103.9081922,14.5607684,0 103.9086861,14.5608717,0 103.9087163,14.5608688,0 103.9087173,14.5602854,0 103.9090071,14.5602834,0 103.9090334,14.5606677,0 103.9090269,14.5606836,0 103.9087973,14.5606919,0 103.9087668,14.5608742,0 103.9087668,14.5608769,0 103.9090094,14.5609012,0 103.9092279,14.5608996,0 103.9094858,14.5608831,0 103.9098606,14.5608715,0 103.9099712,14.5608332,0 103.9100375,14.5608216,0 103.9102181,14.5608389,0 103.9101201,14.5601554,0 103.9093474,14.5601546,0 103.9081852,14.5601422,0</coordinates></LinearRing></outerBoundaryIs></Polygon></MultiGeometry>
    </Placemark>
    <Placemark>
      <name>321301091572</name>
      <description><![CDATA[<div style='font-family:Tahoma,sans-serif; font-size:13px;'><h3 style='color:#1565C0; margin:4px 0;'>รหัสแปลง: 321301091572</h3><p style='margin:2px 0;'><b>กลุ่มคิว:</b> 71_002</p><table border='1' style='border-collapse:collapse; border-color:#ccc; width:100%;'><tr><td style='padding:3px 6px; font-weight:bold; background-color:#f2f2f2;'>รหัสกลุ่มคิว</td><td style='padding:3px 6px;'>71/002</td></tr><tr><td style='padding:3px 6px; font-weight:bold; background-color:#f2f2f2;'>รหัสรับเหมา</td><td style='padding:3px 6px;'>738889</td></tr><tr><td style='padding:3px 6px; font-weight:bold; background-color:#f2f2f2;'>ชื่อ-สกุล รับเหมา</td><td style='padding:3px 6px;'>รถตัดโรงงานเบอร์ 24</td></tr><tr><td style='padding:3px 6px; font-weight:bold; background-color:#f2f2f2;'>นักเกษตร</td><td style='padding:3px 6px;'>7101</td></tr><tr><td style='padding:3px 6px; font-weight:bold; background-color:#f2f2f2;'>ศูนย์</td><td style='padding:3px 6px;'>K2-71</td></tr><tr><td style='padding:3px 6px; font-weight:bold; background-color:#f2f2f2;'>โควตา</td><td style='padding:3px 6px;'>771268</td></tr><tr><td style='padding:3px 6px; font-weight:bold; background-color:#f2f2f2;'>ชาวไร่</td><td style='padding:3px 6px;'>นาง ธีรดา เสาเปรีย</td></tr><tr><td style='padding:3px 6px; font-weight:bold; background-color:#f2f2f2;'>ประเภทอ้อย</td><td style='padding:3px 6px;'>ปลายฝน</td></tr><tr><td style='padding:3px 6px; font-weight:bold; background-color:#f2f2f2;'>พื้นที่</td><td style='padding:3px 6px;'>9.75</td></tr><tr><td style='padding:3px 6px; font-weight:bold; background-color:#f2f2f2;'>ตันรวม</td><td style='padding:3px 6px;'>126.75</td></tr><tr><td style='padding:3px 6px; font-weight:bold; background-color:#f2f2f2;'>รหัสแปลง</td><td style='padding:3px 6px;'>321301091572</td></tr><tr><td style='padding:3px 6px; font-weight:bold; background-color:#f2f2f2;'>กลุ่ม</td><td style='padding:3px 6px;'>กลุ่ม_71</td></tr></table></div>]]></description>
      <styleUrl>#plotStyle</styleUrl>
      <MultiGeometry><Polygon><outerBoundaryIs><LinearRing><coordinates>103.9915578,14.5266243,0 103.9903635,14.5267772,0 103.9910478,14.5283579,0 103.9914325,14.5282407,0 103.9915578,14.5266243,0</coordinates></LinearRing></outerBoundaryIs></Polygon></MultiGeometry>
    </Placemark>
    <Placemark>
      <name>321006111534</name>
      <description><![CDATA[<div style='font-family:Tahoma,sans-serif; font-size:13px;'><h3 style='color:#1565C0; margin:4px 0;'>รหัสแปลง: 321006111534</h3><p style='margin:2px 0;'><b>กลุ่มคิว:</b> 71_002</p><table border='1' style='border-collapse:collapse; border-color:#ccc; width:100%;'><tr><td style='padding:3px 6px; font-weight:bold; background-color:#f2f2f2;'>รหัสกลุ่มคิว</td><td style='padding:3px 6px;'>71/002</td></tr><tr><td style='padding:3px 6px; font-weight:bold; background-color:#f2f2f2;'>รหัสรับเหมา</td><td style='padding:3px 6px;'>738889</td></tr><tr><td style='padding:3px 6px; font-weight:bold; background-color:#f2f2f2;'>ชื่อ-สกุล รับเหมา</td><td style='padding:3px 6px;'>รถตัดโรงงานเบอร์ 24</td></tr><tr><td style='padding:3px 6px; font-weight:bold; background-color:#f2f2f2;'>นักเกษตร</td><td style='padding:3px 6px;'>7101</td></tr><tr><td style='padding:3px 6px; font-weight:bold; background-color:#f2f2f2;'>ศูนย์</td><td style='padding:3px 6px;'>K2-71</td></tr><tr><td style='padding:3px 6px; font-weight:bold; background-color:#f2f2f2;'>โควตา</td><td style='padding:3px 6px;'>730292</td></tr><tr><td style='padding:3px 6px; font-weight:bold; background-color:#f2f2f2;'>ชาวไร่</td><td style='padding:3px 6px;'>นาย ชัยอนันต์ ชาญเชี่ยว</td></tr><tr><td style='padding:3px 6px; font-weight:bold; background-color:#f2f2f2;'>ประเภทอ้อย</td><td style='padding:3px 6px;'>ปลายฝน</td></tr><tr><td style='padding:3px 6px; font-weight:bold; background-color:#f2f2f2;'>พื้นที่</td><td style='padding:3px 6px;'>3.51</td></tr><tr><td style='padding:3px 6px; font-weight:bold; background-color:#f2f2f2;'>ตันรวม</td><td style='padding:3px 6px;'>45.63</td></tr><tr><td style='padding:3px 6px; font-weight:bold; background-color:#f2f2f2;'>รหัสแปลง</td><td style='padding:3px 6px;'>321006111534</td></tr><tr><td style='padding:3px 6px; font-weight:bold; background-color:#f2f2f2;'>กลุ่ม</td><td style='padding:3px 6px;'>กลุ่ม_71</td></tr></table></div>]]></description>
      <styleUrl>#plotStyle</styleUrl>
      <MultiGeometry><Polygon><outerBoundaryIs><LinearRing><coordinates>103.8996550,14.5526400,0 103.8996517,14.5524817,0 103.8996150,14.5524633,0 103.8995950,14.5524083,0 103.8995967,14.5523983,0 103.8997417,14.5523600,0 103.8997217,14.5522733,0 103.8983317,14.5523783,0 103.8983800,14.5527300,0 103.8996550,14.5526400,0</coordinates></LinearRing></outerBoundaryIs></Polygon></MultiGeometry>
    </Placemark>
    <Placemark>
      <name>321301111736</name>
      <description><![CDATA[<div style='font-family:Tahoma,sans-serif; font-size:13px;'><h3 style='color:#1565C0; margin:4px 0;'>รหัสแปลง: 321301111736</h3><p style='margin:2px 0;'><b>กลุ่มคิว:</b> 71_002</p><table border='1' style='border-collapse:collapse; border-color:#ccc; width:100%;'><tr><td style='padding:3px 6px; font-weight:bold; background-color:#f2f2f2;'>รหัสกลุ่มคิว</td><td style='padding:3px 6px;'>71/002</td></tr><tr><td style='padding:3px 6px; font-weight:bold; background-color:#f2f2f2;'>รหัสรับเหมา</td><td style='padding:3px 6px;'>738889</td></tr><tr><td style='padding:3px 6px; font-weight:bold; background-color:#f2f2f2;'>ชื่อ-สกุล รับเหมา</td><td style='padding:3px 6px;'>รถตัดโรงงานเบอร์ 24</td></tr><tr><td style='padding:3px 6px; font-weight:bold; background-color:#f2f2f2;'>นักเกษตร</td><td style='padding:3px 6px;'>7101</td></tr><tr><td style='padding:3px 6px; font-weight:bold; background-color:#f2f2f2;'>ศูนย์</td><td style='padding:3px 6px;'>K2-71</td></tr><tr><td style='padding:3px 6px; font-weight:bold; background-color:#f2f2f2;'>โควตา</td><td style='padding:3px 6px;'>774152</td></tr><tr><td style='padding:3px 6px; font-weight:bold; background-color:#f2f2f2;'>ชาวไร่</td><td style='padding:3px 6px;'>นาย นพดล มะณู</td></tr><tr><td style='padding:3px 6px; font-weight:bold; background-color:#f2f2f2;'>ประเภทอ้อย</td><td style='padding:3px 6px;'>ตอ1</td></tr><tr><td style='padding:3px 6px; font-weight:bold; background-color:#f2f2f2;'>พื้นที่</td><td style='padding:3px 6px;'>3.61</td></tr><tr><td style='padding:3px 6px; font-weight:bold; background-color:#f2f2f2;'>ตันรวม</td><td style='padding:3px 6px;'>32.49</td></tr><tr><td style='padding:3px 6px; font-weight:bold; background-color:#f2f2f2;'>รหัสแปลง</td><td style='padding:3px 6px;'>321301111736</td></tr><tr><td style='padding:3px 6px; font-weight:bold; background-color:#f2f2f2;'>กลุ่ม</td><td style='padding:3px 6px;'>กลุ่ม_71</td></tr></table></div>]]></description>
      <styleUrl>#plotStyle</styleUrl>
      <MultiGeometry><Polygon><outerBoundaryIs><LinearRing><coordinates>103.8898100,14.5325483,0 103.8898467,14.5333633,0 103.8904333,14.5333650,0 103.8902650,14.5323683,0 103.8898100,14.5325483,0</coordinates></LinearRing></outerBoundaryIs></Polygon></MultiGeometry>
    </Placemark>
    <Placemark>
      <name>321301071508</name>
      <description><![CDATA[<div style='font-family:Tahoma,sans-serif; font-size:13px;'><h3 style='color:#1565C0; margin:4px 0;'>รหัสแปลง: 321301071508</h3><p style='margin:2px 0;'><b>กลุ่มคิว:</b> 71_002</p><table border='1' style='border-collapse:collapse; border-color:#ccc; width:100%;'><tr><td style='padding:3px 6px; font-weight:bold; background-color:#f2f2f2;'>รหัสกลุ่มคิว</td><td style='padding:3px 6px;'>71/002</td></tr><tr><td style='padding:3px 6px; font-weight:bold; background-color:#f2f2f2;'>รหัสรับเหมา</td><td style='padding:3px 6px;'>738889</td></tr><tr><td style='padding:3px 6px; font-weight:bold; background-color:#f2f2f2;'>ชื่อ-สกุล รับเหมา</td><td style='padding:3px 6px;'>รถตัดโรงงานเบอร์ 24</td></tr><tr><td style='padding:3px 6px; font-weight:bold; background-color:#f2f2f2;'>นักเกษตร</td><td style='padding:3px 6px;'>7101</td></tr><tr><td style='padding:3px 6px; font-weight:bold; background-color:#f2f2f2;'>ศูนย์</td><td style='padding:3px 6px;'>K2-71</td></tr><tr><td style='padding:3px 6px; font-weight:bold; background-color:#f2f2f2;'>โควตา</td><td style='padding:3px 6px;'>773259</td></tr><tr><td style='padding:3px 6px; font-weight:bold; background-color:#f2f2f2;'>ชาวไร่</td><td style='padding:3px 6px;'>นาย สุเทพ ปานทอง</td></tr><tr><td style='padding:3px 6px; font-weight:bold; background-color:#f2f2f2;'>ประเภทอ้อย</td><td style='padding:3px 6px;'>ตอ2</td></tr><tr><td style='padding:3px 6px; font-weight:bold; background-color:#f2f2f2;'>พื้นที่</td><td style='padding:3px 6px;'>7.53</td></tr><tr><td style='padding:3px 6px; font-weight:bold; background-color:#f2f2f2;'>ตันรวม</td><td style='padding:3px 6px;'>60.24</td></tr><tr><td style='padding:3px 6px; font-weight:bold; background-color:#f2f2f2;'>รหัสแปลง</td><td style='padding:3px 6px;'>321301071508</td></tr><tr><td style='padding:3px 6px; font-weight:bold; background-color:#f2f2f2;'>กลุ่ม</td><td style='padding:3px 6px;'>กลุ่ม_71</td></tr></table></div>]]></description>
      <styleUrl>#plotStyle</styleUrl>
      <MultiGeometry><Polygon><outerBoundaryIs><LinearRing><coordinates>103.9261767,14.5601202,0 103.9258551,14.5584829,0 103.9256655,14.5584961,0 103.9252610,14.5585706,0 103.9256383,14.5602636,0 103.9261202,14.5602053,0 103.9261247,14.5601294,0 103.9261767,14.5601202,0</coordinates></LinearRing></outerBoundaryIs></Polygon></MultiGeometry>
    </Placemark>
    <Placemark>
      <name>321306091640</name>
      <description><![CDATA[<div style='font-family:Tahoma,sans-serif; font-size:13px;'><h3 style='color:#1565C0; margin:4px 0;'>รหัสแปลง: 321306091640</h3><p style='margin:2px 0;'><b>กลุ่มคิว:</b> 71_002</p><table border='1' style='border-collapse:collapse; border-color:#ccc; width:100%;'><tr><td style='padding:3px 6px; font-weight:bold; background-color:#f2f2f2;'>รหัสกลุ่มคิว</td><td style='padding:3px 6px;'>71/002</td></tr><tr><td style='padding:3px 6px; font-weight:bold; background-color:#f2f2f2;'>รหัสรับเหมา</td><td style='padding:3px 6px;'>738889</td></tr><tr><td style='padding:3px 6px; font-weight:bold; background-color:#f2f2f2;'>ชื่อ-สกุล รับเหมา</td><td style='padding:3px 6px;'>รถตัดโรงงานเบอร์ 24</td></tr><tr><td style='padding:3px 6px; font-weight:bold; background-color:#f2f2f2;'>นักเกษตร</td><td style='padding:3px 6px;'>7101</td></tr><tr><td style='padding:3px 6px; font-weight:bold; background-color:#f2f2f2;'>ศูนย์</td><td style='padding:3px 6px;'>K2-71</td></tr><tr><td style='padding:3px 6px; font-weight:bold; background-color:#f2f2f2;'>โควตา</td><td style='padding:3px 6px;'>773613</td></tr><tr><td style='padding:3px 6px; font-weight:bold; background-color:#f2f2f2;'>ชาวไร่</td><td style='padding:3px 6px;'>นาง บาล เสาร์พิรส</td></tr><tr><td style='padding:3px 6px; font-weight:bold; background-color:#f2f2f2;'>ประเภทอ้อย</td><td style='padding:3px 6px;'>ปลายฝน</td></tr><tr><td style='padding:3px 6px; font-weight:bold; background-color:#f2f2f2;'>พื้นที่</td><td style='padding:3px 6px;'>2.08</td></tr><tr><td style='padding:3px 6px; font-weight:bold; background-color:#f2f2f2;'>ตันรวม</td><td style='padding:3px 6px;'>27.04</td></tr><tr><td style='padding:3px 6px; font-weight:bold; background-color:#f2f2f2;'>รหัสแปลง</td><td style='padding:3px 6px;'>321306091640</td></tr><tr><td style='padding:3px 6px; font-weight:bold; background-color:#f2f2f2;'>กลุ่ม</td><td style='padding:3px 6px;'>กลุ่ม_71</td></tr></table></div>]]></description>
      <styleUrl>#plotStyle</styleUrl>
      <MultiGeometry><Polygon><outerBoundaryIs><LinearRing><coordinates>103.9720590,14.5802313,0 103.9721563,14.5804722,0 103.9731232,14.5800777,0 103.9730518,14.5798220,0 103.9720590,14.5802313,0</coordinates></LinearRing></outerBoundaryIs></Polygon></MultiGeometry>
    </Placemark>
    <Placemark>
      <name>321301081599</name>
      <description><![CDATA[<div style='font-family:Tahoma,sans-serif; font-size:13px;'><h3 style='color:#1565C0; margin:4px 0;'>รหัสแปลง: 321301081599</h3><p style='margin:2px 0;'><b>กลุ่มคิว:</b> 71_002</p><table border='1' style='border-collapse:collapse; border-color:#ccc; width:100%;'><tr><td style='padding:3px 6px; font-weight:bold; background-color:#f2f2f2;'>รหัสกลุ่มคิว</td><td style='padding:3px 6px;'>71/002</td></tr><tr><td style='padding:3px 6px; font-weight:bold; background-color:#f2f2f2;'>รหัสรับเหมา</td><td style='padding:3px 6px;'>738889</td></tr><tr><td style='padding:3px 6px; font-weight:bold; background-color:#f2f2f2;'>ชื่อ-สกุล รับเหมา</td><td style='padding:3px 6px;'>รถตัดโรงงานเบอร์ 24</td></tr><tr><td style='padding:3px 6px; font-weight:bold; background-color:#f2f2f2;'>นักเกษตร</td><td style='padding:3px 6px;'>7101</td></tr><tr><td style='padding:3px 6px; font-weight:bold; background-color:#f2f2f2;'>ศูนย์</td><td style='padding:3px 6px;'>K2-71</td></tr><tr><td style='padding:3px 6px; font-weight:bold; background-color:#f2f2f2;'>โควตา</td><td style='padding:3px 6px;'>773019</td></tr><tr><td style='padding:3px 6px; font-weight:bold; background-color:#f2f2f2;'>ชาวไร่</td><td style='padding:3px 6px;'>นาง สี ดวงอินทร์</td></tr><tr><td style='padding:3px 6px; font-weight:bold; background-color:#f2f2f2;'>ประเภทอ้อย</td><td style='padding:3px 6px;'>ตอ2</td></tr><tr><td style='padding:3px 6px; font-weight:bold; background-color:#f2f2f2;'>พื้นที่</td><td style='padding:3px 6px;'>6.3</td></tr><tr><td style='padding:3px 6px; font-weight:bold; background-color:#f2f2f2;'>ตันรวม</td><td style='padding:3px 6px;'>50.4</td></tr><tr><td style='padding:3px 6px; font-weight:bold; background-color:#f2f2f2;'>รหัสแปลง</td><td style='padding:3px 6px;'>321301081599</td></tr><tr><td style='padding:3px 6px; font-weight:bold; background-color:#f2f2f2;'>กลุ่ม</td><td style='padding:3px 6px;'>กลุ่ม_71</td></tr></table></div>]]></description>
      <styleUrl>#plotStyle</styleUrl>
      <MultiGeometry><Polygon><outerBoundaryIs><LinearRing><coordinates>103.9673066,14.5035294,0 103.9688040,14.5032517,0 103.9687207,14.5026448,0 103.9671389,14.5031056,0 103.9673066,14.5035294,0</coordinates></LinearRing></outerBoundaryIs></Polygon></MultiGeometry>
    </Placemark>
    <Placemark>
      <name>321006111535</name>
      <description><![CDATA[<div style='font-family:Tahoma,sans-serif; font-size:13px;'><h3 style='color:#1565C0; margin:4px 0;'>รหัสแปลง: 321006111535</h3><p style='margin:2px 0;'><b>กลุ่มคิว:</b> 71_002</p><table border='1' style='border-collapse:collapse; border-color:#ccc; width:100%;'><tr><td style='padding:3px 6px; font-weight:bold; background-color:#f2f2f2;'>รหัสกลุ่มคิว</td><td style='padding:3px 6px;'>71/002</td></tr><tr><td style='padding:3px 6px; font-weight:bold; background-color:#f2f2f2;'>รหัสรับเหมา</td><td style='padding:3px 6px;'>738889</td></tr><tr><td style='padding:3px 6px; font-weight:bold; background-color:#f2f2f2;'>ชื่อ-สกุล รับเหมา</td><td style='padding:3px 6px;'>รถตัดโรงงานเบอร์ 24</td></tr><tr><td style='padding:3px 6px; font-weight:bold; background-color:#f2f2f2;'>นักเกษตร</td><td style='padding:3px 6px;'>7101</td></tr><tr><td style='padding:3px 6px; font-weight:bold; background-color:#f2f2f2;'>ศูนย์</td><td style='padding:3px 6px;'>K2-71</td></tr><tr><td style='padding:3px 6px; font-weight:bold; background-color:#f2f2f2;'>โควตา</td><td style='padding:3px 6px;'>730292</td></tr><tr><td style='padding:3px 6px; font-weight:bold; background-color:#f2f2f2;'>ชาวไร่</td><td style='padding:3px 6px;'>นาย ชัยอนันต์ ชาญเชี่ยว</td></tr><tr><td style='padding:3px 6px; font-weight:bold; background-color:#f2f2f2;'>ประเภทอ้อย</td><td style='padding:3px 6px;'>ตอ2</td></tr><tr><td style='padding:3px 6px; font-weight:bold; background-color:#f2f2f2;'>พื้นที่</td><td style='padding:3px 6px;'>4.95</td></tr><tr><td style='padding:3px 6px; font-weight:bold; background-color:#f2f2f2;'>ตันรวม</td><td style='padding:3px 6px;'>39.6</td></tr><tr><td style='padding:3px 6px; font-weight:bold; background-color:#f2f2f2;'>รหัสแปลง</td><td style='padding:3px 6px;'>321006111535</td></tr><tr><td style='padding:3px 6px; font-weight:bold; background-color:#f2f2f2;'>กลุ่ม</td><td style='padding:3px 6px;'>กลุ่ม_71</td></tr></table></div>]]></description>
      <styleUrl>#plotStyle</styleUrl>
      <MultiGeometry><Polygon><outerBoundaryIs><LinearRing><coordinates>103.8928200,14.5663200,0 103.8927633,14.5651017,0 103.8922550,14.5651250,0 103.8922350,14.5663250,0 103.8923617,14.5663250,0 103.8923950,14.5663100,0 103.8924050,14.5663000,0 103.8924650,14.5663033,0 103.8925233,14.5663317,0 103.8928200,14.5663200,0</coordinates></LinearRing></outerBoundaryIs></Polygon></MultiGeometry>
    </Placemark>
    <Placemark>
      <name>321306041539</name>
      <description><![CDATA[<div style='font-family:Tahoma,sans-serif; font-size:13px;'><h3 style='color:#1565C0; margin:4px 0;'>รหัสแปลง: 321306041539</h3><p style='margin:2px 0;'><b>กลุ่มคิว:</b> 71_002</p><table border='1' style='border-collapse:collapse; border-color:#ccc; width:100%;'><tr><td style='padding:3px 6px; font-weight:bold; background-color:#f2f2f2;'>รหัสกลุ่มคิว</td><td style='padding:3px 6px;'>71/002</td></tr><tr><td style='padding:3px 6px; font-weight:bold; background-color:#f2f2f2;'>รหัสรับเหมา</td><td style='padding:3px 6px;'>738889</td></tr><tr><td style='padding:3px 6px; font-weight:bold; background-color:#f2f2f2;'>ชื่อ-สกุล รับเหมา</td><td style='padding:3px 6px;'>รถตัดโรงงานเบอร์ 24</td></tr><tr><td style='padding:3px 6px; font-weight:bold; background-color:#f2f2f2;'>นักเกษตร</td><td style='padding:3px 6px;'>7101</td></tr><tr><td style='padding:3px 6px; font-weight:bold; background-color:#f2f2f2;'>ศูนย์</td><td style='padding:3px 6px;'>K2-71</td></tr><tr><td style='padding:3px 6px; font-weight:bold; background-color:#f2f2f2;'>โควตา</td><td style='padding:3px 6px;'>774144</td></tr><tr><td style='padding:3px 6px; font-weight:bold; background-color:#f2f2f2;'>ชาวไร่</td><td style='padding:3px 6px;'>นาง วิชิตา แก้วดี</td></tr><tr><td style='padding:3px 6px; font-weight:bold; background-color:#f2f2f2;'>ประเภทอ้อย</td><td style='padding:3px 6px;'>ตอ2</td></tr><tr><td style='padding:3px 6px; font-weight:bold; background-color:#f2f2f2;'>พื้นที่</td><td style='padding:3px 6px;'>5.36</td></tr><tr><td style='padding:3px 6px; font-weight:bold; background-color:#f2f2f2;'>ตันรวม</td><td style='padding:3px 6px;'>42.88</td></tr><tr><td style='padding:3px 6px; font-weight:bold; background-color:#f2f2f2;'>รหัสแปลง</td><td style='padding:3px 6px;'>321306041539</td></tr><tr><td style='padding:3px 6px; font-weight:bold; background-color:#f2f2f2;'>กลุ่ม</td><td style='padding:3px 6px;'>กลุ่ม_71</td></tr></table></div>]]></description>
      <styleUrl>#plotStyle</styleUrl>
      <MultiGeometry><Polygon><outerBoundaryIs><LinearRing><coordinates>103.9596656,14.5592148,0 103.9604755,14.5588592,0 103.9601304,14.5581622,0 103.9593288,14.5585664,0 103.9593234,14.5585662,0 103.9592370,14.5586871,0 103.9593785,14.5588718,0 103.9593880,14.5588726,0 103.9593985,14.5588937,0 103.9594388,14.5589039,0 103.9595197,14.5590034,0 103.9595467,14.5590126,0 103.9596656,14.5592148,0</coordinates></LinearRing></outerBoundaryIs></Polygon></MultiGeometry>
    </Placemark>
    <Placemark>
      <name>321306031526</name>
      <description><![CDATA[<div style='font-family:Tahoma,sans-serif; font-size:13px;'><h3 style='color:#1565C0; margin:4px 0;'>รหัสแปลง: 321306031526</h3><p style='margin:2px 0;'><b>กลุ่มคิว:</b> 71_002</p><table border='1' style='border-collapse:collapse; border-color:#ccc; width:100%;'><tr><td style='padding:3px 6px; font-weight:bold; background-color:#f2f2f2;'>รหัสกลุ่มคิว</td><td style='padding:3px 6px;'>71/002</td></tr><tr><td style='padding:3px 6px; font-weight:bold; background-color:#f2f2f2;'>รหัสรับเหมา</td><td style='padding:3px 6px;'>738889</td></tr><tr><td style='padding:3px 6px; font-weight:bold; background-color:#f2f2f2;'>ชื่อ-สกุล รับเหมา</td><td style='padding:3px 6px;'>รถตัดโรงงานเบอร์ 24</td></tr><tr><td style='padding:3px 6px; font-weight:bold; background-color:#f2f2f2;'>นักเกษตร</td><td style='padding:3px 6px;'>7101</td></tr><tr><td style='padding:3px 6px; font-weight:bold; background-color:#f2f2f2;'>ศูนย์</td><td style='padding:3px 6px;'>K2-71</td></tr><tr><td style='padding:3px 6px; font-weight:bold; background-color:#f2f2f2;'>โควตา</td><td style='padding:3px 6px;'>772561</td></tr><tr><td style='padding:3px 6px; font-weight:bold; background-color:#f2f2f2;'>ชาวไร่</td><td style='padding:3px 6px;'>นาย ณัฐวุฒิ อินทร์ดี</td></tr><tr><td style='padding:3px 6px; font-weight:bold; background-color:#f2f2f2;'>ประเภทอ้อย</td><td style='padding:3px 6px;'>ปลายฝน</td></tr><tr><td style='padding:3px 6px; font-weight:bold; background-color:#f2f2f2;'>พื้นที่</td><td style='padding:3px 6px;'>6.47</td></tr><tr><td style='padding:3px 6px; font-weight:bold; background-color:#f2f2f2;'>ตันรวม</td><td style='padding:3px 6px;'>84.11</td></tr><tr><td style='padding:3px 6px; font-weight:bold; background-color:#f2f2f2;'>รหัสแปลง</td><td style='padding:3px 6px;'>321306031526</td></tr><tr><td style='padding:3px 6px; font-weight:bold; background-color:#f2f2f2;'>กลุ่ม</td><td style='padding:3px 6px;'>กลุ่ม_71</td></tr></table></div>]]></description>
      <styleUrl>#plotStyle</styleUrl>
      <MultiGeometry><Polygon><outerBoundaryIs><LinearRing><coordinates>103.9788409,14.5811657,0 103.9791596,14.5808282,0 103.9789014,14.5806213,0 103.9787905,14.5805504,0 103.9785543,14.5804140,0 103.9783121,14.5802400,0 103.9780475,14.5801381,0 103.9776198,14.5798382,0 103.9775405,14.5798719,0 103.9775643,14.5804318,0 103.9788409,14.5811657,0</coordinates></LinearRing></outerBoundaryIs></Polygon></MultiGeometry>
    </Placemark>
    <Placemark>
      <name>321301091577</name>
      <description><![CDATA[<div style='font-family:Tahoma,sans-serif; font-size:13px;'><h3 style='color:#1565C0; margin:4px 0;'>รหัสแปลง: 321301091577</h3><p style='margin:2px 0;'><b>กลุ่มคิว:</b> 71_002</p><table border='1' style='border-collapse:collapse; border-color:#ccc; width:100%;'><tr><td style='padding:3px 6px; font-weight:bold; background-color:#f2f2f2;'>รหัสกลุ่มคิว</td><td style='padding:3px 6px;'>71/002</td></tr><tr><td style='padding:3px 6px; font-weight:bold; background-color:#f2f2f2;'>รหัสรับเหมา</td><td style='padding:3px 6px;'>738889</td></tr><tr><td style='padding:3px 6px; font-weight:bold; background-color:#f2f2f2;'>ชื่อ-สกุล รับเหมา</td><td style='padding:3px 6px;'>รถตัดโรงงานเบอร์ 24</td></tr><tr><td style='padding:3px 6px; font-weight:bold; background-color:#f2f2f2;'>นักเกษตร</td><td style='padding:3px 6px;'>7101</td></tr><tr><td style='padding:3px 6px; font-weight:bold; background-color:#f2f2f2;'>ศูนย์</td><td style='padding:3px 6px;'>K2-71</td></tr><tr><td style='padding:3px 6px; font-weight:bold; background-color:#f2f2f2;'>โควตา</td><td style='padding:3px 6px;'>774174</td></tr><tr><td style='padding:3px 6px; font-weight:bold; background-color:#f2f2f2;'>ชาวไร่</td><td style='padding:3px 6px;'>นางสาว ฟ้ารุ่ง บานเย็น</td></tr><tr><td style='padding:3px 6px; font-weight:bold; background-color:#f2f2f2;'>ประเภทอ้อย</td><td style='padding:3px 6px;'>ตอ1</td></tr><tr><td style='padding:3px 6px; font-weight:bold; background-color:#f2f2f2;'>พื้นที่</td><td style='padding:3px 6px;'>10.09</td></tr><tr><td style='padding:3px 6px; font-weight:bold; background-color:#f2f2f2;'>ตันรวม</td><td style='padding:3px 6px;'>90.81</td></tr><tr><td style='padding:3px 6px; font-weight:bold; background-color:#f2f2f2;'>รหัสแปลง</td><td style='padding:3px 6px;'>321301091577</td></tr><tr><td style='padding:3px 6px; font-weight:bold; background-color:#f2f2f2;'>กลุ่ม</td><td style='padding:3px 6px;'>กลุ่ม_71</td></tr></table></div>]]></description>
      <styleUrl>#plotStyle</styleUrl>
      <MultiGeometry><Polygon><outerBoundaryIs><LinearRing><coordinates>103.9897616,14.5262776,0 103.9895378,14.5256356,0 103.9894702,14.5256335,0 103.9893899,14.5254522,0 103.9888919,14.5255057,0 103.9885123,14.5257371,0 103.9883741,14.5258669,0 103.9880900,14.5264337,0 103.9880955,14.5265659,0 103.9881829,14.5267539,0 103.9889360,14.5265562,0 103.9889128,14.5264692,0 103.9889765,14.5264337,0 103.9890238,14.5265172,0 103.9897616,14.5262776,0</coordinates></LinearRing></outerBoundaryIs></Polygon></MultiGeometry>
    </Placemark>
    <Placemark>
      <name>321306071591</name>
      <description><![CDATA[<div style='font-family:Tahoma,sans-serif; font-size:13px;'><h3 style='color:#1565C0; margin:4px 0;'>รหัสแปลง: 321306071591</h3><p style='margin:2px 0;'><b>กลุ่มคิว:</b> 71_002</p><table border='1' style='border-collapse:collapse; border-color:#ccc; width:100%;'><tr><td style='padding:3px 6px; font-weight:bold; background-color:#f2f2f2;'>รหัสกลุ่มคิว</td><td style='padding:3px 6px;'>71/002</td></tr><tr><td style='padding:3px 6px; font-weight:bold; background-color:#f2f2f2;'>รหัสรับเหมา</td><td style='padding:3px 6px;'>738889</td></tr><tr><td style='padding:3px 6px; font-weight:bold; background-color:#f2f2f2;'>ชื่อ-สกุล รับเหมา</td><td style='padding:3px 6px;'>รถตัดโรงงานเบอร์ 24</td></tr><tr><td style='padding:3px 6px; font-weight:bold; background-color:#f2f2f2;'>นักเกษตร</td><td style='padding:3px 6px;'>7101</td></tr><tr><td style='padding:3px 6px; font-weight:bold; background-color:#f2f2f2;'>ศูนย์</td><td style='padding:3px 6px;'>K2-71</td></tr><tr><td style='padding:3px 6px; font-weight:bold; background-color:#f2f2f2;'>โควตา</td><td style='padding:3px 6px;'>774164</td></tr><tr><td style='padding:3px 6px; font-weight:bold; background-color:#f2f2f2;'>ชาวไร่</td><td style='padding:3px 6px;'>นาง สุวรรณจิตร ชุ่มมาก</td></tr><tr><td style='padding:3px 6px; font-weight:bold; background-color:#f2f2f2;'>ประเภทอ้อย</td><td style='padding:3px 6px;'>ตอ2</td></tr><tr><td style='padding:3px 6px; font-weight:bold; background-color:#f2f2f2;'>พื้นที่</td><td style='padding:3px 6px;'>6.16</td></tr><tr><td style='padding:3px 6px; font-weight:bold; background-color:#f2f2f2;'>ตันรวม</td><td style='padding:3px 6px;'>49.28</td></tr><tr><td style='padding:3px 6px; font-weight:bold; background-color:#f2f2f2;'>รหัสแปลง</td><td style='padding:3px 6px;'>321306071591</td></tr><tr><td style='padding:3px 6px; font-weight:bold; background-color:#f2f2f2;'>กลุ่ม</td><td style='padding:3px 6px;'>กลุ่ม_71</td></tr></table></div>]]></description>
      <styleUrl>#plotStyle</styleUrl>
      <MultiGeometry><Polygon><outerBoundaryIs><LinearRing><coordinates>103.9848333,14.5755585,0 103.9841422,14.5751109,0 103.9832355,14.5755102,0 103.9830535,14.5756483,0 103.9830648,14.5756997,0 103.9831993,14.5756266,0 103.9833050,14.5757803,0 103.9832785,14.5758183,0 103.9832166,14.5758332,0 103.9831467,14.5756663,0 103.9830647,14.5757039,0 103.9831312,14.5759930,0 103.9836232,14.5759060,0 103.9837317,14.5758988,0 103.9839613,14.5758467,0 103.9842194,14.5757960,0 103.9848333,14.5755585,0</coordinates></LinearRing></outerBoundaryIs></Polygon></MultiGeometry>
    </Placemark>
    <Placemark>
      <name>321306061569</name>
      <description><![CDATA[<div style='font-family:Tahoma,sans-serif; font-size:13px;'><h3 style='color:#1565C0; margin:4px 0;'>รหัสแปลง: 321306061569</h3><p style='margin:2px 0;'><b>กลุ่มคิว:</b> 71_002</p><table border='1' style='border-collapse:collapse; border-color:#ccc; width:100%;'><tr><td style='padding:3px 6px; font-weight:bold; background-color:#f2f2f2;'>รหัสกลุ่มคิว</td><td style='padding:3px 6px;'>71/002</td></tr><tr><td style='padding:3px 6px; font-weight:bold; background-color:#f2f2f2;'>รหัสรับเหมา</td><td style='padding:3px 6px;'>738889</td></tr><tr><td style='padding:3px 6px; font-weight:bold; background-color:#f2f2f2;'>ชื่อ-สกุล รับเหมา</td><td style='padding:3px 6px;'>รถตัดโรงงานเบอร์ 24</td></tr><tr><td style='padding:3px 6px; font-weight:bold; background-color:#f2f2f2;'>นักเกษตร</td><td style='padding:3px 6px;'>7101</td></tr><tr><td style='padding:3px 6px; font-weight:bold; background-color:#f2f2f2;'>ศูนย์</td><td style='padding:3px 6px;'>K2-71</td></tr><tr><td style='padding:3px 6px; font-weight:bold; background-color:#f2f2f2;'>โควตา</td><td style='padding:3px 6px;'>774167</td></tr><tr><td style='padding:3px 6px; font-weight:bold; background-color:#f2f2f2;'>ชาวไร่</td><td style='padding:3px 6px;'>น.ส. จิม ทวีศรี</td></tr><tr><td style='padding:3px 6px; font-weight:bold; background-color:#f2f2f2;'>ประเภทอ้อย</td><td style='padding:3px 6px;'>ตอ1</td></tr><tr><td style='padding:3px 6px; font-weight:bold; background-color:#f2f2f2;'>พื้นที่</td><td style='padding:3px 6px;'>5.17</td></tr><tr><td style='padding:3px 6px; font-weight:bold; background-color:#f2f2f2;'>ตันรวม</td><td style='padding:3px 6px;'>46.53</td></tr><tr><td style='padding:3px 6px; font-weight:bold; background-color:#f2f2f2;'>รหัสแปลง</td><td style='padding:3px 6px;'>321306061569</td></tr><tr><td style='padding:3px 6px; font-weight:bold; background-color:#f2f2f2;'>กลุ่ม</td><td style='padding:3px 6px;'>กลุ่ม_71</td></tr></table></div>]]></description>
      <styleUrl>#plotStyle</styleUrl>
      <MultiGeometry><Polygon><outerBoundaryIs><LinearRing><coordinates>103.9555742,14.5501787,0 103.9560100,14.5500201,0 103.9555085,14.5486058,0 103.9550799,14.5487260,0 103.9555742,14.5501787,0</coordinates></LinearRing></outerBoundaryIs></Polygon></MultiGeometry>
    </Placemark>
    <Placemark>
      <name>321306061570</name>
      <description><![CDATA[<div style='font-family:Tahoma,sans-serif; font-size:13px;'><h3 style='color:#1565C0; margin:4px 0;'>รหัสแปลง: 321306061570</h3><p style='margin:2px 0;'><b>กลุ่มคิว:</b> 71_002</p><table border='1' style='border-collapse:collapse; border-color:#ccc; width:100%;'><tr><td style='padding:3px 6px; font-weight:bold; background-color:#f2f2f2;'>รหัสกลุ่มคิว</td><td style='padding:3px 6px;'>71/002</td></tr><tr><td style='padding:3px 6px; font-weight:bold; background-color:#f2f2f2;'>รหัสรับเหมา</td><td style='padding:3px 6px;'>738889</td></tr><tr><td style='padding:3px 6px; font-weight:bold; background-color:#f2f2f2;'>ชื่อ-สกุล รับเหมา</td><td style='padding:3px 6px;'>รถตัดโรงงานเบอร์ 24</td></tr><tr><td style='padding:3px 6px; font-weight:bold; background-color:#f2f2f2;'>นักเกษตร</td><td style='padding:3px 6px;'>7101</td></tr><tr><td style='padding:3px 6px; font-weight:bold; background-color:#f2f2f2;'>ศูนย์</td><td style='padding:3px 6px;'>K2-71</td></tr><tr><td style='padding:3px 6px; font-weight:bold; background-color:#f2f2f2;'>โควตา</td><td style='padding:3px 6px;'>771279</td></tr><tr><td style='padding:3px 6px; font-weight:bold; background-color:#f2f2f2;'>ชาวไร่</td><td style='padding:3px 6px;'>นาง เท็ก นาคเจือ</td></tr><tr><td style='padding:3px 6px; font-weight:bold; background-color:#f2f2f2;'>ประเภทอ้อย</td><td style='padding:3px 6px;'>ตอ1</td></tr><tr><td style='padding:3px 6px; font-weight:bold; background-color:#f2f2f2;'>พื้นที่</td><td style='padding:3px 6px;'>5.05</td></tr><tr><td style='padding:3px 6px; font-weight:bold; background-color:#f2f2f2;'>ตันรวม</td><td style='padding:3px 6px;'>45.45</td></tr><tr><td style='padding:3px 6px; font-weight:bold; background-color:#f2f2f2;'>รหัสแปลง</td><td style='padding:3px 6px;'>321306061570</td></tr><tr><td style='padding:3px 6px; font-weight:bold; background-color:#f2f2f2;'>กลุ่ม</td><td style='padding:3px 6px;'>กลุ่ม_71</td></tr></table></div>]]></description>
      <styleUrl>#plotStyle</styleUrl>
      <MultiGeometry><Polygon><outerBoundaryIs><LinearRing><coordinates>103.9406786,14.5556760,0 103.9410552,14.5556975,0 103.9412694,14.5539142,0 103.9408926,14.5539028,0 103.9406786,14.5556760,0</coordinates></LinearRing></outerBoundaryIs></Polygon></MultiGeometry>
    </Placemark>
    <Placemark>
      <name>321306071593</name>
      <description><![CDATA[<div style='font-family:Tahoma,sans-serif; font-size:13px;'><h3 style='color:#1565C0; margin:4px 0;'>รหัสแปลง: 321306071593</h3><p style='margin:2px 0;'><b>กลุ่มคิว:</b> 71_002</p><table border='1' style='border-collapse:collapse; border-color:#ccc; width:100%;'><tr><td style='padding:3px 6px; font-weight:bold; background-color:#f2f2f2;'>รหัสกลุ่มคิว</td><td style='padding:3px 6px;'>71/002</td></tr><tr><td style='padding:3px 6px; font-weight:bold; background-color:#f2f2f2;'>รหัสรับเหมา</td><td style='padding:3px 6px;'>738889</td></tr><tr><td style='padding:3px 6px; font-weight:bold; background-color:#f2f2f2;'>ชื่อ-สกุล รับเหมา</td><td style='padding:3px 6px;'>รถตัดโรงงานเบอร์ 24</td></tr><tr><td style='padding:3px 6px; font-weight:bold; background-color:#f2f2f2;'>นักเกษตร</td><td style='padding:3px 6px;'>7101</td></tr><tr><td style='padding:3px 6px; font-weight:bold; background-color:#f2f2f2;'>ศูนย์</td><td style='padding:3px 6px;'>K2-71</td></tr><tr><td style='padding:3px 6px; font-weight:bold; background-color:#f2f2f2;'>โควตา</td><td style='padding:3px 6px;'>774164</td></tr><tr><td style='padding:3px 6px; font-weight:bold; background-color:#f2f2f2;'>ชาวไร่</td><td style='padding:3px 6px;'>นาง สุวรรณจิตร ชุ่มมาก</td></tr><tr><td style='padding:3px 6px; font-weight:bold; background-color:#f2f2f2;'>ประเภทอ้อย</td><td style='padding:3px 6px;'>ตอ1</td></tr><tr><td style='padding:3px 6px; font-weight:bold; background-color:#f2f2f2;'>พื้นที่</td><td style='padding:3px 6px;'>3.83</td></tr><tr><td style='padding:3px 6px; font-weight:bold; background-color:#f2f2f2;'>ตันรวม</td><td style='padding:3px 6px;'>34.47</td></tr><tr><td style='padding:3px 6px; font-weight:bold; background-color:#f2f2f2;'>รหัสแปลง</td><td style='padding:3px 6px;'>321306071593</td></tr><tr><td style='padding:3px 6px; font-weight:bold; background-color:#f2f2f2;'>กลุ่ม</td><td style='padding:3px 6px;'>กลุ่ม_71</td></tr></table></div>]]></description>
      <styleUrl>#plotStyle</styleUrl>
      <MultiGeometry><Polygon><outerBoundaryIs><LinearRing><coordinates>103.9840988,14.5751192,0 103.9835491,14.5747865,0 103.9828744,14.5752058,0 103.9830642,14.5756541,0 103.9840988,14.5751192,0</coordinates></LinearRing></outerBoundaryIs></Polygon></MultiGeometry>
    </Placemark>
    <Placemark>
      <name>321306031529</name>
      <description><![CDATA[<div style='font-family:Tahoma,sans-serif; font-size:13px;'><h3 style='color:#1565C0; margin:4px 0;'>รหัสแปลง: 321306031529</h3><p style='margin:2px 0;'><b>กลุ่มคิว:</b> 71_002</p><table border='1' style='border-collapse:collapse; border-color:#ccc; width:100%;'><tr><td style='padding:3px 6px; font-weight:bold; background-color:#f2f2f2;'>รหัสกลุ่มคิว</td><td style='padding:3px 6px;'>71/002</td></tr><tr><td style='padding:3px 6px; font-weight:bold; background-color:#f2f2f2;'>รหัสรับเหมา</td><td style='padding:3px 6px;'>738889</td></tr><tr><td style='padding:3px 6px; font-weight:bold; background-color:#f2f2f2;'>ชื่อ-สกุล รับเหมา</td><td style='padding:3px 6px;'>รถตัดโรงงานเบอร์ 24</td></tr><tr><td style='padding:3px 6px; font-weight:bold; background-color:#f2f2f2;'>นักเกษตร</td><td style='padding:3px 6px;'>7101</td></tr><tr><td style='padding:3px 6px; font-weight:bold; background-color:#f2f2f2;'>ศูนย์</td><td style='padding:3px 6px;'>K2-71</td></tr><tr><td style='padding:3px 6px; font-weight:bold; background-color:#f2f2f2;'>โควตา</td><td style='padding:3px 6px;'>772561</td></tr><tr><td style='padding:3px 6px; font-weight:bold; background-color:#f2f2f2;'>ชาวไร่</td><td style='padding:3px 6px;'>นาย ณัฐวุฒิ อินทร์ดี</td></tr><tr><td style='padding:3px 6px; font-weight:bold; background-color:#f2f2f2;'>ประเภทอ้อย</td><td style='padding:3px 6px;'>ตอ1</td></tr><tr><td style='padding:3px 6px; font-weight:bold; background-color:#f2f2f2;'>พื้นที่</td><td style='padding:3px 6px;'>4.94</td></tr><tr><td style='padding:3px 6px; font-weight:bold; background-color:#f2f2f2;'>ตันรวม</td><td style='padding:3px 6px;'>44.46</td></tr><tr><td style='padding:3px 6px; font-weight:bold; background-color:#f2f2f2;'>รหัสแปลง</td><td style='padding:3px 6px;'>321306031529</td></tr><tr><td style='padding:3px 6px; font-weight:bold; background-color:#f2f2f2;'>กลุ่ม</td><td style='padding:3px 6px;'>กลุ่ม_71</td></tr></table></div>]]></description>
      <styleUrl>#plotStyle</styleUrl>
      <MultiGeometry><Polygon><outerBoundaryIs><LinearRing><coordinates>103.9709934,14.5899659,0 103.9703802,14.5902555,0 103.9707538,14.5911015,0 103.9713297,14.5908564,0 103.9713747,14.5908578,0 103.9713687,14.5907343,0 103.9713121,14.5905669,0 103.9712607,14.5904752,0 103.9712240,14.5904062,0 103.9711855,14.5903420,0 103.9711605,14.5903085,0 103.9711091,14.5902137,0 103.9710650,14.5900966,0 103.9710488,14.5900666,0 103.9710254,14.5900288,0 103.9709934,14.5899659,0</coordinates></LinearRing></outerBoundaryIs></Polygon></MultiGeometry>
    </Placemark>
    <Placemark>
      <name>321306051548</name>
      <description><![CDATA[<div style='font-family:Tahoma,sans-serif; font-size:13px;'><h3 style='color:#1565C0; margin:4px 0;'>รหัสแปลง: 321306051548</h3><p style='margin:2px 0;'><b>กลุ่มคิว:</b> 71_002</p><table border='1' style='border-collapse:collapse; border-color:#ccc; width:100%;'><tr><td style='padding:3px 6px; font-weight:bold; background-color:#f2f2f2;'>รหัสกลุ่มคิว</td><td style='padding:3px 6px;'>71/002</td></tr><tr><td style='padding:3px 6px; font-weight:bold; background-color:#f2f2f2;'>รหัสรับเหมา</td><td style='padding:3px 6px;'>738889</td></tr><tr><td style='padding:3px 6px; font-weight:bold; background-color:#f2f2f2;'>ชื่อ-สกุล รับเหมา</td><td style='padding:3px 6px;'>รถตัดโรงงานเบอร์ 24</td></tr><tr><td style='padding:3px 6px; font-weight:bold; background-color:#f2f2f2;'>นักเกษตร</td><td style='padding:3px 6px;'>7101</td></tr><tr><td style='padding:3px 6px; font-weight:bold; background-color:#f2f2f2;'>ศูนย์</td><td style='padding:3px 6px;'>K2-71</td></tr><tr><td style='padding:3px 6px; font-weight:bold; background-color:#f2f2f2;'>โควตา</td><td style='padding:3px 6px;'>774172</td></tr><tr><td style='padding:3px 6px; font-weight:bold; background-color:#f2f2f2;'>ชาวไร่</td><td style='padding:3px 6px;'>นาง เบญจมาศ เชี่ยวชาญ</td></tr><tr><td style='padding:3px 6px; font-weight:bold; background-color:#f2f2f2;'>ประเภทอ้อย</td><td style='padding:3px 6px;'>ตอ1</td></tr><tr><td style='padding:3px 6px; font-weight:bold; background-color:#f2f2f2;'>พื้นที่</td><td style='padding:3px 6px;'>3.61</td></tr><tr><td style='padding:3px 6px; font-weight:bold; background-color:#f2f2f2;'>ตันรวม</td><td style='padding:3px 6px;'>32.49</td></tr><tr><td style='padding:3px 6px; font-weight:bold; background-color:#f2f2f2;'>รหัสแปลง</td><td style='padding:3px 6px;'>321306051548</td></tr><tr><td style='padding:3px 6px; font-weight:bold; background-color:#f2f2f2;'>กลุ่ม</td><td style='padding:3px 6px;'>กลุ่ม_71</td></tr></table></div>]]></description>
      <styleUrl>#plotStyle</styleUrl>
      <MultiGeometry><Polygon><outerBoundaryIs><LinearRing><coordinates>103.9469075,14.5492531,0 103.9463858,14.5492429,0 103.9464388,14.5502668,0 103.9469474,14.5500833,0 103.9469075,14.5492531,0</coordinates></LinearRing></outerBoundaryIs></Polygon></MultiGeometry>
    </Placemark>
    <Placemark>
      <name>321006111538</name>
      <description><![CDATA[<div style='font-family:Tahoma,sans-serif; font-size:13px;'><h3 style='color:#1565C0; margin:4px 0;'>รหัสแปลง: 321006111538</h3><p style='margin:2px 0;'><b>กลุ่มคิว:</b> 71_002</p><table border='1' style='border-collapse:collapse; border-color:#ccc; width:100%;'><tr><td style='padding:3px 6px; font-weight:bold; background-color:#f2f2f2;'>รหัสกลุ่มคิว</td><td style='padding:3px 6px;'>71/002</td></tr><tr><td style='padding:3px 6px; font-weight:bold; background-color:#f2f2f2;'>รหัสรับเหมา</td><td style='padding:3px 6px;'>738889</td></tr><tr><td style='padding:3px 6px; font-weight:bold; background-color:#f2f2f2;'>ชื่อ-สกุล รับเหมา</td><td style='padding:3px 6px;'>รถตัดโรงงานเบอร์ 24</td></tr><tr><td style='padding:3px 6px; font-weight:bold; background-color:#f2f2f2;'>นักเกษตร</td><td style='padding:3px 6px;'>7101</td></tr><tr><td style='padding:3px 6px; font-weight:bold; background-color:#f2f2f2;'>ศูนย์</td><td style='padding:3px 6px;'>K2-71</td></tr><tr><td style='padding:3px 6px; font-weight:bold; background-color:#f2f2f2;'>โควตา</td><td style='padding:3px 6px;'>774177</td></tr><tr><td style='padding:3px 6px; font-weight:bold; background-color:#f2f2f2;'>ชาวไร่</td><td style='padding:3px 6px;'>นาย ธวัชชัย จำเริญใหญ่</td></tr><tr><td style='padding:3px 6px; font-weight:bold; background-color:#f2f2f2;'>ประเภทอ้อย</td><td style='padding:3px 6px;'>ตอ1</td></tr><tr><td style='padding:3px 6px; font-weight:bold; background-color:#f2f2f2;'>พื้นที่</td><td style='padding:3px 6px;'>6.14</td></tr><tr><td style='padding:3px 6px; font-weight:bold; background-color:#f2f2f2;'>ตันรวม</td><td style='padding:3px 6px;'>55.26</td></tr><tr><td style='padding:3px 6px; font-weight:bold; background-color:#f2f2f2;'>รหัสแปลง</td><td style='padding:3px 6px;'>321006111538</td></tr><tr><td style='padding:3px 6px; font-weight:bold; background-color:#f2f2f2;'>กลุ่ม</td><td style='padding:3px 6px;'>กลุ่ม_71</td></tr></table></div>]]></description>
      <styleUrl>#plotStyle</styleUrl>
      <MultiGeometry><Polygon><outerBoundaryIs><LinearRing><coordinates>103.8993306,14.5443448,0 103.8994940,14.5443266,0 103.9001020,14.5441753,0 103.8997729,14.5431741,0 103.8990413,14.5433092,0 103.8993306,14.5443448,0</coordinates></LinearRing></outerBoundaryIs></Polygon></MultiGeometry>
    </Placemark>
    <Placemark>
      <name>321306061571</name>
      <description><![CDATA[<div style='font-family:Tahoma,sans-serif; font-size:13px;'><h3 style='color:#1565C0; margin:4px 0;'>รหัสแปลง: 321306061571</h3><p style='margin:2px 0;'><b>กลุ่มคิว:</b> 71_002</p><table border='1' style='border-collapse:collapse; border-color:#ccc; width:100%;'><tr><td style='padding:3px 6px; font-weight:bold; background-color:#f2f2f2;'>รหัสกลุ่มคิว</td><td style='padding:3px 6px;'>71/002</td></tr><tr><td style='padding:3px 6px; font-weight:bold; background-color:#f2f2f2;'>รหัสรับเหมา</td><td style='padding:3px 6px;'>738889</td></tr><tr><td style='padding:3px 6px; font-weight:bold; background-color:#f2f2f2;'>ชื่อ-สกุล รับเหมา</td><td style='padding:3px 6px;'>รถตัดโรงงานเบอร์ 24</td></tr><tr><td style='padding:3px 6px; font-weight:bold; background-color:#f2f2f2;'>นักเกษตร</td><td style='padding:3px 6px;'>7101</td></tr><tr><td style='padding:3px 6px; font-weight:bold; background-color:#f2f2f2;'>ศูนย์</td><td style='padding:3px 6px;'>K2-71</td></tr><tr><td style='padding:3px 6px; font-weight:bold; background-color:#f2f2f2;'>โควตา</td><td style='padding:3px 6px;'>774166</td></tr><tr><td style='padding:3px 6px; font-weight:bold; background-color:#f2f2f2;'>ชาวไร่</td><td style='padding:3px 6px;'>นาง สุพรรณ คำเสมอ</td></tr><tr><td style='padding:3px 6px; font-weight:bold; background-color:#f2f2f2;'>ประเภทอ้อย</td><td style='padding:3px 6px;'>ตอ1</td></tr><tr><td style='padding:3px 6px; font-weight:bold; background-color:#f2f2f2;'>พื้นที่</td><td style='padding:3px 6px;'>4.3</td></tr><tr><td style='padding:3px 6px; font-weight:bold; background-color:#f2f2f2;'>ตันรวม</td><td style='padding:3px 6px;'>38.7</td></tr><tr><td style='padding:3px 6px; font-weight:bold; background-color:#f2f2f2;'>รหัสแปลง</td><td style='padding:3px 6px;'>321306061571</td></tr><tr><td style='padding:3px 6px; font-weight:bold; background-color:#f2f2f2;'>กลุ่ม</td><td style='padding:3px 6px;'>กลุ่ม_71</td></tr></table></div>]]></description>
      <styleUrl>#plotStyle</styleUrl>
      <MultiGeometry><Polygon><outerBoundaryIs><LinearRing><coordinates>103.9551685,14.5481677,0 103.9550114,14.5478279,0 103.9538501,14.5484150,0 103.9537715,14.5484837,0 103.9537535,14.5485129,0 103.9537002,14.5485643,0 103.9536878,14.5485838,0 103.9537612,14.5486397,0 103.9537684,14.5486666,0 103.9537656,14.5486931,0 103.9537628,14.5487431,0 103.9537673,14.5487864,0 103.9537956,14.5488484,0 103.9546779,14.5484759,0 103.9546611,14.5484234,0 103.9546969,14.5483851,0 103.9551685,14.5481677,0</coordinates></LinearRing></outerBoundaryIs></Polygon></MultiGeometry>
    </Placemark>
    <Placemark>
      <name>321306051549</name>
      <description><![CDATA[<div style='font-family:Tahoma,sans-serif; font-size:13px;'><h3 style='color:#1565C0; margin:4px 0;'>รหัสแปลง: 321306051549</h3><p style='margin:2px 0;'><b>กลุ่มคิว:</b> 71_002</p><table border='1' style='border-collapse:collapse; border-color:#ccc; width:100%;'><tr><td style='padding:3px 6px; font-weight:bold; background-color:#f2f2f2;'>รหัสกลุ่มคิว</td><td style='padding:3px 6px;'>71/002</td></tr><tr><td style='padding:3px 6px; font-weight:bold; background-color:#f2f2f2;'>รหัสรับเหมา</td><td style='padding:3px 6px;'>738889</td></tr><tr><td style='padding:3px 6px; font-weight:bold; background-color:#f2f2f2;'>ชื่อ-สกุล รับเหมา</td><td style='padding:3px 6px;'>รถตัดโรงงานเบอร์ 24</td></tr><tr><td style='padding:3px 6px; font-weight:bold; background-color:#f2f2f2;'>นักเกษตร</td><td style='padding:3px 6px;'>7101</td></tr><tr><td style='padding:3px 6px; font-weight:bold; background-color:#f2f2f2;'>ศูนย์</td><td style='padding:3px 6px;'>K2-71</td></tr><tr><td style='padding:3px 6px; font-weight:bold; background-color:#f2f2f2;'>โควตา</td><td style='padding:3px 6px;'>773019</td></tr><tr><td style='padding:3px 6px; font-weight:bold; background-color:#f2f2f2;'>ชาวไร่</td><td style='padding:3px 6px;'>นาง สี ดวงอินทร์</td></tr><tr><td style='padding:3px 6px; font-weight:bold; background-color:#f2f2f2;'>ประเภทอ้อย</td><td style='padding:3px 6px;'>ตอ1</td></tr><tr><td style='padding:3px 6px; font-weight:bold; background-color:#f2f2f2;'>พื้นที่</td><td style='padding:3px 6px;'>6.44</td></tr><tr><td style='padding:3px 6px; font-weight:bold; background-color:#f2f2f2;'>ตันรวม</td><td style='padding:3px 6px;'>57.96</td></tr><tr><td style='padding:3px 6px; font-weight:bold; background-color:#f2f2f2;'>รหัสแปลง</td><td style='padding:3px 6px;'>321306051549</td></tr><tr><td style='padding:3px 6px; font-weight:bold; background-color:#f2f2f2;'>กลุ่ม</td><td style='padding:3px 6px;'>กลุ่ม_71</td></tr></table></div>]]></description>
      <styleUrl>#plotStyle</styleUrl>
      <MultiGeometry><Polygon><outerBoundaryIs><LinearRing><coordinates>103.9767911,14.5282013,0 103.9770758,14.5303078,0 103.9774361,14.5302652,0 103.9772425,14.5281798,0 103.9767911,14.5282013,0</coordinates></LinearRing></outerBoundaryIs></Polygon></MultiGeometry>
    </Placemark>
    <Placemark>
      <name>321306031531</name>
      <description><![CDATA[<div style='font-family:Tahoma,sans-serif; font-size:13px;'><h3 style='color:#1565C0; margin:4px 0;'>รหัสแปลง: 321306031531</h3><p style='margin:2px 0;'><b>กลุ่มคิว:</b> 71_002</p><table border='1' style='border-collapse:collapse; border-color:#ccc; width:100%;'><tr><td style='padding:3px 6px; font-weight:bold; background-color:#f2f2f2;'>รหัสกลุ่มคิว</td><td style='padding:3px 6px;'>71/002</td></tr><tr><td style='padding:3px 6px; font-weight:bold; background-color:#f2f2f2;'>รหัสรับเหมา</td><td style='padding:3px 6px;'>738889</td></tr><tr><td style='padding:3px 6px; font-weight:bold; background-color:#f2f2f2;'>ชื่อ-สกุล รับเหมา</td><td style='padding:3px 6px;'>รถตัดโรงงานเบอร์ 24</td></tr><tr><td style='padding:3px 6px; font-weight:bold; background-color:#f2f2f2;'>นักเกษตร</td><td style='padding:3px 6px;'>7101</td></tr><tr><td style='padding:3px 6px; font-weight:bold; background-color:#f2f2f2;'>ศูนย์</td><td style='padding:3px 6px;'>K2-71</td></tr><tr><td style='padding:3px 6px; font-weight:bold; background-color:#f2f2f2;'>โควตา</td><td style='padding:3px 6px;'>771271</td></tr><tr><td style='padding:3px 6px; font-weight:bold; background-color:#f2f2f2;'>ชาวไร่</td><td style='padding:3px 6px;'>นาง สำเภา สิลสอน</td></tr><tr><td style='padding:3px 6px; font-weight:bold; background-color:#f2f2f2;'>ประเภทอ้อย</td><td style='padding:3px 6px;'>ตอ1</td></tr><tr><td style='padding:3px 6px; font-weight:bold; background-color:#f2f2f2;'>พื้นที่</td><td style='padding:3px 6px;'>11.42</td></tr><tr><td style='padding:3px 6px; font-weight:bold; background-color:#f2f2f2;'>ตันรวม</td><td style='padding:3px 6px;'>102.78</td></tr><tr><td style='padding:3px 6px; font-weight:bold; background-color:#f2f2f2;'>รหัสแปลง</td><td style='padding:3px 6px;'>321306031531</td></tr><tr><td style='padding:3px 6px; font-weight:bold; background-color:#f2f2f2;'>กลุ่ม</td><td style='padding:3px 6px;'>กลุ่ม_71</td></tr></table></div>]]></description>
      <styleUrl>#plotStyle</styleUrl>
      <MultiGeometry><Polygon><outerBoundaryIs><LinearRing><coordinates>103.9721769,14.5946782,0 103.9722910,14.5934814,0 103.9721003,14.5935079,0 103.9709993,14.5936199,0 103.9709660,14.5939740,0 103.9709099,14.5943972,0 103.9708680,14.5947916,0 103.9715653,14.5947367,0 103.9721769,14.5946782,0</coordinates></LinearRing></outerBoundaryIs></Polygon></MultiGeometry>
    </Placemark>
    <Placemark>
      <name>321306051550</name>
      <description><![CDATA[<div style='font-family:Tahoma,sans-serif; font-size:13px;'><h3 style='color:#1565C0; margin:4px 0;'>รหัสแปลง: 321306051550</h3><p style='margin:2px 0;'><b>กลุ่มคิว:</b> 71_002</p><table border='1' style='border-collapse:collapse; border-color:#ccc; width:100%;'><tr><td style='padding:3px 6px; font-weight:bold; background-color:#f2f2f2;'>รหัสกลุ่มคิว</td><td style='padding:3px 6px;'>71/002</td></tr><tr><td style='padding:3px 6px; font-weight:bold; background-color:#f2f2f2;'>รหัสรับเหมา</td><td style='padding:3px 6px;'>738889</td></tr><tr><td style='padding:3px 6px; font-weight:bold; background-color:#f2f2f2;'>ชื่อ-สกุล รับเหมา</td><td style='padding:3px 6px;'>รถตัดโรงงานเบอร์ 24</td></tr><tr><td style='padding:3px 6px; font-weight:bold; background-color:#f2f2f2;'>นักเกษตร</td><td style='padding:3px 6px;'>7101</td></tr><tr><td style='padding:3px 6px; font-weight:bold; background-color:#f2f2f2;'>ศูนย์</td><td style='padding:3px 6px;'>K2-71</td></tr><tr><td style='padding:3px 6px; font-weight:bold; background-color:#f2f2f2;'>โควตา</td><td style='padding:3px 6px;'>773899</td></tr><tr><td style='padding:3px 6px; font-weight:bold; background-color:#f2f2f2;'>ชาวไร่</td><td style='padding:3px 6px;'>นางสาว รจนา ราชรักษ์</td></tr><tr><td style='padding:3px 6px; font-weight:bold; background-color:#f2f2f2;'>ประเภทอ้อย</td><td style='padding:3px 6px;'>ตอ1</td></tr><tr><td style='padding:3px 6px; font-weight:bold; background-color:#f2f2f2;'>พื้นที่</td><td style='padding:3px 6px;'>4.68</td></tr><tr><td style='padding:3px 6px; font-weight:bold; background-color:#f2f2f2;'>ตันรวม</td><td style='padding:3px 6px;'>42.12</td></tr><tr><td style='padding:3px 6px; font-weight:bold; background-color:#f2f2f2;'>รหัสแปลง</td><td style='padding:3px 6px;'>321306051550</td></tr><tr><td style='padding:3px 6px; font-weight:bold; background-color:#f2f2f2;'>กลุ่ม</td><td style='padding:3px 6px;'>กลุ่ม_71</td></tr></table></div>]]></description>
      <styleUrl>#plotStyle</styleUrl>
      <MultiGeometry><Polygon><outerBoundaryIs><LinearRing><coordinates>103.9675644,14.5368853,0 103.9671249,14.5383365,0 103.9675665,14.5384664,0 103.9679123,14.5369993,0 103.9675644,14.5368853,0</coordinates></LinearRing></outerBoundaryIs></Polygon></MultiGeometry>
    </Placemark>
    <Placemark>
      <name>321306051551</name>
      <description><![CDATA[<div style='font-family:Tahoma,sans-serif; font-size:13px;'><h3 style='color:#1565C0; margin:4px 0;'>รหัสแปลง: 321306051551</h3><p style='margin:2px 0;'><b>กลุ่มคิว:</b> 71_002</p><table border='1' style='border-collapse:collapse; border-color:#ccc; width:100%;'><tr><td style='padding:3px 6px; font-weight:bold; background-color:#f2f2f2;'>รหัสกลุ่มคิว</td><td style='padding:3px 6px;'>71/002</td></tr><tr><td style='padding:3px 6px; font-weight:bold; background-color:#f2f2f2;'>รหัสรับเหมา</td><td style='padding:3px 6px;'>738889</td></tr><tr><td style='padding:3px 6px; font-weight:bold; background-color:#f2f2f2;'>ชื่อ-สกุล รับเหมา</td><td style='padding:3px 6px;'>รถตัดโรงงานเบอร์ 24</td></tr><tr><td style='padding:3px 6px; font-weight:bold; background-color:#f2f2f2;'>นักเกษตร</td><td style='padding:3px 6px;'>7101</td></tr><tr><td style='padding:3px 6px; font-weight:bold; background-color:#f2f2f2;'>ศูนย์</td><td style='padding:3px 6px;'>K2-71</td></tr><tr><td style='padding:3px 6px; font-weight:bold; background-color:#f2f2f2;'>โควตา</td><td style='padding:3px 6px;'>700430</td></tr><tr><td style='padding:3px 6px; font-weight:bold; background-color:#f2f2f2;'>ชาวไร่</td><td style='padding:3px 6px;'>นาย สังอิม อย่าลืมดี</td></tr><tr><td style='padding:3px 6px; font-weight:bold; background-color:#f2f2f2;'>ประเภทอ้อย</td><td style='padding:3px 6px;'>ตอ1</td></tr><tr><td style='padding:3px 6px; font-weight:bold; background-color:#f2f2f2;'>พื้นที่</td><td style='padding:3px 6px;'>11.39</td></tr><tr><td style='padding:3px 6px; font-weight:bold; background-color:#f2f2f2;'>ตันรวม</td><td style='padding:3px 6px;'>102.51</td></tr><tr><td style='padding:3px 6px; font-weight:bold; background-color:#f2f2f2;'>รหัสแปลง</td><td style='padding:3px 6px;'>321306051551</td></tr><tr><td style='padding:3px 6px; font-weight:bold; background-color:#f2f2f2;'>กลุ่ม</td><td style='padding:3px 6px;'>กลุ่ม_71</td></tr></table></div>]]></description>
      <styleUrl>#plotStyle</styleUrl>
      <MultiGeometry><Polygon><outerBoundaryIs><LinearRing><coordinates>103.9831909,14.5299008,0 103.9832034,14.5290733,0 103.9832316,14.5276741,0 103.9829968,14.5276313,0 103.9829942,14.5276280,0 103.9829758,14.5275975,0 103.9829653,14.5275869,0 103.9829469,14.5275713,0 103.9828726,14.5275726,0 103.9827563,14.5275546,0 103.9827539,14.5275428,0 103.9827470,14.5274846,0 103.9827317,14.5274268,0 103.9827171,14.5273909,0 103.9826119,14.5274000,0 103.9825639,14.5275786,0 103.9825482,14.5275930,0 103.9825522,14.5277467,0 103.9825563,14.5280195,0 103.9825647,14.5298774,0 103.9831909,14.5299008,0</coordinates></LinearRing></outerBoundaryIs></Polygon></MultiGeometry>
    </Placemark>
    <Placemark>
      <name>321306051552</name>
      <description><![CDATA[<div style='font-family:Tahoma,sans-serif; font-size:13px;'><h3 style='color:#1565C0; margin:4px 0;'>รหัสแปลง: 321306051552</h3><p style='margin:2px 0;'><b>กลุ่มคิว:</b> 71_002</p><table border='1' style='border-collapse:collapse; border-color:#ccc; width:100%;'><tr><td style='padding:3px 6px; font-weight:bold; background-color:#f2f2f2;'>รหัสกลุ่มคิว</td><td style='padding:3px 6px;'>71/002</td></tr><tr><td style='padding:3px 6px; font-weight:bold; background-color:#f2f2f2;'>รหัสรับเหมา</td><td style='padding:3px 6px;'>738889</td></tr><tr><td style='padding:3px 6px; font-weight:bold; background-color:#f2f2f2;'>ชื่อ-สกุล รับเหมา</td><td style='padding:3px 6px;'>รถตัดโรงงานเบอร์ 24</td></tr><tr><td style='padding:3px 6px; font-weight:bold; background-color:#f2f2f2;'>นักเกษตร</td><td style='padding:3px 6px;'>7101</td></tr><tr><td style='padding:3px 6px; font-weight:bold; background-color:#f2f2f2;'>ศูนย์</td><td style='padding:3px 6px;'>K2-71</td></tr><tr><td style='padding:3px 6px; font-weight:bold; background-color:#f2f2f2;'>โควตา</td><td style='padding:3px 6px;'>773665</td></tr><tr><td style='padding:3px 6px; font-weight:bold; background-color:#f2f2f2;'>ชาวไร่</td><td style='padding:3px 6px;'>นาย อำนาจ ราชรักษ์</td></tr><tr><td style='padding:3px 6px; font-weight:bold; background-color:#f2f2f2;'>ประเภทอ้อย</td><td style='padding:3px 6px;'>ตอ1</td></tr><tr><td style='padding:3px 6px; font-weight:bold; background-color:#f2f2f2;'>พื้นที่</td><td style='padding:3px 6px;'>3.4</td></tr><tr><td style='padding:3px 6px; font-weight:bold; background-color:#f2f2f2;'>ตันรวม</td><td style='padding:3px 6px;'>30.6</td></tr><tr><td style='padding:3px 6px; font-weight:bold; background-color:#f2f2f2;'>รหัสแปลง</td><td style='padding:3px 6px;'>321306051552</td></tr><tr><td style='padding:3px 6px; font-weight:bold; background-color:#f2f2f2;'>กลุ่ม</td><td style='padding:3px 6px;'>กลุ่ม_71</td></tr></table></div>]]></description>
      <styleUrl>#plotStyle</styleUrl>
      <MultiGeometry><Polygon><outerBoundaryIs><LinearRing><coordinates>103.9673248,14.5367036,0 103.9674181,14.5363106,0 103.9665576,14.5361074,0 103.9664409,14.5361069,0 103.9662357,14.5361652,0 103.9661856,14.5361906,0 103.9661866,14.5362871,0 103.9662877,14.5364394,0 103.9664354,14.5364937,0 103.9666460,14.5365359,0 103.9673248,14.5367036,0</coordinates></LinearRing></outerBoundaryIs></Polygon></MultiGeometry>
    </Placemark>
    <Placemark>
      <name>321306091648</name>
      <description><![CDATA[<div style='font-family:Tahoma,sans-serif; font-size:13px;'><h3 style='color:#1565C0; margin:4px 0;'>รหัสแปลง: 321306091648</h3><p style='margin:2px 0;'><b>กลุ่มคิว:</b> 71_002</p><table border='1' style='border-collapse:collapse; border-color:#ccc; width:100%;'><tr><td style='padding:3px 6px; font-weight:bold; background-color:#f2f2f2;'>รหัสกลุ่มคิว</td><td style='padding:3px 6px;'>71/002</td></tr><tr><td style='padding:3px 6px; font-weight:bold; background-color:#f2f2f2;'>รหัสรับเหมา</td><td style='padding:3px 6px;'>738889</td></tr><tr><td style='padding:3px 6px; font-weight:bold; background-color:#f2f2f2;'>ชื่อ-สกุล รับเหมา</td><td style='padding:3px 6px;'>รถตัดโรงงานเบอร์ 24</td></tr><tr><td style='padding:3px 6px; font-weight:bold; background-color:#f2f2f2;'>นักเกษตร</td><td style='padding:3px 6px;'>7101</td></tr><tr><td style='padding:3px 6px; font-weight:bold; background-color:#f2f2f2;'>ศูนย์</td><td style='padding:3px 6px;'>K2-71</td></tr><tr><td style='padding:3px 6px; font-weight:bold; background-color:#f2f2f2;'>โควตา</td><td style='padding:3px 6px;'>774198</td></tr><tr><td style='padding:3px 6px; font-weight:bold; background-color:#f2f2f2;'>ชาวไร่</td><td style='padding:3px 6px;'>นาย นพพร ศรียันต์</td></tr><tr><td style='padding:3px 6px; font-weight:bold; background-color:#f2f2f2;'>ประเภทอ้อย</td><td style='padding:3px 6px;'>ตอ1</td></tr><tr><td style='padding:3px 6px; font-weight:bold; background-color:#f2f2f2;'>พื้นที่</td><td style='padding:3px 6px;'>5.9</td></tr><tr><td style='padding:3px 6px; font-weight:bold; background-color:#f2f2f2;'>ตันรวม</td><td style='padding:3px 6px;'>53.1</td></tr><tr><td style='padding:3px 6px; font-weight:bold; background-color:#f2f2f2;'>รหัสแปลง</td><td style='padding:3px 6px;'>321306091648</td></tr><tr><td style='padding:3px 6px; font-weight:bold; background-color:#f2f2f2;'>กลุ่ม</td><td style='padding:3px 6px;'>กลุ่ม_71</td></tr></table></div>]]></description>
      <styleUrl>#plotStyle</styleUrl>
      <MultiGeometry><Polygon><outerBoundaryIs><LinearRing><coordinates>103.9347686,14.5814938,0 103.9348101,14.5817708,0 103.9348909,14.5826433,0 103.9349255,14.5829799,0 103.9353944,14.5829667,0 103.9353939,14.5826098,0 103.9353740,14.5823107,0 103.9353138,14.5814145,0 103.9353089,14.5814352,0 103.9352942,14.5814211,0 103.9352757,14.5814079,0 103.9352693,14.5814036,0 103.9347686,14.5814938,0</coordinates></LinearRing></outerBoundaryIs></Polygon></MultiGeometry>
    </Placemark>
    <Placemark>
      <name>321301091579</name>
      <description><![CDATA[<div style='font-family:Tahoma,sans-serif; font-size:13px;'><h3 style='color:#1565C0; margin:4px 0;'>รหัสแปลง: 321301091579</h3><p style='margin:2px 0;'><b>กลุ่มคิว:</b> 71_002</p><table border='1' style='border-collapse:collapse; border-color:#ccc; width:100%;'><tr><td style='padding:3px 6px; font-weight:bold; background-color:#f2f2f2;'>รหัสกลุ่มคิว</td><td style='padding:3px 6px;'>71/002</td></tr><tr><td style='padding:3px 6px; font-weight:bold; background-color:#f2f2f2;'>รหัสรับเหมา</td><td style='padding:3px 6px;'>738889</td></tr><tr><td style='padding:3px 6px; font-weight:bold; background-color:#f2f2f2;'>ชื่อ-สกุล รับเหมา</td><td style='padding:3px 6px;'>รถตัดโรงงานเบอร์ 24</td></tr><tr><td style='padding:3px 6px; font-weight:bold; background-color:#f2f2f2;'>นักเกษตร</td><td style='padding:3px 6px;'>7101</td></tr><tr><td style='padding:3px 6px; font-weight:bold; background-color:#f2f2f2;'>ศูนย์</td><td style='padding:3px 6px;'>K2-71</td></tr><tr><td style='padding:3px 6px; font-weight:bold; background-color:#f2f2f2;'>โควตา</td><td style='padding:3px 6px;'>774195</td></tr><tr><td style='padding:3px 6px; font-weight:bold; background-color:#f2f2f2;'>ชาวไร่</td><td style='padding:3px 6px;'>นาง วรรณนิศา เจียนงาม</td></tr><tr><td style='padding:3px 6px; font-weight:bold; background-color:#f2f2f2;'>ประเภทอ้อย</td><td style='padding:3px 6px;'>ตอ1</td></tr><tr><td style='padding:3px 6px; font-weight:bold; background-color:#f2f2f2;'>พื้นที่</td><td style='padding:3px 6px;'>5.96</td></tr><tr><td style='padding:3px 6px; font-weight:bold; background-color:#f2f2f2;'>ตันรวม</td><td style='padding:3px 6px;'>53.64</td></tr><tr><td style='padding:3px 6px; font-weight:bold; background-color:#f2f2f2;'>รหัสแปลง</td><td style='padding:3px 6px;'>321301091579</td></tr><tr><td style='padding:3px 6px; font-weight:bold; background-color:#f2f2f2;'>กลุ่ม</td><td style='padding:3px 6px;'>กลุ่ม_71</td></tr></table></div>]]></description>
      <styleUrl>#plotStyle</styleUrl>
      <MultiGeometry><Polygon><outerBoundaryIs><LinearRing><coordinates>103.9746799,14.5150842,0 103.9748796,14.5154088,0 103.9749301,14.5153713,0 103.9750067,14.5154423,0 103.9753545,14.5153578,0 103.9754415,14.5153424,0 103.9755049,14.5153069,0 103.9755603,14.5152442,0 103.9755527,14.5150859,0 103.9756893,14.5150918,0 103.9757984,14.5150374,0 103.9760582,14.5147955,0 103.9761408,14.5146947,0 103.9762194,14.5146549,0 103.9763685,14.5146262,0 103.9763748,14.5146049,0 103.9763747,14.5145877,0 103.9762687,14.5142448,0 103.9746799,14.5150842,0</coordinates></LinearRing></outerBoundaryIs></Polygon></MultiGeometry>
    </Placemark>
    <Placemark>
      <name>321301091580</name>
      <description><![CDATA[<div style='font-family:Tahoma,sans-serif; font-size:13px;'><h3 style='color:#1565C0; margin:4px 0;'>รหัสแปลง: 321301091580</h3><p style='margin:2px 0;'><b>กลุ่มคิว:</b> 71_002</p><table border='1' style='border-collapse:collapse; border-color:#ccc; width:100%;'><tr><td style='padding:3px 6px; font-weight:bold; background-color:#f2f2f2;'>รหัสกลุ่มคิว</td><td style='padding:3px 6px;'>71/002</td></tr><tr><td style='padding:3px 6px; font-weight:bold; background-color:#f2f2f2;'>รหัสรับเหมา</td><td style='padding:3px 6px;'>738889</td></tr><tr><td style='padding:3px 6px; font-weight:bold; background-color:#f2f2f2;'>ชื่อ-สกุล รับเหมา</td><td style='padding:3px 6px;'>รถตัดโรงงานเบอร์ 24</td></tr><tr><td style='padding:3px 6px; font-weight:bold; background-color:#f2f2f2;'>นักเกษตร</td><td style='padding:3px 6px;'>7101</td></tr><tr><td style='padding:3px 6px; font-weight:bold; background-color:#f2f2f2;'>ศูนย์</td><td style='padding:3px 6px;'>K2-71</td></tr><tr><td style='padding:3px 6px; font-weight:bold; background-color:#f2f2f2;'>โควตา</td><td style='padding:3px 6px;'>774196</td></tr><tr><td style='padding:3px 6px; font-weight:bold; background-color:#f2f2f2;'>ชาวไร่</td><td style='padding:3px 6px;'>นาย จีรวัฒน์ เจียนงาม</td></tr><tr><td style='padding:3px 6px; font-weight:bold; background-color:#f2f2f2;'>ประเภทอ้อย</td><td style='padding:3px 6px;'>ตอ1</td></tr><tr><td style='padding:3px 6px; font-weight:bold; background-color:#f2f2f2;'>พื้นที่</td><td style='padding:3px 6px;'>5.49</td></tr><tr><td style='padding:3px 6px; font-weight:bold; background-color:#f2f2f2;'>ตันรวม</td><td style='padding:3px 6px;'>49.41</td></tr><tr><td style='padding:3px 6px; font-weight:bold; background-color:#f2f2f2;'>รหัสแปลง</td><td style='padding:3px 6px;'>321301091580</td></tr><tr><td style='padding:3px 6px; font-weight:bold; background-color:#f2f2f2;'>กลุ่ม</td><td style='padding:3px 6px;'>กลุ่ม_71</td></tr></table></div>]]></description>
      <styleUrl>#plotStyle</styleUrl>
      <MultiGeometry><Polygon><outerBoundaryIs><LinearRing><coordinates>103.9761256,14.5137839,0 103.9745120,14.5147914,0 103.9746778,14.5150725,0 103.9762515,14.5142546,0 103.9761256,14.5137839,0</coordinates></LinearRing></outerBoundaryIs></Polygon></MultiGeometry>
    </Placemark>
    <Placemark>
      <name>321306051553</name>
      <description><![CDATA[<div style='font-family:Tahoma,sans-serif; font-size:13px;'><h3 style='color:#1565C0; margin:4px 0;'>รหัสแปลง: 321306051553</h3><p style='margin:2px 0;'><b>กลุ่มคิว:</b> 71_002</p><table border='1' style='border-collapse:collapse; border-color:#ccc; width:100%;'><tr><td style='padding:3px 6px; font-weight:bold; background-color:#f2f2f2;'>รหัสกลุ่มคิว</td><td style='padding:3px 6px;'>71/002</td></tr><tr><td style='padding:3px 6px; font-weight:bold; background-color:#f2f2f2;'>รหัสรับเหมา</td><td style='padding:3px 6px;'>738889</td></tr><tr><td style='padding:3px 6px; font-weight:bold; background-color:#f2f2f2;'>ชื่อ-สกุล รับเหมา</td><td style='padding:3px 6px;'>รถตัดโรงงานเบอร์ 24</td></tr><tr><td style='padding:3px 6px; font-weight:bold; background-color:#f2f2f2;'>นักเกษตร</td><td style='padding:3px 6px;'>7101</td></tr><tr><td style='padding:3px 6px; font-weight:bold; background-color:#f2f2f2;'>ศูนย์</td><td style='padding:3px 6px;'>K2-71</td></tr><tr><td style='padding:3px 6px; font-weight:bold; background-color:#f2f2f2;'>โควตา</td><td style='padding:3px 6px;'>774174</td></tr><tr><td style='padding:3px 6px; font-weight:bold; background-color:#f2f2f2;'>ชาวไร่</td><td style='padding:3px 6px;'>นางสาว ฟ้ารุ่ง บานเย็น</td></tr><tr><td style='padding:3px 6px; font-weight:bold; background-color:#f2f2f2;'>ประเภทอ้อย</td><td style='padding:3px 6px;'>ตอ1</td></tr><tr><td style='padding:3px 6px; font-weight:bold; background-color:#f2f2f2;'>พื้นที่</td><td style='padding:3px 6px;'>1.39</td></tr><tr><td style='padding:3px 6px; font-weight:bold; background-color:#f2f2f2;'>ตันรวม</td><td style='padding:3px 6px;'>12.51</td></tr><tr><td style='padding:3px 6px; font-weight:bold; background-color:#f2f2f2;'>รหัสแปลง</td><td style='padding:3px 6px;'>321306051553</td></tr><tr><td style='padding:3px 6px; font-weight:bold; background-color:#f2f2f2;'>กลุ่ม</td><td style='padding:3px 6px;'>กลุ่ม_71</td></tr></table></div>]]></description>
      <styleUrl>#plotStyle</styleUrl>
      <MultiGeometry><Polygon><outerBoundaryIs><LinearRing><coordinates>103.9899897,14.5261461,0 103.9895649,14.5253710,0 103.9893918,14.5254450,0 103.9894742,14.5256317,0 103.9895369,14.5256392,0 103.9897637,14.5262877,0 103.9899726,14.5261592,0 103.9899897,14.5261461,0</coordinates></LinearRing></outerBoundaryIs></Polygon></MultiGeometry>
    </Placemark>
    <Placemark>
      <name>321304021517</name>
      <description><![CDATA[<div style='font-family:Tahoma,sans-serif; font-size:13px;'><h3 style='color:#1565C0; margin:4px 0;'>รหัสแปลง: 321304021517</h3><p style='margin:2px 0;'><b>กลุ่มคิว:</b> 71_002</p><table border='1' style='border-collapse:collapse; border-color:#ccc; width:100%;'><tr><td style='padding:3px 6px; font-weight:bold; background-color:#f2f2f2;'>รหัสกลุ่มคิว</td><td style='padding:3px 6px;'>71/002</td></tr><tr><td style='padding:3px 6px; font-weight:bold; background-color:#f2f2f2;'>รหัสรับเหมา</td><td style='padding:3px 6px;'>738889</td></tr><tr><td style='padding:3px 6px; font-weight:bold; background-color:#f2f2f2;'>ชื่อ-สกุล รับเหมา</td><td style='padding:3px 6px;'>รถตัดโรงงานเบอร์ 24</td></tr><tr><td style='padding:3px 6px; font-weight:bold; background-color:#f2f2f2;'>นักเกษตร</td><td style='padding:3px 6px;'>7101</td></tr><tr><td style='padding:3px 6px; font-weight:bold; background-color:#f2f2f2;'>ศูนย์</td><td style='padding:3px 6px;'>K2-71</td></tr><tr><td style='padding:3px 6px; font-weight:bold; background-color:#f2f2f2;'>โควตา</td><td style='padding:3px 6px;'>772821</td></tr><tr><td style='padding:3px 6px; font-weight:bold; background-color:#f2f2f2;'>ชาวไร่</td><td style='padding:3px 6px;'>นางสาว รัชนีกร เรืองบุญ</td></tr><tr><td style='padding:3px 6px; font-weight:bold; background-color:#f2f2f2;'>ประเภทอ้อย</td><td style='padding:3px 6px;'>ปลายฝน</td></tr><tr><td style='padding:3px 6px; font-weight:bold; background-color:#f2f2f2;'>พื้นที่</td><td style='padding:3px 6px;'>11.92</td></tr><tr><td style='padding:3px 6px; font-weight:bold; background-color:#f2f2f2;'>ตันรวม</td><td style='padding:3px 6px;'>154.96</td></tr><tr><td style='padding:3px 6px; font-weight:bold; background-color:#f2f2f2;'>รหัสแปลง</td><td style='padding:3px 6px;'>321304021517</td></tr><tr><td style='padding:3px 6px; font-weight:bold; background-color:#f2f2f2;'>กลุ่ม</td><td style='padding:3px 6px;'>กลุ่ม_71</td></tr></table></div>]]></description>
      <styleUrl>#plotStyle</styleUrl>
      <MultiGeometry><Polygon><outerBoundaryIs><LinearRing><coordinates>103.9730649,14.5933250,0 103.9730579,14.5951576,0 103.9732726,14.5952322,0 103.9736081,14.5952870,0 103.9736143,14.5953146,0 103.9736005,14.5954838,0 103.9738879,14.5954469,0 103.9738299,14.5939997,0 103.9737974,14.5932229,0 103.9730649,14.5933250,0</coordinates></LinearRing></outerBoundaryIs></Polygon></MultiGeometry>
    </Placemark>
    <Placemark>
      <name>321301091583</name>
      <description><![CDATA[<div style='font-family:Tahoma,sans-serif; font-size:13px;'><h3 style='color:#1565C0; margin:4px 0;'>รหัสแปลง: 321301091583</h3><p style='margin:2px 0;'><b>กลุ่มคิว:</b> 71_002</p><table border='1' style='border-collapse:collapse; border-color:#ccc; width:100%;'><tr><td style='padding:3px 6px; font-weight:bold; background-color:#f2f2f2;'>รหัสกลุ่มคิว</td><td style='padding:3px 6px;'>71/002</td></tr><tr><td style='padding:3px 6px; font-weight:bold; background-color:#f2f2f2;'>รหัสรับเหมา</td><td style='padding:3px 6px;'>738889</td></tr><tr><td style='padding:3px 6px; font-weight:bold; background-color:#f2f2f2;'>ชื่อ-สกุล รับเหมา</td><td style='padding:3px 6px;'>รถตัดโรงงานเบอร์ 24</td></tr><tr><td style='padding:3px 6px; font-weight:bold; background-color:#f2f2f2;'>นักเกษตร</td><td style='padding:3px 6px;'>7101</td></tr><tr><td style='padding:3px 6px; font-weight:bold; background-color:#f2f2f2;'>ศูนย์</td><td style='padding:3px 6px;'>K2-71</td></tr><tr><td style='padding:3px 6px; font-weight:bold; background-color:#f2f2f2;'>โควตา</td><td style='padding:3px 6px;'>774151</td></tr><tr><td style='padding:3px 6px; font-weight:bold; background-color:#f2f2f2;'>ชาวไร่</td><td style='padding:3px 6px;'>นาง สมหมาย จันแสน</td></tr><tr><td style='padding:3px 6px; font-weight:bold; background-color:#f2f2f2;'>ประเภทอ้อย</td><td style='padding:3px 6px;'>ปลายฝน</td></tr><tr><td style='padding:3px 6px; font-weight:bold; background-color:#f2f2f2;'>พื้นที่</td><td style='padding:3px 6px;'>6.38</td></tr><tr><td style='padding:3px 6px; font-weight:bold; background-color:#f2f2f2;'>ตันรวม</td><td style='padding:3px 6px;'>82.94</td></tr><tr><td style='padding:3px 6px; font-weight:bold; background-color:#f2f2f2;'>รหัสแปลง</td><td style='padding:3px 6px;'>321301091583</td></tr><tr><td style='padding:3px 6px; font-weight:bold; background-color:#f2f2f2;'>กลุ่ม</td><td style='padding:3px 6px;'>กลุ่ม_71</td></tr></table></div>]]></description>
      <styleUrl>#plotStyle</styleUrl>
      <MultiGeometry><Polygon><outerBoundaryIs><LinearRing><coordinates>103.9928013,14.5225382,0 103.9925994,14.5213120,0 103.9918881,14.5215471,0 103.9924599,14.5229321,0 103.9928373,14.5227591,0 103.9927833,14.5226135,0 103.9928013,14.5225382,0</coordinates></LinearRing></outerBoundaryIs></Polygon></MultiGeometry>
    </Placemark>
    <Placemark>
      <name>321306071594</name>
      <description><![CDATA[<div style='font-family:Tahoma,sans-serif; font-size:13px;'><h3 style='color:#1565C0; margin:4px 0;'>รหัสแปลง: 321306071594</h3><p style='margin:2px 0;'><b>กลุ่มคิว:</b> 71_002</p><table border='1' style='border-collapse:collapse; border-color:#ccc; width:100%;'><tr><td style='padding:3px 6px; font-weight:bold; background-color:#f2f2f2;'>รหัสกลุ่มคิว</td><td style='padding:3px 6px;'>71/002</td></tr><tr><td style='padding:3px 6px; font-weight:bold; background-color:#f2f2f2;'>รหัสรับเหมา</td><td style='padding:3px 6px;'>738889</td></tr><tr><td style='padding:3px 6px; font-weight:bold; background-color:#f2f2f2;'>ชื่อ-สกุล รับเหมา</td><td style='padding:3px 6px;'>รถตัดโรงงานเบอร์ 24</td></tr><tr><td style='padding:3px 6px; font-weight:bold; background-color:#f2f2f2;'>นักเกษตร</td><td style='padding:3px 6px;'>7101</td></tr><tr><td style='padding:3px 6px; font-weight:bold; background-color:#f2f2f2;'>ศูนย์</td><td style='padding:3px 6px;'>K2-71</td></tr><tr><td style='padding:3px 6px; font-weight:bold; background-color:#f2f2f2;'>โควตา</td><td style='padding:3px 6px;'>774163</td></tr><tr><td style='padding:3px 6px; font-weight:bold; background-color:#f2f2f2;'>ชาวไร่</td><td style='padding:3px 6px;'>นาง อัจฉราวดี เทียนทอง</td></tr><tr><td style='padding:3px 6px; font-weight:bold; background-color:#f2f2f2;'>ประเภทอ้อย</td><td style='padding:3px 6px;'>ปลายฝน</td></tr><tr><td style='padding:3px 6px; font-weight:bold; background-color:#f2f2f2;'>พื้นที่</td><td style='padding:3px 6px;'>6.23</td></tr><tr><td style='padding:3px 6px; font-weight:bold; background-color:#f2f2f2;'>ตันรวม</td><td style='padding:3px 6px;'>80.99</td></tr><tr><td style='padding:3px 6px; font-weight:bold; background-color:#f2f2f2;'>รหัสแปลง</td><td style='padding:3px 6px;'>321306071594</td></tr><tr><td style='padding:3px 6px; font-weight:bold; background-color:#f2f2f2;'>กลุ่ม</td><td style='padding:3px 6px;'>กลุ่ม_71</td></tr></table></div>]]></description>
      <styleUrl>#plotStyle</styleUrl>
      <MultiGeometry><Polygon><outerBoundaryIs><LinearRing><coordinates>103.9828452,14.5761845,0 103.9825646,14.5762365,0 103.9827153,14.5767827,0 103.9829278,14.5766829,0 103.9832634,14.5765377,0 103.9833075,14.5764794,0 103.9832652,14.5764148,0 103.9832031,14.5762930,0 103.9831087,14.5760604,0 103.9830329,14.5756834,0 103.9828672,14.5753595,0 103.9827687,14.5750960,0 103.9826793,14.5749650,0 103.9825277,14.5748592,0 103.9824250,14.5748233,0 103.9823971,14.5751389,0 103.9823289,14.5752157,0 103.9824800,14.5758044,0 103.9827032,14.5757280,0 103.9828452,14.5761845,0</coordinates></LinearRing></outerBoundaryIs></Polygon></MultiGeometry>
    </Placemark>
    <Placemark>
      <name>321301031562</name>
      <description><![CDATA[<div style='font-family:Tahoma,sans-serif; font-size:13px;'><h3 style='color:#1565C0; margin:4px 0;'>รหัสแปลง: 321301031562</h3><p style='margin:2px 0;'><b>กลุ่มคิว:</b> 71_002</p><table border='1' style='border-collapse:collapse; border-color:#ccc; width:100%;'><tr><td style='padding:3px 6px; font-weight:bold; background-color:#f2f2f2;'>รหัสกลุ่มคิว</td><td style='padding:3px 6px;'>71/002</td></tr><tr><td style='padding:3px 6px; font-weight:bold; background-color:#f2f2f2;'>รหัสรับเหมา</td><td style='padding:3px 6px;'>738889</td></tr><tr><td style='padding:3px 6px; font-weight:bold; background-color:#f2f2f2;'>ชื่อ-สกุล รับเหมา</td><td style='padding:3px 6px;'>รถตัดโรงงานเบอร์ 24</td></tr><tr><td style='padding:3px 6px; font-weight:bold; background-color:#f2f2f2;'>นักเกษตร</td><td style='padding:3px 6px;'>7101</td></tr><tr><td style='padding:3px 6px; font-weight:bold; background-color:#f2f2f2;'>ศูนย์</td><td style='padding:3px 6px;'>K2-71</td></tr><tr><td style='padding:3px 6px; font-weight:bold; background-color:#f2f2f2;'>โควตา</td><td style='padding:3px 6px;'>774205</td></tr><tr><td style='padding:3px 6px; font-weight:bold; background-color:#f2f2f2;'>ชาวไร่</td><td style='padding:3px 6px;'>นาย กิตติศักดิ์ ศรีธรณ์</td></tr><tr><td style='padding:3px 6px; font-weight:bold; background-color:#f2f2f2;'>ประเภทอ้อย</td><td style='padding:3px 6px;'>ปลายฝน</td></tr><tr><td style='padding:3px 6px; font-weight:bold; background-color:#f2f2f2;'>พื้นที่</td><td style='padding:3px 6px;'>13.8</td></tr><tr><td style='padding:3px 6px; font-weight:bold; background-color:#f2f2f2;'>ตันรวม</td><td style='padding:3px 6px;'>179.4</td></tr><tr><td style='padding:3px 6px; font-weight:bold; background-color:#f2f2f2;'>รหัสแปลง</td><td style='padding:3px 6px;'>321301031562</td></tr><tr><td style='padding:3px 6px; font-weight:bold; background-color:#f2f2f2;'>กลุ่ม</td><td style='padding:3px 6px;'>กลุ่ม_71</td></tr></table></div>]]></description>
      <styleUrl>#plotStyle</styleUrl>
      <MultiGeometry><Polygon><outerBoundaryIs><LinearRing><coordinates>103.9025704,14.5360671,0 103.9023672,14.5384127,0 103.9025936,14.5384476,0 103.9031723,14.5384626,0 103.9032697,14.5366181,0 103.9032513,14.5359991,0 103.9025704,14.5360671,0</coordinates></LinearRing></outerBoundaryIs></Polygon></MultiGeometry>
    </Placemark>
    <Placemark>
      <name>321306091650</name>
      <description><![CDATA[<div style='font-family:Tahoma,sans-serif; font-size:13px;'><h3 style='color:#1565C0; margin:4px 0;'>รหัสแปลง: 321306091650</h3><p style='margin:2px 0;'><b>กลุ่มคิว:</b> 71_002</p><table border='1' style='border-collapse:collapse; border-color:#ccc; width:100%;'><tr><td style='padding:3px 6px; font-weight:bold; background-color:#f2f2f2;'>รหัสกลุ่มคิว</td><td style='padding:3px 6px;'>71/002</td></tr><tr><td style='padding:3px 6px; font-weight:bold; background-color:#f2f2f2;'>รหัสรับเหมา</td><td style='padding:3px 6px;'>738889</td></tr><tr><td style='padding:3px 6px; font-weight:bold; background-color:#f2f2f2;'>ชื่อ-สกุล รับเหมา</td><td style='padding:3px 6px;'>รถตัดโรงงานเบอร์ 24</td></tr><tr><td style='padding:3px 6px; font-weight:bold; background-color:#f2f2f2;'>นักเกษตร</td><td style='padding:3px 6px;'>7101</td></tr><tr><td style='padding:3px 6px; font-weight:bold; background-color:#f2f2f2;'>ศูนย์</td><td style='padding:3px 6px;'>K2-71</td></tr><tr><td style='padding:3px 6px; font-weight:bold; background-color:#f2f2f2;'>โควตา</td><td style='padding:3px 6px;'>774198</td></tr><tr><td style='padding:3px 6px; font-weight:bold; background-color:#f2f2f2;'>ชาวไร่</td><td style='padding:3px 6px;'>นาย นพพร ศรียันต์</td></tr><tr><td style='padding:3px 6px; font-weight:bold; background-color:#f2f2f2;'>ประเภทอ้อย</td><td style='padding:3px 6px;'>ปลายฝน</td></tr><tr><td style='padding:3px 6px; font-weight:bold; background-color:#f2f2f2;'>พื้นที่</td><td style='padding:3px 6px;'>22.65</td></tr><tr><td style='padding:3px 6px; font-weight:bold; background-color:#f2f2f2;'>ตันรวม</td><td style='padding:3px 6px;'>294.45</td></tr><tr><td style='padding:3px 6px; font-weight:bold; background-color:#f2f2f2;'>รหัสแปลง</td><td style='padding:3px 6px;'>321306091650</td></tr><tr><td style='padding:3px 6px; font-weight:bold; background-color:#f2f2f2;'>กลุ่ม</td><td style='padding:3px 6px;'>กลุ่ม_71</td></tr></table></div>]]></description>
      <styleUrl>#plotStyle</styleUrl>
      <MultiGeometry><Polygon><outerBoundaryIs><LinearRing><coordinates>103.9563711,14.5843449,0 103.9586811,14.5838844,0 103.9585098,14.5827807,0 103.9582829,14.5828567,0 103.9582020,14.5825221,0 103.9561966,14.5831590,0 103.9563528,14.5839211,0 103.9562978,14.5839683,0 103.9563711,14.5843449,0</coordinates></LinearRing></outerBoundaryIs></Polygon></MultiGeometry>
    </Placemark>
    <Placemark>
      <name>321301081607</name>
      <description><![CDATA[<div style='font-family:Tahoma,sans-serif; font-size:13px;'><h3 style='color:#1565C0; margin:4px 0;'>รหัสแปลง: 321301081607</h3><p style='margin:2px 0;'><b>กลุ่มคิว:</b> 71_002</p><table border='1' style='border-collapse:collapse; border-color:#ccc; width:100%;'><tr><td style='padding:3px 6px; font-weight:bold; background-color:#f2f2f2;'>รหัสกลุ่มคิว</td><td style='padding:3px 6px;'>71/002</td></tr><tr><td style='padding:3px 6px; font-weight:bold; background-color:#f2f2f2;'>รหัสรับเหมา</td><td style='padding:3px 6px;'>738889</td></tr><tr><td style='padding:3px 6px; font-weight:bold; background-color:#f2f2f2;'>ชื่อ-สกุล รับเหมา</td><td style='padding:3px 6px;'>รถตัดโรงงานเบอร์ 24</td></tr><tr><td style='padding:3px 6px; font-weight:bold; background-color:#f2f2f2;'>นักเกษตร</td><td style='padding:3px 6px;'>7101</td></tr><tr><td style='padding:3px 6px; font-weight:bold; background-color:#f2f2f2;'>ศูนย์</td><td style='padding:3px 6px;'>K2-71</td></tr><tr><td style='padding:3px 6px; font-weight:bold; background-color:#f2f2f2;'>โควตา</td><td style='padding:3px 6px;'>773715</td></tr><tr><td style='padding:3px 6px; font-weight:bold; background-color:#f2f2f2;'>ชาวไร่</td><td style='padding:3px 6px;'>นาง เพชรลดา มณีตา</td></tr><tr><td style='padding:3px 6px; font-weight:bold; background-color:#f2f2f2;'>ประเภทอ้อย</td><td style='padding:3px 6px;'>ปลายฝน</td></tr><tr><td style='padding:3px 6px; font-weight:bold; background-color:#f2f2f2;'>พื้นที่</td><td style='padding:3px 6px;'>11.81</td></tr><tr><td style='padding:3px 6px; font-weight:bold; background-color:#f2f2f2;'>ตันรวม</td><td style='padding:3px 6px;'>153.53</td></tr><tr><td style='padding:3px 6px; font-weight:bold; background-color:#f2f2f2;'>รหัสแปลง</td><td style='padding:3px 6px;'>321301081607</td></tr><tr><td style='padding:3px 6px; font-weight:bold; background-color:#f2f2f2;'>กลุ่ม</td><td style='padding:3px 6px;'>กลุ่ม_71</td></tr></table></div>]]></description>
      <styleUrl>#plotStyle</styleUrl>
      <MultiGeometry><Polygon><outerBoundaryIs><LinearRing><coordinates>103.9907840,14.5090320,0 103.9918744,14.5088809,0 103.9914854,14.5073399,0 103.9911475,14.5073684,0 103.9911417,14.5074138,0 103.9910750,14.5074207,0 103.9911157,14.5076931,0 103.9906471,14.5077989,0 103.9905440,14.5074531,0 103.9904016,14.5074795,0 103.9907840,14.5090320,0</coordinates></LinearRing></outerBoundaryIs></Polygon></MultiGeometry>
    </Placemark>
    <Placemark>
      <name>321306031533</name>
      <description><![CDATA[<div style='font-family:Tahoma,sans-serif; font-size:13px;'><h3 style='color:#1565C0; margin:4px 0;'>รหัสแปลง: 321306031533</h3><p style='margin:2px 0;'><b>กลุ่มคิว:</b> 71_002</p><table border='1' style='border-collapse:collapse; border-color:#ccc; width:100%;'><tr><td style='padding:3px 6px; font-weight:bold; background-color:#f2f2f2;'>รหัสกลุ่มคิว</td><td style='padding:3px 6px;'>71/002</td></tr><tr><td style='padding:3px 6px; font-weight:bold; background-color:#f2f2f2;'>รหัสรับเหมา</td><td style='padding:3px 6px;'>738889</td></tr><tr><td style='padding:3px 6px; font-weight:bold; background-color:#f2f2f2;'>ชื่อ-สกุล รับเหมา</td><td style='padding:3px 6px;'>รถตัดโรงงานเบอร์ 24</td></tr><tr><td style='padding:3px 6px; font-weight:bold; background-color:#f2f2f2;'>นักเกษตร</td><td style='padding:3px 6px;'>7101</td></tr><tr><td style='padding:3px 6px; font-weight:bold; background-color:#f2f2f2;'>ศูนย์</td><td style='padding:3px 6px;'>K2-71</td></tr><tr><td style='padding:3px 6px; font-weight:bold; background-color:#f2f2f2;'>โควตา</td><td style='padding:3px 6px;'>774206</td></tr><tr><td style='padding:3px 6px; font-weight:bold; background-color:#f2f2f2;'>ชาวไร่</td><td style='padding:3px 6px;'>นาง จิราภา กล้วยทอง</td></tr><tr><td style='padding:3px 6px; font-weight:bold; background-color:#f2f2f2;'>ประเภทอ้อย</td><td style='padding:3px 6px;'>ปลายฝน</td></tr><tr><td style='padding:3px 6px; font-weight:bold; background-color:#f2f2f2;'>พื้นที่</td><td style='padding:3px 6px;'>6.08</td></tr><tr><td style='padding:3px 6px; font-weight:bold; background-color:#f2f2f2;'>ตันรวม</td><td style='padding:3px 6px;'>79.04</td></tr><tr><td style='padding:3px 6px; font-weight:bold; background-color:#f2f2f2;'>รหัสแปลง</td><td style='padding:3px 6px;'>321306031533</td></tr><tr><td style='padding:3px 6px; font-weight:bold; background-color:#f2f2f2;'>กลุ่ม</td><td style='padding:3px 6px;'>กลุ่ม_71</td></tr></table></div>]]></description>
      <styleUrl>#plotStyle</styleUrl>
      <MultiGeometry><Polygon><outerBoundaryIs><LinearRing><coordinates>103.9768352,14.5788127,0 103.9765476,14.5784385,0 103.9749740,14.5792402,0 103.9750943,14.5796437,0 103.9768352,14.5788127,0</coordinates></LinearRing></outerBoundaryIs></Polygon></MultiGeometry>
    </Placemark>
    <Placemark>
      <name>321306061572</name>
      <description><![CDATA[<div style='font-family:Tahoma,sans-serif; font-size:13px;'><h3 style='color:#1565C0; margin:4px 0;'>รหัสแปลง: 321306061572</h3><p style='margin:2px 0;'><b>กลุ่มคิว:</b> 71_002</p><table border='1' style='border-collapse:collapse; border-color:#ccc; width:100%;'><tr><td style='padding:3px 6px; font-weight:bold; background-color:#f2f2f2;'>รหัสกลุ่มคิว</td><td style='padding:3px 6px;'>71/002</td></tr><tr><td style='padding:3px 6px; font-weight:bold; background-color:#f2f2f2;'>รหัสรับเหมา</td><td style='padding:3px 6px;'>738889</td></tr><tr><td style='padding:3px 6px; font-weight:bold; background-color:#f2f2f2;'>ชื่อ-สกุล รับเหมา</td><td style='padding:3px 6px;'>รถตัดโรงงานเบอร์ 24</td></tr><tr><td style='padding:3px 6px; font-weight:bold; background-color:#f2f2f2;'>นักเกษตร</td><td style='padding:3px 6px;'>7101</td></tr><tr><td style='padding:3px 6px; font-weight:bold; background-color:#f2f2f2;'>ศูนย์</td><td style='padding:3px 6px;'>K2-71</td></tr><tr><td style='padding:3px 6px; font-weight:bold; background-color:#f2f2f2;'>โควตา</td><td style='padding:3px 6px;'>771279</td></tr><tr><td style='padding:3px 6px; font-weight:bold; background-color:#f2f2f2;'>ชาวไร่</td><td style='padding:3px 6px;'>นาง เท็ก นาคเจือ</td></tr><tr><td style='padding:3px 6px; font-weight:bold; background-color:#f2f2f2;'>ประเภทอ้อย</td><td style='padding:3px 6px;'>ปลายฝน</td></tr><tr><td style='padding:3px 6px; font-weight:bold; background-color:#f2f2f2;'>พื้นที่</td><td style='padding:3px 6px;'>6.64</td></tr><tr><td style='padding:3px 6px; font-weight:bold; background-color:#f2f2f2;'>ตันรวม</td><td style='padding:3px 6px;'>86.32</td></tr><tr><td style='padding:3px 6px; font-weight:bold; background-color:#f2f2f2;'>รหัสแปลง</td><td style='padding:3px 6px;'>321306061572</td></tr><tr><td style='padding:3px 6px; font-weight:bold; background-color:#f2f2f2;'>กลุ่ม</td><td style='padding:3px 6px;'>กลุ่ม_71</td></tr></table></div>]]></description>
      <styleUrl>#plotStyle</styleUrl>
      <MultiGeometry><Polygon><outerBoundaryIs><LinearRing><coordinates>103.9542406,14.5563218,0 103.9539646,14.5548881,0 103.9535832,14.5549737,0 103.9536020,14.5551050,0 103.9536930,14.5551067,0 103.9536973,14.5551649,0 103.9536684,14.5551797,0 103.9536023,14.5551922,0 103.9535774,14.5549810,0 103.9532876,14.5550643,0 103.9537677,14.5564978,0 103.9542406,14.5563218,0</coordinates></LinearRing></outerBoundaryIs></Polygon></MultiGeometry>
    </Placemark>
    <Placemark>
      <name>321015041558</name>
      <description><![CDATA[<div style='font-family:Tahoma,sans-serif; font-size:13px;'><h3 style='color:#1565C0; margin:4px 0;'>รหัสแปลง: 321015041558</h3><p style='margin:2px 0;'><b>กลุ่มคิว:</b> 71_002</p><table border='1' style='border-collapse:collapse; border-color:#ccc; width:100%;'><tr><td style='padding:3px 6px; font-weight:bold; background-color:#f2f2f2;'>รหัสกลุ่มคิว</td><td style='padding:3px 6px;'>71/002</td></tr><tr><td style='padding:3px 6px; font-weight:bold; background-color:#f2f2f2;'>รหัสรับเหมา</td><td style='padding:3px 6px;'>738889</td></tr><tr><td style='padding:3px 6px; font-weight:bold; background-color:#f2f2f2;'>ชื่อ-สกุล รับเหมา</td><td style='padding:3px 6px;'>รถตัดโรงงานเบอร์ 24</td></tr><tr><td style='padding:3px 6px; font-weight:bold; background-color:#f2f2f2;'>นักเกษตร</td><td style='padding:3px 6px;'>7101</td></tr><tr><td style='padding:3px 6px; font-weight:bold; background-color:#f2f2f2;'>ศูนย์</td><td style='padding:3px 6px;'>K2-71</td></tr><tr><td style='padding:3px 6px; font-weight:bold; background-color:#f2f2f2;'>โควตา</td><td style='padding:3px 6px;'>730381</td></tr><tr><td style='padding:3px 6px; font-weight:bold; background-color:#f2f2f2;'>ชาวไร่</td><td style='padding:3px 6px;'>นาย สมจิต แท่นแก้ว</td></tr><tr><td style='padding:3px 6px; font-weight:bold; background-color:#f2f2f2;'>ประเภทอ้อย</td><td style='padding:3px 6px;'>ปลายฝน</td></tr><tr><td style='padding:3px 6px; font-weight:bold; background-color:#f2f2f2;'>พื้นที่</td><td style='padding:3px 6px;'>6.05</td></tr><tr><td style='padding:3px 6px; font-weight:bold; background-color:#f2f2f2;'>ตันรวม</td><td style='padding:3px 6px;'>78.65</td></tr><tr><td style='padding:3px 6px; font-weight:bold; background-color:#f2f2f2;'>รหัสแปลง</td><td style='padding:3px 6px;'>321015041558</td></tr><tr><td style='padding:3px 6px; font-weight:bold; background-color:#f2f2f2;'>กลุ่ม</td><td style='padding:3px 6px;'>กลุ่ม_71</td></tr></table></div>]]></description>
      <styleUrl>#plotStyle</styleUrl>
      <MultiGeometry><Polygon><outerBoundaryIs><LinearRing><coordinates>103.9136050,14.5936733,0 103.9135550,14.5935383,0 103.9134317,14.5935833,0 103.9133000,14.5936233,0 103.9131450,14.5936667,0 103.9128750,14.5936967,0 103.9128200,14.5936200,0 103.9127633,14.5934917,0 103.9124850,14.5935717,0 103.9125633,14.5938900,0 103.9126850,14.5944533,0 103.9127417,14.5944450,0 103.9128050,14.5944167,0 103.9129267,14.5943867,0 103.9130867,14.5943433,0 103.9132000,14.5943117,0 103.9133333,14.5942750,0 103.9135267,14.5942283,0 103.9136717,14.5941683,0 103.9138533,14.5940967,0 103.9137950,14.5939983,0 103.9137317,14.5938883,0 103.9136700,14.5937900,0 103.9136050,14.5936733,0</coordinates></LinearRing></outerBoundaryIs></Polygon></MultiGeometry>
    </Placemark>
    <Placemark>
      <name>321306091651</name>
      <description><![CDATA[<div style='font-family:Tahoma,sans-serif; font-size:13px;'><h3 style='color:#1565C0; margin:4px 0;'>รหัสแปลง: 321306091651</h3><p style='margin:2px 0;'><b>กลุ่มคิว:</b> 71_002</p><table border='1' style='border-collapse:collapse; border-color:#ccc; width:100%;'><tr><td style='padding:3px 6px; font-weight:bold; background-color:#f2f2f2;'>รหัสกลุ่มคิว</td><td style='padding:3px 6px;'>71/002</td></tr><tr><td style='padding:3px 6px; font-weight:bold; background-color:#f2f2f2;'>รหัสรับเหมา</td><td style='padding:3px 6px;'>738889</td></tr><tr><td style='padding:3px 6px; font-weight:bold; background-color:#f2f2f2;'>ชื่อ-สกุล รับเหมา</td><td style='padding:3px 6px;'>รถตัดโรงงานเบอร์ 24</td></tr><tr><td style='padding:3px 6px; font-weight:bold; background-color:#f2f2f2;'>นักเกษตร</td><td style='padding:3px 6px;'>7101</td></tr><tr><td style='padding:3px 6px; font-weight:bold; background-color:#f2f2f2;'>ศูนย์</td><td style='padding:3px 6px;'>K2-71</td></tr><tr><td style='padding:3px 6px; font-weight:bold; background-color:#f2f2f2;'>โควตา</td><td style='padding:3px 6px;'>774164</td></tr><tr><td style='padding:3px 6px; font-weight:bold; background-color:#f2f2f2;'>ชาวไร่</td><td style='padding:3px 6px;'>นาง สุวรรณจิตร ชุ่มมาก</td></tr><tr><td style='padding:3px 6px; font-weight:bold; background-color:#f2f2f2;'>ประเภทอ้อย</td><td style='padding:3px 6px;'>ปลายฝน</td></tr><tr><td style='padding:3px 6px; font-weight:bold; background-color:#f2f2f2;'>พื้นที่</td><td style='padding:3px 6px;'>10.96</td></tr><tr><td style='padding:3px 6px; font-weight:bold; background-color:#f2f2f2;'>ตันรวม</td><td style='padding:3px 6px;'>142.48</td></tr><tr><td style='padding:3px 6px; font-weight:bold; background-color:#f2f2f2;'>รหัสแปลง</td><td style='padding:3px 6px;'>321306091651</td></tr><tr><td style='padding:3px 6px; font-weight:bold; background-color:#f2f2f2;'>กลุ่ม</td><td style='padding:3px 6px;'>กลุ่ม_71</td></tr></table></div>]]></description>
      <styleUrl>#plotStyle</styleUrl>
      <MultiGeometry><Polygon><outerBoundaryIs><LinearRing><coordinates>103.9377697,14.5803647,0 103.9379436,14.5783836,0 103.9368655,14.5784618,0 103.9374748,14.5806160,0 103.9377507,14.5804198,0 103.9377697,14.5803647,0</coordinates></LinearRing></outerBoundaryIs></Polygon></MultiGeometry>
    </Placemark>
    <Placemark>
      <name>321306051555</name>
      <description><![CDATA[<div style='font-family:Tahoma,sans-serif; font-size:13px;'><h3 style='color:#1565C0; margin:4px 0;'>รหัสแปลง: 321306051555</h3><p style='margin:2px 0;'><b>กลุ่มคิว:</b> 71_002</p><table border='1' style='border-collapse:collapse; border-color:#ccc; width:100%;'><tr><td style='padding:3px 6px; font-weight:bold; background-color:#f2f2f2;'>รหัสกลุ่มคิว</td><td style='padding:3px 6px;'>71/002</td></tr><tr><td style='padding:3px 6px; font-weight:bold; background-color:#f2f2f2;'>รหัสรับเหมา</td><td style='padding:3px 6px;'>738889</td></tr><tr><td style='padding:3px 6px; font-weight:bold; background-color:#f2f2f2;'>ชื่อ-สกุล รับเหมา</td><td style='padding:3px 6px;'>รถตัดโรงงานเบอร์ 24</td></tr><tr><td style='padding:3px 6px; font-weight:bold; background-color:#f2f2f2;'>นักเกษตร</td><td style='padding:3px 6px;'>7101</td></tr><tr><td style='padding:3px 6px; font-weight:bold; background-color:#f2f2f2;'>ศูนย์</td><td style='padding:3px 6px;'>K2-71</td></tr><tr><td style='padding:3px 6px; font-weight:bold; background-color:#f2f2f2;'>โควตา</td><td style='padding:3px 6px;'>773899</td></tr><tr><td style='padding:3px 6px; font-weight:bold; background-color:#f2f2f2;'>ชาวไร่</td><td style='padding:3px 6px;'>นางสาว รจนา ราชรักษ์</td></tr><tr><td style='padding:3px 6px; font-weight:bold; background-color:#f2f2f2;'>ประเภทอ้อย</td><td style='padding:3px 6px;'>ปลายฝน</td></tr><tr><td style='padding:3px 6px; font-weight:bold; background-color:#f2f2f2;'>พื้นที่</td><td style='padding:3px 6px;'>4.41</td></tr><tr><td style='padding:3px 6px; font-weight:bold; background-color:#f2f2f2;'>ตันรวม</td><td style='padding:3px 6px;'>57.33</td></tr><tr><td style='padding:3px 6px; font-weight:bold; background-color:#f2f2f2;'>รหัสแปลง</td><td style='padding:3px 6px;'>321306051555</td></tr><tr><td style='padding:3px 6px; font-weight:bold; background-color:#f2f2f2;'>กลุ่ม</td><td style='padding:3px 6px;'>กลุ่ม_71</td></tr></table></div>]]></description>
      <styleUrl>#plotStyle</styleUrl>
      <MultiGeometry><Polygon><outerBoundaryIs><LinearRing><coordinates>103.9835271,14.5335204,0 103.9837832,14.5347998,0 103.9842275,14.5347715,0 103.9839651,14.5334470,0 103.9835271,14.5335204,0</coordinates></LinearRing></outerBoundaryIs></Polygon></MultiGeometry>
    </Placemark>
    <Placemark>
      <name>321306011512</name>
      <description><![CDATA[<div style='font-family:Tahoma,sans-serif; font-size:13px;'><h3 style='color:#1565C0; margin:4px 0;'>รหัสแปลง: 321306011512</h3><p style='margin:2px 0;'><b>กลุ่มคิว:</b> 71_002</p><table border='1' style='border-collapse:collapse; border-color:#ccc; width:100%;'><tr><td style='padding:3px 6px; font-weight:bold; background-color:#f2f2f2;'>รหัสกลุ่มคิว</td><td style='padding:3px 6px;'>71/002</td></tr><tr><td style='padding:3px 6px; font-weight:bold; background-color:#f2f2f2;'>รหัสรับเหมา</td><td style='padding:3px 6px;'>738889</td></tr><tr><td style='padding:3px 6px; font-weight:bold; background-color:#f2f2f2;'>ชื่อ-สกุล รับเหมา</td><td style='padding:3px 6px;'>รถตัดโรงงานเบอร์ 24</td></tr><tr><td style='padding:3px 6px; font-weight:bold; background-color:#f2f2f2;'>นักเกษตร</td><td style='padding:3px 6px;'>7101</td></tr><tr><td style='padding:3px 6px; font-weight:bold; background-color:#f2f2f2;'>ศูนย์</td><td style='padding:3px 6px;'>K2-71</td></tr><tr><td style='padding:3px 6px; font-weight:bold; background-color:#f2f2f2;'>โควตา</td><td style='padding:3px 6px;'>700430</td></tr><tr><td style='padding:3px 6px; font-weight:bold; background-color:#f2f2f2;'>ชาวไร่</td><td style='padding:3px 6px;'>นาย สังอิม อย่าลืมดี</td></tr><tr><td style='padding:3px 6px; font-weight:bold; background-color:#f2f2f2;'>ประเภทอ้อย</td><td style='padding:3px 6px;'>ปลายฝน</td></tr><tr><td style='padding:3px 6px; font-weight:bold; background-color:#f2f2f2;'>พื้นที่</td><td style='padding:3px 6px;'>5.8</td></tr><tr><td style='padding:3px 6px; font-weight:bold; background-color:#f2f2f2;'>ตันรวม</td><td style='padding:3px 6px;'>75.4</td></tr><tr><td style='padding:3px 6px; font-weight:bold; background-color:#f2f2f2;'>รหัสแปลง</td><td style='padding:3px 6px;'>321306011512</td></tr><tr><td style='padding:3px 6px; font-weight:bold; background-color:#f2f2f2;'>กลุ่ม</td><td style='padding:3px 6px;'>กลุ่ม_71</td></tr></table></div>]]></description>
      <styleUrl>#plotStyle</styleUrl>
      <MultiGeometry><Polygon><outerBoundaryIs><LinearRing><coordinates>103.9835765,14.5276426,0 103.9835647,14.5299817,0 103.9838069,14.5299796,0 103.9838162,14.5298802,0 103.9838829,14.5298583,0 103.9839308,14.5276578,0 103.9835765,14.5276426,0</coordinates></LinearRing></outerBoundaryIs></Polygon></MultiGeometry>
    </Placemark>
    <Placemark>
      <name>321306061573</name>
      <description><![CDATA[<div style='font-family:Tahoma,sans-serif; font-size:13px;'><h3 style='color:#1565C0; margin:4px 0;'>รหัสแปลง: 321306061573</h3><p style='margin:2px 0;'><b>กลุ่มคิว:</b> 71_002</p><table border='1' style='border-collapse:collapse; border-color:#ccc; width:100%;'><tr><td style='padding:3px 6px; font-weight:bold; background-color:#f2f2f2;'>รหัสกลุ่มคิว</td><td style='padding:3px 6px;'>71/002</td></tr><tr><td style='padding:3px 6px; font-weight:bold; background-color:#f2f2f2;'>รหัสรับเหมา</td><td style='padding:3px 6px;'>738889</td></tr><tr><td style='padding:3px 6px; font-weight:bold; background-color:#f2f2f2;'>ชื่อ-สกุล รับเหมา</td><td style='padding:3px 6px;'>รถตัดโรงงานเบอร์ 24</td></tr><tr><td style='padding:3px 6px; font-weight:bold; background-color:#f2f2f2;'>นักเกษตร</td><td style='padding:3px 6px;'>7101</td></tr><tr><td style='padding:3px 6px; font-weight:bold; background-color:#f2f2f2;'>ศูนย์</td><td style='padding:3px 6px;'>K2-71</td></tr><tr><td style='padding:3px 6px; font-weight:bold; background-color:#f2f2f2;'>โควตา</td><td style='padding:3px 6px;'>773498</td></tr><tr><td style='padding:3px 6px; font-weight:bold; background-color:#f2f2f2;'>ชาวไร่</td><td style='padding:3px 6px;'>นาย พุท เทียนทอง</td></tr><tr><td style='padding:3px 6px; font-weight:bold; background-color:#f2f2f2;'>ประเภทอ้อย</td><td style='padding:3px 6px;'>ปลายฝน</td></tr><tr><td style='padding:3px 6px; font-weight:bold; background-color:#f2f2f2;'>พื้นที่</td><td style='padding:3px 6px;'>2.2</td></tr><tr><td style='padding:3px 6px; font-weight:bold; background-color:#f2f2f2;'>ตันรวม</td><td style='padding:3px 6px;'>28.6</td></tr><tr><td style='padding:3px 6px; font-weight:bold; background-color:#f2f2f2;'>รหัสแปลง</td><td style='padding:3px 6px;'>321306061573</td></tr><tr><td style='padding:3px 6px; font-weight:bold; background-color:#f2f2f2;'>กลุ่ม</td><td style='padding:3px 6px;'>กลุ่ม_71</td></tr></table></div>]]></description>
      <styleUrl>#plotStyle</styleUrl>
      <MultiGeometry><Polygon><outerBoundaryIs><LinearRing><coordinates>103.9438428,14.5578237,0 103.9439476,14.5582083,0 103.9446242,14.5580754,0 103.9446480,14.5580370,0 103.9445933,14.5576799,0 103.9438428,14.5578237,0</coordinates></LinearRing></outerBoundaryIs></Polygon></MultiGeometry>
    </Placemark>
    <Placemark>
      <name>321301121638</name>
      <description><![CDATA[<div style='font-family:Tahoma,sans-serif; font-size:13px;'><h3 style='color:#1565C0; margin:4px 0;'>รหัสแปลง: 321301121638</h3><p style='margin:2px 0;'><b>กลุ่มคิว:</b> 71_002</p><table border='1' style='border-collapse:collapse; border-color:#ccc; width:100%;'><tr><td style='padding:3px 6px; font-weight:bold; background-color:#f2f2f2;'>รหัสกลุ่มคิว</td><td style='padding:3px 6px;'>71/002</td></tr><tr><td style='padding:3px 6px; font-weight:bold; background-color:#f2f2f2;'>รหัสรับเหมา</td><td style='padding:3px 6px;'>738889</td></tr><tr><td style='padding:3px 6px; font-weight:bold; background-color:#f2f2f2;'>ชื่อ-สกุล รับเหมา</td><td style='padding:3px 6px;'>รถตัดโรงงานเบอร์ 24</td></tr><tr><td style='padding:3px 6px; font-weight:bold; background-color:#f2f2f2;'>นักเกษตร</td><td style='padding:3px 6px;'>7101</td></tr><tr><td style='padding:3px 6px; font-weight:bold; background-color:#f2f2f2;'>ศูนย์</td><td style='padding:3px 6px;'>K2-71</td></tr><tr><td style='padding:3px 6px; font-weight:bold; background-color:#f2f2f2;'>โควตา</td><td style='padding:3px 6px;'>771304</td></tr><tr><td style='padding:3px 6px; font-weight:bold; background-color:#f2f2f2;'>ชาวไร่</td><td style='padding:3px 6px;'>นาง วัฒนะ แจ่มใส</td></tr><tr><td style='padding:3px 6px; font-weight:bold; background-color:#f2f2f2;'>ประเภทอ้อย</td><td style='padding:3px 6px;'>ปลายฝน</td></tr><tr><td style='padding:3px 6px; font-weight:bold; background-color:#f2f2f2;'>พื้นที่</td><td style='padding:3px 6px;'>6.84</td></tr><tr><td style='padding:3px 6px; font-weight:bold; background-color:#f2f2f2;'>ตันรวม</td><td style='padding:3px 6px;'>88.92</td></tr><tr><td style='padding:3px 6px; font-weight:bold; background-color:#f2f2f2;'>รหัสแปลง</td><td style='padding:3px 6px;'>321301121638</td></tr><tr><td style='padding:3px 6px; font-weight:bold; background-color:#f2f2f2;'>กลุ่ม</td><td style='padding:3px 6px;'>กลุ่ม_71</td></tr></table></div>]]></description>
      <styleUrl>#plotStyle</styleUrl>
      <MultiGeometry><Polygon><outerBoundaryIs><LinearRing><coordinates>103.9152067,14.5453600,0 103.9144133,14.5454267,0 103.9145083,14.5456483,0 103.9145383,14.5457633,0 103.9146667,14.5460883,0 103.9148883,14.5465667,0 103.9152650,14.5464500,0 103.9153883,14.5468833,0 103.9156017,14.5468133,0 103.9152067,14.5453600,0</coordinates></LinearRing></outerBoundaryIs></Polygon></MultiGeometry>
    </Placemark>
    <Placemark>
      <name>321301121639</name>
      <description><![CDATA[<div style='font-family:Tahoma,sans-serif; font-size:13px;'><h3 style='color:#1565C0; margin:4px 0;'>รหัสแปลง: 321301121639</h3><p style='margin:2px 0;'><b>กลุ่มคิว:</b> 71_002</p><table border='1' style='border-collapse:collapse; border-color:#ccc; width:100%;'><tr><td style='padding:3px 6px; font-weight:bold; background-color:#f2f2f2;'>รหัสกลุ่มคิว</td><td style='padding:3px 6px;'>71/002</td></tr><tr><td style='padding:3px 6px; font-weight:bold; background-color:#f2f2f2;'>รหัสรับเหมา</td><td style='padding:3px 6px;'>738889</td></tr><tr><td style='padding:3px 6px; font-weight:bold; background-color:#f2f2f2;'>ชื่อ-สกุล รับเหมา</td><td style='padding:3px 6px;'>รถตัดโรงงานเบอร์ 24</td></tr><tr><td style='padding:3px 6px; font-weight:bold; background-color:#f2f2f2;'>นักเกษตร</td><td style='padding:3px 6px;'>7101</td></tr><tr><td style='padding:3px 6px; font-weight:bold; background-color:#f2f2f2;'>ศูนย์</td><td style='padding:3px 6px;'>K2-71</td></tr><tr><td style='padding:3px 6px; font-weight:bold; background-color:#f2f2f2;'>โควตา</td><td style='padding:3px 6px;'>771304</td></tr><tr><td style='padding:3px 6px; font-weight:bold; background-color:#f2f2f2;'>ชาวไร่</td><td style='padding:3px 6px;'>นาง วัฒนะ แจ่มใส</td></tr><tr><td style='padding:3px 6px; font-weight:bold; background-color:#f2f2f2;'>ประเภทอ้อย</td><td style='padding:3px 6px;'>ปลายฝน</td></tr><tr><td style='padding:3px 6px; font-weight:bold; background-color:#f2f2f2;'>พื้นที่</td><td style='padding:3px 6px;'>8.95</td></tr><tr><td style='padding:3px 6px; font-weight:bold; background-color:#f2f2f2;'>ตันรวม</td><td style='padding:3px 6px;'>116.35</td></tr><tr><td style='padding:3px 6px; font-weight:bold; background-color:#f2f2f2;'>รหัสแปลง</td><td style='padding:3px 6px;'>321301121639</td></tr><tr><td style='padding:3px 6px; font-weight:bold; background-color:#f2f2f2;'>กลุ่ม</td><td style='padding:3px 6px;'>กลุ่ม_71</td></tr></table></div>]]></description>
      <styleUrl>#plotStyle</styleUrl>
      <MultiGeometry><Polygon><outerBoundaryIs><LinearRing><coordinates>103.9377617,14.5552000,0 103.9368350,14.5551900,0 103.9368383,14.5548733,0 103.9363317,14.5548600,0 103.9362083,14.5556167,0 103.9362100,14.5556717,0 103.9362133,14.5558550,0 103.9376367,14.5559183,0 103.9377617,14.5552000,0</coordinates></LinearRing></outerBoundaryIs></Polygon></MultiGeometry>
    </Placemark>
    <Placemark>
      <name>321301111759</name>
      <description><![CDATA[<div style='font-family:Tahoma,sans-serif; font-size:13px;'><h3 style='color:#1565C0; margin:4px 0;'>รหัสแปลง: 321301111759</h3><p style='margin:2px 0;'><b>กลุ่มคิว:</b> 71_002</p><table border='1' style='border-collapse:collapse; border-color:#ccc; width:100%;'><tr><td style='padding:3px 6px; font-weight:bold; background-color:#f2f2f2;'>รหัสกลุ่มคิว</td><td style='padding:3px 6px;'>71/002</td></tr><tr><td style='padding:3px 6px; font-weight:bold; background-color:#f2f2f2;'>รหัสรับเหมา</td><td style='padding:3px 6px;'>738889</td></tr><tr><td style='padding:3px 6px; font-weight:bold; background-color:#f2f2f2;'>ชื่อ-สกุล รับเหมา</td><td style='padding:3px 6px;'>รถตัดโรงงานเบอร์ 24</td></tr><tr><td style='padding:3px 6px; font-weight:bold; background-color:#f2f2f2;'>นักเกษตร</td><td style='padding:3px 6px;'>7101</td></tr><tr><td style='padding:3px 6px; font-weight:bold; background-color:#f2f2f2;'>ศูนย์</td><td style='padding:3px 6px;'>K2-71</td></tr><tr><td style='padding:3px 6px; font-weight:bold; background-color:#f2f2f2;'>โควตา</td><td style='padding:3px 6px;'>774169</td></tr><tr><td style='padding:3px 6px; font-weight:bold; background-color:#f2f2f2;'>ชาวไร่</td><td style='padding:3px 6px;'>นาย วัลลภ อกอุ่น</td></tr><tr><td style='padding:3px 6px; font-weight:bold; background-color:#f2f2f2;'>ประเภทอ้อย</td><td style='padding:3px 6px;'>ปลายฝน</td></tr><tr><td style='padding:3px 6px; font-weight:bold; background-color:#f2f2f2;'>พื้นที่</td><td style='padding:3px 6px;'>20.33</td></tr><tr><td style='padding:3px 6px; font-weight:bold; background-color:#f2f2f2;'>ตันรวม</td><td style='padding:3px 6px;'>264.29</td></tr><tr><td style='padding:3px 6px; font-weight:bold; background-color:#f2f2f2;'>รหัสแปลง</td><td style='padding:3px 6px;'>321301111759</td></tr><tr><td style='padding:3px 6px; font-weight:bold; background-color:#f2f2f2;'>กลุ่ม</td><td style='padding:3px 6px;'>กลุ่ม_71</td></tr></table></div>]]></description>
      <styleUrl>#plotStyle</styleUrl>
      <MultiGeometry><Polygon><outerBoundaryIs><LinearRing><coordinates>103.8864367,14.5346617,0 103.8848083,14.5347967,0 103.8849717,14.5354067,0 103.8850617,14.5354333,0 103.8859300,14.5364217,0 103.8861783,14.5363750,0 103.8862633,14.5364483,0 103.8867733,14.5360850,0 103.8873383,14.5362400,0 103.8873600,14.5361500,0 103.8868083,14.5351150,0 103.8867217,14.5350633,0 103.8863917,14.5350767,0 103.8864367,14.5346617,0</coordinates></LinearRing></outerBoundaryIs></Polygon></MultiGeometry>
    </Placemark>
    <Placemark>
      <name>321306071595</name>
      <description><![CDATA[<div style='font-family:Tahoma,sans-serif; font-size:13px;'><h3 style='color:#1565C0; margin:4px 0;'>รหัสแปลง: 321306071595</h3><p style='margin:2px 0;'><b>กลุ่มคิว:</b> 71_002</p><table border='1' style='border-collapse:collapse; border-color:#ccc; width:100%;'><tr><td style='padding:3px 6px; font-weight:bold; background-color:#f2f2f2;'>รหัสกลุ่มคิว</td><td style='padding:3px 6px;'>71/002</td></tr><tr><td style='padding:3px 6px; font-weight:bold; background-color:#f2f2f2;'>รหัสรับเหมา</td><td style='padding:3px 6px;'>738889</td></tr><tr><td style='padding:3px 6px; font-weight:bold; background-color:#f2f2f2;'>ชื่อ-สกุล รับเหมา</td><td style='padding:3px 6px;'>รถตัดโรงงานเบอร์ 24</td></tr><tr><td style='padding:3px 6px; font-weight:bold; background-color:#f2f2f2;'>นักเกษตร</td><td style='padding:3px 6px;'>7101</td></tr><tr><td style='padding:3px 6px; font-weight:bold; background-color:#f2f2f2;'>ศูนย์</td><td style='padding:3px 6px;'>K2-71</td></tr><tr><td style='padding:3px 6px; font-weight:bold; background-color:#f2f2f2;'>โควตา</td><td style='padding:3px 6px;'>773588</td></tr><tr><td style='padding:3px 6px; font-weight:bold; background-color:#f2f2f2;'>ชาวไร่</td><td style='padding:3px 6px;'>นาย สุพิศ อินทะบิน</td></tr><tr><td style='padding:3px 6px; font-weight:bold; background-color:#f2f2f2;'>ประเภทอ้อย</td><td style='padding:3px 6px;'>ปลายฝน</td></tr><tr><td style='padding:3px 6px; font-weight:bold; background-color:#f2f2f2;'>พื้นที่</td><td style='padding:3px 6px;'>6.25</td></tr><tr><td style='padding:3px 6px; font-weight:bold; background-color:#f2f2f2;'>ตันรวม</td><td style='padding:3px 6px;'>81.25</td></tr><tr><td style='padding:3px 6px; font-weight:bold; background-color:#f2f2f2;'>รหัสแปลง</td><td style='padding:3px 6px;'>321306071595</td></tr><tr><td style='padding:3px 6px; font-weight:bold; background-color:#f2f2f2;'>กลุ่ม</td><td style='padding:3px 6px;'>กลุ่ม_71</td></tr></table></div>]]></description>
      <styleUrl>#plotStyle</styleUrl>
      <MultiGeometry><Polygon><outerBoundaryIs><LinearRing><coordinates>103.9926810,14.5827271,0 103.9932366,14.5842862,0 103.9937046,14.5841054,0 103.9931680,14.5825644,0 103.9926810,14.5827271,0</coordinates></LinearRing></outerBoundaryIs></Polygon></MultiGeometry>
    </Placemark>
    <Placemark>
      <name>321306061574</name>
      <description><![CDATA[<div style='font-family:Tahoma,sans-serif; font-size:13px;'><h3 style='color:#1565C0; margin:4px 0;'>รหัสแปลง: 321306061574</h3><p style='margin:2px 0;'><b>กลุ่มคิว:</b> 71_002</p><table border='1' style='border-collapse:collapse; border-color:#ccc; width:100%;'><tr><td style='padding:3px 6px; font-weight:bold; background-color:#f2f2f2;'>รหัสกลุ่มคิว</td><td style='padding:3px 6px;'>71/002</td></tr><tr><td style='padding:3px 6px; font-weight:bold; background-color:#f2f2f2;'>รหัสรับเหมา</td><td style='padding:3px 6px;'>738889</td></tr><tr><td style='padding:3px 6px; font-weight:bold; background-color:#f2f2f2;'>ชื่อ-สกุล รับเหมา</td><td style='padding:3px 6px;'>รถตัดโรงงานเบอร์ 24</td></tr><tr><td style='padding:3px 6px; font-weight:bold; background-color:#f2f2f2;'>นักเกษตร</td><td style='padding:3px 6px;'>7101</td></tr><tr><td style='padding:3px 6px; font-weight:bold; background-color:#f2f2f2;'>ศูนย์</td><td style='padding:3px 6px;'>K2-71</td></tr><tr><td style='padding:3px 6px; font-weight:bold; background-color:#f2f2f2;'>โควตา</td><td style='padding:3px 6px;'>774208</td></tr><tr><td style='padding:3px 6px; font-weight:bold; background-color:#f2f2f2;'>ชาวไร่</td><td style='padding:3px 6px;'>นาย วัฒนา เชี่ยวชาญ</td></tr><tr><td style='padding:3px 6px; font-weight:bold; background-color:#f2f2f2;'>ประเภทอ้อย</td><td style='padding:3px 6px;'>ปลายฝน</td></tr><tr><td style='padding:3px 6px; font-weight:bold; background-color:#f2f2f2;'>พื้นที่</td><td style='padding:3px 6px;'>5.8</td></tr><tr><td style='padding:3px 6px; font-weight:bold; background-color:#f2f2f2;'>ตันรวม</td><td style='padding:3px 6px;'>75.4</td></tr><tr><td style='padding:3px 6px; font-weight:bold; background-color:#f2f2f2;'>รหัสแปลง</td><td style='padding:3px 6px;'>321306061574</td></tr><tr><td style='padding:3px 6px; font-weight:bold; background-color:#f2f2f2;'>กลุ่ม</td><td style='padding:3px 6px;'>กลุ่ม_71</td></tr></table></div>]]></description>
      <styleUrl>#plotStyle</styleUrl>
      <MultiGeometry><Polygon><outerBoundaryIs><LinearRing><coordinates>103.9440852,14.5514378,0 103.9440297,14.5504000,0 103.9438587,14.5504227,0 103.9438811,14.5506246,0 103.9438985,14.5506710,0 103.9439111,14.5506924,0 103.9439176,14.5509077,0 103.9438900,14.5509238,0 103.9438640,14.5509073,0 103.9438474,14.5508791,0 103.9437946,14.5508442,0 103.9437407,14.5508461,0 103.9436624,14.5507932,0 103.9436702,14.5506974,0 103.9436902,14.5506600,0 103.9438754,14.5506255,0 103.9438551,14.5504223,0 103.9438529,14.5502534,0 103.9438750,14.5502265,0 103.9438544,14.5499247,0 103.9440024,14.5498915,0 103.9439693,14.5492721,0 103.9435576,14.5492927,0 103.9435437,14.5493195,0 103.9435893,14.5501983,0 103.9436279,14.5505868,0 103.9436605,14.5510408,0 103.9437010,14.5514773,0 103.9440852,14.5514378,0</coordinates></LinearRing></outerBoundaryIs></Polygon></MultiGeometry>
    </Placemark>
    <Placemark>
      <name>321306051556</name>
      <description><![CDATA[<div style='font-family:Tahoma,sans-serif; font-size:13px;'><h3 style='color:#1565C0; margin:4px 0;'>รหัสแปลง: 321306051556</h3><p style='margin:2px 0;'><b>กลุ่มคิว:</b> 71_002</p><table border='1' style='border-collapse:collapse; border-color:#ccc; width:100%;'><tr><td style='padding:3px 6px; font-weight:bold; background-color:#f2f2f2;'>รหัสกลุ่มคิว</td><td style='padding:3px 6px;'>71/002</td></tr><tr><td style='padding:3px 6px; font-weight:bold; background-color:#f2f2f2;'>รหัสรับเหมา</td><td style='padding:3px 6px;'>738889</td></tr><tr><td style='padding:3px 6px; font-weight:bold; background-color:#f2f2f2;'>ชื่อ-สกุล รับเหมา</td><td style='padding:3px 6px;'>รถตัดโรงงานเบอร์ 24</td></tr><tr><td style='padding:3px 6px; font-weight:bold; background-color:#f2f2f2;'>นักเกษตร</td><td style='padding:3px 6px;'>7101</td></tr><tr><td style='padding:3px 6px; font-weight:bold; background-color:#f2f2f2;'>ศูนย์</td><td style='padding:3px 6px;'>K2-71</td></tr><tr><td style='padding:3px 6px; font-weight:bold; background-color:#f2f2f2;'>โควตา</td><td style='padding:3px 6px;'>771268</td></tr><tr><td style='padding:3px 6px; font-weight:bold; background-color:#f2f2f2;'>ชาวไร่</td><td style='padding:3px 6px;'>นาง ธีรดา เสาเปรีย</td></tr><tr><td style='padding:3px 6px; font-weight:bold; background-color:#f2f2f2;'>ประเภทอ้อย</td><td style='padding:3px 6px;'>ปลายฝน</td></tr><tr><td style='padding:3px 6px; font-weight:bold; background-color:#f2f2f2;'>พื้นที่</td><td style='padding:3px 6px;'>4.45</td></tr><tr><td style='padding:3px 6px; font-weight:bold; background-color:#f2f2f2;'>ตันรวม</td><td style='padding:3px 6px;'>57.85</td></tr><tr><td style='padding:3px 6px; font-weight:bold; background-color:#f2f2f2;'>รหัสแปลง</td><td style='padding:3px 6px;'>321306051556</td></tr><tr><td style='padding:3px 6px; font-weight:bold; background-color:#f2f2f2;'>กลุ่ม</td><td style='padding:3px 6px;'>กลุ่ม_71</td></tr></table></div>]]></description>
      <styleUrl>#plotStyle</styleUrl>
      <MultiGeometry><Polygon><outerBoundaryIs><LinearRing><coordinates>103.9769311,14.5294413,0 103.9757301,14.5296934,0 103.9758272,14.5301726,0 103.9769742,14.5299432,0 103.9769311,14.5294413,0</coordinates></LinearRing></outerBoundaryIs></Polygon></MultiGeometry>
    </Placemark>
    <Placemark>
      <name>321301091584</name>
      <description><![CDATA[<div style='font-family:Tahoma,sans-serif; font-size:13px;'><h3 style='color:#1565C0; margin:4px 0;'>รหัสแปลง: 321301091584</h3><p style='margin:2px 0;'><b>กลุ่มคิว:</b> 71_002</p><table border='1' style='border-collapse:collapse; border-color:#ccc; width:100%;'><tr><td style='padding:3px 6px; font-weight:bold; background-color:#f2f2f2;'>รหัสกลุ่มคิว</td><td style='padding:3px 6px;'>71/002</td></tr><tr><td style='padding:3px 6px; font-weight:bold; background-color:#f2f2f2;'>รหัสรับเหมา</td><td style='padding:3px 6px;'>738889</td></tr><tr><td style='padding:3px 6px; font-weight:bold; background-color:#f2f2f2;'>ชื่อ-สกุล รับเหมา</td><td style='padding:3px 6px;'>รถตัดโรงงานเบอร์ 24</td></tr><tr><td style='padding:3px 6px; font-weight:bold; background-color:#f2f2f2;'>นักเกษตร</td><td style='padding:3px 6px;'>7101</td></tr><tr><td style='padding:3px 6px; font-weight:bold; background-color:#f2f2f2;'>ศูนย์</td><td style='padding:3px 6px;'>K2-71</td></tr><tr><td style='padding:3px 6px; font-weight:bold; background-color:#f2f2f2;'>โควตา</td><td style='padding:3px 6px;'>770881</td></tr><tr><td style='padding:3px 6px; font-weight:bold; background-color:#f2f2f2;'>ชาวไร่</td><td style='padding:3px 6px;'>นาง ช่วย จงหาญ</td></tr><tr><td style='padding:3px 6px; font-weight:bold; background-color:#f2f2f2;'>ประเภทอ้อย</td><td style='padding:3px 6px;'>ปลายฝน</td></tr><tr><td style='padding:3px 6px; font-weight:bold; background-color:#f2f2f2;'>พื้นที่</td><td style='padding:3px 6px;'>2.9</td></tr><tr><td style='padding:3px 6px; font-weight:bold; background-color:#f2f2f2;'>ตันรวม</td><td style='padding:3px 6px;'>37.7</td></tr><tr><td style='padding:3px 6px; font-weight:bold; background-color:#f2f2f2;'>รหัสแปลง</td><td style='padding:3px 6px;'>321301091584</td></tr><tr><td style='padding:3px 6px; font-weight:bold; background-color:#f2f2f2;'>กลุ่ม</td><td style='padding:3px 6px;'>กลุ่ม_71</td></tr></table></div>]]></description>
      <styleUrl>#plotStyle</styleUrl>
      <MultiGeometry><Polygon><outerBoundaryIs><LinearRing><coordinates>103.9774005,14.5173195,0 103.9770232,14.5159586,0 103.9767816,14.5160660,0 103.9767726,14.5160740,0 103.9767633,14.5160854,0 103.9767564,14.5161031,0 103.9767526,14.5161200,0 103.9771355,14.5173208,0 103.9771560,14.5173713,0 103.9774005,14.5173195,0</coordinates></LinearRing></outerBoundaryIs></Polygon></MultiGeometry>
    </Placemark>
    <Placemark>
      <name>321301011540</name>
      <description><![CDATA[<div style='font-family:Tahoma,sans-serif; font-size:13px;'><h3 style='color:#1565C0; margin:4px 0;'>รหัสแปลง: 321301011540</h3><p style='margin:2px 0;'><b>กลุ่มคิว:</b> 71_002</p><table border='1' style='border-collapse:collapse; border-color:#ccc; width:100%;'><tr><td style='padding:3px 6px; font-weight:bold; background-color:#f2f2f2;'>รหัสกลุ่มคิว</td><td style='padding:3px 6px;'>71/002</td></tr><tr><td style='padding:3px 6px; font-weight:bold; background-color:#f2f2f2;'>รหัสรับเหมา</td><td style='padding:3px 6px;'>738889</td></tr><tr><td style='padding:3px 6px; font-weight:bold; background-color:#f2f2f2;'>ชื่อ-สกุล รับเหมา</td><td style='padding:3px 6px;'>รถตัดโรงงานเบอร์ 24</td></tr><tr><td style='padding:3px 6px; font-weight:bold; background-color:#f2f2f2;'>นักเกษตร</td><td style='padding:3px 6px;'>7101</td></tr><tr><td style='padding:3px 6px; font-weight:bold; background-color:#f2f2f2;'>ศูนย์</td><td style='padding:3px 6px;'>K2-71</td></tr><tr><td style='padding:3px 6px; font-weight:bold; background-color:#f2f2f2;'>โควตา</td><td style='padding:3px 6px;'>771399</td></tr><tr><td style='padding:3px 6px; font-weight:bold; background-color:#f2f2f2;'>ชาวไร่</td><td style='padding:3px 6px;'>นาง ลัดดา มาลาศรี</td></tr><tr><td style='padding:3px 6px; font-weight:bold; background-color:#f2f2f2;'>ประเภทอ้อย</td><td style='padding:3px 6px;'>ปลายฝน</td></tr><tr><td style='padding:3px 6px; font-weight:bold; background-color:#f2f2f2;'>พื้นที่</td><td style='padding:3px 6px;'>6.4</td></tr><tr><td style='padding:3px 6px; font-weight:bold; background-color:#f2f2f2;'>ตันรวม</td><td style='padding:3px 6px;'>83.2</td></tr><tr><td style='padding:3px 6px; font-weight:bold; background-color:#f2f2f2;'>รหัสแปลง</td><td style='padding:3px 6px;'>321301011540</td></tr><tr><td style='padding:3px 6px; font-weight:bold; background-color:#f2f2f2;'>กลุ่ม</td><td style='padding:3px 6px;'>กลุ่ม_71</td></tr></table></div>]]></description>
      <styleUrl>#plotStyle</styleUrl>
      <MultiGeometry><Polygon><outerBoundaryIs><LinearRing><coordinates>103.9087683,14.5943017,0 103.9087067,14.5949983,0 103.9089535,14.5950103,0 103.9089828,14.5948638,0 103.9091003,14.5948678,0 103.9091434,14.5950195,0 103.9098083,14.5950517,0 103.9098339,14.5941621,0 103.9088593,14.5942962,0 103.9087683,14.5943017,0</coordinates></LinearRing></outerBoundaryIs></Polygon></MultiGeometry>
    </Placemark>
    <Placemark>
      <name>321301121640</name>
      <description><![CDATA[<div style='font-family:Tahoma,sans-serif; font-size:13px;'><h3 style='color:#1565C0; margin:4px 0;'>รหัสแปลง: 321301121640</h3><p style='margin:2px 0;'><b>กลุ่มคิว:</b> 71_002</p><table border='1' style='border-collapse:collapse; border-color:#ccc; width:100%;'><tr><td style='padding:3px 6px; font-weight:bold; background-color:#f2f2f2;'>รหัสกลุ่มคิว</td><td style='padding:3px 6px;'>71/002</td></tr><tr><td style='padding:3px 6px; font-weight:bold; background-color:#f2f2f2;'>รหัสรับเหมา</td><td style='padding:3px 6px;'>738889</td></tr><tr><td style='padding:3px 6px; font-weight:bold; background-color:#f2f2f2;'>ชื่อ-สกุล รับเหมา</td><td style='padding:3px 6px;'>รถตัดโรงงานเบอร์ 24</td></tr><tr><td style='padding:3px 6px; font-weight:bold; background-color:#f2f2f2;'>นักเกษตร</td><td style='padding:3px 6px;'>7101</td></tr><tr><td style='padding:3px 6px; font-weight:bold; background-color:#f2f2f2;'>ศูนย์</td><td style='padding:3px 6px;'>K2-71</td></tr><tr><td style='padding:3px 6px; font-weight:bold; background-color:#f2f2f2;'>โควตา</td><td style='padding:3px 6px;'>774177</td></tr><tr><td style='padding:3px 6px; font-weight:bold; background-color:#f2f2f2;'>ชาวไร่</td><td style='padding:3px 6px;'>นาย ธวัชชัย จำเริญใหญ่</td></tr><tr><td style='padding:3px 6px; font-weight:bold; background-color:#f2f2f2;'>ประเภทอ้อย</td><td style='padding:3px 6px;'>ปลายฝน</td></tr><tr><td style='padding:3px 6px; font-weight:bold; background-color:#f2f2f2;'>พื้นที่</td><td style='padding:3px 6px;'>10.44</td></tr><tr><td style='padding:3px 6px; font-weight:bold; background-color:#f2f2f2;'>ตันรวม</td><td style='padding:3px 6px;'>135.72</td></tr><tr><td style='padding:3px 6px; font-weight:bold; background-color:#f2f2f2;'>รหัสแปลง</td><td style='padding:3px 6px;'>321301121640</td></tr><tr><td style='padding:3px 6px; font-weight:bold; background-color:#f2f2f2;'>กลุ่ม</td><td style='padding:3px 6px;'>กลุ่ม_71</td></tr></table></div>]]></description>
      <styleUrl>#plotStyle</styleUrl>
      <MultiGeometry><Polygon><outerBoundaryIs><LinearRing><coordinates>103.9343089,14.5569252,0 103.9340940,14.5552872,0 103.9340523,14.5552577,0 103.9340400,14.5552416,0 103.9340367,14.5552410,0 103.9332109,14.5554819,0 103.9332715,14.5555955,0 103.9333964,14.5555775,0 103.9337006,14.5555098,0 103.9337288,14.5557416,0 103.9334471,14.5557600,0 103.9332846,14.5557761,0 103.9334939,14.5566535,0 103.9335709,14.5571714,0 103.9335799,14.5571937,0 103.9335949,14.5572022,0 103.9336190,14.5572037,0 103.9342725,14.5571063,0 103.9342932,14.5570973,0 103.9343025,14.5570671,0 103.9343089,14.5569252,0</coordinates></LinearRing></outerBoundaryIs></Polygon></MultiGeometry>
    </Placemark>
    <Placemark>
      <name>321306091652</name>
      <description><![CDATA[<div style='font-family:Tahoma,sans-serif; font-size:13px;'><h3 style='color:#1565C0; margin:4px 0;'>รหัสแปลง: 321306091652</h3><p style='margin:2px 0;'><b>กลุ่มคิว:</b> 71_002</p><table border='1' style='border-collapse:collapse; border-color:#ccc; width:100%;'><tr><td style='padding:3px 6px; font-weight:bold; background-color:#f2f2f2;'>รหัสกลุ่มคิว</td><td style='padding:3px 6px;'>71/002</td></tr><tr><td style='padding:3px 6px; font-weight:bold; background-color:#f2f2f2;'>รหัสรับเหมา</td><td style='padding:3px 6px;'>738889</td></tr><tr><td style='padding:3px 6px; font-weight:bold; background-color:#f2f2f2;'>ชื่อ-สกุล รับเหมา</td><td style='padding:3px 6px;'>รถตัดโรงงานเบอร์ 24</td></tr><tr><td style='padding:3px 6px; font-weight:bold; background-color:#f2f2f2;'>นักเกษตร</td><td style='padding:3px 6px;'>7101</td></tr><tr><td style='padding:3px 6px; font-weight:bold; background-color:#f2f2f2;'>ศูนย์</td><td style='padding:3px 6px;'>K2-71</td></tr><tr><td style='padding:3px 6px; font-weight:bold; background-color:#f2f2f2;'>โควตา</td><td style='padding:3px 6px;'>773336</td></tr><tr><td style='padding:3px 6px; font-weight:bold; background-color:#f2f2f2;'>ชาวไร่</td><td style='padding:3px 6px;'>นาย จิรโรจน์ ดวงใจ</td></tr><tr><td style='padding:3px 6px; font-weight:bold; background-color:#f2f2f2;'>ประเภทอ้อย</td><td style='padding:3px 6px;'>ปลายฝน</td></tr><tr><td style='padding:3px 6px; font-weight:bold; background-color:#f2f2f2;'>พื้นที่</td><td style='padding:3px 6px;'>9.71</td></tr><tr><td style='padding:3px 6px; font-weight:bold; background-color:#f2f2f2;'>ตันรวม</td><td style='padding:3px 6px;'>126.23</td></tr><tr><td style='padding:3px 6px; font-weight:bold; background-color:#f2f2f2;'>รหัสแปลง</td><td style='padding:3px 6px;'>321306091652</td></tr><tr><td style='padding:3px 6px; font-weight:bold; background-color:#f2f2f2;'>กลุ่ม</td><td style='padding:3px 6px;'>กลุ่ม_71</td></tr></table></div>]]></description>
      <styleUrl>#plotStyle</styleUrl>
      <MultiGeometry><Polygon><outerBoundaryIs><LinearRing><coordinates>103.9676160,14.5838014,0 103.9672775,14.5828521,0 103.9666831,14.5831631,0 103.9668425,14.5833924,0 103.9669347,14.5833030,0 103.9670856,14.5834583,0 103.9668813,14.5836696,0 103.9667672,14.5834768,0 103.9668333,14.5834007,0 103.9666747,14.5831700,0 103.9664695,14.5832754,0 103.9664494,14.5832838,0 103.9662337,14.5828772,0 103.9659181,14.5831944,0 103.9659094,14.5832464,0 103.9660341,14.5836552,0 103.9658860,14.5840801,0 103.9676160,14.5838014,0</coordinates></LinearRing></outerBoundaryIs></Polygon></MultiGeometry>
    </Placemark>
    <Placemark>
      <name>321301091585</name>
      <description><![CDATA[<div style='font-family:Tahoma,sans-serif; font-size:13px;'><h3 style='color:#1565C0; margin:4px 0;'>รหัสแปลง: 321301091585</h3><p style='margin:2px 0;'><b>กลุ่มคิว:</b> 71_002</p><table border='1' style='border-collapse:collapse; border-color:#ccc; width:100%;'><tr><td style='padding:3px 6px; font-weight:bold; background-color:#f2f2f2;'>รหัสกลุ่มคิว</td><td style='padding:3px 6px;'>71/002</td></tr><tr><td style='padding:3px 6px; font-weight:bold; background-color:#f2f2f2;'>รหัสรับเหมา</td><td style='padding:3px 6px;'>738889</td></tr><tr><td style='padding:3px 6px; font-weight:bold; background-color:#f2f2f2;'>ชื่อ-สกุล รับเหมา</td><td style='padding:3px 6px;'>รถตัดโรงงานเบอร์ 24</td></tr><tr><td style='padding:3px 6px; font-weight:bold; background-color:#f2f2f2;'>นักเกษตร</td><td style='padding:3px 6px;'>7101</td></tr><tr><td style='padding:3px 6px; font-weight:bold; background-color:#f2f2f2;'>ศูนย์</td><td style='padding:3px 6px;'>K2-71</td></tr><tr><td style='padding:3px 6px; font-weight:bold; background-color:#f2f2f2;'>โควตา</td><td style='padding:3px 6px;'>770881</td></tr><tr><td style='padding:3px 6px; font-weight:bold; background-color:#f2f2f2;'>ชาวไร่</td><td style='padding:3px 6px;'>นาง ช่วย จงหาญ</td></tr><tr><td style='padding:3px 6px; font-weight:bold; background-color:#f2f2f2;'>ประเภทอ้อย</td><td style='padding:3px 6px;'>ปลายฝน</td></tr><tr><td style='padding:3px 6px; font-weight:bold; background-color:#f2f2f2;'>พื้นที่</td><td style='padding:3px 6px;'>2.98</td></tr><tr><td style='padding:3px 6px; font-weight:bold; background-color:#f2f2f2;'>ตันรวม</td><td style='padding:3px 6px;'>38.74</td></tr><tr><td style='padding:3px 6px; font-weight:bold; background-color:#f2f2f2;'>รหัสแปลง</td><td style='padding:3px 6px;'>321301091585</td></tr><tr><td style='padding:3px 6px; font-weight:bold; background-color:#f2f2f2;'>กลุ่ม</td><td style='padding:3px 6px;'>กลุ่ม_71</td></tr></table></div>]]></description>
      <styleUrl>#plotStyle</styleUrl>
      <MultiGeometry><Polygon><outerBoundaryIs><LinearRing><coordinates>103.9914097,14.5217967,0 103.9911481,14.5219088,0 103.9916846,14.5231778,0 103.9919668,14.5231320,0 103.9914097,14.5217967,0</coordinates></LinearRing></outerBoundaryIs></Polygon></MultiGeometry>
    </Placemark>
    <Placemark>
      <name>321306061575</name>
      <description><![CDATA[<div style='font-family:Tahoma,sans-serif; font-size:13px;'><h3 style='color:#1565C0; margin:4px 0;'>รหัสแปลง: 321306061575</h3><p style='margin:2px 0;'><b>กลุ่มคิว:</b> 71_002</p><table border='1' style='border-collapse:collapse; border-color:#ccc; width:100%;'><tr><td style='padding:3px 6px; font-weight:bold; background-color:#f2f2f2;'>รหัสกลุ่มคิว</td><td style='padding:3px 6px;'>71/002</td></tr><tr><td style='padding:3px 6px; font-weight:bold; background-color:#f2f2f2;'>รหัสรับเหมา</td><td style='padding:3px 6px;'>738889</td></tr><tr><td style='padding:3px 6px; font-weight:bold; background-color:#f2f2f2;'>ชื่อ-สกุล รับเหมา</td><td style='padding:3px 6px;'>รถตัดโรงงานเบอร์ 24</td></tr><tr><td style='padding:3px 6px; font-weight:bold; background-color:#f2f2f2;'>นักเกษตร</td><td style='padding:3px 6px;'>7101</td></tr><tr><td style='padding:3px 6px; font-weight:bold; background-color:#f2f2f2;'>ศูนย์</td><td style='padding:3px 6px;'>K2-71</td></tr><tr><td style='padding:3px 6px; font-weight:bold; background-color:#f2f2f2;'>โควตา</td><td style='padding:3px 6px;'>774208</td></tr><tr><td style='padding:3px 6px; font-weight:bold; background-color:#f2f2f2;'>ชาวไร่</td><td style='padding:3px 6px;'>นาย วัฒนา เชี่ยวชาญ</td></tr><tr><td style='padding:3px 6px; font-weight:bold; background-color:#f2f2f2;'>ประเภทอ้อย</td><td style='padding:3px 6px;'>ปลายฝน</td></tr><tr><td style='padding:3px 6px; font-weight:bold; background-color:#f2f2f2;'>พื้นที่</td><td style='padding:3px 6px;'>3.75</td></tr><tr><td style='padding:3px 6px; font-weight:bold; background-color:#f2f2f2;'>ตันรวม</td><td style='padding:3px 6px;'>48.75</td></tr><tr><td style='padding:3px 6px; font-weight:bold; background-color:#f2f2f2;'>รหัสแปลง</td><td style='padding:3px 6px;'>321306061575</td></tr><tr><td style='padding:3px 6px; font-weight:bold; background-color:#f2f2f2;'>กลุ่ม</td><td style='padding:3px 6px;'>กลุ่ม_71</td></tr></table></div>]]></description>
      <styleUrl>#plotStyle</styleUrl>
      <MultiGeometry><Polygon><outerBoundaryIs><LinearRing><coordinates>103.9479543,14.5493472,0 103.9478708,14.5491677,0 103.9469283,14.5492181,0 103.9469788,14.5500479,0 103.9475787,14.5496170,0 103.9475540,14.5495956,0 103.9475251,14.5495834,0 103.9475474,14.5495703,0 103.9475727,14.5495455,0 103.9475821,14.5495338,0 103.9476217,14.5495092,0 103.9476740,14.5495146,0 103.9476929,14.5495350,0 103.9479543,14.5493472,0</coordinates></LinearRing></outerBoundaryIs></Polygon></MultiGeometry>
    </Placemark>
    <Placemark>
      <name>321301031564</name>
      <description><![CDATA[<div style='font-family:Tahoma,sans-serif; font-size:13px;'><h3 style='color:#1565C0; margin:4px 0;'>รหัสแปลง: 321301031564</h3><p style='margin:2px 0;'><b>กลุ่มคิว:</b> 71_002</p><table border='1' style='border-collapse:collapse; border-color:#ccc; width:100%;'><tr><td style='padding:3px 6px; font-weight:bold; background-color:#f2f2f2;'>รหัสกลุ่มคิว</td><td style='padding:3px 6px;'>71/002</td></tr><tr><td style='padding:3px 6px; font-weight:bold; background-color:#f2f2f2;'>รหัสรับเหมา</td><td style='padding:3px 6px;'>738889</td></tr><tr><td style='padding:3px 6px; font-weight:bold; background-color:#f2f2f2;'>ชื่อ-สกุล รับเหมา</td><td style='padding:3px 6px;'>รถตัดโรงงานเบอร์ 24</td></tr><tr><td style='padding:3px 6px; font-weight:bold; background-color:#f2f2f2;'>นักเกษตร</td><td style='padding:3px 6px;'>7101</td></tr><tr><td style='padding:3px 6px; font-weight:bold; background-color:#f2f2f2;'>ศูนย์</td><td style='padding:3px 6px;'>K2-71</td></tr><tr><td style='padding:3px 6px; font-weight:bold; background-color:#f2f2f2;'>โควตา</td><td style='padding:3px 6px;'>770851</td></tr><tr><td style='padding:3px 6px; font-weight:bold; background-color:#f2f2f2;'>ชาวไร่</td><td style='padding:3px 6px;'>นาง สุพล สุดสวาท</td></tr><tr><td style='padding:3px 6px; font-weight:bold; background-color:#f2f2f2;'>ประเภทอ้อย</td><td style='padding:3px 6px;'>ปลายฝน</td></tr><tr><td style='padding:3px 6px; font-weight:bold; background-color:#f2f2f2;'>พื้นที่</td><td style='padding:3px 6px;'>4.09</td></tr><tr><td style='padding:3px 6px; font-weight:bold; background-color:#f2f2f2;'>ตันรวม</td><td style='padding:3px 6px;'>53.17</td></tr><tr><td style='padding:3px 6px; font-weight:bold; background-color:#f2f2f2;'>รหัสแปลง</td><td style='padding:3px 6px;'>321301031564</td></tr><tr><td style='padding:3px 6px; font-weight:bold; background-color:#f2f2f2;'>กลุ่ม</td><td style='padding:3px 6px;'>กลุ่ม_71</td></tr></table></div>]]></description>
      <styleUrl>#plotStyle</styleUrl>
      <MultiGeometry><Polygon><outerBoundaryIs><LinearRing><coordinates>103.9219783,14.5589400,0 103.9218767,14.5583183,0 103.9209800,14.5584767,0 103.9211217,14.5590600,0 103.9219783,14.5589400,0</coordinates></LinearRing></outerBoundaryIs></Polygon></MultiGeometry>
    </Placemark>
    <Placemark>
      <name>321306071596</name>
      <description><![CDATA[<div style='font-family:Tahoma,sans-serif; font-size:13px;'><h3 style='color:#1565C0; margin:4px 0;'>รหัสแปลง: 321306071596</h3><p style='margin:2px 0;'><b>กลุ่มคิว:</b> 71_002</p><table border='1' style='border-collapse:collapse; border-color:#ccc; width:100%;'><tr><td style='padding:3px 6px; font-weight:bold; background-color:#f2f2f2;'>รหัสกลุ่มคิว</td><td style='padding:3px 6px;'>71/002</td></tr><tr><td style='padding:3px 6px; font-weight:bold; background-color:#f2f2f2;'>รหัสรับเหมา</td><td style='padding:3px 6px;'>738889</td></tr><tr><td style='padding:3px 6px; font-weight:bold; background-color:#f2f2f2;'>ชื่อ-สกุล รับเหมา</td><td style='padding:3px 6px;'>รถตัดโรงงานเบอร์ 24</td></tr><tr><td style='padding:3px 6px; font-weight:bold; background-color:#f2f2f2;'>นักเกษตร</td><td style='padding:3px 6px;'>7101</td></tr><tr><td style='padding:3px 6px; font-weight:bold; background-color:#f2f2f2;'>ศูนย์</td><td style='padding:3px 6px;'>K2-71</td></tr><tr><td style='padding:3px 6px; font-weight:bold; background-color:#f2f2f2;'>โควตา</td><td style='padding:3px 6px;'>774164</td></tr><tr><td style='padding:3px 6px; font-weight:bold; background-color:#f2f2f2;'>ชาวไร่</td><td style='padding:3px 6px;'>นาง สุวรรณจิตร ชุ่มมาก</td></tr><tr><td style='padding:3px 6px; font-weight:bold; background-color:#f2f2f2;'>ประเภทอ้อย</td><td style='padding:3px 6px;'>ปลายฝน</td></tr><tr><td style='padding:3px 6px; font-weight:bold; background-color:#f2f2f2;'>พื้นที่</td><td style='padding:3px 6px;'>13.81</td></tr><tr><td style='padding:3px 6px; font-weight:bold; background-color:#f2f2f2;'>ตันรวม</td><td style='padding:3px 6px;'>179.53</td></tr><tr><td style='padding:3px 6px; font-weight:bold; background-color:#f2f2f2;'>รหัสแปลง</td><td style='padding:3px 6px;'>321306071596</td></tr><tr><td style='padding:3px 6px; font-weight:bold; background-color:#f2f2f2;'>กลุ่ม</td><td style='padding:3px 6px;'>กลุ่ม_71</td></tr></table></div>]]></description>
      <styleUrl>#plotStyle</styleUrl>
      <MultiGeometry><Polygon><outerBoundaryIs><LinearRing><coordinates>103.9962293,14.5805663,0 103.9964769,14.5809053,0 103.9969787,14.5809244,0 103.9969574,14.5809445,0 103.9969680,14.5809369,0 103.9970224,14.5809497,0 103.9970461,14.5809582,0 103.9973317,14.5810075,0 103.9977750,14.5808745,0 103.9976679,14.5806482,0 103.9976701,14.5805339,0 103.9976658,14.5805113,0 103.9976627,14.5805031,0 103.9976131,14.5795588,0 103.9967767,14.5793069,0 103.9966898,14.5794372,0 103.9962615,14.5804867,0 103.9964206,14.5805512,0 103.9964353,14.5805304,0 103.9964724,14.5805556,0 103.9964289,14.5806033,0 103.9963915,14.5806157,0 103.9964185,14.5805541,0 103.9962601,14.5804905,0 103.9962293,14.5805663,0</coordinates></LinearRing></outerBoundaryIs></Polygon></MultiGeometry>
    </Placemark>
    <Placemark>
      <name>321301111763</name>
      <description><![CDATA[<div style='font-family:Tahoma,sans-serif; font-size:13px;'><h3 style='color:#1565C0; margin:4px 0;'>รหัสแปลง: 321301111763</h3><p style='margin:2px 0;'><b>กลุ่มคิว:</b> 71_002</p><table border='1' style='border-collapse:collapse; border-color:#ccc; width:100%;'><tr><td style='padding:3px 6px; font-weight:bold; background-color:#f2f2f2;'>รหัสกลุ่มคิว</td><td style='padding:3px 6px;'>71/002</td></tr><tr><td style='padding:3px 6px; font-weight:bold; background-color:#f2f2f2;'>รหัสรับเหมา</td><td style='padding:3px 6px;'>738889</td></tr><tr><td style='padding:3px 6px; font-weight:bold; background-color:#f2f2f2;'>ชื่อ-สกุล รับเหมา</td><td style='padding:3px 6px;'>รถตัดโรงงานเบอร์ 24</td></tr><tr><td style='padding:3px 6px; font-weight:bold; background-color:#f2f2f2;'>นักเกษตร</td><td style='padding:3px 6px;'>7101</td></tr><tr><td style='padding:3px 6px; font-weight:bold; background-color:#f2f2f2;'>ศูนย์</td><td style='padding:3px 6px;'>K2-71</td></tr><tr><td style='padding:3px 6px; font-weight:bold; background-color:#f2f2f2;'>โควตา</td><td style='padding:3px 6px;'>774205</td></tr><tr><td style='padding:3px 6px; font-weight:bold; background-color:#f2f2f2;'>ชาวไร่</td><td style='padding:3px 6px;'>นาย กิตติศักดิ์ ศรีธรณ์</td></tr><tr><td style='padding:3px 6px; font-weight:bold; background-color:#f2f2f2;'>ประเภทอ้อย</td><td style='padding:3px 6px;'>ปลายฝน</td></tr><tr><td style='padding:3px 6px; font-weight:bold; background-color:#f2f2f2;'>พื้นที่</td><td style='padding:3px 6px;'>3.65</td></tr><tr><td style='padding:3px 6px; font-weight:bold; background-color:#f2f2f2;'>ตันรวม</td><td style='padding:3px 6px;'>47.45</td></tr><tr><td style='padding:3px 6px; font-weight:bold; background-color:#f2f2f2;'>รหัสแปลง</td><td style='padding:3px 6px;'>321301111763</td></tr><tr><td style='padding:3px 6px; font-weight:bold; background-color:#f2f2f2;'>กลุ่ม</td><td style='padding:3px 6px;'>กลุ่ม_71</td></tr></table></div>]]></description>
      <styleUrl>#plotStyle</styleUrl>
      <MultiGeometry><Polygon><outerBoundaryIs><LinearRing><coordinates>103.9023483,14.5383850,0 103.9025467,14.5360450,0 103.9023533,14.5360483,0 103.9021250,14.5383783,0 103.9023483,14.5383850,0</coordinates></LinearRing></outerBoundaryIs></Polygon></MultiGeometry>
    </Placemark>
    <Placemark>
      <name>321306051558</name>
      <description><![CDATA[<div style='font-family:Tahoma,sans-serif; font-size:13px;'><h3 style='color:#1565C0; margin:4px 0;'>รหัสแปลง: 321306051558</h3><p style='margin:2px 0;'><b>กลุ่มคิว:</b> 71_002</p><table border='1' style='border-collapse:collapse; border-color:#ccc; width:100%;'><tr><td style='padding:3px 6px; font-weight:bold; background-color:#f2f2f2;'>รหัสกลุ่มคิว</td><td style='padding:3px 6px;'>71/002</td></tr><tr><td style='padding:3px 6px; font-weight:bold; background-color:#f2f2f2;'>รหัสรับเหมา</td><td style='padding:3px 6px;'>738889</td></tr><tr><td style='padding:3px 6px; font-weight:bold; background-color:#f2f2f2;'>ชื่อ-สกุล รับเหมา</td><td style='padding:3px 6px;'>รถตัดโรงงานเบอร์ 24</td></tr><tr><td style='padding:3px 6px; font-weight:bold; background-color:#f2f2f2;'>นักเกษตร</td><td style='padding:3px 6px;'>7101</td></tr><tr><td style='padding:3px 6px; font-weight:bold; background-color:#f2f2f2;'>ศูนย์</td><td style='padding:3px 6px;'>K2-71</td></tr><tr><td style='padding:3px 6px; font-weight:bold; background-color:#f2f2f2;'>โควตา</td><td style='padding:3px 6px;'>700430</td></tr><tr><td style='padding:3px 6px; font-weight:bold; background-color:#f2f2f2;'>ชาวไร่</td><td style='padding:3px 6px;'>นาย สังอิม อย่าลืมดี</td></tr><tr><td style='padding:3px 6px; font-weight:bold; background-color:#f2f2f2;'>ประเภทอ้อย</td><td style='padding:3px 6px;'>ปลายฝน</td></tr><tr><td style='padding:3px 6px; font-weight:bold; background-color:#f2f2f2;'>พื้นที่</td><td style='padding:3px 6px;'>1.5</td></tr><tr><td style='padding:3px 6px; font-weight:bold; background-color:#f2f2f2;'>ตันรวม</td><td style='padding:3px 6px;'>19.5</td></tr><tr><td style='padding:3px 6px; font-weight:bold; background-color:#f2f2f2;'>รหัสแปลง</td><td style='padding:3px 6px;'>321306051558</td></tr><tr><td style='padding:3px 6px; font-weight:bold; background-color:#f2f2f2;'>กลุ่ม</td><td style='padding:3px 6px;'>กลุ่ม_71</td></tr></table></div>]]></description>
      <styleUrl>#plotStyle</styleUrl>
      <MultiGeometry><Polygon><outerBoundaryIs><LinearRing><coordinates>103.9678684,14.5314097,0 103.9678683,14.5314118,0 103.9678684,14.5314118,0 103.9678684,14.5314097,0</coordinates></LinearRing></outerBoundaryIs></Polygon><Polygon><outerBoundaryIs><LinearRing><coordinates>103.9678688,14.5329413,0 103.9679387,14.5329238,0 103.9680627,14.5314426,0 103.9678684,14.5314118,0 103.9678688,14.5329413,0</coordinates></LinearRing></outerBoundaryIs></Polygon></MultiGeometry>
    </Placemark>
    <Placemark>
      <name>321301011541</name>
      <description><![CDATA[<div style='font-family:Tahoma,sans-serif; font-size:13px;'><h3 style='color:#1565C0; margin:4px 0;'>รหัสแปลง: 321301011541</h3><p style='margin:2px 0;'><b>กลุ่มคิว:</b> 71_002</p><table border='1' style='border-collapse:collapse; border-color:#ccc; width:100%;'><tr><td style='padding:3px 6px; font-weight:bold; background-color:#f2f2f2;'>รหัสกลุ่มคิว</td><td style='padding:3px 6px;'>71/002</td></tr><tr><td style='padding:3px 6px; font-weight:bold; background-color:#f2f2f2;'>รหัสรับเหมา</td><td style='padding:3px 6px;'>738889</td></tr><tr><td style='padding:3px 6px; font-weight:bold; background-color:#f2f2f2;'>ชื่อ-สกุล รับเหมา</td><td style='padding:3px 6px;'>รถตัดโรงงานเบอร์ 24</td></tr><tr><td style='padding:3px 6px; font-weight:bold; background-color:#f2f2f2;'>นักเกษตร</td><td style='padding:3px 6px;'>7101</td></tr><tr><td style='padding:3px 6px; font-weight:bold; background-color:#f2f2f2;'>ศูนย์</td><td style='padding:3px 6px;'>K2-71</td></tr><tr><td style='padding:3px 6px; font-weight:bold; background-color:#f2f2f2;'>โควตา</td><td style='padding:3px 6px;'>771399</td></tr><tr><td style='padding:3px 6px; font-weight:bold; background-color:#f2f2f2;'>ชาวไร่</td><td style='padding:3px 6px;'>นาง ลัดดา มาลาศรี</td></tr><tr><td style='padding:3px 6px; font-weight:bold; background-color:#f2f2f2;'>ประเภทอ้อย</td><td style='padding:3px 6px;'>ปลายฝน</td></tr><tr><td style='padding:3px 6px; font-weight:bold; background-color:#f2f2f2;'>พื้นที่</td><td style='padding:3px 6px;'>1.45</td></tr><tr><td style='padding:3px 6px; font-weight:bold; background-color:#f2f2f2;'>ตันรวม</td><td style='padding:3px 6px;'>18.85</td></tr><tr><td style='padding:3px 6px; font-weight:bold; background-color:#f2f2f2;'>รหัสแปลง</td><td style='padding:3px 6px;'>321301011541</td></tr><tr><td style='padding:3px 6px; font-weight:bold; background-color:#f2f2f2;'>กลุ่ม</td><td style='padding:3px 6px;'>กลุ่ม_71</td></tr></table></div>]]></description>
      <styleUrl>#plotStyle</styleUrl>
      <MultiGeometry><Polygon><outerBoundaryIs><LinearRing><coordinates>103.9088667,14.5950900,0 103.9086833,14.5950533,0 103.9086217,14.5961250,0 103.9088050,14.5961133,0 103.9088667,14.5950900,0</coordinates></LinearRing></outerBoundaryIs></Polygon></MultiGeometry>
    </Placemark>
    <Placemark>
      <name>321306091654</name>
      <description><![CDATA[<div style='font-family:Tahoma,sans-serif; font-size:13px;'><h3 style='color:#1565C0; margin:4px 0;'>รหัสแปลง: 321306091654</h3><p style='margin:2px 0;'><b>กลุ่มคิว:</b> 71_002</p><table border='1' style='border-collapse:collapse; border-color:#ccc; width:100%;'><tr><td style='padding:3px 6px; font-weight:bold; background-color:#f2f2f2;'>รหัสกลุ่มคิว</td><td style='padding:3px 6px;'>71/002</td></tr><tr><td style='padding:3px 6px; font-weight:bold; background-color:#f2f2f2;'>รหัสรับเหมา</td><td style='padding:3px 6px;'>738889</td></tr><tr><td style='padding:3px 6px; font-weight:bold; background-color:#f2f2f2;'>ชื่อ-สกุล รับเหมา</td><td style='padding:3px 6px;'>รถตัดโรงงานเบอร์ 24</td></tr><tr><td style='padding:3px 6px; font-weight:bold; background-color:#f2f2f2;'>นักเกษตร</td><td style='padding:3px 6px;'>7101</td></tr><tr><td style='padding:3px 6px; font-weight:bold; background-color:#f2f2f2;'>ศูนย์</td><td style='padding:3px 6px;'>K2-71</td></tr><tr><td style='padding:3px 6px; font-weight:bold; background-color:#f2f2f2;'>โควตา</td><td style='padding:3px 6px;'>773336</td></tr><tr><td style='padding:3px 6px; font-weight:bold; background-color:#f2f2f2;'>ชาวไร่</td><td style='padding:3px 6px;'>นาย จิรโรจน์ ดวงใจ</td></tr><tr><td style='padding:3px 6px; font-weight:bold; background-color:#f2f2f2;'>ประเภทอ้อย</td><td style='padding:3px 6px;'>ปลายฝน</td></tr><tr><td style='padding:3px 6px; font-weight:bold; background-color:#f2f2f2;'>พื้นที่</td><td style='padding:3px 6px;'>2.42</td></tr><tr><td style='padding:3px 6px; font-weight:bold; background-color:#f2f2f2;'>ตันรวม</td><td style='padding:3px 6px;'>31.46</td></tr><tr><td style='padding:3px 6px; font-weight:bold; background-color:#f2f2f2;'>รหัสแปลง</td><td style='padding:3px 6px;'>321306091654</td></tr><tr><td style='padding:3px 6px; font-weight:bold; background-color:#f2f2f2;'>กลุ่ม</td><td style='padding:3px 6px;'>กลุ่ม_71</td></tr></table></div>]]></description>
      <styleUrl>#plotStyle</styleUrl>
      <MultiGeometry><Polygon><outerBoundaryIs><LinearRing><coordinates>103.9672882,14.5828356,0 103.9669204,14.5820608,0 103.9666760,14.5823307,0 103.9669752,14.5828312,0 103.9664694,14.5830385,0 103.9665116,14.5831300,0 103.9666516,14.5830542,0 103.9667404,14.5831332,0 103.9672882,14.5828356,0</coordinates></LinearRing></outerBoundaryIs></Polygon></MultiGeometry>
    </Placemark>
    <Placemark>
      <name>321306071598</name>
      <description><![CDATA[<div style='font-family:Tahoma,sans-serif; font-size:13px;'><h3 style='color:#1565C0; margin:4px 0;'>รหัสแปลง: 321306071598</h3><p style='margin:2px 0;'><b>กลุ่มคิว:</b> 71_002</p><table border='1' style='border-collapse:collapse; border-color:#ccc; width:100%;'><tr><td style='padding:3px 6px; font-weight:bold; background-color:#f2f2f2;'>รหัสกลุ่มคิว</td><td style='padding:3px 6px;'>71/002</td></tr><tr><td style='padding:3px 6px; font-weight:bold; background-color:#f2f2f2;'>รหัสรับเหมา</td><td style='padding:3px 6px;'>738889</td></tr><tr><td style='padding:3px 6px; font-weight:bold; background-color:#f2f2f2;'>ชื่อ-สกุล รับเหมา</td><td style='padding:3px 6px;'>รถตัดโรงงานเบอร์ 24</td></tr><tr><td style='padding:3px 6px; font-weight:bold; background-color:#f2f2f2;'>นักเกษตร</td><td style='padding:3px 6px;'>7101</td></tr><tr><td style='padding:3px 6px; font-weight:bold; background-color:#f2f2f2;'>ศูนย์</td><td style='padding:3px 6px;'>K2-71</td></tr><tr><td style='padding:3px 6px; font-weight:bold; background-color:#f2f2f2;'>โควตา</td><td style='padding:3px 6px;'>774163</td></tr><tr><td style='padding:3px 6px; font-weight:bold; background-color:#f2f2f2;'>ชาวไร่</td><td style='padding:3px 6px;'>นาง อัจฉราวดี เทียนทอง</td></tr><tr><td style='padding:3px 6px; font-weight:bold; background-color:#f2f2f2;'>ประเภทอ้อย</td><td style='padding:3px 6px;'>ปลายฝน</td></tr><tr><td style='padding:3px 6px; font-weight:bold; background-color:#f2f2f2;'>พื้นที่</td><td style='padding:3px 6px;'>2.45</td></tr><tr><td style='padding:3px 6px; font-weight:bold; background-color:#f2f2f2;'>ตันรวม</td><td style='padding:3px 6px;'>31.85</td></tr><tr><td style='padding:3px 6px; font-weight:bold; background-color:#f2f2f2;'>รหัสแปลง</td><td style='padding:3px 6px;'>321306071598</td></tr><tr><td style='padding:3px 6px; font-weight:bold; background-color:#f2f2f2;'>กลุ่ม</td><td style='padding:3px 6px;'>กลุ่ม_71</td></tr></table></div>]]></description>
      <styleUrl>#plotStyle</styleUrl>
      <MultiGeometry><Polygon><outerBoundaryIs><LinearRing><coordinates>103.9818684,14.5753154,0 103.9820618,14.5761191,0 103.9823081,14.5759713,0 103.9823135,14.5758441,0 103.9823224,14.5758076,0 103.9823213,14.5757544,0 103.9822870,14.5757725,0 103.9822534,14.5758014,0 103.9821976,14.5758101,0 103.9821483,14.5757759,0 103.9821342,14.5756730,0 103.9822359,14.5756493,0 103.9823675,14.5757486,0 103.9823896,14.5757832,0 103.9824658,14.5757655,0 103.9822930,14.5751536,0 103.9819710,14.5752301,0 103.9819681,14.5752318,0 103.9819572,14.5752446,0 103.9818684,14.5753154,0</coordinates></LinearRing></outerBoundaryIs></Polygon></MultiGeometry>
    </Placemark>
    <Placemark>
      <name>321306091655</name>
      <description><![CDATA[<div style='font-family:Tahoma,sans-serif; font-size:13px;'><h3 style='color:#1565C0; margin:4px 0;'>รหัสแปลง: 321306091655</h3><p style='margin:2px 0;'><b>กลุ่มคิว:</b> 71_002</p><table border='1' style='border-collapse:collapse; border-color:#ccc; width:100%;'><tr><td style='padding:3px 6px; font-weight:bold; background-color:#f2f2f2;'>รหัสกลุ่มคิว</td><td style='padding:3px 6px;'>71/002</td></tr><tr><td style='padding:3px 6px; font-weight:bold; background-color:#f2f2f2;'>รหัสรับเหมา</td><td style='padding:3px 6px;'>738889</td></tr><tr><td style='padding:3px 6px; font-weight:bold; background-color:#f2f2f2;'>ชื่อ-สกุล รับเหมา</td><td style='padding:3px 6px;'>รถตัดโรงงานเบอร์ 24</td></tr><tr><td style='padding:3px 6px; font-weight:bold; background-color:#f2f2f2;'>นักเกษตร</td><td style='padding:3px 6px;'>7101</td></tr><tr><td style='padding:3px 6px; font-weight:bold; background-color:#f2f2f2;'>ศูนย์</td><td style='padding:3px 6px;'>K2-71</td></tr><tr><td style='padding:3px 6px; font-weight:bold; background-color:#f2f2f2;'>โควตา</td><td style='padding:3px 6px;'>774219</td></tr><tr><td style='padding:3px 6px; font-weight:bold; background-color:#f2f2f2;'>ชาวไร่</td><td style='padding:3px 6px;'>นาย วิทวัฒน์ นกกูล</td></tr><tr><td style='padding:3px 6px; font-weight:bold; background-color:#f2f2f2;'>ประเภทอ้อย</td><td style='padding:3px 6px;'>ปลายฝน</td></tr><tr><td style='padding:3px 6px; font-weight:bold; background-color:#f2f2f2;'>พื้นที่</td><td style='padding:3px 6px;'>8.76</td></tr><tr><td style='padding:3px 6px; font-weight:bold; background-color:#f2f2f2;'>ตันรวม</td><td style='padding:3px 6px;'>113.88</td></tr><tr><td style='padding:3px 6px; font-weight:bold; background-color:#f2f2f2;'>รหัสแปลง</td><td style='padding:3px 6px;'>321306091655</td></tr><tr><td style='padding:3px 6px; font-weight:bold; background-color:#f2f2f2;'>กลุ่ม</td><td style='padding:3px 6px;'>กลุ่ม_71</td></tr></table></div>]]></description>
      <styleUrl>#plotStyle</styleUrl>
      <MultiGeometry><Polygon><outerBoundaryIs><LinearRing><coordinates>103.9685066,14.5731647,0 103.9697147,14.5725360,0 103.9697947,14.5724501,0 103.9696085,14.5720730,0 103.9694616,14.5719047,0 103.9681815,14.5723799,0 103.9682378,14.5725850,0 103.9681874,14.5726105,0 103.9683257,14.5731639,0 103.9685066,14.5731647,0</coordinates></LinearRing></outerBoundaryIs></Polygon></MultiGeometry>
    </Placemark>
    <Placemark>
      <name>321306091656</name>
      <description><![CDATA[<div style='font-family:Tahoma,sans-serif; font-size:13px;'><h3 style='color:#1565C0; margin:4px 0;'>รหัสแปลง: 321306091656</h3><p style='margin:2px 0;'><b>กลุ่มคิว:</b> 71_002</p><table border='1' style='border-collapse:collapse; border-color:#ccc; width:100%;'><tr><td style='padding:3px 6px; font-weight:bold; background-color:#f2f2f2;'>รหัสกลุ่มคิว</td><td style='padding:3px 6px;'>71/002</td></tr><tr><td style='padding:3px 6px; font-weight:bold; background-color:#f2f2f2;'>รหัสรับเหมา</td><td style='padding:3px 6px;'>738889</td></tr><tr><td style='padding:3px 6px; font-weight:bold; background-color:#f2f2f2;'>ชื่อ-สกุล รับเหมา</td><td style='padding:3px 6px;'>รถตัดโรงงานเบอร์ 24</td></tr><tr><td style='padding:3px 6px; font-weight:bold; background-color:#f2f2f2;'>นักเกษตร</td><td style='padding:3px 6px;'>7101</td></tr><tr><td style='padding:3px 6px; font-weight:bold; background-color:#f2f2f2;'>ศูนย์</td><td style='padding:3px 6px;'>K2-71</td></tr><tr><td style='padding:3px 6px; font-weight:bold; background-color:#f2f2f2;'>โควตา</td><td style='padding:3px 6px;'>774219</td></tr><tr><td style='padding:3px 6px; font-weight:bold; background-color:#f2f2f2;'>ชาวไร่</td><td style='padding:3px 6px;'>นาย วิทวัฒน์ นกกูล</td></tr><tr><td style='padding:3px 6px; font-weight:bold; background-color:#f2f2f2;'>ประเภทอ้อย</td><td style='padding:3px 6px;'>ปลายฝน</td></tr><tr><td style='padding:3px 6px; font-weight:bold; background-color:#f2f2f2;'>พื้นที่</td><td style='padding:3px 6px;'>7.71</td></tr><tr><td style='padding:3px 6px; font-weight:bold; background-color:#f2f2f2;'>ตันรวม</td><td style='padding:3px 6px;'>100.23</td></tr><tr><td style='padding:3px 6px; font-weight:bold; background-color:#f2f2f2;'>รหัสแปลง</td><td style='padding:3px 6px;'>321306091656</td></tr><tr><td style='padding:3px 6px; font-weight:bold; background-color:#f2f2f2;'>กลุ่ม</td><td style='padding:3px 6px;'>กลุ่ม_71</td></tr></table></div>]]></description>
      <styleUrl>#plotStyle</styleUrl>
      <MultiGeometry><Polygon><outerBoundaryIs><LinearRing><coordinates>103.9684177,14.5698034,0 103.9687748,14.5707807,0 103.9695983,14.5705146,0 103.9695725,14.5703135,0 103.9695316,14.5701562,0 103.9694685,14.5698592,0 103.9693247,14.5694056,0 103.9684177,14.5698034,0</coordinates></LinearRing></outerBoundaryIs></Polygon></MultiGeometry>
    </Placemark>
  </Folder>
</Document>
</kml>