{
"type": "FeatureCollection",
"name": "กลุ่ม_กลุ่ม_23",
"crs": { "type": "name", "properties": { "name": "urn:ogc:def:crs:EPSG::32647" } },
"xy_coordinate_resolution": 1e-15,
"features": [
{"type":"Feature","properties":{"รหัสกลุ่มคิว":"23/001","รหัสรับเหมา":"738889","ชื่อ-สกุล รับเหมา":"รถตัดโรงงานเบอร์ 09","นักเกษตร":"2304","ศูนย์":"K2-23","โควตา":"727407","ชาวไร่":"นางสาว เกษร ขวัญครอง","ประเภทอ้อย":"ปลายฝน","พื้นที่":7.44,"ตันรวม":96.72,"รหัสแปลง":"320506081509","กลุ่ม":"กลุ่ม_23"},"geometry":{"type":"MultiPolygon","coordinates":[[[[987458.996500000357628,1617739.215600000694394],[987456.143600000068545,1617764.621300000697374],[987426.525100000202656,1617764.803600000217557],[987430.542200000025332,1617802.074400000274181],[987610.802299999631941,1617813.084799999371171],[987608.306300000287592,1617768.897199999541044],[987647.182599999941885,1617774.058700000867248],[987649.881400000303984,1617749.581399999558926],[987458.996500000357628,1617739.215600000694394]]]]}},
{"type":"Feature","properties":{"รหัสกลุ่มคิว":"23/001","รหัสรับเหมา":"738889","ชื่อ-สกุล รับเหมา":"รถตัดโรงงานเบอร์ 09","นักเกษตร":"2304","ศูนย์":"K2-23","โควตา":"726723","ชาวไร่":"นางสาว สุบรรณ์ สกุลเดียว","ประเภทอ้อย":"ปลายฝน","พื้นที่":8.66,"ตันรวม":112.58,"รหัสแปลง":"320506101512","กลุ่ม":"กลุ่ม_23"},"geometry":{"type":"MultiPolygon","coordinates":[[[[987654.55530000012368,1617739.654799999669194],[987651.805900000035763,1617681.344499999657273],[987585.430200000293553,1617676.589199999347329],[987582.374800000339746,1617699.518899999558926],[987554.754599999636412,1617697.49970000050962],[987555.813099999912083,1617673.873299999162555],[987461.214800000190735,1617670.432199999690056],[987469.137799999676645,1617711.285700000822544],[987441.060499999672174,1617711.822599999606609],[987440.162800000049174,1617731.886299999430776],[987422.539900000207126,1617730.9206000007689],[987425.378200000151992,1617761.842800000682473],[987457.838700000196695,1617762.7335],[987452.613499999977648,1617748.522399999201298],[987654.55530000012368,1617739.654799999669194]]]]}},
{"type":"Feature","properties":{"รหัสกลุ่มคิว":"23/001","รหัสรับเหมา":"738889","ชื่อ-สกุล รับเหมา":"รถตัดโรงงานเบอร์ 09","นักเกษตร":"2304","ศูนย์":"K2-23","โควตา":"727450","ชาวไร่":"นางสาว ภัณฑิลา กิตติอนันต์โภคิน","ประเภทอ้อย":"ตอ1","พื้นที่":5.22,"ตันรวม":46.98,"รหัสแปลง":"320506130003","กลุ่ม":"กลุ่ม_23"},"geometry":{"type":"MultiPolygon","coordinates":[[[[986784.449300000444055,1615954.026200000196695],[986768.682099999859929,1616011.98340000025928],[986757.697300000116229,1616077.541500000283122],[986855.146300000138581,1616080.469799999147654],[986838.940299999900162,1616006.719200000166893],[986820.772099999710917,1616007.307499999180436],[986824.248800000175834,1615956.500399999320507],[986784.449300000444055,1615954.026200000196695]]]]}},
{"type":"Feature","properties":{"รหัสกลุ่มคิว":"23/001","รหัสรับเหมา":"738889","ชื่อ-สกุล รับเหมา":"รถตัดโรงงานเบอร์ 09","นักเกษตร":"2304","ศูนย์":"K2-23","โควตา":"727063","ชาวไร่":"นาง ลำใย มีสกุล","ประเภทอ้อย":"ตอ1","พื้นที่":4.54,"ตันรวม":40.86,"รหัสแปลง":"320506131511","กลุ่ม":"กลุ่ม_23"},"geometry":{"type":"MultiPolygon","coordinates":[[[[986789.08559999987483,1615268.969000000506639],[986801.378600000403821,1615284.949899999424815],[986802.5795,1615297.28319999948144],[986816.166299999691546,1615294.579700000584126],[986816.703900000080466,1615291.128900000825524],[986819.012299999594688,1615291.440999999642372],[986819.781999999657273,1615296.6996],[986854.56900000013411,1615295.343599999323487],[986855.207000000402331,1615289.175499999895692],[986857.834099999628961,1615289.275399999693036],[986858.566700000315905,1615294.823899999260902],[986888.192099999636412,1615291.439400000497699],[986882.885099999606609,1615231.235300000756979],[986814.368200000375509,1615236.206000000238419],[986813.847299999557436,1615229.35359999909997],[986747.165500000119209,1615233.443499999120831],[986751.134999999776483,1615270.691700000315905],[986789.08559999987483,1615268.969000000506639]]]]}},
{"type":"Feature","properties":{"รหัสกลุ่มคิว":"23/001","รหัสรับเหมา":"738889","ชื่อ-สกุล รับเหมา":"รถตัดโรงงานเบอร์ 09","นักเกษตร":"2304","ศูนย์":"K2-23","โควตา":"726817","ชาวไร่":"นางสาว สุพรรษา สัชชานนท์","ประเภทอ้อย":"ปลายฝน","พื้นที่":3.87,"ตันรวม":50.31,"รหัสแปลง":"320507020007","กลุ่ม":"กลุ่ม_23"},"geometry":{"type":"MultiPolygon","coordinates":[[[[982519.932900000363588,1613630.199300000444055],[982427.5296,1613658.335999999195337],[982450.102900000289083,1613710.182299999520183],[982560.670699999667704,1613683.32740000076592],[982519.932900000363588,1613630.199300000444055]]]]}},
{"type":"Feature","properties":{"รหัสกลุ่มคิว":"23/001","รหัสรับเหมา":"738889","ชื่อ-สกุล รับเหมา":"รถตัดโรงงานเบอร์ 09","นักเกษตร":"2304","ศูนย์":"K2-23","โควตา":"710769","ชาวไร่":"นาย หวด เปรียบยอดยิ่ง","ประเภทอ้อย":"ตอ4","พื้นที่":5.37,"ตันรวม":37.59,"รหัสแปลง":"320507040027","กลุ่ม":"กลุ่ม_23"},"geometry":{"type":"MultiPolygon","coordinates":[[[[982870.89850000012666,1611843.766000000759959],[982836.810899999924004,1611849.207699999213219],[982834.087500000372529,1611833.982999999076128],[982814.65749999973923,1611836.101700000464916],[982814.156299999915063,1611818.058499999344349],[982805.626500000245869,1611817.89299999922514],[982804.49349999986589,1611812.035299999639392],[982769.160799999721348,1611820.786299999803305],[982769.668399999849498,1611856.264000000432134],[982789.223799999803305,1611926.770500000566244],[982882.00870000012219,1611904.956299999728799],[982870.89850000012666,1611843.766000000759959]]]]}},
{"type":"Feature","properties":{"รหัสกลุ่มคิว":"23/001","รหัสรับเหมา":"738889","ชื่อ-สกุล รับเหมา":"รถตัดโรงงานเบอร์ 09","นักเกษตร":"2304","ศูนย์":"K2-23","โควตา":"727278","ชาวไร่":"นาย ธวัชร์ จบศรี","ประเภทอ้อย":"ปลายฝน","พื้นที่":5.09,"ตันรวม":66.17,"รหัสแปลง":"320507041507","กลุ่ม":"กลุ่ม_23"},"geometry":{"type":"MultiPolygon","coordinates":[[[[985915.597699999809265,1611831.288799999281764],[985871.372200000099838,1611999.365399999544024],[985917.005400000140071,1612004.322100000455976],[985964.200100000016391,1611834.98619999922812],[985915.597699999809265,1611831.288799999281764]]]]}},
{"type":"Feature","properties":{"รหัสกลุ่มคิว":"23/001","รหัสรับเหมา":"738889","ชื่อ-สกุล รับเหมา":"รถตัดโรงงานเบอร์ 09","นักเกษตร":"2304","ศูนย์":"K2-23","โควตา":"710769","ชาวไร่":"นาย หวด เปรียบยอดยิ่ง","ประเภทอ้อย":"ตอ1","พื้นที่":6.6,"ตันรวม":59.4,"รหัสแปลง":"320507041582","กลุ่ม":"กลุ่ม_23"},"geometry":{"type":"MultiPolygon","coordinates":[[[[984913.89780000038445,1612347.144400000572205],[984887.795699999667704,1612407.692299999296665],[984915.685700000263751,1612408.631400000303984],[984909.283699999563396,1612433.916600000113249],[985022.765300000086427,1612445.860999999567866],[985027.147300000302494,1612358.492799999192357],[984913.89780000038445,1612347.144400000572205]]]]}},
{"type":"Feature","properties":{"รหัสกลุ่มคิว":"23/001","รหัสรับเหมา":"738889","ชื่อ-สกุล รับเหมา":"รถตัดโรงงานเบอร์ 09","นักเกษตร":"2304","ศูนย์":"K2-23","โควตา":"727446","ชาวไร่":"นาย ณัฐพล เคนลำโกน","ประเภทอ้อย":"ปลายฝน","พื้นที่":21.16,"ตันรวม":275.08,"รหัสแปลง":"320507041585","กลุ่ม":"กลุ่ม_23"},"geometry":{"type":"MultiPolygon","coordinates":[[[[985756.585199999623001,1604031.668800000101328],[985756.345499999821186,1604016.268400000408292],[985760.604399999603629,1603996.124900000169873],[985759.810200000181794,1603990.449999999254942],[985729.627500000409782,1603945.504599999636412],[985812.944899999536574,1603944.975400000810623],[985803.595099999569356,1603982.480900000780821],[985810.61670000012964,1603984.180600000545382],[985816.740100000053644,1604017.401200000196695],[985845.490299999713898,1604012.866900000721216],[985853.136400000192225,1603943.987999999895692],[985691.162399999797344,1603945.040400000289083],[985712.066300000064075,1604138.712400000542402],[985759.281000000424683,1604140.200500000268221],[985861.864400000311434,1604087.002399999648333],[985922.581899999640882,1604112.209000000730157],[985936.012500000186265,1604071.364099999889731],[985939.831799999810755,1603952.562699999660254],[985856.943799999542534,1603950.750600000843406],[985859.620099999941885,1604016.143799999728799],[985756.585199999623001,1604031.668800000101328]]]]}},
{"type":"Feature","properties":{"รหัสกลุ่มคิว":"23/001","รหัสรับเหมา":"738889","ชื่อ-สกุล รับเหมา":"รถตัดโรงงานเบอร์ 09","นักเกษตร":"2304","ศูนย์":"K2-23","โควตา":"727232","ชาวไร่":"นาย ไพศาล แกล้วกล้า","ประเภทอ้อย":"ตอ1","พื้นที่":7.79,"ตันรวม":70.11,"รหัสแปลง":"320507051512","กลุ่ม":"กลุ่ม_23"},"geometry":{"type":"MultiPolygon","coordinates":[[[[979758.15610000025481,1614039.93779999949038],[980009.955799999646842,1614015.1009],[979999.313500000163913,1613981.143500000238419],[979907.429299999959767,1613985.159800000488758],[979905.130800000391901,1613967.775399999693036],[979755.041600000113249,1613980.626800000667572],[979758.15610000025481,1614039.93779999949038]]]]}},
{"type":"Feature","properties":{"รหัสกลุ่มคิว":"23/001","รหัสรับเหมา":"738889","ชื่อ-สกุล รับเหมา":"รถตัดโรงงานเบอร์ 09","นักเกษตร":"2304","ศูนย์":"K2-23","โควตา":"726099","ชาวไร่":"นาย วุฒิชัย นิสัยกล้า","ประเภทอ้อย":"ตอ1","พื้นที่":3.75,"ตันรวม":33.75,"รหัสแปลง":"320507060038","กลุ่ม":"กลุ่ม_23"},"geometry":{"type":"MultiPolygon","coordinates":[[[[977287.708700000308454,1609951.200099999085069],[977400.385200000368059,1609973.421499999240041],[977401.14159999974072,1609914.564200000837445],[977369.095099999569356,1609908.848799999803305],[977357.767500000074506,1609900.012900000438094],[977290.318199999630451,1609916.142200000584126],[977287.708700000308454,1609951.200099999085069]]]]}},
{"type":"Feature","properties":{"รหัสกลุ่มคิว":"23/001","รหัสรับเหมา":"738889","ชื่อ-สกุล รับเหมา":"รถตัดโรงงานเบอร์ 09","นักเกษตร":"2304","ศูนย์":"K2-23","โควตา":"726099","ชาวไร่":"นาย วุฒิชัย นิสัยกล้า","ประเภทอ้อย":"ตอ1","พื้นที่":6.64,"ตันรวม":59.76,"รหัสแปลง":"320507060050","กลุ่ม":"กลุ่ม_23"},"geometry":{"type":"MultiPolygon","coordinates":[[[[976571.33559999987483,1612492.665400000289083],[976584.467899999581277,1612415.6853],[976445.92949999962002,1612388.8914],[976442.612099999561906,1612467.772299999371171],[976571.33559999987483,1612492.665400000289083]]]]}},
{"type":"Feature","properties":{"รหัสกลุ่มคิว":"23/001","รหัสรับเหมา":"738889","ชื่อ-สกุล รับเหมา":"รถตัดโรงงานเบอร์ 09","นักเกษตร":"2304","ศูนย์":"K2-23","โควตา":"726099","ชาวไร่":"นาย วุฒิชัย นิสัยกล้า","ประเภทอ้อย":"ตอ1","พื้นที่":4.15,"ตันรวม":37.35,"รหัสแปลง":"320507061501","กลุ่ม":"กลุ่ม_23"},"geometry":{"type":"MultiPolygon","coordinates":[[[[977396.963999999687076,1609865.271800000220537],[977386.153099999763072,1609760.5899],[977334.271900000050664,1609778.288499999791384],[977328.980000000447035,1609901.891200000420213],[977357.824199999682605,1609897.3881],[977357.421799999661744,1609864.279100000858307],[977396.963999999687076,1609865.271800000220537]]]]}},
{"type":"Feature","properties":{"รหัสกลุ่มคิว":"23/001","รหัสรับเหมา":"738889","ชื่อ-สกุล รับเหมา":"รถตัดโรงงานเบอร์ 09","นักเกษตร":"2304","ศูนย์":"K2-23","โควตา":"726170","ชาวไร่":"นาง สนุก สุขสบาย","ประเภทอ้อย":"ปลายฝน","พื้นที่":3.81,"ตันรวม":49.53,"รหัสแปลง":"320507061505","กลุ่ม":"กลุ่ม_23"},"geometry":{"type":"MultiPolygon","coordinates":[[[[978930.734600000083447,1610195.526000000536442],[979095.554999999701977,1610190.904799999669194],[979095.293499999679625,1610154.072499999776483],[978931.573800000362098,1610158.2127],[978930.734600000083447,1610195.526000000536442]]]]}},
{"type":"Feature","properties":{"รหัสกลุ่มคิว":"23/001","รหัสรับเหมา":"738889","ชื่อ-สกุล รับเหมา":"รถตัดโรงงานเบอร์ 09","นักเกษตร":"2304","ศูนย์":"K2-23","โควตา":"710746","ชาวไร่":"นาง ประทอม บุญคล้อย","ประเภทอ้อย":"ปลายฝน","พื้นที่":5.57,"ตันรวม":72.41,"รหัสแปลง":"320507160069","กลุ่ม":"กลุ่ม_23"},"geometry":{"type":"MultiPolygon","coordinates":[[[[985552.393000000156462,1611938.402899999171495],[985550.652599999681115,1611789.66190000064671],[985471.195000000298023,1611792.360600000247359],[985513.278099999763072,1611942.1119],[985552.393000000156462,1611938.402899999171495]]]]}},
{"type":"Feature","properties":{"รหัสกลุ่มคิว":"23/001","รหัสรับเหมา":"738889","ชื่อ-สกุล รับเหมา":"รถตัดโรงงานเบอร์ 09","นักเกษตร":"2304","ศูนย์":"K2-23","โควตา":"727384","ชาวไร่":"นาง สีดา สังสมานันท์","ประเภทอ้อย":"ปลายฝน","พื้นที่":9.65,"ตันรวม":125.45,"รหัสแปลง":"320507160070","กลุ่ม":"กลุ่ม_23"},"geometry":{"type":"MultiPolygon","coordinates":[[[[985718.378999999724329,1611963.653999999165535],[985732.749699999578297,1611809.945800000801682],[985712.790500000119209,1611806.967199999839067],[985719.554999999701977,1611744.263000000268221],[985684.494900000281632,1611734.011900000274181],[985678.986700000241399,1611753.89750000089407],[985672.379399999976158,1611754.762000000104308],[985660.31319999974221,1611805.600199999287724],[985652.547199999913573,1611807.514599999412894],[985639.204699999652803,1611916.949500000104308],[985638.280299999751151,1611949.546700000762939],[985718.378999999724329,1611963.653999999165535]]]]}},
{"type":"Feature","properties":{"รหัสกลุ่มคิว":"23/001","รหัสรับเหมา":"738889","ชื่อ-สกุล รับเหมา":"รถตัดโรงงานเบอร์ 09","นักเกษตร":"2304","ศูนย์":"K2-23","โควตา":"726332","ชาวไร่":"นาย เมียน กระแสโสม","ประเภทอ้อย":"ตอ1","พื้นที่":7.53,"ตันรวม":67.77,"รหัสแปลง":"320507081505","กลุ่ม":"กลุ่ม_23"},"geometry":{"type":"MultiPolygon","coordinates":[[[[980027.54079999960959,1613329.346200000494719],[979988.932400000281632,1613283.953299999237061],[979782.459099999628961,1613312.141699999570847],[979797.337199999950826,1613359.8783],[979936.300999999977648,1613349.619699999690056],[979967.432900000363588,1613346.063300000503659],[980027.54079999960959,1613329.346200000494719]]]]}},
{"type":"Feature","properties":{"รหัสกลุ่มคิว":"23/001","รหัสรับเหมา":"738889","ชื่อ-สกุล รับเหมา":"รถตัดโรงงานเบอร์ 09","นักเกษตร":"2304","ศูนย์":"K2-23","โควตา":"726978","ชาวไร่":"นาย สุนทร เยียวรัมย์","ประเภทอ้อย":"ตอ4","พื้นที่":13.4,"ตันรวม":93.8,"รหัสแปลง":"320507081521","กลุ่ม":"กลุ่ม_23"},"geometry":{"type":"MultiPolygon","coordinates":[[[[979417.019299999810755,1613169.144899999722838],[979420.57079999987036,1613198.587899999693036],[979383.379700000397861,1613203.140799999237061],[979375.541199999861419,1613294.195900000631809],[979576.316200000233948,1613260.276200000196695],[979562.660000000149012,1613142.602299999445677],[979417.019299999810755,1613169.144899999722838]]]]}},
{"type":"Feature","properties":{"รหัสกลุ่มคิว":"23/001","รหัสรับเหมา":"738889","ชื่อ-สกุล รับเหมา":"รถตัดโรงงานเบอร์ 09","นักเกษตร":"2304","ศูนย์":"K2-23","โควตา":"726334","ชาวไร่":"นาย มานพ สมชื่อ","ประเภทอ้อย":"ตอ1","พื้นที่":6.0,"ตันรวม":54.0,"รหัสแปลง":"320507081527","กลุ่ม":"กลุ่ม_23"},"geometry":{"type":"MultiPolygon","coordinates":[[[[979408.465099999681115,1613029.819700000807643],[979495.477400000207126,1613021.227900000289083],[979573.612800000235438,1613011.144999999552965],[979572.849999999627471,1612997.315300000831485],[979565.141699999570847,1612997.179099999368191],[979564.576000000350177,1612985.537499999627471],[979606.403599999845028,1612977.097100000828505],[979607.429399999789894,1613004.176699999719858],[979714.581799999810755,1612984.3586],[979695.305700000375509,1612941.991399999707937],[979671.182699999772012,1612950.901799999177456],[979626.799200000241399,1612964.611500000581145],[979550.661299999803305,1612980.123700000345707],[979409.940299999900162,1612997.944499999284744],[979408.465099999681115,1613029.819700000807643]]]]}},
{"type":"Feature","properties":{"รหัสกลุ่มคิว":"23/001","รหัสรับเหมา":"738889","ชื่อ-สกุล รับเหมา":"รถตัดโรงงานเบอร์ 09","นักเกษตร":"2304","ศูนย์":"K2-23","โควตา":"726333","ชาวไร่":"นาย คำแสน ศรีพรม","ประเภทอ้อย":"ตอ1","พื้นที่":5.43,"ตันรวม":48.87,"รหัสแปลง":"320507081548","กลุ่ม":"กลุ่ม_23"},"geometry":{"type":"MultiPolygon","coordinates":[[[[980651.6398,1613553.009500000625849],[980587.409599999897182,1613540.449100000783801],[980577.086500000208616,1613626.362999999895692],[980622.16370000038296,1613626.046700000762939],[980617.711199999786913,1613675.386099999770522],[980636.168499999679625,1613676.497400000691414],[980651.6398,1613553.009500000625849]]]]}},
{"type":"Feature","properties":{"รหัสกลุ่มคิว":"23/001","รหัสรับเหมา":"738889","ชื่อ-สกุล รับเหมา":"รถตัดโรงงานเบอร์ 09","นักเกษตร":"2304","ศูนย์":"K2-23","โควตา":"726978","ชาวไร่":"นาย สุนทร เยียวรัมย์","ประเภทอ้อย":"ตอ1","พื้นที่":4.58,"ตันรวม":41.22,"รหัสแปลง":"320507081550","กลุ่ม":"กลุ่ม_23"},"geometry":{"type":"MultiPolygon","coordinates":[[[[979395.466000000014901,1613117.055500000715256],[979387.209599999710917,1613172.752599999308586],[979540.913499999791384,1613145.208100000396371],[979536.14049999974668,1613100.915699999779463],[979395.466000000014901,1613117.055500000715256]]]]}},
{"type":"Feature","properties":{"รหัสกลุ่มคิว":"23/001","รหัสรับเหมา":"738889","ชื่อ-สกุล รับเหมา":"รถตัดโรงงานเบอร์ 09","นักเกษตร":"2304","ศูนย์":"K2-23","โควตา":"727044","ชาวไร่":"นาย วราวุฒิ บุญเลื่อน","ประเภทอ้อย":"ปลายฝน","พื้นที่":5.64,"ตันรวม":73.32,"รหัสแปลง":"320507081562","กลุ่ม":"กลุ่ม_23"},"geometry":{"type":"MultiPolygon","coordinates":[[[[978788.362200000323355,1613672.550899999216199],[978789.643799999728799,1613708.369100000709295],[978761.702399999834597,1613707.592000000178814],[978758.554999999701977,1613739.144899999722838],[978924.67960000038147,1613731.422499999403954],[978899.251600000075996,1613665.488700000569224],[978788.362200000323355,1613672.550899999216199]]]]}},
{"type":"Feature","properties":{"รหัสกลุ่มคิว":"23/001","รหัสรับเหมา":"738889","ชื่อ-สกุล รับเหมา":"รถตัดโรงงานเบอร์ 09","นักเกษตร":"2304","ศูนย์":"K2-23","โควตา":"727232","ชาวไร่":"นาย ไพศาล แกล้วกล้า","ประเภทอ้อย":"ปลายฝน","พื้นที่":7.61,"ตันรวม":98.93,"รหัสแปลง":"320507081563","กลุ่ม":"กลุ่ม_23"},"geometry":{"type":"MultiPolygon","coordinates":[[[[980691.051300000399351,1613936.945299999788404],[980693.138299999758601,1613901.525000000372529],[980674.281000000424683,1613898.6316],[980675.751699999906123,1613879.602399999275804],[980657.667799999937415,1613876.174000000581145],[980657.743200000375509,1613856.1667],[980493.8443,1613839.497999999672174],[980486.476400000043213,1613894.369899999350309],[980528.575500000268221,1613900.719200000166893],[980691.051300000399351,1613936.945299999788404]]]]}},
{"type":"Feature","properties":{"รหัสกลุ่มคิว":"23/001","รหัสรับเหมา":"738889","ชื่อ-สกุล รับเหมา":"รถตัดโรงงานเบอร์ 09","นักเกษตร":"2304","ศูนย์":"K2-23","โควตา":"726978","ชาวไร่":"นาย สุนทร เยียวรัมย์","ประเภทอ้อย":"ตอ3","พื้นที่":6.3,"ตันรวม":44.1,"รหัสแปลง":"320507081576","กลุ่ม":"กลุ่ม_23"},"geometry":{"type":"MultiPolygon","coordinates":[[[[979383.338100000284612,1613175.400499999523163],[979256.7204,1613198.225299999117851],[979259.105999999679625,1613212.132200000807643],[979246.614900000393391,1613214.44649999961257],[979252.77379999961704,1613272.278899999335408],[979373.635099999606609,1613262.114800000563264],[979383.338100000284612,1613175.400499999523163]]]]}},
{"type":"Feature","properties":{"รหัสกลุ่มคิว":"23/001","รหัสรับเหมา":"738889","ชื่อ-สกุล รับเหมา":"รถตัดโรงงานเบอร์ 09","นักเกษตร":"2304","ศูนย์":"K2-23","โควตา":"726978","ชาวไร่":"นาย สุนทร เยียวรัมย์","ประเภทอ้อย":"ตอ3","พื้นที่":2.78,"ตันรวม":19.46,"รหัสแปลง":"320507081599","กลุ่ม":"กลุ่ม_23"},"geometry":{"type":"MultiPolygon","coordinates":[[[[979373.028500000014901,1613262.798499999567866],[979261.774299999698997,1613275.405500000342727],[979263.011699999682605,1613324.36460000090301],[979358.370000000111759,1613299.841],[979367.769299999810755,1613291.291799999773502],[979370.673999999649823,1613284.814400000497699],[979373.028500000014901,1613262.798499999567866]]]]}},
{"type":"Feature","properties":{"รหัสกลุ่มคิว":"23/001","รหัสรับเหมา":"738889","ชื่อ-สกุล รับเหมา":"รถตัดโรงงานเบอร์ 09","นักเกษตร":"2304","ศูนย์":"K2-23","โควตา":"727457","ชาวไร่":"นาง จันดี ธรรมบุตร","ประเภทอ้อย":"ตอ1","พื้นที่":3.75,"ตันรวม":33.75,"รหัสแปลง":"320507081603","กลุ่ม":"กลุ่ม_23"},"geometry":{"type":"MultiPolygon","coordinates":[[[[979735.271200000308454,1612816.412599999457598],[979771.482099999673665,1612808.150000000372529],[979720.72580000013113,1612655.093100000172853],[979684.077899999916553,1612662.9868],[979735.271200000308454,1612816.412599999457598]]]]}},
{"type":"Feature","properties":{"รหัสกลุ่มคิว":"23/002","รหัสรับเหมา":"722399","ชื่อ-สกุล รับเหมา":"นาง มะลิ งามเลิศ","นักเกษตร":"2302","ศูนย์":"K2-23","โควตา":"722119","ชาวไร่":"นาย อนันต์ ยอดอ่อน","ประเภทอ้อย":"ตอ3","พื้นที่":16.33,"ตันรวม":114.31,"รหัสแปลง":"320507090033","กลุ่ม":"กลุ่ม_23"},"geometry":{"type":"MultiPolygon","coordinates":[[[[983104.457399999722838,1609695.716],[983099.266200000420213,1609684.889699999243021],[983096.921099999919534,1609666.723300000652671],[983146.947700000368059,1609650.879899999126792],[983146.027099999599159,1609642.726099999621511],[983228.5625,1609622.528999999165535],[983207.400600000284612,1609562.7599],[983161.796799999661744,1609573.513000000268221],[983132.287299999967217,1609581.06900000013411],[983105.806300000287592,1609590.3487],[983074.831000000238419,1609599.170399999246001],[983044.18680000025779,1609609.477800000458956],[983032.135999999940395,1609617.746600000187755],[982977.196999999694526,1609636.082499999552965],[982896.57149999961257,1609650.770899999886751],[982905.963499999605119,1609722.8816],[982942.133399999700487,1609724.701199999079108],[983023.906700000166893,1609715.7675],[983104.457399999722838,1609695.716]]]]}},
{"type":"Feature","properties":{"รหัสกลุ่มคิว":"23/001","รหัสรับเหมา":"738889","ชื่อ-สกุล รับเหมา":"รถตัดโรงงานเบอร์ 09","นักเกษตร":"2304","ศูนย์":"K2-23","โควตา":"726292","ชาวไร่":"นาย จืม วงค์ดินดำ","ประเภทอ้อย":"ตอ4","พื้นที่":4.39,"ตันรวม":30.73,"รหัสแปลง":"320507091547","กลุ่ม":"กลุ่ม_23"},"geometry":{"type":"MultiPolygon","coordinates":[[[[982796.630499999970198,1606405.806500000879169],[982812.565499999560416,1606459.349700000137091],[982850.348600000143051,1606453.736700000241399],[982854.57079999987036,1606457.0778],[982891.286299999803305,1606456.2873],[982933.903300000354648,1606446.893799999728799],[982940.43099999986589,1606431.362800000235438],[982925.729600000195205,1606415.099899999797344],[982914.734000000171363,1606394.363500000908971],[982796.630499999970198,1606405.806500000879169]]]]}},
{"type":"Feature","properties":{"รหัสกลุ่มคิว":"23/001","รหัสรับเหมา":"738889","ชื่อ-สกุล รับเหมา":"รถตัดโรงงานเบอร์ 09","นักเกษตร":"2304","ศูนย์":"K2-23","โควตา":"726292","ชาวไร่":"นาย จืม วงค์ดินดำ","ประเภทอ้อย":"ตอ4","พื้นที่":3.06,"ตันรวม":21.42,"รหัสแปลง":"320507091553","กลุ่ม":"กลุ่ม_23"},"geometry":{"type":"MultiPolygon","coordinates":[[[[982813.245400000363588,1606460.181600000709295],[982804.029000000096858,1606403.590299999341369],[982713.904199999757111,1606433.112500000745058],[982735.047199999913573,1606483.314200000837445],[982813.245400000363588,1606460.181600000709295]]]]}},
{"type":"Feature","properties":{"รหัสกลุ่มคิว":"23/001","รหัสรับเหมา":"738889","ชื่อ-สกุล รับเหมา":"รถตัดโรงงานเบอร์ 09","นักเกษตร":"2304","ศูนย์":"K2-23","โควตา":"710769","ชาวไร่":"นาย หวด เปรียบยอดยิ่ง","ประเภทอ้อย":"ตอ2","พื้นที่":8.88,"ตันรวม":71.04,"รหัสแปลง":"320507120074","กลุ่ม":"กลุ่ม_23"},"geometry":{"type":"MultiPolygon","coordinates":[[[[981384.834800000302494,1610489.348799999803305],[981364.276100000366569,1610290.704900000244379],[981295.378100000321865,1610294.685699999332428],[981312.916500000283122,1610496.765900000929832],[981384.834800000302494,1610489.348799999803305]]]]}},
{"type":"Feature","properties":{"รหัสกลุ่มคิว":"23/001","รหัสรับเหมา":"738889","ชื่อ-สกุล รับเหมา":"รถตัดโรงงานเบอร์ 09","นักเกษตร":"2304","ศูนย์":"K2-23","โควตา":"710844","ชาวไร่":"นาง หนูจี ธรรมดา","ประเภทอ้อย":"ตอ1","พื้นที่":3.26,"ตันรวม":29.34,"รหัสแปลง":"320507121506","กลุ่ม":"กลุ่ม_23"},"geometry":{"type":"MultiPolygon","coordinates":[[[[981300.495099999941885,1610051.919800000265241],[981275.486499999649823,1610057.194700000807643],[981289.541699999943376,1610256.397600000724196],[981315.992700000293553,1610254.496899999678135],[981300.495099999941885,1610051.919800000265241]]]]}},
{"type":"Feature","properties":{"รหัสกลุ่มคิว":"23/001","รหัสรับเหมา":"738889","ชื่อ-สกุล รับเหมา":"รถตัดโรงงานเบอร์ 09","นักเกษตร":"2304","ศูนย์":"K2-23","โควตา":"726776","ชาวไร่":"นางสาว จีราภรณ์ ยืนยง","ประเภทอ้อย":"ตอ1","พื้นที่":6.7,"ตันรวม":60.3,"รหัสแปลง":"320601021524","กลุ่ม":"กลุ่ม_23"},"geometry":{"type":"MultiPolygon","coordinates":[[[[992954.178199999965727,1608588.904100000858307],[992951.677699999883771,1608623.804700000211596],[992950.637699999846518,1608648.748700000345707],[992955.311300000175834,1608658.273499999195337],[992970.870199999772012,1608673.009099999442697],[992986.372399999760091,1608699.5789],[993007.684299999848008,1608705.9233],[993014.030500000342727,1608712.8926],[993023.431300000287592,1608666.295],[993078.995900000445545,1608653.538599999621511],[993070.490299999713898,1608610.465700000524521],[993059.688699999824166,1608610.064400000497699],[993061.785799999721348,1608595.312400000169873],[993023.196399999782443,1608588.067199999466538],[992993.097000000067055,1608579.697499999776483],[992977.995500000193715,1608578.100600000470877],[992968.662999999709427,1608585.310699999332428],[992954.178199999965727,1608588.904100000858307]]]]}},
{"type":"Feature","properties":{"รหัสกลุ่มคิว":"23/002","รหัสรับเหมา":"722399","ชื่อ-สกุล รับเหมา":"นาง มะลิ งามเลิศ","นักเกษตร":"2302","ศูนย์":"K2-23","โควตา":"722399","ชาวไร่":"นาง มะลิ งามเลิศ","ประเภทอ้อย":"ตอ1","พื้นที่":15.8,"ตันรวม":142.2,"รหัสแปลง":"320601070013","กลุ่ม":"กลุ่ม_23"},"geometry":{"type":"MultiPolygon","coordinates":[[[[990308.094399999827147,1607067.421599999070168],[990389.97620000038296,1607076.160800000652671],[990435.085199999623001,1607079.243200000375509],[990435.2652000002563,1606970.800000000745058],[990437.706100000068545,1606872.487299999222159],[990335.175300000235438,1606857.556900000199676],[990315.950799999758601,1606907.488299999386072],[990313.879900000058115,1606946.808000000193715],[990313.368300000205636,1607001.586300000548363],[990308.094399999827147,1607067.421599999070168]]]]}},
{"type":"Feature","properties":{"รหัสกลุ่มคิว":"23/003","รหัสรับเหมา":"722635","ชื่อ-สกุล รับเหมา":"นาย พิชิต มณีศรี","นักเกษตร":"2303","ศูนย์":"K2-23","โควตา":"722048","ชาวไร่":"นาย วีระ ยอทอง","ประเภทอ้อย":"ตอ1","พื้นที่":9.34,"ตันรวม":84.06,"รหัสแปลง":"320601070015","กลุ่ม":"กลุ่ม_23"},"geometry":{"type":"MultiPolygon","coordinates":[[[[991233.678600000217557,1606763.584000000730157],[991303.681599999777973,1606556.864299999549985],[991233.087600000202656,1606543.021800000220537],[991175.365500000305474,1606730.162499999627471],[991173.521999999880791,1606754.316600000485778],[991233.678600000217557,1606763.584000000730157]]]]}},
{"type":"Feature","properties":{"รหัสกลุ่มคิว":"23/003","รหัสรับเหมา":"722635","ชื่อ-สกุล รับเหมา":"นาย พิชิต มณีศรี","นักเกษตร":"2303","ศูนย์":"K2-23","โควตา":"726064","ชาวไร่":"นาย เช้า ใจงาม","ประเภทอ้อย":"ปลายฝน","พื้นที่":6.39,"ตันรวม":83.07,"รหัสแปลง":"320601070018","กลุ่ม":"กลุ่ม_23"},"geometry":{"type":"MultiPolygon","coordinates":[[[[991881.943500000052154,1606485.55599999986589],[991878.320600000210106,1606424.512900000438094],[991699.528599999845028,1606444.028599999845028],[991733.00719999987632,1606503.530200000852346],[991881.943500000052154,1606485.55599999986589]]]]}},
{"type":"Feature","properties":{"รหัสกลุ่มคิว":"23/003","รหัสรับเหมา":"722635","ชื่อ-สกุล รับเหมา":"นาย พิชิต มณีศรี","นักเกษตร":"2303","ศูนย์":"K2-23","โควตา":"722048","ชาวไร่":"นาย วีระ ยอทอง","ประเภทอ้อย":"ปลายฝน","พื้นที่":7.55,"ตันรวม":98.15,"รหัสแปลง":"320601070033","กลุ่ม":"กลุ่ม_23"},"geometry":{"type":"MultiPolygon","coordinates":[[[[991905.676099999807775,1606708.359999999403954],[991778.949599999934435,1606715.681399999186397],[991786.131099999882281,1606811.425000000745058],[991903.370699999853969,1606807.0456000007689],[991909.408400000073016,1606734.0154],[991905.676099999807775,1606708.359999999403954]]]]}},
{"type":"Feature","properties":{"รหัสกลุ่มคิว":"23/002","รหัสรับเหมา":"722399","ชื่อ-สกุล รับเหมา":"นาง มะลิ งามเลิศ","นักเกษตร":"2302","ศูนย์":"K2-23","โควตา":"727474","ชาวไร่":"นางสาว สำเนียง สาแก้ว","ประเภทอ้อย":"ปลายฝน","พื้นที่":8.1,"ตันรวม":105.3,"รหัสแปลง":"320601070073","กลุ่ม":"กลุ่ม_23"},"geometry":{"type":"MultiPolygon","coordinates":[[[[992252.885200000368059,1607305.561899999156594],[992404.019199999980628,1607306.917700000107288],[992400.57050000037998,1607209.024599999189377],[992270.929399999789894,1607214.015900000929832],[992260.654799999669194,1607232.302899999544024],[992259.169700000435114,1607234.4923],[992257.497100000269711,1607237.047800000756979],[992255.115199999883771,1607239.034399999305606],[992252.740699999965727,1607240.651200000196695],[992248.186599999666214,1607243.14919999986887],[992252.259499999694526,1607297.25029999949038],[992263.311300000175834,1607293.0186],[992266.367200000211596,1607262.004699999466538],[992278.058699999935925,1607262.977900000289083],[992278.51410000026226,1607267.240299999713898],[992281.29590000025928,1607272.288799999281764],[992284.133100000210106,1607274.564500000327826],[992287.922500000335276,1607274.270400000736117],[992321.277300000190735,1607273.087600000202656],[992317.140700000338256,1607290.757500000298023],[992278.280500000342727,1607287.946900000795722],[992263.394399999640882,1607293.566999999806285],[992252.287399999797344,1607297.6206],[992252.885200000368059,1607305.561899999156594]]]]}},
{"type":"Feature","properties":{"รหัสกลุ่มคิว":"23/002","รหัสรับเหมา":"722399","ชื่อ-สกุล รับเหมา":"นาง มะลิ งามเลิศ","นักเกษตร":"2302","ศูนย์":"K2-23","โควตา":"727024","ชาวไร่":"นาย สมพร มั่นยืน","ประเภทอ้อย":"ปลายฝน","พื้นที่":10.49,"ตันรวม":136.37,"รหัสแปลง":"320601070086","กลุ่ม":"กลุ่ม_23"},"geometry":{"type":"MultiPolygon","coordinates":[[[[990987.932599999941885,1607667.357799999415874],[990878.254099999554455,1607656.295700000599027],[990877.740699999965727,1607790.536800000816584],[990877.849499999545515,1607821.235600000247359],[990938.068900000303984,1607827.9835],[990953.511900000274181,1607839.571399999782443],[990971.649799999780953,1607833.460799999535084],[990974.719600000418723,1607831.119699999690056],[990968.470900000073016,1607830.253799999132752],[990965.905899999663234,1607823.360600000247359],[990959.657999999821186,1607820.462300000712276],[990964.540699999779463,1607783.390799999237061],[990979.906299999915063,1607789.721599999815226],[990987.932599999941885,1607667.357799999415874]]]]}},
{"type":"Feature","properties":{"รหัสกลุ่มคิว":"23/002","รหัสรับเหมา":"722399","ชื่อ-สกุล รับเหมา":"นาง มะลิ งามเลิศ","นักเกษตร":"2302","ศูนย์":"K2-23","โควตา":"722399","ชาวไร่":"นาง มะลิ งามเลิศ","ประเภทอ้อย":"ตอ1","พื้นที่":14.06,"ตันรวม":126.54,"รหัสแปลง":"320601070106","กลุ่ม":"กลุ่ม_23"},"geometry":{"type":"MultiPolygon","coordinates":[[[[991452.064199999906123,1605044.528100000694394],[991452.091799999587238,1604918.297399999573827],[991345.006199999712408,1604934.398700000718236],[991346.267799999564886,1604956.6053],[991207.745799999684095,1604951.565099999308586],[991222.974000000394881,1605024.229900000616908],[991229.554100000299513,1605030.281300000846386],[991452.064199999906123,1605044.528100000694394]]]]}},
{"type":"Feature","properties":{"รหัสกลุ่มคิว":"23/002","รหัสรับเหมา":"722399","ชื่อ-สกุล รับเหมา":"นาง มะลิ งามเลิศ","นักเกษตร":"2302","ศูนย์":"K2-23","โควตา":"722974","ชาวไร่":"นาง สมพงษ์ หดราช","ประเภทอ้อย":"ปลายฝน","พื้นที่":2.65,"ตันรวม":34.45,"รหัสแปลง":"320601070140","กลุ่ม":"กลุ่ม_23"},"geometry":{"type":"MultiPolygon","coordinates":[[[[990571.736499999649823,1607026.089099999517202],[990572.28110000025481,1606998.73200000077486],[990445.597900000400841,1606972.910700000822544],[990436.681300000287592,1606977.356200000271201],[990436.993200000375509,1607006.949300000444055],[990571.736499999649823,1607026.089099999517202]]]]}},
{"type":"Feature","properties":{"รหัสกลุ่มคิว":"23/002","รหัสรับเหมา":"722399","ชื่อ-สกุล รับเหมา":"นาง มะลิ งามเลิศ","นักเกษตร":"2302","ศูนย์":"K2-23","โควตา":"726719","ชาวไร่":"นาง หนูไกล จันทร์นวล","ประเภทอ้อย":"ปลายฝน","พื้นที่":4.82,"ตันรวม":62.66,"รหัสแปลง":"320601070213","กลุ่ม":"กลุ่ม_23"},"geometry":{"type":"MultiPolygon","coordinates":[[[[990113.285600000061095,1607221.855000000447035],[990104.229000000283122,1607278.6294],[990102.699900000356138,1607301.158900000154972],[990103.070700000040233,1607336.8553],[990106.543700000271201,1607361.518400000408292],[990158.906200000084937,1607355.7182],[990171.995400000363588,1607241.144799999892712],[990113.285600000061095,1607221.855000000447035]]]]}},
{"type":"Feature","properties":{"รหัสกลุ่มคิว":"23/002","รหัสรับเหมา":"722399","ชื่อ-สกุล รับเหมา":"นาง มะลิ งามเลิศ","นักเกษตร":"2302","ศูนย์":"K2-23","โควตา":"722974","ชาวไร่":"นาง สมพงษ์ หดราช","ประเภทอ้อย":"ปลายฝน","พื้นที่":5.69,"ตันรวม":73.97,"รหัสแปลง":"320601070228","กลุ่ม":"กลุ่ม_23"},"geometry":{"type":"MultiPolygon","coordinates":[[[[990558.718700000084937,1607155.087999999523163],[990527.340599999763072,1607210.863399999216199],[990523.892599999904633,1607230.211200000718236],[990536.410799999721348,1607234.898399999365211],[990540.514700000174344,1607291.195299999788404],[990612.934500000439584,1607273.405799999833107],[990613.111999999731779,1607237.350199999287724],[990617.013299999758601,1607177.144400000572205],[990558.718700000084937,1607155.087999999523163]]]]}},
{"type":"Feature","properties":{"รหัสกลุ่มคิว":"23/002","รหัสรับเหมา":"722399","ชื่อ-สกุล รับเหมา":"นาง มะลิ งามเลิศ","นักเกษตร":"2302","ศูนย์":"K2-23","โควตา":"722681","ชาวไร่":"นาง สวรรณ มะลิซ้อน","ประเภทอ้อย":"ตอ1","พื้นที่":4.34,"ตันรวม":39.06,"รหัสแปลง":"320601070236","กลุ่ม":"กลุ่ม_23"},"geometry":{"type":"MultiPolygon","coordinates":[[[[992196.454400000162423,1607045.913100000470877],[992218.709800000302494,1607122.3607],[992301.036399999633431,1607122.895899999886751],[992298.739000000059605,1607048.511099999770522],[992196.454400000162423,1607045.913100000470877]]]]}},
{"type":"Feature","properties":{"รหัสกลุ่มคิว":"23/003","รหัสรับเหมา":"722635","ชื่อ-สกุล รับเหมา":"นาย พิชิต มณีศรี","นักเกษตร":"2303","ศูนย์":"K2-23","โควตา":"726064","ชาวไร่":"นาย เช้า ใจงาม","ประเภทอ้อย":"ตอ1","พื้นที่":6.93,"ตันรวม":62.37,"รหัสแปลง":"320601070250","กลุ่ม":"กลุ่ม_23"},"geometry":{"type":"MultiPolygon","coordinates":[[[[991885.724799999967217,1606545.204700000584126],[991757.258600000292063,1606561.298100000247359],[991772.199599999934435,1606645.488199999555945],[991902.437800000421703,1606628.4726],[991885.724799999967217,1606545.204700000584126]]]]}},
{"type":"Feature","properties":{"รหัสกลุ่มคิว":"23/002","รหัสรับเหมา":"722399","ชื่อ-สกุล รับเหมา":"นาง มะลิ งามเลิศ","นักเกษตร":"2302","ศูนย์":"K2-23","โควตา":"727024","ชาวไร่":"นาย สมพร มั่นยืน","ประเภทอ้อย":"ปลายฝน","พื้นที่":19.71,"ตันรวม":256.23,"รหัสแปลง":"320601070255","กลุ่ม":"กลุ่ม_23"},"geometry":{"type":"MultiPolygon","coordinates":[[[[990451.583100000396371,1605413.061499999836087],[990550.251799999736249,1605416.502800000831485],[990553.302600000053644,1605417.118200000375509],[990558.632299999706447,1605239.7029],[990563.083399999886751,1605106.465399999171495],[990457.536299999803305,1605113.612999999895692],[990451.583100000396371,1605413.061499999836087]]]]}},
{"type":"Feature","properties":{"รหัสกลุ่มคิว":"23/002","รหัสรับเหมา":"722399","ชื่อ-สกุล รับเหมา":"นาง มะลิ งามเลิศ","นักเกษตร":"2302","ศูนย์":"K2-23","โควตา":"726980","ชาวไร่":"นางสาว ลัดดาวัลย์ เชื้อบัณดิษย์","ประเภทอ้อย":"ปลายฝน","พื้นที่":4.69,"ตันรวม":60.97,"รหัสแปลง":"320601070260","กลุ่ม":"กลุ่ม_23"},"geometry":{"type":"MultiPolygon","coordinates":[[[[990326.834099999628961,1605778.937400000169873],[990306.423000000417233,1605645.575799999758601],[990256.096900000236928,1605648.458699999377131],[990260.989900000393391,1605773.929999999701977],[990326.834099999628961,1605778.937400000169873]]]]}},
{"type":"Feature","properties":{"รหัสกลุ่มคิว":"23/002","รหัสรับเหมา":"722399","ชื่อ-สกุล รับเหมา":"นาง มะลิ งามเลิศ","นักเกษตร":"2302","ศูนย์":"K2-23","โควตา":"726980","ชาวไร่":"นางสาว ลัดดาวัลย์ เชื้อบัณดิษย์","ประเภทอ้อย":"ปลายฝน","พื้นที่":3.81,"ตันรวม":49.53,"รหัสแปลง":"320601070267","กลุ่ม":"กลุ่ม_23"},"geometry":{"type":"MultiPolygon","coordinates":[[[[990245.003999999724329,1605653.60080000013113],[990227.727900000289083,1605561.90819999948144],[990164.099799999967217,1605572.293500000610948],[990161.920599999837577,1605609.418500000610948],[990161.568099999800324,1605645.285499999299645],[990245.003999999724329,1605653.60080000013113]]]]}},
{"type":"Feature","properties":{"รหัสกลุ่มคิว":"23/002","รหัสรับเหมา":"722399","ชื่อ-สกุล รับเหมา":"นาง มะลิ งามเลิศ","นักเกษตร":"2302","ศูนย์":"K2-23","โควตา":"722028","ชาวไร่":"นาย สมบูรณ์ แห้วไธสง","ประเภทอ้อย":"ตอ1","พื้นที่":7.23,"ตันรวม":65.07,"รหัสแปลง":"320601070293","กลุ่ม":"กลุ่ม_23"},"geometry":{"type":"MultiPolygon","coordinates":[[[[990510.068199999630451,1605780.250199999660254],[990518.663900000043213,1605779.07039999961853],[990530.245199999772012,1605782.418999999761581],[990594.163499999791384,1605784.906899999827147],[990603.222699999809265,1605787.144099999219179],[990622.632100000046194,1605818.245400000363588],[990661.747999999672174,1605786.972300000488758],[990662.69649999961257,1605717.8301],[990519.788499999791384,1605707.454600000753999],[990510.068199999630451,1605780.250199999660254]]]]}},
{"type":"Feature","properties":{"รหัสกลุ่มคิว":"23/003","รหัสรับเหมา":"722635","ชื่อ-สกุล รับเหมา":"นาย พิชิต มณีศรี","นักเกษตร":"2303","ศูนย์":"K2-23","โควตา":"727481","ชาวไร่":"นาย นิคม ชายเตียบ","ประเภทอ้อย":"ปลายฝน","พื้นที่":11.42,"ตันรวม":148.46,"รหัสแปลง":"320601070316","กลุ่ม":"กลุ่ม_23"},"geometry":{"type":"MultiPolygon","coordinates":[[[[991453.567200000397861,1606605.768699999898672],[991450.198099999688566,1606648.233200000599027],[991585.886599999852479,1606647.240599999204278],[991586.129399999976158,1606644.101800000295043],[991561.525299999862909,1606585.91579999960959],[991558.637400000356138,1606568.105900000780821],[991547.478500000201166,1606567.513499999418855],[991526.317900000140071,1606580.590700000524521],[991515.540900000371039,1606587.957599999383092],[991460.403599999845028,1606606.274800000712276],[991456.459800000302494,1606605.271600000560284],[991519.212899999693036,1606584.517300000414252],[991526.189399999566376,1606577.999299999326468],[991507.424200000241399,1606543.229900000616908],[991498.339599999599159,1606519.933700000867248],[991494.157700000330806,1606503.762199999764562],[991475.293399999849498,1606464.92259999923408],[991440.429399999789894,1606496.588600000366569],[991377.84250000026077,1606572.267799999564886],[991388.339399999938905,1606578.949200000613928],[991453.567200000397861,1606605.768699999898672]]]]}},
{"type":"Feature","properties":{"รหัสกลุ่มคิว":"23/003","รหัสรับเหมา":"722635","ชื่อ-สกุล รับเหมา":"นาย พิชิต มณีศรี","นักเกษตร":"2303","ศูนย์":"K2-23","โควตา":"722931","ชาวไร่":"นาย นวล ภาคพรม","ประเภทอ้อย":"ปลายฝน","พื้นที่":5.18,"ตันรวม":67.34,"รหัสแปลง":"320601071526","กลุ่ม":"กลุ่ม_23"},"geometry":{"type":"MultiPolygon","coordinates":[[[[990594.980399999767542,1604981.999800000339746],[990627.276600000448525,1605004.841],[990624.183699999935925,1604972.949500000104308],[990632.689600000157952,1604953.883199999108911],[990576.493800000287592,1604894.412900000810623],[990507.522599999792874,1604815.346799999475479],[990481.222900000400841,1604842.440199999138713],[990594.980399999767542,1604981.999800000339746]]]]}},
{"type":"Feature","properties":{"รหัสกลุ่มคิว":"23/003","รหัสรับเหมา":"722635","ชื่อ-สกุล รับเหมา":"นาย พิชิต มณีศรี","นักเกษตร":"2303","ศูนย์":"K2-23","โควตา":"727175","ชาวไร่":"นางสาว ภารดี อินทร์งาม","ประเภทอ้อย":"ปลายฝน","พื้นที่":5.18,"ตันรวม":67.34,"รหัสแปลง":"320601071531","กลุ่ม":"กลุ่ม_23"},"geometry":{"type":"MultiPolygon","coordinates":[[[[991574.306099999696016,1606929.753599999472499],[991574.49349999986589,1606929.387499999254942],[991575.078099999576807,1606927.180099999532104],[991574.589399999938905,1606924.581399999558926],[991574.427699999883771,1606923.653599999845028],[991574.08600000012666,1606922.722200000658631],[991573.380300000309944,1606921.968399999663234],[991572.858500000089407,1606921.033399999141693],[991572.340300000272691,1606919.913599999621511],[991572.002199999988079,1606918.7972999997437],[991571.120199999772012,1606917.855100000277162],[991567.08600000012666,1606894.28969999961555],[991567.306699999608099,1606892.2599],[991566.902800000272691,1606885.409800000488758],[991566.744800000451505,1606884.2971],[991566.583200000226498,1606883.369300000369549],[991566.241399999707937,1606882.437899999320507],[991565.888600000180304,1606882.061000000685453],[991564.988099999725819,1606882.043099999427795],[991564.083899999968708,1606882.209899999201298],[991563.3597999997437,1606882.380400000140071],[991562.632100000046194,1606882.7357],[991561.911700000055134,1606882.721400000154972],[991561.367700000293553,1606882.895400000736117],[991513.82880000025034,1606890.638499999418855],[991513.637600000016391,1606891.189500000327826],[991385.156600000336766,1606919.324100000783801],[991377.216099999845028,1606947.0888],[991379.358300000429153,1606957.117200000211596],[991574.306099999696016,1606929.753599999472499]]]]}},
{"type":"Feature","properties":{"รหัสกลุ่มคิว":"23/001","รหัสรับเหมา":"738889","ชื่อ-สกุล รับเหมา":"รถตัดโรงงานเบอร์ 09","นักเกษตร":"2304","ศูนย์":"K2-23","โควตา":"722723","ชาวไร่":"นาย อั้น เรือเสาร์","ประเภทอ้อย":"ตอ2","พื้นที่":7.27,"ตันรวม":58.16,"รหัสแปลง":"320601071545","กลุ่ม":"กลุ่ม_23"},"geometry":{"type":"MultiPolygon","coordinates":[[[[990947.493700000457466,1605934.967299999669194],[990951.370400000363588,1605975.541799999773502],[990952.876799999736249,1605999.426400000229478],[991008.918200000189245,1605999.062899999320507],[991040.403099999763072,1606001.354100000113249],[991043.049200000241399,1606013.241699999198318],[991125.849299999885261,1605999.172499999403954],[991126.081199999898672,1605987.527200000360608],[991114.536199999973178,1605988.221899999305606],[991106.870799999684095,1605929.819499999284744],[991010.621899999678135,1605931.601299999281764],[990947.493700000457466,1605934.967299999669194]]]]}},
{"type":"Feature","properties":{"รหัสกลุ่มคิว":"23/002","รหัสรับเหมา":"722399","ชื่อ-สกุล รับเหมา":"นาง มะลิ งามเลิศ","นักเกษตร":"2302","ศูนย์":"K2-23","โควตา":"722399","ชาวไร่":"นาง มะลิ งามเลิศ","ประเภทอ้อย":"ตอ1","พื้นที่":6.92,"ตันรวม":62.28,"รหัสแปลง":"320601071603","กลุ่ม":"กลุ่ม_23"},"geometry":{"type":"MultiPolygon","coordinates":[[[[989930.985500000417233,1605338.369799999520183],[990014.388199999928474,1605190.325799999758601],[989888.6705,1605217.252000000327826],[989873.117999999783933,1605308.946100000292063],[989930.985500000417233,1605338.369799999520183]]]]}},
{"type":"Feature","properties":{"รหัสกลุ่มคิว":"23/001","รหัสรับเหมา":"738889","ชื่อ-สกุล รับเหมา":"รถตัดโรงงานเบอร์ 09","นักเกษตร":"2304","ศูนย์":"K2-23","โควตา":"726890","ชาวไร่":"นาย อาทิตย์ ขันติวงค์","ประเภทอ้อย":"ตอ1","พื้นที่":4.6,"ตันรวม":41.4,"รหัสแปลง":"320601071608","กลุ่ม":"กลุ่ม_23"},"geometry":{"type":"MultiPolygon","coordinates":[[[[990945.777900000102818,1606974.437100000679493],[990859.295800000429153,1606971.167600000277162],[990863.027599999681115,1607067.266000000759959],[990888.018400000408292,1607066.782700000330806],[990888.202499999664724,1607057.540400000289083],[990902.661600000225008,1607055.23960000090301],[990902.264499999582767,1607066.881799999624491],[990942.247399999760091,1607067.160000000149012],[990938.301500000059605,1607006.568399999290705],[990945.777900000102818,1606974.437100000679493]]]]}},
{"type":"Feature","properties":{"รหัสกลุ่มคิว":"23/002","รหัสรับเหมา":"722399","ชื่อ-สกุล รับเหมา":"นาง มะลิ งามเลิศ","นักเกษตร":"2302","ศูนย์":"K2-23","โควตา":"722399","ชาวไร่":"นาง มะลิ งามเลิศ","ประเภทอ้อย":"ปลายฝน","พื้นที่":15.31,"ตันรวม":199.03,"รหัสแปลง":"320601071616","กลุ่ม":"กลุ่ม_23"},"geometry":{"type":"MultiPolygon","coordinates":[[[[991221.457499999552965,1605262.96680000051856],[991222.68709999974817,1605307.79590000025928],[991221.612499999813735,1605384.994699999690056],[991292.076200000010431,1605362.24379999935627],[991293.143600000068545,1605369.710999999195337],[991464.917500000447035,1605366.7195999994874],[991461.471300000324845,1605268.951999999582767],[991382.489099999889731,1605271.378499999642372],[991221.457499999552965,1605262.96680000051856]]]]}},
{"type":"Feature","properties":{"รหัสกลุ่มคิว":"23/001","รหัสรับเหมา":"738889","ชื่อ-สกุล รับเหมา":"รถตัดโรงงานเบอร์ 09","นักเกษตร":"2304","ศูนย์":"K2-23","โควตา":"726927","ชาวไร่":"นางสาว วิสาลินี ขันติวงค์","ประเภทอ้อย":"ตอ1","พื้นที่":5.58,"ตันรวม":50.22,"รหัสแปลง":"320601071622","กลุ่ม":"กลุ่ม_23"},"geometry":{"type":"MultiPolygon","coordinates":[[[[990581.332299999892712,1606952.970599999651313],[990673.54839999973774,1606958.493899999186397],[990672.166899999603629,1606872.243300000205636],[990559.526999999769032,1606863.17090000025928],[990581.332299999892712,1606952.970599999651313]]]]}},
{"type":"Feature","properties":{"รหัสกลุ่มคิว":"23/002","รหัสรับเหมา":"722399","ชื่อ-สกุล รับเหมา":"นาง มะลิ งามเลิศ","นักเกษตร":"2302","ศูนย์":"K2-23","โควตา":"722253","ชาวไร่":"นาย สำรวย จุไรย์","ประเภทอ้อย":"ตอ4","พื้นที่":6.24,"ตันรวม":43.68,"รหัสแปลง":"320601071629","กลุ่ม":"กลุ่ม_23"},"geometry":{"type":"MultiPolygon","coordinates":[[[[990226.031700000166893,1607404.762599999085069],[990149.43059999961406,1607397.321000000461936],[990141.907200000248849,1607404.198200000450015],[990108.417600000277162,1607412.223099999129772],[990083.230499999597669,1607419.488500000908971],[990081.135499999858439,1607425.179300000891089],[990075.718100000172853,1607425.811200000345707],[990082.638299999758601,1607467.370400000363588],[990145.934600000269711,1607464.376499999314547],[990148.786500000394881,1607474.973600000143051],[990228.04079999960959,1607484.871899999678135],[990226.031700000166893,1607404.762599999085069]]]]}},
{"type":"Feature","properties":{"รหัสกลุ่มคิว":"23/002","รหัสรับเหมา":"722399","ชื่อ-สกุล รับเหมา":"นาง มะลิ งามเลิศ","นักเกษตร":"2302","ศูนย์":"K2-23","โควตา":"726871","ชาวไร่":"นางสาว สุพิศ ภาสดา","ประเภทอ้อย":"ตอ1","พื้นที่":0.88,"ตันรวม":7.92,"รหัสแปลง":"320601071640","กลุ่ม":"กลุ่ม_23"},"geometry":{"type":"MultiPolygon","coordinates":[[[[991531.40500000026077,1605792.1908],[991542.644100000150502,1605734.534700000658631],[991515.293800000101328,1605732.69510000012815],[991508.506199999712408,1605783.967800000682473],[991531.40500000026077,1605792.1908]]]]}},
{"type":"Feature","properties":{"รหัสกลุ่มคิว":"23/002","รหัสรับเหมา":"722399","ชื่อ-สกุล รับเหมา":"นาง มะลิ งามเลิศ","นักเกษตร":"2302","ศูนย์":"K2-23","โควตา":"722399","ชาวไร่":"นาง มะลิ งามเลิศ","ประเภทอ้อย":"ตอ2","พื้นที่":7.83,"ตันรวม":62.64,"รหัสแปลง":"320601071682","กลุ่ม":"กลุ่ม_23"},"geometry":{"type":"MultiPolygon","coordinates":[[[[991948.978099999949336,1607267.6853],[991935.817200000397861,1607168.859200000762939],[991874.713600000366569,1607161.167099999263883],[991894.660099999979138,1607344.267899999395013],[991946.356900000013411,1607362.86769999936223],[991951.934000000357628,1607345.226600000634789],[991975.750099999830127,1607352.544199999421835],[991982.658800000324845,1607322.355000000447035],[991980.626799999736249,1607315.842199999839067],[991966.237599999643862,1607314.630200000479817],[991953.777800000272691,1607316.045700000599027],[991950.505199999548495,1607290.461200000718236],[991956.493400000035763,1607279.300499999895692],[991948.978099999949336,1607267.6853]]]]}},
{"type":"Feature","properties":{"รหัสกลุ่มคิว":"23/002","รหัสรับเหมา":"722399","ชื่อ-สกุล รับเหมา":"นาง มะลิ งามเลิศ","นักเกษตร":"2302","ศูนย์":"K2-23","โควตา":"726980","ชาวไร่":"นางสาว ลัดดาวัลย์ เชื้อบัณดิษย์","ประเภทอ้อย":"ปลายฝน","พื้นที่":3.18,"ตันรวม":41.34,"รหัสแปลง":"320601071692","กลุ่ม":"กลุ่ม_23"},"geometry":{"type":"MultiPolygon","coordinates":[[[[990210.064399999566376,1605716.333000000566244],[990169.978600000031292,1605711.653000000864267],[990165.031700000166893,1605761.112500000745058],[990262.239599999971688,1605774.509600000455976],[990257.093399999663234,1605707.097300000488758],[990210.064399999566376,1605716.333000000566244]]]]}},
{"type":"Feature","properties":{"รหัสกลุ่มคิว":"23/001","รหัสรับเหมา":"738889","ชื่อ-สกุล รับเหมา":"รถตัดโรงงานเบอร์ 09","นักเกษตร":"2304","ศูนย์":"K2-23","โควตา":"726890","ชาวไร่":"นาย อาทิตย์ ขันติวงค์","ประเภทอ้อย":"ตอ1","พื้นที่":5.94,"ตันรวม":53.46,"รหัสแปลง":"320601071703","กลุ่ม":"กลุ่ม_23"},"geometry":{"type":"MultiPolygon","coordinates":[[[[990579.859600000083447,1607023.062699999660254],[990713.879099999554455,1607038.779899999499321],[990713.148900000378489,1606962.423800000920892],[990581.955500000156462,1606956.246600000187755],[990579.859600000083447,1607023.062699999660254]]]]}},
{"type":"Feature","properties":{"รหัสกลุ่มคิว":"23/003","รหัสรับเหมา":"722635","ชื่อ-สกุล รับเหมา":"นาย พิชิต มณีศรี","นักเกษตร":"2303","ศูนย์":"K2-23","โควตา":"722048","ชาวไร่":"นาย วีระ ยอทอง","ประเภทอ้อย":"ตอ1","พื้นที่":4.41,"ตันรวม":39.69,"รหัสแปลง":"320601071712","กลุ่ม":"กลุ่ม_23"},"geometry":{"type":"MultiPolygon","coordinates":[[[[990347.971900000236928,1606052.933000000193715],[990233.798100000247359,1606085.906199999153614],[990239.215400000102818,1606146.409800000488758],[990350.100399999879301,1606115.663599999621511],[990347.971900000236928,1606052.933000000193715]]]]}},
{"type":"Feature","properties":{"รหัสกลุ่มคิว":"23/002","รหัสรับเหมา":"722399","ชื่อ-สกุล รับเหมา":"นาง มะลิ งามเลิศ","นักเกษตร":"2302","ศูนย์":"K2-23","โควตา":"722253","ชาวไร่":"นาย สำรวย จุไรย์","ประเภทอ้อย":"ปลายฝน","พื้นที่":9.76,"ตันรวม":126.88,"รหัสแปลง":"320601071736","กลุ่ม":"กลุ่ม_23"},"geometry":{"type":"MultiPolygon","coordinates":[[[[990875.436700000427663,1607259.497099999338388],[990878.177099999971688,1607301.651100000366569],[990881.847400000318885,1607415.293199999257922],[990889.182199999690056,1607420.0471],[990973.38329999987036,1607403.449100000783801],[990975.445899999700487,1607353.377800000831485],[990986.724399999715388,1607317.605399999767542],[990972.095999999903142,1607249.876299999654293],[990875.436700000427663,1607259.497099999338388]]]]}},
{"type":"Feature","properties":{"รหัสกลุ่มคิว":"23/003","รหัสรับเหมา":"722635","ชื่อ-สกุล รับเหมา":"นาย พิชิต มณีศรี","นักเกษตร":"2303","ศูนย์":"K2-23","โควตา":"720112","ชาวไร่":"นาย ฉัม อรุณรัมย์","ประเภทอ้อย":"ปลายฝน","พื้นที่":11.74,"ตันรวม":152.62,"รหัสแปลง":"320601111518","กลุ่ม":"กลุ่ม_23"},"geometry":{"type":"MultiPolygon","coordinates":[[[[992117.842000000178814,1605599.279200000688434],[992050.153300000354648,1605601.710400000214577],[992020.156299999915063,1605683.160199999809265],[992005.92920000012964,1605748.6305],[992073.476999999955297,1605753.008199999108911],[992072.880199999548495,1605726.457499999552965],[992212.720800000242889,1605722.758300000801682],[992117.842000000178814,1605599.279200000688434]]]]}},
{"type":"Feature","properties":{"รหัสกลุ่มคิว":"23/001","รหัสรับเหมา":"738889","ชื่อ-สกุล รับเหมา":"รถตัดโรงงานเบอร์ 09","นักเกษตร":"2304","ศูนย์":"K2-23","โควตา":"722397","ชาวไร่":"นาย วิรัตน์ โพธินาม","ประเภทอ้อย":"ตอ1","พื้นที่":9.99,"ตันรวม":89.91,"รหัสแปลง":"320601111536","กลุ่ม":"กลุ่ม_23"},"geometry":{"type":"MultiPolygon","coordinates":[[[[991959.03870000038296,1605511.727099999785423],[991951.263600000180304,1605543.324500000104308],[991958.25800000037998,1605554.824500000104308],[991959.43099999986589,1605576.180800000205636],[991952.538099999539554,1605591.517899999395013],[991945.411700000055134,1605603.599500000476837],[991929.867300000041723,1605616.154400000348687],[991923.39780000038445,1605627.449100000783801],[991911.408300000242889,1605656.305099999532104],[992020.752299999818206,1605677.562300000339746],[992043.122100000269711,1605606.29079999960959],[992054.377199999988079,1605572.855499999597669],[992041.206399999558926,1605504.893699999898672],[991959.03870000038296,1605511.727099999785423]]]]}},
{"type":"Feature","properties":{"รหัสกลุ่มคิว":"23/001","รหัสรับเหมา":"738889","ชื่อ-สกุล รับเหมา":"รถตัดโรงงานเบอร์ 09","นักเกษตร":"2304","ศูนย์":"K2-23","โควตา":"727415","ชาวไร่":"นางสาว สินิทรา พิศงาม","ประเภทอ้อย":"ตอ1","พื้นที่":5.55,"ตันรวม":49.95,"รหัสแปลง":"320601151501","กลุ่ม":"กลุ่ม_23"},"geometry":{"type":"MultiPolygon","coordinates":[[[[994673.927799999713898,1610635.796599999070168],[994585.003999999724329,1610489.023399999365211],[994547.901100000366569,1610533.399700000882149],[994542.719200000166893,1610549.199300000444055],[994544.291600000113249,1610551.634999999776483],[994628.715200000442564,1610644.5033],[994638.279400000348687,1610652.647600000724196],[994641.682300000451505,1610653.640699999406934],[994648.716400000266731,1610653.22749999910593],[994653.417000000365078,1610652.397399999201298],[994673.927799999713898,1610635.796599999070168]]]]}},
{"type":"Feature","properties":{"รหัสกลุ่มคิว":"23/001","รหัสรับเหมา":"738889","ชื่อ-สกุล รับเหมา":"รถตัดโรงงานเบอร์ 09","นักเกษตร":"2304","ศูนย์":"K2-23","โควตา":"726303","ชาวไร่":"นาย เฮย สินโสด","ประเภทอ้อย":"ตอ1","พื้นที่":12.2,"ตันรวม":109.8,"รหัสแปลง":"320607061581","กลุ่ม":"กลุ่ม_23"},"geometry":{"type":"MultiPolygon","coordinates":[[[[981954.364400000311434,1608195.6316],[982171.258799999952316,1608204.315700000151992],[982172.649600000120699,1608197.686599999666214],[982178.422600000165403,1608197.244999999180436],[982179.117600000463426,1608161.757999999448657],[982207.428100000135601,1608160.2785],[982203.24309999961406,1608125.620500000193715],[981952.059899999760091,1608110.903100000694394],[981954.364400000311434,1608195.6316]]]]}},
{"type":"Feature","properties":{"รหัสกลุ่มคิว":"23/003","รหัสรับเหมา":"722635","ชื่อ-สกุล รับเหมา":"นาย พิชิต มณีศรี","นักเกษตร":"2303","ศูนย์":"K2-23","โควตา":"722955","ชาวไร่":"นาย วิลัย เกษแก้ว","ประเภทอ้อย":"ปลายฝน","พื้นที่":4.18,"ตันรวม":54.34,"รหัสแปลง":"320606150014","กลุ่ม":"กลุ่ม_23"},"geometry":{"type":"MultiPolygon","coordinates":[[[[985663.689299999736249,1606240.630699999630451],[985667.425400000065565,1606288.625499999150634],[985744.475999999791384,1606292.296900000423193],[985745.21129999961704,1606270.285700000822544],[985773.840900000184774,1606268.889399999752641],[985772.774400000460446,1606288.344699999317527],[985810.72719999961555,1606287.279699999839067],[985810.359000000171363,1606267.019600000232458],[985817.147499999962747,1606248.8542],[985815.347599999979138,1606239.9221],[985663.689299999736249,1606240.630699999630451]]]]}},
{"type":"Feature","properties":{"รหัสกลุ่มคิว":"23/001","รหัสรับเหมา":"738889","ชื่อ-สกุล รับเหมา":"รถตัดโรงงานเบอร์ 09","นักเกษตร":"2304","ศูนย์":"K2-23","โควตา":"726399","ชาวไร่":"นาง เปรม ทิ้งรัมย์","ประเภทอ้อย":"ตอ1","พื้นที่":7.17,"ตันรวม":64.53,"รหัสแปลง":"320606151507","กลุ่ม":"กลุ่ม_23"},"geometry":{"type":"MultiPolygon","coordinates":[[[[982998.176900000311434,1604930.066800000146031],[982908.089100000448525,1604953.622199999168515],[982890.667100000195205,1604955.830700000748038],[982887.432300000451505,1604996.896099999547005],[982885.098500000312924,1605031.414899999275804],[982888.89780000038445,1605061.200099999085069],[983005.387299999594688,1605025.6897],[982998.176900000311434,1604930.066800000146031]]]]}},
{"type":"Feature","properties":{"รหัสกลุ่มคิว":"23/003","รหัสรับเหมา":"722635","ชื่อ-สกุล รับเหมา":"นาย พิชิต มณีศรี","นักเกษตร":"2303","ศูนย์":"K2-23","โควตา":"720329","ชาวไร่":"นาย เลี่ยง สมจิตร","ประเภทอ้อย":"ตอ1","พื้นที่":6.86,"ตันรวม":61.74,"รหัสแปลง":"320607010005","กลุ่ม":"กลุ่ม_23"},"geometry":{"type":"MultiPolygon","coordinates":[[[[984660.016200000420213,1606058.444900000467896],[984590.786700000055134,1606082.321399999782443],[984575.409699999727309,1606082.3476],[984575.905600000172853,1606117.228700000792742],[984588.651499999687076,1606127.711500000208616],[984684.735600000247359,1606128.985500000417233],[984758.744500000029802,1606135.324300000444055],[984758.972699999809265,1606135.095799999311566],[984771.664099999703467,1606112.776200000196695],[984775.970099999569356,1606100.678400000557303],[984748.386400000192225,1606096.111300000920892],[984746.460699999704957,1606112.447100000455976],[984680.595099999569356,1606103.163200000301003],[984677.451100000180304,1606102.369200000539422],[984658.071700000204146,1606100.17879999987781],[984657.915400000289083,1606090.531500000506639],[984678.635200000368059,1606089.315700000151992],[984748.430499999783933,1606095.443900000303984],[984776.18099999986589,1606100.085999999195337],[984786.128499999642372,1606072.138299999758601],[984660.016200000420213,1606058.444900000467896]]]]}},
{"type":"Feature","properties":{"รหัสกลุ่มคิว":"23/002","รหัสรับเหมา":"722399","ชื่อ-สกุล รับเหมา":"นาง มะลิ งามเลิศ","นักเกษตร":"2302","ศูนย์":"K2-23","โควตา":"722881","ชาวไร่":"นาง สำเรียง สีคำ","ประเภทอ้อย":"ตอ1","พื้นที่":5.14,"ตันรวม":46.26,"รหัสแปลง":"320607021541","กลุ่ม":"กลุ่ม_23"},"geometry":{"type":"MultiPolygon","coordinates":[[[[987543.306699999608099,1612982.275900000706315],[987622.185999999754131,1613109.768200000748038],[987681.320700000040233,1613070.632099999114871],[987593.696899999864399,1612975.3256],[987577.114400000311434,1612975.920800000429153],[987565.19469999987632,1612968.472400000318885],[987543.306699999608099,1612982.275900000706315]]]]}},
{"type":"Feature","properties":{"รหัสกลุ่มคิว":"23/003","รหัสรับเหมา":"722635","ชื่อ-สกุล รับเหมา":"นาย พิชิต มณีศรี","นักเกษตร":"2303","ศูนย์":"K2-23","โควตา":"722281","ชาวไร่":"นาย กีด ปานทอง","ประเภทอ้อย":"ตอ2","พื้นที่":4.0,"ตันรวม":32.0,"รหัสแปลง":"320607030061","กลุ่ม":"กลุ่ม_23"},"geometry":{"type":"MultiPolygon","coordinates":[[[[991363.853099999949336,1611450.567299999296665],[991338.956600000150502,1611290.29759999923408],[991296.636699999682605,1611298.697499999776483],[991326.00650000013411,1611451.4748],[991363.853099999949336,1611450.567299999296665]]]]}},
{"type":"Feature","properties":{"รหัสกลุ่มคิว":"23/002","รหัสรับเหมา":"722399","ชื่อ-สกุล รับเหมา":"นาง มะลิ งามเลิศ","นักเกษตร":"2302","ศูนย์":"K2-23","โควตา":"722272","ชาวไร่":"นาง เสาร์ เรือเสาร์","ประเภทอ้อย":"ตอ1","พื้นที่":7.17,"ตันรวม":64.53,"รหัสแปลง":"320607030069","กลุ่ม":"กลุ่ม_23"},"geometry":{"type":"MultiPolygon","coordinates":[[[[990313.692599999718368,1607155.203700000420213],[990315.019700000062585,1607133.7796],[990304.215099999681115,1607070.137800000607967],[990251.833499999716878,1607076.862099999561906],[990224.635599999688566,1607085.5669],[990176.300400000065565,1607124.362600000575185],[990154.729600000195205,1607140.021299999207258],[990146.0777000002563,1607149.279999999329448],[990126.855399999767542,1607173.676599999889731],[990313.692599999718368,1607155.203700000420213]]]]}},
{"type":"Feature","properties":{"รหัสกลุ่มคิว":"23/002","รหัสรับเหมา":"722399","ชื่อ-สกุล รับเหมา":"นาง มะลิ งามเลิศ","นักเกษตร":"2302","ศูนย์":"K2-23","โควตา":"722278","ชาวไร่":"นาย ปราณี งามเลิศ","ประเภทอ้อย":"ตอ2","พื้นที่":2.56,"ตันรวม":20.48,"รหัสแปลง":"320607030070","กลุ่ม":"กลุ่ม_23"},"geometry":{"type":"MultiPolygon","coordinates":[[[[990737.253399999812245,1611887.954700000584126],[990756.707999999634922,1611878.912399999797344],[990742.703900000080466,1611840.539200000464916],[990742.534900000318885,1611839.981000000610948],[990708.173000000417233,1611684.516799999400973],[990707.305900000035763,1611682.835200000554323],[990684.419700000435114,1611683.302699999883771],[990737.253399999812245,1611887.954700000584126]]]]}},
{"type":"Feature","properties":{"รหัสกลุ่มคิว":"23/002","รหัสรับเหมา":"722399","ชื่อ-สกุล รับเหมา":"นาง มะลิ งามเลิศ","นักเกษตร":"2302","ศูนย์":"K2-23","โควตา":"722459","ชาวไร่":"นาย สุรเนตร งามเลิศ","ประเภทอ้อย":"ปลายฝน","พื้นที่":5.71,"ตันรวม":74.23,"รหัสแปลง":"320607031529","กลุ่ม":"กลุ่ม_23"},"geometry":{"type":"MultiPolygon","coordinates":[[[[991256.455799999646842,1611538.7423],[991292.881199999712408,1611532.211300000548363],[991255.60950000025332,1611304.011900000274181],[991214.239400000311434,1611309.991800000891089],[991256.455799999646842,1611538.7423]]]]}},
{"type":"Feature","properties":{"รหัสกลุ่มคิว":"23/002","รหัสรับเหมา":"722399","ชื่อ-สกุล รับเหมา":"นาง มะลิ งามเลิศ","นักเกษตร":"2302","ศูนย์":"K2-23","โควตา":"722459","ชาวไร่":"นาย สุรเนตร งามเลิศ","ประเภทอ้อย":"ปลายฝน","พื้นที่":4.98,"ตันรวม":64.74,"รหัสแปลง":"320607031530","กลุ่ม":"กลุ่ม_23"},"geometry":{"type":"MultiPolygon","coordinates":[[[[991329.237499999813735,1611526.854399999603629],[991292.354700000025332,1611301.171599999070168],[991256.716500000096858,1611307.786399999633431],[991296.477300000376999,1611533.542199999094009],[991329.237499999813735,1611526.854399999603629]]]]}},
{"type":"Feature","properties":{"รหัสกลุ่มคิว":"23/003","รหัสรับเหมา":"722635","ชื่อ-สกุล รับเหมา":"นาย พิชิต มณีศรี","นักเกษตร":"2303","ศูนย์":"K2-23","โควตา":"727205","ชาวไร่":"นาง สุเทียบ สุขอุ้ม","ประเภทอ้อย":"ปลายฝน","พื้นที่":2.63,"ตันรวม":34.19,"รหัสแปลง":"320607040105","กลุ่ม":"กลุ่ม_23"},"geometry":{"type":"MultiPolygon","coordinates":[[[[986376.973699999973178,1607650.767300000414252],[986284.482800000347197,1607654.488399999216199],[986300.765700000338256,1607696.599199999123812],[986392.577499999664724,1607699.89130000025034],[986376.973699999973178,1607650.767300000414252]]]]}},
{"type":"Feature","properties":{"รหัสกลุ่มคิว":"23/002","รหัสรับเหมา":"722399","ชื่อ-สกุล รับเหมา":"นาง มะลิ งามเลิศ","นักเกษตร":"2302","ศูนย์":"K2-23","โควตา":"727185","ชาวไร่":"นาง อารยา ดุนขุนทด","ประเภทอ้อย":"ตอ2","พื้นที่":1.4,"ตันรวม":11.2,"รหัสแปลง":"320607041529","กลุ่ม":"กลุ่ม_23"},"geometry":{"type":"MultiPolygon","coordinates":[[[[985338.845800000242889,1605405.316800000146031],[985321.973299999721348,1605411.271600000560284],[985331.226099999621511,1605490.408399999141693],[985368.294499999843538,1605483.556700000539422],[985338.845800000242889,1605405.316800000146031]]]]}},
{"type":"Feature","properties":{"รหัสกลุ่มคิว":"23/001","รหัสรับเหมา":"738889","ชื่อ-สกุล รับเหมา":"รถตัดโรงงานเบอร์ 09","นักเกษตร":"2304","ศูนย์":"K2-23","โควตา":"726802","ชาวไร่":"นาย ประจวบ ศรีเพ็ชร","ประเภทอ้อย":"ปลายฝน","พื้นที่":10.77,"ตันรวม":140.01,"รหัสแปลง":"320607050009","กลุ่ม":"กลุ่ม_23"},"geometry":{"type":"MultiPolygon","coordinates":[[[[986978.355200000107288,1606454.818299999460578],[986975.759800000116229,1606449.4046],[986927.3421,1606456.214400000870228],[986932.360100000165403,1606494.0351],[986944.027900000102818,1606569.153999999165535],[987077.300699999555945,1606562.356899999082088],[987081.232699999585748,1606527.486600000411272],[987090.66399999987334,1606442.2445],[986978.355200000107288,1606454.818299999460578]]]]}},
{"type":"Feature","properties":{"รหัสกลุ่มคิว":"23/003","รหัสรับเหมา":"722635","ชื่อ-สกุล รับเหมา":"นาย พิชิต มณีศรี","นักเกษตร":"2303","ศูนย์":"K2-23","โควตา":"720403","ชาวไร่":"นาย บน ซ่อนกลิ่น","ประเภทอ้อย":"ตอ1","พื้นที่":8.69,"ตันรวม":78.21,"รหัสแปลง":"320607050068","กลุ่ม":"กลุ่ม_23"},"geometry":{"type":"MultiPolygon","coordinates":[[[[987583.159099999815226,1607070.039799999445677],[987583.210199999623001,1607070.203600000590086],[987585.292799999937415,1607160.923800000920892],[987602.246000000275671,1607159.948000000789762],[987614.39130000025034,1607152.400100000202656],[987630.563000000081956,1607145.131799999624491],[987653.940799999982119,1607139.080199999734759],[987645.631400000303984,1607089.684399999678135],[987635.553600000217557,1606979.937300000339746],[987600.333999999798834,1606986.433499999344349],[987551.792600000277162,1606996.739299999549985],[987530.173200000077486,1607000.505599999800324],[987537.276300000026822,1607074.665100000798702],[987583.159099999815226,1607070.039799999445677]]]]}},
{"type":"Feature","properties":{"รหัสกลุ่มคิว":"23/003","รหัสรับเหมา":"722635","ชื่อ-สกุล รับเหมา":"นาย พิชิต มณีศรี","นักเกษตร":"2303","ศูนย์":"K2-23","โควตา":"722204","ชาวไร่":"นาง สุปราณี บุตรงาม","ประเภทอ้อย":"ตอ2","พื้นที่":4.13,"ตันรวม":33.04,"รหัสแปลง":"320607050077","กลุ่ม":"กลุ่ม_23"},"geometry":{"type":"MultiPolygon","coordinates":[[[[987645.680200000293553,1607523.8246],[987476.55350000038743,1607472.926400000229478],[987468.497800000011921,1607512.449300000444055],[987634.607699999585748,1607557.706000000238419],[987645.680200000293553,1607523.8246]]]]}},
{"type":"Feature","properties":{"รหัสกลุ่มคิว":"23/003","รหัสรับเหมา":"722635","ชื่อ-สกุล รับเหมา":"นาย พิชิต มณีศรี","นักเกษตร":"2303","ศูนย์":"K2-23","โควตา":"720387","ชาวไร่":"นาง สมนึก บุญเพ็ชร","ประเภทอ้อย":"ปลายฝน","พื้นที่":6.58,"ตันรวม":85.54,"รหัสแปลง":"320607050095","กลุ่ม":"กลุ่ม_23"},"geometry":{"type":"MultiPolygon","coordinates":[[[[988266.475599999539554,1607197.2039],[988250.490399999544024,1607245.703099999576807],[988213.986600000411272,1607238.5603],[988211.627299999818206,1607243.664799999445677],[988252.857800000347197,1607253.987800000235438],[988268.360700000077486,1607259.824699999764562],[988438.479500000365078,1607273.092199999839067],[988455.38399999961257,1607229.937899999320507],[988266.475599999539554,1607197.2039]]]]}},
{"type":"Feature","properties":{"รหัสกลุ่มคิว":"23/001","รหัสรับเหมา":"738889","ชื่อ-สกุล รับเหมา":"รถตัดโรงงานเบอร์ 09","นักเกษตร":"2304","ศูนย์":"K2-23","โควตา":"727343","ชาวไร่":"นางสาว ทนารัตน์ งามวิไล","ประเภทอ้อย":"ตอ2","พื้นที่":11.01,"ตันรวม":88.08,"รหัสแปลง":"320607060035","กลุ่ม":"กลุ่ม_23"},"geometry":{"type":"MultiPolygon","coordinates":[[[[982941.785400000400841,1607232.088899999856949],[982964.658999999985099,1607280.548900000751019],[982974.440700000151992,1607358.5143],[982987.476599999703467,1607409.9189],[983086.19550000037998,1607384.731899999082088],[983086.254999999888241,1607384.45240000076592],[983072.874900000169873,1607339.639599999412894],[983048.707299999892712,1607273.565500000491738],[983041.890100000426173,1607254.8849],[983029.803899999707937,1607227.641699999570847],[983023.447100000455976,1607214.64130000025034],[983017.623200000263751,1607204.449300000444055],[983014.942599999718368,1607200.866599999368191],[983011.799200000241399,1607197.8429000005126],[983008.640599999576807,1607193.834799999371171],[982941.785400000400841,1607232.088899999856949]]]]}},
{"type":"Feature","properties":{"รหัสกลุ่มคิว":"23/001","รหัสรับเหมา":"738889","ชื่อ-สกุล รับเหมา":"รถตัดโรงงานเบอร์ 09","นักเกษตร":"2304","ศูนย์":"K2-23","โควตา":"726399","ชาวไร่":"นาง เปรม ทิ้งรัมย์","ประเภทอ้อย":"ตอ2","พื้นที่":5.68,"ตันรวม":45.44,"รหัสแปลง":"320607060062","กลุ่ม":"กลุ่ม_23"},"geometry":{"type":"MultiPolygon","coordinates":[[[[983378.002700000070035,1604660.460699999704957],[983274.770399999804795,1604510.95920000039041],[983271.798000000417233,1604511.715299999341369],[983267.757500000298023,1604512.694499999284744],[983263.68790000025183,1604513.3936],[983258.374800000339746,1604514.056199999526143],[983238.528400000184774,1604517.44400000013411],[983234.4704,1604519.597799999639392],[983233.498599999584258,1604520.421900000423193],[983231.000799999572337,1604523.5526],[983226.761699999682605,1604525.566299999132752],[983338.321899999864399,1604686.004200000315905],[983338.407100000418723,1604686.288799999281764],[983375.635599999688566,1604663.427500000223517],[983378.560300000011921,1604660.687999999150634],[983378.002700000070035,1604660.460699999704957]]]]}},
{"type":"Feature","properties":{"รหัสกลุ่มคิว":"23/001","รหัสรับเหมา":"738889","ชื่อ-สกุล รับเหมา":"รถตัดโรงงานเบอร์ 09","นักเกษตร":"2304","ศูนย์":"K2-23","โควตา":"726224","ชาวไร่":"นาย ปาน แยกมุม","ประเภทอ้อย":"ตอ2","พื้นที่":3.07,"ตันรวม":24.56,"รหัสแปลง":"320607061502","กลุ่ม":"กลุ่ม_23"},"geometry":{"type":"MultiPolygon","coordinates":[[[[982913.760800000280142,1606790.512000000104308],[982932.298700000159442,1606883.325400000438094],[982985.931800000369549,1606867.550599999725819],[982988.907200000248849,1606862.8015],[982960.571700000204146,1606782.739],[982913.760800000280142,1606790.512000000104308]]]]}},
{"type":"Feature","properties":{"รหัสกลุ่มคิว":"23/003","รหัสรับเหมา":"722635","ชื่อ-สกุล รับเหมา":"นาย พิชิต มณีศรี","นักเกษตร":"2303","ศูนย์":"K2-23","โควตา":"726346","ชาวไร่":"นางสาว สมหวัง ดีสาห่าง","ประเภทอ้อย":"ตอ1","พื้นที่":4.39,"ตันรวม":39.51,"รหัสแปลง":"320607070031","กลุ่ม":"กลุ่ม_23"},"geometry":{"type":"MultiPolygon","coordinates":[[[[989107.881199999712408,1604674.461100000888109],[989102.617700000293553,1604621.841],[988972.49930000025779,1604632.39159999974072],[988963.582100000232458,1604682.3267],[989107.881199999712408,1604674.461100000888109]]]]}},
{"type":"Feature","properties":{"รหัสกลุ่มคิว":"23/002","รหัสรับเหมา":"722399","ชื่อ-สกุล รับเหมา":"นาง มะลิ งามเลิศ","นักเกษตร":"2302","ศูนย์":"K2-23","โควตา":"720061","ชาวไร่":"นาง สายทอง งามเลิศ","ประเภทอ้อย":"ตอ2","พื้นที่":5.38,"ตันรวม":43.04,"รหัสแปลง":"320607070066","กลุ่ม":"กลุ่ม_23"},"geometry":{"type":"MultiPolygon","coordinates":[[[[988063.434999999590218,1605343.129799999296665],[987880.894000000320375,1605308.338400000706315],[987873.020299999974668,1605355.3728],[987939.7977,1605371.59940000064671],[987945.751000000163913,1605348.530300000682473],[988024.259200000204146,1605365.877800000831485],[988021.539200000464916,1605378.559599999338388],[988006.456000000238419,1605376.684699999168515],[988002.320299999788404,1605408.5789],[988051.043700000271201,1605408.17710000090301],[988063.434999999590218,1605343.129799999296665]]]]}},
{"type":"Feature","properties":{"รหัสกลุ่มคิว":"23/003","รหัสรับเหมา":"722635","ชื่อ-สกุล รับเหมา":"นาย พิชิต มณีศรี","นักเกษตร":"2303","ศูนย์":"K2-23","โควตา":"720387","ชาวไร่":"นาง สมนึก บุญเพ็ชร","ประเภทอ้อย":"ตอ1","พื้นที่":10.11,"ตันรวม":90.99,"รหัสแปลง":"320607070150","กลุ่ม":"กลุ่ม_23"},"geometry":{"type":"MultiPolygon","coordinates":[[[[987971.0954,1606408.512199999764562],[987902.275700000114739,1606410.752499999478459],[987900.398599999956787,1606427.051200000569224],[987867.763700000010431,1606429.732599999755621],[987872.136500000022352,1606580.78940000012517],[987975.980200000107288,1606561.1415],[987971.0954,1606408.512199999764562]]]]}},
{"type":"Feature","properties":{"รหัสกลุ่มคิว":"23/002","รหัสรับเหมา":"722399","ชื่อ-สกุล รับเหมา":"นาง มะลิ งามเลิศ","นักเกษตร":"2302","ศูนย์":"K2-23","โควตา":"722081","ชาวไร่":"นาย ธวัช น่าชม","ประเภทอ้อย":"ตอ4","พื้นที่":3.88,"ตันรวม":27.16,"รหัสแปลง":"320607070155","กลุ่ม":"กลุ่ม_23"},"geometry":{"type":"MultiPolygon","coordinates":[[[[990595.972199999727309,1610907.464099999517202],[990597.376699999906123,1610990.520899999886751],[990675.514899999834597,1610983.574300000444055],[990673.617600000463426,1610907.16469999961555],[990595.972199999727309,1610907.464099999517202]]]]}},
{"type":"Feature","properties":{"รหัสกลุ่มคิว":"23/002","รหัสรับเหมา":"722399","ชื่อ-สกุล รับเหมา":"นาง มะลิ งามเลิศ","นักเกษตร":"2302","ศูนย์":"K2-23","โควตา":"720242","ชาวไร่":"นาง โสภา ดีมาก","ประเภทอ้อย":"ปลายฝน","พื้นที่":6.76,"ตันรวม":87.88,"รหัสแปลง":"320607070212","กลุ่ม":"กลุ่ม_23"},"geometry":{"type":"MultiPolygon","coordinates":[[[[988158.535099999979138,1606188.088899999856949],[988168.014299999922514,1606259.428999999538064],[988285.321700000204146,1606269.005100000649691],[988288.684600000269711,1606270.0395],[988173.272699999623001,1606260.819299999624491],[988171.18709999974817,1606269.411100000143051],[988292.773199999704957,1606278.790200000628829],[988293.289900000207126,1606278.135800000280142],[988326.558899999596179,1606280.178899999707937],[988332.228699999861419,1606265.165899999439716],[988299.304800000041723,1606263.291799999773502],[988295.974399999715388,1606254.774399999529123],[988298.215800000354648,1606218.354599999263883],[988323.019100000150502,1606221.282700000330806],[988316.131400000303984,1606208.661499999463558],[988158.535099999979138,1606188.088899999856949]]]]}},
{"type":"Feature","properties":{"รหัสกลุ่มคิว":"23/002","รหัสรับเหมา":"722399","ชื่อ-สกุล รับเหมา":"นาง มะลิ งามเลิศ","นักเกษตร":"2302","ศูนย์":"K2-23","โควตา":"720243","ชาวไร่":"นาย บุญช่วย บุตรลักษณ์","ประเภทอ้อย":"ปลายฝน","พื้นที่":9.49,"ตันรวม":123.37,"รหัสแปลง":"320607070217","กลุ่ม":"กลุ่ม_23"},"geometry":{"type":"MultiPolygon","coordinates":[[[[987616.599299999885261,1604712.350099999457598],[987674.106999999843538,1604814.424599999561906],[987679.111800000071526,1604830.10869999974966],[987686.369099999777973,1604836.581499999389052],[987696.654099999926984,1604876.090399999171495],[987754.255800000391901,1604862.4013],[987758.360799999907613,1604857.9024],[987766.519799999892712,1604724.939600000157952],[987616.599299999885261,1604712.350099999457598]]]]}},
{"type":"Feature","properties":{"รหัสกลุ่มคิว":"23/003","รหัสรับเหมา":"722635","ชื่อ-สกุล รับเหมา":"นาย พิชิต มณีศรี","นักเกษตร":"2303","ศูนย์":"K2-23","โควตา":"720054","ชาวไร่":"นางสาว อำพวาพรณ์ บูรณะ","ประเภทอ้อย":"ตอ2","พื้นที่":8.5,"ตันรวม":68.0,"รหัสแปลง":"320607070230","กลุ่ม":"กลุ่ม_23"},"geometry":{"type":"MultiPolygon","coordinates":[[[[988219.772699999623001,1604738.126900000497699],[988372.115299999713898,1604764.426999999210238],[988386.253700000233948,1604686.182399999350309],[988272.69649999961257,1604671.659099999815226],[988284.120699999853969,1604624.365199999883771],[988246.503399999812245,1604615.647199999541044],[988219.772699999623001,1604738.126900000497699]]]]}},
{"type":"Feature","properties":{"รหัสกลุ่มคิว":"23/001","รหัสรับเหมา":"738889","ชื่อ-สกุล รับเหมา":"รถตัดโรงงานเบอร์ 09","นักเกษตร":"2304","ศูนย์":"K2-23","โควตา":"722320","ชาวไร่":"นาง น้ำอ้อย ห้าวหาญ","ประเภทอ้อย":"ตอ1","พื้นที่":3.11,"ตันรวม":27.99,"รหัสแปลง":"320607070232","กลุ่ม":"กลุ่ม_23"},"geometry":{"type":"MultiPolygon","coordinates":[[[[989494.751699999906123,1605750.387900000438094],[989659.887699999846518,1605712.615299999713898],[989652.870199999772012,1605684.92339999973774],[989489.740799999795854,1605720.155799999833107],[989494.751699999906123,1605750.387900000438094]]]]}},
{"type":"Feature","properties":{"รหัสกลุ่มคิว":"23/003","รหัสรับเหมา":"722635","ชื่อ-สกุล รับเหมา":"นาย พิชิต มณีศรี","นักเกษตร":"2303","ศูนย์":"K2-23","โควตา":"727421","ชาวไร่":"นาย สมปอง ดีสาห่าง","ประเภทอ้อย":"ตอ2","พื้นที่":8.23,"ตันรวม":65.84,"รหัสแปลง":"320607070249","กลุ่ม":"กลุ่ม_23"},"geometry":{"type":"MultiPolygon","coordinates":[[[[988424.067999999970198,1606514.393799999728799],[988424.64879999961704,1606402.533099999651313],[988291.78139999974519,1606399.027799999341369],[988293.368200000375509,1606524.659800000488758],[988304.36739999987185,1606524.976500000804663],[988302.23340000025928,1606469.921900000423193],[988348.930399999953806,1606470.0592],[988352.763399999588728,1606519.498099999502301],[988424.067999999970198,1606514.393799999728799]]]]}},
{"type":"Feature","properties":{"รหัสกลุ่มคิว":"23/003","รหัสรับเหมา":"722635","ชื่อ-สกุล รับเหมา":"นาย พิชิต มณีศรี","นักเกษตร":"2303","ศูนย์":"K2-23","โควตา":"727416","ชาวไร่":"นาย จตุรภัทร พิมาย","ประเภทอ้อย":"ตอ2","พื้นที่":10.92,"ตันรวม":87.36,"รหัสแปลง":"320607070283","กลุ่ม":"กลุ่ม_23"},"geometry":{"type":"MultiPolygon","coordinates":[[[[987363.524299999698997,1604911.433900000527501],[987228.038900000043213,1604887.618699999526143],[987226.324300000444055,1604892.33],[987176.361200000159442,1604894.2336],[987162.034199999645352,1604971.76490000076592],[987345.666199999861419,1605007.514599999412894],[987363.524299999698997,1604911.433900000527501]]]]}},
{"type":"Feature","properties":{"รหัสกลุ่มคิว":"23/001","รหัสรับเหมา":"738889","ชื่อ-สกุล รับเหมา":"รถตัดโรงงานเบอร์ 09","นักเกษตร":"2304","ศูนย์":"K2-23","โควตา":"722320","ชาวไร่":"นาง น้ำอ้อย ห้าวหาญ","ประเภทอ้อย":"ตอ2","พื้นที่":2.95,"ตันรวม":23.6,"รหัสแปลง":"320607070311","กลุ่ม":"กลุ่ม_23"},"geometry":{"type":"MultiPolygon","coordinates":[[[[989568.89049999974668,1605777.770500000566244],[989560.525299999862909,1605735.135199999436736],[989449.68059999961406,1605761.050699999555945],[989451.127899999730289,1605780.450099999085069],[989459.009800000116229,1605782.626900000497699],[989461.985500000417233,1605794.410000000149012],[989488.706500000320375,1605796.038799999281764],[989568.89049999974668,1605777.770500000566244]]]]}},
{"type":"Feature","properties":{"รหัสกลุ่มคิว":"23/002","รหัสรับเหมา":"722399","ชื่อ-สกุล รับเหมา":"นาง มะลิ งามเลิศ","นักเกษตร":"2302","ศูนย์":"K2-23","โควตา":"727418","ชาวไร่":"นาย พิสิทฐ์ สุขจิตร","ประเภทอ้อย":"ตอ1","พื้นที่":10.78,"ตันรวม":97.02,"รหัสแปลง":"320607070357","กลุ่ม":"กลุ่ม_23"},"geometry":{"type":"MultiPolygon","coordinates":[[[[988958.052799999713898,1604723.5954],[988972.4841,1604630.396099999547005],[988876.543100000359118,1604634.432299999520183],[988795.697999999858439,1604638.433900000527501],[988776.975499999709427,1604721.9178],[988824.137900000438094,1604731.538100000470877],[988821.725700000301003,1604748.908099999651313],[988886.632000000216067,1604729.209000000730157],[988958.052799999713898,1604723.5954]]]]}},
{"type":"Feature","properties":{"รหัสกลุ่มคิว":"23/002","รหัสรับเหมา":"722399","ชื่อ-สกุล รับเหมา":"นาง มะลิ งามเลิศ","นักเกษตร":"2302","ศูนย์":"K2-23","โควตา":"727418","ชาวไร่":"นาย พิสิทฐ์ สุขจิตร","ประเภทอ้อย":"ตอ1","พื้นที่":4.81,"ตันรวม":43.29,"รหัสแปลง":"320607070389","กลุ่ม":"กลุ่ม_23"},"geometry":{"type":"MultiPolygon","coordinates":[[[[986859.855899999849498,1603009.468299999833107],[986853.419800000265241,1602970.3257],[986852.130199999548495,1602953.473600000143051],[986851.360700000077486,1602946.801799999549985],[986840.531899999827147,1602847.1074],[986830.739599999971688,1602767.958399999886751],[986830.7796,1602765.925200000405312],[986830.877999999560416,1602760.934599999338388],[986804.475200000219047,1602765.776799999177456],[986803.758399999700487,1602765.5778],[986799.248200000263751,1602765.85869999974966],[986826.532800000160933,1602999.751199999824166],[986829.236200000159442,1603008.865000000223517],[986828.317400000058115,1603009.77140000090003],[986859.855899999849498,1603009.468299999833107]]]]}},
{"type":"Feature","properties":{"รหัสกลุ่มคิว":"23/002","รหัสรับเหมา":"722399","ชื่อ-สกุล รับเหมา":"นาง มะลิ งามเลิศ","นักเกษตร":"2302","ศูนย์":"K2-23","โควตา":"720061","ชาวไร่":"นาง สายทอง งามเลิศ","ประเภทอ้อย":"ปลายฝน","พื้นที่":5.0,"ตันรวม":65.0,"รหัสแปลง":"320607070393","กลุ่ม":"กลุ่ม_23"},"geometry":{"type":"MultiPolygon","coordinates":[[[[988560.376000000163913,1605802.040100000798702],[988565.966599999926984,1605766.808299999684095],[988563.402700000442564,1605761.121400000527501],[988382.075799999758601,1605722.093100000172853],[988373.491499999538064,1605765.050799999386072],[988560.376000000163913,1605802.040100000798702]]]]}},
{"type":"Feature","properties":{"รหัสกลุ่มคิว":"23/001","รหัสรับเหมา":"738889","ชื่อ-สกุล รับเหมา":"รถตัดโรงงานเบอร์ 09","นักเกษตร":"2304","ศูนย์":"K2-23","โควตา":"722430","ชาวไร่":"นาง พิมพา กำจร","ประเภทอ้อย":"ปลายฝน","พื้นที่":8.62,"ตันรวม":112.06,"รหัสแปลง":"320607070400","กลุ่ม":"กลุ่ม_23"},"geometry":{"type":"MultiPolygon","coordinates":[[[[987231.940499999560416,1604591.558499999344349],[987045.793600000441074,1604591.1129],[987044.683000000193715,1604625.694900000467896],[987059.103199999779463,1604643.931600000709295],[987066.627100000157952,1604678.998099999502301],[987163.873800000175834,1604667.435399999842048],[987216.027700000442564,1604670.72719999961555],[987231.940499999560416,1604591.558499999344349]]]]}},
{"type":"Feature","properties":{"รหัสกลุ่มคิว":"23/003","รหัสรับเหมา":"722635","ชื่อ-สกุล รับเหมา":"นาย พิชิต มณีศรี","นักเกษตร":"2303","ศูนย์":"K2-23","โควตา":"727416","ชาวไร่":"นาย จตุรภัทร พิมาย","ประเภทอ้อย":"ตอ3","พื้นที่":4.75,"ตันรวม":33.25,"รหัสแปลง":"320607070403","กลุ่ม":"กลุ่ม_23"},"geometry":{"type":"MultiPolygon","coordinates":[[[[988688.279000000096858,1607409.96199999935925],[988694.322599999606609,1607370.597400000318885],[988497.903400000184774,1607367.3881],[988496.053899999707937,1607406.027899999171495],[988688.279000000096858,1607409.96199999935925]]]]}},
{"type":"Feature","properties":{"รหัสกลุ่มคิว":"23/003","รหัสรับเหมา":"722635","ชื่อ-สกุล รับเหมา":"นาย พิชิต มณีศรี","นักเกษตร":"2303","ศูนย์":"K2-23","โควตา":"722785","ชาวไร่":"นางสาว บุญเรือง คะเรรัมย์","ประเภทอ้อย":"ตอ2","พื้นที่":5.85,"ตันรวม":46.8,"รหัสแปลง":"320607070434","กลุ่ม":"กลุ่ม_23"},"geometry":{"type":"MultiPolygon","coordinates":[[[[986770.063000000081956,1605614.587200000882149],[986721.386400000192225,1605410.808000000193715],[986679.989299999549985,1605417.128399999812245],[986695.307199999690056,1605488.9704],[986731.874800000339746,1605637.844399999827147],[986732.035500000230968,1605637.043199999257922],[986746.754499999806285,1605631.321699999272823],[986746.541699999943376,1605626.9561],[986770.063000000081956,1605614.587200000882149]]]]}},
{"type":"Feature","properties":{"รหัสกลุ่มคิว":"23/002","รหัสรับเหมา":"722399","ชื่อ-สกุล รับเหมา":"นาง มะลิ งามเลิศ","นักเกษตร":"2302","ศูนย์":"K2-23","โควตา":"720053","ชาวไร่":"นาง ถัน พวงจันทร์","ประเภทอ้อย":"ตอ2","พื้นที่":6.84,"ตันรวม":54.72,"รหัสแปลง":"320607070436","กลุ่ม":"กลุ่ม_23"},"geometry":{"type":"MultiPolygon","coordinates":[[[[987834.169499999843538,1605539.411299999803305],[987838.201000000350177,1605546.232999999076128],[987870.388100000098348,1605556.743100000545382],[987866.182699999772012,1605584.918400000780821],[987970.24100000038743,1605600.664300000295043],[987967.603799999691546,1605513.410399999469519],[987842.799499999731779,1605486.341099999845028],[987834.169499999843538,1605539.411299999803305]]]]}},
{"type":"Feature","properties":{"รหัสกลุ่มคิว":"23/001","รหัสรับเหมา":"738889","ชื่อ-สกุล รับเหมา":"รถตัดโรงงานเบอร์ 09","นักเกษตร":"2304","ศูนย์":"K2-23","โควตา":"722647","ชาวไร่":"นาย เดิน ยืนยง","ประเภทอ้อย":"ปลายฝน","พื้นที่":6.12,"ตันรวม":79.56,"รหัสแปลง":"320607070437","กลุ่ม":"กลุ่ม_23"},"geometry":{"type":"MultiPolygon","coordinates":[[[[987704.409599999897182,1605783.099300000816584],[987700.843100000172853,1605545.747899999842048],[987661.488900000229478,1605542.78969999961555],[987662.816599999554455,1605789.1776],[987704.409599999897182,1605783.099300000816584]]]]}},
{"type":"Feature","properties":{"รหัสกลุ่มคิว":"23/002","รหัสรับเหมา":"722399","ชื่อ-สกุล รับเหมา":"นาง มะลิ งามเลิศ","นักเกษตร":"2302","ศูนย์":"K2-23","โควตา":"722987","ชาวไร่":"นาง สำรวย คำลิว","ประเภทอ้อย":"ปลายฝน","พื้นที่":10.56,"ตันรวม":137.28,"รหัสแปลง":"320607070449","กลุ่ม":"กลุ่ม_23"},"geometry":{"type":"MultiPolygon","coordinates":[[[[988506.619900000281632,1606175.882200000807643],[988498.4852,1606213.628200000151992],[988581.333599999547005,1606224.1458],[988591.914099999703467,1606153.903400000184774],[988354.898000000044703,1606122.395199999213219],[988345.128899999894202,1606124.420700000599027],[988254.135700000450015,1606115.776799999177456],[988223.137199999764562,1606116.27250000089407],[988151.815499999560416,1606115.045199999585748],[988154.228699999861419,1606138.761800000444055],[988190.405899999663234,1606140.587600000202656],[988192.025299999862909,1606122.498199999332428],[988205.921900000423193,1606121.294099999591708],[988214.721800000406802,1606131.823400000110269],[988215.020499999634922,1606144.033600000664592],[988506.619900000281632,1606175.882200000807643]]]]}},
{"type":"Feature","properties":{"รหัสกลุ่มคิว":"23/003","รหัสรับเหมา":"722635","ชื่อ-สกุล รับเหมา":"นาย พิชิต มณีศรี","นักเกษตร":"2303","ศูนย์":"K2-23","โควตา":"722328","ชาวไร่":"นาง พม ดีสาห่าง","ประเภทอ้อย":"ปลายฝน","พื้นที่":4.08,"ตันรวม":53.04,"รหัสแปลง":"320607070453","กลุ่ม":"กลุ่ม_23"},"geometry":{"type":"MultiPolygon","coordinates":[[[[988726.352500000037253,1606491.0197],[988725.816200000233948,1606409.323200000450015],[988647.624099999666214,1606406.4901],[988651.694899999536574,1606495.402200000360608],[988726.352500000037253,1606491.0197]]]]}},
{"type":"Feature","properties":{"รหัสกลุ่มคิว":"23/003","รหัสรับเหมา":"722635","ชื่อ-สกุล รับเหมา":"นาย พิชิต มณีศรี","นักเกษตร":"2303","ศูนย์":"K2-23","โควตา":"722048","ชาวไร่":"นาย วีระ ยอทอง","ประเภทอ้อย":"ตอ1","พื้นที่":10.21,"ตันรวม":91.89,"รหัสแปลง":"320607070552","กลุ่ม":"กลุ่ม_23"},"geometry":{"type":"MultiPolygon","coordinates":[[[[989145.908599999733269,1605319.272600000724196],[989134.074699999764562,1605280.020899999886751],[989059.064000000245869,1605292.032500000670552],[989034.497000000439584,1605422.4649],[989177.595499999821186,1605447.676999999210238],[989145.908599999733269,1605319.272600000724196]]]]}},
{"type":"Feature","properties":{"รหัสกลุ่มคิว":"23/001","รหัสรับเหมา":"738889","ชื่อ-สกุล รับเหมา":"รถตัดโรงงานเบอร์ 09","นักเกษตร":"2304","ศูนย์":"K2-23","โควตา":"722170","ชาวไร่":"นาย แวง บุตรงาม","ประเภทอ้อย":"ตอ1","พื้นที่":18.74,"ตันรวม":168.66,"รหัสแปลง":"320607070556","กลุ่ม":"กลุ่ม_23"},"geometry":{"type":"MultiPolygon","coordinates":[[[[988253.510700000450015,1607058.751599999144673],[988503.566499999724329,1607082.07289999909699],[988522.222099999897182,1607090.341099999845028],[988569.2347999997437,1607013.225600000470877],[988278.216099999845028,1606930.384099999442697],[988253.510700000450015,1607058.751599999144673]]]]}},
{"type":"Feature","properties":{"รหัสกลุ่มคิว":"23/003","รหัสรับเหมา":"722635","ชื่อ-สกุล รับเหมา":"นาย พิชิต มณีศรี","นักเกษตร":"2303","ศูนย์":"K2-23","โควตา":"722635","ชาวไร่":"นาย พิชิต มณีศรี","ประเภทอ้อย":"ตอ1","พื้นที่":3.26,"ตันรวม":29.34,"รหัสแปลง":"320607070569","กลุ่ม":"กลุ่ม_23"},"geometry":{"type":"MultiPolygon","coordinates":[[[[989181.664900000207126,1605470.917199999094009],[989188.503399999812245,1605584.95409999974072],[989193.139700000174344,1605585.729499999433756],[989236.923999999649823,1605576.244200000539422],[989232.509899999946356,1605540.174799999222159],[989229.402700000442564,1605537.40819999948144],[989234.475399999879301,1605529.04450000077486],[989230.716799999587238,1605476.057299999520183],[989181.664900000207126,1605470.917199999094009]]]]}},
{"type":"Feature","properties":{"รหัสกลุ่มคิว":"23/001","รหัสรับเหมา":"738889","ชื่อ-สกุล รับเหมา":"รถตัดโรงงานเบอร์ 09","นักเกษตร":"2304","ศูนย์":"K2-23","โควตา":"720388","ชาวไร่":"นาง บวน พวงจันทร์","ประเภทอ้อย":"ปลายฝน","พื้นที่":10.64,"ตันรวม":138.32,"รหัสแปลง":"320607070591","กลุ่ม":"กลุ่ม_23"},"geometry":{"type":"MultiPolygon","coordinates":[[[[987980.1097999997437,1605785.161499999463558],[987969.964900000020862,1605853.637900000438094],[987973.433699999935925,1605855.77250000089407],[987969.668700000271201,1605862.542700000107288],[987965.334400000050664,1605874.500499999150634],[988148.267,1605911.601099999621511],[988168.392199999652803,1605823.680400000885129],[987980.1097999997437,1605785.161499999463558]]]]}},
{"type":"Feature","properties":{"รหัสกลุ่มคิว":"23/003","รหัสรับเหมา":"722635","ชื่อ-สกุล รับเหมา":"นาย พิชิต มณีศรี","นักเกษตร":"2303","ศูนย์":"K2-23","โควตา":"720247","ชาวไร่":"นางสาว สุภาวี แสวงทรัพย์","ประเภทอ้อย":"ตอ2","พื้นที่":10.88,"ตันรวม":87.04,"รหัสแปลง":"320607070618","กลุ่ม":"กลุ่ม_23"},"geometry":{"type":"MultiPolygon","coordinates":[[[[988533.148599999956787,1605332.434800000861287],[988583.3602,1605341.6316],[988609.553700000047684,1605230.237099999561906],[988630.667600000277162,1605231.488500000908971],[988633.357599999755621,1605221.153699999675155],[988651.670199999585748,1605222.208699999377131],[988664.716300000436604,1605108.897299999371171],[988566.713299999944866,1605118.529400000348687],[988533.148599999956787,1605332.434800000861287]]]]}},
{"type":"Feature","properties":{"รหัสกลุ่มคิว":"23/002","รหัสรับเหมา":"722399","ชื่อ-สกุล รับเหมา":"นาง มะลิ งามเลิศ","นักเกษตร":"2302","ศูนย์":"K2-23","โควตา":"720242","ชาวไร่":"นาง โสภา ดีมาก","ประเภทอ้อย":"ปลายฝน","พื้นที่":5.87,"ตันรวม":76.31,"รหัสแปลง":"320607070648","กลุ่ม":"กลุ่ม_23"},"geometry":{"type":"MultiPolygon","coordinates":[[[[988324.703300000168383,1606282.770899999886751],[988432.911199999973178,1606296.722699999809265],[988441.63260000012815,1606212.045800000429153],[988328.474100000225008,1606200.181800000369549],[988325.318400000222027,1606222.412000000476837],[988325.706000000238419,1606227.018400000408292],[988323.746100000105798,1606243.285599999129772],[988327.122600000351667,1606245.168700000271201],[988324.703300000168383,1606282.770899999886751]]]]}},
{"type":"Feature","properties":{"รหัสกลุ่มคิว":"23/003","รหัสรับเหมา":"722635","ชื่อ-สกุล รับเหมา":"นาย พิชิต มณีศรี","นักเกษตร":"2303","ศูนย์":"K2-23","โควตา":"722785","ชาวไร่":"นางสาว บุญเรือง คะเรรัมย์","ประเภทอ้อย":"ตอ1","พื้นที่":5.71,"ตันรวม":51.39,"รหัสแปลง":"320607070711","กลุ่ม":"กลุ่ม_23"},"geometry":{"type":"MultiPolygon","coordinates":[[[[986920.298000000417233,1605561.196100000292063],[986917.267099999822676,1605647.260099999606609],[987034.417000000365078,1605598.5614],[987046.149000000208616,1605529.478499999269843],[986920.298000000417233,1605561.196100000292063]]]]}},
{"type":"Feature","properties":{"รหัสกลุ่มคิว":"23/002","รหัสรับเหมา":"722399","ชื่อ-สกุล รับเหมา":"นาง มะลิ งามเลิศ","นักเกษตร":"2302","ศูนย์":"K2-23","โควตา":"722399","ชาวไร่":"นาง มะลิ งามเลิศ","ประเภทอ้อย":"ตอ1","พื้นที่":11.8,"ตันรวม":106.2,"รหัสแปลง":"320607070734","กลุ่ม":"กลุ่ม_23"},"geometry":{"type":"MultiPolygon","coordinates":[[[[991456.406600000336766,1605043.80320000089705],[991458.347299999557436,1605045.876000000163913],[991584.818400000222027,1605046.731100000441074],[991617.168800000101328,1605041.82799999974668],[991617.224000000394881,1605039.055299999192357],[991571.275899999774992,1604975.821699999272823],[991525.00899999961257,1604874.303300000727177],[991465.682199999690056,1604876.635199999436736],[991457.462700000032783,1604891.265100000426173],[991456.406600000336766,1605043.80320000089705]]]]}},
{"type":"Feature","properties":{"รหัสกลุ่มคิว":"23/002","รหัสรับเหมา":"722399","ชื่อ-สกุล รับเหมา":"นาง มะลิ งามเลิศ","นักเกษตร":"2302","ศูนย์":"K2-23","โควตา":"726040","ชาวไร่":"นาย คำนึง สายกระสุน","ประเภทอ้อย":"ปลายฝน","พื้นที่":12.01,"ตันรวม":156.13,"รหัสแปลง":"320607070748","กลุ่ม":"กลุ่ม_23"},"geometry":{"type":"MultiPolygon","coordinates":[[[[989278.098500000312924,1606765.89670000039041],[989340.805399999953806,1606810.781700000166893],[989350.578599999658763,1606826.693600000813603],[989356.165400000289083,1606835.680500000715256],[989357.613699999637902,1606844.4002],[989352.351400000043213,1606873.512399999424815],[989393.288900000043213,1606925.916799999773502],[989422.463299999944866,1606899.3136],[989447.11699999962002,1606873.545199999585748],[989466.50800000037998,1606858.767200000584126],[989438.893899999558926,1606815.873099999502301],[989425.022300000302494,1606788.599899999797344],[989402.667999999597669,1606762.082900000736117],[989327.309500000439584,1606691.982999999076128],[989322.520700000226498,1606697.250399999320507],[989327.773000000044703,1606704.936200000345707],[989315.663200000301003,1606725.036499999463558],[989307.731499999761581,1606716.187999999150634],[989326.464100000448525,1606689.192399999126792],[989314.0777000002563,1606677.851600000634789],[989278.098500000312924,1606765.89670000039041]]]]}},
{"type":"Feature","properties":{"รหัสกลุ่มคิว":"23/003","รหัสรับเหมา":"722635","ชื่อ-สกุล รับเหมา":"นาย พิชิต มณีศรี","นักเกษตร":"2303","ศูนย์":"K2-23","โควตา":"720247","ชาวไร่":"นางสาว สุภาวี แสวงทรัพย์","ประเภทอ้อย":"ตอ1","พื้นที่":7.75,"ตันรวม":69.75,"รหัสแปลง":"320607070773","กลุ่ม":"กลุ่ม_23"},"geometry":{"type":"MultiPolygon","coordinates":[[[[988773.182699999772012,1605227.347400000318885],[988686.877199999988079,1605218.627900000661612],[988680.902099999599159,1605219.348300000652671],[988654.103199999779463,1605342.078700000420213],[988753.175200000405312,1605357.023399999365211],[988773.182699999772012,1605227.347400000318885]]]]}},
{"type":"Feature","properties":{"รหัสกลุ่มคิว":"23/003","รหัสรับเหมา":"722635","ชื่อ-สกุล รับเหมา":"นาย พิชิต มณีศรี","นักเกษตร":"2303","ศูนย์":"K2-23","โควตา":"727087","ชาวไร่":"นาย บุญประกอบ แกล้วกล้า","ประเภทอ้อย":"ตอ2","พื้นที่":5.24,"ตันรวม":41.92,"รหัสแปลง":"320607070803","กลุ่ม":"กลุ่ม_23"},"geometry":{"type":"MultiPolygon","coordinates":[[[[989933.805700000375509,1604937.487099999561906],[989756.251899999566376,1604908.7956000007689],[989745.899100000038743,1604954.949300000444055],[989925.318900000303984,1604982.262199999764562],[989933.805700000375509,1604937.487099999561906]]]]}},
{"type":"Feature","properties":{"รหัสกลุ่มคิว":"23/002","รหัสรับเหมา":"722399","ชื่อ-สกุล รับเหมา":"นาง มะลิ งามเลิศ","นักเกษตร":"2302","ศูนย์":"K2-23","โควตา":"727184","ชาวไร่":"นาย ลิขิต ตลับทอง","ประเภทอ้อย":"ตอ1","พื้นที่":15.97,"ตันรวม":143.73,"รหัสแปลง":"320607070829","กลุ่ม":"กลุ่ม_23"},"geometry":{"type":"MultiPolygon","coordinates":[[[[987043.161799999885261,1603052.2820999994874],[987034.914499999955297,1602995.352399999275804],[986893.757699999958277,1603008.10249999910593],[986773.709599999710917,1603010.3596],[986612.322499999776483,1603007.365199999883771],[986613.8125,1603014.051300000399351],[986665.315999999642372,1603042.9869],[986792.620000000111759,1603102.262000000104308],[986907.474000000394881,1603080.117499999701977],[986903.433699999935925,1603056.554400000721216],[987043.161799999885261,1603052.2820999994874]]]]}},
{"type":"Feature","properties":{"รหัสกลุ่มคิว":"23/002","รหัสรับเหมา":"722399","ชื่อ-สกุล รับเหมา":"นาง มะลิ งามเลิศ","นักเกษตร":"2302","ศูนย์":"K2-23","โควตา":"722773","ชาวไร่":"นาย บุญเลี้ยง บุญมี","ประเภทอ้อย":"ตอ2","พื้นที่":11.98,"ตันรวม":95.84,"รหัสแปลง":"320607070848","กลุ่ม":"กลุ่ม_23"},"geometry":{"type":"MultiPolygon","coordinates":[[[[987445.970700000412762,1605739.287100000306964],[987589.848500000312924,1605762.4024],[987591.353699999861419,1605620.3794],[987506.767099999822676,1605620.526799999177456],[987504.7171,1605605.289899999275804],[987468.332100000232458,1605598.358899999409914],[987453.650500000454485,1605629.22690000012517],[987445.970700000412762,1605739.287100000306964]]]]}},
{"type":"Feature","properties":{"รหัสกลุ่มคิว":"23/002","รหัสรับเหมา":"722399","ชื่อ-สกุล รับเหมา":"นาง มะลิ งามเลิศ","นักเกษตร":"2302","ศูนย์":"K2-23","โควตา":"722399","ชาวไร่":"นาง มะลิ งามเลิศ","ประเภทอ้อย":"ปลายฝน","พื้นที่":3.62,"ตันรวม":47.06,"รหัสแปลง":"320607071517","กลุ่ม":"กลุ่ม_23"},"geometry":{"type":"MultiPolygon","coordinates":[[[[988453.193400000222027,1606330.628599999472499],[988633.601599999703467,1606343.346999999135733],[988634.072999999858439,1606314.597500000149012],[988454.844200000166893,1606295.157999999821186],[988453.193400000222027,1606330.628599999472499]]]]}},
{"type":"Feature","properties":{"รหัสกลุ่มคิว":"23/002","รหัสรับเหมา":"722399","ชื่อ-สกุล รับเหมา":"นาง มะลิ งามเลิศ","นักเกษตร":"2302","ศูนย์":"K2-23","โควตา":"727475","ชาวไร่":"นาย บุญจง ยิ่งเจนจบ","ประเภทอ้อย":"ปลายฝน","พื้นที่":6.15,"ตันรวม":79.95,"รหัสแปลง":"320607071576","กลุ่ม":"กลุ่ม_23"},"geometry":{"type":"MultiPolygon","coordinates":[[[[987409.920300000347197,1605676.182800000533462],[987302.583700000308454,1605655.755599999800324],[987291.421799999661744,1605746.511],[987391.532200000248849,1605767.904899999499321],[987393.362399999983609,1605766.461799999698997],[987409.920300000347197,1605676.182800000533462]]]]}},
{"type":"Feature","properties":{"รหัสกลุ่มคิว":"23/002","รหัสรับเหมา":"722399","ชื่อ-สกุล รับเหมา":"นาง มะลิ งามเลิศ","นักเกษตร":"2302","ศูนย์":"K2-23","โควตา":"726213","ชาวไร่":"นาย บุญแก้ว สอนสงคราม","ประเภทอ้อย":"ตอ1","พื้นที่":10.15,"ตันรวม":91.35,"รหัสแปลง":"320607071597","กลุ่ม":"กลุ่ม_23"},"geometry":{"type":"MultiPolygon","coordinates":[[[[989809.779900000430644,1607336.200300000607967],[989901.166799999773502,1607324.8882],[989901.350499999709427,1607324.707000000402331],[989900.038499999791384,1607263.8432],[989904.503999999724329,1607247.659299999475479],[989894.014600000344217,1607177.182299999520183],[989888.376600000075996,1607134.53940000012517],[989870.378399999812245,1607133.626800000667572],[989819.6402000002563,1607139.275100000202656],[989809.779900000430644,1607336.200300000607967]]]]}},
{"type":"Feature","properties":{"รหัสกลุ่มคิว":"23/002","รหัสรับเหมา":"722399","ชื่อ-สกุล รับเหมา":"นาง มะลิ งามเลิศ","นักเกษตร":"2302","ศูนย์":"K2-23","โควตา":"720386","ชาวไร่":"นาย พรชัย จันทร์เทศ","ประเภทอ้อย":"ตอ1","พื้นที่":8.18,"ตันรวม":73.62,"รหัสแปลง":"320607071621","กลุ่ม":"กลุ่ม_23"},"geometry":{"type":"MultiPolygon","coordinates":[[[[988583.3909,1605661.255799999460578],[988376.417899999767542,1605615.686499999836087],[988363.834599999710917,1605662.320499999448657],[988330.469200000166893,1605657.17200000025332],[988329.138700000010431,1605667.097699999809265],[988573.283699999563396,1605719.407600000500679],[988575.964399999938905,1605693.556600000709295],[988571.656899999827147,1605692.17200000025332],[988574.595800000242889,1605685.259400000795722],[988578.638000000268221,1605687.269899999722838],[988583.3909,1605661.255799999460578]]]]}},
{"type":"Feature","properties":{"รหัสกลุ่มคิว":"23/002","รหัสรับเหมา":"722399","ชื่อ-สกุล รับเหมา":"นาง มะลิ งามเลิศ","นักเกษตร":"2302","ศูนย์":"K2-23","โควตา":"720243","ชาวไร่":"นาย บุญช่วย บุตรลักษณ์","ประเภทอ้อย":"ปลายฝน","พื้นที่":6.23,"ตันรวม":80.99,"รหัสแปลง":"320607071672","กลุ่ม":"กลุ่ม_23"},"geometry":{"type":"MultiPolygon","coordinates":[[[[987605.440899999812245,1604705.063100000843406],[987703.090800000354648,1604714.223099999129772],[987707.26630000025034,1604697.950899999588728],[987733.206299999728799,1604696.906999999657273],[987759.723199999891222,1604698.233200000599027],[987747.3136,1604645.402499999850988],[987621.23340000025928,1604624.114499999210238],[987605.440899999812245,1604705.063100000843406]]]]}},
{"type":"Feature","properties":{"รหัสกลุ่มคิว":"23/002","รหัสรับเหมา":"722399","ชื่อ-สกุล รับเหมา":"นาง มะลิ งามเลิศ","นักเกษตร":"2302","ศูนย์":"K2-23","โควตา":"722399","ชาวไร่":"นาง มะลิ งามเลิศ","ประเภทอ้อย":"ปลายฝน","พื้นที่":6.39,"ตันรวม":83.07,"รหัสแปลง":"320607071707","กลุ่ม":"กลุ่ม_23"},"geometry":{"type":"MultiPolygon","coordinates":[[[[988183.180499999783933,1606395.182700000703335],[988455.596499999985099,1606401.223600000143051],[988455.960099999792874,1606367.215299999341369],[988179.334999999962747,1606354.5929000005126],[988183.180499999783933,1606395.182700000703335]]]]}},
{"type":"Feature","properties":{"รหัสกลุ่มคิว":"23/003","รหัสรับเหมา":"722635","ชื่อ-สกุล รับเหมา":"นาย พิชิต มณีศรี","นักเกษตร":"2303","ศูนย์":"K2-23","โควตา":"727425","ชาวไร่":"นางสาว ฉัตรา ดวงแก้ว","ประเภทอ้อย":"ตอ1","พื้นที่":15.31,"ตันรวม":137.79,"รหัสแปลง":"320607071710","กลุ่ม":"กลุ่ม_23"},"geometry":{"type":"MultiPolygon","coordinates":[[[[986414.734299999661744,1604476.266100000590086],[986459.708899999968708,1604498.0471],[986575.961400000378489,1604417.168999999761581],[986562.033300000242889,1604405.610999999567866],[986561.775700000114739,1604354.729800000786781],[986594.364599999971688,1604355.55320000089705],[986594.666299999691546,1604333.180299999192357],[986593.302899999544024,1604228.680099999532104],[986560.159300000406802,1604246.517699999734759],[986535.948099999688566,1604268.229499999433756],[986513.995000000111759,1604275.932800000533462],[986510.6875,1604279.195900000631809],[986488.472599999979138,1604281.901499999687076],[986481.817900000140071,1604354.439300000667572],[986481.634200000204146,1604354.6206],[986462.701299999840558,1604355.356899999082088],[986414.734299999661744,1604476.266100000590086]]]]}},
{"type":"Feature","properties":{"รหัสกลุ่มคิว":"23/003","รหัสรับเหมา":"722635","ชื่อ-สกุล รับเหมา":"นาย พิชิต มณีศรี","นักเกษตร":"2303","ศูนย์":"K2-23","โควตา":"727432","ชาวไร่":"นาย วรรณศักดิ์ พวงจันทร์","ประเภทอ้อย":"ปลายฝน","พื้นที่":9.11,"ตันรวม":118.43,"รหัสแปลง":"320607071712","กลุ่ม":"กลุ่ม_23"},"geometry":{"type":"MultiPolygon","coordinates":[[[[988140.630900000222027,1607407.856300000101328],[988155.89850000012666,1607405.659199999645352],[988159.633799999952316,1607403.277899999171495],[988160.342600000090897,1607392.059599999338388],[988183.505300000309944,1607322.333100000396371],[988202.944799999706447,1607240.628100000321865],[988110.348399999551475,1607213.240000000223517],[988105.316999999806285,1607216.544199999421835],[988104.784199999645352,1607295.055700000375509],[988096.969200000166893,1607407.379499999806285],[988132.937800000421703,1607408.622500000521541],[988136.981300000101328,1607404.38230000063777],[988140.630900000222027,1607407.856300000101328]]]]}},
{"type":"Feature","properties":{"รหัสกลุ่มคิว":"23/003","รหัสรับเหมา":"722635","ชื่อ-สกุล รับเหมา":"นาย พิชิต มณีศรี","นักเกษตร":"2303","ศูนย์":"K2-23","โควตา":"720387","ชาวไร่":"นาง สมนึก บุญเพ็ชร","ประเภทอ้อย":"ตอ1","พื้นที่":11.51,"ตันรวม":103.59,"รหัสแปลง":"320607071720","กลุ่ม":"กลุ่ม_23"},"geometry":{"type":"MultiPolygon","coordinates":[[[[988460.134200000204146,1605327.687100000679493],[988459.756799999624491,1605327.4222],[988273.572999999858439,1605292.259400000795722],[988263.115899999625981,1605345.633400000631809],[988367.289900000207126,1605365.010099999606609],[988355.676400000229478,1605466.953099999576807],[988427.188299999572337,1605484.063699999824166],[988460.134200000204146,1605327.687100000679493]]]]}},
{"type":"Feature","properties":{"รหัสกลุ่มคิว":"23/003","รหัสรับเหมา":"722635","ชื่อ-สกุล รับเหมา":"นาย พิชิต มณีศรี","นักเกษตร":"2303","ศูนย์":"K2-23","โควตา":"726877","ชาวไร่":"นางสาว ไพรวัน พิมพ์จันทร์","ประเภทอ้อย":"ตอ2","พื้นที่":3.27,"ตันรวม":26.16,"รหัสแปลง":"320607071727","กลุ่ม":"กลุ่ม_23"},"geometry":{"type":"MultiPolygon","coordinates":[[[[988433.95380000025034,1604425.649299999698997],[988443.917799999937415,1604384.420800000429153],[988323.401499999687076,1604360.590099999681115],[988310.280199999921024,1604395.417700000107288],[988308.315399999730289,1604398.88370000012219],[988433.934000000357628,1604426.213600000366569],[988433.95380000025034,1604425.649299999698997]]]]}},
{"type":"Feature","properties":{"รหัสกลุ่มคิว":"23/001","รหัสรับเหมา":"738889","ชื่อ-สกุล รับเหมา":"รถตัดโรงงานเบอร์ 09","นักเกษตร":"2304","ศูนย์":"K2-23","โควตา":"722320","ชาวไร่":"นาง น้ำอ้อย ห้าวหาญ","ประเภทอ้อย":"ปลายฝน","พื้นที่":5.3,"ตันรวม":68.9,"รหัสแปลง":"320607071751","กลุ่ม":"กลุ่ม_23"},"geometry":{"type":"MultiPolygon","coordinates":[[[[989643.653800000436604,1605630.970599999651313],[989473.530899999663234,1605664.151399999856949],[989484.652700000442564,1605695.816500000655651],[989487.313400000333786,1605711.038699999451637],[989656.652300000190735,1605678.9737],[989654.505900000222027,1605673.303600000217557],[989655.090499999932945,1605666.3454],[989643.653800000436604,1605630.970599999651313]]]]}},
{"type":"Feature","properties":{"รหัสกลุ่มคิว":"23/002","รหัสรับเหมา":"722399","ชื่อ-สกุล รับเหมา":"นาง มะลิ งามเลิศ","นักเกษตร":"2302","ศูนย์":"K2-23","โควตา":"722622","ชาวไร่":"นาง นารี สุขใส","ประเภทอ้อย":"ตอ1","พื้นที่":8.46,"ตันรวม":76.14,"รหัสแปลง":"320607071785","กลุ่ม":"กลุ่ม_23"},"geometry":{"type":"MultiPolygon","coordinates":[[[[986617.68030000012368,1603311.644899999722838],[986611.552099999971688,1603229.424900000914931],[986434.922600000165403,1603241.1085],[986444.317099999636412,1603313.037799999117851],[986617.68030000012368,1603311.644899999722838]]]]}},
{"type":"Feature","properties":{"รหัสกลุ่มคิว":"23/002","รหัสรับเหมา":"722399","ชื่อ-สกุล รับเหมา":"นาง มะลิ งามเลิศ","นักเกษตร":"2302","ศูนย์":"K2-23","โควตา":"722622","ชาวไร่":"นาง นารี สุขใส","ประเภทอ้อย":"ตอ1","พื้นที่":19.72,"ตันรวม":177.48,"รหัสแปลง":"320607071786","กลุ่ม":"กลุ่ม_23"},"geometry":{"type":"MultiPolygon","coordinates":[[[[986422.942400000058115,1603236.434800000861287],[986554.625300000421703,1603228.858300000429153],[986547.518099999986589,1603141.441600000485778],[986491.141499999910593,1603003.129599999636412],[986366.407399999909103,1603005.481300000101328],[986422.942400000058115,1603236.434800000861287]]]]}},
{"type":"Feature","properties":{"รหัสกลุ่มคิว":"23/003","รหัสรับเหมา":"722635","ชื่อ-สกุล รับเหมา":"นาย พิชิต มณีศรี","นักเกษตร":"2303","ศูนย์":"K2-23","โควตา":"722635","ชาวไร่":"นาย พิชิต มณีศรี","ประเภทอ้อย":"ปลายฝน","พื้นที่":10.59,"ตันรวม":137.67,"รหัสแปลง":"320607071789","กลุ่ม":"กลุ่ม_23"},"geometry":{"type":"MultiPolygon","coordinates":[[[[989277.795800000429153,1604137.877699999138713],[989277.766499999910593,1604139.3564],[989263.845300000160933,1604232.647399999201298],[989266.35219999961555,1604233.436799999326468],[989350.410199999809265,1604246.937400000169873],[989418.364299999549985,1604254.7566],[989412.592899999581277,1604245.951199999079108],[989410.453499999828637,1604244.7993],[989407.266400000080466,1604241.962400000542402],[989402.998700000345707,1604239.104000000283122],[989401.381400000303984,1604238.887000000104308],[989397.301099999807775,1604235.662599999457598],[989397.282200000248849,1604227.526000000536442],[989397.366499999538064,1604223.274599999189377],[989394.561599999666214,1604219.335799999535084],[989393.135400000028312,1604218.567800000309944],[989391.561999999918044,1604216.1327],[989390.867200000211596,1604214.8246],[989389.536199999973178,1604209.250700000673532],[989389.833599999547005,1604203.339299999177456],[989386.804100000299513,1604192.554199999198318],[989388.549200000241399,1604177.240800000727177],[989388.38370000012219,1604176.497899999842048],[989386.321299999952316,1604171.464299999177456],[989384.799200000241399,1604166.441400000825524],[989384.482900000177324,1604164.216199999675155],[989383.810100000351667,1604161.798900000751019],[989383.8284,1604160.87470000050962],[989382.589100000448525,1604150.6798],[989379.206699999980628,1604139.517899999395013],[989380.202499999664724,1604134.729800000786781],[989380.059000000357628,1604132.877800000831485],[989377.596099999733269,1604129.870400000363588],[989373.827800000086427,1604119.995200000703335],[989372.635999999940395,1604107.397299999371171],[989377.384300000034273,1604095.102099999785423],[989377.777499999850988,1604093.445699999108911],[989377.0773,1604065.139799999073148],[989379.178899999707937,1604050.018400000408292],[989277.795800000429153,1604137.877699999138713]]]]}},
{"type":"Feature","properties":{"รหัสกลุ่มคิว":"23/002","รหัสรับเหมา":"722399","ชื่อ-สกุล รับเหมา":"นาง มะลิ งามเลิศ","นักเกษตร":"2302","ศูนย์":"K2-23","โควตา":"722987","ชาวไร่":"นาง สำรวย คำลิว","ประเภทอ้อย":"ตอ1","พื้นที่":4.96,"ตันรวม":44.64,"รหัสแปลง":"320607071805","กลุ่ม":"กลุ่ม_23"},"geometry":{"type":"MultiPolygon","coordinates":[[[[988336.886699999682605,1606194.894200000911951],[988338.379599999636412,1606155.9070999994874],[988156.635800000280142,1606135.481000000610948],[988159.080400000326335,1606184.901100000366569],[988336.886699999682605,1606194.894200000911951]]]]}},
{"type":"Feature","properties":{"รหัสกลุ่มคิว":"23/001","รหัสรับเหมา":"738889","ชื่อ-สกุล รับเหมา":"รถตัดโรงงานเบอร์ 09","นักเกษตร":"2304","ศูนย์":"K2-23","โควตา":"727012","ชาวไร่":"นาย วิเชียร ตลับทอง","ประเภทอ้อย":"ปลายฝน","พื้นที่":2.25,"ตันรวม":29.25,"รหัสแปลง":"320607071810","กลุ่ม":"กลุ่ม_23"},"geometry":{"type":"MultiPolygon","coordinates":[[[[989039.472500000149012,1604826.0296],[989042.606399999931455,1604858.82149999961257],[989043.124699999578297,1604859.941299999132752],[989140.547399999573827,1604853.551100000739098],[989141.478600000031292,1604815.662100000306964],[989039.472500000149012,1604826.0296]]]]}},
{"type":"Feature","properties":{"รหัสกลุ่มคิว":"23/003","รหัสรับเหมา":"722635","ชื่อ-สกุล รับเหมา":"นาย พิชิต มณีศรี","นักเกษตร":"2303","ศูนย์":"K2-23","โควตา":"720247","ชาวไร่":"นางสาว สุภาวี แสวงทรัพย์","ประเภทอ้อย":"ตอ3","พื้นที่":5.79,"ตันรวม":40.53,"รหัสแปลง":"320607071815","กลุ่ม":"กลุ่ม_23"},"geometry":{"type":"MultiPolygon","coordinates":[[[[988665.659199999645352,1605107.958499999716878],[988651.731100000441074,1605223.441400000825524],[988631.272900000214577,1605219.48369999974966],[988624.061499999836087,1605260.352800000458956],[988606.646300000138581,1605255.910599999129772],[988589.873999999836087,1605337.94400000013411],[988645.180399999953806,1605350.312899999320507],[988648.262500000186265,1605343.70380000025034],[988693.243300000205636,1605110.633899999782443],[988689.60869999974966,1605109.817500000819564],[988665.659199999645352,1605107.958499999716878]]]]}},
{"type":"Feature","properties":{"รหัสกลุ่มคิว":"23/003","รหัสรับเหมา":"722635","ชื่อ-สกุล รับเหมา":"นาย พิชิต มณีศรี","นักเกษตร":"2303","ศูนย์":"K2-23","โควตา":"722882","ชาวไร่":"นาง สารภี จันทวงศ์","ประเภทอ้อย":"ตอ1","พื้นที่":3.33,"ตันรวม":29.97,"รหัสแปลง":"320607080034","กลุ่ม":"กลุ่ม_23"},"geometry":{"type":"MultiPolygon","coordinates":[[[[988614.063299999572337,1609470.190700000151992],[988581.222699999809265,1609471.63370000012219],[988574.962299999780953,1609485.563999999314547],[988574.803000000305474,1609589.0929000005126],[988633.6705,1609582.183800000697374],[988619.186499999836087,1609528.755000000819564],[988614.063299999572337,1609470.190700000151992]]]]}},
{"type":"Feature","properties":{"รหัสกลุ่มคิว":"23/002","รหัสรับเหมา":"722399","ชื่อ-สกุล รับเหมา":"นาง มะลิ งามเลิศ","นักเกษตร":"2302","ศูนย์":"K2-23","โควตา":"722881","ชาวไร่":"นาง สำเรียง สีคำ","ประเภทอ้อย":"ตอ1","พื้นที่":3.52,"ตันรวม":31.68,"รหัสแปลง":"320607080045","กลุ่ม":"กลุ่ม_23"},"geometry":{"type":"MultiPolygon","coordinates":[[[[988431.430700000375509,1609677.254899999126792],[988296.936200000345707,1609677.32630000077188],[988302.816499999724329,1609726.247999999672174],[988377.156999999657273,1609720.478900000452995],[988380.200299999676645,1609716.415400000289083],[988426.754200000315905,1609717.135600000619888],[988431.430700000375509,1609677.254899999126792]]]]}},
{"type":"Feature","properties":{"รหัสกลุ่มคิว":"23/002","รหัสรับเหมา":"722399","ชื่อ-สกุล รับเหมา":"นาง มะลิ งามเลิศ","นักเกษตร":"2302","ศูนย์":"K2-23","โควตา":"722399","ชาวไร่":"นาง มะลิ งามเลิศ","ประเภทอ้อย":"ปลายฝน","พื้นที่":21.83,"ตันรวม":283.79,"รหัสแปลง":"320607080054","กลุ่ม":"กลุ่ม_23"},"geometry":{"type":"MultiPolygon","coordinates":[[[[988804.518500000238419,1609448.668999999761581],[988808.572399999946356,1609480.369899999350309],[988777.603699999861419,1609488.6305],[988798.162499999627471,1609578.167899999767542],[989060.626799999736249,1609569.330700000748038],[989059.450799999758601,1609555.9934],[989083.591599999926984,1609546.857699999585748],[989077.193300000391901,1609460.9298],[989029.565799999982119,1609464.421],[989026.294999999925494,1609447.713600000366569],[988804.518500000238419,1609448.668999999761581]]]]}},
{"type":"Feature","properties":{"รหัสกลุ่มคิว":"23/003","รหัสรับเหมา":"722635","ชื่อ-สกุล รับเหมา":"นาย พิชิต มณีศรี","นักเกษตร":"2303","ศูนย์":"K2-23","โควตา":"726003","ชาวไร่":"นาง สมใจ งามเลิศ","ประเภทอ้อย":"ปลายฝน","พื้นที่":5.52,"ตันรวม":71.76,"รหัสแปลง":"320607080075","กลุ่ม":"กลุ่ม_23"},"geometry":{"type":"MultiPolygon","coordinates":[[[[988583.721300000324845,1609677.470200000330806],[988574.208899999968708,1609633.4901],[988436.658999999985099,1609621.321100000292063],[988437.456399999558926,1609612.342599999159575],[988404.978699999861419,1609614.1447],[988407.620900000445545,1609675.0285],[988583.721300000324845,1609677.470200000330806]]]]}},
{"type":"Feature","properties":{"รหัสกลุ่มคิว":"23/003","รหัสรับเหมา":"722635","ชื่อ-สกุล รับเหมา":"นาย พิชิต มณีศรี","นักเกษตร":"2303","ศูนย์":"K2-23","โควตา":"722882","ชาวไร่":"นาง สารภี จันทวงศ์","ประเภทอ้อย":"ปลายฝน","พื้นที่":0.96,"ตันรวม":12.48,"รหัสแปลง":"320607080082","กลุ่ม":"กลุ่ม_23"},"geometry":{"type":"MultiPolygon","coordinates":[[[[988574.499200000427663,1609465.894200000911951],[988613.8125,1609458.892100000753999],[988612.765100000426173,1609421.775100000202656],[988568.436300000175834,1609430.646600000560284],[988574.499200000427663,1609465.894200000911951]]]]}},
{"type":"Feature","properties":{"รหัสกลุ่มคิว":"23/002","รหัสรับเหมา":"722399","ชื่อ-สกุล รับเหมา":"นาง มะลิ งามเลิศ","นักเกษตร":"2302","ศูนย์":"K2-23","โควตา":"722881","ชาวไร่":"นาง สำเรียง สีคำ","ประเภทอ้อย":"ปลายฝน","พื้นที่":5.99,"ตันรวม":77.87,"รหัสแปลง":"320607080084","กลุ่ม":"กลุ่ม_23"},"geometry":{"type":"MultiPolygon","coordinates":[[[[989307.099100000225008,1609667.742200000211596],[989433.385300000198185,1609668.158700000494719],[989435.337299999780953,1609594.057600000873208],[989323.526600000448525,1609590.9879],[989317.662700000219047,1609591.761099999770522],[989307.436599999666214,1609596.544800000265241],[989307.099100000225008,1609667.742200000211596]]]]}},
{"type":"Feature","properties":{"รหัสกลุ่มคิว":"23/002","รหัสรับเหมา":"722399","ชื่อ-สกุล รับเหมา":"นาง มะลิ งามเลิศ","นักเกษตร":"2302","ศูนย์":"K2-23","โควตา":"722119","ชาวไร่":"นาย อนันต์ ยอดอ่อน","ประเภทอ้อย":"ปลายฝน","พื้นที่":2.45,"ตันรวม":31.85,"รหัสแปลง":"320607080086","กลุ่ม":"กลุ่ม_23"},"geometry":{"type":"MultiPolygon","coordinates":[[[[988541.054100000299513,1608994.284800000488758],[988542.464599999599159,1608958.0320999994874],[988472.750900000333786,1608959.0285],[988469.513299999758601,1608954.7138],[988439.025600000284612,1608958.158700000494719],[988445.294700000435114,1609000.11089999973774],[988541.054100000299513,1608994.284800000488758]]]]}},
{"type":"Feature","properties":{"รหัสกลุ่มคิว":"23/003","รหัสรับเหมา":"722635","ชื่อ-สกุล รับเหมา":"นาย พิชิต มณีศรี","นักเกษตร":"2303","ศูนย์":"K2-23","โควตา":"722281","ชาวไร่":"นาย กีด ปานทอง","ประเภทอ้อย":"ตอ1","พื้นที่":1.45,"ตันรวม":13.05,"รหัสแปลง":"320607080089","กลุ่ม":"กลุ่ม_23"},"geometry":{"type":"MultiPolygon","coordinates":[[[[988464.993200000375509,1609431.572300000116229],[988461.112099999561906,1609456.413499999791384],[988568.127799999900162,1609443.234099999070168],[988566.448800000362098,1609423.382099999114871],[988464.993200000375509,1609431.572300000116229]]]]}},
{"type":"Feature","properties":{"รหัสกลุ่มคิว":"23/002","รหัสรับเหมา":"722399","ชื่อ-สกุล รับเหมา":"นาง มะลิ งามเลิศ","นักเกษตร":"2302","ศูนย์":"K2-23","โควตา":"726213","ชาวไร่":"นาย บุญแก้ว สอนสงคราม","ประเภทอ้อย":"ตอ1","พื้นที่":3.36,"ตันรวม":30.24,"รหัสแปลง":"320607081517","กลุ่ม":"กลุ่ม_23"},"geometry":{"type":"MultiPolygon","coordinates":[[[[988560.879200000315905,1609365.954500000923872],[988557.631000000052154,1609327.207800000905991],[988417.801199999637902,1609334.97069999948144],[988423.936300000175834,1609373.457299999892712],[988560.879200000315905,1609365.954500000923872]]]]}},
{"type":"Feature","properties":{"รหัสกลุ่มคิว":"23/002","รหัสรับเหมา":"722399","ชื่อ-สกุล รับเหมา":"นาง มะลิ งามเลิศ","นักเกษตร":"2302","ศูนย์":"K2-23","โควตา":"726487","ชาวไร่":"นาง อุราวรรณ นานใหม่","ประเภทอ้อย":"ตอ1","พื้นที่":2.45,"ตันรวม":22.05,"รหัสแปลง":"320607081518","กลุ่ม":"กลุ่ม_23"},"geometry":{"type":"MultiPolygon","coordinates":[[[[988517.567599999718368,1608821.175200000405312],[988467.491600000299513,1608820.92090000025928],[988468.055399999953806,1608874.670800000429153],[988543.014899999834597,1608873.754699999466538],[988544.156200000084937,1608825.329900000244379],[988529.149500000290573,1608822.118599999696016],[988529.043700000271201,1608827.621899999678135],[988518.407399999909103,1608827.833599999547005],[988517.567599999718368,1608821.175200000405312]]]]}},
{"type":"Feature","properties":{"รหัสกลุ่มคิว":"23/002","รหัสรับเหมา":"722399","ชื่อ-สกุล รับเหมา":"นาง มะลิ งามเลิศ","นักเกษตร":"2302","ศูนย์":"K2-23","โควตา":"726487","ชาวไร่":"นาง อุราวรรณ นานใหม่","ประเภทอ้อย":"ตอ2","พื้นที่":3.82,"ตันรวม":30.56,"รหัสแปลง":"320607081530","กลุ่ม":"กลุ่ม_23"},"geometry":{"type":"MultiPolygon","coordinates":[[[[988469.361499999649823,1608917.781600000336766],[988547.021999999880791,1608916.919199999421835],[988544.900299999862909,1608878.599899999797344],[988415.664499999955297,1608882.1371],[988437.081500000320375,1608955.78800000064075],[988472.997299999929965,1608952.432700000703335],[988469.361499999649823,1608917.781600000336766]]]]}},
{"type":"Feature","properties":{"รหัสกลุ่มคิว":"23/001","รหัสรับเหมา":"738889","ชื่อ-สกุล รับเหมา":"รถตัดโรงงานเบอร์ 09","นักเกษตร":"2304","ศูนย์":"K2-23","โควตา":"722063","ชาวไร่":"นาง เทพดา ก่อแก้ว","ประเภทอ้อย":"ปลายฝน","พื้นที่":2.4,"ตันรวม":31.2,"รหัสแปลง":"320607090050","กลุ่ม":"กลุ่ม_23"},"geometry":{"type":"MultiPolygon","coordinates":[[[[983420.930399999953806,1605002.426400000229478],[983410.212500000372529,1604958.512399999424815],[983334.322300000116229,1604975.950999999418855],[983327.817699999548495,1604977.955900000408292],[983326.012099999934435,1604980.954800000414252],[983327.019999999552965,1604980.988900000229478],[983325.831100000068545,1605021.372400000691414],[983350.946000000461936,1605016.485999999567866],[983349.378999999724329,1605009.679099999368191],[983368.602699999697506,1605006.334699999541044],[983370.116600000299513,1605011.382200000807643],[983420.930399999953806,1605002.426400000229478]]]]}},
{"type":"Feature","properties":{"รหัสกลุ่มคิว":"23/001","รหัสรับเหมา":"738889","ชื่อ-สกุล รับเหมา":"รถตัดโรงงานเบอร์ 09","นักเกษตร":"2304","ศูนย์":"K2-23","โควตา":"722373","ชาวไร่":"นาย วาทิน ยืนยง","ประเภทอ้อย":"ตอ2","พื้นที่":6.67,"ตันรวม":53.36,"รหัสแปลง":"320607090096","กลุ่ม":"กลุ่ม_23"},"geometry":{"type":"MultiPolygon","coordinates":[[[[982731.754999999888241,1605102.830299999564886],[982873.120000000111759,1605074.563500000163913],[982872.170300000347197,1605072.6656],[982871.757500000298023,1605071.384999999776483],[982871.341400000266731,1605070.055600000545382],[982870.776800000108778,1605067.423000000417233],[982870.074900000356138,1605062.250600000843406],[982871.919800000265241,1605059.170399999246001],[982872.843500000424683,1605058.755799999460578],[982880.911000000312924,1605059.021299999207258],[982882.405799999833107,1605058.093100000172853],[982881.357300000265241,1605054.552500000223517],[982880.965499999932945,1605052.703199999406934],[982880.317300000227988,1605044.894799999892712],[982879.494099999777973,1605041.223200000822544],[982881.428700000047684,1605019.094200000166893],[982881.013700000010431,1605015.943099999800324],[982882.070899999700487,1605010.0285],[982883.8277000002563,1604996.2642],[982883.242600000463426,1604995.947699999436736],[982852.988199999555945,1604996.346300000324845],[982848.83490000013262,1604997.460899999365211],[982848.226300000213087,1604998.846799999475479],[982847.9704,1605000.043299999088049],[982847.6097999997437,1605004.107699999585748],[982844.552699999883771,1605012.403899999335408],[982843.69400000013411,1605012.919600000604987],[982841.486499999649823,1605013.147099999710917],[982724.977699999697506,1605036.350199999287724],[982724.33490000013262,1605036.720300000160933],[982724.321600000374019,1605037.119400000199676],[982731.150999999605119,1605102.982599999755621],[982731.343799999915063,1605103.0164],[982731.625799999572337,1605103.080700000748038],[982731.754999999888241,1605102.830299999564886]]]]}},
{"type":"Feature","properties":{"รหัสกลุ่มคิว":"23/001","รหัสรับเหมา":"738889","ชื่อ-สกุล รับเหมา":"รถตัดโรงงานเบอร์ 09","นักเกษตร":"2304","ศูนย์":"K2-23","โควตา":"722153","ชาวไร่":"นาง เนียม นุกจัม","ประเภทอ้อย":"ตอ1","พื้นที่":9.38,"ตันรวม":84.42,"รหัสแปลง":"320607090135","กลุ่ม":"กลุ่ม_23"},"geometry":{"type":"MultiPolygon","coordinates":[[[[982834.337299999780953,1604892.932600000873208],[982823.789800000376999,1604803.622600000351667],[982770.57010000012815,1604814.006999999284744],[982754.219100000336766,1604746.940300000831485],[982696.789200000464916,1604753.884400000795722],[982711.892799999564886,1604895.999500000849366],[982714.415000000037253,1604897.089500000700355],[982713.010999999940395,1604910.450200000777841],[982834.337299999780953,1604892.932600000873208]]]]}},
{"type":"Feature","properties":{"รหัสกลุ่มคิว":"23/001","รหัสรับเหมา":"738889","ชื่อ-สกุล รับเหมา":"รถตัดโรงงานเบอร์ 09","นักเกษตร":"2304","ศูนย์":"K2-23","โควตา":"727466","ชาวไร่":"นางสาว ปลายฟ้า มนตรีโพธิ์","ประเภทอ้อย":"ปลายฝน","พื้นที่":7.02,"ตันรวม":91.26,"รหัสแปลง":"320607091543","กลุ่ม":"กลุ่ม_23"},"geometry":{"type":"MultiPolygon","coordinates":[[[[984468.108099999837577,1603069.580700000748038],[984353.509300000034273,1602910.080299999564886],[984309.582299999892712,1602947.386399999260902],[984422.783300000242889,1603105.176200000569224],[984468.108099999837577,1603069.580700000748038]]]]}},
{"type":"Feature","properties":{"รหัสกลุ่มคิว":"23/001","รหัสรับเหมา":"738889","ชื่อ-สกุล รับเหมา":"รถตัดโรงงานเบอร์ 09","นักเกษตร":"2304","ศูนย์":"K2-23","โควตา":"726400","ชาวไร่":"นาง พาย พานิรัมย์","ประเภทอ้อย":"ตอ1","พื้นที่":6.23,"ตันรวม":56.07,"รหัสแปลง":"320607091577","กลุ่ม":"กลุ่ม_23"},"geometry":{"type":"MultiPolygon","coordinates":[[[[982868.102699999697506,1603563.8476],[982907.185499999672174,1603713.537399999797344],[982949.207700000144541,1603700.685900000855327],[982960.741100000217557,1603691.4583],[982964.245900000445545,1603685.040200000628829],[982965.138000000268221,1603678.5088],[982964.665400000289083,1603668.787900000810623],[982931.248599999584258,1603548.060900000855327],[982868.102699999697506,1603563.8476]]]]}},
{"type":"Feature","properties":{"รหัสกลุ่มคิว":"23/001","รหัสรับเหมา":"738889","ชื่อ-สกุล รับเหมา":"รถตัดโรงงานเบอร์ 09","นักเกษตร":"2304","ศูนย์":"K2-23","โควตา":"720204","ชาวไร่":"นาย คำนวน ชิมบุญ","ประเภทอ้อย":"ปลายฝน","พื้นที่":4.19,"ตันรวม":54.47,"รหัสแปลง":"320607091596","กลุ่ม":"กลุ่ม_23"},"geometry":{"type":"MultiPolygon","coordinates":[[[[983299.415699999779463,1603763.493699999526143],[983372.331799999810755,1603864.299200000241399],[983412.38289999961853,1603863.187400000169873],[983420.818099999800324,1603862.027899999171495],[983305.650700000114739,1603703.4206000007689],[983295.934999999590218,1603709.298900000751019],[983301.630800000391901,1603757.690500000491738],[983299.415699999779463,1603763.493699999526143]]]]}},
{"type":"Feature","properties":{"รหัสกลุ่มคิว":"23/003","รหัสรับเหมา":"722635","ชื่อ-สกุล รับเหมา":"นาย พิชิต มณีศรี","นักเกษตร":"2303","ศูนย์":"K2-23","โควตา":"727273","ชาวไร่":"นางสาว นิตยา ชาญศรี","ประเภทอ้อย":"ตอ1","พื้นที่":7.28,"ตันรวม":65.52,"รหัสแปลง":"320607100082","กลุ่ม":"กลุ่ม_23"},"geometry":{"type":"MultiPolygon","coordinates":[[[[984835.659699999727309,1603287.547700000926852],[984812.929399999789894,1603305.04759999923408],[984825.012299999594688,1603321.58],[984826.721699999645352,1603355.88370000012219],[984817.35219999961555,1603373.8322],[984895.168700000271201,1603482.799900000914931],[984953.953300000168383,1603439.714600000530481],[984835.659699999727309,1603287.547700000926852]]]]}},
{"type":"Feature","properties":{"รหัสกลุ่มคิว":"23/003","รหัสรับเหมา":"722635","ชื่อ-สกุล รับเหมา":"นาย พิชิต มณีศรี","นักเกษตร":"2303","ศูนย์":"K2-23","โควตา":"722412","ชาวไร่":"นาง สุดใจ ลักขษร","ประเภทอ้อย":"ปลายฝน","พื้นที่":6.34,"ตันรวม":82.42,"รหัสแปลง":"320607100137","กลุ่ม":"กลุ่ม_23"},"geometry":{"type":"MultiPolygon","coordinates":[[[[984224.891200000420213,1605164.07909999974072],[984386.05449999962002,1605118.902100000530481],[984358.406999999657273,1605101.021299999207258],[984313.501400000415742,1605113.81220000050962],[984294.487900000065565,1605070.697499999776483],[984338.058899999596179,1605047.477299999445677],[984325.768199999816716,1605024.618200000375509],[984299.610500000417233,1605037.058399999514222],[984291.797100000083447,1605038.654500000178814],[984225.652700000442564,1605075.165300000458956],[984238.686599999666214,1605094.635099999606609],[984226.42949999962002,1605103.1645],[984224.891200000420213,1605164.07909999974072]]]]}},
{"type":"Feature","properties":{"รหัสกลุ่มคิว":"23/001","รหัสรับเหมา":"738889","ชื่อ-สกุล รับเหมา":"รถตัดโรงงานเบอร์ 09","นักเกษตร":"2304","ศูนย์":"K2-23","โควตา":"720204","ชาวไร่":"นาย คำนวน ชิมบุญ","ประเภทอ้อย":"ตอ1","พื้นที่":4.85,"ตันรวม":43.65,"รหัสแปลง":"320607100258","กลุ่ม":"กลุ่ม_23"},"geometry":{"type":"MultiPolygon","coordinates":[[[[983305.006599999964237,1603629.781300000846386],[983323.206600000150502,1603654.045199999585748],[983428.843700000084937,1603593.773199999704957],[983388.472900000400841,1603537.739099999889731],[983368.804700000211596,1603549.603000000119209],[983364.16260000038892,1603546.186200000345707],[983330.28899999987334,1603563.049599999561906],[983333.557699999772012,1603572.788699999451637],[983302.770299999974668,1603592.975299999117851],[983317.562400000169873,1603621.020899999886751],[983305.006599999964237,1603629.781300000846386]]]]}},
{"type":"Feature","properties":{"รหัสกลุ่มคิว":"23/003","รหัสรับเหมา":"722635","ชื่อ-สกุล รับเหมา":"นาย พิชิต มณีศรี","นักเกษตร":"2303","ศูนย์":"K2-23","โควตา":"726013","ชาวไร่":"นางสาว พวงแก้ว เรืองเกษม","ประเภทอ้อย":"ปลายฝน","พื้นที่":5.41,"ตันรวม":70.33,"รหัสแปลง":"320607100299","กลุ่ม":"กลุ่ม_23"},"geometry":{"type":"MultiPolygon","coordinates":[[[[985564.274000000208616,1603357.485999999567866],[985522.184200000017881,1603284.290200000628829],[985460.758899999782443,1603324.519099999219179],[985522.088999999687076,1603430.859099999070168],[985576.558000000193715,1603388.352399999275804],[985564.405899999663234,1603364.19510000012815],[985564.274000000208616,1603357.485999999567866]]]]}},
{"type":"Feature","properties":{"รหัสกลุ่มคิว":"23/001","รหัสรับเหมา":"738889","ชื่อ-สกุล รับเหมา":"รถตัดโรงงานเบอร์ 09","นักเกษตร":"2304","ศูนย์":"K2-23","โควตา":"722360","ชาวไร่":"นาง ลำดวน เรืองเกษม","ประเภทอ้อย":"ปลายฝน","พื้นที่":7.27,"ตันรวม":94.51,"รหัสแปลง":"320607100317","กลุ่ม":"กลุ่ม_23"},"geometry":{"type":"MultiPolygon","coordinates":[[[[983829.08490000013262,1604897.14130000025034],[983854.071000000461936,1604977.0164],[983992.809799999929965,1604926.502499999478459],[983985.389700000174344,1604865.10050000064075],[983894.812300000339746,1604876.77140000090003],[983829.08490000013262,1604897.14130000025034]]]]}},
{"type":"Feature","properties":{"รหัสกลุ่มคิว":"23/003","รหัสรับเหมา":"722635","ชื่อ-สกุล รับเหมา":"นาย พิชิต มณีศรี","นักเกษตร":"2303","ศูนย์":"K2-23","โควตา":"726682","ชาวไร่":"นางสาว อำนวย จันดาสี","ประเภทอ้อย":"ตอ1","พื้นที่":21.21,"ตันรวม":190.89,"รหัสแปลง":"320607100339","กลุ่ม":"กลุ่ม_23"},"geometry":{"type":"MultiPolygon","coordinates":[[[[985485.455099999904633,1604366.273299999535084],[985337.88910000026226,1604164.894899999722838],[985266.60259999986738,1604212.932],[985329.197499999776483,1604301.205399999395013],[985244.919499999843538,1604360.404200000688434],[985297.664599999785423,1604431.143400000408292],[985386.896200000308454,1604378.8608],[985422.237499999813735,1604425.573000000789762],[985482.789499999955297,1604412.265799999237061],[985516.775799999944866,1604390.1875],[985485.455099999904633,1604366.273299999535084]]]]}},
{"type":"Feature","properties":{"รหัสกลุ่มคิว":"23/003","รหัสรับเหมา":"722635","ชื่อ-สกุล รับเหมา":"นาย พิชิต มณีศรี","นักเกษตร":"2303","ศูนย์":"K2-23","โควตา":"727188","ชาวไร่":"นางสาว มินตรา จันดาสี","ประเภทอ้อย":"ปลายฝน","พื้นที่":3.78,"ตันรวม":49.14,"รหัสแปลง":"320607100345","กลุ่ม":"กลุ่ม_23"},"geometry":{"type":"MultiPolygon","coordinates":[[[[985164.073499999940395,1604032.241900000721216],[985203.850399999879301,1604106.3947],[985266.783099999651313,1604058.120999999344349],[985217.356800000183284,1603991.99379999935627],[985164.073499999940395,1604032.241900000721216]]]]}},
{"type":"Feature","properties":{"รหัสกลุ่มคิว":"23/003","รหัสรับเหมา":"722635","ชื่อ-สกุล รับเหมา":"นาย พิชิต มณีศรี","นักเกษตร":"2303","ศูนย์":"K2-23","โควตา":"727273","ชาวไร่":"นางสาว นิตยา ชาญศรี","ประเภทอ้อย":"ตอ1","พื้นที่":6.32,"ตันรวม":56.88,"รหัสแปลง":"320607100359","กลุ่ม":"กลุ่ม_23"},"geometry":{"type":"MultiPolygon","coordinates":[[[[984546.143699999898672,1603490.091900000348687],[984587.658400000073016,1603455.216600000858307],[984584.917299999855459,1603447.598099999129772],[984544.636400000192225,1603392.794199999421835],[984533.280600000172853,1603376.72580000013113],[984510.05559999961406,1603344.425599999725819],[984483.584300000220537,1603308.546700000762939],[984439.00800000037998,1603341.05599999986589],[984546.143699999898672,1603490.091900000348687]]]]}},
{"type":"Feature","properties":{"รหัสกลุ่มคิว":"23/001","รหัสรับเหมา":"738889","ชื่อ-สกุล รับเหมา":"รถตัดโรงงานเบอร์ 09","นักเกษตร":"2304","ศูนย์":"K2-23","โควตา":"726935","ชาวไร่":"นาย ปะ แซ่ล้อ","ประเภทอ้อย":"ปลายฝน","พื้นที่":7.89,"ตันรวม":102.57,"รหัสแปลง":"320607101530","กลุ่ม":"กลุ่ม_23"},"geometry":{"type":"MultiPolygon","coordinates":[[[[983841.257799999788404,1603534.512000000104308],[983947.325299999676645,1603692.480499999597669],[984004.21999999973923,1603648.381400000303984],[983905.355899999849498,1603516.109099999070168],[983889.737499999813735,1603500.628499999642372],[983841.257799999788404,1603534.512000000104308]]]]}},
{"type":"Feature","properties":{"รหัสกลุ่มคิว":"23/003","รหัสรับเหมา":"722635","ชื่อ-สกุล รับเหมา":"นาย พิชิต มณีศรี","นักเกษตร":"2303","ศูนย์":"K2-23","โควตา":"727409","ชาวไร่":"นางสาว ธิดารัตน์ เมินดี","ประเภทอ้อย":"ตอ1","พื้นที่":6.8,"ตันรวม":61.2,"รหัสแปลง":"320607101540","กลุ่ม":"กลุ่ม_23"},"geometry":{"type":"MultiPolygon","coordinates":[[[[985005.038399999961257,1604032.599700000137091],[984849.197100000455976,1604137.92850000038743],[984885.550599999725819,1604185.846400000154972],[985036.96030000038445,1604079.162699999287724],[985005.038399999961257,1604032.599700000137091]]]]}},
{"type":"Feature","properties":{"รหัสกลุ่มคิว":"23/003","รหัสรับเหมา":"722635","ชื่อ-สกุล รับเหมา":"นาย พิชิต มณีศรี","นักเกษตร":"2303","ศูนย์":"K2-23","โควตา":"727188","ชาวไร่":"นางสาว มินตรา จันดาสี","ประเภทอ้อย":"ปลายฝน","พื้นที่":5.2,"ตันรวม":67.6,"รหัสแปลง":"320607101565","กลุ่ม":"กลุ่ม_23"},"geometry":{"type":"MultiPolygon","coordinates":[[[[983799.839200000278652,1604037.5888],[983843.451399999670684,1604106.869999999180436],[983856.349299999885261,1604102.961500000208616],[983862.780799999833107,1604103.054999999701977],[983871.93059999961406,1604109.6228],[983926.058199999853969,1604071.409399999305606],[983864.768400000408292,1603989.15819999948144],[983799.839200000278652,1604037.5888]]]]}},
{"type":"Feature","properties":{"รหัสกลุ่มคิว":"23/003","รหัสรับเหมา":"722635","ชื่อ-สกุล รับเหมา":"นาย พิชิต มณีศรี","นักเกษตร":"2303","ศูนย์":"K2-23","โควตา":"727360","ชาวไร่":"นางสาว สุวิมล สำรวมจิต","ประเภทอ้อย":"ปลายฝน","พื้นที่":6.78,"ตันรวม":88.14,"รหัสแปลง":"320607101568","กลุ่ม":"กลุ่ม_23"},"geometry":{"type":"MultiPolygon","coordinates":[[[[983826.00040000025183,1604765.939500000327826],[984025.512699999846518,1604680.757200000807643],[984008.880699999630451,1604656.881400000303984],[983998.411999999545515,1604659.043600000441074],[983995.92090000025928,1604654.987500000745058],[983990.476099999621511,1604651.453700000420213],[983957.521900000050664,1604652.215299999341369],[983886.588000000454485,1604683.244799999520183],[983799.636800000444055,1604719.97440000064671],[983826.00040000025183,1604765.939500000327826]]]]}},
{"type":"Feature","properties":{"รหัสกลุ่มคิว":"23/003","รหัสรับเหมา":"722635","ชื่อ-สกุล รับเหมา":"นาย พิชิต มณีศรี","นักเกษตร":"2303","ศูนย์":"K2-23","โควตา":"727273","ชาวไร่":"นางสาว นิตยา ชาญศรี","ประเภทอ้อย":"ปลายฝน","พื้นที่":12.81,"ตันรวม":166.53,"รหัสแปลง":"320607101582","กลุ่ม":"กลุ่ม_23"},"geometry":{"type":"MultiPolygon","coordinates":[[[[984827.731900000013411,1603056.933599999174476],[984734.38289999961853,1603125.789799999445677],[984840.282100000418723,1603268.503100000321865],[984932.876699999906123,1603205.919700000435114],[984827.731900000013411,1603056.933599999174476]]]]}},
{"type":"Feature","properties":{"รหัสกลุ่มคิว":"23/001","รหัสรับเหมา":"738889","ชื่อ-สกุล รับเหมา":"รถตัดโรงงานเบอร์ 09","นักเกษตร":"2304","ศูนย์":"K2-23","โควตา":"722407","ชาวไร่":"นาย หวล ทองลาย","ประเภทอ้อย":"ตอ2","พื้นที่":8.63,"ตันรวม":69.04,"รหัสแปลง":"320607101584","กลุ่ม":"กลุ่ม_23"},"geometry":{"type":"MultiPolygon","coordinates":[[[[984718.904900000430644,1602901.052999999374151],[984594.435700000263751,1602729.774800000712276],[984543.995500000193715,1602768.810900000855327],[984665.088200000114739,1602941.018500000238419],[984718.904900000430644,1602901.052999999374151]]]]}},
{"type":"Feature","properties":{"รหัสกลุ่มคิว":"23/003","รหัสรับเหมา":"722635","ชื่อ-สกุล รับเหมา":"นาย พิชิต มณีศรี","นักเกษตร":"2303","ศูนย์":"K2-23","โควตา":"722434","ชาวไร่":"นาง บัวพา มณีศรี","ประเภทอ้อย":"ตอ2","พื้นที่":5.97,"ตันรวม":47.76,"รหัสแปลง":"320607120077","กลุ่ม":"กลุ่ม_23"},"geometry":{"type":"MultiPolygon","coordinates":[[[[985776.430900000035763,1606541.014399999752641],[985782.540599999949336,1606524.496500000357628],[985788.073900000192225,1606516.381300000473857],[985790.055900000035763,1606511.082800000905991],[985475.779299999587238,1606470.17339999973774],[985473.508399999700487,1606500.187699999660254],[985776.430900000035763,1606541.014399999752641]]]]}},
{"type":"Feature","properties":{"รหัสกลุ่มคิว":"23/003","รหัสรับเหมา":"722635","ชื่อ-สกุล รับเหมา":"นาย พิชิต มณีศรี","นักเกษตร":"2303","ศูนย์":"K2-23","โควตา":"722955","ชาวไร่":"นาย วิลัย เกษแก้ว","ประเภทอ้อย":"ตอ3","พื้นที่":3.31,"ตันรวม":23.17,"รหัสแปลง":"320607120121","กลุ่ม":"กลุ่ม_23"},"geometry":{"type":"MultiPolygon","coordinates":[[[[985510.390599999576807,1606234.909800000488758],[985577.082000000402331,1606232.618699999526143],[985571.089999999850988,1606151.565999999642372],[985506.628299999982119,1606154.579],[985510.390599999576807,1606234.909800000488758]]]]}},
{"type":"Feature","properties":{"รหัสกลุ่มคิว":"23/002","รหัสรับเหมา":"722399","ชื่อ-สกุล รับเหมา":"นาง มะลิ งามเลิศ","นักเกษตร":"2302","ศูนย์":"K2-23","โควตา":"720061","ชาวไร่":"นาง สายทอง งามเลิศ","ประเภทอ้อย":"ตอ2","พื้นที่":11.93,"ตันรวม":95.44,"รหัสแปลง":"320607121501","กลุ่ม":"กลุ่ม_23"},"geometry":{"type":"MultiPolygon","coordinates":[[[[986049.792200000025332,1606311.775299999862909],[986033.474399999715388,1606157.233300000429153],[986033.071999999694526,1606159.536299999803305],[986022.248399999924004,1606159.45890000090003],[986005.810300000011921,1606137.967000000178814],[985977.809200000017881,1606172.174599999561906],[985948.228699999861419,1606169.806199999526143],[985925.261199999600649,1606194.262900000438094],[985900.918100000359118,1606203.33049999922514],[985900.520999999716878,1606206.599600000306964],[985926.73340000025928,1606218.396600000560284],[985908.214800000190735,1606268.006899999454618],[985875.525999999605119,1606256.0461],[985866.182000000029802,1606273.3202],[985868.692499999888241,1606281.21030000038445],[985902.349200000055134,1606290.83559999987483],[985906.834300000220537,1606297.039100000634789],[985955.241600000299513,1606300.396800000220537],[985989.759999999776483,1606315.525100000202656],[986050.28760000038892,1606313.969200000166893],[986049.792200000025332,1606311.775299999862909]]]]}},
{"type":"Feature","properties":{"รหัสกลุ่มคิว":"23/003","รหัสรับเหมา":"722635","ชื่อ-สกุล รับเหมา":"นาย พิชิต มณีศรี","นักเกษตร":"2303","ศูนย์":"K2-23","โควตา":"722426","ชาวไร่":"นาย จรูญ จันทร์เสน","ประเภทอ้อย":"ปลายฝน","พื้นที่":10.53,"ตันรวม":136.89,"รหัสแปลง":"320607121516","กลุ่ม":"กลุ่ม_23"},"geometry":{"type":"MultiPolygon","coordinates":[[[[986366.243200000375509,1604803.606499999761581],[986351.090200000442564,1604717.282400000840425],[986169.549599999561906,1604729.507099999114871],[986165.871799999848008,1604818.78830000013113],[986366.243200000375509,1604803.606499999761581]]]]}},
{"type":"Feature","properties":{"รหัสกลุ่มคิว":"23/003","รหัสรับเหมา":"722635","ชื่อ-สกุล รับเหมา":"นาย พิชิต มณีศรี","นักเกษตร":"2303","ศูนย์":"K2-23","โควตา":"722486","ชาวไร่":"นาย ฮุย กองสุข","ประเภทอ้อย":"ปลายฝน","พื้นที่":4.46,"ตันรวม":57.98,"รหัสแปลง":"320607121530","กลุ่ม":"กลุ่ม_23"},"geometry":{"type":"MultiPolygon","coordinates":[[[[986099.204699999652803,1604494.771999999880791],[986085.241799999959767,1604407.889399999752641],[986073.109299999661744,1604402.946399999782443],[986070.824699999764562,1604383.146600000560284],[986030.646300000138581,1604380.751199999824166],[986026.089100000448525,1604391.597300000488758],[986024.965300000272691,1604498.240299999713898],[986099.204699999652803,1604494.771999999880791]]]]}},
{"type":"Feature","properties":{"รหัสกลุ่มคิว":"23/003","รหัสรับเหมา":"722635","ชื่อ-สกุล รับเหมา":"นาย พิชิต มณีศรี","นักเกษตร":"2303","ศูนย์":"K2-23","โควตา":"726660","ชาวไร่":"นาย ประโยชน์ โต๊ะงาม","ประเภทอ้อย":"ปลายฝน","พื้นที่":5.29,"ตันรวม":68.77,"รหัสแปลง":"320607121533","กลุ่ม":"กลุ่ม_23"},"geometry":{"type":"MultiPolygon","coordinates":[[[[985745.82010000012815,1606797.8892],[985646.516499999910593,1606795.500600000843406],[985640.225599999539554,1606802.844200000166893],[985632.241100000217557,1606801.567500000819564],[985633.783200000412762,1606865.984200000762939],[985638.559700000099838,1606870.542700000107288],[985639.518699999898672,1606870.912200000137091],[985711.981800000183284,1606879.5384],[985712.140700000338256,1606871.090900000184774],[985734.747899999842048,1606872.704700000584126],[985730.7659,1606850.430800000205636],[985754.290199999697506,1606833.763599999248981],[985754.35010000038892,1606833.41190000064671],[985745.82010000012815,1606797.8892]]]]}},
{"type":"Feature","properties":{"รหัสกลุ่มคิว":"23/001","รหัสรับเหมา":"738889","ชื่อ-สกุล รับเหมา":"รถตัดโรงงานเบอร์ 09","นักเกษตร":"2304","ศูนย์":"K2-23","โควตา":"726999","ชาวไร่":"นาย วิจิตร เหนือคูเมือง","ประเภทอ้อย":"ปลายฝน","พื้นที่":2.65,"ตันรวม":34.45,"รหัสแปลง":"320607121536","กลุ่ม":"กลุ่ม_23"},"geometry":{"type":"MultiPolygon","coordinates":[[[[987170.307500000111759,1604738.437999999150634],[987164.151899999938905,1604805.416600000113249],[987188.367999999783933,1604807.07740000076592],[987215.33559999987483,1604671.449100000783801],[987174.874699999578297,1604669.015000000596046],[987173.949300000444055,1604739.436300000175834],[987170.307500000111759,1604738.437999999150634]]]]}},
{"type":"Feature","properties":{"รหัสกลุ่มคิว":"23/002","รหัสรับเหมา":"722399","ชื่อ-สกุล รับเหมา":"นาง มะลิ งามเลิศ","นักเกษตร":"2302","ศูนย์":"K2-23","โควตา":"722985","ชาวไร่":"นาง นารินทร์ สุขเจริญ","ประเภทอ้อย":"ตอ1","พื้นที่":4.93,"ตันรวม":44.37,"รหัสแปลง":"320607121558","กลุ่ม":"กลุ่ม_23"},"geometry":{"type":"MultiPolygon","coordinates":[[[[988580.489599999971688,1605721.164300000295043],[988391.418800000101328,1605679.327299999073148],[988384.835699999704957,1605720.61739999987185],[988570.701000000350177,1605760.541799999773502],[988580.489599999971688,1605721.164300000295043]]]]}},
{"type":"Feature","properties":{"รหัสกลุ่มคิว":"23/003","รหัสรับเหมา":"722635","ชื่อ-สกุล รับเหมา":"นาย พิชิต มณีศรี","นักเกษตร":"2303","ศูนย์":"K2-23","โควตา":"722486","ชาวไร่":"นาย ฮุย กองสุข","ประเภทอ้อย":"ตอ1","พื้นที่":7.7,"ตันรวม":69.3,"รหัสแปลง":"320607121579","กลุ่ม":"กลุ่ม_23"},"geometry":{"type":"MultiPolygon","coordinates":[[[[986101.509999999776483,1604494.9638],[986210.396900000050664,1604488.365000000223517],[986211.746799999848008,1604477.902899999171495],[986206.465300000272691,1604386.777799999341369],[986155.958999999798834,1604383.972300000488758],[986123.682199999690056,1604382.220499999821186],[986102.568900000303984,1604383.839500000700355],[986103.307699999772012,1604394.572300000116229],[986099.45160000026226,1604402.534299999475479],[986085.262400000356138,1604405.745200000703335],[986101.509999999776483,1604494.9638]]]]}},
{"type":"Feature","properties":{"รหัสกลุ่มคิว":"23/001","รหัสรับเหมา":"738889","ชื่อ-สกุล รับเหมา":"รถตัดโรงงานเบอร์ 09","นักเกษตร":"2304","ศูนย์":"K2-23","โควตา":"722441","ชาวไร่":"นาง อำนวย กำจร","ประเภทอ้อย":"ปลายฝน","พื้นที่":6.87,"ตันรวม":89.31,"รหัสแปลง":"320607121584","กลุ่ม":"กลุ่ม_23"},"geometry":{"type":"MultiPolygon","coordinates":[[[[987075.989000000059605,1604467.443900000303984],[987078.966199999675155,1604500.421399999409914],[987110.707700000144541,1604502.195000000298023],[987112.238400000147521,1604528.378499999642372],[987115.276600000448525,1604530.219100000336766],[987246.735700000077486,1604526.070699999108911],[987256.30559999961406,1604472.385299999266863],[987249.527700000442564,1604452.596300000324845],[987075.989000000059605,1604467.443900000303984]]]]}},
{"type":"Feature","properties":{"รหัสกลุ่มคิว":"23/003","รหัสรับเหมา":"722635","ชื่อ-สกุล รับเหมา":"นาย พิชิต มณีศรี","นักเกษตร":"2303","ศูนย์":"K2-23","โควตา":"726660","ชาวไร่":"นาย ประโยชน์ โต๊ะงาม","ประเภทอ้อย":"ปลายฝน","พื้นที่":5.95,"ตันรวม":77.35,"รหัสแปลง":"320607121610","กลุ่ม":"กลุ่ม_23"},"geometry":{"type":"MultiPolygon","coordinates":[[[[985901.672600000165403,1607856.857999999076128],[985899.09360000025481,1607819.932600000873208],[985925.499099999666214,1607814.376700000837445],[985899.764399999752641,1607745.961400000378489],[985873.352800000458956,1607741.123700000345707],[985874.505400000140071,1607722.780300000682473],[985844.129800000227988,1607719.0285],[985836.373200000263751,1607721.345300000160933],[985836.275000000372529,1607726.035299999639392],[985830.845999999903142,1607728.030899999663234],[985829.99930000025779,1607757.177300000563264],[985830.799300000071526,1607782.181199999526143],[985827.63260000012815,1607810.418999999761581],[985834.062400000169873,1607824.659099999815226],[985836.360299999825656,1607839.684599999338388],[985840.158499999903142,1607854.8256],[985860.479799999855459,1607854.580900000408292],[985901.672600000165403,1607856.857999999076128]]]]}},
{"type":"Feature","properties":{"รหัสกลุ่มคิว":"23/002","รหัสรับเหมา":"722399","ชื่อ-สกุล รับเหมา":"นาง มะลิ งามเลิศ","นักเกษตร":"2302","ศูนย์":"K2-23","โควตา":"722278","ชาวไร่":"นาย ปราณี งามเลิศ","ประเภทอ้อย":"ปลายฝน","พื้นที่":3.62,"ตันรวม":47.06,"รหัสแปลง":"320607130026","กลุ่ม":"กลุ่ม_23"},"geometry":{"type":"MultiPolygon","coordinates":[[[[988923.683299999684095,1610371.466299999505281],[988960.655799999833107,1610439.585400000214577],[989053.026600000448525,1610379.031300000846386],[989044.246299999766052,1610354.832800000905991],[988923.683299999684095,1610371.466299999505281]]]]}},
{"type":"Feature","properties":{"รหัสกลุ่มคิว":"23/002","รหัสรับเหมา":"722399","ชื่อ-สกุล รับเหมา":"นาง มะลิ งามเลิศ","นักเกษตร":"2302","ศูนย์":"K2-23","โควตา":"726284","ชาวไร่":"นาย เสวย กระแสโสม","ประเภทอ้อย":"ตอ2","พื้นที่":5.69,"ตันรวม":45.52,"รหัสแปลง":"320607130031","กลุ่ม":"กลุ่ม_23"},"geometry":{"type":"MultiPolygon","coordinates":[[[[989052.908300000242889,1610376.567099999636412],[989135.208899999968708,1610318.36600000038743],[989119.495799999684095,1610249.828500000759959],[989013.410199999809265,1610276.7555],[989052.908300000242889,1610376.567099999636412]]]]}},
{"type":"Feature","properties":{"รหัสกลุ่มคิว":"23/002","รหัสรับเหมา":"722399","ชื่อ-สกุล รับเหมา":"นาง มะลิ งามเลิศ","นักเกษตร":"2302","ศูนย์":"K2-23","โควตา":"727218","ชาวไร่":"นาง สมร การะเกษ","ประเภทอ้อย":"ตอ1","พื้นที่":9.25,"ตันรวม":83.25,"รหัสแปลง":"320607131524","กลุ่ม":"กลุ่ม_23"},"geometry":{"type":"MultiPolygon","coordinates":[[[[987732.89989999961108,1610450.706199999898672],[987596.791500000283122,1610456.316600000485778],[987617.965599999763072,1610571.020700000226498],[987744.22620000038296,1610559.5636],[987732.89989999961108,1610450.706199999898672]]]]}},
{"type":"Feature","properties":{"รหัสกลุ่มคิว":"23/002","รหัสรับเหมา":"722399","ชื่อ-สกุล รับเหมา":"นาง มะลิ งามเลิศ","นักเกษตร":"2302","ศูนย์":"K2-23","โควตา":"722459","ชาวไร่":"นาย สุรเนตร งามเลิศ","ประเภทอ้อย":"ตอ1","พื้นที่":17.36,"ตันรวม":156.24,"รหัสแปลง":"320607131526","กลุ่ม":"กลุ่ม_23"},"geometry":{"type":"MultiPolygon","coordinates":[[[[986157.386500000022352,1610513.066400000825524],[986165.971599999815226,1610488.828199999406934],[986240.934399999678135,1610341.643999999389052],[986207.780299999751151,1610333.0373],[986182.648599999956787,1610328.657299999147654],[986116.340400000102818,1610311.4441],[986080.149400000460446,1610420.009500000625849],[986043.160899999551475,1610559.808700000867248],[986041.792899999767542,1610583.449899999424815],[986064.550699999555945,1610589.447100000455976],[986150.495000000111759,1610533.63990000076592],[986157.386500000022352,1610513.066400000825524]]]]}},
{"type":"Feature","properties":{"รหัสกลุ่มคิว":"23/001","รหัสรับเหมา":"738889","ชื่อ-สกุล รับเหมา":"รถตัดโรงงานเบอร์ 09","นักเกษตร":"2304","ศูนย์":"K2-23","โควตา":"727427","ชาวไร่":"นางสาว เมริสา คลายโศก","ประเภทอ้อย":"ปลายฝน","พื้นที่":8.83,"ตันรวม":114.79,"รหัสแปลง":"320607131542","กลุ่ม":"กลุ่ม_23"},"geometry":{"type":"MultiPolygon","coordinates":[[[[987343.4046,1611346.159499999135733],[987347.221199999563396,1611546.9847999997437],[987407.888700000010431,1611509.25139999948442],[987431.698900000192225,1611486.637900000438094],[987445.398199999704957,1611470.039100000634789],[987446.386900000274181,1611465.684000000357628],[987431.252600000239909,1611449.719200000166893],[987429.457799999974668,1611394.373199999332428],[987401.560700000263751,1611382.482100000604987],[987387.351800000295043,1611373.3344],[987343.4046,1611346.159499999135733]]]]}},
{"type":"Feature","properties":{"รหัสกลุ่มคิว":"23/003","รหัสรับเหมา":"722635","ชื่อ-สกุล รับเหมา":"นาย พิชิต มณีศรี","นักเกษตร":"2303","ศูนย์":"K2-23","โควตา":"722467","ชาวไร่":"นาง นิมนต์ มณีศรี","ประเภทอ้อย":"ตอ1","พื้นที่":9.84,"ตันรวม":88.56,"รหัสแปลง":"320607140026","กลุ่ม":"กลุ่ม_23"},"geometry":{"type":"MultiPolygon","coordinates":[[[[987756.299100000411272,1607142.364],[987721.337299999780953,1606966.110500000417233],[987697.600599999539554,1606967.8575],[987641.174499999731779,1606975.846200000494719],[987655.780899999663234,1607143.939099999144673],[987756.299100000411272,1607142.364]]]]}},
{"type":"Feature","properties":{"รหัสกลุ่มคิว":"23/003","รหัสรับเหมา":"722635","ชื่อ-สกุล รับเหมา":"นาย พิชิต มณีศรี","นักเกษตร":"2303","ศูนย์":"K2-23","โควตา":"727149","ชาวไร่":"นาย วีระ การะเกษ","ประเภทอ้อย":"ตอ6","พื้นที่":7.17,"ตันรวม":50.19,"รหัสแปลง":"320607140030","กลุ่ม":"กลุ่ม_23"},"geometry":{"type":"MultiPolygon","coordinates":[[[[985950.768799999728799,1606351.257799999788404],[985901.417299999855459,1606339.820699999108911],[985909.2489,1606302.691099999472499],[985900.80460000038147,1606302.629000000655651],[985862.801900000311434,1606294.977],[985859.766699999570847,1606313.784399999305606],[985856.968700000084937,1606324.561899999156594],[985856.645899999886751,1606329.1996],[985862.015999999828637,1606333.648900000378489],[985867.277200000360608,1606347.131400000303984],[985867.977099999785423,1606354.893500000238419],[985894.016099999658763,1606352.980399999767542],[985887.695700000040233,1606511.4695999994874],[985941.434999999590218,1606521.615299999713898],[985941.16579999960959,1606448.197000000625849],[985946.473399999551475,1606411.78319999948144],[985950.768799999728799,1606351.257799999788404]]]]}},
{"type":"Feature","properties":{"รหัสกลุ่มคิว":"23/003","รหัสรับเหมา":"722635","ชื่อ-สกุล รับเหมา":"นาย พิชิต มณีศรี","นักเกษตร":"2303","ศูนย์":"K2-23","โควตา":"726020","ชาวไร่":"นาง วิลัย ซ่อนกลิ่น","ประเภทอ้อย":"ตอ3","พื้นที่":5.48,"ตันรวม":38.36,"รหัสแปลง":"320607140031","กลุ่ม":"กลุ่ม_23"},"geometry":{"type":"MultiPolygon","coordinates":[[[[986188.727099999785423,1606402.529899999499321],[986189.450199999846518,1606431.9079],[986319.709300000220537,1606446.236400000751019],[986493.228199999779463,1606463.097999999299645],[986493.072300000116229,1606461.796900000423193],[986495.087100000120699,1606451.611999999731779],[986495.632100000046194,1606441.52559999935329],[986495.910199999809265,1606440.4704],[986496.083999999798834,1606439.879200000315905],[986496.278099999763072,1606439.137499999254942],[986496.409400000236928,1606438.453299999237061],[986496.492899999953806,1606437.8914],[986496.566800000146031,1606437.542199999094009],[986497.265700000338256,1606437.240900000557303],[986497.431300000287592,1606436.902499999850988],[986497.54079999960959,1606436.444199999794364],[986188.727099999785423,1606402.529899999499321]]]]}},
{"type":"Feature","properties":{"รหัสกลุ่มคิว":"23/003","รหัสรับเหมา":"722635","ชื่อ-สกุล รับเหมา":"นาย พิชิต มณีศรี","นักเกษตร":"2303","ศูนย์":"K2-23","โควตา":"726020","ชาวไร่":"นาง วิลัย ซ่อนกลิ่น","ประเภทอ้อย":"ตอ4","พื้นที่":5.28,"ตันรวม":36.96,"รหัสแปลง":"320607141509","กลุ่ม":"กลุ่ม_23"},"geometry":{"type":"MultiPolygon","coordinates":[[[[986269.146300000138581,1606370.507799999788404],[986262.640100000426173,1606407.7347999997437],[986497.070899999700487,1606434.2314],[986504.325000000186265,1606402.264000000432134],[986504.833200000226498,1606401.302300000563264],[986269.146300000138581,1606370.507799999788404]]]]}},
{"type":"Feature","properties":{"รหัสกลุ่มคิว":"23/003","รหัสรับเหมา":"722635","ชื่อ-สกุล รับเหมา":"นาย พิชิต มณีศรี","นักเกษตร":"2303","ศูนย์":"K2-23","โควตา":"722934","ชาวไร่":"นางสาว สุภาพร ศรีระพรม","ประเภทอ้อย":"ปลายฝน","พื้นที่":10.98,"ตันรวม":142.74,"รหัสแปลง":"320607141516","กลุ่ม":"กลุ่ม_23"},"geometry":{"type":"MultiPolygon","coordinates":[[[[985461.809200000017881,1606413.803999999538064],[985828.899699999950826,1606454.75870000012219],[985830.125900000333786,1606454.575400000438094],[985830.365299999713898,1606438.808299999684095],[985819.16370000038296,1606422.064600000157952],[985808.790300000458956,1606397.9594],[985624.19510000012815,1606382.605399999767542],[985616.936499999836087,1606429.30519999936223],[985614.786100000143051,1606428.995400000363588],[985621.384200000204146,1606383.07039999961853],[985466.047100000083447,1606370.743599999696016],[985461.809200000017881,1606413.803999999538064]]]]}},
{"type":"Feature","properties":{"รหัสกลุ่มคิว":"23/001","รหัสรับเหมา":"738889","ชื่อ-สกุล รับเหมา":"รถตัดโรงงานเบอร์ 09","นักเกษตร":"2304","ศูนย์":"K2-23","โควตา":"722407","ชาวไร่":"นาย หวล ทองลาย","ประเภทอ้อย":"ตอ1","พื้นที่":0.87,"ตันรวม":7.83,"รหัสแปลง":"320607141526","กลุ่ม":"กลุ่ม_23"},"geometry":{"type":"MultiPolygon","coordinates":[[[[986989.876000000163913,1609559.0296],[986965.608099999837577,1609503.334699999541044],[986940.645899999886751,1609507.337200000882149],[986937.261199999600649,1609513.211400000378489],[986973.695600000210106,1609560.5777000002563],[986989.876000000163913,1609559.0296]]]]}},
{"type":"Feature","properties":{"รหัสกลุ่มคิว":"23/003","รหัสรับเหมา":"722635","ชื่อ-สกุล รับเหมา":"นาย พิชิต มณีศรี","นักเกษตร":"2303","ศูนย์":"K2-23","โควตา":"722955","ชาวไร่":"นาย วิลัย เกษแก้ว","ประเภทอ้อย":"ตอ2","พื้นที่":5.05,"ตันรวม":40.4,"รหัสแปลง":"320607141528","กลุ่ม":"กลุ่ม_23"},"geometry":{"type":"MultiPolygon","coordinates":[[[[985516.325299999676645,1606329.081499999389052],[985693.099399999715388,1606339.4211],[985691.128200000151992,1606291.551000000908971],[985512.984000000171363,1606285.614499999210238],[985516.325299999676645,1606329.081499999389052]]]]}},
{"type":"Feature","properties":{"รหัสกลุ่มคิว":"23/003","รหัสรับเหมา":"722635","ชื่อ-สกุล รับเหมา":"นาย พิชิต มณีศรี","นักเกษตร":"2303","ศูนย์":"K2-23","โควตา":"722955","ชาวไร่":"นาย วิลัย เกษแก้ว","ประเภทอ้อย":"ตอ5","พื้นที่":4.26,"ตันรวม":29.82,"รหัสแปลง":"320607141533","กลุ่ม":"กลุ่ม_23"},"geometry":{"type":"MultiPolygon","coordinates":[[[[985506.574400000274181,1606282.394200000911951],[985507.041100000031292,1606241.677500000223517],[985331.673600000329316,1606243.190300000831485],[985334.581899999640882,1606280.932499999180436],[985506.574400000274181,1606282.394200000911951]]]]}},
{"type":"Feature","properties":{"รหัสกลุ่มคิว":"23/003","รหัสรับเหมา":"722635","ชื่อ-สกุล รับเหมา":"นาย พิชิต มณีศรี","นักเกษตร":"2303","ศูนย์":"K2-23","โควตา":"726020","ชาวไร่":"นาง วิลัย ซ่อนกลิ่น","ประเภทอ้อย":"ตอ1","พื้นที่":5.45,"ตันรวม":49.05,"รหัสแปลง":"320607141535","กลุ่ม":"กลุ่ม_23"},"geometry":{"type":"MultiPolygon","coordinates":[[[[985384.359600000083447,1606955.253699999302626],[985208.688299999572337,1606958.061200000345707],[985230.301400000229478,1607010.636900000274181],[985234.344600000418723,1607011.7094],[985238.307099999859929,1607011.658800000324845],[985385.493800000287592,1607006.322300000116229],[985384.359600000083447,1606955.253699999302626]]]]}},
{"type":"Feature","properties":{"รหัสกลุ่มคิว":"23/001","รหัสรับเหมา":"738889","ชื่อ-สกุล รับเหมา":"รถตัดโรงงานเบอร์ 09","นักเกษตร":"2304","ศูนย์":"K2-23","โควตา":"726679","ชาวไร่":"นาง กุหลาบ สุขสบาย","ประเภทอ้อย":"ตอ2","พื้นที่":7.47,"ตันรวม":59.76,"รหัสแปลง":"320507061531","กลุ่ม":"กลุ่ม_23"},"geometry":{"type":"MultiPolygon","coordinates":[[[[978930.526399999856949,1609997.418700000271201],[979119.300499999895692,1609990.696699999272823],[979107.803700000047684,1609923.480100000277162],[978931.55599999986589,1609934.169299999251962],[978930.526399999856949,1609997.418700000271201]]]]}},
{"type":"Feature","properties":{"รหัสกลุ่มคิว":"23/001","รหัสรับเหมา":"738889","ชื่อ-สกุล รับเหมา":"รถตัดโรงงานเบอร์ 09","นักเกษตร":"2304","ศูนย์":"K2-23","โควตา":"710746","ชาวไร่":"นาง ประทอม บุญคล้อย","ประเภทอ้อย":"ตอ1","พื้นที่":6.53,"ตันรวม":58.77,"รหัสแปลง":"320507160054","กลุ่ม":"กลุ่ม_23"},"geometry":{"type":"MultiPolygon","coordinates":[[[[985488.307599999941885,1611654.906999999657273],[985476.328700000420213,1611700.090900000184774],[985482.861100000329316,1611774.705800000578165],[985488.582000000402331,1611792.3914],[985553.597900000400841,1611792.3772],[985559.50040000025183,1611651.987199999392033],[985488.307599999941885,1611654.906999999657273]]]]}},
{"type":"Feature","properties":{"รหัสกลุ่มคิว":"23/002","รหัสรับเหมา":"722399","ชื่อ-สกุล รับเหมา":"นาง มะลิ งามเลิศ","นักเกษตร":"2302","ศูนย์":"K2-23","โควตา":"722757","ชาวไร่":"นาย หมวด จุไรย์","ประเภทอ้อย":"ปลายฝน","พื้นที่":8.18,"ตันรวม":106.34,"รหัสแปลง":"320601070025","กลุ่ม":"กลุ่ม_23"},"geometry":{"type":"MultiPolygon","coordinates":[[[[991214.705400000326335,1605120.2785],[991215.126600000075996,1605120.172800000756979],[991212.283300000242889,1605033.579299999400973],[991211.963499999605119,1605031.538799999281764],[991211.463700000196695,1605029.494699999690056],[991075.653199999593198,1605027.1612],[991070.36739999987185,1605030.1996],[991075.048700000159442,1605120.903200000524521],[991075.022900000214577,1605122.197200000286102],[991214.705400000326335,1605120.2785]]]]}},
{"type":"Feature","properties":{"รหัสกลุ่มคิว":"23/002","รหัสรับเหมา":"722399","ชื่อ-สกุล รับเหมา":"นาง มะลิ งามเลิศ","นักเกษตร":"2302","ศูนย์":"K2-23","โควตา":"726619","ชาวไร่":"นาย ศิลป์ทร สอนสงคราม","ประเภทอ้อย":"ตอ2","พื้นที่":4.43,"ตันรวม":35.44,"รหัสแปลง":"320601070322","กลุ่ม":"กลุ่ม_23"},"geometry":{"type":"MultiPolygon","coordinates":[[[[989904.900000000372529,1607308.509700000286102],[989946.302199999801815,1607285.688400000333786],[989945.922600000165403,1607271.616800000891089],[989959.514299999922514,1607247.997300000861287],[989953.122800000011921,1607208.300899999216199],[989919.30599999986589,1607173.698799999430776],[989914.71100000012666,1607142.261800000444055],[989901.919599999673665,1607124.925599999725819],[989885.307799999602139,1607128.317700000479817],[989902.505400000140071,1607239.644099999219179],[989904.900000000372529,1607308.509700000286102]]]]}},
{"type":"Feature","properties":{"รหัสกลุ่มคิว":"23/003","รหัสรับเหมา":"722635","ชื่อ-สกุล รับเหมา":"นาย พิชิต มณีศรี","นักเกษตร":"2303","ศูนย์":"K2-23","โควตา":"722785","ชาวไร่":"นางสาว บุญเรือง คะเรรัมย์","ประเภทอ้อย":"ตอ1","พื้นที่":6.47,"ตันรวม":58.23,"รหัสแปลง":"320607070141","กลุ่ม":"กลุ่ม_23"},"geometry":{"type":"MultiPolygon","coordinates":[[[[985602.862900000065565,1602525.9474],[985993.8114,1602550.881999999284744],[985988.395299999974668,1602526.511],[985636.597599999979138,1602496.650000000372529],[985602.862900000065565,1602525.9474]]]]}},
{"type":"Feature","properties":{"รหัสกลุ่มคิว":"23/002","รหัสรับเหมา":"722399","ชื่อ-สกุล รับเหมา":"นาง มะลิ งามเลิศ","นักเกษตร":"2302","ศูนย์":"K2-23","โควตา":"727218","ชาวไร่":"นาง สมร การะเกษ","ประเภทอ้อย":"ปลายฝน","พื้นที่":4.13,"ตันรวม":53.69,"รหัสแปลง":"320607081502","กลุ่ม":"กลุ่ม_23"},"geometry":{"type":"MultiPolygon","coordinates":[[[[988666.61780000012368,1609035.974500000476837],[988666.890300000086427,1608996.774700000882149],[988555.176599999889731,1609006.591299999505281],[988556.287100000306964,1609049.131799999624491],[988666.61780000012368,1609035.974500000476837]]]]}},
{"type":"Feature","properties":{"รหัสกลุ่มคิว":"23/002","รหัสรับเหมา":"722399","ชื่อ-สกุล รับเหมา":"นาง มะลิ งามเลิศ","นักเกษตร":"2302","ศูนย์":"K2-23","โควตา":"727218","ชาวไร่":"นาง สมร การะเกษ","ประเภทอ้อย":"ตอ1","พื้นที่":11.7,"ตันรวม":105.3,"รหัสแปลง":"320607081521","กลุ่ม":"กลุ่ม_23"},"geometry":{"type":"MultiPolygon","coordinates":[[[[988672.466699999757111,1608832.130200000479817],[988667.165699999779463,1608908.5793999992311],[988665.770100000314415,1608942.575899999588728],[988666.198200000450015,1609011.74239999987185],[988665.200299999676645,1609080.140900000929832],[988751.309399999678135,1609080.186699999496341],[988749.309000000357628,1609026.706700000911951],[988748.224100000225008,1608990.626800000667572],[988739.414599999785423,1608971.590600000694394],[988733.8739,1608869.592700000852346],[988733.472900000400841,1608853.497199999168515],[988730.822700000368059,1608832.734099999070168],[988723.277599999681115,1608822.598899999633431],[988700.349100000225008,1608825.102299999445677],[988672.466699999757111,1608832.130200000479817]]]]}},
{"type":"Feature","properties":{"รหัสกลุ่มคิว":"23/001","รหัสรับเหมา":"738889","ชื่อ-สกุล รับเหมา":"รถตัดโรงงานเบอร์ 09","นักเกษตร":"2304","ศูนย์":"K2-23","โควตา":"726156","ชาวไร่":"นาง สายตา เพร็ชดี","ประเภทอ้อย":"ปลายฝน","พื้นที่":6.23,"ตันรวม":80.99,"รหัสแปลง":"320607090140","กลุ่ม":"กลุ่ม_23"},"geometry":{"type":"MultiPolygon","coordinates":[[[[982975.515100000426173,1602964.255799999460578],[983092.025100000202656,1603109.494300000369549],[983138.863400000147521,1603077.1305],[983015.027999999932945,1602934.224700000137091],[982975.515100000426173,1602964.255799999460578]]]]}},
{"type":"Feature","properties":{"รหัสกลุ่มคิว":"23/001","รหัสรับเหมา":"738889","ชื่อ-สกุล รับเหมา":"รถตัดโรงงานเบอร์ 09","นักเกษตร":"2304","ศูนย์":"K2-23","โควตา":"722373","ชาวไร่":"นาย วาทิน ยืนยง","ประเภทอ้อย":"ปลายฝน","พื้นที่":3.82,"ตันรวม":49.66,"รหัสแปลง":"320607091533","กลุ่ม":"กลุ่ม_23"},"geometry":{"type":"MultiPolygon","coordinates":[[[[982731.608099999837577,1605032.71680000051856],[982848.414900000207126,1605009.203400000929832],[982837.500099999830127,1604958.838400000706315],[982721.990500000305474,1604983.499900000169873],[982727.509800000116229,1605027.818499999120831],[982729.799800000153482,1605029.668299999088049],[982731.608099999837577,1605032.71680000051856]]]]}},
{"type":"Feature","properties":{"รหัสกลุ่มคิว":"23/001","รหัสรับเหมา":"738889","ชื่อ-สกุล รับเหมา":"รถตัดโรงงานเบอร์ 09","นักเกษตร":"2304","ศูนย์":"K2-23","โควตา":"722002","ชาวไร่":"นาง นันทา จันทร์อินทร์","ประเภทอ้อย":"ปลายฝน","พื้นที่":7.0,"ตันรวม":91.0,"รหัสแปลง":"320607091560","กลุ่ม":"กลุ่ม_23"},"geometry":{"type":"MultiPolygon","coordinates":[[[[983411.916199999861419,1603351.61600000038743],[983463.587199999950826,1603313.285599999129772],[983367.534599999897182,1603177.502900000661612],[983359.205199999734759,1603171.252599999308586],[983309.150600000284612,1603199.7434],[983411.916199999861419,1603351.61600000038743]]]]}},
{"type":"Feature","properties":{"รหัสกลุ่มคิว":"23/003","รหัสรับเหมา":"722635","ชื่อ-สกุล รับเหมา":"นาย พิชิต มณีศรี","นักเกษตร":"2303","ศูนย์":"K2-23","โควตา":"722150","ชาวไร่":"นาย วรรณา ทองมาก","ประเภทอ้อย":"ปลายฝน","พื้นที่":6.3,"ตันรวม":81.9,"รหัสแปลง":"320607100087","กลุ่ม":"กลุ่ม_23"},"geometry":{"type":"MultiPolygon","coordinates":[[[[985120.894299999810755,1604866.992900000885129],[985115.071100000292063,1604843.66579999960959],[985089.5011,1604857.405999999493361],[985085.27309999987483,1604819.088600000366569],[984938.427199999801815,1604838.86570000089705],[984945.603500000201166,1604910.778999999165535],[985120.894299999810755,1604866.992900000885129]]]]}},
{"type":"Feature","properties":{"รหัสกลุ่มคิว":"23/003","รหัสรับเหมา":"722635","ชื่อ-สกุล รับเหมา":"นาย พิชิต มณีศรี","นักเกษตร":"2303","ศูนย์":"K2-23","โควตา":"727188","ชาวไร่":"นางสาว มินตรา จันดาสี","ประเภทอ้อย":"ปลายฝน","พื้นที่":14.34,"ตันรวม":186.42,"รหัสแปลง":"320607101579","กลุ่ม":"กลุ่ม_23"},"geometry":{"type":"MultiPolygon","coordinates":[[[[984075.764299999922514,1604076.0647],[983967.426799999549985,1603920.930400000885129],[983867.199599999934435,1603991.790999999269843],[983925.692999999970198,1604072.936599999666214],[983973.718799999915063,1604144.926999999210238],[984075.764299999922514,1604076.0647]]]]}},
{"type":"Feature","properties":{"รหัสกลุ่มคิว":"23/003","รหัสรับเหมา":"722635","ชื่อ-สกุล รับเหมา":"นาย พิชิต มณีศรี","นักเกษตร":"2303","ศูนย์":"K2-23","โควตา":"727002","ชาวไร่":"นาง วิญนา สีนาค","ประเภทอ้อย":"ปลายฝน","พื้นที่":6.91,"ตันรวม":89.83,"รหัสแปลง":"320607120010","กลุ่ม":"กลุ่ม_23"},"geometry":{"type":"MultiPolygon","coordinates":[[[[986184.989799999631941,1606428.256400000303984],[986077.277599999681115,1606421.2051],[986085.70920000039041,1606490.8322],[986109.609699999913573,1606498.689899999648333],[986124.267599999904633,1606497.949100000783801],[986127.442599999718368,1606507.368300000205636],[986114.160500000230968,1606506.310000000521541],[986086.802500000223517,1606500.012900000438094],[986091.871100000105798,1606541.715800000354648],[986129.355999999679625,1606543.536800000816584],[986131.251899999566376,1606519.040999999269843],[986159.493300000205636,1606518.5274],[986158.077499999664724,1606538.7347],[986190.686999999918044,1606540.629300000146031],[986184.989799999631941,1606428.256400000303984]]]]}},
{"type":"Feature","properties":{"รหัสกลุ่มคิว":"23/003","รหัสรับเหมา":"722635","ชื่อ-สกุล รับเหมา":"นาย พิชิต มณีศรี","นักเกษตร":"2303","ศูนย์":"K2-23","โควตา":"727432","ชาวไร่":"นาย วรรณศักดิ์ พวงจันทร์","ประเภทอ้อย":"ปลายฝน","พื้นที่":7.54,"ตันรวม":98.02,"รหัสแปลง":"320607120147","กลุ่ม":"กลุ่ม_23"},"geometry":{"type":"MultiPolygon","coordinates":[[[[985871.007500000298023,1605883.238199999555945],[985886.548799999989569,1605853.4046],[985831.93030000012368,1605818.305600000545382],[985831.761199999600649,1605817.747500000521541],[985686.526700000278652,1605782.343100000172853],[985681.03760000038892,1605850.650399999693036],[985681.376000000163913,1605851.7665],[985681.181300000287592,1605852.502299999818206],[985681.325000000186265,1605854.3542],[985871.007500000298023,1605883.238199999555945]]]]}},
{"type":"Feature","properties":{"รหัสกลุ่มคิว":"23/003","รหัสรับเหมา":"722635","ชื่อ-สกุล รับเหมา":"นาย พิชิต มณีศรี","นักเกษตร":"2303","ศูนย์":"K2-23","โควตา":"727213","ชาวไร่":"นาง นารีรัตน์ คำงาม","ประเภทอ้อย":"ปลายฝน","พื้นที่":6.57,"ตันรวม":85.41,"รหัสแปลง":"320607141522","กลุ่ม":"กลุ่ม_23"},"geometry":{"type":"MultiPolygon","coordinates":[[[[986680.956199999898672,1604502.0581],[986690.020100000314415,1604499.73619999922812],[986684.62459999974817,1604475.830900000408292],[986608.668999999761581,1604508.572100000455976],[986488.697399999946356,1604555.545399999246001],[986483.526999999769032,1604553.6151],[986481.216099999845028,1604605.972200000658631],[986605.7648,1604563.0998],[986686.079900000244379,1604529.055600000545382],[986680.956199999898672,1604502.0581]]]]}},
{"type":"Feature","properties":{"รหัสกลุ่มคิว":"23/003","รหัสรับเหมา":"722635","ชื่อ-สกุล รับเหมา":"นาย พิชิต มณีศรี","นักเกษตร":"2303","ศูนย์":"K2-23","โควตา":"722635","ชาวไร่":"นาย พิชิต มณีศรี","ประเภทอ้อย":"ปลายฝน","พื้นที่":50.45,"ตันรวม":655.85,"รหัสแปลง":"320401080006","กลุ่ม":"กลุ่ม_23"},"geometry":{"type":"MultiPolygon","coordinates":[[[[994690.565000000409782,1676351.050200000405312],[994579.662499999627471,1676396.253599999472499],[994552.067099999636412,1676409.915300000458956],[994507.20160000026226,1676458.908399999141693],[994587.910600000061095,1676696.77170000039041],[994696.677099999971688,1676684.813400000333786],[994697.969100000336766,1676683.176100000739098],[994699.425099999643862,1676682.281899999827147],[994701.049100000411272,1676681.946100000292063],[994702.058600000105798,1676682.096799999475479],[994702.349600000306964,1676681.594100000336766],[994703.090499999932945,1676680.906199999153614],[994703.011099999770522,1676679.10700000077486],[994701.767500000074506,1676673.603700000792742],[994701.158999999985099,1676671.486999999731779],[994699.518600000068545,1676668.57660000026226],[994698.777800000272691,1676666.883300000801682],[994698.11629999987781,1676665.824899999424815],[994697.579199999570847,1676664.6941],[994697.349000000394881,1676663.549499999731779],[994697.058000000193715,1676662.411800000816584],[994696.661100000143051,1676659.316199999302626],[994696.8421,1676656.83420000039041],[994696.105499999597669,1676652.437000000849366],[994691.051900000311434,1676632.831299999728799],[994690.337500000372529,1676631.746500000357628],[994689.358599999919534,1676627.698400000110269],[994689.041100000031292,1676626.481300000101328],[994688.19440000038594,1676624.840900000184774],[994687.691700000315905,1676624.179400000721216],[994687.453599999658763,1676620.713400000706315],[994686.140999999828637,1676616.418700000271201],[994685.866100000217557,1676615.21000000089407],[994685.866100000217557,1676613.993000000715256],[994686.130599999800324,1676611.796900000423193],[994686.368800000287592,1676610.659199999645352],[994686.209999999962747,1676609.786100000143051],[994686.262900000438094,1676607.934000000357628],[994685.786700000055134,1676607.034399999305606],[994683.934600000269711,1676602.748099999502301],[994682.796900000423193,1676599.4408],[994677.558100000023842,1676585.125],[994677.346499999985099,1676583.9079],[994677.346499999985099,1676581.420800000429153],[994676.528800000436604,1676579.187699999660254],[994675.811900000087917,1676578.404500000178814],[994675.75899999961257,1676576.97580000013113],[994675.229500000365078,1676575.5471],[994672.425200000405312,1676567.979900000616908],[994671.525600000284612,1676564.540300000458956],[994671.790199999697506,1676559.830700000748038],[994670.996399999596179,1676552.978000000119209],[994670.520200000144541,1676551.840299999341369],[994669.832299999892712,1676550.967199999839067],[994667.794999999925494,1676548.63880000077188],[994667.292299999855459,1676548.242000000551343],[994666.233900000341237,1676546.548599999397993],[994665.28139999974519,1676544.69649999961257],[994665.048299999907613,1676543.63539999909699],[994664.620000000111759,1676542.288799999281764],[994664.752299999818206,1676540.886499999091029],[994664.157300000078976,1676539.683399999514222],[994663.773299999535084,1676538.45240000076592],[994661.894799999892712,1676534.642400000244379],[994661.656600000336766,1676533.504699999466538],[994659.301799999549985,1676526.704800000414252],[994657.952499999664724,1676524.006100000813603],[994655.730000000447035,1676520.063799999654293],[994655.207000000402331,1676519.489399999380112],[994653.480999999679625,1676514.983799999579787],[994651.787700000219047,1676508.73960000090301],[994651.708300000056624,1676507.496099999174476],[994651.883799999952316,1676506.14640000090003],[994651.972900000400841,1676503.527300000190735],[994651.628899999894202,1676502.25730000063777],[994651.496600000187755,1676500.4846],[994650.464700000360608,1676497.997500000521541],[994649.141800000332296,1676494.663699999451637],[994640.251799999736249,1676468.1524],[994640.675099999643862,1676466.856000000610948],[994640.860299999825656,1676466.14159999974072],[994640.781000000424683,1676465.056800000369549],[994640.384100000374019,1676463.786800000816584],[994637.500099999830127,1676457.383899999782443],[994634.832299999892712,1676446.050000000745058],[994633.478500000201166,1676441.720499999821186],[994632.869900000281632,1676441.111999999731779],[994630.488699999637902,1676437.2226],[994629.98589999973774,1676436.349500000476837],[994629.324500000104308,1676433.915300000458956],[994627.551799999549985,1676430.211100000888109],[994627.181400000117719,1676428.147399999201298],[994625.302799999713898,1676423.43779999949038],[994624.561999999918044,1676420.712600000202656],[994625.567400000058115,1676419.177999999374151],[994626.969700000248849,1676418.146099999547005],[994627.781499999575317,1676417.894799999892712],[994629.298000000417233,1676416.796700000762939],[994630.567999999970198,1676416.108799999579787],[994633.637199999764562,1676415.473799999803305],[994633.875300000421703,1676416.135299999266863],[994631.838000000454485,1676418.172499999403954],[994632.049700000323355,1676419.54839999973774],[994632.473000000230968,1676420.924200000241399],[994632.684700000099838,1676422.088400000706315],[994632.896399999968708,1676423.252599999308586],[994633.243400000035763,1676424.512800000607967],[994633.055100000463426,1676427.009600000455976],[994633.31969999987632,1676428.385500000789762],[994634.060499999672174,1676429.179199999198318],[994633.742999999783933,1676437.645899999886751],[994639.457999999634922,1676452.72719999961555],[994641.098500000312924,1676453.785499999299645],[994643.3739,1676456.64299999922514],[994647.554299999959767,1676470.348500000312924],[994648.136400000192225,1676471.671399999409914],[994651.840599999763072,1676482.413499999791384],[994655.915199999697506,1676494.743100000545382],[994664.963899999856949,1676518.767300000414252],[994668.2977,1676536.388599999248981],[994669.726400000043213,1676542.844499999657273],[994674.012699999846518,1676553.216099999845028],[994676.341000000014901,1676556.602800000458956],[994683.061499999836087,1676582.10869999974966],[994690.205199999734759,1676614.17820000089705],[994689.649600000120699,1676615.9244],[994688.829400000162423,1676620.263599999248981],[994689.755400000140071,1676626.560699999332428],[994691.157700000330806,1676630.317800000309944],[994694.0152000002563,1676639.631100000813603],[994694.835500000044703,1676642.9649],[994695.391099999658763,1676646.695499999448657],[994697.375500000081956,1676650.743699999526143],[994698.989400000311434,1676652.860300000756979],[994703.38150000013411,1676673.339099999517202],[994705.762799999676645,1676678.471999999135733],[994705.365899999625981,1676683.181600000709295],[994703.864199999719858,1676684.77930000051856],[994705.055399999953806,1676687.948300000280142],[994760.831600000150502,1676872.39640000090003],[994761.52280000038445,1676873.70549999922514],[994859.44400000013411,1676864.849500000476837],[994690.565000000409782,1676351.050200000405312]]]]}},
{"type":"Feature","properties":{"รหัสกลุ่มคิว":"23/003","รหัสรับเหมา":"722635","ชื่อ-สกุล รับเหมา":"นาย พิชิต มณีศรี","นักเกษตร":"2303","ศูนย์":"K2-23","โควตา":"720243","ชาวไร่":"นาย บุญช่วย บุตรลักษณ์","ประเภทอ้อย":"ตอ4","พื้นที่":3.4,"ตันรวม":23.8,"รหัสแปลง":"320607070365","กลุ่ม":"กลุ่ม_23"},"geometry":{"type":"MultiPolygon","coordinates":[[[[987155.590900000184774,1604979.409499999135733],[986999.8443,1604983.361500000581145],[987008.294800000265241,1605011.634600000455976],[987019.222699999809265,1605014.808800000697374],[987147.889499999582767,1605022.711300000548363],[987155.590900000184774,1604979.409499999135733]]]]}},
{"type":"Feature","properties":{"รหัสกลุ่มคิว":"23/001","รหัสรับเหมา":"738889","ชื่อ-สกุล รับเหมา":"รถตัดโรงงานเบอร์ 09","นักเกษตร":"2304","ศูนย์":"K2-23","โควตา":"727275","ชาวไร่":"นางสาว สุพรรณี บุตรงาม","ประเภทอ้อย":"ปลายฝน","พื้นที่":6.12,"ตันรวม":79.56,"รหัสแปลง":"320607100333","กลุ่ม":"กลุ่ม_23"},"geometry":{"type":"MultiPolygon","coordinates":[[[[983790.506199999712408,1602854.456800000742078],[983834.919900000095367,1602820.67850000038743],[983727.04590000025928,1602670.51799999922514],[983701.227500000037253,1602689.68019999936223],[983701.477099999785423,1602691.289200000464916],[983688.585699999704957,1602703.744100000709295],[983790.506199999712408,1602854.456800000742078]]]]}},
{"type":"Feature","properties":{"รหัสกลุ่มคิว":"23/003","รหัสรับเหมา":"722635","ชื่อ-สกุล รับเหมา":"นาย พิชิต มณีศรี","นักเกษตร":"2303","ศูนย์":"K2-23","โควตา":"722882","ชาวไร่":"นาง สารภี จันทวงศ์","ประเภทอ้อย":"ตอ1","พื้นที่":11.85,"ตันรวม":106.65,"รหัสแปลง":"320507041508","กลุ่ม":"กลุ่ม_23"},"geometry":{"type":"MultiPolygon","coordinates":[[[[984595.11600000038743,1611890.745200000703335],[984595.523599999956787,1611891.02309999987483],[984595.170800000429153,1611890.646299999207258],[984595.11600000038743,1611890.745200000703335],[984591.613699999637902,1611888.357200000435114],[984590.018799999728799,1611887.031400000676513],[984588.416600000113249,1611886.075300000607967],[984585.917899999767542,1611884.916600000113249],[984584.322999999858439,1611883.590800000354648],[984582.915400000289083,1611881.898900000378489],[984582.639200000092387,1611877.640599999576807],[984583.759600000455976,1611875.628799999132752],[984584.879999999888241,1611873.616900000721216],[984587.473500000312924,1611869.970000000670552],[984588.590300000272691,1611868.142899999395013],[984589.166899999603629,1611866.305299999192357],[984590.64740000013262,1611864.300499999895692],[984591.745900000445545,1611863.397700000554323],[984593.024400000460446,1611862.498400000855327],[984594.115600000135601,1611861.965199999511242],[984595.570600000210106,1611861.254200000315905],[984598.638700000010431,1611860.945000000298023],[984599.880800000391901,1611861.893999999389052],[984604.168999999761581,1611863.642699999734759],[984614.644500000402331,1611862.1853],[984706.709599999710917,1611733.088700000196695],[984670.769000000320375,1611701.500399999320507],[984661.386099999770522,1611711.48509999923408],[984658.990699999965727,1611714.211400000378489],[984648.631000000052154,1611728.059800000861287],[984638.675099999643862,1611739.6974],[984607.312300000339746,1611777.354000000283122],[984589.406600000336766,1611799.374299999326468],[984571.015399999916553,1611818.611500000581145],[984565.861100000329316,1611824.241800000891089],[984563.451200000010431,1611827.707499999552965],[984561.232300000265241,1611830.622199999168515],[984547.275399999693036,1611844.214800000190735],[984544.681800000369549,1611847.861700000241399],[984543.759700000286102,1611848.95299999974668],[984535.460799999535084,1611858.7741],[984532.374499999918044,1611860.00760000012815],[984529.4682,1611861.244599999859929],[984526.389200000092387,1611862.10840000025928],[984522.950100000016391,1611862.965099999681115],[984519.687400000169873,1611864.010099999606609],[984512.974700000137091,1611866.466399999335408],[984509.715599999763072,1611867.32660000026226],[984501.187800000421703,1611870.486700000241399],[984498.649000000208616,1611871.36119999922812],[984492.858300000429153,1611872.726199999451637],[984490.67949999962002,1611873.607699999585748],[984476.332000000402331,1611879.611500000581145],[984470.343100000172853,1611881.897199999541044],[984466.889399999752641,1611883.493200000375509],[984467.238599999807775,1611884.0548],[984471.924800000153482,1611893.022700000554323],[984477.456600000150502,1611904.780799999833107],[984483.213600000366569,1611923.384800000116229],[984484.044499999843538,1611926.91440000012517],[984484.949799999594688,1611935.807700000703335],[984483.08739999961108,1611938.914300000295043],[984481.628800000064075,1611939.810100000351667],[984480.90500000026077,1611939.980699999257922],[984478.884399999864399,1611941.9748],[984463.404099999926984,1611941.4846],[984462.327499999664724,1611941.278400000184774],[984459.090300000272691,1611941.029699999839067],[984458.197399999946356,1611940.642300000414252],[984456.764299999922514,1611940.244200000539422],[984465.245199999772012,1611966.852900000289083],[984465.425300000235438,1611966.8564],[984502.777099999599159,1611954.279999999329448],[984518.370299999602139,1611949.040500000119209],[984533.323599999770522,1611939.7204],[984562.283999999985099,1611932.525699999183416],[984564.304700000211596,1611930.531600000336766],[984570.27170000039041,1611929.355000000447035],[984572.285000000149012,1611927.730499999597669],[984572.839700000360608,1611927.001900000497699],[984575.447900000028312,1611922.615599999204278],[984582.302799999713898,1611912.950899999588728],[984587.438900000415742,1611908.244599999859929],[984588.073900000192225,1611903.4496],[984595.11600000038743,1611890.745200000703335]]]]}},
{"type":"Feature","properties":{"รหัสกลุ่มคิว":"23/002","รหัสรับเหมา":"722399","ชื่อ-สกุล รับเหมา":"นาง มะลิ งามเลิศ","นักเกษตร":"2302","ศูนย์":"K2-23","โควตา":"722997","ชาวไร่":"นาย เนาว์ คงยิ่งใหญ่","ประเภทอ้อย":"ตอ1","พื้นที่":10.21,"ตันรวม":91.89,"รหัสแปลง":"320507090100","กลุ่ม":"กลุ่ม_23"},"geometry":{"type":"MultiPolygon","coordinates":[[[[984221.77489999961108,1609138.751700000837445],[984224.032200000248849,1609179.659900000318885],[984232.253299999982119,1609182.965099999681115],[984531.861899999901652,1609180.72719999961555],[984539.253999999724329,1609152.952099999412894],[984538.417399999685585,1609140.5471],[984538.082999999634922,1609120.940600000321865],[984221.77489999961108,1609138.751700000837445]]]]}},
{"type":"Feature","properties":{"รหัสกลุ่มคิว":"23/002","รหัสรับเหมา":"722399","ชื่อ-สกุล รับเหมา":"นาง มะลิ งามเลิศ","นักเกษตร":"2302","ศูนย์":"K2-23","โควตา":"722622","ชาวไร่":"นาง นารี สุขใส","ประเภทอ้อย":"ตอ2","พื้นที่":5.19,"ตันรวม":41.52,"รหัสแปลง":"320607040027","กลุ่ม":"กลุ่ม_23"},"geometry":{"type":"MultiPolygon","coordinates":[[[[986613.9068,1607639.91469999961555],[986590.321700000204146,1607511.491699999198318],[986557.315600000321865,1607513.428400000557303],[986530.715699999593198,1607519.374900000169873],[986556.423100000247359,1607658.9342],[986574.878999999724329,1607654.860999999567866],[986613.9068,1607639.91469999961555]]]]}},
{"type":"Feature","properties":{"รหัสกลุ่มคิว":"23/001","รหัสรับเหมา":"738889","ชื่อ-สกุล รับเหมา":"รถตัดโรงงานเบอร์ 09","นักเกษตร":"2304","ศูนย์":"K2-23","โควตา":"726224","ชาวไร่":"นาย ปาน แยกมุม","ประเภทอ้อย":"ตอ1","พื้นที่":4.32,"ตันรวม":38.88,"รหัสแปลง":"320607060004","กลุ่ม":"กลุ่ม_23"},"geometry":{"type":"MultiPolygon","coordinates":[[[[981826.018799999728799,1604792.991699999198318],[981917.542700000107288,1604769.755599999800324],[981933.799100000411272,1604721.120400000363588],[981934.422500000335276,1604701.594100000336766],[981816.903800000436604,1604729.72859999909997],[981826.018799999728799,1604792.991699999198318]]]]}},
{"type":"Feature","properties":{"รหัสกลุ่มคิว":"23/001","รหัสรับเหมา":"738889","ชื่อ-สกุล รับเหมา":"รถตัดโรงงานเบอร์ 09","นักเกษตร":"2304","ศูนย์":"K2-23","โควตา":"726224","ชาวไร่":"นาย ปาน แยกมุม","ประเภทอ้อย":"ตอ1","พื้นที่":9.03,"ตันรวม":81.27,"รหัสแปลง":"320607061539","กลุ่ม":"กลุ่ม_23"},"geometry":{"type":"MultiPolygon","coordinates":[[[[982753.139399999752641,1606279.921900000423193],[982591.252399999648333,1606316.863600000739098],[982568.395299999974668,1606326.151100000366569],[982512.16330000013113,1606348.29109999909997],[982543.314100000075996,1606397.647700000554323],[982563.442800000309944,1606390.24269999936223],[982690.873700000345707,1606353.441700000315905],[982716.449500000104308,1606342.436899999156594],[982781.574799999594688,1606324.970100000500679],[982775.32149999961257,1606297.768300000578165],[982758.724100000225008,1606297.109300000593066],[982753.139399999752641,1606279.921900000423193]]]]}},
{"type":"Feature","properties":{"รหัสกลุ่มคิว":"23/003","รหัสรับเหมา":"722635","ชื่อ-สกุล รับเหมา":"นาย พิชิต มณีศรี","นักเกษตร":"2303","ศูนย์":"K2-23","โควตา":"727416","ชาวไร่":"นาย จตุรภัทร พิมาย","ประเภทอ้อย":"ปลายฝน","พื้นที่":4.89,"ตันรวม":63.57,"รหัสแปลง":"320607070776","กลุ่ม":"กลุ่ม_23"},"geometry":{"type":"MultiPolygon","coordinates":[[[[988438.634999999776483,1604424.2785],[988315.545400000177324,1604402.1721],[988313.752899999730289,1604405.838899999856949],[988275.392199999652803,1604411.513900000602007],[988266.079300000332296,1604442.529200000688434],[988429.598799999803305,1604474.841600000858307],[988438.634999999776483,1604424.2785]]]]}},
{"type":"Feature","properties":{"รหัสกลุ่มคิว":"23/003","รหัสรับเหมา":"722635","ชื่อ-สกุล รับเหมา":"นาย พิชิต มณีศรี","นักเกษตร":"2303","ศูนย์":"K2-23","โควตา":"722323","ชาวไร่":"นาย สง่า แฮะประโคน","ประเภทอ้อย":"ปลายฝน","พื้นที่":4.07,"ตันรวม":52.91,"รหัสแปลง":"320607070827","กลุ่ม":"กลุ่ม_23"},"geometry":{"type":"MultiPolygon","coordinates":[[[[988548.547600000165403,1606596.651499999687076],[988387.714800000190735,1606612.14049999974668],[988388.923000000417233,1606651.181099999696016],[988545.716599999926984,1606639.495400000363588],[988546.984600000083447,1606639.150699999183416],[988548.259899999946356,1606638.436300000175834],[988549.182300000451505,1606637.345100000500679],[988546.364500000141561,1606597.717700000852346],[988546.544599999673665,1606597.721300000324845],[988546.728400000371039,1606597.53999999910593],[988547.088600000366569,1606597.5472],[988547.272300000302494,1606597.365900000557303],[988547.6398,1606597.003399999812245],[988548.003700000233948,1606596.8257],[988548.547600000165403,1606596.651499999687076]]]]}},
{"type":"Feature","properties":{"รหัสกลุ่มคิว":"23/003","รหัสรับเหมา":"722635","ชื่อ-สกุล รับเหมา":"นาย พิชิต มณีศรี","นักเกษตร":"2303","ศูนย์":"K2-23","โควตา":"722351","ชาวไร่":"นาย ภาค สาทิพจันทร์","ประเภทอ้อย":"ตอ1","พื้นที่":5.46,"ตันรวม":49.14,"รหัสแปลง":"320607071603","กลุ่ม":"กลุ่ม_23"},"geometry":{"type":"MultiPolygon","coordinates":[[[[987393.834999999962747,1603177.55379999987781],[987330.95160000026226,1603178.518699999898672],[987304.982099999673665,1603179.6706000007689],[987302.71129999961704,1603230.845899999141693],[987300.838700000196695,1603243.567700000479817],[987299.404299999587238,1603261.475700000301003],[987378.837000000290573,1603299.470100000500679],[987393.834999999962747,1603177.55379999987781]]]]}},
{"type":"Feature","properties":{"รหัสกลุ่มคิว":"23/001","รหัสรับเหมา":"738889","ชื่อ-สกุล รับเหมา":"รถตัดโรงงานเบอร์ 09","นักเกษตร":"2304","ศูนย์":"K2-23","โควตา":"726031","ชาวไร่":"นาง เอี่ยม ยืนยง","ประเภทอ้อย":"ปลายฝน","พื้นที่":8.14,"ตันรวม":105.82,"รหัสแปลง":"320607100303","กลุ่ม":"กลุ่ม_23"},"geometry":{"type":"MultiPolygon","coordinates":[[[[983270.640999999828637,1602757.36009999923408],[983210.517699999734759,1602801.44789999909699],[983327.572999999858439,1602946.443199999630451],[983379.984400000423193,1602906.75789999961853],[983270.640999999828637,1602757.36009999923408]]]]}},
{"type":"Feature","properties":{"รหัสกลุ่มคิว":"23/003","รหัสรับเหมา":"722635","ชื่อ-สกุล รับเหมา":"นาย พิชิต มณีศรี","นักเกษตร":"2303","ศูนย์":"K2-23","โควตา":"722635","ชาวไร่":"นาย พิชิต มณีศรี","ประเภทอ้อย":"ตอ1","พื้นที่":12.53,"ตันรวม":112.77,"รหัสแปลง":"320401020002","กลุ่ม":"กลุ่ม_23"},"geometry":{"type":"MultiPolygon","coordinates":[[[[997401.75650000013411,1675737.281700000166893],[997404.798000000417233,1675737.900699999183416],[997406.414300000295043,1675737.934800000861287],[997406.730600000359118,1675739.9759],[997406.492600000463426,1675742.745100000873208],[997404.575799999758601,1675748.438100000843406],[997400.496000000275671,1675754.455299999564886],[997398.485399999655783,1675756.077500000596046],[997354.62540000025183,1675765.509700000286102],[997353.637799999676645,1675769.74269999936223],[997354.165400000289083,1675787.323899999260902],[997347.141699999570847,1675788.10050000064075],[997347.297899999655783,1675789.213500000536442],[997347.293999999761581,1675789.398399999365211],[997342.591199999675155,1675790.518300000578165],[997365.524799999780953,1675859.223400000482798],[997369.078300000168383,1675883.189999999478459],[997375.433400000445545,1675950.004100000485778],[997432.319600000046194,1675946.270099999383092],[997433.33490000013262,1675934.72859999909997],[997436.04009999986738,1675932.819299999624491],[997434.205500000156462,1675914.25650000013411],[997447.205799999646842,1675913.790500000119209],[997437.821800000034273,1675870.627599999308586],[997478.314000000245869,1675855.771800000220537],[997457.269199999980628,1675710.970599999651313],[997401.372299999929965,1675734.628000000491738],[997401.75650000013411,1675737.281700000166893]]]]}},
{"type":"Feature","properties":{"รหัสกลุ่มคิว":"23/003","รหัสรับเหมา":"722635","ชื่อ-สกุล รับเหมา":"นาย พิชิต มณีศรี","นักเกษตร":"2303","ศูนย์":"K2-23","โควตา":"722635","ชาวไร่":"นาย พิชิต มณีศรี","ประเภทอ้อย":"ตอ1","พื้นที่":82.6,"ตันรวม":743.4,"รหัสแปลง":"320401040010","กลุ่ม":"กลุ่ม_23"},"geometry":{"type":"MultiPolygon","coordinates":[[[[995693.234199999831617,1676062.511800000444055],[995758.663599999621511,1676026.898299999535084],[995754.665199999697506,1676020.526100000366569],[995752.431499999947846,1676015.6706000007689],[995751.884999999776483,1676016.028999999165535],[995748.016499999910593,1676020.5713],[995733.486100000329316,1676028.033500000834465],[995732.205599999986589,1676029.11629999987781],[995726.30379999987781,1676002.175300000235438],[995750.090499999932945,1675990.284099999815226],[995757.350399999879301,1676012.445000000298023],[995752.462600000202656,1676014.191700000315905],[995758.870400000363588,1676025.607999999076128],[995791.741499999538064,1676008.914300000295043],[995814.28969999961555,1675987.564899999648333],[995820.735500000417233,1675988.625099999830127],[995694.374099999666214,1675606.463700000196695],[995696.017599999904633,1675605.203600000590086],[995822.539200000464916,1675988.293099999427795],[995821.9693,1675989.760700000450015],[995920.119699999690056,1675953.171],[995941.134999999776483,1675944.920499999076128],[995957.652700000442564,1675936.945299999788404],[995971.617300000041723,1675930.765900000929832],[995989.769999999552965,1675913.39299999922514],[995990.691300000064075,1675912.302699999883771],[995991.616399999707937,1675911.027499999850988],[995993.099799999967217,1675908.839400000870228],[995998.20299999974668,1675913.940199999138713],[995986.371799999848008,1675895.566800000146031],[995973.192400000058115,1675864.403899999335408],[995966.034400000236928,1675845.943800000473857],[995950.047600000165403,1675811.5778],[995937.716400000266731,1675791.344499999657273],[995937.025200000032783,1675790.035399999469519],[995928.130400000140071,1675777.272099999710917],[995925.842299999669194,1675775.004699999466538],[995919.781999999657273,1675764.150499999523163],[995907.83629999961704,1675734.123299999162555],[995904.040699999779463,1675726.645700000226498],[995903.232099999673665,1675722.375],[995902.716699999757111,1675721.2544],[995898.221300000324845,1675704.33],[995893.36600000038743,1675678.89049999974668],[995890.68680000025779,1675669.58699999935925],[995887.939899999648333,1675646.4112],[995883.027099999599159,1675632.252100000157952],[995878.761800000444055,1675612.92820000089705],[995875.246799999848008,1675600.648],[995872.353099999949336,1675593.0044],[995871.322100000455976,1675590.763399999588728],[995868.557400000281632,1675585.526900000870228],[995870.539900000207126,1675576.691199999302626],[995870.383600000292063,1675575.578299999237061],[995869.711900000460446,1675573.344799999147654],[995868.571299999952316,1675567.77250000089407],[995866.704599999822676,1675562.5548],[995842.362300000153482,1675566.666799999773502],[995830.251799999736249,1675570.111099999397993],[995817.286100000143051,1675571.503100000321865],[995762.127600000239909,1675571.453500000759959],[995751.488900000229478,1675573.2643],[995730.914200000464916,1675577.64049999974668],[995705.275999999605119,1675583.574799999594688],[995705.412899999879301,1675585.611999999731779],[995704.269299999810755,1675588.73200000077486],[995703.480999999679625,1675592.04450000077486],[995699.030899999663234,1675598.608899999409914],[995695.506000000052154,1675603.898299999535084],[995673.159699999727309,1675615.634999999776483],[995655.256599999964237,1675629.684399999678135],[995645.4227,1675635.950799999758601],[995634.714100000448525,1675641.089199999347329],[995636.440100000239909,1675644.454500000923872],[995640.309500000439584,1675648.419600000604987],[995641.219200000166893,1675647.883899999782443],[995647.051599999889731,1675643.937699999660254],[995652.817999999970198,1675643.134099999442697],[995653.275200000032783,1675647.027499999850988],[995655.875799999572337,1675651.5208],[995657.001799999736249,1675666.339999999850988],[995642.182000000029802,1675670.467299999669194],[995641.471400000154972,1675670.082399999722838],[995634.324699999764562,1675651.068],[995631.098899999633431,1675642.122899999842048],[995630.029099999926984,1675641.730599999427795],[995607.612999999895692,1675656.7949],[995531.955000000074506,1675700.331599999219179],[995530.639600000344217,1675703.078199999406934],[995528.742700000293553,1675707.846799999475479],[995546.166000000201166,1675733.73509999923408],[995584.936099999584258,1675786.888699999079108],[995586.349600000306964,1675788.028100000694394],[995601.269999999552965,1675813.309000000357628],[995605.971400000154972,1675820.435699999332428],[995609.177799999713898,1675830.305099999532104],[995612.380199999548495,1675840.359300000593066],[995613.895499999634922,1675845.199699999764562],[995615.173000000417233,1675852.8092],[995615.087500000372529,1675856.876199999824166],[995616.298100000247359,1675859.120999999344349],[995616.880499999970198,1675865.606200000271201],[995619.422799999825656,1675872.872500000521541],[995619.950799999758601,1675881.945800000801682],[995618.66260000038892,1675883.398299999535084],[995693.234199999831617,1676062.511800000444055]]]]}},
{"type":"Feature","properties":{"รหัสกลุ่มคิว":"23/002","รหัสรับเหมา":"722399","ชื่อ-สกุล รับเหมา":"นาง มะลิ งามเลิศ","นักเกษตร":"2302","ศูนย์":"K2-23","โควตา":"726871","ชาวไร่":"นางสาว สุพิศ ภาสดา","ประเภทอ้อย":"ปลายฝน","พื้นที่":3.98,"ตันรวม":51.74,"รหัสแปลง":"320601070137","กลุ่ม":"กลุ่ม_23"},"geometry":{"type":"MultiPolygon","coordinates":[[[[991606.805100000463426,1606113.236700000241399],[991649.923499999567866,1606110.398],[991638.020899999886751,1605993.475700000301003],[991630.762900000438094,1605968.921399999409914],[991626.198099999688566,1605962.912900000810623],[991591.621799999848008,1605962.038699999451637],[991606.805100000463426,1606113.236700000241399]]]]}},
{"type":"Feature","properties":{"รหัสกลุ่มคิว":"23/003","รหัสรับเหมา":"722635","ชื่อ-สกุล รับเหมา":"นาย พิชิต มณีศรี","นักเกษตร":"2303","ศูนย์":"K2-23","โควตา":"727419","ชาวไร่":"นาย สุรัตน์ ตลับทอง","ประเภทอ้อย":"ปลายฝน","พื้นที่":5.55,"ตันรวม":72.15,"รหัสแปลง":"320601070198","กลุ่ม":"กลุ่ม_23"},"geometry":{"type":"MultiPolygon","coordinates":[[[[991135.756099999882281,1606379.19480000063777],[991142.386699999682605,1606380.9912],[991144.165599999949336,1606382.136099999770522],[991196.617499999701977,1606417.206399999558926],[991202.674599999561906,1606420.6557],[991203.564100000075996,1606421.2281],[991266.982200000435114,1606321.895400000736117],[991266.629300000146031,1606321.518500000238419],[991264.1705,1606318.325899999588728],[991261.880800000391901,1606315.691400000825524],[991259.774799999780953,1606312.875600000843406],[991257.275500000454485,1606311.716299999505281],[991254.059500000439584,1606310.357799999415874],[991253.35010000038892,1606309.788899999111891],[991249.803299999795854,1606306.944399999454618],[991247.3114,1606305.415400000289083],[991243.782999999821186,1606301.64670000039041],[991239.699599999934435,1606298.606599999591708],[991234.557699999772012,1606294.435900000855327],[991232.61710000038147,1606292.363099999725819],[991228.743300000205636,1606287.847899999469519],[991228.03760000038892,1606287.094100000336766],[991221.274799999780953,1606282.891100000590086],[991220.208899999968708,1606282.130200000479817],[991219.683299999684095,1606281.380100000649691],[991219.337899999693036,1606280.633500000461936],[991218.815999999642372,1606279.6985],[991218.102900000289083,1606279.314500000327826],[991217.753800000064075,1606278.752699999138713],[991135.756099999882281,1606379.19480000063777]]]]}},
{"type":"Feature","properties":{"รหัสกลุ่มคิว":"23/001","รหัสรับเหมา":"738889","ชื่อ-สกุล รับเหมา":"รถตัดโรงงานเบอร์ 09","นักเกษตร":"2304","ศูนย์":"K2-23","โควตา":"727353","ชาวไร่":"นาง กรรมสิทธิ์ ศรีเมือง","ประเภทอ้อย":"ปลายฝน","พื้นที่":6.94,"ตันรวม":90.22,"รหัสแปลง":"320601110054","กลุ่ม":"กลุ่ม_23"},"geometry":{"type":"MultiPolygon","coordinates":[[[[992656.813900000415742,1606098.134199999272823],[992615.709400000050664,1606135.407199999317527],[992579.313699999824166,1606171.479699999094009],[992576.339700000360608,1606176.043400000780821],[992576.475499999709427,1606178.2652000002563],[992581.172100000083447,1606186.680600000545382],[992628.707200000062585,1606242.367499999701977],[992723.50690000038594,1606186.935699999332428],[992724.080500000156462,1606185.282800000160933],[992656.813900000415742,1606098.134199999272823]]]]}},
{"type":"Feature","properties":{"รหัสกลุ่มคิว":"23/003","รหัสรับเหมา":"722635","ชื่อ-สกุล รับเหมา":"นาย พิชิต มณีศรี","นักเกษตร":"2303","ศูนย์":"K2-23","โควตา":"722147","ชาวไร่":"นาง สวาด ดำเนินงาม","ประเภทอ้อย":"ตอ2","พื้นที่":20.25,"ตันรวม":162.0,"รหัสแปลง":"320607010018","กลุ่ม":"กลุ่ม_23"},"geometry":{"type":"MultiPolygon","coordinates":[[[[985397.93709999974817,1605185.701899999752641],[985400.724000000394881,1605127.998299999162555],[985286.106599999591708,1605133.527799999341369],[985287.274000000208616,1605213.432199999690056],[985306.70380000025034,1605222.172900000587106],[985297.228099999949336,1605308.592199999839067],[985299.504099999554455,1605316.092399999499321],[985317.618400000035763,1605328.508300000801682],[985318.862499999813735,1605331.095599999651313],[985381.24170000012964,1605328.758300000801682],[985395.756000000052154,1605321.350999999791384],[985441.703200000338256,1605261.715500000864267],[985480.55530000012368,1605204.311200000345707],[985487.073499999940395,1605191.410299999639392],[985489.53899999987334,1605186.977800000458956],[985490.127700000070035,1605184.273499999195337],[985397.93709999974817,1605185.701899999752641]]]]}},
{"type":"Feature","properties":{"รหัสกลุ่มคิว":"23/001","รหัสรับเหมา":"738889","ชื่อ-สกุล รับเหมา":"รถตัดโรงงานเบอร์ 09","นักเกษตร":"2304","ศูนย์":"K2-23","โควตา":"726056","ชาวไร่":"นาง วิไล ประคองดี","ประเภทอ้อย":"ปลายฝน","พื้นที่":1.59,"ตันรวม":20.67,"รหัสแปลง":"320607070407","กลุ่ม":"กลุ่ม_23"},"geometry":{"type":"MultiPolygon","coordinates":[[[[989979.588800000026822,1606352.674799999222159],[989979.585099999792874,1606352.8597],[989948.975899999961257,1606360.942399999126792],[989957.373200000263751,1606409.11570000089705],[989957.587899999693036,1606408.082399999722838],[989958.330400000326335,1606406.987700000405312],[989959.245600000023842,1606406.266200000420213],[989961.605200000107288,1606405.388499999418855],[989966.306099999696016,1606404.557399999350309],[989979.342899999581277,1606401.303099999204278],[989982.239199999719858,1606400.620999999344349],[989983.153900000266731,1606401.004699999466538],[989985.249400000087917,1606403.269600000232458],[989988.101599999703467,1606404.805700000375509],[989993.509899999946356,1606405.348799999803305],[989979.588800000026822,1606352.674799999222159]]]]}},
{"type":"Feature","properties":{"รหัสกลุ่มคิว":"23/002","รหัสรับเหมา":"722399","ชื่อ-สกุล รับเหมา":"นาง มะลิ งามเลิศ","นักเกษตร":"2302","ศูนย์":"K2-23","โควตา":"722399","ชาวไร่":"นาง มะลิ งามเลิศ","ประเภทอ้อย":"ตอ1","พื้นที่":18.02,"ตันรวม":162.18,"รหัสแปลง":"320607070825","กลุ่ม":"กลุ่ม_23"},"geometry":{"type":"MultiPolygon","coordinates":[[[[990126.417500000447035,1605188.236300000920892],[990073.692200000397861,1605183.963600000366569],[990018.808600000105798,1605182.603800000622869],[990012.026800000108778,1605200.740399999544024],[989934.541000000201166,1605330.4287],[990016.405500000342727,1605370.745200000703335],[990033.093799999915063,1605356.4901],[990060.92339999973774,1605328.195900000631809],[990075.624900000169873,1605327.863299999386072],[990085.0455,1605340.746500000357628],[990139.192499999888241,1605276.492499999701977],[990169.416600000113249,1605288.589700000360608],[990205.980499999597669,1605263.552500000223517],[990184.856300000101328,1605241.580600000917912],[990194.052799999713898,1605220.587400000542402],[990126.417500000447035,1605188.236300000920892]]]]}},
{"type":"Feature","properties":{"รหัสกลุ่มคิว":"23/001","รหัสรับเหมา":"738889","ชื่อ-สกุล รับเหมา":"รถตัดโรงงานเบอร์ 09","นักเกษตร":"2304","ศูนย์":"K2-23","โควตา":"727273","ชาวไร่":"นางสาว นิตยา ชาญศรี","ประเภทอ้อย":"ปลายฝน","พื้นที่":6.96,"ตันรวม":90.48,"รหัสแปลง":"320607100310","กลุ่ม":"กลุ่ม_23"},"geometry":{"type":"MultiPolygon","coordinates":[[[[984473.543600000441074,1603071.907199999317527],[984518.460500000044703,1603042.838199999183416],[984401.947399999946356,1602878.416300000622869],[984354.769899999722838,1602911.509500000625849],[984473.543600000441074,1603071.907199999317527]]]]}},
{"type":"Feature","properties":{"รหัสกลุ่มคิว":"23/003","รหัสรับเหมา":"722635","ชื่อ-สกุล รับเหมา":"นาย พิชิต มณีศรี","นักเกษตร":"2303","ศูนย์":"K2-23","โควตา":"722882","ชาวไร่":"นาง สารภี จันทวงศ์","ประเภทอ้อย":"ตอ2","พื้นที่":10.69,"ตันรวม":85.52,"รหัสแปลง":"320607130027","กลุ่ม":"กลุ่ม_23"},"geometry":{"type":"MultiPolygon","coordinates":[[[[989617.086099999956787,1609370.518899999558926],[989605.370400000363588,1609361.7796],[989606.553999999538064,1609347.564600000157952],[989577.7796,1609290.7774],[989568.562699999660254,1609283.197300000116229],[989566.1705,1609267.616699999198318],[989567.648000000044703,1609256.736099999397993],[989565.343999999575317,1609245.780200000852346],[989420.959300000220537,1609304.484999999403954],[989481.772599999792874,1609371.709799999371171],[989497.150100000202656,1609359.446900000795722],[989474.44510000012815,1609332.546700000762939],[989486.951299999840558,1609319.666400000452995],[989511.404400000348687,1609349.184800000861287],[989483.187400000169873,1609373.032400000840425],[989515.060200000181794,1609409.9101],[989524.714399999938905,1609404.554700000211596],[989529.973299999721348,1609411.870999999344349],[989584.370900000445545,1609394.091900000348687],[989617.086099999956787,1609370.518899999558926]]]]}},
{"type":"Feature","properties":{"รหัสกลุ่มคิว":"23/003","รหัสรับเหมา":"722635","ชื่อ-สกุล รับเหมา":"นาย พิชิต มณีศรี","นักเกษตร":"2303","ศูนย์":"K2-23","โควตา":"726020","ชาวไร่":"นาง วิลัย ซ่อนกลิ่น","ประเภทอ้อย":"ตอ1","พื้นที่":5.45,"ตันรวม":49.05,"รหัสแปลง":"320607140023","กลุ่ม":"กลุ่ม_23"},"geometry":{"type":"MultiPolygon","coordinates":[[[[985558.07050000037998,1607006.372999999672174],[985556.594700000248849,1606955.095499999821186],[985470.147199999541044,1606955.57120000012219],[985468.239799999631941,1606953.735300000756979],[985383.552899999544024,1606954.8816],[985385.902300000190735,1607006.4934],[985465.924499999731779,1607004.320000000298023],[985558.07050000037998,1607006.372999999672174]]]]}},
{"type":"Feature","properties":{"รหัสกลุ่มคิว":"23/002","รหัสรับเหมา":"722399","ชื่อ-สกุล รับเหมา":"นาง มะลิ งามเลิศ","นักเกษตร":"2302","ศูนย์":"K2-23","โควตา":"720061","ชาวไร่":"นาง สายทอง งามเลิศ","ประเภทอ้อย":"ตอ1","พื้นที่":5.17,"ตันรวม":46.53,"รหัสแปลง":"320607140037","กลุ่ม":"กลุ่ม_23"},"geometry":{"type":"MultiPolygon","coordinates":[[[[986073.834099999628961,1606357.153300000354648],[986081.317499999888241,1606422.9945],[986183.584800000302494,1606430.489700000733137],[986188.806499999947846,1606358.0581],[986116.57039999961853,1606336.895400000736117],[986112.987200000323355,1606357.8277000002563],[986073.834099999628961,1606357.153300000354648]]]]}},
{"type":"Feature","properties":{"รหัสกลุ่มคิว":"23/003","รหัสรับเหมา":"722635","ชื่อ-สกุล รับเหมา":"นาย พิชิต มณีศรี","นักเกษตร":"2303","ศูนย์":"K2-23","โควตา":"722635","ชาวไร่":"นาย พิชิต มณีศรี","ประเภทอ้อย":"ตอ1","พื้นที่":74.16,"ตันรวม":667.44,"รหัสแปลง":"320804130007","กลุ่ม":"กลุ่ม_23"},"geometry":{"type":"MultiPolygon","coordinates":[[[[1016205.488699999637902,1677831.982300000265241],[1016146.3202,1677620.716600000858307],[1016137.147300000302494,1677621.070699999108911],[1016135.518500000238419,1677621.589999999850988],[1016101.9205,1677635.6085],[1016101.655899999663234,1677647.250199999660254],[1016096.099700000137091,1677652.012700000777841],[1016083.664200000464916,1677646.721000000834465],[1016065.571000000461936,1677639.85249999910593],[1016055.618300000205636,1677636.402200000360608],[1016052.972500000149012,1677614.706299999728799],[1016059.9847,1677607.725999999791384],[1016060.755900000222027,1677605.337999999523163],[1016069.4128,1677595.722799999639392],[1016061.727800000458956,1677560.9605],[1016063.25789999961853,1677556.739099999889731],[1016064.164099999703467,1677556.389000000432134],[1016071.927000000141561,1677546.569299999624491],[1016073.4287,1677543.642200000584126],[1016109.168399999849498,1677536.470200000330806],[1016099.903199999593198,1677496.644200000911951],[1016002.487200000323355,1677518.893400000408292],[1016011.497899999842048,1677556.90059999935329],[1015989.557,1677565.854900000616908],[1015978.884800000116229,1677560.8114],[1015969.307699999772012,1677538.587300000712276],[1015976.9041,1677511.744400000199676],[1015983.076100000180304,1677508.919600000604987],[1015990.848500000312924,1677506.869899999350309],[1015994.449099999852479,1677506.578700000420213],[1016004.0395,1677511.783600000664592],[1016002.8443,1677517.122300000861287],[1016099.220499999821186,1677493.988700000569224],[1016062.9189,1677361.337099999189377],[1016056.621799999848008,1677347.8169],[1016046.995000000111759,1677314.594799999147654],[1016013.247100000269711,1677321.070699999108911],[1016001.278,1677294.341299999505281],[1015997.256,1677296.301300000399351],[1015994.002500000409782,1677297.155099999159575],[1015973.317200000397861,1677297.997199999168515],[1015963.351300000213087,1677293.5241],[1015958.5499,1677291.199100000783801],[1015950.192599999718368,1677287.13120000064373],[1015940.712899999693036,1677285.073799999430776],[1015935.507799999788404,1677284.774800000712276],[1015930.8416,1677284.487700000405312],[1015926.7061,1677284.5822],[1015922.211400000378489,1677284.668800000101328],[1015918.076000000350177,1677284.7632],[1015914.1162,1677285.046499999240041],[1015909.609299999661744,1677285.687899999320507],[1015901.110299999825656,1677288.091700000688434],[1015897.995900000445545,1677290.798499999567866],[1015895.596,1677293.705900000408292],[1015891.825400000438094,1677301.7631],[1015888.753100000321865,1677310.760600000619888],[1015887.9375,1677315.182600000873208],[1015884.980000000447035,1677327.1425],[1015883.385200000368059,1677334.322300000116229],[1015882.05489999987185,1677337.623099999502301],[1015879.206799999810755,1677344.590600000694394],[1015859.136400000192225,1677358.3958],[1015801.0762,1677375.439400000497699],[1015801.221,1677385.247300000861287],[1015797.380099999718368,1677388.3081],[1015791.4282,1677389.287799999117851],[1015787.738599999807775,1677393.6469],[1015801.244,1677441.671],[1015809.3174,1677470.082299999892712],[1015832.403599999845028,1677479.53690000064671],[1015840.14159999974072,1677511.895199999213219],[1015843.25650000013411,1677533.792700000107288],[1015844.879099999554455,1677787.522299999371171],[1016045.330199999734759,1677751.700999999418855],[1016036.732099999673665,1677701.1941],[1016118.558799999766052,1677682.081900000572205],[1016150.386699999682605,1677837.064999999478459],[1016205.488699999637902,1677831.982300000265241]]]]}},
{"type":"Feature","properties":{"รหัสกลุ่มคิว":"23/003","รหัสรับเหมา":"722635","ชื่อ-สกุล รับเหมา":"นาย พิชิต มณีศรี","นักเกษตร":"2303","ศูนย์":"K2-23","โควตา":"722437","ชาวไร่":"นาย สมาน ใจกล้า","ประเภทอ้อย":"ปลายฝน","พื้นที่":7.06,"ตันรวม":91.78,"รหัสแปลง":"320607120065","กลุ่ม":"กลุ่ม_23"},"geometry":{"type":"MultiPolygon","coordinates":[[[[986395.24930000025779,1606204.765000000596046],[986344.501600000075996,1605980.655799999833107],[986303.929100000299513,1605991.898700000718236],[986302.56319999974221,1605998.290999999269843],[986297.315700000151992,1606002.803899999707937],[986346.825000000186265,1606212.610999999567866],[986395.24930000025779,1606204.765000000596046]]]]}},
{"type":"Feature","properties":{"รหัสกลุ่มคิว":"23/003","รหัสรับเหมา":"722635","ชื่อ-สกุล รับเหมา":"นาย พิชิต มณีศรี","นักเกษตร":"2303","ศูนย์":"K2-23","โควตา":"720403","ชาวไร่":"นาย บน ซ่อนกลิ่น","ประเภทอ้อย":"ตอ1","พื้นที่":6.38,"ตันรวม":57.42,"รหัสแปลง":"320607120125","กลุ่ม":"กลุ่ม_23"},"geometry":{"type":"MultiPolygon","coordinates":[[[[985738.370600000023842,1606922.530200000852346],[985488.673299999907613,1606905.5777000002563],[985485.776899999938905,1606952.518699999898672],[985611.816300000064075,1606952.331700000911951],[985613.854299999773502,1606945.618699999526143],[985621.714800000190735,1606947.810599999502301],[985619.631099999882281,1606954.214299999177456],[985733.923000000417233,1606961.987400000914931],[985738.370600000023842,1606922.530200000852346]]]]}},
{"type":"Feature","properties":{"รหัสกลุ่มคิว":"23/001","รหัสรับเหมา":"738889","ชื่อ-สกุล รับเหมา":"รถตัดโรงงานเบอร์ 09","นักเกษตร":"2304","ศูนย์":"K2-23","โควตา":"722445","ชาวไร่":"นาง แสวง ศรีเพชร","ประเภทอ้อย":"ตอ2","พื้นที่":1.84,"ตันรวม":14.72,"รหัสแปลง":"320607071588","กลุ่ม":"กลุ่ม_23"},"geometry":{"type":"MultiPolygon","coordinates":[[[[987063.333399999886751,1604773.6897],[987063.521300000138581,1604745.378900000825524],[987019.522599999792874,1604746.546399999409914],[986964.809200000017881,1604747.519200000911951],[986964.442900000140071,1604748.386199999600649],[986964.940100000239909,1604749.868300000205636],[986963.817800000309944,1604764.728399999439716],[986962.762500000186265,1604765.119200000539422],[986960.940000000409782,1604766.977],[986960.928100000135601,1604767.578099999576807],[986960.178199999965727,1604776.052899999544024],[986960.920800000429153,1604777.098200000822544],[986961.890399999916553,1604777.921700000762939],[987057.484000000171363,1604774.176699999719858],[987063.218999999575317,1604773.621999999508262],[987063.333399999886751,1604773.6897]]]]}},
{"type":"Feature","properties":{"รหัสกลุ่มคิว":"23/001","รหัสรับเหมา":"738889","ชื่อ-สกุล รับเหมา":"รถตัดโรงงานเบอร์ 09","นักเกษตร":"2304","ศูนย์":"K2-23","โควตา":"726896","ชาวไร่":"นาย ปรากฎท์ นิมินรัมย์","ประเภทอ้อย":"ตอ2","พื้นที่":10.88,"ตันรวม":87.04,"รหัสแปลง":"320506111528","กลุ่ม":"กลุ่ม_23"},"geometry":{"type":"MultiPolygon","coordinates":[[[[981895.052600000053644,1617106.531600000336766],[981851.35329999960959,1617108.929199999198318],[981843.657999999821186,1617118.773800000548363],[981827.941700000315905,1617136.282600000500679],[981807.88300000037998,1617153.028300000354648],[981945.726800000295043,1617339.4276],[981983.346800000406802,1617304.984400000423193],[981895.052600000053644,1617106.531600000336766]]]]}},
{"type":"Feature","properties":{"รหัสกลุ่มคิว":"23/001","รหัสรับเหมา":"738889","ชื่อ-สกุล รับเหมา":"รถตัดโรงงานเบอร์ 09","นักเกษตร":"2304","ศูนย์":"K2-23","โควตา":"726099","ชาวไร่":"นาย วุฒิชัย นิสัยกล้า","ประเภทอ้อย":"ตอ2","พื้นที่":7.84,"ตันรวม":62.72,"รหัสแปลง":"320507061520","กลุ่ม":"กลุ่ม_23"},"geometry":{"type":"MultiPolygon","coordinates":[[[[976445.983799999579787,1612389.841900000348687],[976294.784599999897182,1612360.89750000089407],[976296.840800000354648,1612407.825899999588728],[976279.914099999703467,1612432.193800000473857],[976277.92949999962002,1612442.32880000025034],[976442.043800000101328,1612469.236099999397993],[976445.983799999579787,1612389.841900000348687]]]]}},
{"type":"Feature","properties":{"รหัสกลุ่มคิว":"23/001","รหัสรับเหมา":"738889","ชื่อ-สกุล รับเหมา":"รถตัดโรงงานเบอร์ 09","นักเกษตร":"2304","ศูนย์":"K2-23","โควตา":"726678","ชาวไร่":"นาง หอม สมนิยาม","ประเภทอ้อย":"ตอ1","พื้นที่":9.63,"ตันรวม":86.67,"รหัสแปลง":"320507061532","กลุ่ม":"กลุ่ม_23"},"geometry":{"type":"MultiPolygon","coordinates":[[[[978954.781200000084937,1610114.5669],[979140.355200000107288,1610107.97719999961555],[979126.260200000368059,1610029.690700000151992],[978926.296099999919534,1610037.393799999728799],[978925.976099999621511,1610084.789000000804663],[978953.751799999736249,1610084.355900000780821],[978954.781200000084937,1610114.5669]]]]}},
{"type":"Feature","properties":{"รหัสกลุ่มคิว":"23/001","รหัสรับเหมา":"738889","ชื่อ-สกุล รับเหมา":"รถตัดโรงงานเบอร์ 09","นักเกษตร":"2304","ศูนย์":"K2-23","โควตา":"726170","ชาวไร่":"นาง สนุก สุขสบาย","ประเภทอ้อย":"ตอ3","พื้นที่":4.26,"ตันรวม":29.82,"รหัสแปลง":"320507061570","กลุ่ม":"กลุ่ม_23"},"geometry":{"type":"MultiPolygon","coordinates":[[[[978930.388500000350177,1610160.239299999549985],[979094.916299999691546,1610155.756300000473857],[979093.155799999833107,1610114.494100000709295],[978929.407999999821186,1610118.604499999433756],[978930.388500000350177,1610160.239299999549985]]]]}},
{"type":"Feature","properties":{"รหัสกลุ่มคิว":"23/001","รหัสรับเหมา":"738889","ชื่อ-สกุล รับเหมา":"รถตัดโรงงานเบอร์ 09","นักเกษตร":"2304","ศูนย์":"K2-23","โควตา":"726978","ชาวไร่":"นาย สุนทร เยียวรัมย์","ประเภทอ้อย":"ตอ4","พื้นที่":6.45,"ตันรวม":45.15,"รหัสแปลง":"320507081536","กลุ่ม":"กลุ่ม_23"},"geometry":{"type":"MultiPolygon","coordinates":[[[[980553.015599999576807,1613065.2654],[980716.360999999567866,1613034.060200000181794],[980725.464999999850988,1612971.71169999986887],[980553.114900000393391,1613002.9649],[980553.015599999576807,1613065.2654]]]]}},
{"type":"Feature","properties":{"รหัสกลุ่มคิว":"23/001","รหัสรับเหมา":"738889","ชื่อ-สกุล รับเหมา":"รถตัดโรงงานเบอร์ 09","นักเกษตร":"2304","ศูนย์":"K2-23","โควตา":"726978","ชาวไร่":"นาย สุนทร เยียวรัมย์","ประเภทอ้อย":"ปลายฝน","พื้นที่":7.15,"ตันรวม":92.95,"รหัสแปลง":"320507081537","กลุ่ม":"กลุ่ม_23"},"geometry":{"type":"MultiPolygon","coordinates":[[[[979904.155299999751151,1612632.535900000482798],[979903.145399999804795,1612789.6656],[979980.053700000047684,1612782.11460000090301],[979972.260999999940395,1612624.570800000801682],[979904.155299999751151,1612632.535900000482798]]]]}},
{"type":"Feature","properties":{"รหัสกลุ่มคิว":"23/001","รหัสรับเหมา":"738889","ชื่อ-สกุล รับเหมา":"รถตัดโรงงานเบอร์ 09","นักเกษตร":"2304","ศูนย์":"K2-23","โควตา":"727160","ชาวไร่":"นาย ทองเสียน เยียวรัมย์","ประเภทอ้อย":"ตอ2","พื้นที่":6.62,"ตันรวม":52.96,"รหัสแปลง":"320507081621","กลุ่ม":"กลุ่ม_23"},"geometry":{"type":"MultiPolygon","coordinates":[[[[980214.158699999563396,1613647.48619999922812],[980052.105299999937415,1613669.497500000521541],[980075.213499999605119,1613735.0142],[980217.824699999764562,1613717.669099999591708],[980214.158699999563396,1613647.48619999922812]]]]}},
{"type":"Feature","properties":{"รหัสกลุ่มคิว":"23/001","รหัสรับเหมา":"738889","ชื่อ-สกุล รับเหมา":"รถตัดโรงงานเบอร์ 09","นักเกษตร":"2304","ศูนย์":"K2-23","โควตา":"726332","ชาวไร่":"นาย เมียน กระแสโสม","ประเภทอ้อย":"ตอ1","พื้นที่":10.26,"ตันรวม":92.34,"รหัสแปลง":"320507081623","กลุ่ม":"กลุ่ม_23"},"geometry":{"type":"MultiPolygon","coordinates":[[[[979733.845900000073016,1613116.95240000076592],[979584.942400000058115,1613135.969900000840425],[979595.798299999907613,1613218.218299999833107],[979613.408200000412762,1613215.790200000628829],[979621.875,1613247.772199999541044],[979754.881799999624491,1613219.414100000634789],[979733.845900000073016,1613116.95240000076592]]]]}},
{"type":"Feature","properties":{"รหัสกลุ่มคิว":"23/001","รหัสรับเหมา":"738889","ชื่อ-สกุล รับเหมา":"รถตัดโรงงานเบอร์ 09","นักเกษตร":"2304","ศูนย์":"K2-23","โควตา":"726292","ชาวไร่":"นาย จืม วงค์ดินดำ","ประเภทอ้อย":"ตอ3","พื้นที่":8.04,"ตันรวม":56.28,"รหัสแปลง":"320507091533","กลุ่ม":"กลุ่ม_23"},"geometry":{"type":"MultiPolygon","coordinates":[[[[984233.119400000199676,1610155.601099999621511],[984227.434700000099838,1610175.734899999573827],[984369.684700000099838,1610198.945299999788404],[984371.804999999701977,1610219.326500000432134],[984230.583100000396371,1610203.115499999374151],[984228.576999999582767,1610225.079199999570847],[984252.944899999536574,1610226.731799999251962],[984252.818500000052154,1610249.449200000613928],[984384.958999999798834,1610260.63990000076592],[984390.739400000311434,1610186.496600000187755],[984233.119400000199676,1610155.601099999621511]]]]}},
{"type":"Feature","properties":{"รหัสกลุ่มคิว":"23/001","รหัสรับเหมา":"738889","ชื่อ-สกุล รับเหมา":"รถตัดโรงงานเบอร์ 09","นักเกษตร":"2304","ศูนย์":"K2-23","โควตา":"727415","ชาวไร่":"นางสาว สินิทรา พิศงาม","ประเภทอ้อย":"ปลายฝน","พื้นที่":8.66,"ตันรวม":112.58,"รหัสแปลง":"320601061519","กลุ่ม":"กลุ่ม_23"},"geometry":{"type":"MultiPolygon","coordinates":[[[[994170.878299999982119,1608852.0472999997437],[994145.856399999931455,1608801.794299999251962],[993915.286999999545515,1608842.018300000578165],[993939.757000000216067,1608906.5954],[994139.966900000348687,1608854.472400000318885],[994170.878299999982119,1608852.0472999997437]]]]}},
{"type":"Feature","properties":{"รหัสกลุ่มคิว":"23/003","รหัสรับเหมา":"722635","ชื่อ-สกุล รับเหมา":"นาย พิชิต มณีศรี","นักเกษตร":"2303","ศูนย์":"K2-23","โควตา":"722048","ชาวไร่":"นาย วีระ ยอทอง","ประเภทอ้อย":"ปลายฝน","พื้นที่":11.49,"ตันรวม":149.37,"รหัสแปลง":"320601070034","กลุ่ม":"กลุ่ม_23"},"geometry":{"type":"MultiPolygon","coordinates":[[[[991378.408800000324845,1606914.381699999794364],[991507.694899999536574,1606882.0099],[991511.731300000101328,1606869.330800000578165],[991514.425400000065565,1606869.7544],[991518.601999999955297,1606850.051200000569224],[991547.358599999919534,1606853.583499999716878],[991548.642,1606843.438400000333786],[991548.285500000230968,1606843.246400000527501],[991533.929299999959767,1606840.371200000867248],[991541.817900000140071,1606761.012599999085069],[991408.761599999852479,1606765.57120000012219],[991398.019600000232458,1606807.33390000090003],[991390.629900000058115,1606843.615900000557303],[991378.887900000438094,1606890.351600000634789],[991378.408800000324845,1606914.381699999794364]]]]}},
{"type":"Feature","properties":{"รหัสกลุ่มคิว":"23/002","รหัสรับเหมา":"722399","ชื่อ-สกุล รับเหมา":"นาง มะลิ งามเลิศ","นักเกษตร":"2302","ศูนย์":"K2-23","โควตา":"722253","ชาวไร่":"นาย สำรวย จุไรย์","ประเภทอ้อย":"ปลายฝน","พื้นที่":4.33,"ตันรวม":56.29,"รหัสแปลง":"320601070097","กลุ่ม":"กลุ่ม_23"},"geometry":{"type":"MultiPolygon","coordinates":[[[[990947.328900000080466,1607146.370100000873208],[990866.752700000070035,1607157.52419999986887],[990869.767300000414252,1607232.291600000113249],[990972.072399999946356,1607215.653200000524521],[990961.2171,1607172.720499999821186],[990947.328900000080466,1607146.370100000873208]]]]}},
{"type":"Feature","properties":{"รหัสกลุ่มคิว":"23/003","รหัสรับเหมา":"722635","ชื่อ-สกุล รับเหมา":"นาย พิชิต มณีศรี","นักเกษตร":"2303","ศูนย์":"K2-23","โควตา":"722931","ชาวไร่":"นาย นวล ภาคพรม","ประเภทอ้อย":"ตอ2","พื้นที่":9.44,"ตันรวม":75.52,"รหัสแปลง":"320601070111","กลุ่ม":"กลุ่ม_23"},"geometry":{"type":"MultiPolygon","coordinates":[[[[991085.985600000247359,1605276.255699999630451],[991088.158699999563396,1605216.346200000494719],[991077.479500000365078,1605151.727399999275804],[990972.887699999846518,1605146.468100000172853],[990974.949000000022352,1605291.909900000318885],[991085.38190000038594,1605278.612500000745058],[991085.985600000247359,1605276.255699999630451]]]]}},
{"type":"Feature","properties":{"รหัสกลุ่มคิว":"23/002","รหัสรับเหมา":"722399","ชื่อ-สกุล รับเหมา":"นาง มะลิ งามเลิศ","นักเกษตร":"2302","ศูนย์":"K2-23","โควตา":"722399","ชาวไร่":"นาง มะลิ งามเลิศ","ประเภทอ้อย":"ปลายฝน","พื้นที่":7.34,"ตันรวม":95.42,"รหัสแปลง":"320601070151","กลุ่ม":"กลุ่ม_23"},"geometry":{"type":"MultiPolygon","coordinates":[[[[991196.785500000230968,1604878.960899999365211],[991372.821899999864399,1604873.965600000694394],[991375.085500000044703,1604807.087799999862909],[991184.334599999710917,1604818.234400000423193],[991196.785500000230968,1604878.960899999365211]]]]}},
{"type":"Feature","properties":{"รหัสกลุ่มคิว":"23/002","รหัสรับเหมา":"722399","ชื่อ-สกุล รับเหมา":"นาง มะลิ งามเลิศ","นักเกษตร":"2302","ศูนย์":"K2-23","โควตา":"720383","ชาวไร่":"นางสาว จิราธร นะวะสิมัยนาม","ประเภทอ้อย":"ปลายฝน","พื้นที่":5.63,"ตันรวม":73.19,"รหัสแปลง":"320601070201","กลุ่ม":"กลุ่ม_23"},"geometry":{"type":"MultiPolygon","coordinates":[[[[990434.572300000116229,1605443.97440000064671],[990303.49959999974817,1605448.210699999704957],[990303.62459999974817,1605450.986999999731779],[990308.149400000460446,1605459.028400000184774],[990308.796299999579787,1605462.73960000090301],[990308.946999999694526,1605464.221899999305606],[990309.67879999987781,1605508.986500000581145],[990430.25,1605525.43720000050962],[990436.457999999634922,1605485.063699999824166],[990436.156600000336766,1605454.91609999909997],[990434.572300000116229,1605443.97440000064671]]]]}},
{"type":"Feature","properties":{"รหัสกลุ่มคิว":"23/002","รหัสรับเหมา":"722399","ชื่อ-สกุล รับเหมา":"นาง มะลิ งามเลิศ","นักเกษตร":"2302","ศูนย์":"K2-23","โควตา":"722757","ชาวไร่":"นาย หมวด จุไรย์","ประเภทอ้อย":"ปลายฝน","พื้นที่":6.3,"ตันรวม":81.9,"รหัสแปลง":"320601070210","กลุ่ม":"กลุ่ม_23"},"geometry":{"type":"MultiPolygon","coordinates":[[[[991345.144799999892712,1604948.757500000298023],[991342.117300000041723,1604901.727600000798702],[991318.588899999856949,1604897.930500000715256],[991318.784400000236928,1604870.011499999091029],[991194.995900000445545,1604879.197100000455976],[991202.096099999733269,1604947.943600000813603],[991345.144799999892712,1604948.757500000298023]]]]}},
{"type":"Feature","properties":{"รหัสกลุ่มคิว":"23/003","รหัสรับเหมา":"722635","ชื่อ-สกุล รับเหมา":"นาย พิชิต มณีศรี","นักเกษตร":"2303","ศูนย์":"K2-23","โควตา":"722011","ชาวไร่":"นาย สำลี ภาคพรม","ประเภทอ้อย":"ตอ1","พื้นที่":7.9,"ตันรวม":71.1,"รหัสแปลง":"320601071504","กลุ่ม":"กลุ่ม_23"},"geometry":{"type":"MultiPolygon","coordinates":[[[[991376.346499999985099,1606575.011800000444055],[991330.539599999785423,1606703.727700000628829],[991423.068300000391901,1606734.789799999445677],[991448.470300000160933,1606653.561499999836087],[991454.519299999810755,1606603.198799999430776],[991376.346499999985099,1606575.011800000444055]]]]}},
{"type":"Feature","properties":{"รหัสกลุ่มคิว":"23/002","รหัสรับเหมา":"722399","ชื่อ-สกุล รับเหมา":"นาง มะลิ งามเลิศ","นักเกษตร":"2302","ศูนย์":"K2-23","โควตา":"726464","ชาวไร่":"นาย ไสว นามเวท","ประเภทอ้อย":"ตอ1","พื้นที่":5.75,"ตันรวม":51.75,"รหัสแปลง":"320601071533","กลุ่ม":"กลุ่ม_23"},"geometry":{"type":"MultiPolygon","coordinates":[[[[991792.242300000041723,1606111.387000000104308],[991989.947999999858439,1606018.432199999690056],[991984.484000000171363,1605994.283399999141693],[991974.641499999910593,1605981.882200000807643],[991956.116499999538064,1605980.2182],[991873.787200000137091,1606024.806099999696016],[991853.908699999563396,1606036.7993],[991816.346400000154972,1606059.165300000458956],[991780.695199999958277,1606085.082800000905991],[991792.242300000041723,1606111.387000000104308]]]]}},
{"type":"Feature","properties":{"รหัสกลุ่มคิว":"23/002","รหัสรับเหมา":"722399","ชื่อ-สกุล รับเหมา":"นาง มะลิ งามเลิศ","นักเกษตร":"2302","ศูนย์":"K2-23","โควตา":"726873","ชาวไร่":"นาย ประเสริฐ ศรีน้อย","ประเภทอ้อย":"ปลายฝน","พื้นที่":5.8,"ตันรวม":75.4,"รหัสแปลง":"320601071536","กลุ่ม":"กลุ่ม_23"},"geometry":{"type":"MultiPolygon","coordinates":[[[[991846.526899999938905,1606246.474899999797344],[991854.287200000137091,1606269.3695],[992141.138000000268221,1606242.622300000861287],[992133.144600000232458,1606202.710400000214577],[991846.526899999938905,1606246.474899999797344]]]]}},
{"type":"Feature","properties":{"รหัสกลุ่มคิว":"23/001","รหัสรับเหมา":"738889","ชื่อ-สกุล รับเหมา":"รถตัดโรงงานเบอร์ 09","นักเกษตร":"2304","ศูนย์":"K2-23","โควตา":"722723","ชาวไร่":"นาย อั้น เรือเสาร์","ประเภทอ้อย":"ปลายฝน","พื้นที่":3.71,"ตันรวม":48.23,"รหัสแปลง":"320601071753","กลุ่ม":"กลุ่ม_23"},"geometry":{"type":"MultiPolygon","coordinates":[[[[991471.52489999961108,1605967.041600000113249],[991511.427400000393391,1605962.844100000336766],[991478.916199999861419,1605813.1502],[991441.354799999855459,1605817.394600000232458],[991471.52489999961108,1605967.041600000113249]]]]}},
{"type":"Feature","properties":{"รหัสกลุ่มคิว":"23/003","รหัสรับเหมา":"722635","ชื่อ-สกุล รับเหมา":"นาย พิชิต มณีศรี","นักเกษตร":"2303","ศูนย์":"K2-23","โควตา":"722635","ชาวไร่":"นาย พิชิต มณีศรี","ประเภทอ้อย":"ปลายฝน","พื้นที่":31.33,"ตันรวม":407.29,"รหัสแปลง":"320601091512","กลุ่ม":"กลุ่ม_23"},"geometry":{"type":"MultiPolygon","coordinates":[[[[995900.699599999934435,1607124.434100000187755],[995748.998300000093877,1607141.909],[995722.941599999554455,1607174.302400000393391],[995712.452499999664724,1607185.187300000339746],[995693.290199999697506,1607206.253699999302626],[995683.057199999690056,1607222.32179999910295],[995677.681699999608099,1607229.795800000429153],[995669.065999999642372,1607246.081299999728799],[995666.362300000153482,1607255.088500000536442],[995664.386500000022352,1607263.740499999374151],[995664.533099999651313,1607265.4079],[995666.222599999979138,1607270.989800000563264],[995667.713399999774992,1607277.4923],[995669.703599999658763,1607286.039200000464916],[995672.868900000117719,1607298.863099999725819],[995674.712500000372529,1607305.742599999532104],[995676.262699999846518,1607309.287499999627471],[995679.615600000135601,1607321.745300000533462],[995684.394500000402331,1607334.9715],[995686.494099999777973,1607347.034299999475479],[995984.704800000414252,1607310.316600000485778],[995984.966799999587238,1607306.253399999812245],[995985.143899999558926,1607288.503499999642372],[995983.231999999843538,1607276.0746],[995968.825799999758601,1607266.722999999299645],[995966.367600000463426,1607263.529699999839067],[995961.007699999958277,1607252.325899999588728],[995959.82880000025034,1607248.23369999974966],[995958.210099999792874,1607239.139499999582767],[995956.526600000448525,1607224.31110000051558],[995953.199799999594688,1607210.5592],[995946.50690000038594,1607193.965600000694394],[995945.144199999980628,1607190.05460000038147],[995938.480999999679625,1607171.982100000604987],[995929.114000000059605,1607162.916899999603629],[995910.237900000065565,1607169.749299999326468],[995908.667200000025332,1607162.488099999725819],[995907.661799999885261,1607163.0702],[995906.709300000220537,1607163.811000000685453],[995905.809700000099838,1607164.128499999642372],[995904.67200000025332,1607164.525399999693036],[995903.719499999657273,1607165.028100000694394],[995902.925699999555945,1607165.1075],[995902.026100000366569,1607165.133899999782443],[995901.047199999913573,1607165.292700000107288],[995900.200500000268221,1607165.345599999651313],[995898.401600000448525,1607165.228800000622869],[995897.503899999894202,1607164.853700000792742],[995896.655100000090897,1607164.4989],[995894.697200000286102,1607163.308299999684095],[995893.585900000296533,1607162.990800000727177],[995892.898000000044703,1607162.223500000312924],[995891.866100000217557,1607160.874099999666214],[995891.089900000020862,1607160.320299999788404],[995887.341699999757111,1607157.646199999377131],[995886.812599999830127,1607157.275800000876188],[995886.071700000204146,1607156.878900000825524],[995884.695899999700487,1607155.503100000321865],[995882.314600000157952,1607153.968499999493361],[995871.202100000344217,1607154.497600000351667],[995869.323599999770522,1607155.7412],[995871.588200000114739,1607157.063699999824166],[995872.630900000222027,1607157.67259999923408],[995873.662700000219047,1607158.439899999648333],[995874.932699999772012,1607159.048499999567866],[995875.93819999974221,1607159.762900000438094],[995876.731900000013411,1607160.344900000840425],[995877.499200000427663,1607161.191600000485778],[995878.364400000311434,1607161.612800000235438],[995879.060200000181794,1607162.0647],[995879.615899999625981,1607162.805600000545382],[995880.330299999564886,1607163.20240000076592],[995880.965300000272691,1607163.969699999317527],[995881.36089999973774,1607164.555099999532104],[995882.023599999956787,1607166.033500000834465],[995882.499800000339746,1607167.277000000700355],[995883.002500000409782,1607168.123700000345707],[995883.531700000166893,1607168.54700000025332],[995883.87569999974221,1607169.3673],[995883.637500000186265,1607172.542300000786781],[995881.335699999704957,1607174.606000000610948],[995880.541899999603629,1607175.188100000843406],[995879.642300000414252,1607175.373299999162555],[995877.102300000376999,1607175.2939],[995873.6097999997437,1607175.4527000002563],[995869.799800000153482,1607175.2939],[995868.291699999943376,1607174.949999999254942],[995867.02170000039041,1607174.791200000792742],[995865.778099999763072,1607174.606000000610948],[995863.952499999664724,1607174.553099999204278],[995862.31209999974817,1607174.500199999660254],[995860.592299999669194,1607174.685399999842048],[995854.453900000080466,1607172.515799999237061],[995854.030600000172853,1607173.732899999246001],[995853.210400000214577,1607172.092499999329448],[995853.580799999646842,1607170.822499999776483],[995848.050999999977648,1607171.08699999935925],[995847.125,1607171.457499999552965],[995845.537499999627471,1607170.822499999776483],[995843.950000000186265,1607169.922900000587106],[995836.568099999800324,1607157.963700000196695],[995837.785199999809265,1607157.328700000420213],[995838.737700000405312,1607157.196399999782443],[995840.748499999754131,1607156.825999999418855],[995856.755800000391901,1607155.42369999922812],[995857.893500000238419,1607155.582399999722838],[995861.306699999608099,1607155.13260000012815],[995862.259200000204146,1607155.3443],[995864.90500000026077,1607154.762199999764562],[995865.806300000287592,1607154.730799999088049],[995866.754900000058115,1607154.697799999266863],[995871.254999999888241,1607154.180099999532104],[995872.181200000457466,1607154.157299999147654],[995873.794999999925494,1607154.074300000444055],[995880.621299999766052,1607153.783299999311566],[995882.103000000119209,1607153.756100000813603],[995894.511900000274181,1607150.899299999698997],[995896.919700000435114,1607150.581800000742078],[995899.406700000166893,1607149.73509999923408],[995903.613599999807775,1607149.682199999690056],[995904.645499999634922,1607150.184900000691414],[995905.492200000211596,1607151.031600000336766],[995906.206600000150502,1607151.851800000295043],[995906.894500000402331,1607153.809699999168515],[995900.699599999934435,1607124.434100000187755]]]]}},
{"type":"Feature","properties":{"รหัสกลุ่มคิว":"23/003","รหัสรับเหมา":"722635","ชื่อ-สกุล รับเหมา":"นาย พิชิต มณีศรี","นักเกษตร":"2303","ศูนย์":"K2-23","โควตา":"720112","ชาวไร่":"นาย ฉัม อรุณรัมย์","ประเภทอ้อย":"ปลายฝน","พื้นที่":8.97,"ตันรวม":116.61,"รหัสแปลง":"320601110029","กลุ่ม":"กลุ่ม_23"},"geometry":{"type":"MultiPolygon","coordinates":[[[[992244.389899999834597,1605765.869899999350309],[992077.2347999997437,1605773.051400000229478],[992078.384300000034273,1605840.9233],[992306.306499999947846,1605842.437599999830127],[992244.389899999834597,1605765.869899999350309]]]]}},
{"type":"Feature","properties":{"รหัสกลุ่มคิว":"23/001","รหัสรับเหมา":"738889","ชื่อ-สกุล รับเหมา":"รถตัดโรงงานเบอร์ 09","นักเกษตร":"2304","ศูนย์":"K2-23","โควตา":"722397","ชาวไร่":"นาย วิรัตน์ โพธินาม","ประเภทอ้อย":"ปลายฝน","พื้นที่":5.73,"ตันรวม":74.49,"รหัสแปลง":"320601161537","กลุ่ม":"กลุ่ม_23"},"geometry":{"type":"MultiPolygon","coordinates":[[[[991790.713000000454485,1606115.794600000604987],[991805.935300000011921,1606147.534900000318885],[992017.034400000236928,1606060.5801],[991988.617200000211596,1606021.919199999421835],[991790.713000000454485,1606115.794600000604987]]]]}},
{"type":"Feature","properties":{"รหัสกลุ่มคิว":"23/002","รหัสรับเหมา":"722399","ชื่อ-สกุล รับเหมา":"นาง มะลิ งามเลิศ","นักเกษตร":"2302","ศูนย์":"K2-23","โควตา":"726871","ชาวไร่":"นางสาว สุพิศ ภาสดา","ประเภทอ้อย":"ปลายฝน","พื้นที่":4.32,"ตันรวม":56.16,"รหัสแปลง":"320601161560","กลุ่ม":"กลุ่ม_23"},"geometry":{"type":"MultiPolygon","coordinates":[[[[991833.8295,1606203.382799999788404],[991815.222099999897182,1606169.725700000301003],[991635.92989999987185,1606188.710400000214577],[991625.106999999843538,1606225.478700000792742],[991833.8295,1606203.382799999788404]]]]}},
{"type":"Feature","properties":{"รหัสกลุ่มคิว":"23/001","รหัสรับเหมา":"738889","ชื่อ-สกุล รับเหมา":"รถตัดโรงงานเบอร์ 09","นักเกษตร":"2304","ศูนย์":"K2-23","โควตา":"726764","ชาวไร่":"นาง อัมพวัน กล้าเกิด","ประเภทอ้อย":"ตอ1","พื้นที่":4.95,"ตันรวม":44.55,"รหัสแปลง":"320607021549","กลุ่ม":"กลุ่ม_23"},"geometry":{"type":"MultiPolygon","coordinates":[[[[986449.607800000347197,1612039.1722],[986519.941200000233948,1611943.8575],[986476.345900000073016,1611925.982300000265241],[986457.439299999736249,1611907.486700000241399],[986392.728000000119209,1612000.878900000825524],[986449.607800000347197,1612039.1722]]]]}},
{"type":"Feature","properties":{"รหัสกลุ่มคิว":"23/002","รหัสรับเหมา":"722399","ชื่อ-สกุล รับเหมา":"นาง มะลิ งามเลิศ","นักเกษตร":"2302","ศูนย์":"K2-23","โควตา":"722459","ชาวไร่":"นาย สุรเนตร งามเลิศ","ประเภทอ้อย":"ตอ1","พื้นที่":6.02,"ตันรวม":54.18,"รหัสแปลง":"320607031549","กลุ่ม":"กลุ่ม_23"},"geometry":{"type":"MultiPolygon","coordinates":[[[[990878.435700000263751,1611681.4715],[990927.432099999859929,1611896.205399999395013],[990970.265399999916553,1611882.552200000733137],[990920.849399999715388,1611671.955],[990878.435700000263751,1611681.4715]]]]}},
{"type":"Feature","properties":{"รหัสกลุ่มคิว":"23/002","รหัสรับเหมา":"722399","ชื่อ-สกุล รับเหมา":"นาง มะลิ งามเลิศ","นักเกษตร":"2302","ศูนย์":"K2-23","โควตา":"722081","ชาวไร่":"นาย ธวัช น่าชม","ประเภทอ้อย":"ตอ5","พื้นที่":5.36,"ตันรวม":37.52,"รหัสแปลง":"320607031596","กลุ่ม":"กลุ่ม_23"},"geometry":{"type":"MultiPolygon","coordinates":[[[[990594.644799999892712,1610742.1919],[990594.849000000394881,1610902.9825],[990670.609600000083447,1610899.083599999547005],[990659.241499999538064,1610786.288499999791384],[990610.589300000108778,1610787.031600000336766],[990603.615899999625981,1610743.319599999114871],[990594.644799999892712,1610742.1919]]]]}},
{"type":"Feature","properties":{"รหัสกลุ่มคิว":"23/002","รหัสรับเหมา":"722399","ชื่อ-สกุล รับเหมา":"นาง มะลิ งามเลิศ","นักเกษตร":"2302","ศูนย์":"K2-23","โควตา":"722459","ชาวไร่":"นาย สุรเนตร งามเลิศ","ประเภทอ้อย":"ปลายฝน","พื้นที่":3.09,"ตันรวม":40.17,"รหัสแปลง":"320607031601","กลุ่ม":"กลุ่ม_23"},"geometry":{"type":"MultiPolygon","coordinates":[[[[991060.467400000430644,1612266.571100000292063],[991090.313099999912083,1612260.426699999719858],[991041.351099999621511,1612108.371799999848008],[991011.068099999800324,1612122.624500000849366],[991060.467400000430644,1612266.571100000292063]]]]}},
{"type":"Feature","properties":{"รหัสกลุ่มคิว":"23/003","รหัสรับเหมา":"722635","ชื่อ-สกุล รับเหมา":"นาย พิชิต มณีศรี","นักเกษตร":"2303","ศูนย์":"K2-23","โควตา":"720403","ชาวไร่":"นาย บน ซ่อนกลิ่น","ประเภทอ้อย":"ปลายฝน","พื้นที่":4.6,"ตันรวม":59.8,"รหัสแปลง":"320607040009","กลุ่ม":"กลุ่ม_23"},"geometry":{"type":"MultiPolygon","coordinates":[[[[986244.389499999582767,1606847.578099999576807],[986200.25690000038594,1606855.359899999573827],[986206.858500000089407,1607014.494100000709295],[986253.316399999894202,1607011.4013],[986244.389499999582767,1606847.578099999576807]]]]}},
{"type":"Feature","properties":{"รหัสกลุ่มคิว":"23/002","รหัสรับเหมา":"722399","ชื่อ-สกุล รับเหมา":"นาง มะลิ งามเลิศ","นักเกษตร":"2302","ศูนย์":"K2-23","โควตา":"720243","ชาวไร่":"นาย บุญช่วย บุตรลักษณ์","ประเภทอ้อย":"ตอ4","พื้นที่":3.75,"ตันรวม":26.25,"รหัสแปลง":"320607050074","กลุ่ม":"กลุ่ม_23"},"geometry":{"type":"MultiPolygon","coordinates":[[[[987871.375799999572337,1607646.546700000762939],[987717.770299999974668,1607646.076400000602007],[987720.317099999636412,1607693.727600000798702],[987816.400600000284612,1607685.4221],[987870.96999999973923,1607672.33049999922514],[987871.375799999572337,1607646.546700000762939]]]]}},
{"type":"Feature","properties":{"รหัสกลุ่มคิว":"23/002","รหัสรับเหมา":"722399","ชื่อ-สกุล รับเหมา":"นาง มะลิ งามเลิศ","นักเกษตร":"2302","ศูนย์":"K2-23","โควตา":"720243","ชาวไร่":"นาย บุญช่วย บุตรลักษณ์","ประเภทอ้อย":"ตอ2","พื้นที่":4.59,"ตันรวม":36.72,"รหัสแปลง":"320607050078","กลุ่ม":"กลุ่ม_23"},"geometry":{"type":"MultiPolygon","coordinates":[[[[987656.773299999535084,1607524.064099999144673],[987667.016200000420213,1607488.247999999672174],[987507.005300000309944,1607432.733899999409914],[987474.338600000366569,1607468.831900000572205],[987656.773299999535084,1607524.064099999144673]]]]}},
{"type":"Feature","properties":{"รหัสกลุ่มคิว":"23/002","รหัสรับเหมา":"722399","ชื่อ-สกุล รับเหมา":"นาง มะลิ งามเลิศ","นักเกษตร":"2302","ศูนย์":"K2-23","โควตา":"727453","ชาวไร่":"นางสาว นิตยา เกลียวทอง","ประเภทอ้อย":"ตอ1","พื้นที่":3.08,"ตันรวม":27.72,"รหัสแปลง":"320607050099","กลุ่ม":"กลุ่ม_23"},"geometry":{"type":"MultiPolygon","coordinates":[[[[988045.759899999946356,1607223.043099999427795],[988044.702600000426173,1607406.500499999150634],[988067.641099999658763,1607411.692399999126792],[988075.369500000029802,1607221.00899999961257],[988045.759899999946356,1607223.043099999427795]]]]}},
{"type":"Feature","properties":{"รหัสกลุ่มคิว":"23/002","รหัสรับเหมา":"722399","ชื่อ-สกุล รับเหมา":"นาง มะลิ งามเลิศ","นักเกษตร":"2302","ศูนย์":"K2-23","โควตา":"727453","ชาวไร่":"นางสาว นิตยา เกลียวทอง","ประเภทอ้อย":"ตอ1","พื้นที่":6.46,"ตันรวม":58.14,"รหัสแปลง":"320607050106","กลุ่ม":"กลุ่ม_23"},"geometry":{"type":"MultiPolygon","coordinates":[[[[988075.64879999961704,1607218.752399999648333],[988067.411199999973178,1606873.50029999949038],[988037.086799999698997,1606876.179400000721216],[988046.431599999777973,1607223.237199999392033],[988075.64879999961704,1607218.752399999648333]]]]}},
{"type":"Feature","properties":{"รหัสกลุ่มคิว":"23/001","รหัสรับเหมา":"738889","ชื่อ-สกุล รับเหมา":"รถตัดโรงงานเบอร์ 09","นักเกษตร":"2304","ศูนย์":"K2-23","โควตา":"726224","ชาวไร่":"นาย ปาน แยกมุม","ประเภทอ้อย":"ปลายฝน","พื้นที่":10.34,"ตันรวม":134.42,"รหัสแปลง":"320607061589","กลุ่ม":"กลุ่ม_23"},"geometry":{"type":"MultiPolygon","coordinates":[[[[982021.553100000135601,1608494.92369999922812],[982012.664800000376999,1608426.050100000575185],[981770.509899999946356,1608446.523600000888109],[981775.14049999974668,1608469.596200000494719],[981787.386099999770522,1608514.158399999141693],[982021.553100000135601,1608494.92369999922812]]]]}},
{"type":"Feature","properties":{"รหัสกลุ่มคิว":"23/002","รหัสรับเหมา":"722399","ชื่อ-สกุล รับเหมา":"นาง มะลิ งามเลิศ","นักเกษตร":"2302","ศูนย์":"K2-23","โควตา":"727418","ชาวไร่":"นาย พิสิทฐ์ สุขจิตร","ประเภทอ้อย":"ปลายฝน","พื้นที่":12.61,"ตันรวม":163.93,"รหัสแปลง":"320607070038","กลุ่ม":"กลุ่ม_23"},"geometry":{"type":"MultiPolygon","coordinates":[[[[987888.552400000393391,1604230.121999999508262],[987864.913200000301003,1604369.717599999159575],[987894.601800000295043,1604371.783700000494719],[987931.912299999967217,1604361.981200000271201],[987990.1546,1604341.497899999842048],[988056.846900000236928,1604349.2884],[988073.716400000266731,1604268.514799999073148],[987888.552400000393391,1604230.121999999508262]]]]}},
{"type":"Feature","properties":{"รหัสกลุ่มคิว":"23/003","รหัสรับเหมา":"722635","ชื่อ-สกุล รับเหมา":"นาย พิชิต มณีศรี","นักเกษตร":"2303","ศูนย์":"K2-23","โควตา":"722351","ชาวไร่":"นาย ภาค สาทิพจันทร์","ประเภทอ้อย":"ตอ1","พื้นที่":4.08,"ตันรวม":36.72,"รหัสแปลง":"320607070091","กลุ่ม":"กลุ่ม_23"},"geometry":{"type":"MultiPolygon","coordinates":[[[[989919.184700000099838,1604051.948999999091029],[989931.712500000372529,1604107.580399999395013],[989981.767400000244379,1604111.6426],[989942.927199999801815,1603970.984099999070168],[989893.815700000151992,1603980.6086],[989907.269700000062585,1604021.496500000357628],[989919.184700000099838,1604051.948999999091029]]]]}},
{"type":"Feature","properties":{"รหัสกลุ่มคิว":"23/002","รหัสรับเหมา":"722399","ชื่อ-สกุล รับเหมา":"นาง มะลิ งามเลิศ","นักเกษตร":"2302","ศูนย์":"K2-23","โควตา":"720053","ชาวไร่":"นาง ถัน พวงจันทร์","ประเภทอ้อย":"ตอ1","พื้นที่":3.45,"ตันรวม":31.05,"รหัสแปลง":"320607070408","กลุ่ม":"กลุ่ม_23"},"geometry":{"type":"MultiPolygon","coordinates":[[[[988537.104799999855459,1604091.874800000339746],[988589.298000000417233,1604101.6426],[988576.935300000011921,1603986.994000000879169],[988525.862200000323355,1603991.415400000289083],[988537.104799999855459,1604091.874800000339746]]]]}},
{"type":"Feature","properties":{"รหัสกลุ่มคิว":"23/003","รหัสรับเหมา":"722635","ชื่อ-สกุล รับเหมา":"นาย พิชิต มณีศรี","นักเกษตร":"2303","ศูนย์":"K2-23","โควตา":"720247","ชาวไร่":"นางสาว สุภาวี แสวงทรัพย์","ประเภทอ้อย":"ปลายฝน","พื้นที่":4.24,"ตันรวม":55.12,"รหัสแปลง":"320607070418","กลุ่ม":"กลุ่ม_23"},"geometry":{"type":"MultiPolygon","coordinates":[[[[988419.952800000086427,1604513.611099999397993],[988429.118700000457466,1604472.005200000479817],[988267.414599999785423,1604443.119300000369549],[988265.808199999853969,1604471.208200000226498],[988254.68819999974221,1604482.30599999986589],[988419.952800000086427,1604513.611099999397993]]]]}},
{"type":"Feature","properties":{"รหัสกลุ่มคิว":"23/002","รหัสรับเหมา":"722399","ชื่อ-สกุล รับเหมา":"นาง มะลิ งามเลิศ","นักเกษตร":"2302","ศูนย์":"K2-23","โควตา":"722399","ชาวไร่":"นาง มะลิ งามเลิศ","ประเภทอ้อย":"ตอ1","พื้นที่":3.7,"ตันรวม":33.3,"รหัสแปลง":"320607070493","กลุ่ม":"กลุ่ม_23"},"geometry":{"type":"MultiPolygon","coordinates":[[[[988190.442400000058115,1606015.393200000748038],[988195.549599999561906,1605881.755899999290705],[988162.089300000108778,1605873.721100000664592],[988136.400299999862909,1606004.230399999767542],[988190.442400000058115,1606015.393200000748038]]]]}},
{"type":"Feature","properties":{"รหัสกลุ่มคิว":"23/003","รหัสรับเหมา":"722635","ชื่อ-สกุล รับเหมา":"นาย พิชิต มณีศรี","นักเกษตร":"2303","ศูนย์":"K2-23","โควตา":"720387","ชาวไร่":"นาง สมนึก บุญเพ็ชร","ประเภทอ้อย":"ตอ1","พื้นที่":6.43,"ตันรวม":57.87,"รหัสแปลง":"320607070507","กลุ่ม":"กลุ่ม_23"},"geometry":{"type":"MultiPolygon","coordinates":[[[[987062.601099999621511,1605089.998800000175834],[987031.523299999535084,1605030.584000000730157],[987027.530500000342727,1605022.923900000751019],[987026.482800000347197,1605021.239099999889731],[987025.957100000232458,1605020.489],[987024.177899999544024,1605019.344499999657273],[987023.464800000190735,1605018.96059999987483],[987022.575299999676645,1605018.388299999758601],[987008.552899999544024,1605016.817099999636412],[987003.186300000175834,1605014.862099999561906],[987002.844399999827147,1605013.930800000205636],[987002.531600000336766,1605011.5208],[987002.035099999979138,1605009.292099999263883],[986997.320199999958277,1604965.190600000321865],[986995.981499999761581,1604959.986700000241399],[986965.911799999885261,1604959.023399999365211],[986964.845800000242889,1604958.262700000777841],[986963.096800000406802,1604937.333399999886751],[986963.177099999971688,1604933.267000000923872],[986962.054999999701977,1604926.218299999833107],[986959.470200000330806,1604920.250199999660254],[986958.573300000280142,1604920.04759999923408],[986951.567599999718368,1604918.9847999997437],[986950.372499999590218,1604915.632799999788404],[986950.754599999636412,1604914.530899999663234],[986950.463700000196695,1604911.011900000274181],[986949.938000000081956,1604910.261900000274181],[986949.860000000335276,1604905.082900000736117],[986949.195199999958277,1604883.9901],[986948.753399999812245,1604878.988800000399351],[986946.892699999734759,1604872.850099999457598],[986945.995799999684095,1604872.64750000089407],[986944.918800000101328,1604872.441299999132752],[986943.841900000348687,1604872.23509999923408],[986941.496899999678135,1604872.373800000175834],[986939.332000000402331,1604872.516000000759959],[986938.244099999777973,1604872.864299999549985],[986933.914300000295043,1604873.148700000718236],[986930.834400000050664,1604874.012499999254942],[986930.466900000348687,1604874.375],[986929.551799999549985,1604875.096599999815226],[986926.229700000025332,1604879.099099999293685],[986923.848199999891222,1604881.086100000888109],[986921.588499999605119,1604886.034],[986917.311200000345707,1604892.791300000622869],[986915.448200000450015,1604895.898],[986914.298299999907613,1604899.388499999418855],[986912.20409999974072,1604905.0793999992311],[986913.024400000460446,1604909.163599999621511],[986916.153099999763072,1604914.957499999552965],[986925.338299999944866,1604915.13880000077188],[986925.691200000233948,1604915.515599999576807],[986927.088299999944866,1604917.7621],[986931.915900000371039,1604928.767000000923872],[986931.457200000062585,1604933.750499999150634],[986933.296099999919534,1604940.998199999332428],[986935.498800000175834,1604948.068299999460578],[986940.479700000025332,1604951.310000000521541],[986945.173200000077486,1604950.847899999469519],[986949.0954,1604952.959300000220537],[986949.7829,1604954.6371],[986951.507399999536574,1604958.554199999198318],[986953.088100000284612,1604960.619400000199676],[986954.463299999944866,1604963.974899999797344],[986954.284500000067055,1604973.031999999657273],[986954.615600000135601,1604974.517799999564886],[986954.942900000140071,1604976.188400000333786],[986956.076000000350177,1604982.682600000873208],[986957.025299999862909,1604989.3581000007689],[986957.930800000205636,1604998.251599999144673],[986958.088999999687076,1604999.364199999719858],[986958.427299999631941,1605000.4803],[986959.471400000154972,1605002.349999999627471],[986959.394799999892712,1605006.231599999591708],[986960.053199999965727,1605009.3881],[986960.917200000025332,1605011.254200000315905],[986961.615799999795854,1605012.377399999648333],[986961.859199999831617,1605018.2994],[986962.462899999693036,1605024.228399999439716],[986964.705699999816716,1605029.2652000002563],[986965.573400000110269,1605030.94649999961257],[986970.084599999710917,1605039.726299999281764],[986970.426500000059605,1605040.657600000500679],[986978.559299999848008,1605057.644899999722838],[986982.886699999682605,1605066.605900000780821],[986986.486399999819696,1605075.922499999403954],[986992.089100000448525,1605084.169099999591708],[986995.552500000223517,1605091.264000000432134],[986997.957100000232458,1605097.22859999909997],[987001.655299999751151,1605101.554500000551343],[987004.13300000037998,1605103.822300000116229],[987062.601099999621511,1605089.998800000175834]]]]}},
{"type":"Feature","properties":{"รหัสกลุ่มคิว":"23/002","รหัสรับเหมา":"722399","ชื่อ-สกุล รับเหมา":"นาง มะลิ งามเลิศ","นักเกษตร":"2302","ศูนย์":"K2-23","โควตา":"722881","ชาวไร่":"นาง สำเรียง สีคำ","ประเภทอ้อย":"ปลายฝน","พื้นที่":5.99,"ตันรวม":77.87,"รหัสแปลง":"320607070629","กลุ่ม":"กลุ่ม_23"},"geometry":{"type":"MultiPolygon","coordinates":[[[[988701.245000000111759,1609260.778300000354648],[988678.980100000277162,1609175.4605],[988598.715300000272691,1609198.645099999383092],[988600.543100000359118,1609251.751800000667572],[988563.216400000266731,1609253.59940000064671],[988566.348600000143051,1609295.452199999243021],[988628.087899999693036,1609288.911699999123812],[988627.473899999633431,1609274.476199999451637],[988701.245000000111759,1609260.778300000354648]]]]}},
{"type":"Feature","properties":{"รหัสกลุ่มคิว":"23/001","รหัสรับเหมา":"738889","ชื่อ-สกุล รับเหมา":"รถตัดโรงงานเบอร์ 09","นักเกษตร":"2304","ศูนย์":"K2-23","โควตา":"720388","ชาวไร่":"นาง บวน พวงจันทร์","ประเภทอ้อย":"ปลายฝน","พื้นที่":9.53,"ตันรวม":123.89,"รหัสแปลง":"320607070650","กลุ่ม":"กลุ่ม_23"},"geometry":{"type":"MultiPolygon","coordinates":[[[[988553.67920000012964,1605841.811000000685453],[988179.13329999987036,1605779.755300000309944],[988169.827600000426173,1605817.234400000423193],[988545.157200000248849,1605882.593100000172853],[988553.67920000012964,1605841.811000000685453]]]]}},
{"type":"Feature","properties":{"รหัสกลุ่มคิว":"23/002","รหัสรับเหมา":"722399","ชื่อ-สกุล รับเหมา":"นาง มะลิ งามเลิศ","นักเกษตร":"2302","ศูนย์":"K2-23","โควตา":"722399","ชาวไร่":"นาง มะลิ งามเลิศ","ประเภทอ้อย":"ปลายฝน","พื้นที่":16.52,"ตันรวม":214.76,"รหัสแปลง":"320607070700","กลุ่ม":"กลุ่ม_23"},"geometry":{"type":"MultiPolygon","coordinates":[[[[986005.802699999883771,1602605.273],[985579.772199999541044,1602581.365900000557303],[985558.121199999935925,1602610.340500000864267],[985552.690799999982119,1602620.773399999365211],[985540.914300000295043,1602624.05519999936223],[985531.756000000052154,1602631.64130000025034],[985553.413399999961257,1602629.847999999299645],[986016.179800000041723,1602673.153000000864267],[986005.802699999883771,1602605.273]]]]}},
{"type":"Feature","properties":{"รหัสกลุ่มคิว":"23/002","รหัสรับเหมา":"722399","ชื่อ-สกุล รับเหมา":"นาง มะลิ งามเลิศ","นักเกษตร":"2302","ศูนย์":"K2-23","โควตา":"722081","ชาวไร่":"นาย ธวัช น่าชม","ประเภทอ้อย":"ปลายฝน","พื้นที่":10.99,"ตันรวม":142.87,"รหัสแปลง":"320607070772","กลุ่ม":"กลุ่ม_23"},"geometry":{"type":"MultiPolygon","coordinates":[[[[988150.404099999926984,1606113.53800000064075],[988356.136699999682605,1606123.529200000688434],[988363.048700000159442,1606056.542700000107288],[988142.43819999974221,1606015.376599999144673],[988150.404099999926984,1606113.53800000064075]]]]}},
{"type":"Feature","properties":{"รหัสกลุ่มคิว":"23/001","รหัสรับเหมา":"738889","ชื่อ-สกุล รับเหมา":"รถตัดโรงงานเบอร์ 09","นักเกษตร":"2304","ศูนย์":"K2-23","โควตา":"720388","ชาวไร่":"นาง บวน พวงจันทร์","ประเภทอ้อย":"ตอ1","พื้นที่":10.72,"ตันรวม":96.48,"รหัสแปลง":"320607070846","กลุ่ม":"กลุ่ม_23"},"geometry":{"type":"MultiPolygon","coordinates":[[[[986981.586400000378489,1605118.536499999463558],[986977.538200000301003,1605111.022199999541044],[986981.74170000012964,1605109.026000000536442],[986984.730499999597669,1605115.6097],[986997.154299999587238,1605109.770700000226498],[987000.872100000269711,1605103.242799999192357],[986993.560899999924004,1605086.279100000858307],[986971.528199999593198,1605045.9803],[986960.499400000087917,1605023.207399999722838],[986949.332999999634922,1604954.812000000849366],[986939.500300000421703,1604946.9605],[986929.380300000309944,1604913.461500000208616],[986883.971199999563396,1604917.970799999311566],[986886.586199999786913,1604944.158900000154972],[986868.245199999772012,1604949.484099999070168],[986882.520800000056624,1605049.321699999272823],[986921.706299999728799,1605143.73200000077486],[986981.586400000378489,1605118.536499999463558]]]]}},
{"type":"Feature","properties":{"รหัสกลุ่มคิว":"23/002","รหัสรับเหมา":"722399","ชื่อ-สกุล รับเหมา":"นาง มะลิ งามเลิศ","นักเกษตร":"2302","ศูนย์":"K2-23","โควตา":"722399","ชาวไร่":"นาง มะลิ งามเลิศ","ประเภทอ้อย":"ปลายฝน","พื้นที่":5.56,"ตันรวม":72.28,"รหัสแปลง":"320607070870","กลุ่ม":"กลุ่ม_23"},"geometry":{"type":"MultiPolygon","coordinates":[[[[988742.075199999846518,1606414.884400000795722],[988749.193099999800324,1606392.60950000025332],[988746.941999999806285,1606388.109200000762939],[988455.918100000359118,1606369.8805],[988456.003200000151992,1606404.267200000584126],[988742.075199999846518,1606414.884400000795722]]]]}},
{"type":"Feature","properties":{"รหัสกลุ่มคิว":"23/001","รหัสรับเหมา":"738889","ชื่อ-สกุล รับเหมา":"รถตัดโรงงานเบอร์ 09","นักเกษตร":"2304","ศูนย์":"K2-23","โควตา":"722832","ชาวไร่":"นาง ลำพงษ์ สุขพราห์ม","ประเภทอ้อย":"ปลายฝน","พื้นที่":8.07,"ตันรวม":104.91,"รหัสแปลง":"320607071561","กลุ่ม":"กลุ่ม_23"},"geometry":{"type":"MultiPolygon","coordinates":[[[[989874.546799999661744,1606288.956000000238419],[989875.105399999767542,1606288.466399999335408],[989873.458800000138581,1606289.7281],[989874.546799999661744,1606288.956000000238419],[989935.372399999760091,1606311.114299999549985],[989936.699199999682605,1606307.81220000050962],[989936.206699999980628,1606305.398499999195337],[989935.857499999925494,1606304.836799999698997],[989934.798999999649823,1606303.706299999728799],[989931.821800000034273,1606299.393999999389052],[989929.667999999597669,1606298.9814],[989926.418800000101328,1606299.286599999293685],[989923.552000000141561,1606298.490000000223517],[989918.20409999974072,1606295.609999999403954],[989915.745199999772012,1606292.417500000447035],[989912.705400000326335,1606282.186699999496341],[989911.492499999701977,1606279.75870000012219],[989908.335199999623001,1606275.442900000140071],[989907.460400000214577,1606274.131100000813603],[989906.431300000287592,1606271.521800000220537],[989906.082100000232458,1606270.960100000724196],[989905.372700000181794,1606270.391200000420213],[989901.814799999818206,1606268.101500000804663],[989901.098100000061095,1606267.9024],[989896.467000000178814,1606265.2215],[989896.187699999660254,1606270.208699999377131],[989889.174999999813735,1606278.575500000268221],[989874.546799999661744,1606288.956000000238419],[989871.80489999987185,1606291.35950000025332],[989867.133399999700487,1606299.77280000038445],[989866.519700000062585,1606303.459000000730157],[989866.986700000241399,1606316.22749999910593],[989867.115299999713898,1606318.818900000303984],[989866.519899999722838,1606321.580800000578165],[989865.755499999970198,1606323.784600000828505],[989832.889499999582767,1606327.569599999114871],[989815.144399999640882,1606332.024800000712276],[989800.931499999947846,1606340.063699999824166],[989798.005900000222027,1606342.224500000476837],[989786.196899999864399,1606356.228499999269843],[989801.02379999961704,1606362.62529999949038],[989805.471099999733269,1606365.487400000914931],[989810.091199999675155,1606368.722799999639392],[989819.129300000146031,1606376.299000000581145],[989826.370099999941885,1606383.6546],[989850.885400000028312,1606383.032299999147654],[989855.229700000025332,1606382.009099999442697],[989864.642599999904633,1606379.792199999094009],[989883.644600000232458,1606375.546900000423193],[989892.156999999657273,1606373.312100000679493],[989900.845800000242889,1606371.265799999237061],[989908.630400000140071,1606369.386399999260902],[989921.84360000025481,1606366.320499999448657],[989948.450299999676645,1606360.192299999296665],[989965.430900000035763,1606357.940899999812245],[989964.982499999925494,1606353.309100000187755],[989967.375199999660254,1606350.767799999564886],[989976.589599999599159,1606349.471599999815226],[989980.323900000192225,1606351.949799999594688],[990002.979399999603629,1606345.188300000503659],[990003.879900000058115,1606345.206199999898672],[990008.940999999642372,1606344.382200000807643],[990014.737200000323355,1606342.833200000226498],[990011.249200000427663,1606337.031400000676513],[989999.4545,1606323.113099999725819],[989993.000199999660254,1606312.444599999114871],[990000.093799999915063,1606300.011199999600649],[990003.276700000278652,1606293.972200000658631],[990005.809100000187755,1606293.467800000682473],[990005.198900000192225,1606278.847200000658631],[990000.314199999906123,1606279.8596],[989997.546500000171363,1606283.133099999278784],[989991.415900000371039,1606292.441999999806285],[989990.294900000095367,1606294.4539],[989986.593799999915063,1606299.373099999502301],[989935.372399999760091,1606311.114299999549985],[989874.546799999661744,1606288.956000000238419]]]]}},
{"type":"Feature","properties":{"รหัสกลุ่มคิว":"23/001","รหัสรับเหมา":"738889","ชื่อ-สกุล รับเหมา":"รถตัดโรงงานเบอร์ 09","นักเกษตร":"2304","ศูนย์":"K2-23","โควตา":"720423","ชาวไร่":"นางสาว ลัดดา ศรีดงกลาง","ประเภทอ้อย":"ปลายฝน","พื้นที่":5.43,"ตันรวม":70.59,"รหัสแปลง":"320607071840","กลุ่ม":"กลุ่ม_23"},"geometry":{"type":"MultiPolygon","coordinates":[[[[988716.541400000452995,1604646.737700000405312],[988786.661199999973178,1604636.10700000077486],[988805.310499999672174,1604531.445299999788404],[988705.395600000396371,1604545.369300000369549],[988706.075799999758601,1604547.416799999773502],[988716.541400000452995,1604646.737700000405312]]]]}},
{"type":"Feature","properties":{"รหัสกลุ่มคิว":"23/003","รหัสรับเหมา":"722635","ชื่อ-สกุล รับเหมา":"นาย พิชิต มณีศรี","นักเกษตร":"2303","ศูนย์":"K2-23","โควตา":"726495","ชาวไร่":"นางสาว รุ่งนภา กระจ่างจิตร","ประเภทอ้อย":"ปลายฝน","พื้นที่":3.36,"ตันรวม":43.68,"รหัสแปลง":"320607071859","กลุ่ม":"กลุ่ม_23"},"geometry":{"type":"MultiPolygon","coordinates":[[[[988229.329300000332296,1604856.770500000566244],[988290.777300000190735,1604810.833699999377131],[988172.454900000244379,1604789.217399999499321],[988163.722799999639392,1604848.689999999478459],[988229.329300000332296,1604856.770500000566244]]]]}},
{"type":"Feature","properties":{"รหัสกลุ่มคิว":"23/003","รหัสรับเหมา":"722635","ชื่อ-สกุล รับเหมา":"นาย พิชิต มณีศรี","นักเกษตร":"2303","ศูนย์":"K2-23","โควตา":"720387","ชาวไร่":"นาง สมนึก บุญเพ็ชร","ประเภทอ้อย":"ตอ1","พื้นที่":2.94,"ตันรวม":26.46,"รหัสแปลง":"320607071862","กลุ่ม":"กลุ่ม_23"},"geometry":{"type":"MultiPolygon","coordinates":[[[[987874.552500000223517,1606414.846899999305606],[987874.739900000393391,1606414.480799999088049],[987874.199599999934435,1606414.470100000500679],[987873.471900000236928,1606414.825500000268221],[987871.366499999538064,1606421.070900000631809],[987868.731800000183284,1606426.751000000163913],[987868.349700000137091,1606427.852900000289083],[987867.041500000283122,1606430.230900000780821],[987865.744300000369549,1606432.054300000891089],[987863.881099999882281,1606435.160900000482798],[987862.176199999637902,1606439.380200000479817],[987861.613900000229478,1606440.478499999269843],[987861.235500000417233,1606441.395600000396371],[987859.919900000095367,1606444.143200000748038],[987859.534099999815226,1606445.429999999701977],[987859.148400000296533,1606446.716700000688434],[987858.769899999722838,1606447.6338],[987858.928000000305474,1606448.746400000527501],[987858.51659999974072,1606451.326999999582767],[987858.49100000038743,1606452.620899999514222],[987858.461799999698997,1606454.099600000306964],[987858.432500000111759,1606455.578299999237061],[987857.587700000032783,1606461.848600000143051],[987856.852699999697506,1606462.573699999600649],[987856.466900000348687,1606463.860500000417233],[987855.901100000366569,1606465.1436],[987854.776600000448525,1606467.340299999341369],[987854.394500000402331,1606468.442199999466538],[987854.015999999828637,1606469.359300000593066],[987851.936200000345707,1606474.310799999162555],[987850.440600000321865,1606477.0548],[987849.878399999812245,1606478.153200000524521],[987849.135999999940395,1606479.247999999672174],[987848.213600000366569,1606480.339199999347329],[987846.3761,1606482.151900000870228],[987845.82120000012219,1606482.880599999800324],[987845.25899999961257,1606483.978900000452995],[987845.23340000025928,1606485.27280000038445],[987844.851300000213087,1606486.37470000050962],[987844.296299999579787,1606487.103399999439716],[987843.348299999721348,1606489.488500000908971],[987843.142599999904633,1606490.778799999505281],[987842.753200000151992,1606492.250399999320507],[987842.003499999642372,1606493.714800000190735],[987841.621399999596179,1606494.816800000146031],[987841.371799999848008,1606498.325099999085069],[987840.985999999567866,1606499.6119],[987841.136800000444055,1606501.094200000166893],[987841.107599999755621,1606502.57289999909699],[987841.038099999539554,1606506.084799999371171],[987841.008799999952316,1606507.563500000163913],[987841.530799999833107,1606508.498400000855327],[987841.868999999947846,1606509.61460000090301],[987842.203599999658763,1606510.9156],[987839.973000000230968,1606514.384800000116229],[987839.954699999652803,1606515.309000000357628],[987839.734400000423193,1606517.338700000196695],[987839.67949999962002,1606520.11119999922812],[987839.470099999569356,1606521.586400000378489],[987839.433600000105798,1606523.434800000861287],[987838.294499999843538,1606526.370799999684095],[987837.364699999801815,1606527.831700000911951],[987836.240299999713898,1606530.028400000184774],[987836.030899999663234,1606531.503599999472499],[987836.005300000309944,1606532.797399999573827],[987835.98340000025928,1606533.906500000506639],[987835.961400000378489,1606535.01549999974668],[987835.755699999630451,1606536.305800000205636],[987834.800400000065565,1606539.060599999502301],[987834.771099999547005,1606540.539300000295043],[987834.56180000025779,1606542.014499999582767],[987834.900000000372529,1606543.130599999800324],[987834.694299999624491,1606544.42090000025928],[987835.208999999798834,1606545.72550000064075],[987835.363499999977648,1606547.023],[987835.88910000026226,1606547.773],[987836.227300000376999,1606548.8892],[987836.558299999684095,1606550.375],[987836.705400000326335,1606552.042099999263883],[987836.676199999637902,1606553.5208],[987836.293999999761581,1606554.6228],[987836.084699999541044,1606556.097899999469519],[987836.24280000012368,1606557.2105],[987836.037100000306964,1606558.500800000503659],[987836.0152000002563,1606559.609899999573827],[987836.173299999907613,1606560.722500000149012],[987836.511500000022352,1606561.838600000366569],[987836.853400000371039,1606562.769999999552965],[987836.754700000397861,1606567.760600000619888],[987836.552600000053644,1606568.866100000217557],[987835.990399999544024,1606569.964400000870228],[987835.968399999663234,1606571.0735],[987833.554100000299513,1606574.723899999633431],[987833.17200000025332,1606575.825799999758601],[987832.61699999962002,1606576.554500000551343],[987832.595099999569356,1606577.663499999791384],[987832.569500000216067,1606578.957399999722838],[987833.087799999862909,1606580.077099999412894],[987832.878499999642372,1606581.552300000563264],[987833.036600000225008,1606582.664899999275804],[987832.647199999541044,1606584.136499999091029],[987833.345599999651313,1606585.259800000116229],[987834.41509999986738,1606585.835699999704957],[987835.499400000087917,1606585.6722],[987836.763700000010431,1606585.512299999594688],[987837.671400000341237,1606585.160499999299645],[987839.119500000029802,1606584.819299999624491],[987840.563900000415742,1606584.66300000064075],[987842.00829999987036,1606584.506699999794364],[987843.4527000002563,1606584.350299999117851],[987844.536899999715388,1606584.186899999156594],[987845.444600000046194,1606583.83500000089407],[987846.705299999564886,1606583.859999999403954],[987847.973199999891222,1606583.5153],[987848.704599999822676,1606582.974999999627471],[987849.432300000451505,1606582.619599999859929],[987850.339999999850988,1606582.267699999734759],[987851.424300000071526,1606582.104299999773502],[987852.681200000457466,1606582.314099999144673],[987856.2977,1606581.645999999716878],[987857.378299999982119,1606581.667400000616908],[987858.462500000372529,1606581.503900000825524],[987859.546699999831617,1606581.340500000864267],[987860.627199999988079,1606581.3619],[987861.89879999961704,1606580.832299999892712],[987862.810300000011921,1606580.2956000007689],[987863.526999999769032,1606580.494699999690056],[987864.423799999989569,1606580.697300000116229],[987865.324199999682605,1606580.715199999511242],[987866.408499999903142,1606580.551699999719858],[987867.676400000229478,1606580.207000000402331],[987868.947999999858439,1606579.677400000393391],[987869.85950000025332,1606579.140699999406934],[987870.587199999950826,1606578.785299999639392],[987871.494900000281632,1606578.433499999344349],[987872.229899999685585,1606577.708399999886751],[987872.604700000025332,1606576.976099999621511],[987873.332399999722838,1606576.620699999853969],[987873.872700000181794,1606576.631400000303984],[987874.596699999645352,1606576.460799999535084],[987874.964200000278652,1606576.098300000652671],[987875.324400000274181,1606576.105399999767542],[987875.872000000439584,1606575.746400000527501],[987876.063099999912083,1606575.195499999448657],[987874.552500000223517,1606414.846899999305606]]]]}},
{"type":"Feature","properties":{"รหัสกลุ่มคิว":"23/002","รหัสรับเหมา":"722399","ชื่อ-สกุล รับเหมา":"นาง มะลิ งามเลิศ","นักเกษตร":"2302","ศูนย์":"K2-23","โควตา":"722399","ชาวไร่":"นาง มะลิ งามเลิศ","ประเภทอ้อย":"ปลายฝน","พื้นที่":7.87,"ตันรวม":102.31,"รหัสแปลง":"320607080059","กลุ่ม":"กลุ่ม_23"},"geometry":{"type":"MultiPolygon","coordinates":[[[[988898.257000000216067,1609608.6338],[989103.127600000239909,1609633.4167],[989092.227699999697506,1609574.581800000742078],[989092.286500000394881,1609562.563500000163913],[989061.79009999986738,1609569.025000000372529],[988946.387500000186265,1609570.758199999108911],[988799.136300000362098,1609574.488900000229478],[988801.595200000330806,1609604.863800000399351],[988897.885700000450015,1609591.059499999508262],[988898.029099999926984,1609601.972300000488758],[988898.257000000216067,1609608.6338]]]]}},
{"type":"Feature","properties":{"รหัสกลุ่มคิว":"23/002","รหัสรับเหมา":"722399","ชื่อ-สกุล รับเหมา":"นาง มะลิ งามเลิศ","นักเกษตร":"2302","ศูนย์":"K2-23","โควตา":"722399","ชาวไร่":"นาง มะลิ งามเลิศ","ประเภทอ้อย":"ปลายฝน","พื้นที่":5.82,"ตันรวม":75.66,"รหัสแปลง":"320607080060","กลุ่ม":"กลุ่ม_23"},"geometry":{"type":"MultiPolygon","coordinates":[[[[988895.982400000095367,1609613.589800000190735],[988898.904799999669194,1609648.083100000396371],[989067.321600000374019,1609690.067800000309944],[989068.933899999596179,1609679.646199999377131],[989092.324300000444055,1609682.712999999523163],[989097.615500000305474,1609658.8277000002563],[989101.049399999901652,1609639.962400000542402],[989100.142099999822676,1609634.983899999409914],[988895.982400000095367,1609613.589800000190735]]]]}},
{"type":"Feature","properties":{"รหัสกลุ่มคิว":"23/001","รหัสรับเหมา":"738889","ชื่อ-สกุล รับเหมา":"รถตัดโรงงานเบอร์ 09","นักเกษตร":"2304","ศูนย์":"K2-23","โควตา":"727438","ชาวไร่":"นาย สุรศักดิ์ สุขสบาย","ประเภทอ้อย":"ตอ1","พื้นที่":7.9,"ตันรวม":71.1,"รหัสแปลง":"320607090137","กลุ่ม":"กลุ่ม_23"},"geometry":{"type":"MultiPolygon","coordinates":[[[[982329.384100000374019,1604499.193],[982341.302199999801815,1604440.489499999210238],[982187.458999999798834,1604419.610200000926852],[982185.318699999712408,1604441.241399999707937],[982156.112800000235438,1604442.232899999246001],[982155.145299999974668,1604421.371899999678135],[982147.411799999885261,1604420.324400000274181],[982156.024299999698997,1604455.448400000110269],[982154.363599999807775,1604515.060000000521541],[982202.254300000146031,1604517.050599999725819],[982206.199400000274181,1604491.57179999910295],[982329.384100000374019,1604499.193]]]]}},
{"type":"Feature","properties":{"รหัสกลุ่มคิว":"23/001","รหัสรับเหมา":"738889","ชื่อ-สกุล รับเหมา":"รถตัดโรงงานเบอร์ 09","นักเกษตร":"2304","ศูนย์":"K2-23","โควตา":"720203","ชาวไร่":"นาง พรชิตา เจริญศิริ","ประเภทอ้อย":"ปลายฝน","พื้นที่":5.38,"ตันรวม":69.94,"รหัสแปลง":"320607091598","กลุ่ม":"กลุ่ม_23"},"geometry":{"type":"MultiPolygon","coordinates":[[[[983186.428299999795854,1604170.725199999287724],[983290.389899999834597,1604134.019899999722838],[983260.941399999894202,1604082.195599999278784],[983171.850200000219047,1604113.375499999150634],[983176.822100000455976,1604140.034199999645352],[983079.353500000201166,1604161.765799999237061],[983085.638000000268221,1604179.85219999961555],[983186.428299999795854,1604170.725199999287724]]]]}},
{"type":"Feature","properties":{"รหัสกลุ่มคิว":"23/001","รหัสรับเหมา":"738889","ชื่อ-สกุล รับเหมา":"รถตัดโรงงานเบอร์ 09","นักเกษตร":"2304","ศูนย์":"K2-23","โควตา":"726400","ชาวไร่":"นาง พาย พานิรัมย์","ประเภทอ้อย":"ปลายฝน","พื้นที่":4.56,"ตันรวม":59.28,"รหัสแปลง":"320607091604","กลุ่ม":"กลุ่ม_23"},"geometry":{"type":"MultiPolygon","coordinates":[[[[982867.221199999563396,1603566.804700000211596],[982930.361499999649823,1603551.690099999308586],[982913.093100000172853,1603488.1634],[982912.07050000037998,1603465.937599999830127],[982907.457600000314415,1603446.03690000064671],[982840.825400000438094,1603450.697200000286102],[982867.221199999563396,1603566.804700000211596]]]]}},
{"type":"Feature","properties":{"รหัสกลุ่มคิว":"23/001","รหัสรับเหมา":"738889","ชื่อ-สกุล รับเหมา":"รถตัดโรงงานเบอร์ 09","นักเกษตร":"2304","ศูนย์":"K2-23","โควตา":"727435","ชาวไร่":"นาง ยุพาภรณ์ ลักขษร","ประเภทอ้อย":"ตอ1","พื้นที่":11.77,"ตันรวม":105.93,"รหัสแปลง":"320607100064","กลุ่ม":"กลุ่ม_23"},"geometry":{"type":"MultiPolygon","coordinates":[[[[984332.214499999769032,1603650.560799999162555],[984300.867200000211596,1603670.246200000867248],[984327.093000000342727,1603711.225400000810623],[984329.754800000227988,1603713.7982],[984334.745900000445545,1603723.448200000450015],[984316.748999999836087,1603732.305600000545382],[984309.875199999660254,1603738.067399999126792],[984301.143400000408292,1603749.981000000610948],[984308.335799999535084,1603760.663799999281764],[984303.721599999815226,1603774.291200000792742],[984365.502899999730289,1603860.724099999293685],[984461.717899999581277,1603793.993000000715256],[984358.683400000445545,1603645.25],[984338.263100000098348,1603658.9912],[984332.214499999769032,1603650.560799999162555]]]]}},
{"type":"Feature","properties":{"รหัสกลุ่มคิว":"23/003","รหัสรับเหมา":"722635","ชื่อ-สกุล รับเหมา":"นาย พิชิต มณีศรี","นักเกษตร":"2303","ศูนย์":"K2-23","โควตา":"727273","ชาวไร่":"นางสาว นิตยา ชาญศรี","ประเภทอ้อย":"ปลายฝน","พื้นที่":15.28,"ตันรวม":198.64,"รหัสแปลง":"320607100282","กลุ่ม":"กลุ่ม_23"},"geometry":{"type":"MultiPolygon","coordinates":[[[[984936.951500000432134,1603221.437300000339746],[984834.760499999858439,1603291.668199999257922],[984952.116200000047684,1603446.889799999073148],[985056.023900000378489,1603373.359400000423193],[985049.138199999928474,1603361.818099999800324],[985006.655299999751151,1603307.809000000357628],[985005.833200000226498,1603308.055800000205636],[984997.412100000306964,1603299.769500000402331],[984992.576999999582767,1603292.752800000831485],[984976.710400000214577,1603272.41499999910593],[984969.699400000274181,1603263.175599999725819],[984960.382399999536574,1603250.581499999389052],[984936.951500000432134,1603221.437300000339746]]]]}},
{"type":"Feature","properties":{"รหัสกลุ่มคิว":"23/003","รหัสรับเหมา":"722635","ชื่อ-สกุล รับเหมา":"นาย พิชิต มณีศรี","นักเกษตร":"2303","ศูนย์":"K2-23","โควตา":"726402","ชาวไร่":"นางสาว พิสมัย อินพูลโสม","ประเภทอ้อย":"ปลายฝน","พื้นที่":4.33,"ตันรวม":56.29,"รหัสแปลง":"320607101554","กลุ่ม":"กลุ่ม_23"},"geometry":{"type":"MultiPolygon","coordinates":[[[[985191.095499999821186,1604481.912699999287724],[985227.183699999935925,1604533.694900000467896],[985316.247100000269711,1604468.603800000622869],[985281.264000000432134,1604417.139499999582767],[985191.095499999821186,1604481.912699999287724]]]]}},
{"type":"Feature","properties":{"รหัสกลุ่มคิว":"23/003","รหัสรับเหมา":"722635","ชื่อ-สกุล รับเหมา":"นาย พิชิต มณีศรี","นักเกษตร":"2303","ศูนย์":"K2-23","โควตา":"727409","ชาวไร่":"นางสาว ธิดารัตน์ เมินดี","ประเภทอ้อย":"ปลายฝน","พื้นที่":3.33,"ตันรวม":43.29,"รหัสแปลง":"320607101608","กลุ่ม":"กลุ่ม_23"},"geometry":{"type":"MultiPolygon","coordinates":[[[[985073.8591,1603970.174900000914931],[985158.854899999685585,1603907.6513],[985129.933000000193715,1603868.727800000458956],[985040.098199999891222,1603932.230900000780821],[985073.8591,1603970.174900000914931]]]]}},
{"type":"Feature","properties":{"รหัสกลุ่มคิว":"23/003","รหัสรับเหมา":"722635","ชื่อ-สกุล รับเหมา":"นาย พิชิต มณีศรี","นักเกษตร":"2303","ศูนย์":"K2-23","โควตา":"720063","ชาวไร่":"นาง สมศรี ลาหัวโทน","ประเภทอ้อย":"ตอ1","พื้นที่":6.04,"ตันรวม":54.36,"รหัสแปลง":"320607120002","กลุ่ม":"กลุ่ม_23"},"geometry":{"type":"MultiPolygon","coordinates":[[[[986049.87430000025779,1606083.189300000667572],[986042.209400000050664,1606087.343900000676513],[986045.86699999962002,1606136.991599999368191],[986221.403800000436604,1606160.3684],[986209.962500000372529,1606100.472200000658631],[986049.87430000025779,1606083.189300000667572]]]]}},
{"type":"Feature","properties":{"รหัสกลุ่มคิว":"23/003","รหัสรับเหมา":"722635","ชื่อ-สกุล รับเหมา":"นาย พิชิต มณีศรี","นักเกษตร":"2303","ศูนย์":"K2-23","โควตา":"720064","ชาวไร่":"นาย บุญมี ลาหัวโทน","ประเภทอ้อย":"ปลายฝน","พื้นที่":8.61,"ตันรวม":111.93,"รหัสแปลง":"320607120003","กลุ่ม":"กลุ่ม_23"},"geometry":{"type":"MultiPolygon","coordinates":[[[[986571.111899999901652,1606134.534099999815226],[986528.917500000447035,1606129.437699999660254],[986496.628100000321865,1606126.085200000554323],[986480.813299999572337,1606127.670199999585748],[986471.272599999792874,1606133.173100000247359],[986469.722199999727309,1606135.06279999949038],[986470.621100000105798,1606203.8443],[986469.036299999803305,1606204.26410000026226],[986463.250199999660254,1606205.461100000888109],[986460.493999999947846,1606206.46680000051856],[986459.424200000241399,1606207.417500000447035],[986459.192200000397861,1606216.424000000581145],[986460.668800000101328,1606223.780999999493361],[986461.015800000168383,1606231.450400000438094],[986461.727400000207126,1606237.634600000455976],[986462.89130000025034,1606243.8509],[986464.156000000424683,1606254.602600000798702],[986464.608500000089407,1606261.060599999502301],[986464.880900000222027,1606263.3257],[986478.939299999736249,1606263.049799999222159],[986516.568199999630451,1606261.193199999630451],[986571.776499999687076,1606257.870200000703335],[986571.111899999901652,1606134.534099999815226]]]]}},
{"type":"Feature","properties":{"รหัสกลุ่มคิว":"23/003","รหัสรับเหมา":"722635","ชื่อ-สกุล รับเหมา":"นาย พิชิต มณีศรี","นักเกษตร":"2303","ศูนย์":"K2-23","โควตา":"727273","ชาวไร่":"นางสาว นิตยา ชาญศรี","ประเภทอ้อย":"ปลายฝน","พื้นที่":10.8,"ตันรวม":140.4,"รหัสแปลง":"320607120024","กลุ่ม":"กลุ่ม_23"},"geometry":{"type":"MultiPolygon","coordinates":[[[[985353.987700000405312,1604598.462899999693036],[985342.753899999894202,1604608.015000000596046],[985293.686499999836087,1604627.248400000855327],[985276.632799999788404,1604625.570699999108911],[985272.395100000314415,1604633.549599999561906],[985637.713000000454485,1604656.887900000438094],[985637.944099999964237,1604648.605000000447035],[985646.299999999813735,1604647.968399999663234],[985646.460799999535084,1604654.851199999451637],[985743.99199999962002,1604665.341099999845028],[985767.631400000303984,1604626.372500000521541],[985353.987700000405312,1604598.462899999693036]]]]}},
{"type":"Feature","properties":{"รหัสกลุ่มคิว":"23/003","รหัสรับเหมา":"722635","ชื่อ-สกุล รับเหมา":"นาย พิชิต มณีศรี","นักเกษตร":"2303","ศูนย์":"K2-23","โควตา":"722426","ชาวไร่":"นาย จรูญ จันทร์เสน","ประเภทอ้อย":"ตอ1","พื้นที่":9.3,"ตันรวม":83.7,"รหัสแปลง":"320607120033","กลุ่ม":"กลุ่ม_23"},"geometry":{"type":"MultiPolygon","coordinates":[[[[985804.468399999663234,1606742.6689],[985798.615399999544024,1606753.674599999561906],[985792.83600000012666,1606762.375199999660254],[985777.749200000427663,1606785.034399999305606],[985777.590400000102818,1606788.977600000798702],[985946.498200000263751,1606793.874099999666214],[986010.816700000315905,1606794.3902000002563],[986034.833200000226498,1606794.487700000405312],[986078.801500000059605,1606794.101199999451637],[986104.765399999916553,1606794.880699999630451],[986099.799499999731779,1606747.044399999082088],[986062.040699999779463,1606749.3684],[986028.791600000113249,1606748.461899999529123],[986001.11089999973774,1606746.870899999514222],[985992.569299999624491,1606745.392300000414252],[985942.251699999906123,1606744.016200000420213],[985804.468399999663234,1606742.6689]]]]}},
{"type":"Feature","properties":{"รหัสกลุ่มคิว":"23/003","รหัสรับเหมา":"722635","ชื่อ-สกุล รับเหมา":"นาย พิชิต มณีศรี","นักเกษตร":"2303","ศูนย์":"K2-23","โควตา":"720063","ชาวไร่":"นาง สมศรี ลาหัวโทน","ประเภทอ้อย":"ตอ1","พื้นที่":2.24,"ตันรวม":20.16,"รหัสแปลง":"320607121502","กลุ่ม":"กลุ่ม_23"},"geometry":{"type":"MultiPolygon","coordinates":[[[[986044.559899999760091,1606081.727700000628829],[986208.313099999912083,1606097.66609999909997],[986202.317999999970198,1606072.289100000634789],[986058.557000000029802,1606060.524700000882149],[986054.948599999770522,1606072.648600000888109],[986044.559899999760091,1606081.727700000628829]]]]}},
{"type":"Feature","properties":{"รหัสกลุ่มคิว":"23/003","รหัสรับเหมา":"722635","ชื่อ-สกุล รับเหมา":"นาย พิชิต มณีศรี","นักเกษตร":"2303","ศูนย์":"K2-23","โควตา":"727472","ชาวไร่":"นาย มงคล โต๊ะงาม","ประเภทอ้อย":"ปลายฝน","พื้นที่":7.71,"ตันรวม":100.23,"รหัสแปลง":"320607121617","กลุ่ม":"กลุ่ม_23"},"geometry":{"type":"MultiPolygon","coordinates":[[[[985441.142199999652803,1606691.377499999478459],[985275.510400000028312,1606672.296299999579787],[985275.023599999956787,1606759.331900000572205],[985324.644799999892712,1606754.882799999788404],[985324.350300000049174,1606744.587999999523163],[985348.59250000026077,1606747.5406],[985346.20380000025034,1606759.111600000411272],[985449.942300000227988,1606749.648800000548363],[985450.249499999918044,1606727.85219999961555],[985443.643899999558926,1606709.409700000658631],[985441.142199999652803,1606691.377499999478459]]]]}},
{"type":"Feature","properties":{"รหัสกลุ่มคิว":"23/003","รหัสรับเหมา":"722635","ชื่อ-สกุล รับเหมา":"นาย พิชิต มณีศรี","นักเกษตร":"2303","ศูนย์":"K2-23","โควตา":"722467","ชาวไร่":"นาง นิมนต์ มณีศรี","ประเภทอ้อย":"ปลายฝน","พื้นที่":6.03,"ตันรวม":78.39,"รหัสแปลง":"320607141560","กลุ่ม":"กลุ่ม_23"},"geometry":{"type":"MultiPolygon","coordinates":[[[[985908.682199999690056,1605657.562100000679493],[985914.157700000330806,1605617.106499999761581],[985825.935600000433624,1605591.290400000289083],[985780.724000000394881,1605577.808800000697374],[985716.235299999825656,1605565.366699999198318],[985696.199799999594688,1605559.349500000476837],[985671.390800000168383,1605557.285499999299645],[985675.1716,1605578.446000000461936],[985681.46999999973923,1605595.543299999088049],[985750.53940000012517,1605613.771500000730157],[985838.969499999657273,1605634.894099999219179],[985908.682199999690056,1605657.562100000679493]]]]}},
{"type":"Feature","properties":{"รหัสกลุ่มคิว":"23/003","รหัสรับเหมา":"722635","ชื่อ-สกุล รับเหมา":"นาย พิชิต มณีศรี","นักเกษตร":"2303","ศูนย์":"K2-23","โควตา":"727149","ชาวไร่":"นาย วีระ การะเกษ","ประเภทอ้อย":"ตอ2","พื้นที่":4.55,"ตันรวม":36.4,"รหัสแปลง":"320607141564","กลุ่ม":"กลุ่ม_23"},"geometry":{"type":"MultiPolygon","coordinates":[[[[985946.316599999554455,1606343.074400000274181],[985938.236600000411272,1606520.455],[985937.686999999918044,1606520.261099999770522],[985938.165500000119209,1606520.773199999704957],[985942.190899999812245,1606521.43610000051558],[985946.292899999767542,1606522.377900000661612],[985951.369699999690056,1606523.163599999621511],[985958.50829999987036,1606524.206299999728799],[985975.204699999652803,1606528.753599999472499],[985976.602900000289083,1606527.849199999123812],[985976.609600000083447,1606527.5077],[985976.482200000435114,1606520.427999999374151],[985976.099499999545515,1606494.168800000101328],[985975.907800000160933,1606467.649299999698997],[985975.72620000038296,1606452.572799999266863],[985975.893899999558926,1606439.185100000351667],[985975.622899999842048,1606422.2851],[985974.938699999824166,1606415.099099999293685],[985974.893400000408292,1606403.084000000730157],[985975.760099999606609,1606378.259500000625849],[985976.910299999639392,1606366.738399999216199],[985978.20299999974668,1606356.383899999782443],[985979.099799999967217,1606351.849600000306964],[985978.633200000040233,1606347.557900000363588],[985980.603600000031292,1606333.145099999383092],[985984.602300000376999,1606317.722799999639392],[985983.218000000342727,1606316.880100000649691],[985971.160799999721348,1606312.118100000545382],[985961.549200000241399,1606308.488199999555945],[985953.344800000078976,1606305.9079],[985948.590499999932945,1606303.834899999201298],[985948.531600000336766,1606304.298599999397993],[985947.114699999801815,1606338.833200000226498],[985946.316599999554455,1606343.074400000274181]]]]}},
{"type":"Feature","properties":{"รหัสกลุ่มคิว":"23/002","รหัสรับเหมา":"722399","ชื่อ-สกุล รับเหมา":"นาง มะลิ งามเลิศ","นักเกษตร":"2302","ศูนย์":"K2-23","โควตา":"722028","ชาวไร่":"นาย สมบูรณ์ แห้วไธสง","ประเภทอ้อย":"ปลายฝน","พื้นที่":6.29,"ตันรวม":81.77,"รหัสแปลง":"320601070023","กลุ่ม":"กลุ่ม_23"},"geometry":{"type":"MultiPolygon","coordinates":[[[[990419.609199999831617,1605571.270199999213219],[990409.651999999769032,1605564.600099999457598],[990407.711199999786913,1605562.5274],[990405.877000000327826,1605536.972300000488758],[990405.531499999575317,1605536.22580000013113],[990404.653099999763072,1605535.098799999803305],[990402.153599999845028,1605533.939600000157952],[990389.58669999986887,1605531.655600000172853],[990344.259100000374019,1605527.795800000429153],[990318.680499999783933,1605527.472300000488758],[990310.0318,1605527.485300000756979],[990308.491799999959767,1605541.508400000631809],[990312.572200000286102,1605626.281700000166893],[990313.105200000107288,1605626.662200000137091],[990322.992499999701977,1605627.783299999311566],[990328.406700000166893,1605627.336200000718236],[990336.143799999728799,1605627.8597999997437],[990409.255099999718368,1605629.868200000375509],[990409.982900000177324,1605629.512800000607967],[990410.707000000402331,1605629.342299999669194],[990411.074500000104308,1605628.979800000786781],[990413.478400000371039,1605616.823000000789762],[990413.345999999903142,1605614.416400000452995],[990416.591500000096858,1605587.113099999725819],[990419.609199999831617,1605571.270199999213219]]]]}},
{"type":"Feature","properties":{"รหัสกลุ่มคิว":"23/002","รหัสรับเหมา":"722399","ชื่อ-สกุล รับเหมา":"นาง มะลิ งามเลิศ","นักเกษตร":"2302","ศูนย์":"K2-23","โควตา":"720383","ชาวไร่":"นางสาว จิราธร นะวะสิมัยนาม","ประเภทอ้อย":"ปลายฝน","พื้นที่":2.46,"ตันรวม":31.98,"รหัสแปลง":"320601070120","กลุ่ม":"กลุ่ม_23"},"geometry":{"type":"MultiPolygon","coordinates":[[[[990438.126600000075996,1605437.388000000268221],[990429.959599999710917,1605521.917999999597669],[990479.238599999807775,1605526.411299999803305],[990479.389299999922514,1605437.283900000154972],[990438.126600000075996,1605437.388000000268221]]]]}},
{"type":"Feature","properties":{"รหัสกลุ่มคิว":"23/002","รหัสรับเหมา":"722399","ชื่อ-สกุล รับเหมา":"นาง มะลิ งามเลิศ","นักเกษตร":"2302","ศูนย์":"K2-23","โควตา":"726871","ชาวไร่":"นางสาว สุพิศ ภาสดา","ประเภทอ้อย":"ปลายฝน","พื้นที่":5.63,"ตันรวม":73.19,"รหัสแปลง":"320601070320","กลุ่ม":"กลุ่ม_23"},"geometry":{"type":"MultiPolygon","coordinates":[[[[991624.004200000315905,1606226.566299999132752],[991613.816999999806285,1606267.60050000064075],[991842.88329999987036,1606246.280200000852346],[991827.5,1606204.550899999216199],[991624.004200000315905,1606226.566299999132752]]]]}},
{"type":"Feature","properties":{"รหัสกลุ่มคิว":"23/003","รหัสรับเหมา":"722635","ชื่อ-สกุล รับเหมา":"นาย พิชิต มณีศรี","นักเกษตร":"2303","ศูนย์":"K2-23","โควตา":"722011","ชาวไร่":"นาย สำลี ภาคพรม","ประเภทอ้อย":"ตอ1","พื้นที่":4.33,"ตันรวม":38.97,"รหัสแปลง":"320601070324","กลุ่ม":"กลุ่ม_23"},"geometry":{"type":"MultiPolygon","coordinates":[[[[992246.951999999582767,1606799.865399999544024],[992246.785899999551475,1606808.183599999174476],[992245.830000000074506,1606810.938300000503659],[992245.050499999895692,1606813.88150000013411],[992244.6239,1606817.20160000026226],[992244.006000000052154,1606821.072599999606609],[992243.204400000162423,1606825.124900000169873],[992242.215300000272691,1606829.543299999088049],[992241.41370000038296,1606833.595599999651313],[992240.251899999566376,1606837.640699999406934],[992238.373300000093877,1606841.486500000581145],[992236.314699999988079,1606845.32880000025034],[992234.620000000111759,1606848.9934],[992232.565100000239909,1606852.650800000876188],[992230.513799999840558,1606856.123299999162555],[992228.46999999973923,1606859.226199999451637],[992226.808500000275671,1606861.227099999785423],[992225.338100000284612,1606862.677200000733137],[992226.701399999670684,1606866.5877],[992228.498700000345707,1606866.808599999174476],[992230.83629999961704,1606867.040200000628829],[992279.676400000229478,1606866.351399999111891],[992284.1568,1606867.5504],[992299.26659999974072,1606868.776900000870228],[992301.435200000181794,1606868.450400000438094],[992303.60010000038892,1606868.308700000867248],[992306.125199999660254,1606868.174200000241399],[992324.502700000070035,1606868.171499999240041],[992326.660199999809265,1606868.39949999935925],[992334.573499999940395,1606869.112299999222159],[992335.654099999926984,1606869.133899999782443],[992335.293899999931455,1606869.126700000837445],[992339.704900000244379,1606864.776699999347329],[992339.884999999776483,1606864.780300000682473],[992345.10219999961555,1606847.131999999284744],[992351.982599999755621,1606809.360300000756979],[992348.458200000226498,1606805.406500000506639],[992325.071000000461936,1606803.644799999892712],[992318.936599999666214,1606804.077099999412894],[992297.173999999649823,1606802.16300000064075],[992253.902099999599159,1606803.702600000426173],[992249.417999999597669,1606802.688500000163913],[992246.951999999582767,1606799.865399999544024]]]]}},
{"type":"Feature","properties":{"รหัสกลุ่มคิว":"23/002","รหัสรับเหมา":"722399","ชื่อ-สกุล รับเหมา":"นาง มะลิ งามเลิศ","นักเกษตร":"2302","ศูนย์":"K2-23","โควตา":"722881","ชาวไร่":"นาง สำเรียง สีคำ","ประเภทอ้อย":"ตอ1","พื้นที่":9.18,"ตันรวม":82.62,"รหัสแปลง":"320607020076","กลุ่ม":"กลุ่ม_23"},"geometry":{"type":"MultiPolygon","coordinates":[[[[987452.536500000394881,1613033.979399999603629],[987552.409799999557436,1613154.626800000667572],[987622.369800000451505,1613112.648399999365211],[987578.512799999676645,1613031.669700000435114],[987546.018199999816716,1612981.203299999237061],[987452.536500000394881,1613033.979399999603629]]]]}},
{"type":"Feature","properties":{"รหัสกลุ่มคิว":"23/002","รหัสรับเหมา":"722399","ชื่อ-สกุล รับเหมา":"นาง มะลิ งามเลิศ","นักเกษตร":"2302","ศูนย์":"K2-23","โควตา":"720243","ชาวไร่":"นาย บุญช่วย บุตรลักษณ์","ประเภทอ้อย":"ตอ2","พื้นที่":4.13,"ตันรวม":33.04,"รหัสแปลง":"320607050101","กลุ่ม":"กลุ่ม_23"},"geometry":{"type":"MultiPolygon","coordinates":[[[[987874.925599999725819,1607586.242799999192357],[987877.603600000031292,1607580.485500000417233],[987873.052299999631941,1607578.767799999564886],[987876.162100000306964,1607571.563400000333786],[987878.979700000025332,1607573.332299999892712],[987883.06319999974221,1607561.500700000673532],[987667.417600000277162,1607495.980000000447035],[987655.336099999956787,1607526.334499999880791],[987874.925599999725819,1607586.242799999192357]]]]}},
{"type":"Feature","properties":{"รหัสกลุ่มคิว":"23/001","รหัสรับเหมา":"738889","ชื่อ-สกุล รับเหมา":"รถตัดโรงงานเบอร์ 09","นักเกษตร":"2304","ศูนย์":"K2-23","โควตา":"720423","ชาวไร่":"นางสาว ลัดดา ศรีดงกลาง","ประเภทอ้อย":"ตอ2","พื้นที่":5.33,"ตันรวม":42.64,"รหัสแปลง":"320607070148","กลุ่ม":"กลุ่ม_23"},"geometry":{"type":"MultiPolygon","coordinates":[[[[988631.083300000056624,1604658.544299999251962],[988632.546099999919534,1604657.4638],[988717.522499999962747,1604642.688999999314547],[988710.784199999645352,1604546.215700000524521],[988623.851999999955297,1604559.657400000840425],[988631.083300000056624,1604658.544299999251962]]]]}},
{"type":"Feature","properties":{"รหัสกลุ่มคิว":"23/003","รหัสรับเหมา":"722635","ชื่อ-สกุล รับเหมา":"นาย พิชิต มณีศรี","นักเกษตร":"2303","ศูนย์":"K2-23","โควตา":"727175","ชาวไร่":"นางสาว ภารดี อินทร์งาม","ประเภทอ้อย":"ปลายฝน","พื้นที่":3.69,"ตันรวม":47.97,"รหัสแปลง":"320607070756","กลุ่ม":"กลุ่ม_23"},"geometry":{"type":"MultiPolygon","coordinates":[[[[991451.797799999825656,1604917.752299999818206],[991455.893799999728799,1604877.27309999987483],[991323.294900000095367,1604873.625199999660254],[991323.909199999645352,1604898.209899999201298],[991346.989599999971688,1604900.1074],[991345.980499999597669,1604933.302999999374151],[991451.797799999825656,1604917.752299999818206]]]]}},
{"type":"Feature","properties":{"รหัสกลุ่มคิว":"23/002","รหัสรับเหมา":"722399","ชื่อ-สกุล รับเหมา":"นาง มะลิ งามเลิศ","นักเกษตร":"2302","ศูนย์":"K2-23","โควตา":"726309","ชาวไร่":"นางสาว สมจิตร ดีมาก","ประเภทอ้อย":"ปลายฝน","พื้นที่":3.46,"ตันรวม":44.98,"รหัสแปลง":"320607070872","กลุ่ม":"กลุ่ม_23"},"geometry":{"type":"MultiPolygon","coordinates":[[[[988640.33629999961704,1606347.375900000333786],[988461.889899999834597,1606333.689999999478459],[988459.637099999934435,1606366.7511],[988640.267799999564886,1606375.808399999514222],[988640.33629999961704,1606347.375900000333786]]]]}},
{"type":"Feature","properties":{"รหัสกลุ่มคิว":"23/001","รหัสรับเหมา":"738889","ชื่อ-สกุล รับเหมา":"รถตัดโรงงานเบอร์ 09","นักเกษตร":"2304","ศูนย์":"K2-23","โควตา":"726157","ชาวไร่":"นาง พีรพร กระแสโสม","ประเภทอ้อย":"ตอ1","พื้นที่":3.99,"ตันรวม":35.91,"รหัสแปลง":"320607090130","กลุ่ม":"กลุ่ม_23"},"geometry":{"type":"MultiPolygon","coordinates":[[[[983207.07880000025034,1604098.490199999883771],[983260.099100000225008,1604076.410199999809265],[983272.965699999593198,1604065.787699999287724],[983264.340099999681115,1604038.348600000143051],[983106.942099999636412,1604107.179500000551343],[983020.084999999962747,1604130.828600000590086],[983022.459800000302494,1604147.853399999439716],[983207.07880000025034,1604098.490199999883771]]]]}},
{"type":"Feature","properties":{"รหัสกลุ่มคิว":"23/001","รหัสรับเหมา":"738889","ชื่อ-สกุล รับเหมา":"รถตัดโรงงานเบอร์ 09","นักเกษตร":"2304","ศูนย์":"K2-23","โควตา":"726292","ชาวไร่":"นาย จืม วงค์ดินดำ","ประเภทอ้อย":"ตอ1","พื้นที่":5.17,"ตันรวม":46.53,"รหัสแปลง":"320507091505","กลุ่ม":"กลุ่ม_23"},"geometry":{"type":"MultiPolygon","coordinates":[[[[984232.849899999797344,1610154.741599999368191],[984385.737800000235438,1610187.255599999800324],[984390.383500000461936,1610124.949699999764562],[984251.56969999987632,1610107.603499999269843],[984232.849899999797344,1610154.741599999368191]]]]}},
{"type":"Feature","properties":{"รหัสกลุ่มคิว":"23/001","รหัสรับเหมา":"738889","ชื่อ-สกุล รับเหมา":"รถตัดโรงงานเบอร์ 09","นักเกษตร":"2304","ศูนย์":"K2-23","โควตา":"726334","ชาวไร่":"นาย มานพ สมชื่อ","ประเภทอ้อย":"ตอ1","พื้นที่":5.64,"ตันรวม":50.76,"รหัสแปลง":"320507081629","กลุ่ม":"กลุ่ม_23"},"geometry":{"type":"MultiPolygon","coordinates":[[[[980340.30449999962002,1611809.90430000051856],[980475.690000000409782,1611791.232300000265241],[980470.998800000175834,1611728.586300000548363],[980331.354600000195205,1611742.869799999520183],[980340.30449999962002,1611809.90430000051856]]]]}},
{"type":"Feature","properties":{"รหัสกลุ่มคิว":"23/001","รหัสรับเหมา":"738889","ชื่อ-สกุล รับเหมา":"รถตัดโรงงานเบอร์ 09","นักเกษตร":"2304","ศูนย์":"K2-23","โควตา":"722723","ชาวไร่":"นาย อั้น เรือเสาร์","ประเภทอ้อย":"ตอ1","พื้นที่":1.12,"ตันรวม":10.08,"รหัสแปลง":"320601021560","กลุ่ม":"กลุ่ม_23"},"geometry":{"type":"MultiPolygon","coordinates":[[[[991131.38300000037998,1606019.226700000464916],[991130.071700000204146,1605999.903799999505281],[991043.330199999734759,1606013.6053],[991046.948400000110269,1606035.162000000476837],[991131.38300000037998,1606019.226700000464916]]]]}},
{"type":"Feature","properties":{"รหัสกลุ่มคิว":"23/002","รหัสรับเหมา":"722399","ชื่อ-สกุล รับเหมา":"นาง มะลิ งามเลิศ","นักเกษตร":"2302","ศูนย์":"K2-23","โควตา":"722399","ชาวไร่":"นาง มะลิ งามเลิศ","ประเภทอ้อย":"ปลายฝน","พื้นที่":6.42,"ตันรวม":83.46,"รหัสแปลง":"320601071737","กลุ่ม":"กลุ่ม_23"},"geometry":{"type":"MultiPolygon","coordinates":[[[[990456.3125,1606715.163100000470877],[990534.418800000101328,1606737.613299999386072],[990532.436700000427663,1606592.782800000160933],[990460.86089999973774,1606586.180800000205636],[990456.3125,1606715.163100000470877]]]]}},
{"type":"Feature","properties":{"รหัสกลุ่มคิว":"23/002","รหัสรับเหมา":"722399","ชื่อ-สกุล รับเหมา":"นาง มะลิ งามเลิศ","นักเกษตร":"2302","ศูนย์":"K2-23","โควตา":"727167","ชาวไร่":"นางสาว พร ยาเงิน","ประเภทอ้อย":"ปลายฝน","พื้นที่":8.57,"ตันรวม":111.41,"รหัสแปลง":"320601071755","กลุ่ม":"กลุ่ม_23"},"geometry":{"type":"MultiPolygon","coordinates":[[[[993161.456299999728799,1607702.642400000244379],[993124.406999999657273,1607465.381999999284744],[993121.701899999752641,1607465.512800000607967],[993063.760099999606609,1607479.886700000613928],[993062.830099999904633,1607481.347500000149012],[993104.261300000362098,1607688.737600000575185],[993113.135300000198185,1607704.448899999260902],[993115.821899999864399,1607705.24239999987185],[993161.456299999728799,1607702.642400000244379]]]]}},
{"type":"Feature","properties":{"รหัสกลุ่มคิว":"23/003","รหัสรับเหมา":"722635","ชื่อ-สกุล รับเหมา":"นาย พิชิต มณีศรี","นักเกษตร":"2303","ศูนย์":"K2-23","โควตา":"722058","ชาวไร่":"นาย ทวี ภาคพรม","ประเภทอ้อย":"ตอ1","พื้นที่":9.07,"ตันรวม":81.63,"รหัสแปลง":"320601071771","กลุ่ม":"กลุ่ม_23"},"geometry":{"type":"MultiPolygon","coordinates":[[[[991720.280500000342727,1606794.884400000795722],[991704.748499999754131,1606625.0033],[991618.441899999976158,1606634.731000000610948],[991623.263399999588728,1606781.760500000789762],[991720.280500000342727,1606794.884400000795722]]]]}},
{"type":"Feature","properties":{"รหัสกลุ่มคิว":"23/002","รหัสรับเหมา":"722399","ชื่อ-สกุล รับเหมา":"นาง มะลิ งามเลิศ","นักเกษตร":"2302","ศูนย์":"K2-23","โควตา":"727024","ชาวไร่":"นาย สมพร มั่นยืน","ประเภทอ้อย":"ตอ1","พื้นที่":2.82,"ตันรวม":25.38,"รหัสแปลง":"320601111561","กลุ่ม":"กลุ่ม_23"},"geometry":{"type":"MultiPolygon","coordinates":[[[[993135.314199999906123,1607833.490299999713898],[993171.259700000286102,1607829.977099999785423],[993148.738800000399351,1607707.438100000843406],[993112.721199999563396,1607706.82799999974668],[993135.314199999906123,1607833.490299999713898]]]]}},
{"type":"Feature","properties":{"รหัสกลุ่มคิว":"23/003","รหัสรับเหมา":"722635","ชื่อ-สกุล รับเหมา":"นาย พิชิต มณีศรี","นักเกษตร":"2303","ศูนย์":"K2-23","โควตา":"722429","ชาวไร่":"นาง เลิศ สุทรงชัย","ประเภทอ้อย":"ปลายฝน","พื้นที่":5.92,"ตันรวม":76.96,"รหัสแปลง":"320607011622","กลุ่ม":"กลุ่ม_23"},"geometry":{"type":"MultiPolygon","coordinates":[[[[985090.97620000038296,1604988.848099999129772],[984993.289800000376999,1605017.310599999502301],[984988.071800000034273,1605024.405999999493361],[984990.99170000012964,1605040.290500000119209],[984990.244599999859929,1605057.397700000554323],[984960.637000000104308,1605066.593100000172853],[984959.075799999758601,1605097.2347],[984963.522300000302494,1605100.901200000196695],[985108.963299999944866,1605061.459000000730157],[985090.97620000038296,1604988.848099999129772]]]]}},
{"type":"Feature","properties":{"รหัสกลุ่มคิว":"23/002","รหัสรับเหมา":"722399","ชื่อ-สกุล รับเหมา":"นาง มะลิ งามเลิศ","นักเกษตร":"2302","ศูนย์":"K2-23","โควตา":"722987","ชาวไร่":"นาง สำรวย คำลิว","ประเภทอ้อย":"ปลายฝน","พื้นที่":10.23,"ตันรวม":132.99,"รหัสแปลง":"320607041574","กลุ่ม":"กลุ่ม_23"},"geometry":{"type":"MultiPolygon","coordinates":[[[[986743.535299999639392,1607516.36769999936223],[986591.594399999827147,1607520.022600000724196],[986616.03969999961555,1607650.4967],[986762.380900000222027,1607601.98340000025928],[986748.911600000225008,1607572.501499999314547],[986746.450299999676645,1607551.188300000503659],[986743.535299999639392,1607516.36769999936223]]]]}},
{"type":"Feature","properties":{"รหัสกลุ่มคิว":"23/001","รหัสรับเหมา":"738889","ชื่อ-สกุล รับเหมา":"รถตัดโรงงานเบอร์ 09","นักเกษตร":"2304","ศูนย์":"K2-23","โควตา":"700160","ชาวไร่":"นาย สุชิง ยงยิ่งยืน","ประเภทอ้อย":"ปลายฝน","พื้นที่":8.07,"ตันรวม":104.91,"รหัสแปลง":"320607041575","กลุ่ม":"กลุ่ม_23"},"geometry":{"type":"MultiPolygon","coordinates":[[[[986171.298999999649823,1609473.188699999824166],[986146.211199999786913,1609401.3597999997437],[986143.572499999776483,1609398.753699999302626],[986105.338600000366569,1609286.5329],[986048.593000000342727,1609306.880799999460578],[986106.241399999707937,1609499.263299999758601],[986171.298999999649823,1609473.188699999824166]]]]}},
{"type":"Feature","properties":{"รหัสกลุ่มคิว":"23/001","รหัสรับเหมา":"738889","ชื่อ-สกุล รับเหมา":"รถตัดโรงงานเบอร์ 09","นักเกษตร":"2304","ศูนย์":"K2-23","โควตา":"722170","ชาวไร่":"นาย แวง บุตรงาม","ประเภทอ้อย":"ตอ1","พื้นที่":8.62,"ตันรวม":77.58,"รหัสแปลง":"320607051545","กลุ่ม":"กลุ่ม_23"},"geometry":{"type":"MultiPolygon","coordinates":[[[[988225.551799999549985,1607185.855900000780821],[988427.49170000012964,1607223.1426],[988441.302899999544024,1607153.519099999219179],[988414.201100000180304,1607148.359099999070168],[988272.815600000321865,1607128.175100000575185],[988240.590699999593198,1607126.981799999251962],[988225.551799999549985,1607185.855900000780821]]]]}},
{"type":"Feature","properties":{"รหัสกลุ่มคิว":"23/001","รหัสรับเหมา":"738889","ชื่อ-สกุล รับเหมา":"รถตัดโรงงานเบอร์ 09","นักเกษตร":"2304","ศูนย์":"K2-23","โควตา":"720423","ชาวไร่":"นางสาว ลัดดา ศรีดงกลาง","ประเภทอ้อย":"ตอ1","พื้นที่":16.8,"ตันรวม":151.2,"รหัสแปลง":"320607061504","กลุ่ม":"กลุ่ม_23"},"geometry":{"type":"MultiPolygon","coordinates":[[[[981816.14049999974668,1608576.034900000318885],[981811.098699999973178,1608575.936300000175834],[981812.960099999792874,1608582.074300000444055],[981814.96889999974519,1608589.8794],[981813.074199999682605,1608594.649599999189377],[981811.453599999658763,1608594.617900000885129],[981810.549700000323355,1608594.7851],[981809.462000000290573,1608595.133600000292063],[981807.654199999757111,1608595.468000000342727],[981802.237800000235438,1608596.101600000634789],[981797.898199999704957,1608596.941199999302626],[981792.30530000012368,1608597.386399999260902],[981786.525200000032783,1608598.197699999436736],[981779.837500000372529,1608599.361099999397993],[981769.357599999755621,1608601.005000000819564],[981757.991899999789894,1608601.8918999992311],[981748.048600000329316,1608603.731200000271201],[981740.618900000117719,1608605.989499999210238],[981740.042600000277162,1608607.827199999243021],[981740.028099999763072,1608608.566500000655651],[981740.899500000290573,1608610.062699999660254],[981741.417999999597669,1608611.182199999690056],[981744.621299999766052,1608631.583699999377131],[981749.020800000056624,1608646.09180000051856],[981753.117300000041723,1608666.880599999800324],[981753.250300000421703,1608669.28690000064671],[981755.734199999831617,1608680.429300000891089],[981756.230999999679625,1608682.657800000160933],[981759.654199999757111,1608701.029699999839067],[981761.504599999636412,1608707.722300000488758],[981762.52350000012666,1608710.885500000789762],[981764.539599999785423,1608718.320900000631809],[981764.856300000101328,1608720.545800000429153],[981765.997299999929965,1608726.669800000265241],[981768.265800000168383,1608730.412200000137091],[981772.748399999924004,1608740.669299999251962],[981808.685899999924004,1608736.010700000450015],[981817.354199999943376,1608734.886099999770522],[981820.148400000296533,1608739.378399999812245],[981821.293100000359118,1608745.317500000819564],[981824.521599999628961,1608764.425200000405312],[981831.688000000081956,1608766.4145],[981833.2977,1608767.000700000673532],[981834.010700000450015,1608767.384500000625849],[981834.730999999679625,1608767.398600000888109],[981842.477300000376999,1608767.365299999713898],[981849.355800000019372,1608765.651000000536442],[981859.792299999855459,1608766.225099999457598],[981864.484699999913573,1608765.762299999594688],[981872.41469999961555,1608765.547800000756979],[981880.013600000180304,1608763.8476],[981891.195600000210106,1608763.142000000923872],[981901.11710000038147,1608762.411800000816584],[981907.779500000178814,1608762.542199999094009],[981912.655600000172853,1608761.89809999987483],[981918.785000000149012,1608761.648299999535084],[981919.512500000186265,1608761.2928],[981920.067200000397861,1608760.563999999314547],[981920.258100000210106,1608760.0131],[981920.106999999843538,1608758.530899999663234],[981920.295199999585748,1608748.9199],[981919.013899999670684,1608740.75929999910295],[981917.84389999974519,1608736.113900000229478],[981917.77240000013262,1608730.565600000321865],[981916.57079999987036,1608718.338700000196695],[981914.64159999974072,1608706.467499999329448],[981914.735700000077486,1608701.662000000476837],[981913.692400000058115,1608690.54759999923408],[981912.307900000363588,1608669.257200000807643],[981911.692599999718368,1608663.883099999278784],[981910.736100000329316,1608648.333000000566244],[981909.159799999557436,1608636.838400000706315],[981908.249499999918044,1608628.130400000140071],[981907.245099999941885,1608624.227800000458956],[981905.945700000040233,1608616.991399999707937],[981906.043399999849498,1608612.001000000163913],[981906.548299999907613,1608604.615000000223517],[981906.062400000169873,1608601.832000000402331],[981905.2489,1608597.378499999642372],[981903.527900000102818,1608593.277100000530481],[981904.569299999624491,1608586.086400000378489],[981904.350300000049174,1608578.871099999174476],[981904.242600000463426,1608575.171],[981901.974100000225008,1608571.428600000217557],[981897.299700000323355,1608570.967299999669194],[981893.327399999834597,1608571.444299999624491],[981886.823400000110269,1608572.426300000399351],[981874.751899999566376,1608572.559800000861287],[981865.759499999694526,1608571.82909999974072],[981861.967299999669194,1608572.309499999508262],[981858.873599999584258,1608573.913100000470877],[981854.714100000448525,1608574.756100000813603],[981844.435899999924004,1608575.29450000077486],[981843.182699999772012,1608574.9002],[981840.517900000326335,1608572.999099999666214],[981839.617600000463426,1608572.9814],[981838.710099999792874,1608573.333499999716878],[981837.089499999769032,1608573.301699999719858],[981824.639700000174344,1608574.352299999445677],[981822.122399999760091,1608574.118200000375509],[981817.602800000458956,1608574.954199999570847],[981816.14049999974668,1608576.034900000318885]]]]}},
{"type":"Feature","properties":{"รหัสกลุ่มคิว":"23/003","รหัสรับเหมา":"722635","ชื่อ-สกุล รับเหมา":"นาย พิชิต มณีศรี","นักเกษตร":"2303","ศูนย์":"K2-23","โควตา":"722328","ชาวไร่":"นาง พม ดีสาห่าง","ประเภทอ้อย":"ปลายฝน","พื้นที่":8.87,"ตันรวม":115.31,"รหัสแปลง":"320607070350","กลุ่ม":"กลุ่ม_23"},"geometry":{"type":"MultiPolygon","coordinates":[[[[988740.807500000111759,1603921.61739999987185],[988740.443599999882281,1603921.795099999755621],[988739.899600000120699,1603921.969200000166893],[988738.278599999845028,1603921.93720000050962],[988729.052600000053644,1603923.788599999621511],[988723.480000000447035,1603923.12360000051558],[988717.3597999997437,1603922.817500000819564],[988706.343700000084937,1603924.07880000025034],[988704.174999999813735,1603924.4057],[988701.642400000244379,1603924.910299999639392],[988699.109899999573827,1603925.414899999275804],[988695.864199999719858,1603925.535599999129772],[988694.959999999962747,1603925.702600000426173],[988693.875599999912083,1603925.86600000038743],[988692.978699999861419,1603925.6634],[988689.916799999773502,1603925.602800000458956],[988688.836099999956787,1603925.581399999558926],[988686.678399999625981,1603925.353800000622869],[988685.41399999987334,1603925.513699999079108],[988684.329599999822676,1603925.67710000090301],[988683.248999999836087,1603925.6557],[988682.344700000248849,1603925.822699999436736],[988681.620600000023842,1603925.993300000205636],[988680.352500000037253,1603926.337999999523163],[988679.808500000275671,1603926.512199999764562],[988679.268199999816716,1603926.501499999314547],[988678.5477,1603926.487199999392033],[988698.841199999675155,1604121.048000000417233],[988699.995900000445545,1604126.433299999684095],[988776.558000000193715,1604127.209300000220537],[988740.807500000111759,1603921.61739999987185]]]]}},
{"type":"Feature","properties":{"รหัสกลุ่มคิว":"23/002","รหัสรับเหมา":"722399","ชื่อ-สกุล รับเหมา":"นาง มะลิ งามเลิศ","นักเกษตร":"2302","ศูนย์":"K2-23","โควตา":"722986","ชาวไร่":"นาย ปัญญา บุญงาม","ประเภทอ้อย":"ปลายฝน","พื้นที่":4.39,"ตันรวม":57.07,"รหัสแปลง":"320607070789","กลุ่ม":"กลุ่ม_23"},"geometry":{"type":"MultiPolygon","coordinates":[[[[988064.586500000208616,1606652.051999999210238],[988055.76549999974668,1606652.63539999909699],[988057.599200000055134,1606691.252299999818206],[988028.389000000432134,1606696.523299999535084],[988037.412800000049174,1606881.549000000581145],[988071.956799999810755,1606873.60249999910593],[988064.586500000208616,1606652.051999999210238]]]]}},
{"type":"Feature","properties":{"รหัสกลุ่มคิว":"23/002","รหัสรับเหมา":"722399","ชื่อ-สกุล รับเหมา":"นาง มะลิ งามเลิศ","นักเกษตร":"2302","ศูนย์":"K2-23","โควตา":"727418","ชาวไร่":"นาย พิสิทฐ์ สุขจิตร","ประเภทอ้อย":"ปลายฝน","พื้นที่":12.89,"ตันรวม":167.57,"รหัสแปลง":"320607070880","กลุ่ม":"กลุ่ม_23"},"geometry":{"type":"MultiPolygon","coordinates":[[[[986858.442900000140071,1603993.140599999576807],[986785.640999999828637,1603986.543299999088049],[986785.784599999897182,1603988.395199999213219],[986784.660199999809265,1603990.591900000348687],[986782.462500000372529,1603992.397700000554323],[986779.731700000353158,1603993.823100000619888],[986776.644399999640882,1603995.056600000709295],[986773.384200000204146,1603995.916899999603629],[986770.3114,1603996.411000000312924],[986763.849399999715388,1603995.174200000241399],[986760.996799999848008,1603993.638599999248981],[986750.421400000341237,1603990.841399999335408],[986747.89989999961108,1603990.7917],[986734.96129999961704,1603989.057399999350309],[986700.231100000441074,1604059.932399999350309],[986685.003700000233948,1604064.62470000050962],[986680.475499999709427,1604065.829800000414252],[986677.237200000323355,1604065.5811],[986674.715699999593198,1604065.531400000676513],[986674.708399999886751,1604065.901100000366569],[986657.005900000222027,1604104.752699999138713],[986759.356700000353158,1604140.793700000271201],[986785.502999999560416,1604148.89049999974668],[986809.699300000444055,1604146.224199999123812],[986816.261900000274181,1604133.225099999457598],[986858.442900000140071,1603993.140599999576807]]]]}},
{"type":"Feature","properties":{"รหัสกลุ่มคิว":"23/003","รหัสรับเหมา":"722635","ชื่อ-สกุล รับเหมา":"นาย พิชิต มณีศรี","นักเกษตร":"2303","ศูนย์":"K2-23","โควตา":"720387","ชาวไร่":"นาง สมนึก บุญเพ็ชร","ประเภทอ้อย":"ปลายฝน","พื้นที่":4.77,"ตันรวม":62.01,"รหัสแปลง":"320607071642","กลุ่ม":"กลุ่ม_23"},"geometry":{"type":"MultiPolygon","coordinates":[[[[988697.707000000402331,1604125.225700000301003],[988679.393099999986589,1603931.388599999248981],[988652.560999999754131,1603933.037699999287724],[988650.646300000138581,1603949.431199999526143],[988637.554800000041723,1604008.723500000312924],[988640.61600000038743,1604030.707399999722838],[988662.218799999915063,1604116.552699999883771],[988697.707000000402331,1604125.225700000301003]]]]}},
{"type":"Feature","properties":{"รหัสกลุ่มคิว":"23/002","รหัสรับเหมา":"722399","ชื่อ-สกุล รับเหมา":"นาง มะลิ งามเลิศ","นักเกษตร":"2302","ศูนย์":"K2-23","โควตา":"727185","ชาวไร่":"นาง อารยา ดุนขุนทด","ประเภทอ้อย":"ตอ4","พื้นที่":10.34,"ตันรวม":72.38,"รหัสแปลง":"320607071873","กลุ่ม":"กลุ่ม_23"},"geometry":{"type":"MultiPolygon","coordinates":[[[[988853.866399999707937,1607223.767200000584126],[988951.302799999713898,1607195.569199999794364],[988946.502899999730289,1607000.950799999758601],[988889.771800000220537,1606999.784199999645352],[988892.402499999850988,1607092.862400000914931],[988849.934500000439584,1607102.889499999582767],[988853.866399999707937,1607223.767200000584126]]]]}},
{"type":"Feature","properties":{"รหัสกลุ่มคิว":"23/002","รหัสรับเหมา":"722399","ชื่อ-สกุล รับเหมา":"นาง มะลิ งามเลิศ","นักเกษตร":"2302","ศูนย์":"K2-23","โควตา":"727456","ชาวไร่":"นาย อุดม เปรียบยอดยิ่ง","ประเภทอ้อย":"ตอ1","พื้นที่":6.01,"ตันรวม":54.09,"รหัสแปลง":"320607080012","กลุ่ม":"กลุ่ม_23"},"geometry":{"type":"MultiPolygon","coordinates":[[[[988255.627899999730289,1609527.052699999883771],[988259.60010000038892,1609497.14780000038445],[988096.143099999986589,1609487.220799999311566],[988096.020499999634922,1609484.300499999895692],[987975.556200000457466,1609479.573100000619888],[987971.250099999830127,1609515.918500000610948],[988255.627899999730289,1609527.052699999883771]]]]}},
{"type":"Feature","properties":{"รหัสกลุ่มคิว":"23/002","รหัสรับเหมา":"722399","ชื่อ-สกุล รับเหมา":"นาง มะลิ งามเลิศ","นักเกษตร":"2302","ศูนย์":"K2-23","โควตา":"727367","ชาวไร่":"นางสาว ทาริกา ยืนยง","ประเภทอ้อย":"ปลายฝน","พื้นที่":7.82,"ตันรวม":101.66,"รหัสแปลง":"320607080023","กลุ่ม":"กลุ่ม_23"},"geometry":{"type":"MultiPolygon","coordinates":[[[[988945.085500000044703,1609436.853800000622869],[989028.900500000454485,1609434.451500000432134],[989011.535400000400841,1609311.137800000607967],[989005.651499999687076,1609271.818800000473857],[989005.467699999921024,1609272.000099999830127],[989005.287700000219047,1609271.996500000357628],[989004.909099999815226,1609272.913599999621511],[988927.128299999982119,1609297.995699999853969],[988945.085500000044703,1609436.853800000622869]]]]}},
{"type":"Feature","properties":{"รหัสกลุ่มคิว":"23/002","รหัสรับเหมา":"722399","ชื่อ-สกุล รับเหมา":"นาง มะลิ งามเลิศ","นักเกษตร":"2302","ศูนย์":"K2-23","โควตา":"722997","ชาวไร่":"นาย เนาว์ คงยิ่งใหญ่","ประเภทอ้อย":"ตอ3","พื้นที่":9.01,"ตันรวม":63.07,"รหัสแปลง":"320607081556","กลุ่ม":"กลุ่ม_23"},"geometry":{"type":"MultiPolygon","coordinates":[[[[989245.580599999986589,1609418.048800000920892],[989177.316800000146031,1609430.70240000076592],[989194.167500000447035,1609494.136299999430776],[989085.4364,1609517.492799999192357],[989093.521300000138581,1609554.821599999442697],[989270.341099999845028,1609513.089400000870228],[989245.580599999986589,1609418.048800000920892]]]]}},
{"type":"Feature","properties":{"รหัสกลุ่มคิว":"23/001","รหัสรับเหมา":"738889","ชื่อ-สกุล รับเหมา":"รถตัดโรงงานเบอร์ 09","นักเกษตร":"2304","ศูนย์":"K2-23","โควตา":"727466","ชาวไร่":"นางสาว ปลายฟ้า มนตรีโพธิ์","ประเภทอ้อย":"ปลายฝน","พื้นที่":16.51,"ตันรวม":214.63,"รหัสแปลง":"320607101529","กลุ่ม":"กลุ่ม_23"},"geometry":{"type":"MultiPolygon","coordinates":[[[[984468.462199999950826,1603085.8717],[984477.783999999985099,1603099.280999999493361],[984471.583800000138581,1603105.414300000295043],[984569.713000000454485,1603246.941800000146031],[984684.146999999880791,1603163.499600000679493],[984576.044800000265241,1603010.453199999406934],[984468.462199999950826,1603085.8717]]]]}},
{"type":"Feature","properties":{"รหัสกลุ่มคิว":"23/001","รหัสรับเหมา":"738889","ชื่อ-สกุล รับเหมา":"รถตัดโรงงานเบอร์ 09","นักเกษตร":"2304","ศูนย์":"K2-23","โควตา":"722407","ชาวไร่":"นาย หวล ทองลาย","ประเภทอ้อย":"ตอ2","พื้นที่":2.55,"ตันรวม":20.4,"รหัสแปลง":"320607101613","กลุ่ม":"กลุ่ม_23"},"geometry":{"type":"MultiPolygon","coordinates":[[[[984632.759600000455976,1602955.7195999994874],[984516.729500000365078,1602787.775299999862909],[984498.865399999544024,1602800.3553],[984618.26549999974668,1602966.466299999505281],[984633.566399999894202,1602955.7043999992311],[984633.160600000061095,1602955.7763],[984632.759600000455976,1602955.7195999994874]]]]}},
{"type":"Feature","properties":{"รหัสกลุ่มคิว":"23/003","รหัสรับเหมา":"722635","ชื่อ-สกุล รับเหมา":"นาย พิชิต มณีศรี","นักเกษตร":"2303","ศูนย์":"K2-23","โควตา":"722204","ชาวไร่":"นาง สุปราณี บุตรงาม","ประเภทอ้อย":"ปลายฝน","พื้นที่":5.25,"ตันรวม":68.25,"รหัสแปลง":"320607050048","กลุ่ม":"กลุ่ม_23"},"geometry":{"type":"MultiPolygon","coordinates":[[[[987875.738699999637902,1607619.757200000807643],[987883.344100000336766,1607590.506799999624491],[987641.805399999953806,1607524.3333],[987633.881199999712408,1607560.604000000283122],[987875.738699999637902,1607619.757200000807643]]]]}},
{"type":"Feature","properties":{"รหัสกลุ่มคิว":"23/001","รหัสรับเหมา":"738889","ชื่อ-สกุล รับเหมา":"รถตัดโรงงานเบอร์ 09","นักเกษตร":"2304","ศูนย์":"K2-23","โควตา":"726817","ชาวไร่":"นางสาว สุพรรษา สัชชานนท์","ประเภทอ้อย":"ตอ1","พื้นที่":11.83,"ตันรวม":106.47,"รหัสแปลง":"320507021597","กลุ่ม":"กลุ่ม_23"},"geometry":{"type":"MultiPolygon","coordinates":[[[[982299.392699999734759,1613937.604599999263883],[982339.712000000290573,1613924.683599999174476],[982333.711400000378489,1613894.260199999436736],[982240.373200000263751,1613915.714800000190735],[982244.391099999658763,1613938.178099999204278],[982223.317900000140071,1613943.17879999987781],[982214.662499999627471,1613924.653699999675155],[982063.757699999958277,1613985.567900000140071],[982080.238599999807775,1614047.417899999767542],[982310.690200000070035,1613968.8794],[982299.392699999734759,1613937.604599999263883]]]]}},
{"type":"Feature","properties":{"รหัสกลุ่มคิว":"23/001","รหัสรับเหมา":"738889","ชื่อ-สกุล รับเหมา":"รถตัดโรงงานเบอร์ 09","นักเกษตร":"2304","ศูนย์":"K2-23","โควตา":"726463","ชาวไร่":"นาย ชิษณุพงศ์ นิเลปิยัง","ประเภทอ้อย":"ตอ2","พื้นที่":8.63,"ตันรวม":69.04,"รหัสแปลง":"320606021731","กลุ่ม":"กลุ่ม_23"},"geometry":{"type":"MultiPolygon","coordinates":[[[[981403.313299999572337,1610129.433599999174476],[981555.902400000020862,1610125.338999999687076],[981541.987999999895692,1610057.675799999386072],[981502.166799999773502,1610044.292300000786781],[981442.963000000454485,1610029.463300000876188],[981386.14850000012666,1610020.930500000715256],[981403.313299999572337,1610129.433599999174476]]]]}},
{"type":"Feature","properties":{"รหัสกลุ่มคิว":"23/003","รหัสรับเหมา":"722635","ชื่อ-สกุล รับเหมา":"นาย พิชิต มณีศรี","นักเกษตร":"2303","ศูนย์":"K2-23","โควตา":"720243","ชาวไร่":"นาย บุญช่วย บุตรลักษณ์","ประเภทอ้อย":"ตอ3","พื้นที่":9.35,"ตันรวม":65.45,"รหัสแปลง":"320607071969","กลุ่ม":"กลุ่ม_23"},"geometry":{"type":"MultiPolygon","coordinates":[[[[987162.103799999691546,1604978.058800000697374],[987177.135599999688566,1604892.002599999308586],[987144.691599999554455,1604892.656500000506639],[987116.901100000366569,1604894.88150000013411],[987072.802799999713898,1604901.777200000360608],[987066.502600000239909,1604904.401699999347329],[987062.983599999919534,1604908.846699999645352],[986956.065100000239909,1604910.19789999909699],[986964.593299999833107,1604916.283299999311566],[986967.2966,1604952.76380000077188],[987001.339499999769032,1604953.250800000503659],[987003.07880000025034,1604983.795199999585748],[987162.103799999691546,1604978.058800000697374]]]]}},
{"type":"Feature","properties":{"รหัสกลุ่มคิว":"23/002","รหัสรับเหมา":"722399","ชื่อ-สกุล รับเหมา":"นาง มะลิ งามเลิศ","นักเกษตร":"2302","ศูนย์":"K2-23","โควตา":"720243","ชาวไร่":"นาย บุญช่วย บุตรลักษณ์","ประเภทอ้อย":"ปลายฝน","พื้นที่":3.08,"ตันรวม":40.04,"รหัสแปลง":"320607071970","กลุ่ม":"กลุ่ม_23"},"geometry":{"type":"MultiPolygon","coordinates":[[[[986946.709499999880791,1604870.606799999251962],[986950.625099999830127,1604913.44370000064373],[987071.028599999845028,1604903.306500000879169],[987068.016499999910593,1604865.0406],[986946.709499999880791,1604870.606799999251962]]]]}},
{"type":"Feature","properties":{"รหัสกลุ่มคิว":"23/001","รหัสรับเหมา":"738889","ชื่อ-สกุล รับเหมา":"รถตัดโรงงานเบอร์ 09","นักเกษตร":"2304","ศูนย์":"K2-23","โควตา":"726297","ชาวไร่":"นางสาว อรพิมพ์ สุขศรีนวล","ประเภทอ้อย":"ตอ1","พื้นที่":13.88,"ตันรวม":124.92,"รหัสแปลง":"320507041702","กลุ่ม":"กลุ่ม_23"},"geometry":{"type":"MultiPolygon","coordinates":[[[[981916.761699999682605,1604776.372300000861287],[981692.1261,1604832.551899999380112],[981699.590599999763072,1604867.409099999815226],[981715.709800000302494,1604871.61879999935627],[981741.230499999597669,1604899.727399999275804],[981761.138199999928474,1604914.193],[981773.552000000141561,1604914.301200000569224],[981800.374200000427663,1604908.467000000178814],[981851.494300000369549,1604908.385800000280142],[981868.971699999645352,1604915.113900000229478],[981890.235600000247359,1604928.931600000709295],[981910.191800000146031,1604927.850400000810623],[981916.761699999682605,1604776.372300000861287]]]]}},
{"type":"Feature","properties":{"รหัสกลุ่มคิว":"23/003","รหัสรับเหมา":"722635","ชื่อ-สกุล รับเหมา":"นาย พิชิต มณีศรี","นักเกษตร":"2303","ศูนย์":"K2-23","โควตา":"726080","ชาวไร่":"นางสาว มณี สัตย์สุขยิ่ง","ประเภทอ้อย":"ปลายฝน","พื้นที่":5.54,"ตันรวม":72.02,"รหัสแปลง":"320607121730","กลุ่ม":"กลุ่ม_23"},"geometry":{"type":"MultiPolygon","coordinates":[[[[986009.191399999894202,1603794.83500000089407],[986009.849000000394881,1603756.368000000715256],[986008.14919999986887,1603756.549799999222159],[986007.317499999888241,1603756.627699999138713],[986004.041500000283122,1603754.830299999564886],[986002.254200000315905,1603714.527899999171495],[985999.212899999693036,1603713.936699999496341],[985998.845599999651313,1603715.4627],[985900.634800000116229,1603705.842700000852346],[985900.475300000049174,1603706.970100000500679],[985900.949699999764562,1603710.439799999818206],[985899.158999999985099,1603723.650100000202656],[985899.368700000457466,1603732.000600000843406],[985898.901100000366569,1603770.050699999555945],[985897.959800000302494,1603784.757799999788404],[985898.408200000412762,1603784.217499999329448],[985919.997999999672174,1603786.370799999684095],[985922.486200000159442,1603787.76549999974668],[985924.337199999950826,1603790.1151],[985926.682799999602139,1603791.5603],[985929.226800000295043,1603791.713600000366569],[985930.654500000178814,1603792.006799999624491],[985934.05559999961406,1603794.423499999567866],[985936.256299999542534,1603797.845100000500679],[985937.529900000430644,1603798.337200000882149],[985940.266699999570847,1603798.521999999880791],[985948.24210000038147,1603797.461899999529123],[985952.305499999783933,1603796.927200000733137],[985964.689500000327826,1603796.028200000524521],[985967.258500000461936,1603796.012199999764562],[985971.179800000041723,1603796.159299999475479],[985974.03139999974519,1603796.721300000324845],[985998.341500000096858,1603796.113600000739098],[986005.894399999640882,1603795.426899999380112],[986009.119699999690056,1603794.9046],[986009.191399999894202,1603794.83500000089407]]]]}},
{"type":"Feature","properties":{"รหัสกลุ่มคิว":"23/003","รหัสรับเหมา":"722635","ชื่อ-สกุล รับเหมา":"นาย พิชิต มณีศรี","นักเกษตร":"2303","ศูนย์":"K2-23","โควตา":"722006","ชาวไร่":"นาย มัน บุตรดี","ประเภทอ้อย":"ตอ1","พื้นที่":10.07,"ตันรวม":90.63,"รหัสแปลง":"320607071976","กลุ่ม":"กลุ่ม_23"},"geometry":{"type":"MultiPolygon","coordinates":[[[[987982.023299999535084,1604781.8607],[988166.200600000098348,1604817.707000000402331],[988183.301199999637902,1604734.566299999132752],[987998.630599999800324,1604696.897399999201298],[987982.023299999535084,1604781.8607]]]]}},
{"type":"Feature","properties":{"รหัสกลุ่มคิว":"23/001","รหัสรับเหมา":"738889","ชื่อ-สกุล รับเหมา":"รถตัดโรงงานเบอร์ 09","นักเกษตร":"2304","ศูนย์":"K2-23","โควตา":"726157","ชาวไร่":"นาง พีรพร กระแสโสม","ประเภทอ้อย":"ปลายฝน","พื้นที่":4.16,"ตันรวม":54.08,"รหัสแปลง":"320607091715","กลุ่ม":"กลุ่ม_23"},"geometry":{"type":"MultiPolygon","coordinates":[[[[983210.012900000438094,1604060.150000000372529],[983265.139200000092387,1604035.743899999186397],[983243.906299999915063,1603975.576899999752641],[983219.996399999596179,1603986.563500000163913],[983197.651100000366569,1603939.97719999961555],[983195.149400000460446,1603939.268200000748038],[983153.491499999538064,1603954.941999999806285],[983195.992600000463426,1604036.651399999856949],[983210.012900000438094,1604060.150000000372529]]]]}},
{"type":"Feature","properties":{"รหัสกลุ่มคิว":"23/002","รหัสรับเหมา":"722399","ชื่อ-สกุล รับเหมา":"นาง มะลิ งามเลิศ","นักเกษตร":"2302","ศูนย์":"K2-23","โควตา":"727024","ชาวไร่":"นาย สมพร มั่นยืน","ประเภทอ้อย":"ตอ1","พื้นที่":6.89,"ตันรวม":62.01,"รหัสแปลง":"320601161665","กลุ่ม":"กลุ่ม_23"},"geometry":{"type":"MultiPolygon","coordinates":[[[[993050.973199999891222,1607690.509800000116229],[993084.677600000053644,1607885.611600000411272],[993141.381699999794364,1607876.089700000360608],[993107.900999999605119,1607704.98509999923408],[993099.661199999973178,1607678.380699999630451],[993050.973199999891222,1607690.509800000116229]]]]}},
{"type":"Feature","properties":{"รหัสกลุ่มคิว":"23/003","รหัสรับเหมา":"722635","ชื่อ-สกุล รับเหมา":"นาย พิชิต มณีศรี","นักเกษตร":"2303","ศูนย์":"K2-23","โควตา":"727205","ชาวไร่":"นาง สุเทียบ สุขอุ้ม","ประเภทอ้อย":"ปลายฝน","พื้นที่":5.06,"ตันรวม":65.78,"รหัสแปลง":"320607051645","กลุ่ม":"กลุ่ม_23"},"geometry":{"type":"MultiPolygon","coordinates":[[[[986543.044900000095367,1607653.945499999448657],[986377.247299999929965,1607661.905300000682473],[986393.711799999698997,1607703.170399999246001],[986530.291899999603629,1607713.009400000795722],[986547.729000000283122,1607712.413100000470877],[986543.044900000095367,1607653.945499999448657]]]]}},
{"type":"Feature","properties":{"รหัสกลุ่มคิว":"23/002","รหัสรับเหมา":"722399","ชื่อ-สกุล รับเหมา":"นาง มะลิ งามเลิศ","นักเกษตร":"2302","ศูนย์":"K2-23","โควตา":"722681","ชาวไร่":"นาง สวรรณ มะลิซ้อน","ประเภทอ้อย":"ปลายฝน","พื้นที่":3.65,"ตันรวม":47.45,"รหัสแปลง":"320601161669","กลุ่ม":"กลุ่ม_23"},"geometry":{"type":"MultiPolygon","coordinates":[[[[992300.035199999809265,1607126.613399999216199],[992327.249400000087917,1607127.4879],[992327.504300000146031,1607114.733300000429153],[992350.553100000135601,1607115.378799999132752],[992350.944600000046194,1607095.784800000488758],[992388.118599999696016,1607092.82909999974072],[992388.524100000038743,1607117.616900000721216],[992396.669200000353158,1607115.745500000193715],[992395.552600000053644,1607108.511199999600649],[992392.232099999673665,1607049.269500000402331],[992297.823699999600649,1607049.2325],[992299.974299999885261,1607121.949999999254942],[992300.035199999809265,1607126.613399999216199]]]]}},
{"type":"Feature","properties":{"รหัสกลุ่มคิว":"23/002","รหัสรับเหมา":"722399","ชื่อ-สกุล รับเหมา":"นาง มะลิ งามเลิศ","นักเกษตร":"2302","ศูนย์":"K2-23","โควตา":"720243","ชาวไร่":"นาย บุญช่วย บุตรลักษณ์","ประเภทอ้อย":"ตอ4","พื้นที่":2.19,"ตันรวม":15.33,"รหัสแปลง":"320607051647","กลุ่ม":"กลุ่ม_23"},"geometry":{"type":"MultiPolygon","coordinates":[[[[987722.052899999544024,1607695.862199999392033],[987719.599399999715388,1607646.340099999681115],[987688.713800000026822,1607647.2818],[987654.338399999774992,1607641.544299999251962],[987652.801400000229478,1607668.674799999222159],[987655.356700000353158,1607668.6754],[987656.104600000195205,1607701.380799999460578],[987722.052899999544024,1607695.862199999392033]]]]}},
{"type":"Feature","properties":{"รหัสกลุ่มคิว":"23/003","รหัสรับเหมา":"722635","ชื่อ-สกุล รับเหมา":"นาย พิชิต มณีศรี","นักเกษตร":"2303","ศูนย์":"K2-23","โควตา":"722351","ชาวไร่":"นาย ภาค สาทิพจันทร์","ประเภทอ้อย":"ปลายฝน","พื้นที่":13.01,"ตันรวม":169.13,"รหัสแปลง":"320607091717","กลุ่ม":"กลุ่ม_23"},"geometry":{"type":"MultiPolygon","coordinates":[[[[983639.816100000403821,1603666.6418999992311],[983738.829900000244379,1603604.207800000905991],[983624.201100000180304,1603453.141100000590086],[983537.363099999725819,1603515.902899999171495],[983639.816100000403821,1603666.6418999992311]]]]}},
{"type":"Feature","properties":{"รหัสกลุ่มคิว":"23/001","รหัสรับเหมา":"738889","ชื่อ-สกุล รับเหมา":"รถตัดโรงงานเบอร์ 09","นักเกษตร":"2304","ศูนย์":"K2-23","โควตา":"716062","ชาวไร่":"นาย พรชัย ชัยยะโคตร","ประเภทอ้อย":"ตอ1","พื้นที่":7.53,"ตันรวม":67.77,"รหัสแปลง":"320507121615","กลุ่ม":"กลุ่ม_23"},"geometry":{"type":"MultiPolygon","coordinates":[[[[982337.291299999691546,1609400.650100000202656],[982395.212000000290573,1609398.49970000050962],[982438.849100000225008,1609391.506300000473857],[982442.933100000023842,1609303.607799999415874],[982438.321000000461936,1609299.164100000634789],[982432.092699999921024,1609288.57149999961257],[982316.914599999785423,1609295.175300000235438],[982337.291299999691546,1609400.650100000202656]]]]}},
{"type":"Feature","properties":{"รหัสกลุ่มคิว":"23/001","รหัสรับเหมา":"738889","ชื่อ-สกุล รับเหมา":"รถตัดโรงงานเบอร์ 09","นักเกษตร":"2304","ศูนย์":"K2-23","โควตา":"726678","ชาวไร่":"นาง หอม สมนิยาม","ประเภทอ้อย":"ปลายฝน","พื้นที่":5.77,"ตันรวม":75.01,"รหัสแปลง":"320507061688","กลุ่ม":"กลุ่ม_23"},"geometry":{"type":"MultiPolygon","coordinates":[[[[978140.214499999769032,1610456.645199999213219],[978181.806800000369549,1610459.33],[978192.467899999581277,1610243.004300000146031],[978149.109000000171363,1610239.8969],[978140.214499999769032,1610456.645199999213219]]]]}},
{"type":"Feature","properties":{"รหัสกลุ่มคิว":"23/002","รหัสรับเหมา":"722399","ชื่อ-สกุล รับเหมา":"นาง มะลิ งามเลิศ","นักเกษตร":"2302","ศูนย์":"K2-23","โควตา":"727456","ชาวไร่":"นาย อุดม เปรียบยอดยิ่ง","ประเภทอ้อย":"ปลายฝน","พื้นที่":6.33,"ตันรวม":82.29,"รหัสแปลง":"320601161671","กลุ่ม":"กลุ่ม_23"},"geometry":{"type":"MultiPolygon","coordinates":[[[[991039.418200000189245,1607488.642200000584126],[991033.440600000321865,1607445.0669],[991027.020299999974668,1607432.734200000762939],[991009.04839999973774,1607421.465800000354648],[990987.437699999660254,1607411.973999999463558],[990976.128700000233948,1607409.899399999529123],[990907.58629999961704,1607422.9572],[990879.414599999785423,1607426.279200000688434],[990880.520600000396371,1607434.067800000309944],[990879.577600000426173,1607481.388399999588728],[991039.418200000189245,1607488.642200000584126]]]]}},
{"type":"Feature","properties":{"รหัสกลุ่มคิว":"23/001","รหัสรับเหมา":"738889","ชื่อ-สกุล รับเหมา":"รถตัดโรงงานเบอร์ 09","นักเกษตร":"2304","ศูนย์":"K2-23","โควตา":"726783","ชาวไร่":"นาย ธงไชย สัตย์สุขยิ่ง","ประเภทอ้อย":"ตอ1","พื้นที่":5.21,"ตันรวม":46.89,"รหัสแปลง":"320506131635","กลุ่ม":"กลุ่ม_23"},"geometry":{"type":"MultiPolygon","coordinates":[[[[986926.288599999621511,1615995.337400000542402],[986920.761300000362098,1615798.861600000411272],[986872.923200000077486,1615798.785199999809265],[986871.950799999758601,1615961.310699999332428],[986892.972699999809265,1615964.851600000634789],[986894.194199999794364,1615900.148700000718236],[986874.235799999907613,1615900.575799999758601],[986876.564699999988079,1615837.7522],[986895.377999999560416,1615837.445699999108911],[986896.00829999987036,1615804.055700000375509],[986900.574099999852479,1615804.254100000485778],[986900.423200000077486,1615842.479299999773502],[986916.658200000412762,1615841.137700000777841],[986918.704599999822676,1615865.031899999827147],[986899.979399999603629,1615866.555600000545382],[986898.760499999858439,1615994.2489],[986926.288599999621511,1615995.337400000542402]]]]}},
{"type":"Feature","properties":{"รหัสกลุ่มคิว":"23/003","รหัสรับเหมา":"722635","ชื่อ-สกุล รับเหมา":"นาย พิชิต มณีศรี","นักเกษตร":"2303","ศูนย์":"K2-23","โควตา":"727149","ชาวไร่":"นาย วีระ การะเกษ","ประเภทอ้อย":"ตอ2","พื้นที่":3.12,"ตันรวม":24.96,"รหัสแปลง":"320607141676","กลุ่ม":"กลุ่ม_23"},"geometry":{"type":"MultiPolygon","coordinates":[[[[985892.224899999797344,1606347.056199999526143],[985865.958800000138581,1606352.596000000834465],[985853.059899999760091,1606354.6184],[985848.462299999780953,1606355.674900000914931],[985854.609000000171363,1606365.143100000917912],[985856.860500000417233,1606376.723500000312924],[985852.397199999541044,1606403.8213],[985852.650999999605119,1606405.6414],[985861.872600000351667,1606422.368200000375509],[985858.469499999657273,1606492.193900000303984],[985856.88260000012815,1606498.835899999365211],[985857.136099999770522,1606499.407800000160933],[985862.77240000013262,1606500.823599999770522],[985881.308699999935925,1606503.8293999992311],[985884.983900000341237,1606504.60080000013113],[985888.709699999541044,1606505.377699999138713],[985892.224899999797344,1606347.056199999526143]]]]}},
{"type":"Feature","properties":{"รหัสกลุ่มคิว":"23/001","รหัสรับเหมา":"738889","ชื่อ-สกุล รับเหมา":"รถตัดโรงงานเบอร์ 09","นักเกษตร":"2304","ศูนย์":"K2-23","โควตา":"726569","ชาวไร่":"นาง อุไร พิมพ์ทอง","ประเภทอ้อย":"ปลายฝน","พื้นที่":4.5,"ตันรวม":58.5,"รหัสแปลง":"320607121743","กลุ่ม":"กลุ่ม_23"},"geometry":{"type":"MultiPolygon","coordinates":[[[[987118.111600000411272,1605203.329500000923872],[987302.037499999627471,1605238.605900000780821],[987309.647499999962747,1605201.7434],[987126.759700000286102,1605164.897700000554323],[987118.111600000411272,1605203.329500000923872]]]]}},
{"type":"Feature","properties":{"รหัสกลุ่มคิว":"23/001","รหัสรับเหมา":"738889","ชื่อ-สกุล รับเหมา":"รถตัดโรงงานเบอร์ 09","นักเกษตร":"2304","ศูนย์":"K2-23","โควตา":"726224","ชาวไร่":"นาย ปาน แยกมุม","ประเภทอ้อย":"ตอ2","พื้นที่":5.15,"ตันรวม":41.2,"รหัสแปลง":"320607061702","กลุ่ม":"กลุ่ม_23"},"geometry":{"type":"MultiPolygon","coordinates":[[[[982978.461799999698997,1606827.323300000280142],[982979.976800000295043,1606828.061899999156594],[982983.703099999576807,1606825.997199999168515],[983147.564199999906123,1606724.450300000607967],[983157.536700000055134,1606718.432],[983161.775799999944866,1606714.139599999412894],[983160.13289999961853,1606709.614299999549985],[983149.581500000320375,1606710.261700000613928],[983141.126199999824166,1606704.3881],[983127.048799999989569,1606689.4868],[983113.979100000113249,1606696.184399999678135],[983107.013700000010431,1606700.879300000146031],[983100.986200000159442,1606703.7665],[982966.893699999898672,1606789.121799999848008],[982978.461799999698997,1606827.323300000280142]]]]}},
{"type":"Feature","properties":{"รหัสกลุ่มคิว":"23/003","รหัสรับเหมา":"722635","ชื่อ-สกุล รับเหมา":"นาย พิชิต มณีศรี","นักเกษตร":"2303","ศูนย์":"K2-23","โควตา":"722434","ชาวไร่":"นาง บัวพา มณีศรี","ประเภทอ้อย":"ปลายฝน","พื้นที่":10.34,"ตันรวม":134.42,"รหัสแปลง":"320607141679","กลุ่ม":"กลุ่ม_23"},"geometry":{"type":"MultiPolygon","coordinates":[[[[985789.750300000421703,1606511.72690000012517],[985794.427799999713898,1606490.8728],[985791.253100000321865,1606488.236400000751019],[985776.8125,1606484.4070999994874],[985288.580099999904633,1606432.037000000476837],[985281.180900000035763,1606482.560399999842048],[985472.503399999812245,1606501.323999999091029],[985475.8284,1606470.314099999144673],[985789.750300000421703,1606511.72690000012517]]]]}},
{"type":"Feature","properties":{"รหัสกลุ่มคิว":"23/001","รหัสรับเหมา":"738889","ชื่อ-สกุล รับเหมา":"รถตัดโรงงานเบอร์ 09","นักเกษตร":"2304","ศูนย์":"K2-23","โควตา":"727044","ชาวไร่":"นาย วราวุฒิ บุญเลื่อน","ประเภทอ้อย":"ตอ1","พื้นที่":3.69,"ตันรวม":33.21,"รหัสแปลง":"320507081734","กลุ่ม":"กลุ่ม_23"},"geometry":{"type":"MultiPolygon","coordinates":[[[[978922.499900000169873,1613732.320699999108911],[978756.9364,1613738.69620000012219],[978752.956000000238419,1613770.798499999567866],[978879.377700000070035,1613769.759400000795722],[978934.975999999791384,1613764.241900000721216],[978922.499900000169873,1613732.320699999108911]]]]}},
{"type":"Feature","properties":{"รหัสกลุ่มคิว":"23/001","รหัสรับเหมา":"738889","ชื่อ-สกุล รับเหมา":"รถตัดโรงงานเบอร์ 09","นักเกษตร":"2304","ศูนย์":"K2-23","โควตา":"727232","ชาวไร่":"นาย ไพศาล แกล้วกล้า","ประเภทอ้อย":"ตอ1","พื้นที่":6.17,"ตันรวม":55.53,"รหัสแปลง":"320507081736","กลุ่ม":"กลุ่ม_23"},"geometry":{"type":"MultiPolygon","coordinates":[[[[981460.189899999648333,1613235.24239999987185],[981444.190899999812245,1613160.593900000676513],[981312.228900000452995,1613212.442099999636412],[981300.469899999909103,1613272.005200000479817],[981460.189899999648333,1613235.24239999987185]]]]}},
{"type":"Feature","properties":{"รหัสกลุ่มคิว":"23/003","รหัสรับเหมา":"722635","ชื่อ-สกุล รับเหมา":"นาย พิชิต มณีศรี","นักเกษตร":"2303","ศูนย์":"K2-23","โควตา":"727409","ชาวไร่":"นางสาว ธิดารัตน์ เมินดี","ประเภทอ้อย":"ปลายฝน","พื้นที่":19.31,"ตันรวม":251.03,"รหัสแปลง":"320601111660","กลุ่ม":"กลุ่ม_23"},"geometry":{"type":"MultiPolygon","coordinates":[[[[993414.120500000193715,1607870.066999999806285],[993528.598600000143051,1607893.442199999466538],[993544.752600000239909,1607842.541500000283122],[993589.598600000143051,1607852.316600000485778],[993630.608300000429153,1607693.917300000786781],[993506.541000000201166,1607663.507500000298023],[993485.59389999974519,1607692.86089999973774],[993468.252399999648333,1607722.101500000804663],[993414.120500000193715,1607870.066999999806285]]]]}},
{"type":"Feature","properties":{"รหัสกลุ่มคิว":"23/001","รหัสรับเหมา":"738889","ชื่อ-สกุล รับเหมา":"รถตัดโรงงานเบอร์ 09","นักเกษตร":"2304","ศูนย์":"K2-23","โควตา":"726399","ชาวไร่":"นาง เปรม ทิ้งรัมย์","ประเภทอ้อย":"ปลายฝน","พื้นที่":12.66,"ตันรวม":164.58,"รหัสแปลง":"320607091720","กลุ่ม":"กลุ่ม_23"},"geometry":{"type":"MultiPolygon","coordinates":[[[[983308.154900000430644,1604469.551999999210238],[983381.016099999658763,1604582.9956],[983376.888899999670684,1604585.971200000494719],[983406.712600000202656,1604641.54079999960959],[983340.734000000171363,1604682.726500000804663],[983363.117999999783933,1604713.85219999961555],[983371.913900000043213,1604713.527499999850988],[983474.697999999858439,1604642.388900000602007],[983350.486399999819696,1604415.587500000372529],[983262.253299999982119,1604436.989800000563264],[983262.192599999718368,1604437.443399999290705],[983278.589800000190735,1604475.558499999344349],[983308.154900000430644,1604469.551999999210238]]]]}},
{"type":"Feature","properties":{"รหัสกลุ่มคิว":"23/003","รหัสรับเหมา":"722635","ชื่อ-สกุล รับเหมา":"นาย พิชิต มณีศรี","นักเกษตร":"2303","ศูนย์":"K2-23","โควตา":"727473","ชาวไร่":"นาย สมพงษ์ สืบมา","ประเภทอ้อย":"ปลายฝน","พื้นที่":8.34,"ตันรวม":108.42,"รหัสแปลง":"320607101717","กลุ่ม":"กลุ่ม_23"},"geometry":{"type":"MultiPolygon","coordinates":[[[[985849.386500000022352,1603856.837600000202656],[985760.24100000038743,1603855.026000000536442],[985768.539099999703467,1603895.970000000670552],[985774.357599999755621,1603896.730100000277162],[985783.533800000324845,1603915.676799999549985],[985781.293100000359118,1603940.7138],[985856.09360000025481,1603941.103900000452995],[985913.643699999898672,1603941.878100000321865],[985917.812599999830127,1603897.859899999573827],[985939.889600000344217,1603893.710200000554323],[985939.875300000421703,1603850.217599999159575],[985849.386500000022352,1603856.837600000202656]]]]}},
{"type":"Feature","properties":{"รหัสกลุ่มคิว":"23/001","รหัสรับเหมา":"738889","ชื่อ-สกุล รับเหมา":"รถตัดโรงงานเบอร์ 09","นักเกษตร":"2304","ศูนย์":"K2-23","โควตา":"727400","ชาวไร่":"นาง ดาราธร บูรณ์เจริญ","ประเภทอ้อย":"ตอ1","พื้นที่":11.94,"ตันรวม":107.46,"รหัสแปลง":"320607071995","กลุ่ม":"กลุ่ม_23"},"geometry":{"type":"MultiPolygon","coordinates":[[[[995420.170699999667704,1608807.989700000733137],[995466.292899999767542,1608807.9934],[995466.653099999763072,1608808.000700000673532],[995466.833200000226498,1608808.004300000146031],[995432.288099999539554,1608384.927899999544024],[995388.749699999578297,1608381.832699999213219],[995420.170699999667704,1608807.989700000733137]]]]}},
{"type":"Feature","properties":{"รหัสกลุ่มคิว":"23/001","รหัสรับเหมา":"738889","ชื่อ-สกุล รับเหมา":"รถตัดโรงงานเบอร์ 09","นักเกษตร":"2304","ศูนย์":"K2-23","โควตา":"722170","ชาวไร่":"นาย แวง บุตรงาม","ประเภทอ้อย":"ตอ1","พื้นที่":9.42,"ตันรวม":84.78,"รหัสแปลง":"320607051649","กลุ่ม":"กลุ่ม_23"},"geometry":{"type":"MultiPolygon","coordinates":[[[[988275.504800000227988,1607125.692800000309944],[988414.64159999974072,1607146.021299999207258],[988421.583599999547005,1607116.786499999463558],[988499.723299999721348,1607131.107899999246001],[988523.279900000430644,1607092.054099999368191],[988493.301799999549985,1607084.737400000914931],[988254.097699999809265,1607061.261700000613928],[988240.892699999734759,1607120.0132],[988275.504800000227988,1607125.692800000309944]]]]}},
{"type":"Feature","properties":{"รหัสกลุ่มคิว":"23/002","รหัสรับเหมา":"722399","ชื่อ-สกุล รับเหมา":"นาง มะลิ งามเลิศ","นักเกษตร":"2302","ศูนย์":"K2-23","โควตา":"726309","ชาวไร่":"นางสาว สมจิตร ดีมาก","ประเภทอ้อย":"ปลายฝน","พื้นที่":4.93,"ตันรวม":64.09,"รหัสแปลง":"320607081659","กลุ่ม":"กลุ่ม_23"},"geometry":{"type":"MultiPolygon","coordinates":[[[[988856.106499999761581,1609363.708599999547005],[988858.645999999716878,1609371.895300000905991],[988868.96239999961108,1609441.998099999502301],[988928.283599999733269,1609439.293700000271201],[988908.374900000169873,1609298.917400000616908],[988865.601800000295043,1609302.87529999949038],[988856.106499999761581,1609363.708599999547005]]]]}},
{"type":"Feature","properties":{"รหัสกลุ่มคิว":"23/002","รหัสรับเหมา":"722399","ชื่อ-สกุล รับเหมา":"นาง มะลิ งามเลิศ","นักเกษตร":"2302","ศูนย์":"K2-23","โควตา":"722991","ชาวไร่":"นาย บุตรดี บุญจันทร์","ประเภทอ้อย":"ปลายฝน","พื้นที่":11.16,"ตันรวม":145.08,"รหัสแปลง":"320607071998","กลุ่ม":"กลุ่ม_23"},"geometry":{"type":"MultiPolygon","coordinates":[[[[987211.792999999597669,1605828.3322],[987365.285600000061095,1605856.143300000578165],[987370.397699999623001,1605852.731000000610948],[987388.610500000417233,1605769.88120000064373],[987245.411999999545515,1605740.794299999251962],[987240.8125,1605700.02309999987483],[987193.891200000420213,1605694.8432],[987211.792999999597669,1605828.3322]]]]}},
{"type":"Feature","properties":{"รหัสกลุ่มคิว":"23/002","รหัสรับเหมา":"722399","ชื่อ-สกุล รับเหมา":"นาง มะลิ งามเลิศ","นักเกษตร":"2302","ศูนย์":"K2-23","โควตา":"722399","ชาวไร่":"นาง มะลิ งามเลิศ","ประเภทอ้อย":"ปลายฝน","พื้นที่":15.99,"ตันรวม":207.87,"รหัสแปลง":"321403081682","กลุ่ม":"กลุ่ม_23"},"geometry":{"type":"MultiPolygon","coordinates":[[[[967509.653300000354648,1604456.130799999460578],[967440.833800000138581,1604458.884600000455976],[967458.052699999883771,1604800.55460000038147],[967539.347099999897182,1604792.865399999544024],[967509.653300000354648,1604456.130799999460578]]]]}},
{"type":"Feature","properties":{"รหัสกลุ่มคิว":"23/002","รหัสรับเหมา":"722399","ชื่อ-สกุล รับเหมา":"นาง มะลิ งามเลิศ","นักเกษตร":"2302","ศูนย์":"K2-23","โควตา":"722399","ชาวไร่":"นาง มะลิ งามเลิศ","ประเภทอ้อย":"ปลายฝน","พื้นที่":7.53,"ตันรวม":97.89,"รหัสแปลง":"321403081683","กลุ่ม":"กลุ่ม_23"},"geometry":{"type":"MultiPolygon","coordinates":[[[[967534.625500000081956,1604937.031199999153614],[967544.328999999910593,1604900.242200000211596],[967546.425800000317395,1604875.1404],[967546.94550000037998,1604857.218399999663234],[967546.49349999986589,1604833.5472],[967548.279199999757111,1604805.851299999281764],[967543.970300000160933,1604795.602099999785423],[967463.589200000278652,1604797.961200000718236],[967453.580699999816716,1604936.419800000265241],[967534.625500000081956,1604937.031199999153614]]]]}},
{"type":"Feature","properties":{"รหัสกลุ่มคิว":"23/001","รหัสรับเหมา":"738889","ชื่อ-สกุล รับเหมา":"รถตัดโรงงานเบอร์ 09","นักเกษตร":"2304","ศูนย์":"K2-23","โควตา":"727236","ชาวไร่":"นาย สมยศ สมชื่อ","ประเภทอ้อย":"ปลายฝน","พื้นที่":11.16,"ตันรวม":145.08,"รหัสแปลง":"320601061705","กลุ่ม":"กลุ่ม_23"},"geometry":{"type":"MultiPolygon","coordinates":[[[[994064.475399999879301,1608240.753599999472499],[993943.013799999840558,1608206.324400000274181],[993882.382299999706447,1608345.837400000542402],[993883.977099999785423,1608347.163899999111891],[994019.79839999973774,1608357.285800000652671],[994064.475399999879301,1608240.753599999472499]]]]}},
{"type":"Feature","properties":{"รหัสกลุ่มคิว":"23/001","รหัสรับเหมา":"738889","ชื่อ-สกุล รับเหมา":"รถตัดโรงงานเบอร์ 09","นักเกษตร":"2304","ศูนย์":"K2-23","โควตา":"726678","ชาวไร่":"นาง หอม สมนิยาม","ประเภทอ้อย":"ปลายฝน","พื้นที่":5.63,"ตันรวม":73.19,"รหัสแปลง":"320507061714","กลุ่ม":"กลุ่ม_23"},"geometry":{"type":"MultiPolygon","coordinates":[[[[978145.567900000140071,1610241.942500000819564],[978103.824799999594688,1610239.990399999544024],[978103.115199999883771,1610295.048499999567866],[978101.469499999657273,1610324.939799999818206],[978096.758899999782443,1610460.587999999523163],[978138.194799999706447,1610457.922700000926852],[978145.567900000140071,1610241.942500000819564]]]]}},
{"type":"Feature","properties":{"รหัสกลุ่มคิว":"23/003","รหัสรับเหมา":"722635","ชื่อ-สกุล รับเหมา":"นาย พิชิต มณีศรี","นักเกษตร":"2303","ศูนย์":"K2-23","โควตา":"720225","ชาวไร่":"นาย ทองเย็น ใจกล้า","ประเภทอ้อย":"ปลายฝน","พื้นที่":14.5,"ตันรวม":188.5,"รหัสแปลง":"320601111669","กลุ่ม":"กลุ่ม_23"},"geometry":{"type":"MultiPolygon","coordinates":[[[[992434.44440000038594,1605796.9353],[992413.927600000053644,1605862.508600000292063],[992400.603900000452995,1605859.668500000610948],[992394.278699999675155,1605885.864800000563264],[992388.315899999812245,1605893.910800000652671],[992378.322999999858439,1605890.039799999445677],[992379.962600000202656,1605886.000600000843406],[992355.596400000154972,1605878.522900000214577],[992346.797500000335276,1605887.35329999960959],[992406.103199999779463,1605961.998700000345707],[992620.988099999725819,1605767.138299999758601],[992620.034799999557436,1605758.900900000706315],[992581.009499999694526,1605707.222400000318885],[992480.122999999672174,1605797.248700000345707],[992433.332600000314415,1605785.403899999335408],[992434.44440000038594,1605796.9353]]]]}},
{"type":"Feature","properties":{"รหัสกลุ่มคิว":"23/001","รหัสรับเหมา":"738889","ชื่อ-สกุล รับเหมา":"รถตัดโรงงานเบอร์ 09","นักเกษตร":"2304","ศูนย์":"K2-23","โควตา":"726303","ชาวไร่":"นาย เฮย สินโสด","ประเภทอ้อย":"ปลายฝน","พื้นที่":14.62,"ตันรวม":190.06,"รหัสแปลง":"320607091724","กลุ่ม":"กลุ่ม_23"},"geometry":{"type":"MultiPolygon","coordinates":[[[[982113.981399999931455,1603284.652599999681115],[982114.893400000408292,1603282.029500000178814],[982122.443099999800324,1603234.120799999684095],[982124.369099999777973,1603214.36600000038743],[982124.885099999606609,1603203.250099999830127],[982125.441700000315905,1603197.481799999251962],[982126.142400000244379,1603195.003399999812245],[982125.945000000298023,1603188.406700000166893],[982127.896300000138581,1603172.460200000554323],[982130.065499999560416,1603164.384700000286102],[982119.040300000458956,1603163.341900000348687],[982074.410899999551475,1603161.648],[982050.96860000025481,1603159.846799999475479],[982039.539099999703467,1603161.413799999281764],[982020.986999999731779,1603161.619000000879169],[982020.425300000235438,1603163.007500000298023],[982012.569600000046194,1603207.102399999275804],[982001.955699999816716,1603280.174100000411272],[981996.248700000345707,1603301.45920000039041],[981983.200699999928474,1603376.682600000873208],[981982.021300000138581,1603383.721899999305606],[982017.674300000071526,1603388.481300000101328],[982053.016900000162423,1603396.149800000712276],[982061.9046,1603385.067099999636412],[982065.361399999819696,1603372.762599999085069],[982066.152499999850988,1603364.265000000596046],[982067.526200000196695,1603361.199899999424815],[982071.067400000058115,1603340.858300000429153],[982074.431599999777973,1603316.124099999666214],[982075.526300000026822,1603315.7456],[982094.849200000055134,1603319.223899999633431],[982106.393699999898672,1603321.973899999633431],[982113.981399999931455,1603284.652599999681115]]]]}},
{"type":"Feature","properties":{"รหัสกลุ่มคิว":"23/001","รหัสรับเหมา":"738889","ชื่อ-สกุล รับเหมา":"รถตัดโรงงานเบอร์ 09","นักเกษตร":"2304","ศูนย์":"K2-23","โควตา":"720252","ชาวไร่":"นาย พิทักษ์ ขอจงดี","ประเภทอ้อย":"ตอ1","พื้นที่":17.68,"ตันรวม":159.12,"รหัสแปลง":"320607091727","กลุ่ม":"กลุ่ม_23"},"geometry":{"type":"MultiPolygon","coordinates":[[[[982398.604299999773502,1604609.166400000452995],[982394.348399999551475,1604783.195699999108911],[982498.36780000012368,1604785.819499999284744],[982498.027700000442564,1604725.150100000202656],[982617.143000000156462,1604717.22859999909997],[982609.225499999709427,1604643.070499999448657],[982607.966199999675155,1604636.159800000488758],[982602.196100000292063,1604632.060900000855327],[982599.129999999888241,1604631.475099999457598],[982575.149100000038743,1604627.46059999987483],[982497.866499999538064,1604622.100999999791384],[982468.723600000143051,1604613.458200000226498],[982451.787499999627471,1604611.596100000664592],[982398.604299999773502,1604609.166400000452995]]]]}},
{"type":"Feature","properties":{"รหัสกลุ่มคิว":"23/001","รหัสรับเหมา":"738889","ชื่อ-สกุล รับเหมา":"รถตัดโรงงานเบอร์ 09","นักเกษตร":"2304","ศูนย์":"K2-23","โควตา":"726305","ชาวไร่":"นาง เฮียง มะหันต์","ประเภทอ้อย":"ปลายฝน","พื้นที่":6.31,"ตันรวม":82.03,"รหัสแปลง":"320607091730","กลุ่ม":"กลุ่ม_23"},"geometry":{"type":"MultiPolygon","coordinates":[[[[983803.996500000357628,1603077.909399999305606],[983836.995500000193715,1603051.212099999189377],[983837.288800000213087,1603048.725700000301003],[983814.581899999640882,1603004.720000000670552],[983777.416500000283122,1602945.720200000330806],[983759.06900000013411,1602908.597500000149012],[983754.6546,1602902.657400000840425],[983752.673999999649823,1602897.369300000369549],[983747.040000000037253,1602891.237999999895692],[983746.029500000178814,1602889.163100000470877],[983714.746899999678135,1602909.6546],[983694.728099999949336,1602925.49860000051558],[983803.996500000357628,1603077.909399999305606]]]]}},
{"type":"Feature","properties":{"รหัสกลุ่มคิว":"23/001","รหัสรับเหมา":"738889","ชื่อ-สกุล รับเหมา":"รถตัดโรงงานเบอร์ 09","นักเกษตร":"2304","ศูนย์":"K2-23","โควตา":"727278","ชาวไร่":"นาย ธวัชร์ จบศรี","ประเภทอ้อย":"ปลายฝน","พื้นที่":5.7,"ตันรวม":74.1,"รหัสแปลง":"320507041721","กลุ่ม":"กลุ่ม_23"},"geometry":{"type":"MultiPolygon","coordinates":[[[[982481.452200000174344,1610555.845599999651313],[982377.558100000023842,1610535.686599999666214],[982377.227900000289083,1610580.056099999696016],[982422.677299999631941,1610650.470300000160933],[982481.900600000284612,1610643.1272],[982481.452200000174344,1610555.845599999651313]]]]}},
{"type":"Feature","properties":{"รหัสกลุ่มคิว":"23/001","รหัสรับเหมา":"738889","ชื่อ-สกุล รับเหมา":"รถตัดโรงงานเบอร์ 09","นักเกษตร":"2304","ศูนย์":"K2-23","โควตา":"726316","ชาวไร่":"นาย ยุทธนา เปรียบยอดยิ่ง","ประเภทอ้อย":"ปลายฝน","พื้นที่":9.96,"ตันรวม":129.48,"รหัสแปลง":"320507041726","กลุ่ม":"กลุ่ม_23"},"geometry":{"type":"MultiPolygon","coordinates":[[[[985168.307799999602139,1612118.300799999386072],[985162.283300000242889,1612080.032299999147654],[984967.662100000306964,1612127.281400000676513],[984982.230999999679625,1612183.040899999439716],[985216.123999999836087,1612159.555099999532104],[985213.433199999853969,1612149.886800000444055],[985216.438099999912083,1612143.659399999305606],[985202.899600000120699,1612109.30599999986589],[985168.307799999602139,1612118.300799999386072]]]]}},
{"type":"Feature","properties":{"รหัสกลุ่มคิว":"23/001","รหัสรับเหมา":"738889","ชื่อ-สกุล รับเหมา":"รถตัดโรงงานเบอร์ 09","นักเกษตร":"2304","ศูนย์":"K2-23","โควตา":"727438","ชาวไร่":"นาย สุรศักดิ์ สุขสบาย","ประเภทอ้อย":"ตอ1","พื้นที่":8.11,"ตันรวม":72.99,"รหัสแปลง":"320607101723","กลุ่ม":"กลุ่ม_23"},"geometry":{"type":"MultiPolygon","coordinates":[[[[982338.393600000068545,1604519.626599999144673],[982321.459800000302494,1604591.877499999478459],[982387.163599999621511,1604606.435599999502301],[982493.179700000211596,1604616.773],[982497.31940000038594,1604540.108300000429153],[982338.393600000068545,1604519.626599999144673]]]]}},
{"type":"Feature","properties":{"รหัสกลุ่มคิว":"23/002","รหัสรับเหมา":"722399","ชื่อ-สกุล รับเหมา":"นาง มะลิ งามเลิศ","นักเกษตร":"2302","ศูนย์":"K2-23","โควตา":"726464","ชาวไร่":"นาย ไสว นามเวท","ประเภทอ้อย":"ปลายฝน","พื้นที่":10.08,"ตันรวม":131.04,"รหัสแปลง":"320601071877","กลุ่ม":"กลุ่ม_23"},"geometry":{"type":"MultiPolygon","coordinates":[[[[991536.098799999803305,1605791.729599999263883],[991553.480700000189245,1605796.51410000026226],[991598.343700000084937,1605679.059100000187755],[991607.619300000369549,1605638.561499999836087],[991613.711900000460446,1605595.041600000113249],[991612.591099999845028,1605587.9923],[991612.268199999816716,1605577.0756],[991614.892799999564886,1605571.950099999085069],[991618.609199999831617,1605566.291600000113249],[991621.892500000074506,1605546.2007],[991624.558100000023842,1605529.980799999088049],[991621.89130000025034,1605492.018899999558926],[991622.082899999804795,1605482.406899999827147],[991627.056300000287592,1605476.958399999886751],[991620.503700000233948,1605453.1579],[991608.245299999602139,1605453.468399999663234],[991602.489199999719858,1605452.983799999579787],[991595.810800000093877,1605444.52930000051856],[991577.057500000111759,1605445.265100000426173],[991570.716799999587238,1605446.987999999895692],[991561.733500000089407,1605445.699400000274181],[991558.605399999767542,1605448.965700000524521],[991561.325000000186265,1605457.156400000676513],[991567.931800000369549,1605505.36739999987185],[991568.824599999934435,1605514.816099999472499],[991570.922899999655783,1605527.062699999660254],[991536.098799999803305,1605791.729599999263883]]]]}},
{"type":"Feature","properties":{"รหัสกลุ่มคิว":"23/001","รหัสรับเหมา":"738889","ชื่อ-สกุล รับเหมา":"รถตัดโรงงานเบอร์ 09","นักเกษตร":"2304","ศูนย์":"K2-23","โควตา":"727291","ชาวไร่":"นาง ปอม ทรงวาจา","ประเภทอ้อย":"ปลายฝน","พื้นที่":4.29,"ตันรวม":55.77,"รหัสแปลง":"320601101619","กลุ่ม":"กลุ่ม_23"},"geometry":{"type":"MultiPolygon","coordinates":[[[[992516.312300000339746,1605490.882200000807643],[992586.968500000424683,1605427.407299999147654],[992539.693500000052154,1605377.318600000813603],[992465.908300000242889,1605438.0483],[992506.797899999655783,1605485.991100000217557],[992511.85219999961555,1605485.439600000157952],[992516.312300000339746,1605490.882200000807643]]]]}},
{"type":"Feature","properties":{"รหัสกลุ่มคิว":"23/001","รหัสรับเหมา":"738889","ชื่อ-สกุล รับเหมา":"รถตัดโรงงานเบอร์ 09","นักเกษตร":"2304","ศูนย์":"K2-23","โควตา":"722173","ชาวไร่":"นาง สุภาพร สุขหอม","ประเภทอ้อย":"ปลายฝน","พื้นที่":4.64,"ตันรวม":60.32,"รหัสแปลง":"320601061716","กลุ่ม":"กลุ่ม_23"},"geometry":{"type":"MultiPolygon","coordinates":[[[[993780.627999999560416,1608631.357100000604987],[993776.634300000034273,1608623.879899999126792],[993774.68030000012368,1608595.54700000025332],[993736.581199999898672,1608599.775800000876188],[993771.287499999627471,1608764.686599999666214],[993772.184299999848008,1608764.889499999582767],[993820.065600000321865,1608766.959599999710917],[993819.735100000165403,1608765.473600000143051],[993812.892900000326335,1608738.33699999935925],[993805.603099999949336,1608706.568399999290705],[993799.620500000193715,1608681.483300000429153],[993793.810499999672174,1608656.771500000730157],[993787.176400000229478,1608637.221100000664592],[993785.607499999925494,1608634.600700000301003],[993784.725599999539554,1608633.658399999141693],[993779.937300000339746,1608629.863800000399351],[993780.627999999560416,1608631.357100000604987]]]]}},
{"type":"Feature","properties":{"รหัสกลุ่มคิว":"23/003","รหัสรับเหมา":"722635","ชื่อ-สกุล รับเหมา":"นาย พิชิต มณีศรี","นักเกษตร":"2303","ศูนย์":"K2-23","โควตา":"727290","ชาวไร่":"นาง สะอาด มณีศรี","ประเภทอ้อย":"ปลายฝน","พื้นที่":6.58,"ตันรวม":85.54,"รหัสแปลง":"320607121756","กลุ่ม":"กลุ่ม_23"},"geometry":{"type":"MultiPolygon","coordinates":[[[[985866.267300000414252,1604743.67710000090301],[985862.257100000046194,1604684.245300000533462],[985721.091500000096858,1604705.820900000631809],[985688.716500000096858,1604760.39159999974072],[985677.149400000460446,1604780.721799999475479],[985866.267300000414252,1604743.67710000090301]]]]}},
{"type":"Feature","properties":{"รหัสกลุ่มคิว":"23/002","รหัสรับเหมา":"722399","ชื่อ-สกุล รับเหมา":"นาง มะลิ งามเลิศ","นักเกษตร":"2302","ศูนย์":"K2-23","โควตา":"727208","ชาวไร่":"นาง ละมุน บุญเจียม","ประเภทอ้อย":"ตอ1","พื้นที่":2.8,"ตันรวม":25.2,"รหัสแปลง":"320607131657","กลุ่ม":"กลุ่ม_23"},"geometry":{"type":"MultiPolygon","coordinates":[[[[988904.895999999716878,1610262.440400000661612],[989110.276200000196695,1610197.921],[989109.350300000049174,1610181.075300000607967],[988941.6261,1610227.112199999392033],[988928.977300000376999,1610229.079700000584126],[988897.818300000391901,1610237.890799999237061],[988904.895999999716878,1610262.440400000661612]]]]}},
{"type":"Feature","properties":{"รหัสกลุ่มคิว":"23/002","รหัสรับเหมา":"722399","ชื่อ-สกุล รับเหมา":"นาง มะลิ งามเลิศ","นักเกษตร":"2302","ศูนย์":"K2-23","โควตา":"726871","ชาวไร่":"นางสาว สุพิศ ภาสดา","ประเภทอ้อย":"ตอ1","พื้นที่":9.49,"ตันรวม":85.41,"รหัสแปลง":"320601071879","กลุ่ม":"กลุ่ม_23"},"geometry":{"type":"MultiPolygon","coordinates":[[[[991541.350200000219047,1605736.1732],[991558.806200000457466,1605565.4695999994874],[991560.057900000363588,1605520.74379999935627],[991520.422399999573827,1605538.630899999290705],[991478.284300000406802,1605546.4825],[991481.04700000025332,1605579.638299999758601],[991482.71030000038445,1605622.75789999961853],[991485.33629999961704,1605671.814099999144673],[991485.703499999828637,1605680.512700000777841],[991480.674200000241399,1605788.221000000834465],[991505.642599999904633,1605792.0472],[991515.139399999752641,1605731.397600000724196],[991541.350200000219047,1605736.1732]]]]}},
{"type":"Feature","properties":{"รหัสกลุ่มคิว":"23/001","รหัสรับเหมา":"738889","ชื่อ-สกุล รับเหมา":"รถตัดโรงงานเบอร์ 09","นักเกษตร":"2304","ศูนย์":"K2-23","โควตา":"720388","ชาวไร่":"นาง บวน พวงจันทร์","ประเภทอ้อย":"ปลายฝน","พื้นที่":7.12,"ตันรวม":92.56,"รหัสแปลง":"320607072014","กลุ่ม":"กลุ่ม_23"},"geometry":{"type":"MultiPolygon","coordinates":[[[[987710.132399999536574,1604123.8706],[987904.076200000010431,1604147.6732],[987889.664300000295043,1604211.367799999192357],[987889.491499999538064,1604210.994599999859929],[987704.739900000393391,1604177.943099999800324],[987704.761800000444055,1604176.834000000730157],[987704.780100000090897,1604175.909800000488758],[987704.621899999678135,1604174.7972],[987711.422399999573827,1604122.416799999773502],[987710.146999999880791,1604123.131300000473857],[987710.132399999536574,1604123.8706]]]]}},
{"type":"Feature","properties":{"รหัสกลุ่มคิว":"23/001","รหัสรับเหมา":"738889","ชื่อ-สกุล รับเหมา":"รถตัดโรงงานเบอร์ 09","นักเกษตร":"2304","ศูนย์":"K2-23","โควตา":"722723","ชาวไร่":"นาย อั้น เรือเสาร์","ประเภทอ้อย":"ตอ1","พื้นที่":5.01,"ตันรวม":45.09,"รหัสแปลง":"320601071880","กลุ่ม":"กลุ่ม_23"},"geometry":{"type":"MultiPolygon","coordinates":[[[[991116.162800000049174,1605924.6418999992311],[991105.953499999828637,1605876.35950000025332],[991037.679100000299513,1605884.800699999555945],[990932.127299999818206,1605883.253900000825524],[990928.646499999798834,1605886.143300000578165],[990947.729000000283122,1605932.198200000450015],[991116.162800000049174,1605924.6418999992311]]]]}},
{"type":"Feature","properties":{"รหัสกลุ่มคิว":"23/003","รหัสรับเหมา":"722635","ชื่อ-สกุล รับเหมา":"นาย พิชิต มณีศรี","นักเกษตร":"2303","ศูนย์":"K2-23","โควตา":"722435","ชาวไร่":"นาง สำรวย มาประโคน","ประเภทอ้อย":"ตอ1","พื้นที่":12.02,"ตันรวม":108.18,"รหัสแปลง":"320607121757","กลุ่ม":"กลุ่ม_23"},"geometry":{"type":"MultiPolygon","coordinates":[[[[985532.101099999621511,1607263.809100000187755],[985315.504700000397861,1607269.715099999681115],[985319.757399999536574,1607347.441600000485778],[985576.885700000450015,1607348.136099999770522],[985571.258600000292063,1607303.823999999091029],[985536.716699999757111,1607308.390799999237061],[985532.101099999621511,1607263.809100000187755]]]]}},
{"type":"Feature","properties":{"รหัสกลุ่มคิว":"23/002","รหัสรับเหมา":"722399","ชื่อ-สกุล รับเหมา":"นาง มะลิ งามเลิศ","นักเกษตร":"2302","ศูนย์":"K2-23","โควตา":"727024","ชาวไร่":"นาย สมพร มั่นยืน","ประเภทอ้อย":"ตอ1","พื้นที่":6.19,"ตันรวม":55.71,"รหัสแปลง":"320601111672","กลุ่ม":"กลุ่ม_23"},"geometry":{"type":"MultiPolygon","coordinates":[[[[993001.214700000360608,1607692.517400000244379],[993038.752299999818206,1607892.601099999621511],[993087.35259999986738,1607884.130699999630451],[993050.609899999573827,1607689.117799999192357],[993001.214700000360608,1607692.517400000244379]]]]}},
{"type":"Feature","properties":{"รหัสกลุ่มคิว":"23/002","รหัสรับเหมา":"722399","ชื่อ-สกุล รับเหมา":"นาง มะลิ งามเลิศ","นักเกษตร":"2302","ศูนย์":"K2-23","โควตา":"720061","ชาวไร่":"นาง สายทอง งามเลิศ","ประเภทอ้อย":"ปลายฝน","พื้นที่":5.54,"ตันรวม":72.02,"รหัสแปลง":"320607072025","กลุ่ม":"กลุ่ม_23"},"geometry":{"type":"MultiPolygon","coordinates":[[[[987441.201299999840558,1603486.977900000289083],[987308.044900000095367,1603460.260600000619888],[987307.273000000044703,1603467.166200000792742],[987303.354000000283122,1603466.6184],[987285.514000000432134,1603513.338600000366569],[987286.722000000067055,1603542.361500000581145],[987346.076100000180304,1603553.39130000025034],[987352.513700000010431,1603514.288899999111891],[987432.693599999882281,1603531.70549999922514],[987441.201299999840558,1603486.977900000289083]]]]}},
{"type":"Feature","properties":{"รหัสกลุ่มคิว":"23/002","รหัสรับเหมา":"722399","ชื่อ-สกุล รับเหมา":"นาง มะลิ งามเลิศ","นักเกษตร":"2302","ศูนย์":"K2-23","โควตา":"720243","ชาวไร่":"นาย บุญช่วย บุตรลักษณ์","ประเภทอ้อย":"ตอ1","พื้นที่":9.99,"ตันรวม":89.91,"รหัสแปลง":"320607072026","กลุ่ม":"กลุ่ม_23"},"geometry":{"type":"MultiPolygon","coordinates":[[[[987979.731100000441074,1604781.279500000178814],[987964.851099999621511,1604863.574300000444055],[988152.137000000104308,1604900.560599999502301],[988166.604100000113249,1604817.80379999987781],[987979.731100000441074,1604781.279500000178814]]]]}},
{"type":"Feature","properties":{"รหัสกลุ่มคิว":"23/002","รหัสรับเหมา":"722399","ชื่อ-สกุล รับเหมา":"นาง มะลิ งามเลิศ","นักเกษตร":"2302","ศูนย์":"K2-23","โควตา":"722698","ชาวไร่":"นาง นวน บุญเพ็ง","ประเภทอ้อย":"ตอ1","พื้นที่":2.3,"ตันรวม":20.7,"รหัสแปลง":"320601071888","กลุ่ม":"กลุ่ม_23"},"geometry":{"type":"MultiPolygon","coordinates":[[[[990296.845099999569356,1606828.002599999308586],[990243.777400000020862,1606802.482300000265241],[990230.123999999836087,1606877.986600000411272],[990275.629300000146031,1606888.920700000599027],[990296.845099999569356,1606828.002599999308586]]]]}},
{"type":"Feature","properties":{"รหัสกลุ่มคิว":"23/002","รหัสรับเหมา":"722399","ชื่อ-สกุล รับเหมา":"นาง มะลิ งามเลิศ","นักเกษตร":"2302","ศูนย์":"K2-23","โควตา":"722698","ชาวไร่":"นาง นวน บุญเพ็ง","ประเภทอ้อย":"ตอ1","พื้นที่":6.03,"ตันรวม":54.27,"รหัสแปลง":"320601071889","กลุ่ม":"กลุ่ม_23"},"geometry":{"type":"MultiPolygon","coordinates":[[[[990307.75800000037998,1606831.799000000581145],[990297.030600000172853,1606829.005899999290705],[990276.348399999551475,1606889.293299999088049],[990272.257699999958277,1606890.064099999144673],[990230.059299999848008,1606879.82149999961257],[990243.619300000369549,1606799.50789999961853],[990175.323699999600649,1606785.115000000223517],[990183.82799999974668,1606831.634800000116229],[990171.966099999845028,1606856.530300000682473],[990180.121299999766052,1606872.338700000196695],[990182.062800000421703,1606926.792999999597669],[990201.319299999624491,1606913.767699999734759],[990230.388299999758601,1606914.096300000324845],[990240.0466,1606919.493100000545382],[990247.905399999581277,1606914.3893],[990277.645999999716878,1606913.503100000321865],[990289.113099999725819,1606904.922800000756979],[990298.417200000025332,1606893.246200000867248],[990307.75800000037998,1606831.799000000581145]]]]}},
{"type":"Feature","properties":{"รหัสกลุ่มคิว":"23/003","รหัสรับเหมา":"722635","ชื่อ-สกุล รับเหมา":"นาย พิชิต มณีศรี","นักเกษตร":"2303","ศูนย์":"K2-23","โควตา":"727307","ชาวไร่":"นาง ทองใบ บุญเลิศ","ประเภทอ้อย":"ตอ1","พื้นที่":5.62,"ตันรวม":50.58,"รหัสแปลง":"320607121763","กลุ่ม":"กลุ่ม_23"},"geometry":{"type":"MultiPolygon","coordinates":[[[[985204.56940000038594,1606023.781500000506639],[985015.806099999696016,1606021.199300000444055],[985010.991899999789894,1606072.175000000745058],[985049.495500000193715,1606069.536499999463558],[985074.754999999888241,1606068.94510000012815],[985207.408300000242889,1606068.591900000348687],[985204.56940000038594,1606023.781500000506639]]]]}},
{"type":"Feature","properties":{"รหัสกลุ่มคิว":"23/002","รหัสรับเหมา":"722399","ชื่อ-สกุล รับเหมา":"นาง มะลิ งามเลิศ","นักเกษตร":"2302","ศูนย์":"K2-23","โควตา":"727185","ชาวไร่":"นาง อารยา ดุนขุนทด","ประเภทอ้อย":"ตอ2","พื้นที่":13.51,"ตันรวม":108.08,"รหัสแปลง":"320607121764","กลุ่ม":"กลุ่ม_23"},"geometry":{"type":"MultiPolygon","coordinates":[[[[985533.963399999774992,1605396.213199999183416],[985444.110399999655783,1605412.010800000280142],[985440.768600000068545,1605389.571399999782443],[985436.251699999906123,1605390.222100000828505],[985430.315799999982119,1605389.735500000417233],[985421.487499999813735,1605389.7467],[985394.966199999675155,1605391.628599999472499],[985392.961500000208616,1605383.6382],[985341.667200000025332,1605399.270400000736117],[985345.815100000239909,1605426.533099999651313],[985369.646099999547005,1605478.96059999987483],[985539.162499999627471,1605443.281700000166893],[985597.033099999651313,1605432.2171],[985643.35950000025332,1605421.849899999797344],[985633.96030000038445,1605341.0456000007689],[985547.405100000090897,1605344.889000000432134],[985528.635099999606609,1605346.55350000038743],[985533.963399999774992,1605396.213199999183416]]]]}},
{"type":"Feature","properties":{"รหัสกลุ่มคิว":"23/002","รหัสรับเหมา":"722399","ชื่อ-สกุล รับเหมา":"นาง มะลิ งามเลิศ","นักเกษตร":"2302","ศูนย์":"K2-23","โควตา":"727185","ชาวไร่":"นาง อารยา ดุนขุนทด","ประเภทอ้อย":"ปลายฝน","พื้นที่":2.36,"ตันรวม":30.68,"รหัสแปลง":"320607072029","กลุ่ม":"กลุ่ม_23"},"geometry":{"type":"MultiPolygon","coordinates":[[[[989386.235000000335276,1606400.893200000748038],[989430.400999999605119,1606402.719699999317527],[989438.496199999935925,1606323.685900000855327],[989381.5159,1606330.346699999645352],[989386.235000000335276,1606400.893200000748038]]]]}},
{"type":"Feature","properties":{"รหัสกลุ่มคิว":"23/002","รหัสรับเหมา":"722399","ชื่อ-สกุล รับเหมา":"นาง มะลิ งามเลิศ","นักเกษตร":"2302","ศูนย์":"K2-23","โควตา":"727309","ชาวไร่":"นาง แปม ศรีน้อย","ประเภทอ้อย":"ตอ3","พื้นที่":6.39,"ตันรวม":44.73,"รหัสแปลง":"320601111675","กลุ่ม":"กลุ่ม_23"},"geometry":{"type":"MultiPolygon","coordinates":[[[[991256.671500000171363,1604695.505200000479817],[991262.562800000421703,1604743.516699999570847],[991318.53760000038892,1604737.604000000283122],[991334.744099999777973,1604738.111600000411272],[991356.754700000397861,1604736.7006],[991377.335400000214577,1604734.706499999389052],[991408.587000000290573,1604730.705700000748038],[991433.178000000305474,1604726.387499999254942],[991444.635599999688566,1604721.068],[991435.060899999924004,1604695.173499999567866],[991432.730700000189245,1604685.511199999600649],[991436.087299999780953,1604661.723400000482798],[991438.197399999946356,1604655.293199999257922],[991431.893400000408292,1604655.167700000107288],[991422.608300000429153,1604659.975600000470877],[991415.039800000376999,1604660.009800000116229],[991407.147900000214577,1604658.188400000333786],[991397.407100000418723,1604658.734200000762939],[991391.724200000055134,1604663.613800000399351],[991364.453499999828637,1604666.769300000742078],[991356.987599999643862,1604679.75],[991320.854399999603629,1604693.6393],[991256.671500000171363,1604695.505200000479817]]]]}},
{"type":"Feature","properties":{"รหัสกลุ่มคิว":"23/001","รหัสรับเหมา":"738889","ชื่อ-สกุล รับเหมา":"รถตัดโรงงานเบอร์ 09","นักเกษตร":"2304","ศูนย์":"K2-23","โควตา":"722219","ชาวไร่":"นาง พลาย แกประโคน","ประเภทอ้อย":"ปลายฝน","พื้นที่":4.8,"ตันรวม":62.4,"รหัสแปลง":"320607101729","กลุ่ม":"กลุ่ม_23"},"geometry":{"type":"MultiPolygon","coordinates":[[[[984534.905500000342727,1603271.587099999189377],[984568.907700000330806,1603245.99970000050962],[984466.021999999880791,1603105.4517],[984463.5773,1603102.439400000497699],[984458.835900000296533,1603096.584100000560284],[984425.863400000147521,1603117.573400000110269],[984534.905500000342727,1603271.587099999189377]]]]}},
{"type":"Feature","properties":{"รหัสกลุ่มคิว":"23/001","รหัสรับเหมา":"738889","ชื่อ-สกุล รับเหมา":"รถตัดโรงงานเบอร์ 09","นักเกษตร":"2304","ศูนย์":"K2-23","โควตา":"726118","ชาวไร่":"นางสาว ศิริพร ศรีเพชร","ประเภทอ้อย":"ปลายฝน","พื้นที่":7.08,"ตันรวม":92.04,"รหัสแปลง":"320607041685","กลุ่ม":"กลุ่ม_23"},"geometry":{"type":"MultiPolygon","coordinates":[[[[987029.856399999931455,1606273.699500000104308],[986963.94510000012815,1606263.152000000700355],[986974.367700000293553,1606456.033900000154972],[987031.426099999807775,1606449.579900000244379],[987029.856399999931455,1606273.699500000104308]]]]}},
{"type":"Feature","properties":{"รหัสกลุ่มคิว":"23/001","รหัสรับเหมา":"738889","ชื่อ-สกุล รับเหมา":"รถตัดโรงงานเบอร์ 09","นักเกษตร":"2304","ศูนย์":"K2-23","โควตา":"726056","ชาวไร่":"นาง วิไล ประคองดี","ประเภทอ้อย":"ปลายฝน","พื้นที่":5.5,"ตันรวม":71.5,"รหัสแปลง":"320607072036","กลุ่ม":"กลุ่ม_23"},"geometry":{"type":"MultiPolygon","coordinates":[[[[989983.620799999684095,1606358.302500000223517],[989983.782599999569356,1606359.2303],[989991.735999999567866,1606395.465900000184774],[990119.050999999977648,1606361.179500000551343],[990115.676799999549985,1606340.5866],[990115.691499999724329,1606339.847200000658631],[990106.730600000359118,1606319.328199999406934],[990106.403500000014901,1606317.657400000840425],[990101.537100000306964,1606299.623700000345707],[990097.890999999828637,1606292.709300000220537],[990094.05379999987781,1606295.4068],[990094.391900000162423,1606296.523],[990075.683899999596179,1606322.22440000064671],[990042.733300000429153,1606339.32149999961257],[990014.487300000153482,1606346.341600000858307],[990002.424399999901652,1606345.916899999603629],[989985.171799999661744,1606352.785800000652671],[989983.620799999684095,1606358.302500000223517]]]]}},
{"type":"Feature","properties":{"รหัสกลุ่มคิว":"23/003","รหัสรับเหมา":"722635","ชื่อ-สกุล รับเหมา":"นาย พิชิต มณีศรี","นักเกษตร":"2303","ศูนย์":"K2-23","โควตา":"727469","ชาวไร่":"นาย ยุทธนา ลาหัวโทน","ประเภทอ้อย":"ปลายฝน","พื้นที่":4.76,"ตันรวม":61.88,"รหัสแปลง":"320607121774","กลุ่ม":"กลุ่ม_23"},"geometry":{"type":"MultiPolygon","coordinates":[[[[986664.116100000217557,1605852.157700000330806],[986550.112800000235438,1605932.049699999392033],[986697.808100000023842,1605959.4112],[986695.983599999919534,1605923.362299999222159],[986690.753800000064075,1605919.8586],[986684.319600000046194,1605914.33530000038445],[986676.132100000046194,1605896.8673],[986664.116100000217557,1605852.157700000330806]]]]}},
{"type":"Feature","properties":{"รหัสกลุ่มคิว":"23/001","รหัสรับเหมา":"738889","ชื่อ-สกุล รับเหมา":"รถตัดโรงงานเบอร์ 09","นักเกษตร":"2304","ศูนย์":"K2-23","โควตา":"726678","ชาวไร่":"นาง หอม สมนิยาม","ประเภทอ้อย":"ตอ1","พื้นที่":6.24,"ตันรวม":56.16,"รหัสแปลง":"320507061727","กลุ่ม":"กลุ่ม_23"},"geometry":{"type":"MultiPolygon","coordinates":[[[[978279.053199999965727,1610187.748099999502301],[978316.567999999970198,1610188.906099999323487],[978321.490500000305474,1610135.020199999213219],[978107.690999999642372,1610151.143200000748038],[978111.080500000156462,1610194.803899999707937],[978279.053199999965727,1610187.748099999502301]]]]}},
{"type":"Feature","properties":{"รหัสกลุ่มคิว":"23/002","รหัสรับเหมา":"722399","ชื่อ-สกุล รับเหมา":"นาง มะลิ งามเลิศ","นักเกษตร":"2302","ศูนย์":"K2-23","โควตา":"727352","ชาวไร่":"นางสาว กมลวรรณ บุญมั่น","ประเภทอ้อย":"ตอ1","พื้นที่":4.43,"ตันรวม":39.87,"รหัสแปลง":"320607031739","กลุ่ม":"กลุ่ม_23"},"geometry":{"type":"MultiPolygon","coordinates":[[[[990533.736999999731779,1610741.844100000336766],[990481.389899999834597,1610614.819900000467896],[990429.923700000159442,1610644.076199999079108],[990469.720300000160933,1610740.279400000348687],[990533.736999999731779,1610741.844100000336766]]]]}},
{"type":"Feature","properties":{"รหัสกลุ่มคิว":"23/001","รหัสรับเหมา":"738889","ชื่อ-สกุล รับเหมา":"รถตัดโรงงานเบอร์ 09","นักเกษตร":"2304","ศูนย์":"K2-23","โควตา":"727278","ชาวไร่":"นาย ธวัชร์ จบศรี","ประเภทอ้อย":"ตอ5","พื้นที่":11.78,"ตันรวม":82.46,"รหัสแปลง":"320507091673","กลุ่ม":"กลุ่ม_23"},"geometry":{"type":"MultiPolygon","coordinates":[[[[982896.13289999961853,1609718.990599999204278],[982821.276800000108778,1609733.42259999923408],[982835.826000000350177,1609974.07909999974072],[982911.218799999915063,1609978.148],[982896.13289999961853,1609718.990599999204278]]]]}},
{"type":"Feature","properties":{"รหัสกลุ่มคิว":"23/003","รหัสรับเหมา":"722635","ชื่อ-สกุล รับเหมา":"นาย พิชิต มณีศรี","นักเกษตร":"2303","ศูนย์":"K2-23","โควตา":"726039","ชาวไร่":"นาย ไพรัตน์ พลอาจ","ประเภทอ้อย":"ปลายฝน","พื้นที่":11.04,"ตันรวม":143.52,"รหัสแปลง":"320607121776","กลุ่ม":"กลุ่ม_23"},"geometry":{"type":"MultiPolygon","coordinates":[[[[986659.075699999928474,1603691.77140000090003],[986842.114500000141561,1603763.849199999123812],[986828.202499999664724,1603629.692700000479817],[986655.737900000065565,1603623.334599999710917],[986659.075699999928474,1603691.77140000090003]]]]}},
{"type":"Feature","properties":{"รหัสกลุ่มคิว":"23/002","รหัสรับเหมา":"722399","ชื่อ-สกุล รับเหมา":"นาง มะลิ งามเลิศ","นักเกษตร":"2302","ศูนย์":"K2-23","โควตา":"720386","ชาวไร่":"นาย พรชัย จันทร์เทศ","ประเภทอ้อย":"ตอ1","พื้นที่":2.67,"ตันรวม":24.03,"รหัสแปลง":"320607072039","กลุ่ม":"กลุ่ม_23"},"geometry":{"type":"MultiPolygon","coordinates":[[[[988594.582000000402331,1605665.223099999129772],[988581.85190000012517,1605721.480100000277162],[988655.548700000159442,1605738.8202],[988664.604600000195205,1605681.468599999323487],[988594.582000000402331,1605665.223099999129772]]]]}},
{"type":"Feature","properties":{"รหัสกลุ่มคิว":"23/003","รหัสรับเหมา":"722635","ชื่อ-สกุล รับเหมา":"นาย พิชิต มณีศรี","นักเกษตร":"2303","ศูนย์":"K2-23","โควตา":"722323","ชาวไร่":"นาย สง่า แฮะประโคน","ประเภทอ้อย":"ปลายฝน","พื้นที่":11.62,"ตันรวม":151.06,"รหัสแปลง":"320607072040","กลุ่ม":"กลุ่ม_23"},"geometry":{"type":"MultiPolygon","coordinates":[[[[989108.133200000040233,1604761.745699999853969],[989101.014999999664724,1604729.984300000593066],[989094.185600000433624,1604729.109300000593066],[989086.282800000160933,1604727.843100000172853],[988889.381000000052154,1604726.160599999129772],[988827.293600000441074,1604749.70920000039041],[988828.620000000111759,1604789.484200000762939],[988962.423700000159442,1604777.16469999961555],[989108.133200000040233,1604761.745699999853969]]]]}},
{"type":"Feature","properties":{"รหัสกลุ่มคิว":"23/003","รหัสรับเหมา":"722635","ชื่อ-สกุล รับเหมา":"นาย พิชิต มณีศรี","นักเกษตร":"2303","ศูนย์":"K2-23","โควตา":"726080","ชาวไร่":"นางสาว มณี สัตย์สุขยิ่ง","ประเภทอ้อย":"ตอ1","พื้นที่":5.02,"ตันรวม":45.18,"รหัสแปลง":"320607101737","กลุ่ม":"กลุ่ม_23"},"geometry":{"type":"MultiPolygon","coordinates":[[[[985516.724000000394881,1604656.819499999284744],[985507.711500000208616,1604674.625],[985506.276800000108778,1604693.204199999570847],[985719.421900000423193,1604705.025800000876188],[985740.007100000046194,1604670.241800000891089],[985516.724000000394881,1604656.819499999284744]]]]}},
{"type":"Feature","properties":{"รหัสกลุ่มคิว":"23/002","รหัสรับเหมา":"722399","ชื่อ-สกุล รับเหมา":"นาง มะลิ งามเลิศ","นักเกษตร":"2302","ศูนย์":"K2-23","โควตา":"727185","ชาวไร่":"นาง อารยา ดุนขุนทด","ประเภทอ้อย":"ตอ4","พื้นที่":2.71,"ตันรวม":18.97,"รหัสแปลง":"320607072045","กลุ่ม":"กลุ่ม_23"},"geometry":{"type":"MultiPolygon","coordinates":[[[[988892.047399999573827,1607095.721200000494719],[988889.268000000156462,1607000.878100000321865],[988845.49170000012964,1606999.0921],[988849.414800000376999,1607104.782999999821186],[988892.047399999573827,1607095.721200000494719]]]]}},
{"type":"Feature","properties":{"รหัสกลุ่มคิว":"23/001","รหัสรับเหมา":"738889","ชื่อ-สกุล รับเหมา":"รถตัดโรงงานเบอร์ 09","นักเกษตร":"2304","ศูนย์":"K2-23","โควตา":"726896","ชาวไร่":"นาย ปรากฎท์ นิมินรัมย์","ประเภทอ้อย":"ปลายฝน","พื้นที่":9.8,"ตันรวม":127.4,"รหัสแปลง":"320507021699","กลุ่ม":"กลุ่ม_23"},"geometry":{"type":"MultiPolygon","coordinates":[[[[981931.012000000104308,1617329.744100000709295],[981819.239199999719858,1617153.368100000545382],[981782.600499999709427,1617194.249399999156594],[981773.063900000415742,1617212.181900000199676],[981758.598299999721348,1617233.5304000005126],[981758.230999999679625,1617233.89299999922514],[981765.49100000038743,1617240.137499999254942],[981779.116399999707937,1617243.179199999198318],[981793.248999999836087,1617266.199999999254942],[981784.261500000022352,1617292.833599999547005],[981796.804999999701977,1617305.098899999633431],[981826.535600000061095,1617331.57010000012815],[981857.470099999569356,1617333.473400000482798],[981873.108300000429153,1617334.890699999406934],[981913.539200000464916,1617339.199799999594688],[981931.012000000104308,1617329.744100000709295]]]]}},
{"type":"Feature","properties":{"รหัสกลุ่มคิว":"23/003","รหัสรับเหมา":"722635","ชื่อ-สกุล รับเหมา":"นาย พิชิต มณีศรี","นักเกษตร":"2303","ศูนย์":"K2-23","โควตา":"727276","ชาวไร่":"นางสาว ชนกพร บุญคง","ประเภทอ้อย":"ตอ1","พื้นที่":4.85,"ตันรวม":43.65,"รหัสแปลง":"320607101743","กลุ่ม":"กลุ่ม_23"},"geometry":{"type":"MultiPolygon","coordinates":[[[[985767.345800000242889,1604627.866800000891089],[985784.479500000365078,1604594.945299999788404],[985564.580199999734759,1604576.637900000438094],[985561.691599999554455,1604616.694900000467896],[985622.359699999913573,1604619.068],[985625.418399999849498,1604603.497300000861287],[985632.597099999897182,1604601.592800000682473],[985630.81969999987632,1604620.554700000211596],[985767.345800000242889,1604627.866800000891089]]]]}},
{"type":"Feature","properties":{"รหัสกลุ่มคิว":"23/001","รหัสรับเหมา":"738889","ชื่อ-สกุล รับเหมา":"รถตัดโรงงานเบอร์ 09","นักเกษตร":"2304","ศูนย์":"K2-23","โควตา":"727075","ชาวไร่":"นาง บุญรื่น บุญนอง","ประเภทอ้อย":"ตอ1","พื้นที่":3.14,"ตันรวม":28.26,"รหัสแปลง":"320506131642","กลุ่ม":"กลุ่ม_23"},"geometry":{"type":"MultiPolygon","coordinates":[[[[986711.712899999693036,1616437.191999999806285],[986715.394000000320375,1616406.648299999535084],[986544.607800000347197,1616379.075300000607967],[986539.48340000025928,1616405.534099999815226],[986711.712899999693036,1616437.191999999806285]]]]}},
{"type":"Feature","properties":{"รหัสกลุ่มคิว":"23/001","รหัสรับเหมา":"738889","ชื่อ-สกุล รับเหมา":"รถตัดโรงงานเบอร์ 09","นักเกษตร":"2304","ศูนย์":"K2-23","โควตา":"726978","ชาวไร่":"นาย สุนทร เยียวรัมย์","ประเภทอ้อย":"ตอ2","พื้นที่":10.1,"ตันรวม":80.8,"รหัสแปลง":"320507111515","กลุ่ม":"กลุ่ม_23"},"geometry":{"type":"MultiPolygon","coordinates":[[[[978166.738499999977648,1615032.778599999845028],[978332.056599999777973,1614986.029100000858307],[978318.747800000011921,1614962.472100000828505],[978301.567599999718368,1614949.276200000196695],[978260.297100000083447,1614922.904999999329448],[978230.401100000366569,1614898.780300000682473],[978216.012500000186265,1614878.286299999803305],[978207.848299999721348,1614863.450400000438094],[978159.227800000458956,1614870.332800000905991],[978174.146399999968708,1614990.782500000670552],[978164.443900000303984,1614992.824100000783801],[978166.738499999977648,1615032.778599999845028]]]]}},
{"type":"Feature","properties":{"รหัสกลุ่มคิว":"23/002","รหัสรับเหมา":"722399","ชื่อ-สกุล รับเหมา":"นาง มะลิ งามเลิศ","นักเกษตร":"2302","ศูนย์":"K2-23","โควตา":"722399","ชาวไร่":"นาง มะลิ งามเลิศ","ประเภทอ้อย":"ตอ1","พื้นที่":10.93,"ตันรวม":98.37,"รหัสแปลง":"320607072049","กลุ่ม":"กลุ่ม_23"},"geometry":{"type":"MultiPolygon","coordinates":[[[[986888.581699999980628,1603005.596599999815226],[987019.246399999596179,1602985.798100000247359],[987004.629499999806285,1602849.786599999293685],[986991.841199999675155,1602849.534499999135733],[986970.008500000461936,1602860.198699999600649],[986875.865299999713898,1602873.690899999812245],[986888.581699999980628,1603005.596599999815226]]]]}},
{"type":"Feature","properties":{"รหัสกลุ่มคิว":"23/001","รหัสรับเหมา":"738889","ชื่อ-สกุล รับเหมา":"รถตัดโรงงานเบอร์ 09","นักเกษตร":"2304","ศูนย์":"K2-23","โควตา":"726334","ชาวไร่":"นาย มานพ สมชื่อ","ประเภทอ้อย":"ปลายฝน","พื้นที่":4.88,"ตันรวม":63.44,"รหัสแปลง":"320507111516","กลุ่ม":"กลุ่ม_23"},"geometry":{"type":"MultiPolygon","coordinates":[[[[980758.524100000038743,1611802.387399999424815],[980790.11739999987185,1611996.571100000292063],[980826.868900000117719,1611989.994100000709295],[980809.886500000022352,1611867.78319999948144],[980797.366899999789894,1611792.719499999657273],[980763.439199999906123,1611798.948000000789762],[980762.878299999982119,1611803.750600000843406],[980758.524100000038743,1611802.387399999424815]]]]}},
{"type":"Feature","properties":{"รหัสกลุ่มคิว":"23/003","รหัสรับเหมา":"722635","ชื่อ-สกุล รับเหมา":"นาย พิชิต มณีศรี","นักเกษตร":"2303","ศูนย์":"K2-23","โควตา":"727469","ชาวไร่":"นาย ยุทธนา ลาหัวโทน","ประเภทอ้อย":"ตอ1","พื้นที่":12.5,"ตันรวม":112.5,"รหัสแปลง":"320607121783","กลุ่ม":"กลุ่ม_23"},"geometry":{"type":"MultiPolygon","coordinates":[[[[986699.410500000230968,1606077.244699999690056],[986699.36600000038743,1606077.141799999400973],[986699.7023,1606047.402799999341369],[986700.13399999961257,1606038.399299999698997],[986700.641800000332296,1606024.44679999910295],[986697.293600000441074,1605963.68019999936223],[986664.590200000442564,1605958.332900000736117],[986646.127600000239909,1605954.961899999529123],[986597.801099999807775,1605945.650699999183416],[986569.292000000365078,1605941.119599999859929],[986567.248300000093877,1605940.387000000104308],[986562.077399999834597,1605940.743200000375509],[986547.651399999856949,1605937.9112],[986547.57660000026226,1605937.701199999079108],[986544.000599999912083,1605943.18779999949038],[986521.158099999651313,1606028.5],[986501.201700000092387,1606051.918400000780821],[986699.410500000230968,1606077.244699999690056]]]]}},
{"type":"Feature","properties":{"รหัสกลุ่มคิว":"23/001","รหัสรับเหมา":"738889","ชื่อ-สกุล รับเหมา":"รถตัดโรงงานเบอร์ 09","นักเกษตร":"2304","ศูนย์":"K2-23","โควตา":"726764","ชาวไร่":"นาง อัมพวัน กล้าเกิด","ประเภทอ้อย":"ปลายฝน","พื้นที่":5.11,"ตันรวม":66.43,"รหัสแปลง":"320607021668","กลุ่ม":"กลุ่ม_23"},"geometry":{"type":"MultiPolygon","coordinates":[[[[986490.85190000012517,1612066.616100000217557],[986554.118900000117719,1611964.31980000063777],[986589.824900000356138,1611980.374600000679493],[986605.16330000013113,1611942.587099999189377],[986538.866399999707937,1611915.941099999472499],[986451.242899999953806,1612038.4649],[986490.85190000012517,1612066.616100000217557]]]]}},
{"type":"Feature","properties":{"รหัสกลุ่มคิว":"23/003","รหัสรับเหมา":"722635","ชื่อ-สกุล รับเหมา":"นาย พิชิต มณีศรี","นักเกษตร":"2303","ศูนย์":"K2-23","โควตา":"722360","ชาวไร่":"นาง ลำดวน เรืองเกษม","ประเภทอ้อย":"ปลายฝน","พื้นที่":6.4,"ตันรวม":83.2,"รหัสแปลง":"320607121784","กลุ่ม":"กลุ่ม_23"},"geometry":{"type":"MultiPolygon","coordinates":[[[[986591.41370000038296,1604417.308000000193715],[986611.409300000406802,1604511.595000000670552],[986706.682000000029802,1604471.187899999320507],[986704.894500000402331,1604389.03319999948144],[986687.732599999755621,1604386.8487],[986668.666299999691546,1604389.195299999788404],[986642.539900000207126,1604396.740399999544024],[986609.112399999983609,1604408.823400000110269],[986591.41370000038296,1604417.308000000193715]]]]}},
{"type":"Feature","properties":{"รหัสกลุ่มคิว":"23/003","รหัสรับเหมา":"722635","ชื่อ-สกุล รับเหมา":"นาย พิชิต มณีศรี","นักเกษตร":"2303","ศูนย์":"K2-23","โควตา":"726064","ชาวไร่":"นาย เช้า ใจงาม","ประเภทอ้อย":"ปลายฝน","พื้นที่":6.03,"ตันรวม":78.39,"รหัสแปลง":"320601111683","กลุ่ม":"กลุ่ม_23"},"geometry":{"type":"MultiPolygon","coordinates":[[[[993193.56209999974817,1605773.966199999675155],[993250.2659,1605722.581599999219179],[993167.605499999597669,1605630.315600000321865],[993107.744900000281632,1605677.38399999961257],[993193.56209999974817,1605773.966199999675155]]]]}},
{"type":"Feature","properties":{"รหัสกลุ่มคิว":"23/001","รหัสรับเหมา":"738889","ชื่อ-สกุล รับเหมา":"รถตัดโรงงานเบอร์ 09","นักเกษตร":"2304","ศูนย์":"K2-23","โควตา":"710746","ชาวไร่":"นาง ประทอม บุญคล้อย","ประเภทอ้อย":"ตอ1","พื้นที่":6.48,"ตันรวม":58.32,"รหัสแปลง":"320507041744","กลุ่ม":"กลุ่ม_23"},"geometry":{"type":"MultiPolygon","coordinates":[[[[984820.136300000362098,1612247.49970000050962],[984709.571299999952316,1612205.745799999684095],[984677.930399999953806,1612299.5208],[984793.05599999986589,1612321.10080000013113],[984820.136300000362098,1612247.49970000050962]]]]}},
{"type":"Feature","properties":{"รหัสกลุ่มคิว":"23/001","รหัสรับเหมา":"738889","ชื่อ-สกุล รับเหมา":"รถตัดโรงงานเบอร์ 09","นักเกษตร":"2304","ศูนย์":"K2-23","โควตา":"727198","ชาวไร่":"นาย เอระชัย จันทร์สิงห์","ประเภทอ้อย":"ตอ1","พื้นที่":11.43,"ตันรวม":102.87,"รหัสแปลง":"320601071909","กลุ่ม":"กลุ่ม_23"},"geometry":{"type":"MultiPolygon","coordinates":[[[[994408.519700000062585,1609193.370100000873208],[994419.578900000080466,1609370.304199999198318],[994380.223000000230968,1609372.434399999678135],[994386.359699999913573,1609446.287000000476837],[994424.597199999727309,1609444.0965],[994390.208300000056624,1608860.1426],[994362.591500000096858,1608862.731699999421835],[994362.6102,1609077.063500000163913],[994394.253700000233948,1609080.288100000470877],[994396.058299999684095,1609080.139499999582767],[994401.559399999678135,1609080.480599999427795],[994408.519700000062585,1609193.370100000873208]]]]}},
{"type":"Feature","properties":{"รหัสกลุ่มคิว":"23/001","รหัสรับเหมา":"738889","ชื่อ-สกุล รับเหมา":"รถตัดโรงงานเบอร์ 09","นักเกษตร":"2304","ศูนย์":"K2-23","โควตา":"727409","ชาวไร่":"นางสาว ธิดารัตน์ เมินดี","ประเภทอ้อย":"ปลายฝน","พื้นที่":15.05,"ตันรวม":195.65,"รหัสแปลง":"320507091679","กลุ่ม":"กลุ่ม_23"},"geometry":{"type":"MultiPolygon","coordinates":[[[[983404.226099999621511,1610097.95160000026226],[983510.607699999585748,1610128.59940000064671],[983516.144199999980628,1610114.592000000178814],[983632.409300000406802,1610156.057299999520183],[983644.37459999974817,1610135.657500000670552],[983641.650999999605119,1610114.510700000450015],[983633.349299999885261,1610096.83420000039041],[983628.227099999785423,1610086.473500000312924],[983627.011599999852479,1610066.834100000560284],[983358.782300000078976,1609963.6305],[983355.649500000290573,1609980.441999999806285],[983375.267699999734759,1610000.222300000488758],[983383.753600000403821,1609995.174900000914931],[983410.590599999763072,1610024.285299999639392],[983404.226099999621511,1610097.95160000026226]]]]}},
{"type":"Feature","properties":{"รหัสกลุ่มคิว":"23/003","รหัสรับเหมา":"722635","ชื่อ-สกุล รับเหมา":"นาย พิชิต มณีศรี","นักเกษตร":"2303","ศูนย์":"K2-23","โควตา":"727409","ชาวไร่":"นางสาว ธิดารัตน์ เมินดี","ประเภทอ้อย":"ปลายฝน","พื้นที่":6.34,"ตันรวม":82.42,"รหัสแปลง":"320607101751","กลุ่ม":"กลุ่ม_23"},"geometry":{"type":"MultiPolygon","coordinates":[[[[984303.857099999673665,1604893.426999999210238],[984224.458599999547005,1604927.370100000873208],[984236.10149999987334,1604995.088199999183416],[984245.326200000010431,1604993.235400000587106],[984245.859299999661744,1604993.615599999204278],[984251.004599999636412,1605006.844699999317527],[984252.879099999554455,1605021.488900000229478],[984253.512400000356138,1605025.938999999314547],[984255.898299999535084,1605042.0724],[984257.104500000365078,1605044.869599999859929],[984272.539599999785423,1605038.700899999588728],[984304.753899999894202,1605022.137299999594688],[984324.753100000321865,1605012.914899999275804],[984329.147900000214577,1605009.303099999204278],[984329.886400000192225,1605008.393100000917912],[984329.127500000409782,1605001.166899999603629],[984328.011900000274181,1604993.7489],[984324.527400000020862,1604978.518400000408292],[984319.638399999588728,1604961.411399999633431],[984315.30420000012964,1604943.5756],[984308.49349999986589,1604914.22719999961555],[984303.857099999673665,1604893.426999999210238]]]]}},
{"type":"Feature","properties":{"รหัสกลุ่มคิว":"23/001","รหัสรับเหมา":"738889","ชื่อ-สกุล รับเหมา":"รถตัดโรงงานเบอร์ 09","นักเกษตร":"2304","ศูนย์":"K2-23","โควตา":"720204","ชาวไร่":"นาย คำนวน ชิมบุญ","ประเภทอ้อย":"ปลายฝน","พื้นที่":10.43,"ตันรวม":135.59,"รหัสแปลง":"320607091761","กลุ่ม":"กลุ่ม_23"},"geometry":{"type":"MultiPolygon","coordinates":[[[[983427.904099999926984,1603591.625900000333786],[983321.182900000363588,1603656.091299999505281],[983410.913599999621511,1603775.089099999517202],[983497.690700000151992,1603714.687999999150634],[983427.904099999926984,1603591.625900000333786]]]]}},
{"type":"Feature","properties":{"รหัสกลุ่มคิว":"23/003","รหัสรับเหมา":"722635","ชื่อ-สกุล รับเหมา":"นาย พิชิต มณีศรี","นักเกษตร":"2303","ศูนย์":"K2-23","โควตา":"722623","ชาวไร่":"นาย สมพงษ์ คงหาญ","ประเภทอ้อย":"ปลายฝน","พื้นที่":5.18,"ตันรวม":67.34,"รหัสแปลง":"320601031612","กลุ่ม":"กลุ่ม_23"},"geometry":{"type":"MultiPolygon","coordinates":[[[[992020.083200000226498,1604136.7171],[992026.181200000457466,1604309.925100000575185],[992087.303899999707937,1604226.63429999910295],[992088.53899999987334,1604146.587899999693036],[992020.083200000226498,1604136.7171]]]]}},
{"type":"Feature","properties":{"รหัสกลุ่มคิว":"23/003","รหัสรับเหมา":"722635","ชื่อ-สกุล รับเหมา":"นาย พิชิต มณีศรี","นักเกษตร":"2303","ศูนย์":"K2-23","โควตา":"720225","ชาวไร่":"นาย ทองเย็น ใจกล้า","ประเภทอ้อย":"ปลายฝน","พื้นที่":13.81,"ตันรวม":179.53,"รหัสแปลง":"320601111685","กลุ่ม":"กลุ่ม_23"},"geometry":{"type":"MultiPolygon","coordinates":[[[[992522.551599999889731,1605848.925699999555945],[992407.626799999736249,1605965.122500000521541],[992486.003399999812245,1606064.271500000730157],[992615.551500000059605,1605948.814300000667572],[992522.551599999889731,1605848.925699999555945]]]]}},
{"type":"Feature","properties":{"รหัสกลุ่มคิว":"23/001","รหัสรับเหมา":"738889","ชื่อ-สกุล รับเหมา":"รถตัดโรงงานเบอร์ 09","นักเกษตร":"2304","ศูนย์":"K2-23","โควตา":"727384","ชาวไร่":"นาง สีดา สังสมานันท์","ประเภทอ้อย":"ปลายฝน","พื้นที่":12.7,"ตันรวม":165.1,"รหัสแปลง":"320607011761","กลุ่ม":"กลุ่ม_23"},"geometry":{"type":"MultiPolygon","coordinates":[[[[985199.037299999967217,1610099.449699999764562],[985011.560300000011921,1609960.44370000064373],[985004.892900000326335,1609960.551799999549985],[985002.528199999593198,1609959.56110000051558],[985002.251899999566376,1609959.543400000780821],[984975.954199999570847,1609954.176599999889731],[984981.665500000119209,1610014.221999999135733],[984974.769000000320375,1610084.043600000441074],[984992.071399999782443,1610089.845499999821186],[984992.169800000265241,1610090.058199999853969],[985000.043899999931455,1610094.027699999511242],[985007.125099999830127,1610095.129300000146031],[985027.916100000031292,1610037.31389999948442],[985057.727900000289083,1610046.602099999785423],[985042.600200000219047,1610090.05320000089705],[985013.312599999830127,1610084.770500000566244],[985012.801799999549985,1610095.1081000007689],[985171.115600000135601,1610155.91499999910593],[985175.751699999906123,1610130.083399999886751],[985140.867499999701977,1610105.094100000336766],[985147.310300000011921,1610097.901100000366569],[985156.840599999763072,1610108.641000000759959],[985160.279799999669194,1610114.877299999818206],[985177.11849999986589,1610126.4858],[985199.037299999967217,1610099.449699999764562]]]]}},
{"type":"Feature","properties":{"รหัสกลุ่มคิว":"23/003","รหัสรับเหมา":"722635","ชื่อ-สกุล รับเหมา":"นาย พิชิต มณีศรี","นักเกษตร":"2303","ศูนย์":"K2-23","โควตา":"727409","ชาวไร่":"นางสาว ธิดารัตน์ เมินดี","ประเภทอ้อย":"ปลายฝน","พื้นที่":4.99,"ตันรวม":64.87,"รหัสแปลง":"320607101756","กลุ่ม":"กลุ่ม_23"},"geometry":{"type":"MultiPolygon","coordinates":[[[[985088.502500000409782,1603592.065300000831485],[985156.549100000411272,1603692.372700000181794],[985211.399500000290573,1603652.603900000452995],[985143.768099999986589,1603552.843800000846386],[985143.344100000336766,1603552.286800000816584],[985119.978000000119209,1603572.881100000813603],[985121.439299999736249,1603574.60219999961555],[985124.95380000025034,1603582.050100000575185],[985124.845800000242889,1603584.316999999806285],[985123.728099999949336,1603586.782500000670552],[985123.223000000230968,1603588.051200000569224],[985120.947499999776483,1603589.950099999085069],[985118.332499999552965,1603588.838600000366569],[985116.948200000450015,1603588.267400000244379],[985112.118800000287592,1603585.48509999923408],[985107.746500000357628,1603576.499900000169873],[985088.502500000409782,1603592.065300000831485]]]]}},
{"type":"Feature","properties":{"รหัสกลุ่มคิว":"23/001","รหัสรับเหมา":"738889","ชื่อ-สกุล รับเหมา":"รถตัดโรงงานเบอร์ 09","นักเกษตร":"2304","ศูนย์":"K2-23","โควตา":"726679","ชาวไร่":"นาง กุหลาบ สุขสบาย","ประเภทอ้อย":"ปลายฝน","พื้นที่":7.11,"ตันรวม":92.43,"รหัสแปลง":"320507061749","กลุ่ม":"กลุ่ม_23"},"geometry":{"type":"MultiPolygon","coordinates":[[[[978259.533499999903142,1610420.225700000301003],[978259.489599999971688,1610420.147199999541044],[978242.743800000287592,1610493.025699999183416],[978263.503499999642372,1610493.46059999987483],[978276.375300000421703,1610487.957900000736117],[978279.7341,1610472.959599999710917],[978280.404699999839067,1610468.152499999850988],[978289.865100000053644,1610455.24860000051558],[978296.786299999803305,1610452.994799999520183],[978302.639999999664724,1610447.457699999213219],[978302.825000000186265,1610422.058499999344349],[978307.466500000096858,1610409.616599999368191],[978315.461400000378489,1610396.945900000631809],[978326.621799999848008,1610385.820000000298023],[978338.415599999949336,1610358.9649],[978320.584499999880791,1610331.971599999815226],[978315.268699999898672,1610307.642400000244379],[978312.807500000111759,1610265.94539999961853],[978240.707100000232458,1610266.504300000146031],[978240.683299999684095,1610279.506400000303984],[978271.880800000391901,1610282.860999999567866],[978271.745799999684095,1610324.581800000742078],[978259.533499999903142,1610420.225700000301003]]]]}},
{"type":"Feature","properties":{"รหัสกลุ่มคิว":"23/003","รหัสรับเหมา":"722635","ชื่อ-สกุล รับเหมา":"นาย พิชิต มณีศรี","นักเกษตร":"2303","ศูนย์":"K2-23","โควตา":"726021","ชาวไร่":"นาง สุระ สมานมิตร","ประเภทอ้อย":"ปลายฝน","พื้นที่":8.13,"ตันรวม":105.69,"รหัสแปลง":"320607141701","กลุ่ม":"กลุ่ม_23"},"geometry":{"type":"MultiPolygon","coordinates":[[[[985347.683799999766052,1606402.235200000926852],[985347.672899999655783,1606429.469399999827147],[985348.715699999593198,1606433.766799999400973],[985767.411799999885261,1606479.786299999803305],[985767.011099999770522,1606470.497899999842048],[985773.66440000012517,1606472.103399999439716],[985772.717199999839067,1606455.204500000923872],[985803.747600000351667,1606457.141200000420213],[985804.216699999757111,1606454.462999999523163],[985347.683799999766052,1606402.235200000926852]]]]}},
{"type":"Feature","properties":{"รหัสกลุ่มคิว":"23/001","รหัสรับเหมา":"738889","ชื่อ-สกุล รับเหมา":"รถตัดโรงงานเบอร์ 09","นักเกษตร":"2304","ศูนย์":"K2-23","โควตา":"722723","ชาวไร่":"นาย อั้น เรือเสาร์","ประเภทอ้อย":"ตอ2","พื้นที่":5.41,"ตันรวม":43.28,"รหัสแปลง":"320601071918","กลุ่ม":"กลุ่ม_23"},"geometry":{"type":"MultiPolygon","coordinates":[[[[990595.573800000362098,1605942.939600000157952],[990593.429399999789894,1605973.888900000602007],[990629.55379999987781,1605973.114199999719858],[990630.269299999810755,1606022.018999999389052],[990733.260099999606609,1606013.216399999335408],[990724.786100000143051,1605940.626599999144673],[990595.573800000362098,1605942.939600000157952]]]]}},
{"type":"Feature","properties":{"รหัสกลุ่มคิว":"23/001","รหัสรับเหมา":"738889","ชื่อ-สกุล รับเหมา":"รถตัดโรงงานเบอร์ 09","นักเกษตร":"2304","ศูนย์":"K2-23","โควตา":"727291","ชาวไร่":"นาง ปอม ทรงวาจา","ประเภทอ้อย":"ปลายฝน","พื้นที่":3.43,"ตันรวม":44.59,"รหัสแปลง":"320601111690","กลุ่ม":"กลุ่ม_23"},"geometry":{"type":"MultiPolygon","coordinates":[[[[992539.7818,1605374.358999999240041],[992503.333499999716878,1605332.293299999088049],[992467.256400000303984,1605369.867599999532104],[992449.305100000463426,1605387.077600000426173],[992429.498700000345707,1605404.281700000166893],[992464.82050000037998,1605440.7083],[992485.598299999721348,1605424.45130000077188],[992494.593299999833107,1605418.044600000604987],[992511.27489999961108,1605402.216199999675155],[992521.756099999882281,1605393.337200000882149],[992540.838600000366569,1605377.632200000807643],[992539.7818,1605374.358999999240041]]]]}},
{"type":"Feature","properties":{"รหัสกลุ่มคิว":"23/003","รหัสรับเหมา":"722635","ชื่อ-สกุล รับเหมา":"นาย พิชิต มณีศรี","นักเกษตร":"2303","ศูนย์":"K2-23","โควตา":"727307","ชาวไร่":"นาง ทองใบ บุญเลิศ","ประเภทอ้อย":"ตอ6","พื้นที่":2.84,"ตันรวม":19.88,"รหัสแปลง":"320607121788","กลุ่ม":"กลุ่ม_23"},"geometry":{"type":"MultiPolygon","coordinates":[[[[985303.481200000271201,1606071.799599999561906],[985301.179100000299513,1606056.572799999266863],[985298.719600000418723,1606022.919600000604987],[985289.458999999798834,1606022.535399999469519],[985209.344100000336766,1606021.527899999171495],[985206.230399999767542,1606070.1108],[985303.481200000271201,1606071.799599999561906]]]]}},
{"type":"Feature","properties":{"รหัสกลุ่มคิว":"23/001","รหัสรับเหมา":"738889","ชื่อ-สกุล รับเหมา":"รถตัดโรงงานเบอร์ 09","นักเกษตร":"2304","ศูนย์":"K2-23","โควตา":"726679","ชาวไร่":"นาง กุหลาบ สุขสบาย","ประเภทอ้อย":"ปลายฝน","พื้นที่":1.32,"ตันรวม":17.16,"รหัสแปลง":"320507061763","กลุ่ม":"กลุ่ม_23"},"geometry":{"type":"MultiPolygon","coordinates":[[[[978305.498100000433624,1610231.043199999257922],[978243.730000000447035,1610240.708799999207258],[978243.486399999819696,1610267.846300000324845],[978312.658499999903142,1610268.220000000670552],[978314.567200000397861,1610261.260500000789762],[978307.088399999774992,1610258.512499999254942],[978306.494699999690056,1610243.255300000309944],[978311.978199999779463,1610240.302400000393391],[978305.498100000433624,1610231.043199999257922]]]]}},
{"type":"Feature","properties":{"รหัสกลุ่มคิว":"23/001","รหัสรับเหมา":"738889","ชื่อ-สกุล รับเหมา":"รถตัดโรงงานเบอร์ 09","นักเกษตร":"2304","ศูนย์":"K2-23","โควตา":"727383","ชาวไร่":"นาง จำนง ปัดถา","ประเภทอ้อย":"ตอ1","พื้นที่":5.9,"ตันรวม":53.1,"รหัสแปลง":"320507061769","กลุ่ม":"กลุ่ม_23"},"geometry":{"type":"MultiPolygon","coordinates":[[[[977446.805900000035763,1610504.884400000795722],[977457.812199999578297,1610540.966499999165535],[977687.356399999931455,1610536.551100000739098],[977688.027499999850988,1610492.745500000193715],[977446.805900000035763,1610504.884400000795722]]]]}},
{"type":"Feature","properties":{"รหัสกลุ่มคิว":"23/002","รหัสรับเหมา":"722399","ชื่อ-สกุล รับเหมา":"นาง มะลิ งามเลิศ","นักเกษตร":"2302","ศูนย์":"K2-23","โควตา":"727024","ชาวไร่":"นาย สมพร มั่นยืน","ประเภทอ้อย":"ตอ1","พื้นที่":16.73,"ตันรวม":150.57,"รหัสแปลง":"320601071920","กลุ่ม":"กลุ่ม_23"},"geometry":{"type":"MultiPolygon","coordinates":[[[[992773.385099999606609,1607990.384099999442697],[992763.490799999795854,1607962.632400000467896],[992791.673200000077486,1607955.555099999532104],[992791.602300000376999,1607944.332699999213219],[992783.206600000150502,1607895.714600000530481],[992782.736600000411272,1607892.191700000315905],[992789.044400000013411,1607856.072799999266863],[992787.534500000067055,1607850.494899999350309],[992774.395100000314415,1607849.862099999561906],[992764.636400000192225,1607824.332299999892712],[992772.498800000175834,1607818.572100000455976],[992767.41399999987334,1607802.5669],[992739.925599999725819,1607744.690600000321865],[992694.327600000426173,1607691.445000000298023],[992688.340200000442564,1607693.544299999251962],[992676.870699999853969,1607681.479800000786781],[992671.531299999915063,1607642.169199999421835],[992642.543999999761581,1607668.218399999663234],[992632.748599999584258,1607671.536100000143051],[992641.669900000095367,1607693.905300000682473],[992650.730100000277162,1607691.312699999660254],[992653.802699999883771,1607690.819399999454618],[992667.380499999970198,1607714.576199999079108],[992653.957499999552965,1607719.115800000727177],[992632.532599999569356,1607727.378699999302626],[992631.74199999962002,1607730.87639999948442],[992644.294700000435114,1607751.838899999856949],[992646.72620000038296,1607765.386900000274181],[992651.32880000025034,1607787.484899999573827],[992653.014000000432134,1607802.3125],[992654.864599999971688,1607817.883099999278784],[992665.596599999815226,1607848.795099999755621],[992682.866399999707937,1607886.12529999949038],[992698.9046,1607894.952600000426173],[992708.293100000359118,1607911.968499999493361],[992720.91469999961555,1607938.480200000107288],[992747.545800000429153,1607989.3037],[992773.385099999606609,1607990.384099999442697]]]]}},
{"type":"Feature","properties":{"รหัสกลุ่มคิว":"23/001","รหัสรับเหมา":"738889","ชื่อ-สกุล รับเหมา":"รถตัดโรงงานเบอร์ 09","นักเกษตร":"2304","ศูนย์":"K2-23","โควตา":"726463","ชาวไร่":"นาย ชิษณุพงศ์ นิเลปิยัง","ประเภทอ้อย":"ตอ1","พื้นที่":10.14,"ตันรวม":91.26,"รหัสแปลง":"320507031657","กลุ่ม":"กลุ่ม_23"},"geometry":{"type":"MultiPolygon","coordinates":[[[[982820.241899999789894,1612039.151799999177456],[982791.120099999941885,1611934.426100000739098],[982766.317499999888241,1611939.769600000232458],[982763.463999999687076,1611931.717000000178814],[982702.865799999795854,1611956.508199999108911],[982660.97620000038296,1611965.958100000396371],[982657.719100000336766,1612019.739],[982676.857699999585748,1612069.495799999684095],[982720.83739999961108,1612051.845300000160933],[982728.318799999542534,1612071.471300000324845],[982820.241899999789894,1612039.151799999177456]]]]}},
{"type":"Feature","properties":{"รหัสกลุ่มคิว":"23/002","รหัสรับเหมา":"722399","ชื่อ-สกุล รับเหมา":"นาง มะลิ งามเลิศ","นักเกษตร":"2302","ศูนย์":"K2-23","โควตา":"722997","ชาวไร่":"นาย เนาว์ คงยิ่งใหญ่","ประเภทอ้อย":"ตอ1","พื้นที่":4.67,"ตันรวม":42.03,"รหัสแปลง":"320607081671","กลุ่ม":"กลุ่ม_23"},"geometry":{"type":"MultiPolygon","coordinates":[[[[989300.733799999579787,1609552.470000000670552],[989291.145999999716878,1609527.315600000321865],[989245.690299999900162,1609539.355699999257922],[989240.053000000305474,1609523.895600000396371],[989094.462100000120699,1609552.806199999526143],[989101.925900000147521,1609594.190700000151992],[989300.733799999579787,1609552.470000000670552]]]]}},
{"type":"Feature","properties":{"รหัสกลุ่มคิว":"23/003","รหัสรับเหมา":"722635","ชื่อ-สกุล รับเหมา":"นาย พิชิต มณีศรี","นักเกษตร":"2303","ศูนย์":"K2-23","โควตา":"720247","ชาวไร่":"นางสาว สุภาวี แสวงทรัพย์","ประเภทอ้อย":"ปลายฝน","พื้นที่":6.83,"ตันรวม":88.79,"รหัสแปลง":"320607072064","กลุ่ม":"กลุ่ม_23"},"geometry":{"type":"MultiPolygon","coordinates":[[[[988680.385800000280142,1605216.849899999797344],[988774.867600000463426,1605231.480699999257922],[988794.843299999833107,1605114.4561],[988703.69510000012815,1605104.3293999992311],[988680.385800000280142,1605216.849899999797344]]]]}},
{"type":"Feature","properties":{"รหัสกลุ่มคิว":"23/002","รหัสรับเหมา":"722399","ชื่อ-สกุล รับเหมา":"นาง มะลิ งามเลิศ","นักเกษตร":"2302","ศูนย์":"K2-23","โควตา":"722622","ชาวไร่":"นาง นารี สุขใส","ประเภทอ้อย":"ปลายฝน","พื้นที่":10.39,"ตันรวม":135.07,"รหัสแปลง":"320607072065","กลุ่ม":"กลุ่ม_23"},"geometry":{"type":"MultiPolygon","coordinates":[[[[986638.25829999987036,1603045.606599999591708],[986666.188699999824166,1603224.677400000393391],[986775.963200000114739,1603220.595200000330806],[986762.939199999906123,1603106.142699999734759],[986638.25829999987036,1603045.606599999591708]]]]}},
{"type":"Feature","properties":{"รหัสกลุ่มคิว":"23/003","รหัสรับเหมา":"722635","ชื่อ-สกุล รับเหมา":"นาย พิชิต มณีศรี","นักเกษตร":"2303","ศูนย์":"K2-23","โควตา":"722934","ชาวไร่":"นางสาว สุภาพร ศรีระพรม","ประเภทอ้อย":"ตอ1","พื้นที่":4.58,"ตันรวม":41.22,"รหัสแปลง":"320607141710","กลุ่ม":"กลุ่ม_23"},"geometry":{"type":"MultiPolygon","coordinates":[[[[985271.986600000411272,1606394.261399999260902],[985459.086799999698997,1606411.909800000488758],[985462.985799999907613,1606368.8761],[985279.916600000113249,1606360.097200000658631],[985276.533800000324845,1606366.4364],[985271.08490000013262,1606367.2533],[985271.986600000411272,1606394.261399999260902]]]]}},
{"type":"Feature","properties":{"รหัสกลุ่มคิว":"23/001","รหัสรับเหมา":"738889","ชื่อ-สกุล รับเหมา":"รถตัดโรงงานเบอร์ 09","นักเกษตร":"2304","ศูนย์":"K2-23","โควตา":"727061","ชาวไร่":"นาง จิราพร โสรเนตร","ประเภทอ้อย":"ตอ1","พื้นที่":4.12,"ตันรวม":37.08,"รหัสแปลง":"320506131647","กลุ่ม":"กลุ่ม_23"},"geometry":{"type":"MultiPolygon","coordinates":[[[[986035.775299999862909,1615525.191199999302626],[986037.144199999980628,1615521.278699999675155],[986042.362900000065565,1615519.44510000012815],[986047.017,1615527.666400000452995],[986168.641200000420213,1615540.096300000324845],[986181.42989999987185,1615505.605100000277162],[985979.528300000354648,1615489.049100000411272],[985961.761199999600649,1615513.104800000786781],[986035.775299999862909,1615525.191199999302626]]]]}},
{"type":"Feature","properties":{"รหัสกลุ่มคิว":"23/001","รหัสรับเหมา":"738889","ชื่อ-สกุล รับเหมา":"รถตัดโรงงานเบอร์ 09","นักเกษตร":"2304","ศูนย์":"K2-23","โควตา":"726224","ชาวไร่":"นาย ปาน แยกมุม","ประเภทอ้อย":"ปลายฝน","พื้นที่":7.79,"ตันรวม":101.27,"รหัสแปลง":"320607061727","กลุ่ม":"กลุ่ม_23"},"geometry":{"type":"MultiPolygon","coordinates":[[[[981672.92949999962002,1604776.388599999248981],[981936.514200000092387,1604702.537900000810623],[981928.013899999670684,1604658.453600000590086],[981734.811900000087917,1604708.809299999848008],[981713.660600000061095,1604719.166300000622869],[981659.014000000432134,1604748.437899999320507],[981672.92949999962002,1604776.388599999248981]]]]}},
{"type":"Feature","properties":{"รหัสกลุ่มคิว":"23/001","รหัสรับเหมา":"738889","ชื่อ-สกุล รับเหมา":"รถตัดโรงงานเบอร์ 09","นักเกษตร":"2304","ศูนย์":"K2-23","โควตา":"726333","ชาวไร่":"นาย คำแสน ศรีพรม","ประเภทอ้อย":"ตอ2","พื้นที่":14.62,"ตันรวม":116.96,"รหัสแปลง":"320507081763","กลุ่ม":"กลุ่ม_23"},"geometry":{"type":"MultiPolygon","coordinates":[[[[978911.251199999824166,1614541.6875],[978900.257500000298023,1614464.655500000342727],[978664.22510000038892,1614489.825200000777841],[978681.286299999803305,1614592.429400000721216],[978881.857300000265241,1614568.4101],[978875.863199999555945,1614546.699500000104308],[978911.251199999824166,1614541.6875]]]]}},
{"type":"Feature","properties":{"รหัสกลุ่มคิว":"23/001","รหัสรับเหมา":"738889","ชื่อ-สกุล รับเหมา":"รถตัดโรงงานเบอร์ 09","นักเกษตร":"2304","ศูนย์":"K2-23","โควตา":"727387","ชาวไร่":"นาย กิตติพงษ์ มิถุนาวงศ์","ประเภทอ้อย":"ปลายฝน","พื้นที่":7.36,"ตันรวม":95.68,"รหัสแปลง":"320601111702","กลุ่ม":"กลุ่ม_23"},"geometry":{"type":"MultiPolygon","coordinates":[[[[993630.761199999600649,1606094.127699999138713],[993614.277499999850988,1606080.4831000007689],[993604.636800000444055,1606076.036800000816584],[993602.681499999947846,1606074.703199999406934],[993600.730000000447035,1606073.184699999168515],[993595.099700000137091,1606066.41469999961555],[993569.28000000026077,1606051.103800000622869],[993532.943599999882281,1606012.096999999135733],[993468.428299999795854,1606066.653200000524521],[993468.244500000029802,1606066.834499999880791],[993468.237099999561906,1606067.204199999570847],[993552.775899999774992,1606164.502599999308586],[993630.761199999600649,1606094.127699999138713]]]]}},
{"type":"Feature","properties":{"รหัสกลุ่มคิว":"23/001","รหัสรับเหมา":"738889","ชื่อ-สกุล รับเหมา":"รถตัดโรงงานเบอร์ 09","นักเกษตร":"2304","ศูนย์":"K2-23","โควตา":"726304","ชาวไร่":"นาง ชะอุ้ม ยุงประโคน","ประเภทอ้อย":"ตอ1","พื้นที่":7.65,"ตันรวม":68.85,"รหัสแปลง":"320607061730","กลุ่ม":"กลุ่ม_23"},"geometry":{"type":"MultiPolygon","coordinates":[[[[981717.926699999719858,1608221.458699999377131],[981735.455000000074506,1608285.442700000479817],[981735.822499999776483,1608285.275699999183416],[981799.745699999853969,1608267.837899999693036],[981941.958999999798834,1608243.8794],[981945.137000000104308,1608243.5844],[981955.757699999958277,1608241.674499999731779],[981953.710500000044703,1608229.973600000143051],[981952.573200000450015,1608196.14049999974668],[981717.926699999719858,1608221.458699999377131]]]]}},
{"type":"Feature","properties":{"รหัสกลุ่มคิว":"23/003","รหัสรับเหมา":"722635","ชื่อ-สกุล รับเหมา":"นาย พิชิต มณีศรี","นักเกษตร":"2303","ศูนย์":"K2-23","โควตา":"727273","ชาวไร่":"นางสาว นิตยา ชาญศรี","ประเภทอ้อย":"ปลายฝน","พื้นที่":5.66,"ตันรวม":73.58,"รหัสแปลง":"320607101772","กลุ่ม":"กลุ่ม_23"},"geometry":{"type":"MultiPolygon","coordinates":[[[[984697.212700000032783,1603395.889399999752641],[984645.334800000302494,1603430.698000000789762],[984722.704199999570847,1603535.800899999216199],[984779.488900000229478,1603487.785800000652671],[984749.597799999639392,1603443.706299999728799],[984741.071700000204146,1603433.667300000786781],[984730.763899999670684,1603429.308000000193715],[984697.212700000032783,1603395.889399999752641]]]]}},
{"type":"Feature","properties":{"รหัสกลุ่มคิว":"23/003","รหัสรับเหมา":"722635","ชื่อ-สกุล รับเหมา":"นาย พิชิต มณีศรี","นักเกษตร":"2303","ศูนย์":"K2-23","โควตา":"720444","ชาวไร่":"นาย บุญชอบ ศาลางาม","ประเภทอ้อย":"ปลายฝน","พื้นที่":3.2,"ตันรวม":41.6,"รหัสแปลง":"320601071930","กลุ่ม":"กลุ่ม_23"},"geometry":{"type":"MultiPolygon","coordinates":[[[[991510.496500000357628,1606416.250700000673532],[991511.025799999944866,1606416.815999999642372],[991511.374900000169873,1606417.377699999138713],[991515.200799999758601,1606424.2961],[991510.841000000014901,1606435.1195],[991510.10219999961555,1606436.02930000051856],[991509.183199999853969,1606436.935599999502301],[991509.664099999703467,1606448.964999999850988],[991532.953999999910593,1606482.715099999681115],[991537.309100000187755,1606490.198799999430776],[991537.463399999774992,1606491.496300000697374],[991587.88150000013411,1606474.9342],[991570.838200000114739,1606408.022900000214577],[991568.078200000338256,1606401.865499999374151],[991566.887600000016391,1606398.328199999406934],[991566.549499999731779,1606397.21199999935925],[991566.207700000144541,1606396.280600000172853],[991565.862300000153482,1606395.534],[991566.494699999690056,1606390.923599999397993],[991510.496500000357628,1606416.250700000673532]]]]}},
{"type":"Feature","properties":{"รหัสกลุ่มคิว":"23/002","รหัสรับเหมา":"722399","ชื่อ-สกุล รับเหมา":"นาง มะลิ งามเลิศ","นักเกษตร":"2302","ศูนย์":"K2-23","โควตา":"722327","ชาวไร่":"นาย มี ศาลางาม","ประเภทอ้อย":"ตอ1","พื้นที่":8.16,"ตันรวม":73.44,"รหัสแปลง":"320607072075","กลุ่ม":"กลุ่ม_23"},"geometry":{"type":"MultiPolygon","coordinates":[[[[988096.665599999949336,1605906.666600000113249],[987960.943799999542534,1605882.161000000312924],[987946.199199999682605,1605971.736400000751019],[988085.254599999636412,1606000.745999999344349],[988085.63300000037998,1605999.829],[988086.206299999728799,1605998.176100000739098],[988086.404699999839067,1605997.2555],[988086.808699999935925,1605995.04450000077486],[988088.333700000308454,1605990.821699999272823],[988088.565000000409782,1605988.237500000745058],[988088.947100000455976,1605987.135600000619888],[988089.141900000162423,1605986.399800000712276],[988088.274299999698997,1605984.718399999663234],[988087.965300000272691,1605982.12360000051558],[988087.987300000153482,1605981.014499999582767],[988089.350399999879301,1605975.864],[988089.945600000210106,1605973.102099999785423],[988090.144000000320375,1605972.181399999186397],[988091.058299999684095,1605962.39919999986887],[988091.116799999959767,1605959.441700000315905],[988091.712000000290573,1605956.6798],[988091.935999999754131,1605954.465299999341369],[988092.556800000369549,1605950.409499999135733],[988092.982800000347197,1605947.089500000700355],[988093.838600000366569,1605940.264699999243021],[988094.048000000417233,1605938.789599999785423],[988094.767500000074506,1605929.743100000545382],[988094.605700000189245,1605928.815300000831485],[988094.517099999822676,1605924.1908],[988094.932199999690056,1605921.425300000235438],[988095.328900000080466,1605919.584000000730157],[988095.754999999888241,1605916.264000000432134],[988096.665599999949336,1605906.666600000113249]]]]}},
{"type":"Feature","properties":{"รหัสกลุ่มคิว":"23/003","รหัสรับเหมา":"722635","ชื่อ-สกุล รับเหมา":"นาย พิชิต มณีศรี","นักเกษตร":"2303","ศูนย์":"K2-23","โควตา":"722785","ชาวไร่":"นางสาว บุญเรือง คะเรรัมย์","ประเภทอ้อย":"ตอ2","พื้นที่":9.08,"ตันรวม":72.64,"รหัสแปลง":"320607121800","กลุ่ม":"กลุ่ม_23"},"geometry":{"type":"MultiPolygon","coordinates":[[[[986731.031999999657273,1605642.90059999935329],[986722.524000000208616,1605607.079],[986710.386099999770522,1605553.633300000801682],[986702.896399999968708,1605523.14640000090003],[986697.744699999690056,1605499.066500000655651],[986677.569199999794364,1605419.466],[986721.428700000047684,1605410.962300000712276],[986708.427699999883771,1605329.145899999886751],[986675.599100000225008,1605340.6711],[986628.418800000101328,1605353.535800000652671],[986632.279000000096858,1605368.221200000494719],[986633.43709999974817,1605373.35869999974966],[986634.264899999834597,1605377.787599999457598],[986692.795800000429153,1605646.088899999856949],[986693.145299999974668,1605649.043700000271201],[986731.031999999657273,1605642.90059999935329]]]]}},
{"type":"Feature","properties":{"รหัสกลุ่มคิว":"23/002","รหัสรับเหมา":"722399","ชื่อ-สกุล รับเหมา":"นาง มะลิ งามเลิศ","นักเกษตร":"2302","ศูนย์":"K2-23","โควตา":"726068","ชาวไร่":"นาง ขวัญ ยืนยง","ประเภทอ้อย":"ตอ1","พื้นที่":14.9,"ตันรวม":134.1,"รหัสแปลง":"320601071932","กลุ่ม":"กลุ่ม_23"},"geometry":{"type":"MultiPolygon","coordinates":[[[[991059.681099999696016,1607547.6656],[990870.306300000287592,1607530.762000000104308],[990872.992600000463426,1607621.980699999257922],[990876.111899999901652,1607646.267300000414252],[990878.599999999627471,1607647.981200000271201],[991096.486700000241399,1607671.55599999986589],[991071.233599999919534,1607600.782999999821186],[991060.214900000020862,1607602.227600000798702],[991058.09389999974519,1607609.212300000712276],[991048.222000000067055,1607607.351199999451637],[991050.420400000177324,1607596.4847],[991068.675999999977648,1607593.520099999383092],[991059.681099999696016,1607547.6656]]]]}},
{"type":"Feature","properties":{"รหัสกลุ่มคิว":"23/002","รหัสรับเหมา":"722399","ชื่อ-สกุล รับเหมา":"นาง มะลิ งามเลิศ","นักเกษตร":"2302","ศูนย์":"K2-23","โควตา":"727482","ชาวไร่":"นาย อาทิตย์ ศรีเพ็ชร","ประเภทอ้อย":"ปลายฝน","พื้นที่":5.42,"ตันรวม":70.46,"รหัสแปลง":"320607031749","กลุ่ม":"กลุ่ม_23"},"geometry":{"type":"MultiPolygon","coordinates":[[[[991411.172500000335276,1611111.073599999770522],[991352.488400000147521,1611118.036800000816584],[991362.839999999850988,1611185.924900000914931],[991376.409500000067055,1611264.048000000417233],[991433.862499999813735,1611255.581000000238419],[991411.172500000335276,1611111.073599999770522]]]]}},
{"type":"Feature","properties":{"รหัสกลุ่มคิว":"23/001","รหัสรับเหมา":"738889","ชื่อ-สกุล รับเหมา":"รถตัดโรงงานเบอร์ 09","นักเกษตร":"2304","ศูนย์":"K2-23","โควตา":"710746","ชาวไร่":"นาง ประทอม บุญคล้อย","ประเภทอ้อย":"ตอ1","พื้นที่":3.15,"ตันรวม":28.35,"รหัสแปลง":"320507091684","กลุ่ม":"กลุ่ม_23"},"geometry":{"type":"MultiPolygon","coordinates":[[[[985563.560700000263751,1611651.381799999624491],[985571.670099999755621,1611536.79109999909997],[985503.498499999754131,1611529.216600000858307],[985497.666899999603629,1611554.595300000160933],[985531.457799999974668,1611561.600199999287724],[985532.805700000375509,1611652.251700000837445],[985563.560700000263751,1611651.381799999624491]]]]}},
{"type":"Feature","properties":{"รหัสกลุ่มคิว":"23/003","รหัสรับเหมา":"722635","ชื่อ-สกุล รับเหมา":"นาย พิชิต มณีศรี","นักเกษตร":"2303","ศูนย์":"K2-23","โควตา":"726064","ชาวไร่":"นาย เช้า ใจงาม","ประเภทอ้อย":"ปลายฝน","พื้นที่":8.79,"ตันรวม":114.27,"รหัสแปลง":"320601111707","กลุ่ม":"กลุ่ม_23"},"geometry":{"type":"MultiPolygon","coordinates":[[[[994506.509100000374019,1607805.799599999561906],[994305.537499999627471,1607809.902300000190735],[994310.144500000402331,1607840.692700000479817],[994309.545400000177324,1607879.51549999974668],[994426.806800000369549,1607880.944599999114871],[994462.803899999707937,1607882.776799999177456],[994494.647599999792874,1607885.08049999922514],[994506.509100000374019,1607805.799599999561906]]]]}},
{"type":"Feature","properties":{"รหัสกลุ่มคิว":"23/001","รหัสรับเหมา":"738889","ชื่อ-สกุล รับเหมา":"รถตัดโรงงานเบอร์ 09","นักเกษตร":"2304","ศูนย์":"K2-23","โควตา":"727384","ชาวไร่":"นาง สีดา สังสมานันท์","ประเภทอ้อย":"ปลายฝน","พื้นที่":10.14,"ตันรวม":131.82,"รหัสแปลง":"320607061735","กลุ่ม":"กลุ่ม_23"},"geometry":{"type":"MultiPolygon","coordinates":[[[[981612.349100000225008,1604655.447100000455976],[981613.180100000463426,1604657.434599999338388],[981614.637299999594688,1604659.838899999856949],[981616.130499999970198,1604663.178400000557303],[981619.821299999952316,1604669.978000000119209],[981628.090900000184774,1604684.510600000619888],[981633.120099999941885,1604694.22829999960959],[981638.869099999777973,1604703.276599999517202],[981641.529000000096858,1604707.6524],[981644.290400000289083,1604711.472300000488758],[981646.935200000181794,1604715.229399999603629],[981649.423000000417233,1604719.14159999974072],[981651.92989999987185,1604723.4679000005126],[981656.153599999845028,1604733.137399999424815],[981658.470099999569356,1604738.39919999986887],[981660.137699999846518,1604742.551100000739098],[981667.817300000227988,1604741.352600000798702],[981675.69579999987036,1604736.9222],[981683.670199999585748,1604734.079],[981687.99930000025779,1604731.852700000628829],[981692.808699999935925,1604729.156999999657273],[981697.872100000269711,1604726.912599999457598],[981707.664300000295043,1604722.384600000455976],[981712.1409,1604719.561499999836087],[981722.468000000342727,1604713.625900000333786],[981733.691200000233948,1604709.1305],[981739.083300000056624,1604707.682900000363588],[981748.630499999970198,1604705.03319999948144],[981778.080500000156462,1604698.369000000879169],[981795.370099999941885,1604693.624800000339746],[981798.962700000032783,1604692.462899999693036],[981799.298700000159442,1604683.6031],[981790.816599999554455,1604650.724500000476837],[981785.028199999593198,1604624.667999999597669],[981779.761800000444055,1604587.653799999505281],[981612.349100000225008,1604655.447100000455976]]]]}},
{"type":"Feature","properties":{"รหัสกลุ่มคิว":"23/001","รหัสรับเหมา":"738889","ชื่อ-สกุล รับเหมา":"รถตัดโรงงานเบอร์ 09","นักเกษตร":"2304","ศูนย์":"K2-23","โควตา":"727466","ชาวไร่":"นางสาว ปลายฟ้า มนตรีโพธิ์","ประเภทอ้อย":"ปลายฝน","พื้นที่":7.08,"ตันรวม":92.04,"รหัสแปลง":"320607101773","กลุ่ม":"กลุ่ม_23"},"geometry":{"type":"MultiPolygon","coordinates":[[[[985277.492700000293553,1602964.745100000873208],[985174.692400000058115,1602815.126499999314547],[985169.632799999788404,1602821.95890000090003],[985165.107599999755621,1602820.457699999213219],[985120.114900000393391,1602847.911299999803305],[985224.622700000181794,1602996.246200000867248],[985277.492700000293553,1602964.745100000873208]]]]}},
{"type":"Feature","properties":{"รหัสกลุ่มคิว":"23/001","รหัสรับเหมา":"738889","ชื่อ-สกุล รับเหมา":"รถตัดโรงงานเบอร์ 09","นักเกษตร":"2304","ศูนย์":"K2-23","โควตา":"726978","ชาวไร่":"นาย สุนทร เยียวรัมย์","ประเภทอ้อย":"ตอ1","พื้นที่":3.73,"ตันรวม":33.57,"รหัสแปลง":"320507081767","กลุ่ม":"กลุ่ม_23"},"geometry":{"type":"MultiPolygon","coordinates":[[[[979898.913200000301003,1612529.887399999424815],[979903.508399999700487,1612626.492000000551343],[979969.998100000433624,1612615.5888],[979963.724399999715388,1612531.15430000051856],[979898.913200000301003,1612529.887399999424815]]]]}},
{"type":"Feature","properties":{"รหัสกลุ่มคิว":"23/003","รหัสรับเหมา":"722635","ชื่อ-สกุล รับเหมา":"นาย พิชิต มณีศรี","นักเกษตร":"2303","ศูนย์":"K2-23","โควตา":"720444","ชาวไร่":"นาย บุญชอบ ศาลางาม","ประเภทอ้อย":"ตอ1","พื้นที่":37.71,"ตันรวม":339.39,"รหัสแปลง":"320601071936","กลุ่ม":"กลุ่ม_23"},"geometry":{"type":"MultiPolygon","coordinates":[[[[991378.397599999792874,1606571.539200000464916],[991491.657700000330806,1606448.4211],[991485.858099999837577,1606441.093599999323487],[991488.417299999855459,1606421.1732],[991494.081500000320375,1606417.217800000682473],[991498.650399999693036,1606413.980399999767542],[991487.68680000025779,1606403.591199999675155],[991477.020800000056624,1606396.351500000804663],[991458.408699999563396,1606381.001900000497699],[991453.9693,1606368.708699999377131],[991452.899699999950826,1606368.13260000012815],[991451.830099999904633,1606367.556500000879169],[991444.721900000236928,1606362.606899999082088],[991435.180700000375509,1606353.170700000599027],[991425.411399999633431,1606346.133899999782443],[991421.695600000210106,1606342.731200000271201],[991413.20920000039041,1606334.610500000417233],[991403.789099999703467,1606328.13539999909699],[991388.30449999962002,1606318.580800000578165],[991383.864599999971688,1606315.348600000143051],[991381.560100000351667,1606313.453500000759959],[991378.006000000052154,1606310.978700000792742],[991352.509399999864399,1606297.526100000366569],[991343.051599999889731,1606311.02170000039041],[991338.181499999947846,1606311.29450000077486],[991336.590099999681115,1606309.783399999141693],[991336.630599999800324,1606307.750099999830127],[991338.222400000318885,1606300.200099999085069],[991337.520399999804795,1606299.261499999091029],[991335.878200000151992,1606282.216099999845028],[991331.625799999572337,1606278.617900000885129],[991330.049100000411272,1606276.36739999987185],[991328.803100000135601,1606275.602900000289083],[991326.480200000107288,1606274.631999999284744],[991316.747399999760091,1606274.807900000363588],[991296.939899999648333,1606274.22829999960959],[991295.138899999670684,1606274.192399999126792],[991288.981900000013411,1606284.795],[991259.490799999795854,1606336.1699],[991257.465499999932945,1606338.348600000143051],[991243.192599999718368,1606358.405300000682473],[991221.64159999974072,1606391.07660000026226],[991206.875900000333786,1606417.7807],[991170.735399999655783,1606486.405500000342727],[991166.735999999567866,1606497.235999999567866],[991162.563900000415742,1606507.693299999460578],[991157.494900000281632,1606517.947799999266863],[991153.175900000147521,1606526.7379],[991153.678999999538064,1606537.65819999948144],[991155.637900000438094,1606538.806800000369549],[991158.512199999764562,1606539.233899999409914],[991162.827200000174344,1606539.6897],[991172.004900000058115,1606540.24239999987185],[991188.412299999967217,1606539.644799999892712],[991195.642099999822676,1606538.494400000199676],[991204.320000000298023,1606537.003000000491738],[991209.013700000010431,1606536.541799999773502],[991214.063799999654293,1606536.272600000724196],[991219.654299999587238,1606536.0142],[991230.831500000320375,1606535.682199999690056],[991236.050699999555945,1606535.971100000664592],[991240.906000000424683,1606536.437699999660254],[991259.786999999545515,1606538.293299999088049],[991276.466199999675155,1606542.1392],[991289.36710000038147,1606545.724899999797344],[991301.720300000160933,1606549.66950000077486],[991321.439100000075996,1606554.685599999502301],[991333.821800000034273,1606557.151399999856949],[991350.478900000452995,1606562.1064],[991375.7034,1606571.115599999204278],[991377.673499999567866,1606571.709599999710917],[991378.033699999563396,1606571.71680000051856],[991378.213800000026822,1606571.7204],[991378.397599999792874,1606571.539200000464916]]]]}},
{"type":"Feature","properties":{"รหัสกลุ่มคิว":"23/003","รหัสรับเหมา":"722635","ชื่อ-สกุล รับเหมา":"นาย พิชิต มณีศรี","นักเกษตร":"2303","ศูนย์":"K2-23","โควตา":"720444","ชาวไร่":"นาย บุญชอบ ศาลางาม","ประเภทอ้อย":"ปลายฝน","พื้นที่":20.67,"ตันรวม":268.71,"รหัสแปลง":"320607011777","กลุ่ม":"กลุ่ม_23"},"geometry":{"type":"MultiPolygon","coordinates":[[[[983446.551400000229478,1608804.922900000587106],[983476.209300000220537,1608799.033900000154972],[983500.99959999974817,1608784.174000000581145],[983563.729399999603629,1608662.816199999302626],[983613.333499999716878,1608668.598300000652671],[983654.852800000458956,1608673.29700000025332],[983670.120500000193715,1608620.529999999329448],[983660.05489999987185,1608619.407700000330806],[983578.571299999952316,1608613.369100000709295],[983589.388799999840558,1608530.375700000673532],[983421.907300000078976,1608528.010600000619888],[983427.122899999842048,1608592.643699999898672],[983427.47580000013113,1608593.020500000566244],[983427.828700000420213,1608593.397199999541044],[983428.177899999544024,1608593.958799999207258],[983428.861899999901652,1608595.82120000012219],[983487.009200000204146,1608597.7029],[983486.518299999646842,1608604.349700000137091],[983424.021399999968708,1608805.589700000360608],[983423.664900000207126,1608805.39780000038445],[983445.121700000017881,1608804.340099999681115],[983446.551400000229478,1608804.922900000587106]]]]}},
{"type":"Feature","properties":{"รหัสกลุ่มคิว":"23/002","รหัสรับเหมา":"722399","ชื่อ-สกุล รับเหมา":"นาง มะลิ งามเลิศ","นักเกษตร":"2302","ศูนย์":"K2-23","โควตา":"722399","ชาวไร่":"นาง มะลิ งามเลิศ","ประเภทอ้อย":"ตอ1","พื้นที่":17.29,"ตันรวม":155.61,"รหัสแปลง":"320601071937","กลุ่ม":"กลุ่ม_23"},"geometry":{"type":"MultiPolygon","coordinates":[[[[991463.792899999767542,1605170.715700000524521],[991583.454199999570847,1605180.2467],[991600.916699999943376,1605187.3904],[991662.988099999725819,1605189.6129],[991690.335900000296533,1605182.843100000172853],[991718.050300000235438,1605169.5219],[991646.861200000159442,1605075.188300000503659],[991642.157800000160933,1605076.250700000673532],[991619.600700000301003,1605048.149700000882149],[991563.196299999952316,1605052.996300000697374],[991466.900700000114739,1605051.548499999567866],[991467.5152000002563,1605058.8037],[991458.020299999974668,1605057.481699999421835],[991463.792899999767542,1605170.715700000524521]]]]}},
{"type":"Feature","properties":{"รหัสกลุ่มคิว":"23/001","รหัสรับเหมา":"738889","ชื่อ-สกุล รับเหมา":"รถตัดโรงงานเบอร์ 09","นักเกษตร":"2304","ศูนย์":"K2-23","โควตา":"710769","ชาวไร่":"นาย หวด เปรียบยอดยิ่ง","ประเภทอ้อย":"ตอ1","พื้นที่":3.65,"ตันรวม":32.85,"รหัสแปลง":"320507041754","กลุ่ม":"กลุ่ม_23"},"geometry":{"type":"MultiPolygon","coordinates":[[[[981568.248100000433624,1610186.841099999845028],[981418.016800000332296,1610201.181399999186397],[981424.288200000301003,1610242.582100000232458],[981576.951299999840558,1610220.662599999457598],[981568.248100000433624,1610186.841099999845028]]]]}},
{"type":"Feature","properties":{"รหัสกลุ่มคิว":"23/001","รหัสรับเหมา":"738889","ชื่อ-สกุล รับเหมา":"รถตัดโรงงานเบอร์ 09","นักเกษตร":"2304","ศูนย์":"K2-23","โควตา":"727236","ชาวไร่":"นาย สมยศ สมชื่อ","ประเภทอ้อย":"ปลายฝน","พื้นที่":14.16,"ตันรวม":184.08,"รหัสแปลง":"320601071940","กลุ่ม":"กลุ่ม_23"},"geometry":{"type":"MultiPolygon","coordinates":[[[[993411.058899999596179,1607870.005599999800324],[993404.634800000116229,1607866.918099999427795],[993399.995000000111759,1607900.666500000283122],[993341.046299999579787,1607893.383099999278784],[993336.916899999603629,1607955.620200000703335],[993337.997499999590218,1607955.641799999400973],[993339.963700000196695,1607956.42090000025928],[993341.224399999715388,1607956.44620000012219],[993342.848899999633431,1607956.293800000101328],[993353.143899999558926,1607955.020600000396371],[993354.360100000165403,1607957.26410000026226],[993357.288399999961257,1607963.980100000277162],[993364.124499999918044,1607964.4869],[993390.065399999730289,1607964.636700000613928],[993424.628600000403821,1607966.068900000303984],[993460.305700000375509,1607965.859099999070168],[993494.317599999718368,1607967.835100000724196],[993521.166400000452995,1607967.633400000631809],[993610.478199999779463,1607970.16300000064075],[993630.314500000327826,1607969.266100000590086],[993636.21239999961108,1607953.6656],[993638.24309999961406,1607942.240900000557303],[993645.779500000178814,1607907.810799999162555],[993605.939299999736249,1607899.98509999923408],[993598.003999999724329,1607900.380899999290705],[993595.482699999585748,1607900.330299999564886],[993589.355700000189245,1607900.3925],[993587.190899999812245,1607900.534],[993584.493200000375509,1607900.295],[993566.884700000286102,1607897.907999999821186],[993560.048499999567866,1607897.401100000366569],[993554.664200000464916,1607896.368599999696016],[993553.591000000014901,1607895.97719999961555],[993550.529400000348687,1607895.915899999439716],[993541.719600000418723,1607894.999600000679493],[993540.098699999973178,1607894.9671],[993529.311599999666214,1607893.82630000077188],[993411.058899999596179,1607870.005599999800324]]]]}},
{"type":"Feature","properties":{"รหัสกลุ่มคิว":"23/001","รหัสรับเหมา":"738889","ชื่อ-สกุล รับเหมา":"รถตัดโรงงานเบอร์ 09","นักเกษตร":"2304","ศูนย์":"K2-23","โควตา":"727223","ชาวไร่":"นาง อัมพกา พูนสารยิ่ง","ประเภทอ้อย":"ปลายฝน","พื้นที่":9.23,"ตันรวม":119.99,"รหัสแปลง":"320607011778","กลุ่ม":"กลุ่ม_23"},"geometry":{"type":"MultiPolygon","coordinates":[[[[982463.144100000150502,1608205.606599999591708],[982475.371899999678135,1608230.227800000458956],[982481.60010000038892,1608224.454299999400973],[982485.447499999776483,1608223.213899999856949],[982489.235399999655783,1608222.693],[982500.293300000019372,1608217.330399999395013],[982506.455299999564886,1608213.550300000235438],[982523.282300000078976,1608205.962099999189377],[982538.70160000026226,1608200.4013],[982542.339399999938905,1608198.756999999284744],[982548.770399999804795,1608195.121600000187755],[982568.052199999801815,1608184.778000000864267],[982581.168200000189245,1608180.715700000524521],[982587.859000000171363,1608178.154799999669194],[982594.621700000017881,1608176.0789],[982598.99280000012368,1608174.462899999693036],[982601.809299999848008,1608172.667600000277162],[982605.694899999536574,1608171.786000000312924],[982613.831600000150502,1608169.406899999827147],[982616.1398,1608169.042999999597669],[982621.573200000450015,1608166.847999999299645],[982625.635599999688566,1608165.267799999564886],[982691.752199999988079,1608148.575099999085069],[982691.715800000354648,1608148.123400000855327],[982690.176500000059605,1608145.768500000238419],[982687.785000000149012,1608142.527499999850988],[982684.965800000354648,1608139.380300000309944],[982682.4057,1608135.494400000199676],[982675.704800000414252,1608127.47749999910593],[982674.244699999690056,1608125.71000000089407],[982672.287999999709427,1608123.393400000408292],[982671.051099999807775,1608121.7884],[982658.801699999719858,1608104.280300000682473],[982655.150500000454485,1608101.521299999207258],[982653.075199999846518,1608097.393799999728799],[982650.516699999570847,1608093.88910000026226],[982649.938000000081956,1608091.985400000587106],[982599.533200000412762,1608108.530500000342727],[982550.410600000061095,1608122.985300000756979],[982495.340400000102818,1608142.303099999204278],[982446.364000000059605,1608171.504300000146031],[982444.146099999547005,1608175.115299999713898],[982463.144100000150502,1608205.606599999591708]]]]}},
{"type":"Feature","properties":{"รหัสกลุ่มคิว":"23/002","รหัสรับเหมา":"722399","ชื่อ-สกุล รับเหมา":"นาง มะลิ งามเลิศ","นักเกษตร":"2302","ศูนย์":"K2-23","โควตา":"726871","ชาวไร่":"นางสาว สุพิศ ภาสดา","ประเภทอ้อย":"ปลายฝน","พื้นที่":5.2,"ตันรวม":67.6,"รหัสแปลง":"320601071942","กลุ่ม":"กลุ่ม_23"},"geometry":{"type":"MultiPolygon","coordinates":[[[[991756.4068,1606327.2149],[991865.244500000029802,1606317.551200000569224],[991862.636300000362098,1606294.753799999132752],[991857.112800000235438,1606282.623700000345707],[991756.225200000219047,1606291.151699999347329],[991756.4068,1606327.2149]]]]}},
{"type":"Feature","properties":{"รหัสกลุ่มคิว":"23/002","รหัสรับเหมา":"722399","ชื่อ-สกุล รับเหมา":"นาง มะลิ งามเลิศ","นักเกษตร":"2302","ศูนย์":"K2-23","โควตา":"727185","ชาวไร่":"นาง อารยา ดุนขุนทด","ประเภทอ้อย":"ตอ4","พื้นที่":2.46,"ตันรวม":17.22,"รหัสแปลง":"320607031750","กลุ่ม":"กลุ่ม_23"},"geometry":{"type":"MultiPolygon","coordinates":[[[[990786.534900000318885,1610854.497899999842048],[990764.72580000013113,1610710.749800000339746],[990732.540900000371039,1610716.764399999752641],[990765.723899999633431,1610859.260199999436736],[990786.534900000318885,1610854.497899999842048]]]]}},
{"type":"Feature","properties":{"รหัสกลุ่มคิว":"23/002","รหัสรับเหมา":"722399","ชื่อ-สกุล รับเหมา":"นาง มะลิ งามเลิศ","นักเกษตร":"2302","ศูนย์":"K2-23","โควตา":"722399","ชาวไร่":"นาง มะลิ งามเลิศ","ประเภทอ้อย":"ปลายฝน","พื้นที่":26.29,"ตันรวม":341.77,"รหัสแปลง":"320510011634","กลุ่ม":"กลุ่ม_23"},"geometry":{"type":"MultiPolygon","coordinates":[[[[994315.728400000371039,1618974.4331],[994279.644799999892712,1618799.5],[994058.75650000013411,1618822.221100000664592],[994058.433799999766052,1618998.636900000274181],[994097.485600000247359,1618999.980799999088049],[994104.202200000174344,1618997.342499999329448],[994213.891099999658763,1618985.462600000202656],[994213.168100000359118,1618980.74860000051558],[994211.271300000138581,1618974.72580000013113],[994201.4852,1618906.473899999633431],[994200.790599999949336,1618896.288799999281764],[994195.631599999964237,1618866.410900000482798],[994191.835799999535084,1618813.629300000146031],[994194.003399999812245,1618813.303300000727177],[994199.389499999582767,1618867.596400000154972],[994203.734299999661744,1618893.204500000923872],[994207.666199999861419,1618912.51659999974072],[994211.612999999895692,1618931.089299999177456],[994214.72690000012517,1618946.316500000655651],[994215.818900000303984,1618954.660399999469519],[994215.658900000154972,1618971.4857],[994221.485100000165403,1618984.640100000426173],[994315.728400000371039,1618974.4331]]]]}},
{"type":"Feature","properties":{"รหัสกลุ่มคิว":"23/001","รหัสรับเหมา":"738889","ชื่อ-สกุล รับเหมา":"รถตัดโรงงานเบอร์ 09","นักเกษตร":"2304","ศูนย์":"K2-23","โควตา":"726334","ชาวไร่":"นาย มานพ สมชื่อ","ประเภทอ้อย":"ตอ2","พื้นที่":4.35,"ตันรวม":34.8,"รหัสแปลง":"320507031663","กลุ่ม":"กลุ่ม_23"},"geometry":{"type":"MultiPolygon","coordinates":[[[[980767.599200000055134,1611754.0472],[980766.857599999755621,1611791.9364],[980963.1864,1611791.342199999839067],[980961.68099999986589,1611757.846400000154972],[980767.599200000055134,1611754.0472]]]]}},
{"type":"Feature","properties":{"รหัสกลุ่มคิว":"23/002","รหัสรับเหมา":"722399","ชื่อ-สกุล รับเหมา":"นาง มะลิ งามเลิศ","นักเกษตร":"2302","ศูนย์":"K2-23","โควตา":"726213","ชาวไร่":"นาย บุญแก้ว สอนสงคราม","ประเภทอ้อย":"ปลายฝน","พื้นที่":7.79,"ตันรวม":101.27,"รหัสแปลง":"320607131662","กลุ่ม":"กลุ่ม_23"},"geometry":{"type":"MultiPolygon","coordinates":[[[[987755.554700000211596,1610347.604499999433756],[987687.852300000376999,1610382.5044],[987657.85219999961555,1610396.517400000244379],[987641.900299999862909,1610401.563500000163913],[987612.469800000078976,1610414.1085],[987557.875,1610432.996400000527501],[987533.802000000141561,1610438.80599999986589],[987519.375,1610439.6294],[987515.557500000111759,1610450.463500000536442],[987612.63329999987036,1610451.279100000858307],[987637.143400000408292,1610441.595100000500679],[987942.072499999776483,1610271.052999999374151],[987932.440000000409782,1610248.117499999701977],[987874.059700000099838,1610276.1754],[987822.378600000403821,1610302.517100000753999],[987788.42090000025928,1610325.327299999073148],[987755.554700000211596,1610347.604499999433756]]]]}},
{"type":"Feature","properties":{"รหัสกลุ่มคิว":"23/003","รหัสรับเหมา":"722635","ชื่อ-สกุล รับเหมา":"นาย พิชิต มณีศรี","นักเกษตร":"2303","ศูนย์":"K2-23","โควตา":"727307","ชาวไร่":"นาง ทองใบ บุญเลิศ","ประเภทอ้อย":"ตอ4","พื้นที่":3.96,"ตันรวม":27.72,"รหัสแปลง":"320607121806","กลุ่ม":"กลุ่ม_23"},"geometry":{"type":"MultiPolygon","coordinates":[[[[985305.582299999892712,1606066.294600000604987],[985431.819199999794364,1606073.815199999138713],[985438.255499999970198,1606022.103499999269843],[985305.513500000350177,1606020.536699999123812],[985304.84250000026077,1606021.02559999935329],[985305.582299999892712,1606066.294600000604987]]]]}},
{"type":"Feature","properties":{"รหัสกลุ่มคิว":"23/003","รหัสรับเหมา":"722635","ชื่อ-สกุล รับเหมา":"นาย พิชิต มณีศรี","นักเกษตร":"2303","ศูนย์":"K2-23","โควตา":"727175","ชาวไร่":"นางสาว ภารดี อินทร์งาม","ประเภทอ้อย":"ตอ1","พื้นที่":7.68,"ตันรวม":69.12,"รหัสแปลง":"320601071946","กลุ่ม":"กลุ่ม_23"},"geometry":{"type":"MultiPolygon","coordinates":[[[[991070.385800000280142,1605029.275399999693036],[990962.959400000050664,1605022.144799999892712],[990974.980999999679625,1605142.39640000090003],[991075.445199999958277,1605146.245100000873208],[991070.385800000280142,1605029.275399999693036]]]]}},
{"type":"Feature","properties":{"รหัสกลุ่มคิว":"23/002","รหัสรับเหมา":"722399","ชื่อ-สกุล รับเหมา":"นาง มะลิ งามเลิศ","นักเกษตร":"2302","ศูนย์":"K2-23","โควตา":"722081","ชาวไร่":"นาย ธวัช น่าชม","ประเภทอ้อย":"ตอ4","พื้นที่":1.99,"ตันรวม":13.93,"รหัสแปลง":"320607031754","กลุ่ม":"กลุ่ม_23"},"geometry":{"type":"MultiPolygon","coordinates":[[[[990671.068599999882281,1610980.711799999698997],[990596.138399999588728,1610989.386600000783801],[990595.050699999555945,1611034.855000000447035],[990619.551400000229478,1611025.72829999960959],[990636.536600000225008,1611023.10869999974966],[990677.448300000280142,1611022.076199999079108],[990671.068599999882281,1610980.711799999698997]]]]}},
{"type":"Feature","properties":{"รหัสกลุ่มคิว":"23/001","รหัสรับเหมา":"738889","ชื่อ-สกุล รับเหมา":"รถตัดโรงงานเบอร์ 09","นักเกษตร":"2304","ศูนย์":"K2-23","โควตา":"726297","ชาวไร่":"นางสาว อรพิมพ์ สุขศรีนวล","ประเภทอ้อย":"ปลายฝน","พื้นที่":6.5,"ตันรวม":84.5,"รหัสแปลง":"320607061741","กลุ่ม":"กลุ่ม_23"},"geometry":{"type":"MultiPolygon","coordinates":[[[[981784.122600000351667,1604628.820800000801682],[981927.806300000287592,1604582.845000000670552],[981921.740699999965727,1604570.061599999666214],[981916.928100000135601,1604558.995100000873208],[981902.97510000038892,1604531.602800000458956],[981899.054800000041723,1604529.5921],[981896.494099999777973,1604528.026399999856949],[981893.199400000274181,1604517.64049999974668],[981890.581100000068545,1604517.63120000064373],[981772.956299999728799,1604551.032700000330806],[981776.148199999704957,1604567.149299999698997],[981780.806300000287592,1604598.660700000822544],[981784.122600000351667,1604628.820800000801682]]]]}},
{"type":"Feature","properties":{"รหัสกลุ่มคิว":"23/002","รหัสรับเหมา":"722399","ชื่อ-สกุล รับเหมา":"นาง มะลิ งามเลิศ","นักเกษตร":"2302","ศูนย์":"K2-23","โควตา":"720061","ชาวไร่":"นาง สายทอง งามเลิศ","ประเภทอ้อย":"ต้นฝน","พื้นที่":7.1,"ตันรวม":78.1,"รหัสแปลง":"320607072092","กลุ่ม":"กลุ่ม_23"},"geometry":{"type":"MultiPolygon","coordinates":[[[[988194.270200000144541,1604561.511499999091029],[988203.520399999804795,1604512.877599999308586],[988042.813900000415742,1604484.92119999974966],[988020.702800000086427,1604564.365900000557303],[988029.678899999707937,1604566.022700000554323],[988092.341500000096858,1604568.001499999314547],[988150.974999999627471,1604564.168500000610948],[988194.270200000144541,1604561.511499999091029]]]]}},
{"type":"Feature","properties":{"รหัสกลุ่มคิว":"23/003","รหัสรับเหมา":"722635","ชื่อ-สกุล รับเหมา":"นาย พิชิต มณีศรี","นักเกษตร":"2303","ศูนย์":"K2-23","โควตา":"722351","ชาวไร่":"นาย ภาค สาทิพจันทร์","ประเภทอ้อย":"ตอ1","พื้นที่":11.84,"ตันรวม":106.56,"รหัสแปลง":"320607072095","กลุ่ม":"กลุ่ม_23"},"geometry":{"type":"MultiPolygon","coordinates":[[[[987739.611200000159442,1605383.565700000151992],[987742.583700000308454,1605270.8947],[987595.326999999582767,1605244.377599999308586],[987610.10010000038892,1605409.825899999588728],[987663.115899999625981,1605400.674699999392033],[987664.360600000247359,1605389.933000000193715],[987739.611200000159442,1605383.565700000151992]]]]}},
{"type":"Feature","properties":{"รหัสกลุ่มคิว":"23/003","รหัสรับเหมา":"722635","ชื่อ-สกุล รับเหมา":"นาย พิชิต มณีศรี","นักเกษตร":"2303","ศูนย์":"K2-23","โควตา":"727188","ชาวไร่":"นางสาว มินตรา จันดาสี","ประเภทอ้อย":"ตอ1","พื้นที่":13.22,"ตันรวม":118.98,"รหัสแปลง":"320607101776","กลุ่ม":"กลุ่ม_23"},"geometry":{"type":"MultiPolygon","coordinates":[[[[985223.524000000208616,1604337.184699999168515],[985179.694099999964237,1604277.699799999594688],[985028.612300000153482,1604383.815300000831485],[985094.897300000302494,1604478.6096],[985243.060800000093877,1604370.047399999573827],[985242.588399999774992,1604363.723200000822544],[985223.524000000208616,1604337.184699999168515]]]]}},
{"type":"Feature","properties":{"รหัสกลุ่มคิว":"23/002","รหัสรับเหมา":"722399","ชื่อ-สกุล รับเหมา":"นาง มะลิ งามเลิศ","นักเกษตร":"2302","ศูนย์":"K2-23","โควตา":"727406","ชาวไร่":"นาย สอน งามสง่า","ประเภทอ้อย":"ตอ4","พื้นที่":12.87,"ตันรวม":90.09,"รหัสแปลง":"320510041609","กลุ่ม":"กลุ่ม_23"},"geometry":{"type":"MultiPolygon","coordinates":[[[[997266.483599999919534,1618339.268899999558926],[997265.299300000071526,1618317.792199999094009],[996954.572800000198185,1618382.493599999696016],[996978.577800000086427,1618459.729699999094009],[997141.287499999627471,1618429.192600000649691],[997137.024500000290573,1618390.824100000783801],[997202.550300000235438,1618383.4638],[997213.501400000415742,1618394.042899999767542],[997239.747899999842048,1618387.548800000920892],[997241.650999999605119,1618347.086300000548363],[997266.483599999919534,1618339.268899999558926]]]]}},
{"type":"Feature","properties":{"รหัสกลุ่มคิว":"23/002","รหัสรับเหมา":"722399","ชื่อ-สกุล รับเหมา":"นาง มะลิ งามเลิศ","นักเกษตร":"2302","ศูนย์":"K2-23","โควตา":"727403","ชาวไร่":"นาง พิรุณ เครือศรี","ประเภทอ้อย":"ตอ2","พื้นที่":13.72,"ตันรวม":109.76,"รหัสแปลง":"321009051517","กลุ่ม":"กลุ่ม_23"},"geometry":{"type":"MultiPolygon","coordinates":[[[[1000924.190499999560416,1620292.942099999636412],[1000950.203099999576807,1620587.724600000306964],[1000973.321100000292063,1620584.499800000339746],[1000968.372000000439584,1620527.249900000169873],[1000993.256199999712408,1620525.72580000013113],[1000994.472199999727309,1620589.372199999168515],[1001027.246799999848008,1620589.48960000090301],[1001006.116600000299513,1620285.004699999466538],[1000986.628999999724329,1620286.824500000104308],[1000986.003499999642372,1620317.3277000002563],[1000969.9742,1620317.369000000879169],[1000966.819199999794364,1620286.788200000301003],[1000924.190499999560416,1620292.942099999636412]]]]}},
{"type":"Feature","properties":{"รหัสกลุ่มคิว":"23/002","รหัสรับเหมา":"722399","ชื่อ-สกุล รับเหมา":"นาง มะลิ งามเลิศ","นักเกษตร":"2302","ศูนย์":"K2-23","โควตา":"722399","ชาวไร่":"นาง มะลิ งามเลิศ","ประเภทอ้อย":"ตอ1","พื้นที่":25.59,"ตันรวม":230.31,"รหัสแปลง":"320510011645","กลุ่ม":"กลุ่ม_23"},"geometry":{"type":"MultiPolygon","coordinates":[[[[995026.938099999912083,1618056.027000000700355],[995026.684299999848008,1618077.473899999633431],[995035.324099999852479,1618122.2171],[995034.570299999788404,1618123.86629999987781],[995055.787399999797344,1618205.665300000458956],[995328.544200000353158,1618218.953299999237061],[995329.481700000353158,1618217.122999999672174],[995464.780600000172853,1618232.622999999672174],[995469.072300000116229,1618162.990399999544024],[995361.380599999800324,1618153.782299999147654],[995203.792299999855459,1618136.167500000447035],[995150.678000000305474,1618135.462400000542402],[995156.073200000450015,1618100.249600000679493],[995205.144700000062585,1618104.941400000825524],[995203.875300000421703,1618069.778699999675155],[995026.938099999912083,1618056.027000000700355]]]]}},
{"type":"Feature","properties":{"รหัสกลุ่มคิว":"23/003","รหัสรับเหมา":"722635","ชื่อ-สกุล รับเหมา":"นาย พิชิต มณีศรี","นักเกษตร":"2303","ศูนย์":"K2-23","โควตา":"722635","ชาวไร่":"นาย พิชิต มณีศรี","ประเภทอ้อย":"ปลายฝน","พื้นที่":54.69,"ตันรวม":710.97,"รหัสแปลง":"320605056344","กลุ่ม":"กลุ่ม_23"},"geometry":{"type":"MultiPolygon","coordinates":[[[[1009016.632000000216067,1608385.112500000745058],[1009017.011199999600649,1608381.675599999725819],[1009002.524600000120699,1608368.149800000712276],[1009015.370900000445545,1608357.202099999412894],[1009024.560499999672174,1608358.542899999767542],[1009026.815100000239909,1608353.194900000467896],[1009024.440600000321865,1608348.7544],[1009035.413499999791384,1608316.606599999591708],[1009057.531499999575317,1608306.903799999505281],[1009065.970599999651313,1608285.865900000557303],[1009058.721,1608281.631999999284744],[1009059.795099999755621,1608279.099500000476837],[1009069.169200000353158,1608278.530899999663234],[1009083.03830000013113,1608249.6425],[1009097.653,1608255.089600000530481],[1009107.761300000362098,1608221.308199999853969],[1009151.176,1608235.8849],[1009146.601300000213087,1608255.076099999248981],[1009121.388500000350177,1608250.570800000801682],[1009120.8898,1608235.155500000342727],[1009112.599399999715388,1608234.087500000372529],[1009107.1881,1608239.514499999582767],[1009101.325000000186265,1608265.179099999368191],[1009080.861700000241399,1608285.89299999922514],[1009077.745699999853969,1608297.712099999189377],[1009070.629499999806285,1608304.02280000038445],[1009063.57660000026226,1608310.87529999949038],[1009059.676900000311434,1608326.503599999472499],[1009062.435600000433624,1608335.737400000914931],[1009057.687699999660254,1608350.080900000408292],[1009048.744199999608099,1608361.727399999275804],[1009034.453700000420213,1608366.959799999371171],[1009028.057400000281632,1608389.755699999630451],[1009133.709800000302494,1608422.841900000348687],[1009196.66330000013113,1608143.211799999698997],[1008864.8651,1608069.598500000312924],[1008815.411500000394881,1608326.360500000417233],[1009016.632000000216067,1608385.112500000745058]]]]}},
{"type":"Feature","properties":{"รหัสกลุ่มคิว":"23/003","รหัสรับเหมา":"722635","ชื่อ-สกุล รับเหมา":"นาย พิชิต มณีศรี","นักเกษตร":"2303","ศูนย์":"K2-23","โควตา":"725510","ชาวไร่":"นาย ดำรงค์ เรียบร้อย","ประเภทอ้อย":"ปลายฝน","พื้นที่":34.22,"ตันรวม":444.86,"รหัสแปลง":"320605056345","กลุ่ม":"กลุ่ม_23"},"geometry":{"type":"MultiPolygon","coordinates":[[[[1008848.073200000450015,1608848.622899999842048],[1008787.229299999773502,1608845.049100000411272],[1008786.43680000025779,1608871.552899999544024],[1009011.111200000159442,1608917.6570999994874],[1009076.677699999883771,1608657.796299999579787],[1008869.079400000162423,1608599.180400000885129],[1008848.073200000450015,1608848.622899999842048]]]]}},
{"type":"Feature","properties":{"รหัสกลุ่มคิว":"23/003","รหัสรับเหมา":"722635","ชื่อ-สกุล รับเหมา":"นาย พิชิต มณีศรี","นักเกษตร":"2303","ศูนย์":"K2-23","โควตา":"727417","ชาวไร่":"นาย สมชาย สุขสาม","ประเภทอ้อย":"ปลายฝน","พื้นที่":13.0,"ตันรวม":169.0,"รหัสแปลง":"320607051661","กลุ่ม":"กลุ่ม_23"},"geometry":{"type":"MultiPolygon","coordinates":[[[[988104.814299999736249,1607214.713999999687076],[988157.304700000211596,1607220.561599999666214],[988160.506400000303984,1607177.1706000007689],[988167.590200000442564,1607146.985200000926852],[988172.078200000338256,1607102.325300000607967],[988174.346800000406802,1607079.019500000402331],[988107.642300000414252,1606990.101199999451637],[988183.637400000356138,1606994.41440000012517],[988184.275500000454485,1606986.811499999836087],[988185.013500000350177,1606976.840900000184774],[988189.181599999777973,1606930.14049999974668],[988188.670599999837577,1606928.651100000366569],[988188.879999999888241,1606927.175899999216199],[988189.085699999704957,1606925.885600000619888],[988185.244500000029802,1606919.707399999722838],[988099.810100000351667,1606939.834699999541044],[988102.49239999987185,1607077.277899999171495],[988104.274000000208616,1607214.703299999237061],[988104.814299999736249,1607214.713999999687076]]]]}},
{"type":"Feature","properties":{"รหัสกลุ่มคิว":"23/003","รหัสรับเหมา":"722635","ชื่อ-สกุล รับเหมา":"นาย พิชิต มณีศรี","นักเกษตร":"2303","ศูนย์":"K2-23","โควตา":"725509","ชาวไร่":"นาง สมจิต เรียบร้อย","ประเภทอ้อย":"ปลายฝน","พื้นที่":23.94,"ตันรวม":311.22,"รหัสแปลง":"320605056347","กลุ่ม":"กลุ่ม_23"},"geometry":{"type":"MultiPolygon","coordinates":[[[[1008792.7007,1608872.784600000828505],[1008765.970499999821186,1609058.491800000891089],[1008968.572599999606609,1609085.9265],[1008972.28899999987334,1609071.319399999454618],[1008962.0927,1609070.414300000295043],[1008964.2719,1609043.454700000584126],[1008978.901600000448525,1609045.32909999974072],[1009011.599899999797344,1608916.8114],[1008792.7007,1608872.784600000828505]]]]}},
{"type":"Feature","properties":{"รหัสกลุ่มคิว":"23/003","รหัสรับเหมา":"722635","ชื่อ-สกุล รับเหมา":"นาย พิชิต มณีศรี","นักเกษตร":"2303","ศูนย์":"K2-23","โควตา":"722635","ชาวไร่":"นาย พิชิต มณีศรี","ประเภทอ้อย":"ตอ2","พื้นที่":13.42,"ตันรวม":107.36,"รหัสแปลง":"320607072102","กลุ่ม":"กลุ่ม_23"},"geometry":{"type":"MultiPolygon","coordinates":[[[[989175.485000000335276,1605453.069399999454618],[989283.53899999987334,1605474.248099999502301],[989284.254200000315905,1605469.584599999710917],[989278.418399999849498,1605413.026900000870228],[989259.595300000160933,1605268.637299999594688],[989137.193300000391901,1605282.104599999263883],[989161.709099999628961,1605373.816199999302626],[989175.485000000335276,1605453.069399999454618]]]]}},
{"type":"Feature","properties":{"รหัสกลุ่มคิว":"23/002","รหัสรับเหมา":"722399","ชื่อ-สกุล รับเหมา":"นาง มะลิ งามเลิศ","นักเกษตร":"2302","ศูนย์":"K2-23","โควตา":"727352","ชาวไร่":"นางสาว กมลวรรณ บุญมั่น","ประเภทอ้อย":"ตอ1","พื้นที่":1.47,"ตันรวม":13.23,"รหัสแปลง":"320607031757","กลุ่ม":"กลุ่ม_23"},"geometry":{"type":"MultiPolygon","coordinates":[[[[990471.172500000335276,1610743.169399999082088],[990432.119599999859929,1610641.979399999603629],[990411.410699999891222,1610652.272600000724196],[990444.074000000022352,1610738.796],[990471.172500000335276,1610743.169399999082088]]]]}},
{"type":"Feature","properties":{"รหัสกลุ่มคิว":"23/002","รหัสรับเหมา":"722399","ชื่อ-สกุล รับเหมา":"นาง มะลิ งามเลิศ","นักเกษตร":"2302","ศูนย์":"K2-23","โควตา":"722081","ชาวไร่":"นาย ธวัช น่าชม","ประเภทอ้อย":"ตอ1","พื้นที่":2.1,"ตันรวม":18.9,"รหัสแปลง":"320607031758","กลุ่ม":"กลุ่ม_23"},"geometry":{"type":"MultiPolygon","coordinates":[[[[990619.977900000289083,1611022.408299999311566],[990596.1864,1611032.103900000452995],[990598.307400000281632,1611070.23960000090301],[990681.388199999928474,1611059.323699999600649],[990679.201000000350177,1611024.515100000426173],[990619.977900000289083,1611022.408299999311566]]]]}},
{"type":"Feature","properties":{"รหัสกลุ่มคิว":"23/001","รหัสรับเหมา":"738889","ชื่อ-สกุล รับเหมา":"รถตัดโรงงานเบอร์ 09","นักเกษตร":"2304","ศูนย์":"K2-23","โควตา":"722514","ชาวไร่":"นาย สมชาย ยืนยง","ประเภทอ้อย":"ปลายฝน","พื้นที่":6.31,"ตันรวม":82.03,"รหัสแปลง":"320607101781","กลุ่ม":"กลุ่ม_23"},"geometry":{"type":"MultiPolygon","coordinates":[[[[983917.442300000227988,1603233.036499999463558],[983806.71129999961704,1603082.96309999935329],[983764.120299999602139,1603114.220899999141693],[983869.492899999953806,1603263.338199999183416],[983917.442300000227988,1603233.036499999463558]]]]}},
{"type":"Feature","properties":{"รหัสกลุ่มคิว":"23/002","รหัสรับเหมา":"722399","ชื่อ-สกุล รับเหมา":"นาง มะลิ งามเลิศ","นักเกษตร":"2302","ศูนย์":"K2-23","โควตา":"727184","ชาวไร่":"นาย ลิขิต ตลับทอง","ประเภทอ้อย":"ปลายฝน","พื้นที่":10.23,"ตันรวม":132.99,"รหัสแปลง":"320607072104","กลุ่ม":"กลุ่ม_23"},"geometry":{"type":"MultiPolygon","coordinates":[[[[989576.754999999888241,1607412.561799999326468],[989569.084699999541044,1607408.711100000888109],[989546.878600000403821,1607411.043500000610948],[989525.058500000275671,1607421.1502],[989543.653099999763072,1607546.153100000694394],[989665.881799999624491,1607560.232200000435114],[989675.801400000229478,1607559.6897],[989681.255400000140071,1607539.087500000372529],[989671.107800000347197,1607496.7248],[989660.24349999986589,1607472.284800000488758],[989576.754999999888241,1607412.561799999326468]]]]}},
{"type":"Feature","properties":{"รหัสกลุ่มคิว":"23/003","รหัสรับเหมา":"722635","ชื่อ-สกุล รับเหมา":"นาย พิชิต มณีศรี","นักเกษตร":"2303","ศูนย์":"K2-23","โควตา":"722009","ชาวไร่":"นาย บุญเพ็ง สอนคุณ","ประเภทอ้อย":"ปลายฝน","พื้นที่":8.74,"ตันรวม":113.62,"รหัสแปลง":"320601071948","กลุ่ม":"กลุ่ม_23"},"geometry":{"type":"MultiPolygon","coordinates":[[[[990968.239799999631941,1605372.486500000581145],[990972.282599999569356,1605169.340900000184774],[990900.9852,1605175.688799999654293],[990893.491799999959767,1605353.061799999326468],[990893.480800000019372,1605353.616399999707937],[990894.182799999602139,1605354.55489999987185],[990894.719399999827147,1605354.750499999150634],[990895.259800000116229,1605354.761299999430776],[990895.61629999987781,1605354.953299999237061],[990895.97649999987334,1605354.9605],[990896.344100000336766,1605354.597899999469519],[990969.302000000141561,1605373.432299999520183],[990968.596300000324845,1605372.67850000038743],[990968.239799999631941,1605372.486500000581145]]]]}},
{"type":"Feature","properties":{"รหัสกลุ่มคิว":"23/002","รหัสรับเหมา":"722399","ชื่อ-สกุล รับเหมา":"นาง มะลิ งามเลิศ","นักเกษตร":"2302","ศูนย์":"K2-23","โควตา":"722399","ชาวไร่":"นาง มะลิ งามเลิศ","ประเภทอ้อย":"ปลายฝน","พื้นที่":8.11,"ตันรวม":105.43,"รหัสแปลง":"320601071950","กลุ่ม":"กลุ่ม_23"},"geometry":{"type":"MultiPolygon","coordinates":[[[[990598.520800000056624,1606630.896800000220537],[990736.794700000435114,1606653.805600000545382],[990741.264299999922514,1606646.4978],[990751.616799999959767,1606551.840600000694394],[990741.035199999809265,1606549.410900000482798],[990629.598500000312924,1606544.973500000312924],[990623.662499999627471,1606553.546599999070168],[990598.520800000056624,1606630.896800000220537]]]]}},
{"type":"Feature","properties":{"รหัสกลุ่มคิว":"23/001","รหัสรับเหมา":"738889","ชื่อ-สกุล รับเหมา":"รถตัดโรงงานเบอร์ 09","นักเกษตร":"2304","ศูนย์":"K2-23","โควตา":"720388","ชาวไร่":"นาง บวน พวงจันทร์","ประเภทอ้อย":"ตอ3","พื้นที่":10.24,"ตันรวม":71.68,"รหัสแปลง":"320607072109","กลุ่ม":"กลุ่ม_23"},"geometry":{"type":"MultiPolygon","coordinates":[[[[987212.625199999660254,1604710.505200000479817],[987204.033499999903142,1604752.367499999701977],[987197.700400000438094,1604799.6974],[987386.087799999862909,1604793.211500000208616],[987386.170599999837577,1604793.1776],[987392.755099999718368,1604753.012000000104308],[987402.001400000415742,1604708.670700000599027],[987212.625199999660254,1604710.505200000479817]]]]}},
{"type":"Feature","properties":{"รหัสกลุ่มคิว":"23/003","รหัสรับเหมา":"722635","ชื่อ-สกุล รับเหมา":"นาย พิชิต มณีศรี","นักเกษตร":"2303","ศูนย์":"K2-23","โควตา":"727307","ชาวไร่":"นาง ทองใบ บุญเลิศ","ประเภทอ้อย":"ตอ3","พื้นที่":1.99,"ตันรวม":13.93,"รหัสแปลง":"320607121813","กลุ่ม":"กลุ่ม_23"},"geometry":{"type":"MultiPolygon","coordinates":[[[[985149.517799999564886,1606019.964600000530481],[985205.336600000038743,1606019.843699999153614],[985205.985100000165403,1606014.131799999624491],[985206.235100000165403,1606011.42850000038743],[985207.867700000293553,1606003.663599999621511],[985207.324799999594688,1605996.480399999767542],[985207.873599999584258,1605990.17960000038147],[985208.553999999538064,1605988.505599999800324],[985209.358199999667704,1605987.961100000888109],[985248.013700000010431,1605989.154500000178814],[985246.783099999651313,1605976.213199999183416],[985238.892199999652803,1605974.940700000151992],[985226.916899999603629,1605974.580800000578165],[985226.855800000019372,1605974.550699999555945],[985150.091400000266731,1605973.285399999469519],[985150.205000000074506,1605975.371200000867248],[985150.146200000308454,1605989.399900000542402],[985150.349999999627471,1606000.7423],[985149.545699999667704,1606012.834799999371171],[985149.56940000038594,1606019.925699999555945],[985149.517799999564886,1606019.964600000530481]]]]}},
{"type":"Feature","properties":{"รหัสกลุ่มคิว":"23/003","รหัสรับเหมา":"722635","ชื่อ-สกุล รับเหมา":"นาย พิชิต มณีศรี","นักเกษตร":"2303","ศูนย์":"K2-23","โควตา":"727208","ชาวไร่":"นาง ละมุน บุญเจียม","ประเภทอ้อย":"ตอ2","พื้นที่":5.99,"ตันรวม":47.92,"รหัสแปลง":"320607081676","กลุ่ม":"กลุ่ม_23"},"geometry":{"type":"MultiPolygon","coordinates":[[[[988501.299899999983609,1607734.782500000670552],[988374.306699999608099,1607724.867599999532104],[988371.692699999548495,1607774.927300000563264],[988430.5954,1607784.416400000452995],[988431.285099999979138,1607831.398199999704957],[988483.667999999597669,1607842.607300000265241],[988501.299899999983609,1607734.782500000670552]]]]}},
{"type":"Feature","properties":{"รหัสกลุ่มคิว":"23/003","รหัสรับเหมา":"722635","ชื่อ-สกุล รับเหมา":"นาย พิชิต มณีศรี","นักเกษตร":"2303","ศูนย์":"K2-23","โควตา":"720403","ชาวไร่":"นาย บน ซ่อนกลิ่น","ประเภทอ้อย":"ตอ2","พื้นที่":8.44,"ตันรวม":67.52,"รหัสแปลง":"320607051663","กลุ่ม":"กลุ่ม_23"},"geometry":{"type":"MultiPolygon","coordinates":[[[[987917.83530000038445,1607426.068199999630451],[987728.425099999643862,1607378.883899999782443],[987723.446899999864399,1607371.9233],[987710.722799999639392,1607365.715700000524521],[987707.400100000202656,1607360.088199999183416],[987699.301699999719858,1607355.447799999266863],[987696.190999999642372,1607353.250499999150634],[987692.6864,1607351.241800000891089],[987690.439600000157952,1607349.302300000563264],[987689.044999999925494,1607350.841299999505281],[987660.14670000039041,1607410.498999999836087],[987671.079199999570847,1607416.39809999987483],[987767.591300000436604,1607443.168800000101328],[987850.234000000171363,1607464.085699999704957],[987882.166100000031292,1607469.808299999684095],[987904.605700000189245,1607478.083399999886751],[987917.83530000038445,1607426.068199999630451]]]]}},
{"type":"Feature","properties":{"รหัสกลุ่มคิว":"23/003","รหัสรับเหมา":"722635","ชื่อ-สกุล รับเหมา":"นาย พิชิต มณีศรี","นักเกษตร":"2303","ศูนย์":"K2-23","โควตา":"722635","ชาวไร่":"นาย พิชิต มณีศรี","ประเภทอ้อย":"ตอ3","พื้นที่":17.5,"ตันรวม":122.5,"รหัสแปลง":"320401040011","กลุ่ม":"กลุ่ม_23"},"geometry":{"type":"MultiPolygon","coordinates":[[[[996385.510999999940395,1675561.846400000154972],[996259.540199999697506,1675604.748199999332428],[996273.473699999973178,1675668.089600000530481],[996304.448499999940395,1675769.7171],[996318.257100000046194,1675802.245799999684095],[996447.648599999956787,1675761.974500000476837],[996412.710699999704957,1675673.037799999117851],[996405.041400000452995,1675630.009700000286102],[996385.510999999940395,1675561.846400000154972]]]]}},
{"type":"Feature","properties":{"รหัสกลุ่มคิว":"23/002","รหัสรับเหมา":"722399","ชื่อ-สกุล รับเหมา":"นาง มะลิ งามเลิศ","นักเกษตร":"2302","ศูนย์":"K2-23","โควตา":"722974","ชาวไร่":"นาง สมพงษ์ หดราช","ประเภทอ้อย":"ตอ2","พื้นที่":1.52,"ตันรวม":12.16,"รหัสแปลง":"320601071955","กลุ่ม":"กลุ่ม_23"},"geometry":{"type":"MultiPolygon","coordinates":[[[[990489.498599999584258,1607149.501900000497699],[990463.284099999815226,1607143.387399999424815],[990452.899299999698997,1607230.646999999880791],[990483.159099999815226,1607231.842299999669194],[990489.498599999584258,1607149.501900000497699]]]]}},
{"type":"Feature","properties":{"รหัสกลุ่มคิว":"23/002","รหัสรับเหมา":"722399","ชื่อ-สกุล รับเหมา":"นาง มะลิ งามเลิศ","นักเกษตร":"2302","ศูนย์":"K2-23","โควตา":"727404","ชาวไร่":"นาง บุญถิ่น โสนาดา","ประเภทอ้อย":"ตอ2","พื้นที่":13.84,"ตันรวม":110.72,"รหัสแปลง":"320510080003","กลุ่ม":"กลุ่ม_23"},"geometry":{"type":"MultiPolygon","coordinates":[[[[998714.103900000452995,1620107.17710000090301],[998684.240500000305474,1619849.6853],[998654.401800000108778,1619855.734400000423193],[998655.9057,1619887.944700000807643],[998604.082200000062585,1619894.654799999669194],[998606.521099999547005,1620110.529899999499321],[998681.685899999924004,1620107.255200000479817],[998714.103900000452995,1620107.17710000090301]]]]}},
{"type":"Feature","properties":{"รหัสกลุ่มคิว":"23/003","รหัสรับเหมา":"722635","ชื่อ-สกุล รับเหมา":"นาย พิชิต มณีศรี","นักเกษตร":"2303","ศูนย์":"K2-23","โควตา":"726980","ชาวไร่":"นางสาว ลัดดาวัลย์ เชื้อบัณดิษย์","ประเภทอ้อย":"ตอ2","พื้นที่":3.86,"ตันรวม":30.88,"รหัสแปลง":"320601071956","กลุ่ม":"กลุ่ม_23"},"geometry":{"type":"MultiPolygon","coordinates":[[[[990246.580900000408292,1605655.851199999451637],[990251.160600000061095,1605652.058900000527501],[990252.913800000213087,1605645.436699999496341],[990310.980800000019372,1605642.892699999734759],[990313.149400000460446,1605651.626900000497699],[990308.933000000193715,1605555.570900000631809],[990232.168100000359118,1605565.140100000426173],[990246.580900000408292,1605655.851199999451637]]]]}},
{"type":"Feature","properties":{"รหัสกลุ่มคิว":"23/003","รหัสรับเหมา":"722635","ชื่อ-สกุล รับเหมา":"นาย พิชิต มณีศรี","นักเกษตร":"2303","ศูนย์":"K2-23","โควตา":"722467","ชาวไร่":"นาง นิมนต์ มณีศรี","ประเภทอ้อย":"ตอ2","พื้นที่":12.83,"ตันรวม":102.64,"รหัสแปลง":"320607121815","กลุ่ม":"กลุ่ม_23"},"geometry":{"type":"MultiPolygon","coordinates":[[[[985826.354100000113249,1606230.752000000327826],[985808.472900000400841,1606141.932800000533462],[985570.959499999880791,1606153.968699999153614],[985576.397900000214577,1606232.939200000837445],[985826.354100000113249,1606230.752000000327826]]]]}},
{"type":"Feature","properties":{"รหัสกลุ่มคิว":"23/002","รหัสรับเหมา":"722399","ชื่อ-สกุล รับเหมา":"นาง มะลิ งามเลิศ","นักเกษตร":"2302","ศูนย์":"K2-23","โควตา":"727185","ชาวไร่":"นาง อารยา ดุนขุนทด","ประเภทอ้อย":"ตอ2","พื้นที่":1.45,"ตันรวม":11.6,"รหัสแปลง":"320607101787","กลุ่ม":"กลุ่ม_23"},"geometry":{"type":"MultiPolygon","coordinates":[[[[985436.821000000461936,1605388.754100000485778],[985444.477900000289083,1605411.648199999704957],[985533.837899999693036,1605393.437100000679493],[985530.557900000363588,1605367.855499999597669],[985436.821000000461936,1605388.754100000485778]]]]}},
{"type":"Feature","properties":{"รหัสกลุ่มคิว":"23/001","รหัสรับเหมา":"738889","ชื่อ-สกุล รับเหมา":"รถตัดโรงงานเบอร์ 09","นักเกษตร":"2304","ศูนย์":"K2-23","โควตา":"716014","ชาวไร่":"นาย เกษมสันต์ หาญนึก","ประเภทอ้อย":"ตอ2","พื้นที่":28.41,"ตันรวม":227.28,"รหัสแปลง":"320507101666","กลุ่ม":"กลุ่ม_23"},"geometry":{"type":"MultiPolygon","coordinates":[[[[976157.1864,1613999.722999999299645],[976056.410099999979138,1613727.094399999827147],[975964.036500000394881,1613754.513900000602007],[975986.785600000061095,1613835.010700000450015],[975987.585900000296533,1613849.447300000116229],[975927.167500000447035,1613863.435599999502301],[975993.237300000153482,1614077.89049999974668],[976094.860999999567866,1614028.464700000360608],[976092.213999999687076,1614016.395700000226498],[976118.991499999538064,1614000.645600000396371],[976125.422399999573827,1614012.6031],[976157.1864,1613999.722999999299645]]]]}},
{"type":"Feature","properties":{"รหัสกลุ่มคิว":"23/001","รหัสรับเหมา":"738889","ชื่อ-สกุล รับเหมา":"รถตัดโรงงานเบอร์ 09","นักเกษตร":"2304","ศูนย์":"K2-23","โควตา":"716014","ชาวไร่":"นาย เกษมสันต์ หาญนึก","ประเภทอ้อย":"ตอ2","พื้นที่":13.02,"ตันรวม":104.16,"รหัสแปลง":"320507101667","กลุ่ม":"กลุ่ม_23"},"geometry":{"type":"MultiPolygon","coordinates":[[[[975817.013299999758601,1613851.314899999648333],[975911.949599999934435,1614100.16330000013113],[975989.36670000012964,1614073.193199999630451],[975951.301400000229478,1613974.6502],[975932.004200000315905,1613976.124600000679493],[975889.100399999879301,1613978.435200000181794],[975886.408800000324845,1613950.095499999821186],[975943.957499999552965,1613935.496899999678135],[975922.490799999795854,1613863.160000000149012],[975912.932799999602139,1613826.736999999731779],[975817.013299999758601,1613851.314899999648333]]]]}},
{"type":"Feature","properties":{"รหัสกลุ่มคิว":"23/001","รหัสรับเหมา":"738889","ชื่อ-สกุล รับเหมา":"รถตัดโรงงานเบอร์ 09","นักเกษตร":"2304","ศูนย์":"K2-23","โควตา":"726999","ชาวไร่":"นาย วิจิตร เหนือคูเมือง","ประเภทอ้อย":"ตอ2","พื้นที่":3.45,"ตันรวม":27.6,"รหัสแปลง":"320607072123","กลุ่ม":"กลุ่ม_23"},"geometry":{"type":"MultiPolygon","coordinates":[[[[987183.128999999724329,1604843.3421],[987067.280399999581277,1604848.549499999731779],[987067.334499999880791,1604848.986600000411272],[987067.438699999824166,1604851.540400000289083],[987069.365199999883771,1604865.991399999707937],[987071.478500000201166,1604902.254699999466538],[987074.481800000183284,1604902.4649],[987128.457000000402331,1604895.062999999150634],[987143.027700000442564,1604894.38429999910295],[987149.646200000308454,1604894.032400000840425],[987173.934500000439584,1604893.781899999827147],[987174.3432,1604893.5625],[987178.475999999791384,1604866.455700000748038],[987182.935300000011921,1604843.566800000146031],[987183.128999999724329,1604843.3421]]]]}},
{"type":"Feature","properties":{"รหัสกลุ่มคิว":"23/001","รหัสรับเหมา":"738889","ชื่อ-สกุล รับเหมา":"รถตัดโรงงานเบอร์ 09","นักเกษตร":"2304","ศูนย์":"K2-23","โควตา":"726999","ชาวไร่":"นาย วิจิตร เหนือคูเมือง","ประเภทอ้อย":"ตอ1","พื้นที่":1.55,"ตันรวม":13.95,"รหัสแปลง":"320607072124","กลุ่ม":"กลุ่ม_23"},"geometry":{"type":"MultiPolygon","coordinates":[[[[987184.646900000050664,1604824.006400000303984],[987186.457799999974668,1604807.240499999374151],[987182.805700000375509,1604805.508600000292063],[987122.6402000002563,1604806.993599999696016],[987064.168200000189245,1604809.11009999923408],[987062.850700000301003,1604831.058000000193715],[987184.646900000050664,1604824.006400000303984]]]]}},
{"type":"Feature","properties":{"รหัสกลุ่มคิว":"23/003","รหัสรับเหมา":"722635","ชื่อ-สกุล รับเหมา":"นาย พิชิต มณีศรี","นักเกษตร":"2303","ศูนย์":"K2-23","โควตา":"720329","ชาวไร่":"นาย เลี่ยง สมจิตร","ประเภทอ้อย":"ตอ2","พื้นที่":1.59,"ตันรวม":12.72,"รหัสแปลง":"320607101792","กลุ่ม":"กลุ่ม_23"},"geometry":{"type":"MultiPolygon","coordinates":[[[[984459.693199999630451,1606134.171299999579787],[984531.358,1606129.53319999948144],[984531.892199999652803,1606117.920299999415874],[984531.379999999888241,1606111.252499999478459],[984529.810100000351667,1606103.736400000751019],[984528.924499999731779,1606101.718699999153614],[984526.417600000277162,1606099.967599999159575],[984448.479000000283122,1606097.6173],[984459.355800000019372,1606134.28999999910593],[984459.693199999630451,1606134.171299999579787]]]]}},
{"type":"Feature","properties":{"รหัสกลุ่มคิว":"23/001","รหัสรับเหมา":"738889","ชื่อ-สกุล รับเหมา":"รถตัดโรงงานเบอร์ 09","นักเกษตร":"2304","ศูนย์":"K2-23","โควตา":"722445","ชาวไร่":"นาง แสวง ศรีเพชร","ประเภทอ้อย":"ตอ2","พื้นที่":1.21,"ตันรวม":9.68,"รหัสแปลง":"320607072132","กลุ่ม":"กลุ่ม_23"},"geometry":{"type":"MultiPolygon","coordinates":[[[[986957.365799999795854,1604772.41609999909997],[986958.913599999621511,1604782.669199999421835],[986957.945000000298023,1604785.191800000146031],[986958.168300000019372,1604790.417300000786781],[986957.873399999924004,1604791.11710000038147],[986959.337199999950826,1604792.31870000064373],[986977.089200000278652,1604791.319900000467896],[987059.511199999600649,1604791.964700000360608],[987060.621000000275671,1604789.901900000870228],[987061.298499999567866,1604780.389499999582767],[987061.097599999979138,1604775.613700000569224],[987061.999099999666214,1604775.346400000154972],[987061.980600000359118,1604774.80350000038743],[987061.815799999982119,1604773.457800000905991],[986957.365799999795854,1604772.41609999909997]]]]}},
{"type":"Feature","properties":{"รหัสกลุ่มคิว":"23/001","รหัสรับเหมา":"738889","ชื่อ-สกุล รับเหมา":"รถตัดโรงงานเบอร์ 09","นักเกษตร":"2304","ศูนย์":"K2-23","โควตา":"722996","ชาวไร่":"นาย กราน งามเลิศ","ประเภทอ้อย":"ปลายฝน","พื้นที่":6.03,"ตันรวม":78.39,"รหัสแปลง":"320607131665","กลุ่ม":"กลุ่ม_23"},"geometry":{"type":"MultiPolygon","coordinates":[[[[988986.353099999949336,1609762.384999999776483],[988854.669700000435114,1609726.113099999725819],[988853.949400000274181,1609726.098799999803305],[988853.941999999806285,1609726.468499999493361],[988844.608,1609751.986099999397993],[988844.409500000067055,1609752.9068],[988825.326100000180304,1609797.64670000039041],[988825.487800000235438,1609798.574500000104308],[988925.941499999724329,1609829.048000000417233],[988933.769000000320375,1609824.950500000268221],[988934.698800000362098,1609823.489700000733137],[988938.116399999707937,1609805.620899999514222],[988945.528599999845028,1609795.228000000119209],[988947.16399999987334,1609794.520899999886751],[988970.429800000041723,1609802.19510000012815],[988971.330199999734759,1609802.212999999523163],[988978.815899999812245,1609760.9408],[988986.353099999949336,1609762.384999999776483]]]]}},
{"type":"Feature","properties":{"รหัสกลุ่มคิว":"23/001","รหัสรับเหมา":"738889","ชื่อ-สกุล รับเหมา":"รถตัดโรงงานเบอร์ 09","นักเกษตร":"2304","ศูนย์":"K2-23","โควตา":"722320","ชาวไร่":"นาง น้ำอ้อย ห้าวหาญ","ประเภทอ้อย":"ตอ2","พื้นที่":3.12,"ตันรวม":24.96,"รหัสแปลง":"320607072134","กลุ่ม":"กลุ่ม_23"},"geometry":{"type":"MultiPolygon","coordinates":[[[[989682.553000000305474,1605757.338999999687076],[989682.818400000222027,1605752.739800000563264],[989690.528500000014901,1605748.70130000077188],[989682.028400000184774,1605739.385800000280142],[989674.785199999809265,1605735.643899999558926],[989668.408400000073016,1605729.58699999935925],[989661.433600000105798,1605713.685900000855327],[989559.642,1605737.159099999815226],[989571.565799999982119,1605777.672700000926852],[989682.553000000305474,1605757.338999999687076]]]]}},
{"type":"Feature","properties":{"รหัสกลุ่มคิว":"23/001","รหัสรับเหมา":"738889","ชื่อ-สกุล รับเหมา":"รถตัดโรงงานเบอร์ 09","นักเกษตร":"2304","ศูนย์":"K2-23","โควตา":"726783","ชาวไร่":"นาย ธงไชย สัตย์สุขยิ่ง","ประเภทอ้อย":"ตอ2","พื้นที่":1.81,"ตันรวม":14.48,"รหัสแปลง":"320506131659","กลุ่ม":"กลุ่ม_23"},"geometry":{"type":"MultiPolygon","coordinates":[[[[986863.192200000397861,1616015.1733],[986858.381599999964237,1616144.788899999111891],[986882.207700000144541,1616143.75139999948442],[986883.897199999541044,1616013.0219],[986863.192200000397861,1616015.1733]]]]}},
{"type":"Feature","properties":{"รหัสกลุ่มคิว":"23/002","รหัสรับเหมา":"722399","ชื่อ-สกุล รับเหมา":"นาง มะลิ งามเลิศ","นักเกษตร":"2302","ศูนย์":"K2-23","โควตา":"722399","ชาวไร่":"นาง มะลิ งามเลิศ","ประเภทอ้อย":"ตอ1","พื้นที่":31.37,"ตันรวม":282.33,"รหัสแปลง":"320510011648","กลุ่ม":"กลุ่ม_23"},"geometry":{"type":"MultiPolygon","coordinates":[[[[995733.697599999606609,1618239.92],[995576.912399999797344,1618236.003799999132752],[995565.32120000012219,1618283.666500000283122],[995635.541299999691546,1618284.534199999645352],[995625.841099999845028,1618363.303999999538064],[995655.154900000430644,1618676.434399999678135],[995724.39919999986887,1618698.735200000926852],[995752.879700000397861,1618688.586400000378489],[995733.697599999606609,1618239.92]]]]}},
{"type":"Feature","properties":{"รหัสกลุ่มคิว":"23/002","รหัสรับเหมา":"722399","ชื่อ-สกุล รับเหมา":"นาง มะลิ งามเลิศ","นักเกษตร":"2302","ศูนย์":"K2-23","โควตา":"722399","ชาวไร่":"นาง มะลิ งามเลิศ","ประเภทอ้อย":"ตอ1","พื้นที่":10.4,"ตันรวม":93.6,"รหัสแปลง":"320607111631","กลุ่ม":"กลุ่ม_23"},"geometry":{"type":"MultiPolygon","coordinates":[[[[988694.259999999776483,1611515.488399999216199],[988696.233199999667704,1611524.9583],[988647.066200000233948,1611560.7785],[988659.50829999987036,1611587.283800000324845],[988673.681099999696016,1611608.276200000196695],[988688.056200000457466,1611619.10219999961555],[988705.345099999569356,1611637.38289999961853],[988721.645499999634922,1611651.020999999716878],[988736.270299999974668,1611667.39949999935925],[988751.497499999590218,1611698.768200000748038],[988776.073499999940395,1611685.758300000801682],[988793.792299999855459,1611700.534199999645352],[988836.682500000111759,1611699.538499999791384],[988837.226300000213087,1611699.364399999380112],[988872.440299999900162,1611694.887499999254942],[988844.819500000216067,1611625.5494],[988820.713700000196695,1611633.021099999547005],[988796.627100000157952,1611594.264499999582767],[988768.589499999769032,1611609.239499999210238],[988745.443300000391901,1611586.589299999177456],[988728.628100000321865,1611589.768200000748038],[988694.259999999776483,1611515.488399999216199]]]]}},
{"type":"Feature","properties":{"รหัสกลุ่มคิว":"23/003","รหัสรับเหมา":"722635","ชื่อ-สกุล รับเหมา":"นาย พิชิต มณีศรี","นักเกษตร":"2303","ศูนย์":"K2-23","โควตา":"722635","ชาวไร่":"นาย พิชิต มณีศรี","ประเภทอ้อย":"ตอ1","พื้นที่":12.58,"ตันรวม":113.22,"รหัสแปลง":"320601161692","กลุ่ม":"กลุ่ม_23"},"geometry":{"type":"MultiPolygon","coordinates":[[[[993995.908499999903142,1609682.161399999633431],[993979.948900000192225,1609686.881699999794364],[993978.205500000156462,1609785.592199999839067],[993979.347699999809265,1609917.5866],[993990.149299999698997,1609973.077500000596046],[994065.242499999701977,1610009.417300000786781],[994064.065999999642372,1609780.355200000107288],[994009.244099999777973,1609782.694900000467896],[994006.060999999754131,1609700.4934],[993995.908499999903142,1609682.161399999633431]]]]}},
{"type":"Feature","properties":{"รหัสกลุ่มคิว":"23/002","รหัสรับเหมา":"722399","ชื่อ-สกุล รับเหมา":"นาง มะลิ งามเลิศ","นักเกษตร":"2302","ศูนย์":"K2-23","โควตา":"729008","ชาวไร่":"นาย บุญทึง ยูงรัมย์","ประเภทอ้อย":"ตอ1","พื้นที่":27.58,"ตันรวม":248.22,"รหัสแปลง":"321009080003","กลุ่ม":"กลุ่ม_23"},"geometry":{"type":"MultiPolygon","coordinates":[[[[997306.074099999852479,1618145.14299999922514],[997370.738499999977648,1618126.506400000303984],[997370.104000000283122,1618121.148499999195337],[997372.785899999551475,1618118.923800000920892],[997338.026700000278652,1617923.870500000193715],[997330.652499999850988,1617880.540899999439716],[997325.447999999858439,1617839.497899999842048],[997319.799999999813735,1617805.022600000724196],[997316.272599999792874,1617784.666999999433756],[997311.536600000225008,1617753.00650000013411],[997307.552699999883771,1617726.400100000202656],[997300.055900000035763,1617673.403200000524521],[997292.432500000111759,1617625.088600000366569],[997280.877799999900162,1617554.431800000369549],[997203.296500000171363,1617582.798800000920892],[997211.135800000280142,1617610.863800000399351],[997218.154199999757111,1617653.116399999707937],[997210.159599999897182,1617654.395400000736117],[997306.074099999852479,1618145.14299999922514]]]]}},
{"type":"Feature","properties":{"รหัสกลุ่มคิว":"23/001","รหัสรับเหมา":"738889","ชื่อ-สกุล รับเหมา":"รถตัดโรงงานเบอร์ 09","นักเกษตร":"2304","ศูนย์":"K2-23","โควตา":"726978","ชาวไร่":"นาย สุนทร เยียวรัมย์","ประเภทอ้อย":"ตอ4","พื้นที่":6.06,"ตันรวม":42.42,"รหัสแปลง":"320507081774","กลุ่ม":"กลุ่ม_23"},"geometry":{"type":"MultiPolygon","coordinates":[[[[980548.614500000141561,1612995.8311],[980722.826000000350177,1612967.4178],[980730.821899999864399,1612921.7061],[980723.806200000457466,1612911.4112],[980545.403300000354648,1612944.595000000670552],[980548.614500000141561,1612995.8311]]]]}},
{"type":"Feature","properties":{"รหัสกลุ่มคิว":"23/002","รหัสรับเหมา":"722399","ชื่อ-สกุล รับเหมา":"นาง มะลิ งามเลิศ","นักเกษตร":"2302","ศูนย์":"K2-23","โควตา":"729007","ชาวไร่":"นาย ณรงค์ สมสวย","ประเภทอ้อย":"ตอ1","พื้นที่":5.95,"ตันรวม":53.55,"รหัสแปลง":"321009080004","กลุ่ม":"กลุ่ม_23"},"geometry":{"type":"MultiPolygon","coordinates":[[[[999661.949400000274181,1618472.824100000783801],[999621.637799999676645,1618460.426999999210238],[999619.348500000312924,1618497.2785],[999619.239400000311434,1618603.98619999922812],[999619.598899999633431,1618668.17259999923408],[999619.822100000455976,1618746.5943],[999645.233,1618746.908099999651313],[999649.925400000065565,1618661.883400000631809],[999661.949400000274181,1618472.824100000783801]]]]}},
{"type":"Feature","properties":{"รหัสกลุ่มคิว":"23/002","รหัสรับเหมา":"722399","ชื่อ-สกุล รับเหมา":"นาง มะลิ งามเลิศ","นักเกษตร":"2302","ศูนย์":"K2-23","โควตา":"729007","ชาวไร่":"นาย ณรงค์ สมสวย","ประเภทอ้อย":"ตอ1","พื้นที่":7.56,"ตันรวม":68.04,"รหัสแปลง":"321009080005","กลุ่ม":"กลุ่ม_23"},"geometry":{"type":"MultiPolygon","coordinates":[[[[999572.102800000458956,1618448.199699999764562],[999582.038900000043213,1618746.529699999839067],[999617.216099999845028,1618743.734400000423193],[999618.512699999846518,1618697.895099999383092],[999618.529000000096858,1618661.831700000911951],[999617.762199999764562,1618646.465800000354648],[999618.920400000177324,1618625.036100000143051],[999618.346199999563396,1618600.24210000038147],[999618.425400000065565,1618569.913200000301003],[999617.593100000172853,1618540.120400000363588],[999617.74280000012368,1618515.156300000846386],[999617.849700000137091,1618501.102800000458956],[999617.143299999646842,1618482.779100000858307],[999617.112900000065565,1618457.811200000345707],[999577.448300000280142,1618442.205800000578165],[999575.530899999663234,1618447.899800000712276],[999572.102800000458956,1618448.199699999764562]]]]}},
{"type":"Feature","properties":{"รหัสกลุ่มคิว":"23/001","รหัสรับเหมา":"738889","ชื่อ-สกุล รับเหมา":"รถตัดโรงงานเบอร์ 09","นักเกษตร":"2304","ศูนย์":"K2-23","โควตา":"722990","ชาวไร่":"นาง เตือนใจ ก่อแก้ว","ประเภทอ้อย":"ตอ1","พื้นที่":3.7,"ตันรวม":33.3,"รหัสแปลง":"320607091782","กลุ่ม":"กลุ่ม_23"},"geometry":{"type":"MultiPolygon","coordinates":[[[[983525.148900000378489,1605080.072499999776483],[983518.478199999779463,1605049.847999999299645],[983330.384300000034273,1605085.706199999898672],[983330.871600000187755,1605116.064600000157952],[983525.148900000378489,1605080.072499999776483]]]]}},
{"type":"Feature","properties":{"รหัสกลุ่มคิว":"23/001","รหัสรับเหมา":"738889","ชื่อ-สกุล รับเหมา":"รถตัดโรงงานเบอร์ 09","นักเกษตร":"2304","ศูนย์":"K2-23","โควตา":"722063","ชาวไร่":"นาง เทพดา ก่อแก้ว","ประเภทอ้อย":"ตอ1","พื้นที่":5.38,"ตันรวม":48.42,"รหัสแปลง":"320607091784","กลุ่ม":"กลุ่ม_23"},"geometry":{"type":"MultiPolygon","coordinates":[[[[983562.943799999542534,1605004.7544],[983514.388500000350177,1604936.015799999237061],[983466.299599999561906,1604952.197200000286102],[983415.302600000053644,1604965.254200000315905],[983431.556200000457466,1605031.897399999201298],[983562.943799999542534,1605004.7544]]]]}},
{"type":"Feature","properties":{"รหัสกลุ่มคิว":"23/001","รหัสรับเหมา":"738889","ชื่อ-สกุล รับเหมา":"รถตัดโรงงานเบอร์ 09","นักเกษตร":"2304","ศูนย์":"K2-23","โควตา":"722153","ชาวไร่":"นาง เนียม นุกจัม","ประเภทอ้อย":"ตอ1","พื้นที่":3.88,"ตันรวม":34.92,"รหัสแปลง":"320607091785","กลุ่ม":"กลุ่ม_23"},"geometry":{"type":"MultiPolygon","coordinates":[[[[982888.958800000138581,1604833.006699999794364],[982877.525200000032783,1604768.269200000911951],[982880.092400000430644,1604763.636600000783801],[982872.07909999974072,1604726.899599999189377],[982812.913099999539554,1604732.902000000700355],[982829.084999999962747,1604796.688200000673532],[982823.714399999938905,1604799.796],[982830.13399999961257,1604839.92200000025332],[982888.958800000138581,1604833.006699999794364]]]]}},
{"type":"Feature","properties":{"รหัสกลุ่มคิว":"23/001","รหัสรับเหมา":"738889","ชื่อ-สกุล รับเหมา":"รถตัดโรงงานเบอร์ 09","นักเกษตร":"2304","ศูนย์":"K2-23","โควตา":"727278","ชาวไร่":"นาย ธวัชร์ จบศรี","ประเภทอ้อย":"ตอ1","พื้นที่":1.66,"ตันรวม":14.94,"รหัสแปลง":"320507091688","กลุ่ม":"กลุ่ม_23"},"geometry":{"type":"MultiPolygon","coordinates":[[[[985232.039300000295043,1610663.394899999722838],[985288.994400000199676,1610705.4276],[985314.803299999795854,1610681.650399999693036],[985257.551199999637902,1610634.456199999898672],[985232.039300000295043,1610663.394899999722838]]]]}},
{"type":"Feature","properties":{"รหัสกลุ่มคิว":"23/001","รหัสรับเหมา":"738889","ชื่อ-สกุล รับเหมา":"รถตัดโรงงานเบอร์ 09","นักเกษตร":"2304","ศูนย์":"K2-23","โควตา":"727419","ชาวไร่":"นาย สุรัตน์ ตลับทอง","ประเภทอ้อย":"ตอ1","พื้นที่":9.67,"ตันรวม":87.03,"รหัสแปลง":"320607072139","กลุ่ม":"กลุ่ม_23"},"geometry":{"type":"MultiPolygon","coordinates":[[[[987703.861100000329316,1604204.1831],[987687.434399999678135,1604287.808199999853969],[987781.72829999960959,1604302.984899999573827],[987787.917700000107288,1604299.778799999505281],[987797.246799999848008,1604301.81220000050962],[987828.663499999791384,1604307.610600000247359],[987837.242899999953806,1604311.1086],[987846.946899999864399,1604312.409800000488758],[987874.474200000055134,1604314.4331],[987887.351800000295043,1604237.209699999541044],[987887.362700000405312,1604236.655200000852346],[987703.861100000329316,1604204.1831]]]]}},
{"type":"Feature","properties":{"รหัสกลุ่มคิว":"23/001","รหัสรับเหมา":"738889","ชื่อ-สกุล รับเหมา":"รถตัดโรงงานเบอร์ 09","นักเกษตร":"2304","ศูนย์":"K2-23","โควตา":"727063","ชาวไร่":"นาง ลำใย มีสกุล","ประเภทอ้อย":"ตอ1","พื้นที่":10.28,"ตันรวม":92.52,"รหัสแปลง":"320506131664","กลุ่ม":"กลุ่ม_23"},"geometry":{"type":"MultiPolygon","coordinates":[[[[987387.940000000409782,1616352.366900000721216],[987379.18709999974817,1616311.229800000786781],[987345.488300000317395,1616309.810399999842048],[987338.555800000205636,1616259.290100000798702],[987194.506599999964237,1616233.3608],[987200.223000000230968,1616300.32909999974072],[987213.99100000038743,1616344.45160000026226],[987316.833200000226498,1616357.178400000557303],[987387.940000000409782,1616352.366900000721216]]]]}},
{"type":"Feature","properties":{"รหัสกลุ่มคิว":"23/001","รหัสรับเหมา":"738889","ชื่อ-สกุล รับเหมา":"รถตัดโรงงานเบอร์ 09","นักเกษตร":"2304","ศูนย์":"K2-23","โควตา":"726224","ชาวไร่":"นาย ปาน แยกมุม","ประเภทอ้อย":"ตอ1","พื้นที่":5.8,"ตันรวม":52.2,"รหัสแปลง":"320607061747","กลุ่ม":"กลุ่ม_23"},"geometry":{"type":"MultiPolygon","coordinates":[[[[982217.645899999886751,1605983.394500000402331],[982262.016800000332296,1605978.570000000298023],[982231.233599999919534,1605897.917700000107288],[982174.448200000450015,1605907.6974],[982170.373599999584258,1605924.551400000229478],[982120.021300000138581,1605939.47069999948144],[982134.016800000332296,1606001.118000000715256],[982217.645899999886751,1605983.394500000402331]]]]}},
{"type":"Feature","properties":{"รหัสกลุ่มคิว":"23/001","รหัสรับเหมา":"738889","ชื่อ-สกุล รับเหมา":"รถตัดโรงงานเบอร์ 09","นักเกษตร":"2304","ศูนย์":"K2-23","โควตา":"727419","ชาวไร่":"นาย สุรัตน์ ตลับทอง","ประเภทอ้อย":"ตอ1","พื้นที่":9.71,"ตันรวม":87.39,"รหัสแปลง":"320607072140","กลุ่ม":"กลุ่ม_23"},"geometry":{"type":"MultiPolygon","coordinates":[[[[987682.593399999663234,1604286.6031],[987699.725899999961257,1604203.731599999591708],[987503.958700000308454,1604171.943299999460578],[987496.525799999944866,1604247.2401],[987682.593399999663234,1604286.6031]]]]}},
{"type":"Feature","properties":{"รหัสกลุ่มคิว":"23/003","รหัสรับเหมา":"722635","ชื่อ-สกุล รับเหมา":"นาย พิชิต มณีศรี","นักเกษตร":"2303","ศูนย์":"K2-23","โควตา":"722635","ชาวไร่":"นาย พิชิต มณีศรี","ประเภทอ้อย":"ปลายฝน","พื้นที่":12.58,"ตันรวม":163.54,"รหัสแปลง":"320114061507","กลุ่ม":"กลุ่ม_23"},"geometry":{"type":"MultiPolygon","coordinates":[[[[980376.74199999962002,1640331.976700000464916],[980376.872100000269711,1640333.906600000336766],[980382.851700000464916,1640339.886199999600649],[980384.333300000056624,1640342.373199999332428],[980392.059200000017881,1640349.887399999424815],[980394.863800000399351,1640356.184499999508262],[980395.65749999973923,1640356.97829999960959],[980397.668399999849498,1640358.406999999657273],[980403.065899999812245,1640361.264499999582767],[980405.5,1640365.92119999974966],[980404.865000000223517,1640377.245400000363588],[980408.410500000230968,1640389.098799999803305],[980410.496399999596179,1640397.938500000163913],[980459.195199999958277,1640389.777599999681115],[980465.32799999974668,1640388.814799999818206],[980489.686099999584258,1640382.441700000315905],[980500.453099999576807,1640379.454500000923872],[980520.690499999560416,1640368.293199999257922],[980539.752700000070035,1640358.8015],[980538.929800000041723,1640354.213300000876188],[980535.543399999849498,1640343.725199999287724],[980528.574000000022352,1640321.342700000852346],[980520.939699999988079,1640297.926400000229478],[980495.135800000280142,1640225.11119999922812],[980476.325699999928474,1640179.574799999594688],[980450.904799999669194,1640205.586500000208616],[980423.687300000339746,1640248.05379999987781],[980409.190600000321865,1640277.397199999541044],[980393.5795,1640300.096400000154972],[980381.424899999983609,1640325.60249999910593],[980376.74199999962002,1640331.976700000464916]]]]}},
{"type":"Feature","properties":{"รหัสกลุ่มคิว":"23/002","รหัสรับเหมา":"722399","ชื่อ-สกุล รับเหมา":"นาง มะลิ งามเลิศ","นักเกษตร":"2302","ศูนย์":"K2-23","โควตา":"727418","ชาวไร่":"นาย พิสิทฐ์ สุขจิตร","ประเภทอ้อย":"ตอ1","พื้นที่":10.22,"ตันรวม":91.98,"รหัสแปลง":"320607072141","กลุ่ม":"กลุ่ม_23"},"geometry":{"type":"MultiPolygon","coordinates":[[[[986703.024000000208616,1602528.205],[986705.748800000175834,1602609.433399999514222],[986825.656499999575317,1602632.689999999478459],[986825.663800000213087,1602632.320299999788404],[986840.19510000012815,1602635.565199999138713],[986840.375199999660254,1602635.56870000064373],[986840.735399999655783,1602635.575799999758601],[986841.996299999766052,1602635.600600000470877],[986843.617300000041723,1602635.63260000012815],[986846.135300000198185,1602635.86710000038147],[986851.182300000451505,1602635.781600000336766],[986874.295699999667704,1602633.278400000184774],[986878.287499999627471,1602631.877800000831485],[986887.568199999630451,1602627.253000000491738],[986893.250199999660254,1602622.372500000521541],[986894.935200000181794,1602610.016799999400973],[986895.402999999932945,1602595.418199999257922],[986896.616799999959767,1602579.539899999275804],[986897.887199999764562,1602551.643699999898672],[986703.024000000208616,1602528.205]]]]}},
{"type":"Feature","properties":{"รหัสกลุ่มคิว":"23/001","รหัสรับเหมา":"738889","ชื่อ-สกุล รับเหมา":"รถตัดโรงงานเบอร์ 09","นักเกษตร":"2304","ศูนย์":"K2-23","โควตา":"726679","ชาวไร่":"นาง กุหลาบ สุขสบาย","ประเภทอ้อย":"ตอ1","พื้นที่":2.96,"ตันรวม":26.64,"รหัสแปลง":"320507061803","กลุ่ม":"กลุ่ม_23"},"geometry":{"type":"MultiPolygon","coordinates":[[[[978084.585099999792874,1610726.533600000664592],[978092.407100000418723,1610760.304199999198318],[978228.884399999864399,1610747.041200000792742],[978229.56900000013411,1610714.128200000151992],[978084.585099999792874,1610726.533600000664592]]]]}},
{"type":"Feature","properties":{"รหัสกลุ่มคิว":"23/001","รหัสรับเหมา":"738889","ชื่อ-สกุล รับเหมา":"รถตัดโรงงานเบอร์ 09","นักเกษตร":"2304","ศูนย์":"K2-23","โควตา":"722407","ชาวไร่":"นาย หวล ทองลาย","ประเภทอ้อย":"ตอ1","พื้นที่":6.6,"ตันรวม":59.4,"รหัสแปลง":"320607041702","กลุ่ม":"กลุ่ม_23"},"geometry":{"type":"MultiPolygon","coordinates":[[[[987037.669900000095367,1609493.97829999960959],[986967.003999999724329,1609500.741699999198318],[986988.947200000286102,1609559.324100000783801],[986973.812400000169873,1609560.735300000756979],[986988.188699999824166,1609590.156600000336766],[987003.657100000418723,1609611.147600000724196],[987005.407399999909103,1609610.304700000211596],[987023.847299999557436,1609647.105699999257922],[987021.978900000452995,1609648.835999999195337],[987038.0614,1609685.206499999389052],[987045.274100000038743,1609690.046700000762939],[987069.095999999903142,1609684.7303],[987037.669900000095367,1609493.97829999960959]]]]}},
{"type":"Feature","properties":{"รหัสกลุ่มคิว":"23/003","รหัสรับเหมา":"722635","ชื่อ-สกุล รับเหมา":"นาย พิชิต มณีศรี","นักเกษตร":"2303","ศูนย์":"K2-23","โควตา":"727213","ชาวไร่":"นาง นารีรัตน์ คำงาม","ประเภทอ้อย":"ตอ1","พื้นที่":5.0,"ตันรวม":45.0,"รหัสแปลง":"320607051664","กลุ่ม":"กลุ่ม_23"},"geometry":{"type":"MultiPolygon","coordinates":[[[[987917.574300000444055,1607425.822200000286102],[987926.038099999539554,1607384.997099999338388],[987925.119300000369549,1607381.120100000873208],[987752.66330000013113,1607337.8651],[987741.093799999915063,1607379.59180000051856],[987917.574300000444055,1607425.822200000286102]]]]}},
{"type":"Feature","properties":{"รหัสกลุ่มคิว":"23/002","รหัสรับเหมา":"722399","ชื่อ-สกุล รับเหมา":"นาง มะลิ งามเลิศ","นักเกษตร":"2302","ศูนย์":"K2-23","โควตา":"727404","ชาวไร่":"นาง บุญถิ่น โสนาดา","ประเภทอ้อย":"ตอ1","พื้นที่":5.31,"ตันรวม":47.79,"รหัสแปลง":"320510080004","กลุ่ม":"กลุ่ม_23"},"geometry":{"type":"MultiPolygon","coordinates":[[[[998710.702399999834597,1620106.183000000193715],[998597.141400000080466,1620111.2632],[998595.742999999783933,1620170.970300000160933],[998633.936499999836087,1620170.270199999213219],[998645.410099999979138,1620190.477900000289083],[998714.469200000166893,1620186.339099999517202],[998710.702399999834597,1620106.183000000193715]]]]}},
{"type":"Feature","properties":{"รหัสกลุ่มคิว":"23/001","รหัสรับเหมา":"738889","ชื่อ-สกุล รับเหมา":"รถตัดโรงงานเบอร์ 09","นักเกษตร":"2304","ศูนย์":"K2-23","โควตา":"716014","ชาวไร่":"นาย เกษมสันต์ หาญนึก","ประเภทอ้อย":"ตอ1","พื้นที่":13.25,"ตันรวม":119.25,"รหัสแปลง":"320507101668","กลุ่ม":"กลุ่ม_23"},"geometry":{"type":"MultiPolygon","coordinates":[[[[975847.491499999538064,1613939.61849999986589],[975807.997000000439584,1613950.191800000146031],[975795.192999999970198,1613902.694499999284744],[975828.272300000302494,1613891.367799999192357],[975789.367200000211596,1613800.52170000039041],[975740.049800000153482,1613818.059599999338388],[975758.74170000012964,1613915.795099999755621],[975770.185700000263751,1613964.592700000852346],[975785.587700000032783,1613909.06980000063777],[975777.068099999800324,1613886.1568],[975787.863099999725819,1613892.77140000090003],[975795.165699999779463,1613919.811899999156594],[975785.958100000396371,1613910.5515],[975771.088499999605119,1613968.442399999126792],[975801.207000000402331,1614050.560399999842048],[975808.086199999786913,1614060.085400000214577],[975823.432000000029802,1614054.264599999412894],[975849.689600000157952,1614124.059100000187755],[975911.678999999538064,1614105.147299999371171],[975847.491499999538064,1613939.61849999986589]]]]}},
{"type":"Feature","properties":{"รหัสกลุ่มคิว":"23/002","รหัสรับเหมา":"722399","ชื่อ-สกุล รับเหมา":"นาง มะลิ งามเลิศ","นักเกษตร":"2302","ศูนย์":"K2-23","โควตา":"722773","ชาวไร่":"นาย บุญเลี้ยง บุญมี","ประเภทอ้อย":"ตอ1","พื้นที่":2.02,"ตันรวม":18.18,"รหัสแปลง":"320607072142","กลุ่ม":"กลุ่ม_23"},"geometry":{"type":"MultiPolygon","coordinates":[[[[987583.250799999572337,1605803.314400000497699],[987591.549499999731779,1605766.3114],[987530.9068,1605753.46309999935329],[987510.981800000183284,1605749.740800000727177],[987504.755699999630451,1605782.162000000476837],[987506.079599999822676,1605788.105399999767542],[987506.414200000464916,1605789.406400000676513],[987506.403199999593198,1605789.960899999365211],[987506.568699999712408,1605790.70380000025034],[987583.250799999572337,1605803.314400000497699]]]]}},
{"type":"Feature","properties":{"รหัสกลุ่มคิว":"23/001","รหัสรับเหมา":"738889","ชื่อ-สกุล รับเหมา":"รถตัดโรงงานเบอร์ 09","นักเกษตร":"2304","ศูนย์":"K2-23","โควตา":"727447","ชาวไร่":"นาง สงบ พรหมบุตร","ประเภทอ้อย":"ตอ1","พื้นที่":6.1,"ตันรวม":54.9,"รหัสแปลง":"320507121628","กลุ่ม":"กลุ่ม_23"},"geometry":{"type":"MultiPolygon","coordinates":[[[[981615.440000000409782,1610399.45160000026226],[981457.401100000366569,1610412.442399999126792],[981467.351800000295043,1610437.783299999311566],[981511.744500000029802,1610442.720499999821186],[981511.61780000012368,1610449.189400000497699],[981504.008600000292063,1610451.4441],[981500.678999999538064,1610474.306199999526143],[981624.098899999633431,1610481.530999999493361],[981615.440000000409782,1610399.45160000026226]]]]}},
{"type":"Feature","properties":{"รหัสกลุ่มคิว":"23/001","รหัสรับเหมา":"738889","ชื่อ-สกุล รับเหมา":"รถตัดโรงงานเบอร์ 09","นักเกษตร":"2304","ศูนย์":"K2-23","โควตา":"727447","ชาวไร่":"นาง สงบ พรหมบุตร","ประเภทอ้อย":"ตอ1","พื้นที่":5.0,"ตันรวม":45.0,"รหัสแปลง":"320507121630","กลุ่ม":"กลุ่ม_23"},"geometry":{"type":"MultiPolygon","coordinates":[[[[979283.244500000029802,1610833.712799999862909],[979345.158200000412762,1610832.981000000610948],[979338.059399999678135,1610700.311200000345707],[979275.869599999859929,1610709.482100000604987],[979283.244500000029802,1610833.712799999862909]]]]}},
{"type":"Feature","properties":{"รหัสกลุ่มคิว":"23/001","รหัสรับเหมา":"738889","ชื่อ-สกุล รับเหมา":"รถตัดโรงงานเบอร์ 09","นักเกษตร":"2304","ศูนย์":"K2-23","โควตา":"727447","ชาวไร่":"นาง สงบ พรหมบุตร","ประเภทอ้อย":"ตอ1","พื้นที่":6.62,"ตันรวม":59.58,"รหัสแปลง":"320507111523","กลุ่ม":"กลุ่ม_23"},"geometry":{"type":"MultiPolygon","coordinates":[[[[980175.590400000102818,1612368.806800000369549],[980170.199300000444055,1612373.060100000351667],[980152.509800000116229,1612506.451999999582767],[980273.18680000025779,1612488.856899999082088],[980279.789499999955297,1612440.2358],[980218.166199999861419,1612449.710400000214577],[980228.67960000038147,1612371.631100000813603],[980175.590400000102818,1612368.806800000369549]]]]}},
{"type":"Feature","properties":{"รหัสกลุ่มคิว":"23/001","รหัสรับเหมา":"738889","ชื่อ-สกุล รับเหมา":"รถตัดโรงงานเบอร์ 09","นักเกษตร":"2304","ศูนย์":"K2-23","โควตา":"727447","ชาวไร่":"นาง สงบ พรหมบุตร","ประเภทอ้อย":"ตอ1","พื้นที่":5.31,"ตันรวม":47.79,"รหัสแปลง":"320507121631","กลุ่ม":"กลุ่ม_23"},"geometry":{"type":"MultiPolygon","coordinates":[[[[981617.588600000366569,1610397.605900000780821],[981619.934899999760091,1610422.09940000064671],[981981.822100000455976,1610364.87639999948442],[981971.177299999631941,1610343.908800000324845],[981617.588600000366569,1610397.605900000780821]]]]}},
{"type":"Feature","properties":{"รหัสกลุ่มคิว":"23/003","รหัสรับเหมา":"722635","ชื่อ-สกุล รับเหมา":"นาย พิชิต มณีศรี","นักเกษตร":"2303","ศูนย์":"K2-23","โควตา":"726495","ชาวไร่":"นางสาว รุ่งนภา กระจ่างจิตร","ประเภทอ้อย":"ตอ1","พื้นที่":3.4,"ตันรวม":30.6,"รหัสแปลง":"320607072146","กลุ่ม":"กลุ่ม_23"},"geometry":{"type":"MultiPolygon","coordinates":[[[[988349.173299999907613,1604864.504499999806285],[988354.446800000034273,1604852.959300000220537],[988358.859899999573827,1604839.363099999725819],[988361.659400000236928,1604825.365199999883771],[988362.993300000205636,1604821.693299999460578],[988353.700899999588728,1604817.811200000345707],[988351.359600000083447,1604817.764799999073148],[988347.048000000417233,1604817.124800000339746],[988338.388299999758601,1604817.693],[988325.813799999654293,1604815.779999999329448],[988323.659799999557436,1604815.367499999701977],[988317.374400000087917,1604814.318600000813603],[988299.28249999973923,1604808.9679000005126],[988296.768299999646842,1604808.54839999973774],[988289.336500000208616,1604810.80519999936223],[988237.359899999573827,1604851.566999999806285],[988233.328099999576807,1604855.000499999150634],[988233.857499999925494,1604855.5658],[988233.853799999691546,1604855.750600000843406],[988233.835500000044703,1604856.674799999222159],[988349.825100000016391,1604877.091399999335408],[988349.173299999907613,1604864.504499999806285]]]]}},
{"type":"Feature","properties":{"รหัสกลุ่มคิว":"23/002","รหัสรับเหมา":"722399","ชื่อ-สกุล รับเหมา":"นาง มะลิ งามเลิศ","นักเกษตร":"2302","ศูนย์":"K2-23","โควตา":"722399","ชาวไร่":"นาง มะลิ งามเลิศ","ประเภทอ้อย":"ตอ1","พื้นที่":4.58,"ตันรวม":41.22,"รหัสแปลง":"320607072147","กลุ่ม":"กลุ่ม_23"},"geometry":{"type":"MultiPolygon","coordinates":[[[[986860.090599999763072,1603006.699300000444055],[986890.379200000315905,1603005.816999999806285],[986876.509200000204146,1602877.58669999986887],[986864.858300000429153,1602764.747600000351667],[986859.523900000378489,1602761.129200000315905],[986834.775000000372529,1602764.339800000190735],[986860.090599999763072,1603006.699300000444055]]]]}},
{"type":"Feature","properties":{"รหัสกลุ่มคิว":"23/002","รหัสรับเหมา":"722399","ชื่อ-สกุล รับเหมา":"นาง มะลิ งามเลิศ","นักเกษตร":"2302","ศูนย์":"K2-23","โควตา":"722272","ชาวไร่":"นาง เสาร์ เรือเสาร์","ประเภทอ้อย":"ตอ1","พื้นที่":4.52,"ตันรวม":40.68,"รหัสแปลง":"320601071964","กลุ่ม":"กลุ่ม_23"},"geometry":{"type":"MultiPolygon","coordinates":[[[[990134.246500000357628,1607173.453700000420213],[990134.536799999885261,1607176.972999999299645],[990123.018299999646842,1607176.373999999836087],[990113.175300000235438,1607218.339400000870228],[990163.237200000323355,1607228.5811],[990205.562400000169873,1607238.299200000241399],[990225.372499999590218,1607238.693399999290705],[990244.9227,1607161.60190000012517],[990134.246500000357628,1607173.453700000420213]]]]}},
{"type":"Feature","properties":{"รหัสกลุ่มคิว":"23/001","รหัสรับเหมา":"738889","ชื่อ-สกุล รับเหมา":"รถตัดโรงงานเบอร์ 09","นักเกษตร":"2304","ศูนย์":"K2-23","โควตา":"727451","ชาวไร่":"นาย สนอง พรหนองแสน","ประเภทอ้อย":"ตอ1","พื้นที่":6.54,"ตันรวม":58.86,"รหัสแปลง":"320601091639","กลุ่ม":"กลุ่ม_23"},"geometry":{"type":"MultiPolygon","coordinates":[[[[995224.395399999804795,1607685.039599999785423],[995208.999099999666214,1607599.47749999910593],[995176.356100000441074,1607618.97859999909997],[995177.182300000451505,1607622.693800000473857],[995183.329699999652803,1607630.584499999880791],[995219.745099999941885,1607755.034499999135733],[995221.115199999883771,1607758.5757],[995224.238099999725819,1607764.55629999935627],[995229.030199999921024,1607768.166300000622869],[995231.904299999587238,1607768.593900000676513],[995265.837700000032783,1607747.639399999752641],[995284.829900000244379,1607743.9529],[995323.237700000405312,1607733.444499999284744],[995328.846900000236928,1607732.262700000777841],[995312.06319999974221,1607688.8366],[995297.536899999715388,1607658.585799999535084],[995284.187199999578297,1607659.426999999210238],[995282.195000000298023,1607659.941700000315905],[995273.119400000199676,1607663.272900000214577],[995275.135599999688566,1607670.525699999183416],[995270.315499999560416,1607677.271199999377131],[995223.29619999974966,1607685.942199999466538],[995224.035199999809265,1607685.032400000840425],[995224.395399999804795,1607685.039599999785423]]]]}},
{"type":"Feature","properties":{"รหัสกลุ่มคิว":"23/001","รหัสรับเหมา":"738889","ชื่อ-สกุล รับเหมา":"รถตัดโรงงานเบอร์ 09","นักเกษตร":"2304","ศูนย์":"K2-23","โควตา":"710746","ชาวไร่":"นาง ประทอม บุญคล้อย","ประเภทอ้อย":"ตอ1","พื้นที่":1.94,"ตันรวม":17.46,"รหัสแปลง":"320507161632","กลุ่ม":"กลุ่ม_23"},"geometry":{"type":"MultiPolygon","coordinates":[[[[985528.614400000311434,1611564.223300000652671],[985499.463999999687076,1611559.798599999397993],[985489.59360000025481,1611650.8619],[985529.917000000365078,1611651.429099999368191],[985528.614400000311434,1611564.223300000652671]]]]}},
{"type":"Feature","properties":{"รหัสกลุ่มคิว":"23/001","รหัสรับเหมา":"738889","ชื่อ-สกุล รับเหมา":"รถตัดโรงงานเบอร์ 09","นักเกษตร":"2304","ศูนย์":"K2-23","โควตา":"727447","ชาวไร่":"นาง สงบ พรหมบุตร","ประเภทอ้อย":"ตอ1","พื้นที่":6.58,"ตันรวม":59.22,"รหัสแปลง":"320507121632","กลุ่ม":"กลุ่ม_23"},"geometry":{"type":"MultiPolygon","coordinates":[[[[982120.512000000104308,1609035.435499999672174],[982061.840099999681115,1608784.7971],[981986.423299999907613,1608779.1743],[982034.176699999719858,1609061.485600000247359],[982120.512000000104308,1609035.435499999672174]]]]}},
{"type":"Feature","properties":{"รหัสกลุ่มคิว":"23/003","รหัสรับเหมา":"722635","ชื่อ-สกุล รับเหมา":"นาย พิชิต มณีศรี","นักเกษตร":"2303","ศูนย์":"K2-23","โควตา":"722635","ชาวไร่":"นาย พิชิต มณีศรี","ประเภทอ้อย":"ตอ1","พื้นที่":1.93,"ตันรวม":17.37,"รหัสแปลง":"320806080001","กลุ่ม":"กลุ่ม_23"},"geometry":{"type":"MultiPolygon","coordinates":[[[[1016090.7642,1677844.104000000283122],[1016088.2347999997437,1677819.423900000751019],[1016100.366100000217557,1677816.665200000628829],[1016091.448599999770522,1677754.746099999174476],[1016052.4381,1677755.371600000187755],[1016067.848600000143051,1677847.651599999517202],[1016090.7642,1677844.104000000283122]]]]}},
{"type":"Feature","properties":{"รหัสกลุ่มคิว":"23/001","รหัสรับเหมา":"738889","ชื่อ-สกุล รับเหมา":"รถตัดโรงงานเบอร์ 09","นักเกษตร":"2304","ศูนย์":"K2-23","โควตา":"727198","ชาวไร่":"นาย เอระชัย จันทร์สิงห์","ประเภทอ้อย":"ตอ1","พื้นที่":5.69,"ตันรวม":51.21,"รหัสแปลง":"320601111714","กลุ่ม":"กลุ่ม_23"},"geometry":{"type":"MultiPolygon","coordinates":[[[[994452.415599999949336,1609593.445499999448657],[994435.712899999693036,1609441.5493],[994385.127799999900162,1609441.336200000718236],[994388.214700000360608,1609604.6634],[994452.415599999949336,1609593.445499999448657]]]]}},
{"type":"Feature","properties":{"รหัสกลุ่มคิว":"23/001","รหัสรับเหมา":"738889","ชื่อ-สกุล รับเหมา":"รถตัดโรงงานเบอร์ 09","นักเกษตร":"2304","ศูนย์":"K2-23","โควตา":"727442","ชาวไร่":"นาย เศรษฐสิทธิ์ สงกล้า","ประเภทอ้อย":"ตอ1","พื้นที่":13.99,"ตันรวม":125.91,"รหัสแปลง":"320601111715","กลุ่ม":"กลุ่ม_23"},"geometry":{"type":"MultiPolygon","coordinates":[[[[992045.792100000195205,1604537.39949999935925],[991906.229199999943376,1604424.77449999935925],[991906.236499999649823,1604424.404799999669194],[991906.056400000117719,1604424.401200000196695],[991905.328599999658763,1604424.7566],[991904.780899999663234,1604425.115499999374151],[991903.501600000075996,1604426.014599999412894],[991901.127000000327826,1604427.6316],[991899.641800000332296,1604429.821000000461936],[991898.142,1604432.749900000169873],[991895.9216,1604435.66440000012517],[991894.245299999602139,1604438.404799999669194],[991892.936599999666214,1604440.782700000330806],[991886.426300000399351,1604451.008500000461936],[991884.364000000059605,1604455.035700000822544],[991882.30530000012368,1604458.878000000491738],[991877.824099999852479,1604466.740299999713898],[991875.221499999985099,1604470.756699999794364],[991872.809999999590218,1604474.222200000658631],[991870.574900000356138,1604477.876000000163913],[991868.339900000020862,1604481.529899999499321],[991866.284900000318885,1604485.187400000169873],[991864.413800000213087,1604488.663599999621511],[991862.358799999579787,1604492.321100000292063],[991860.303899999707937,1604495.97859999909997],[991858.432699999772012,1604499.454800000414252],[991856.201399999670684,1604502.923800000920892],[991853.786199999973178,1604506.574100000783801],[991851.738599999807775,1604509.8619],[991849.50719999987632,1604513.330900000408292],[991847.6398,1604516.622300000861287],[991845.772300000302494,1604519.913599999621511],[991843.66579999960959,1604526.159],[991842.698900000192225,1604529.468299999833107],[991841.91579999960959,1604532.596300000324845],[991841.533099999651313,1604542.759400000795722],[991841.459499999880791,1604546.456299999728799],[991846.053700000047684,1604560.0471],[991847.630499999970198,1604562.29759999923408],[991855.043899999931455,1604579.088199999183416],[991856.40749999973923,1604582.998700000345707],[991868.514600000344217,1604608.3893],[991872.355499999597669,1604614.568199999630451],[991872.664200000464916,1604617.16330000013113],[991879.677199999801815,1604626.9189],[991880.735799999907613,1604628.049499999731779],[991880.908499999903142,1604628.422800000756979],[991887.289499999955297,1604633.727800000458956],[991887.469600000418723,1604633.7314],[992045.792100000195205,1604537.39949999935925]]]]}},
{"type":"Feature","properties":{"รหัสกลุ่มคิว":"23/003","รหัสรับเหมา":"722635","ชื่อ-สกุล รับเหมา":"นาย พิชิต มณีศรี","นักเกษตร":"2303","ศูนย์":"K2-23","โควตา":"727415","ชาวไร่":"นางสาว สินิทรา พิศงาม","ประเภทอ้อย":"ตอ1","พื้นที่":5.33,"ตันรวม":47.97,"รหัสแปลง":"320607072151","กลุ่ม":"กลุ่ม_23"},"geometry":{"type":"MultiPolygon","coordinates":[[[[989937.733199999667704,1604931.497899999842048],[989948.053100000135601,1604883.624500000849366],[989765.683100000023842,1604857.814300000667572],[989756.370600000023842,1604900.345100000500679],[989756.723500000312924,1604900.721899999305606],[989937.733199999667704,1604931.497899999842048]]]]}},
{"type":"Feature","properties":{"รหัสกลุ่มคิว":"23/001","รหัสรับเหมา":"738889","ชื่อ-สกุล รับเหมา":"รถตัดโรงงานเบอร์ 09","นักเกษตร":"2304","ศูนย์":"K2-23","โควตา":"720204","ชาวไร่":"นาย คำนวน ชิมบุญ","ประเภทอ้อย":"ตอ1","พื้นที่":4.5,"ตันรวม":40.5,"รหัสแปลง":"320607101806","กลุ่ม":"กลุ่ม_23"},"geometry":{"type":"MultiPolygon","coordinates":[[[[983304.207700000144541,1603699.985400000587106],[983420.925499999895692,1603859.249800000339746],[983461.768000000156462,1603858.412000000476837],[983334.522099999710917,1603680.928999999538064],[983304.207700000144541,1603699.985400000587106]]]]}},
{"type":"Feature","properties":{"รหัสกลุ่มคิว":"23/002","รหัสรับเหมา":"722399","ชื่อ-สกุล รับเหมา":"นาง มะลิ งามเลิศ","นักเกษตร":"2302","ศูนย์":"K2-23","โควตา":"727184","ชาวไร่":"นาย ลิขิต ตลับทอง","ประเภทอ้อย":"ตอ1","พื้นที่":2.41,"ตันรวม":21.69,"รหัสแปลง":"320607072153","กลุ่ม":"กลุ่ม_23"},"geometry":{"type":"MultiPolygon","coordinates":[[[[986800.059399999678135,1603099.634999999776483],[986923.935499999672174,1603149.967700000852346],[986909.422500000335276,1603081.82010000012815],[986800.059399999678135,1603099.634999999776483]]]]}},
{"type":"Feature","properties":{"รหัสกลุ่มคิว":"23/002","รหัสรับเหมา":"722399","ชื่อ-สกุล รับเหมา":"นาง มะลิ งามเลิศ","นักเกษตร":"2302","ศูนย์":"K2-23","โควตา":"726611","ชาวไร่":"นาย สำเบียน ยืนยง","ประเภทอ้อย":"ตอ1","พื้นที่":10.54,"ตันรวม":94.86,"รหัสแปลง":"320607031762","กลุ่ม":"กลุ่ม_23"},"geometry":{"type":"MultiPolygon","coordinates":[[[[989433.793899999931455,1611019.4679000005126],[989450.10190000012517,1611049.384099999442697],[989487.628899999894202,1611024.401100000366569],[989510.402300000190735,1611009.651200000196695],[989531.153800000436604,1610993.5329],[989561.655199999921024,1610969.664899999275804],[989585.747200000099838,1610949.3871],[989619.945700000040233,1610914.467700000852346],[989638.098100000061095,1610894.278000000864267],[989660.556699999608099,1610875.809499999508262],[989691.50690000038594,1610844.731499999761581],[989664.792100000195205,1610816.593399999663234],[989639.728799999691546,1610841.9276],[989595.339900000020862,1610885.929400000721216],[989562.270700000226498,1610916.94480000063777],[989545.384300000034273,1610934.248400000855327],[989507.934200000017881,1610965.619200000539422],[989472.551699999719858,1610994.113299999386072],[989456.511400000192225,1611004.373999999836087],[989446.502700000070035,1611013.572200000286102],[989433.793899999931455,1611019.4679000005126]]]]}},
{"type":"Feature","properties":{"รหัสกลุ่มคิว":"23/001","รหัสรับเหมา":"738889","ชื่อ-สกุล รับเหมา":"รถตัดโรงงานเบอร์ 09","นักเกษตร":"2304","ศูนย์":"K2-23","โควตา":"727450","ชาวไร่":"นางสาว ภัณฑิลา กิตติอนันต์โภคิน","ประเภทอ้อย":"ตอ1","พื้นที่":2.36,"ตันรวม":21.24,"รหัสแปลง":"320506131666","กลุ่ม":"กลุ่ม_23"},"geometry":{"type":"MultiPolygon","coordinates":[[[[986328.488300000317395,1615927.184499999508262],[986366.672500000335276,1615926.808599999174476],[986370.12430000025779,1615872.461400000378489],[986360.30559999961406,1615870.651100000366569],[986358.787100000306964,1615812.1513],[986333.332299999892712,1615812.81980000063777],[986328.488300000317395,1615927.184499999508262]]]]}},
{"type":"Feature","properties":{"รหัสกลุ่มคิว":"23/001","รหัสรับเหมา":"738889","ชื่อ-สกุล รับเหมา":"รถตัดโรงงานเบอร์ 09","นักเกษตร":"2304","ศูนย์":"K2-23","โควตา":"726399","ชาวไร่":"นาง เปรม ทิ้งรัมย์","ประเภทอ้อย":"ตอ1","พื้นที่":5.22,"ตันรวม":46.98,"รหัสแปลง":"320607101807","กลุ่ม":"กลุ่ม_23"},"geometry":{"type":"MultiPolygon","coordinates":[[[[983290.195600000210106,1604507.069900000467896],[983276.080199999734759,1604511.75029999949038],[983377.942200000397861,1604658.85869999974966],[983404.77489999961108,1604644.490499999374151],[983376.791400000452995,1604586.314300000667572],[983379.68059999961406,1604585.278100000694394],[983309.010200000368059,1604470.259999999776483],[983278.492899999953806,1604481.725999999791384],[983290.195600000210106,1604507.069900000467896]]]]}},
{"type":"Feature","properties":{"รหัสกลุ่มคิว":"23/001","รหัสรับเหมา":"738889","ชื่อ-สกุล รับเหมา":"รถตัดโรงงานเบอร์ 09","นักเกษตร":"2304","ศูนย์":"K2-23","โควตา":"726927","ชาวไร่":"นางสาว วิสาลินี ขันติวงค์","ประเภทอ้อย":"ตอ1","พื้นที่":4.22,"ตันรวม":37.98,"รหัสแปลง":"320601071967","กลุ่ม":"กลุ่ม_23"},"geometry":{"type":"MultiPolygon","coordinates":[[[[990949.129499999806285,1607065.041500000283122],[990863.606100000441074,1607071.289200000464916],[990862.386300000362098,1607159.656300000846386],[990946.33669999986887,1607141.9123],[990944.833700000308454,1607135.9649],[990944.1722999997437,1607132.993000000715256],[990941.916100000031292,1607119.633899999782443],[990941.887000000104308,1607112.051599999889731],[990942.33559999987483,1607107.622500000521541],[990942.416600000113249,1607103.5559],[990942.857800000347197,1607099.496400000527501],[990943.468100000172853,1607095.995100000873208],[990944.611299999989569,1607092.874299999326468],[990945.566999999806285,1607090.1195],[990946.158800000324845,1607087.542400000616908],[990946.94550000037998,1607084.229599999263883],[990947.54839999973774,1607081.097999999299645],[990947.956500000320375,1607078.702099999412894],[990948.555700000375509,1607075.755400000140071],[990949.342299999669194,1607072.442500000819564],[990949.401300000026822,1607069.484999999403954],[990949.129499999806285,1607065.041500000283122]]]]}},
{"type":"Feature","properties":{"รหัสกลุ่มคิว":"23/001","รหัสรับเหมา":"738889","ชื่อ-สกุล รับเหมา":"รถตัดโรงงานเบอร์ 09","นักเกษตร":"2304","ศูนย์":"K2-23","โควตา":"727451","ชาวไร่":"นาย สนอง พรหนองแสน","ประเภทอ้อย":"ตอ1","พื้นที่":10.42,"ตันรวม":93.78,"รหัสแปลง":"320601091642","กลุ่ม":"กลุ่ม_23"},"geometry":{"type":"MultiPolygon","coordinates":[[[[995087.339399999938905,1607700.222699999809265],[994982.200199999846518,1607723.075099999085069],[994973.037700000219047,1607685.905200000852346],[994939.106499999761581,1607697.798499999567866],[994857.371199999935925,1607730.553099999204278],[994864.025399999693036,1607775.994400000199676],[994898.910699999891222,1607770.407700000330806],[994988.876600000075996,1607749.469200000166893],[994999.427899999544024,1607789.256100000813603],[995005.083300000056624,1607794.732699999585748],[995125.185300000011921,1607771.441500000655651],[995146.762000000104308,1607764.66300000064075],[995135.854299999773502,1607742.622099999338388],[995121.745299999602139,1607736.420700000599027],[995101.139700000174344,1607739.7051],[995101.720900000073016,1607737.682600000873208],[995087.339399999938905,1607700.222699999809265]]]]}},
{"type":"Feature","properties":{"รหัสกลุ่มคิว":"23/001","รหัสรับเหมา":"738889","ชื่อ-สกุล รับเหมา":"รถตัดโรงงานเบอร์ 09","นักเกษตร":"2304","ศูนย์":"K2-23","โควตา":"726783","ชาวไร่":"นาย ธงไชย สัตย์สุขยิ่ง","ประเภทอ้อย":"ตอ1","พื้นที่":3.27,"ตันรวม":29.43,"รหัสแปลง":"320506131672","กลุ่ม":"กลุ่ม_23"},"geometry":{"type":"MultiPolygon","coordinates":[[[[986731.519500000402331,1616354.738399999216199],[986723.920400000177324,1616418.503799999132752],[986839.756099999882281,1616428.632200000807643],[986838.626299999654293,1616400.342800000682473],[986789.582999999634922,1616393.228199999779463],[986788.598699999973178,1616377.950099999085069],[986778.535500000230968,1616375.839600000530481],[986777.603400000371039,1616359.129100000485778],[986731.519500000402331,1616354.738399999216199]]]]}},
{"type":"Feature","properties":{"รหัสกลุ่มคิว":"23/001","รหัสรับเหมา":"738889","ชื่อ-สกุล รับเหมา":"รถตัดโรงงานเบอร์ 09","นักเกษตร":"2304","ศูนย์":"K2-23","โควตา":"726783","ชาวไร่":"นาย ธงไชย สัตย์สุขยิ่ง","ประเภทอ้อย":"ตอ1","พื้นที่":1.8,"ตันรวม":16.2,"รหัสแปลง":"320506131673","กลุ่ม":"กลุ่ม_23"},"geometry":{"type":"MultiPolygon","coordinates":[[[[986905.53760000038892,1616003.060699999332428],[986896.253100000321865,1616001.721200000494719],[986884.402499999850988,1616013.096300000324845],[986884.637199999764562,1616149.1107],[986903.756699999794364,1616147.135299999266863],[986905.53760000038892,1616003.060699999332428]]]]}},
{"type":"Feature","properties":{"รหัสกลุ่มคิว":"23/002","รหัสรับเหมา":"722399","ชื่อ-สกุล รับเหมา":"นาง มะลิ งามเลิศ","นักเกษตร":"2302","ศูนย์":"K2-23","โควตา":"727406","ชาวไร่":"นาย สอน งามสง่า","ประเภทอ้อย":"ตอ1","พื้นที่":2.68,"ตันรวม":24.12,"รหัสแปลง":"320510041613","กลุ่ม":"กลุ่ม_23"},"geometry":{"type":"MultiPolygon","coordinates":[[[[997147.823200000450015,1618426.593900000676513],[997213.316599999554455,1618414.444299999624491],[997211.664300000295043,1618401.95409999974072],[997242.771399999968708,1618397.494300000369549],[997255.471599999815226,1618395.741900000721216],[997258.524799999780953,1618404.595499999821186],[997286.262799999676645,1618398.316299999132752],[997266.881099999882281,1618342.980599999427795],[997237.956500000320375,1618353.406700000166893],[997241.023000000044703,1618392.865000000223517],[997211.070299999788404,1618397.840900000184774],[997200.052199999801815,1618387.280799999833107],[997133.338800000026822,1618394.371400000527501],[997147.823200000450015,1618426.593900000676513]]]]}},
{"type":"Feature","properties":{"รหัสกลุ่มคิว":"23/002","รหัสรับเหมา":"722399","ชื่อ-สกุล รับเหมา":"นาง มะลิ งามเลิศ","นักเกษตร":"2302","ศูนย์":"K2-23","โควตา":"722466","ชาวไร่":"นาย สุพน ศรีแก้ว","ประเภทอ้อย":"ตอ1","พื้นที่":5.19,"ตันรวม":46.71,"รหัสแปลง":"320607021678","กลุ่ม":"กลุ่ม_23"},"geometry":{"type":"MultiPolygon","coordinates":[[[[986577.040000000037253,1612698.311599999666214],[986606.856100000441074,1612738.8432],[986724.110799999907613,1612638.912100000306964],[986690.818199999630451,1612592.024599999189377],[986577.040000000037253,1612698.311599999666214]]]]}},
{"type":"Feature","properties":{"รหัสกลุ่มคิว":"23/001","รหัสรับเหมา":"738889","ชื่อ-สกุล รับเหมา":"รถตัดโรงงานเบอร์ 09","นักเกษตร":"2304","ศูนย์":"K2-23","โควตา":"727462","ชาวไร่":"นาย รุ่งเรือง รัชโพธิ์","ประเภทอ้อย":"ตอ1","พื้นที่":3.97,"ตันรวม":35.73,"รหัสแปลง":"320607021679","กลุ่ม":"กลุ่ม_23"},"geometry":{"type":"MultiPolygon","coordinates":[[[[986535.832999999634922,1612096.353000000119209],[986429.796099999919534,1612202.794600000604987],[986460.229799999855459,1612230.394200000911951],[986571.576000000350177,1612119.620100000873208],[986535.832999999634922,1612096.353000000119209]]]]}},
{"type":"Feature","properties":{"รหัสกลุ่มคิว":"23/003","รหัสรับเหมา":"722635","ชื่อ-สกุล รับเหมา":"นาย พิชิต มณีศรี","นักเกษตร":"2303","ศูนย์":"K2-23","โควตา":"720329","ชาวไร่":"นาย เลี่ยง สมจิตร","ประเภทอ้อย":"ตอ1","พื้นที่":2.85,"ตันรวม":25.65,"รหัสแปลง":"320607011783","กลุ่ม":"กลุ่ม_23"},"geometry":{"type":"MultiPolygon","coordinates":[[[[984579.456899999640882,1606082.340600000694394],[984589.735799999907613,1606081.453099999576807],[984664.646900000050664,1606059.4967],[984523.153300000354648,1606059.475999999791384],[984529.615899999625981,1606124.782800000160933],[984587.153199999593198,1606126.781199999153614],[984577.884499999694526,1606119.334499999880791],[984579.456899999640882,1606082.340600000694394]]]]}},
{"type":"Feature","properties":{"รหัสกลุ่มคิว":"23/002","รหัสรับเหมา":"722399","ชื่อ-สกุล รับเหมา":"นาง มะลิ งามเลิศ","นักเกษตร":"2302","ศูนย์":"K2-23","โควตา":"727454","ชาวไร่":"นาง สมเกียรติ แพงสุข","ประเภทอ้อย":"ตอ1","พื้นที่":2.53,"ตันรวม":22.77,"รหัสแปลง":"320607131667","กลุ่ม":"กลุ่ม_23"},"geometry":{"type":"MultiPolygon","coordinates":[[[[988248.185600000433624,1609605.523499999195337],[988333.601400000043213,1609604.075400000438094],[988336.129499999806285,1609594.695000000298023],[988336.338000000454485,1609566.037499999627471],[988254.901399999856949,1609548.518500000238419],[988252.546400000341237,1609567.333000000566244],[988248.185600000433624,1609605.523499999195337]]]]}},
{"type":"Feature","properties":{"รหัสกลุ่มคิว":"23/002","รหัสรับเหมา":"722399","ชื่อ-สกุล รับเหมา":"นาง มะลิ งามเลิศ","นักเกษตร":"2302","ศูนย์":"K2-23","โควตา":"727456","ชาวไร่":"นาย อุดม เปรียบยอดยิ่ง","ประเภทอ้อย":"ตอ1","พื้นที่":1.31,"ตันรวม":11.79,"รหัสแปลง":"320607131668","กลุ่ม":"กลุ่ม_23"},"geometry":{"type":"MultiPolygon","coordinates":[[[[988325.781600000336766,1609616.864099999889731],[988249.390999999828637,1609608.321100000292063],[988256.709099999628961,1609648.037799999117851],[988302.94649999961257,1609641.928899999707937],[988315.279400000348687,1609637.7358],[988325.781600000336766,1609616.864099999889731]]]]}},
{"type":"Feature","properties":{"รหัสกลุ่มคิว":"23/002","รหัสรับเหมา":"722399","ชื่อ-สกุล รับเหมา":"นาง มะลิ งามเลิศ","นักเกษตร":"2302","ศูนย์":"K2-23","โควตา":"722399","ชาวไร่":"นาง มะลิ งามเลิศ","ประเภทอ้อย":"ตอ1","พื้นที่":11.06,"ตันรวม":99.54,"รหัสแปลง":"320601071969","กลุ่ม":"กลุ่ม_23"},"geometry":{"type":"MultiPolygon","coordinates":[[[[991377.775000000372529,1605174.085100000724196],[991385.457899999804795,1605267.807700000703335],[991461.497100000269711,1605267.658099999651313],[991452.429399999789894,1605044.463700000196695],[991376.739000000059605,1605036.114099999889731],[991377.775000000372529,1605174.085100000724196]]]]}},
{"type":"Feature","properties":{"รหัสกลุ่มคิว":"23/001","รหัสรับเหมา":"738889","ชื่อ-สกุล รับเหมา":"รถตัดโรงงานเบอร์ 09","นักเกษตร":"2304","ศูนย์":"K2-23","โควตา":"726783","ชาวไร่":"นาย ธงไชย สัตย์สุขยิ่ง","ประเภทอ้อย":"ตอ1","พื้นที่":2.15,"ตันรวม":19.35,"รหัสแปลง":"320506131675","กลุ่ม":"กลุ่ม_23"},"geometry":{"type":"MultiPolygon","coordinates":[[[[986761.163399999961257,1615460.102399999275804],[986756.992499999701977,1615443.177899999544024],[986586.262400000356138,1615432.344100000336766],[986593.525000000372529,1615456.610200000926852],[986761.163399999961257,1615460.102399999275804]]]]}},
{"type":"Feature","properties":{"รหัสกลุ่มคิว":"23/001","รหัสรับเหมา":"738889","ชื่อ-สกุล รับเหมา":"รถตัดโรงงานเบอร์ 09","นักเกษตร":"2304","ศูนย์":"K2-23","โควตา":"727278","ชาวไร่":"นาย ธวัชร์ จบศรี","ประเภทอ้อย":"ตอ1","พื้นที่":5.46,"ตันรวม":49.14,"รหัสแปลง":"320507041759","กลุ่ม":"กลุ่ม_23"},"geometry":{"type":"MultiPolygon","coordinates":[[[[985382.767199999652803,1610647.5822],[985273.592299999669194,1610569.7686],[985263.119800000451505,1610626.82010000012815],[985380.735999999567866,1610724.564999999478459],[985397.305399999953806,1610682.626900000497699],[985382.767199999652803,1610647.5822]]]]}},
{"type":"Feature","properties":{"รหัสกลุ่มคิว":"23/001","รหัสรับเหมา":"738889","ชื่อ-สกุล รับเหมา":"รถตัดโรงงานเบอร์ 09","นักเกษตร":"2304","ศูนย์":"K2-23","โควตา":"727457","ชาวไร่":"นาง จันดี ธรรมบุตร","ประเภทอ้อย":"ตอ1","พื้นที่":4.81,"ตันรวม":43.29,"รหัสแปลง":"320507081777","กลุ่ม":"กลุ่ม_23"},"geometry":{"type":"MultiPolygon","coordinates":[[[[979730.279699999839067,1613717.971899999305606],[979917.371899999678135,1613676.381100000813603],[979907.998599999584258,1613645.036699999123812],[979720.957600000314415,1613670.446000000461936],[979721.473399999551475,1613673.231699999421835],[979730.279699999839067,1613717.971899999305606]]]]}},
{"type":"Feature","properties":{"รหัสกลุ่มคิว":"23/003","รหัสรับเหมา":"722635","ชื่อ-สกุล รับเหมา":"นาย พิชิต มณีศรี","นักเกษตร":"2303","ศูนย์":"K2-23","โควตา":"727403","ชาวไร่":"นาง พิรุณ เครือศรี","ประเภทอ้อย":"ตอ1","พื้นที่":6.07,"ตันรวม":54.63,"รหัสแปลง":"320510041614","กลุ่ม":"กลุ่ม_23"},"geometry":{"type":"MultiPolygon","coordinates":[[[[999298.699400000274181,1619965.06110000051558],[999236.410600000061095,1619975.681800000369549],[999241.073099999688566,1620068.036800000816584],[999367.290599999949336,1620048.327199999243021],[999358.400999999605119,1619989.35840000025928],[999301.885800000280142,1619992.302699999883771],[999298.699400000274181,1619965.06110000051558]]]]}},
{"type":"Feature","properties":{"รหัสกลุ่มคิว":"23/002","รหัสรับเหมา":"722399","ชื่อ-สกุล รับเหมา":"นาง มะลิ งามเลิศ","นักเกษตร":"2302","ศูนย์":"K2-23","โควตา":"722399","ชาวไร่":"นาง มะลิ งามเลิศ","ประเภทอ้อย":"ตอ1","พื้นที่":3.52,"ตันรวม":31.68,"รหัสแปลง":"320510011649","กลุ่ม":"กลุ่ม_23"},"geometry":{"type":"MultiPolygon","coordinates":[[[[995625.544700000435114,1618360.154100000858307],[995634.442400000058115,1618285.436599999666214],[995568.906700000166893,1618284.478900000452995],[995546.5,1618359.292500000447035],[995550.786799999885261,1618361.043700000271201],[995550.719399999827147,1618364.371200000867248],[995567.472699999809265,1618364.155799999833107],[995625.544700000435114,1618360.154100000858307]]]]}},
{"type":"Feature","properties":{"รหัสกลุ่มคิว":"23/003","รหัสรับเหมา":"722635","ชื่อ-สกุล รับเหมา":"นาย พิชิต มณีศรี","นักเกษตร":"2303","ศูนย์":"K2-23","โควตา":"722635","ชาวไร่":"นาย พิชิต มณีศรี","ประเภทอ้อย":"ตอ1","พื้นที่":13.7,"ตันรวม":123.3,"รหัสแปลง":"320401010008","กลุ่ม":"กลุ่ม_23"},"geometry":{"type":"MultiPolygon","coordinates":[[[[994589.459699999541044,1676702.457499999552965],[994647.946100000292063,1676893.3882],[994759.468000000342727,1676877.24210000038147],[994697.81940000038594,1676686.881400000303984],[994589.459699999541044,1676702.457499999552965]]]]}},
{"type":"Feature","properties":{"รหัสกลุ่มคิว":"23/002","รหัสรับเหมา":"722399","ชื่อ-สกุล รับเหมา":"นาง มะลิ งามเลิศ","นักเกษตร":"2302","ศูนย์":"K2-23","โควตา":"722399","ชาวไร่":"นาง มะลิ งามเลิศ","ประเภทอ้อย":"ปลายฝน","พื้นที่":21.46,"ตันรวม":278.98,"รหัสแปลง":"320510011650","กลุ่ม":"กลุ่ม_23"},"geometry":{"type":"MultiPolygon","coordinates":[[[[995838.476700000464916,1618526.10080000013113],[995834.785400000400841,1618281.7292],[995735.540199999697506,1618282.306900000199676],[995749.956699999980628,1618610.670299999415874],[995770.077600000426173,1618604.235600000247359],[995769.177299999631941,1618595.340600000694394],[995777.289499999955297,1618594.950200000777841],[995781.46059999987483,1618629.0625],[995749.300800000317395,1618634.143500000238419],[995752.568400000222027,1618686.176000000908971],[995841.9704,1618655.809900000691414],[995839.298700000159442,1618565.508300000801682],[995812.464300000108778,1618565.519099999219179],[995805.353400000371039,1618560.936599999666214],[995799.896099999547005,1618536.9695999994874],[995803.211199999786913,1618524.461300000548363],[995838.476700000464916,1618526.10080000013113]]]]}},
{"type":"Feature","properties":{"รหัสกลุ่มคิว":"23/003","รหัสรับเหมา":"722635","ชื่อ-สกุล รับเหมา":"นาย พิชิต มณีศรี","นักเกษตร":"2303","ศูนย์":"K2-23","โควตา":"727273","ชาวไร่":"นางสาว นิตยา ชาญศรี","ประเภทอ้อย":"ปลายฝน","พื้นที่":9.84,"ตันรวม":127.92,"รหัสแปลง":"320607101809","กลุ่ม":"กลุ่ม_23"},"geometry":{"type":"MultiPolygon","coordinates":[[[[984547.059100000187755,1604718.206199999898672],[984549.022300000302494,1604718.147099999710917],[984491.522499999962747,1604630.213700000196695],[984340.972900000400841,1604630.309499999508262],[984352.245400000363588,1604680.501199999824166],[984355.865500000305474,1604680.513399999588728],[984361.227699999697506,1604727.801200000569224],[984547.059100000187755,1604718.206199999898672]]]]}},
{"type":"Feature","properties":{"รหัสกลุ่มคิว":"23/003","รหัสรับเหมา":"722635","ชื่อ-สกุล รับเหมา":"นาย พิชิต มณีศรี","นักเกษตร":"2303","ศูนย์":"K2-23","โควตา":"722635","ชาวไร่":"นาย พิชิต มณีศรี","ประเภทอ้อย":"ปลายฝน","พื้นที่":25.51,"ตันรวม":331.63,"รหัสแปลง":"320605111642","กลุ่ม":"กลุ่ม_23"},"geometry":{"type":"MultiPolygon","coordinates":[[[[1006745.9117,1608745.029999999329448],[1006745.7506,1608744.10190000012517],[1006745.574300000444055,1608743.91330000013113],[1006745.397900000214577,1608743.724700000137091],[1006689.074400000274181,1608739.975999999791384],[1006558.1837,1608769.649900000542402],[1006586.954800000414252,1608991.45130000077188],[1006596.053100000135601,1608995.8926],[1006734.369300000369549,1608990.601600000634789],[1006745.9117,1608745.029999999329448]]]]}},
{"type":"Feature","properties":{"รหัสกลุ่มคิว":"23/003","รหัสรับเหมา":"722635","ชื่อ-สกุล รับเหมา":"นาย พิชิต มณีศรี","นักเกษตร":"2303","ศูนย์":"K2-23","โควตา":"720444","ชาวไร่":"นาย บุญชอบ ศาลางาม","ประเภทอ้อย":"ปลายฝน","พื้นที่":9.34,"ตันรวม":121.42,"รหัสแปลง":"320601061730","กลุ่ม":"กลุ่ม_23"},"geometry":{"type":"MultiPolygon","coordinates":[[[[991681.573200000450015,1606375.466099999845028],[991632.619300000369549,1606300.521500000730157],[991631.711400000378489,1606300.873199999332428],[991630.814500000327826,1606300.670399999246001],[991618.696100000292063,1606303.0176],[991584.509399999864399,1606309.732799999415874],[991538.237499999813735,1606317.1316],[991505.973000000230968,1606326.843900000676513],[991482.496700000017881,1606338.580600000917912],[991482.316599999554455,1606338.576999999582767],[991482.132799999788404,1606338.758300000801682],[991474.068300000391901,1606345.624500000849366],[991446.953099999576807,1606359.137900000438094],[991461.536299999803305,1606386.796800000593066],[991485.830500000156462,1606406.32799999974668],[991507.707000000402331,1606411.572100000455976],[991510.077800000086427,1606410.140000000596046],[991522.398400000296533,1606406.68720000050962],[991543.816200000233948,1606398.7928],[991563.238099999725819,1606391.598300000652671],[991568.328900000080466,1606389.29590000025928],[991588.088899999856949,1606383.217700000852346],[991594.969700000248849,1606381.505699999630451],[991610.513700000010431,1606379.041799999773502],[991612.855000000447035,1606379.088500000536442],[991617.181099999696016,1606378.989900000393391],[991621.521999999880791,1606378.151799999177456],[991623.330400000326335,1606377.818],[991637.378299999982119,1606378.098200000822544],[991681.573200000450015,1606375.466099999845028]]]]}},
{"type":"Feature","properties":{"รหัสกลุ่มคิว":"23/002","รหัสรับเหมา":"722399","ชื่อ-สกุล รับเหมา":"นาง มะลิ งามเลิศ","นักเกษตร":"2302","ศูนย์":"K2-23","โควตา":"722985","ชาวไร่":"นาง นารินทร์ สุขเจริญ","ประเภทอ้อย":"ปลายฝน","พื้นที่":11.73,"ตันรวม":152.49,"รหัสแปลง":"320607072156","กลุ่ม":"กลุ่ม_23"},"geometry":{"type":"MultiPolygon","coordinates":[[[[987277.895999999716878,1604387.89299999922514],[987266.533999999985099,1604434.081199999898672],[987280.229299999773502,1604433.981699999421835],[987278.822599999606609,1604441.350400000810623],[987269.861100000329316,1604438.954500000923872],[987257.405100000090897,1604494.921299999579787],[987350.072100000455976,1604501.188699999824166],[987443.354799999855459,1604494.524900000542402],[987447.559299999848008,1604491.464500000700355],[987463.1091,1604424.83390000090003],[987461.419999999925494,1604410.0077],[987277.895999999716878,1604387.89299999922514]]]]}},
{"type":"Feature","properties":{"รหัสกลุ่มคิว":"23/002","รหัสรับเหมา":"722399","ชื่อ-สกุล รับเหมา":"นาง มะลิ งามเลิศ","นักเกษตร":"2302","ศูนย์":"K2-23","โควตา":"722987","ชาวไร่":"นาง สำรวย คำลิว","ประเภทอ้อย":"ปลายฝน","พื้นที่":4.08,"ตันรวม":53.04,"รหัสแปลง":"320607072157","กลุ่ม":"กลุ่ม_23"},"geometry":{"type":"MultiPolygon","coordinates":[[[[988165.767599999904633,1606247.533900000154972],[988162.604100000113249,1606216.221100000664592],[987967.85080000013113,1606243.245999999344349],[987963.020800000056624,1606277.913899999111891],[988165.767599999904633,1606247.533900000154972]]]]}},
{"type":"Feature","properties":{"รหัสกลุ่มคิว":"23/003","รหัสรับเหมา":"722635","ชื่อ-สกุล รับเหมา":"นาย พิชิต มณีศรี","นักเกษตร":"2303","ศูนย์":"K2-23","โควตา":"727465","ชาวไร่":"นาย วารินทร์ ต่อดอก","ประเภทอ้อย":"ปลายฝน","พื้นที่":19.25,"ตันรวม":250.25,"รหัสแปลง":"320607091791","กลุ่ม":"กลุ่ม_23"},"geometry":{"type":"MultiPolygon","coordinates":[[[[983237.402900000102818,1605479.4496],[983284.38219999987632,1605716.549200000241399],[983317.710400000214577,1605707.087899999693036],[983377.804999999701977,1605703.643899999558926],[983381.967600000090897,1605698.522399999201298],[983386.4852,1605566.145500000566244],[983375.947800000198185,1605468.973500000312924],[983336.457700000144541,1605479.8695],[983330.618200000375509,1605443.636099999770522],[983314.298999999649823,1605446.175300000235438],[983311.782399999909103,1605432.221799999475479],[983275.400600000284612,1605434.9825],[983280.818300000391901,1605469.414799999445677],[983237.402900000102818,1605479.4496]]]]}},
{"type":"Feature","properties":{"รหัสกลุ่มคิว":"23/003","รหัสรับเหมา":"722635","ชื่อ-สกุล รับเหมา":"นาย พิชิต มณีศรี","นักเกษตร":"2303","ศูนย์":"K2-23","โควตา":"727213","ชาวไร่":"นาง นารีรัตน์ คำงาม","ประเภทอ้อย":"ปลายฝน","พื้นที่":3.9,"ตันรวม":50.7,"รหัสแปลง":"320607121828","กลุ่ม":"กลุ่ม_23"},"geometry":{"type":"MultiPolygon","coordinates":[[[[985337.797100000083447,1605071.579800000414252],[985449.400000000372529,1605064.155500000342727],[985444.117899999953806,1605015.435100000351667],[985315.593500000424683,1605022.164899999275804],[985318.445000000298023,1605058.938799999654293],[985335.907700000330806,1605062.173499999567866],[985337.797100000083447,1605071.579800000414252]]]]}},
{"type":"Feature","properties":{"รหัสกลุ่มคิว":"23/001","รหัสรับเหมา":"738889","ชื่อ-สกุล รับเหมา":"รถตัดโรงงานเบอร์ 09","นักเกษตร":"2304","ศูนย์":"K2-23","โควตา":"720315","ชาวไร่":"นาย ทวิน สุขแสวง","ประเภทอ้อย":"ปลายฝน","พื้นที่":8.84,"ตันรวม":114.92,"รหัสแปลง":"320601071971","กลุ่ม":"กลุ่ม_23"},"geometry":{"type":"MultiPolygon","coordinates":[[[[992968.889600000344217,1608582.9879],[992968.707399999722838,1608583.092499999329448],[992968.887500000186265,1608583.096100000664592],[992968.889600000344217,1608582.9879],[993064.117200000211596,1608460.918800000101328],[993051.684899999760091,1608451.978399999439716],[993044.440600000321865,1608453.867499999701977],[993040.610600000247359,1608456.19480000063777],[993040.239299999549985,1608456.74210000038147],[992949.271999999880791,1608456.030099999159575],[992935.878800000064075,1608459.090600000694394],[992943.619900000281632,1608531.366100000217557],[992950.670400000177324,1608548.150499999523163],[992952.852400000207126,1608556.145899999886751],[992968.605000000447035,1608579.207100000232458],[992968.909699999727309,1608581.986999999731779],[992968.889600000344217,1608582.9879],[992983.652300000190735,1608574.5154],[992984.30599999986589,1608577.857200000435114],[992987.525399999693036,1608579.031199999153614],[992998.304800000041723,1608580.541500000283122],[993001.152900000102818,1608582.262900000438094],[993016.952499999664724,1608584.983300000429153],[993028.069899999536574,1608587.609999999403954],[993033.645200000144541,1608588.091499999165535],[993041.808400000445545,1608585.29619999974966],[993051.265599999576807,1608580.862500000745058],[993064.117200000211596,1608460.918800000101328],[992968.889600000344217,1608582.9879]]]]}},
{"type":"Feature","properties":{"รหัสกลุ่มคิว":"23/001","รหัสรับเหมา":"738889","ชื่อ-สกุล รับเหมา":"รถตัดโรงงานเบอร์ 09","นักเกษตร":"2304","ศูนย์":"K2-23","โควตา":"727442","ชาวไร่":"นาย เศรษฐสิทธิ์ สงกล้า","ประเภทอ้อย":"ปลายฝน","พื้นที่":4.43,"ตันรวม":57.59,"รหัสแปลง":"320601201613","กลุ่ม":"กลุ่ม_23"},"geometry":{"type":"MultiPolygon","coordinates":[[[[992044.196800000034273,1604536.073300000280142],[991883.981100000441074,1604636.990399999544024],[991885.205099999904633,1604638.864],[991902.766699999570847,1604670.83559999987483],[991987.934100000187755,1604619.645700000226498],[992063.479399999603629,1604554.0252],[992063.299200000241399,1604554.021600000560284],[992044.196800000034273,1604536.073300000280142]]]]}},
{"type":"Feature","properties":{"รหัสกลุ่มคิว":"23/003","รหัสรับเหมา":"722635","ชื่อ-สกุล รับเหมา":"นาย พิชิต มณีศรี","นักเกษตร":"2303","ศูนย์":"K2-23","โควตา":"722882","ชาวไร่":"นาง สารภี จันทวงศ์","ประเภทอ้อย":"ปลายฝน","พื้นที่":11.67,"ตันรวม":151.71,"รหัสแปลง":"320607072159","กลุ่ม":"กลุ่ม_23"},"geometry":{"type":"MultiPolygon","coordinates":[[[[986441.093399999663234,1602918.5658],[986596.936300000175834,1603010.9452],[986563.765700000338256,1602801.34569999948144],[986489.273699999786913,1602832.607599999755621],[986474.013000000268221,1602838.963899999856949],[986454.911500000394881,1602848.20299999974668],[986443.777099999599159,1602864.625499999150634],[986441.475599999539554,1602880.852099999785423],[986441.093399999663234,1602918.5658]]]]}},
{"type":"Feature","properties":{"รหัสกลุ่มคิว":"23/001","รหัสรับเหมา":"738889","ชื่อ-สกุล รับเหมา":"รถตัดโรงงานเบอร์ 09","นักเกษตร":"2304","ศูนย์":"K2-23","โควตา":"727198","ชาวไร่":"นาย เอระชัย จันทร์สิงห์","ประเภทอ้อย":"ปลายฝน","พื้นที่":5.3,"ตันรวม":68.9,"รหัสแปลง":"320601191688","กลุ่ม":"กลุ่ม_23"},"geometry":{"type":"MultiPolygon","coordinates":[[[[994418.201799999922514,1609600.971999999135733],[994412.628200000151992,1609779.685499999672174],[994414.815200000070035,1609778.435000000521541],[994416.638299999758601,1609777.362099999561906],[994417.730000000447035,1609776.829199999570847],[994418.457799999974668,1609776.473999999463558],[994419.527099999599159,1609777.050300000235438],[994432.07909999974072,1609771.015000000596046],[994431.29590000025928,1609756.205],[994465.14780000038445,1609757.07039999961853],[994469.839499999769032,1609595.352399999275804],[994419.601599999703467,1609603.034399999305606],[994419.987700000405312,1609601.747600000351667],[994418.201799999922514,1609600.971999999135733]]]]}},
{"type":"Feature","properties":{"รหัสกลุ่มคิว":"23/002","รหัสรับเหมา":"722399","ชื่อ-สกุล รับเหมา":"นาง มะลิ งามเลิศ","นักเกษตร":"2302","ศูนย์":"K2-23","โควตา":"727309","ชาวไร่":"นาง แปม ศรีน้อย","ประเภทอ้อย":"ปลายฝน","พื้นที่":2.87,"ตันรวม":37.31,"รหัสแปลง":"320601071972","กลุ่ม":"กลุ่ม_23"},"geometry":{"type":"MultiPolygon","coordinates":[[[[991172.595499999821186,1604701.043600000441074],[991175.663800000213087,1604755.101199999451637],[991263.757399999536574,1604746.869000000879169],[991256.682599999941885,1604694.9507],[991172.595499999821186,1604701.043600000441074]]]]}},
{"type":"Feature","properties":{"รหัสกลุ่มคิว":"23/002","รหัสรับเหมา":"722399","ชื่อ-สกุล รับเหมา":"นาง มะลิ งามเลิศ","นักเกษตร":"2302","ศูนย์":"K2-23","โควตา":"726980","ชาวไร่":"นางสาว ลัดดาวัลย์ เชื้อบัณดิษย์","ประเภทอ้อย":"ปลายฝน","พื้นที่":3.61,"ตันรวม":46.93,"รหัสแปลง":"320601071973","กลุ่ม":"กลุ่ม_23"},"geometry":{"type":"MultiPolygon","coordinates":[[[[990255.266699999570847,1605717.416400000452995],[990247.018199999816716,1605651.976600000634789],[990160.388299999758601,1605650.254799999296665],[990157.496299999766052,1605714.1787],[990221.131599999964237,1605712.4847999997437],[990255.266699999570847,1605717.416400000452995]]]]}},
{"type":"Feature","properties":{"รหัสกลุ่มคิว":"23/002","รหัสรับเหมา":"722399","ชื่อ-สกุล รับเหมา":"นาง มะลิ งามเลิศ","นักเกษตร":"2302","ศูนย์":"K2-23","โควตา":"722622","ชาวไร่":"นาง นารี สุขใส","ประเภทอ้อย":"ปลายฝน","พื้นที่":3.35,"ตันรวม":43.55,"รหัสแปลง":"320607072162","กลุ่ม":"กลุ่ม_23"},"geometry":{"type":"MultiPolygon","coordinates":[[[[986616.6091,1603311.6535],[986613.173799999989569,1603311.741100000217557],[986442.990799999795854,1603316.339999999850988],[986448.605000000447035,1603342.3377],[986616.5954,1603348.420299999415874],[986616.6091,1603311.6535]]]]}},
{"type":"Feature","properties":{"รหัสกลุ่มคิว":"23/002","รหัสรับเหมา":"722399","ชื่อ-สกุล รับเหมา":"นาง มะลิ งามเลิศ","นักเกษตร":"2302","ศูนย์":"K2-23","โควตา":"722622","ชาวไร่":"นาง นารี สุขใส","ประเภทอ้อย":"ปลายฝน","พื้นที่":10.9,"ตันรวม":141.7,"รหัสแปลง":"320607072163","กลุ่ม":"กลุ่ม_23"},"geometry":{"type":"MultiPolygon","coordinates":[[[[986677.11600000038743,1602754.947100000455976],[986634.11710000038147,1602760.756999999284744],[986614.513399999588728,1602758.89159999974072],[986613.365299999713898,1602771.442800000309944],[986606.810100000351667,1602784.0724],[986632.244400000199676,1603002.210400000214577],[986702.442099999636412,1603005.996999999508262],[986677.11600000038743,1602754.947100000455976]]]]}},
{"type":"Feature","properties":{"รหัสกลุ่มคิว":"23/001","รหัสรับเหมา":"738889","ชื่อ-สกุล รับเหมา":"รถตัดโรงงานเบอร์ 09","นักเกษตร":"2304","ศูนย์":"K2-23","โควตา":"727458","ชาวไร่":"นางสาว พัชรินทร์ จันทร์อาหาร","ประเภทอ้อย":"ปลายฝน","พื้นที่":7.12,"ตันรวม":92.56,"รหัสแปลง":"320607072165","กลุ่ม":"กลุ่ม_23"},"geometry":{"type":"MultiPolygon","coordinates":[[[[990104.797899999655783,1606697.445499999448657],[990102.7027000002563,1606839.050499999895692],[990081.866799999959767,1606853.984300000593066],[990084.439500000327826,1606878.629499999806285],[990084.230000000447035,1606880.104599999263883],[990086.512199999764562,1606946.535299999639392],[990087.405299999751151,1606946.922900000587106],[990088.305800000205636,1606946.9408],[990089.573800000362098,1606946.596200000494719],[990091.194600000046194,1606946.628399999812245],[990094.428999999538064,1606947.062599999830127],[990097.858099999837577,1606946.761],[990099.482599999755621,1606946.608300000429153],[990124.942099999636412,1606943.7862],[990153.349299999885261,1606919.572200000286102],[990156.267599999904633,1606917.781099999323487],[990156.47719999961555,1606907.244999999180436],[990150.317400000058115,1606872.727800000458956],[990144.271399999968708,1606868.724300000816584],[990133.950899999588728,1606862.231899999082088],[990127.397599999792874,1606856.553999999538064],[990125.457000000402331,1606854.481300000101328],[990121.781700000166893,1606839.9847],[990127.849799999967217,1606833.818199999630451],[990145.414599999785423,1606829.3597],[990156.925900000147521,1606839.3892],[990161.016699999570847,1606823.9375],[990146.815100000239909,1606786.116800000891089],[990132.150299999862909,1606762.52559999935329],[990131.929800000041723,1606755.494400000199676],[990134.594499999657273,1606748.33559999987483],[990146.212600000202656,1606725.82179999910295],[990135.439899999648333,1606714.88230000063777],[990104.797899999655783,1606697.445499999448657]]]]}},
{"type":"Feature","properties":{"รหัสกลุ่มคิว":"23/002","รหัสรับเหมา":"722399","ชื่อ-สกุล รับเหมา":"นาง มะลิ งามเลิศ","นักเกษตร":"2302","ศูนย์":"K2-23","โควตา":"722466","ชาวไร่":"นาย สุพน ศรีแก้ว","ประเภทอ้อย":"ปลายฝน","พื้นที่":1.52,"ตันรวม":19.76,"รหัสแปลง":"320607021680","กลุ่ม":"กลุ่ม_23"},"geometry":{"type":"MultiPolygon","coordinates":[[[[986572.330199999734759,1612772.367200000211596],[986611.151600000448525,1612740.222699999809265],[986606.485100000165403,1612739.390599999576807],[986576.183699999935925,1612696.075799999758601],[986546.128999999724329,1612722.107100000604987],[986572.330199999734759,1612772.367200000211596]]]]}},
{"type":"Feature","properties":{"รหัสกลุ่มคิว":"23/001","รหัสรับเหมา":"738889","ชื่อ-สกุล รับเหมา":"รถตัดโรงงานเบอร์ 09","นักเกษตร":"2304","ศูนย์":"K2-23","โควตา":"722430","ชาวไร่":"นาง พิมพา กำจร","ประเภทอ้อย":"ปลายฝน","พื้นที่":4.71,"ตันรวม":61.23,"รหัสแปลง":"320607121829","กลุ่ม":"กลุ่ม_23"},"geometry":{"type":"MultiPolygon","coordinates":[[[[987039.403599999845028,1604742.844900000840425],[987173.370699999853969,1604737.368000000715256],[987170.831899999640882,1604670.421900000423193],[987126.499699999578297,1604670.945800000801682],[987077.917200000025332,1604692.597699999809265],[987076.236899999901652,1604697.9276],[987065.433799999766052,1604703.1418999992311],[987035.407999999821186,1604704.557399999350309],[987039.403599999845028,1604742.844900000840425]]]]}},
{"type":"Feature","properties":{"รหัสกลุ่มคิว":"23/001","รหัสรับเหมา":"738889","ชื่อ-สกุล รับเหมา":"รถตัดโรงงานเบอร์ 09","นักเกษตร":"2304","ศูนย์":"K2-23","โควตา":"726305","ชาวไร่":"นาง เฮียง มะหันต์","ประเภทอ้อย":"ปลายฝน","พื้นที่":4.29,"ตันรวม":55.77,"รหัสแปลง":"320607101817","กลุ่ม":"กลุ่ม_23"},"geometry":{"type":"MultiPolygon","coordinates":[[[[983735.701899999752641,1604652.115399999544024],[983775.614900000393391,1604723.448599999770522],[983783.186300000175834,1604724.544399999082088],[983846.970300000160933,1604693.951500000432134],[983810.180399999953806,1604615.670099999755621],[983735.701899999752641,1604652.115399999544024]]]]}},
{"type":"Feature","properties":{"รหัสกลุ่มคิว":"23/002","รหัสรับเหมา":"722399","ชื่อ-สกุล รับเหมา":"นาง มะลิ งามเลิศ","นักเกษตร":"2302","ศูนย์":"K2-23","โควตา":"722399","ชาวไร่":"นาง มะลิ งามเลิศ","ประเภทอ้อย":"ปลายฝน","พื้นที่":12.34,"ตันรวม":160.42,"รหัสแปลง":"320607072166","กลุ่ม":"กลุ่ม_23"},"geometry":{"type":"MultiPolygon","coordinates":[[[[986860.992499999701977,1602631.721999999135733],[986875.637799999676645,1602876.090199999511242],[986965.800300000235438,1602863.444199999794364],[986932.306800000369549,1602624.621300000697374],[986860.992499999701977,1602631.721999999135733]]]]}},
{"type":"Feature","properties":{"รหัสกลุ่มคิว":"23/002","รหัสรับเหมา":"722399","ชื่อ-สกุล รับเหมา":"นาง มะลิ งามเลิศ","นักเกษตร":"2302","ศูนย์":"K2-23","โควตา":"722757","ชาวไร่":"นาย หมวด จุไรย์","ประเภทอ้อย":"ปลายฝน","พื้นที่":7.78,"ตันรวม":101.14,"รหัสแปลง":"320601071975","กลุ่ม":"กลุ่ม_23"},"geometry":{"type":"MultiPolygon","coordinates":[[[[990990.169200000353158,1604849.971799999475479],[991007.60840000025928,1605014.896800000220537],[991074.087299999780953,1605024.356200000271201],[991055.153099999763072,1604816.869899999350309],[990990.169200000353158,1604849.971799999475479]]]]}},
{"type":"Feature","properties":{"รหัสกลุ่มคิว":"23/003","รหัสรับเหมา":"722635","ชื่อ-สกุล รับเหมา":"นาย พิชิต มณีศรี","นักเกษตร":"2303","ศูนย์":"K2-23","โควตา":"722623","ชาวไร่":"นาย สมพงษ์ คงหาญ","ประเภทอ้อย":"ปลายฝน","พื้นที่":3.52,"ตันรวม":45.76,"รหัสแปลง":"320601111717","กลุ่ม":"กลุ่ม_23"},"geometry":{"type":"MultiPolygon","coordinates":[[[[992114.935100000351667,1604078.877900000661612],[992012.098100000061095,1604076.273600000888109],[992002.60840000025928,1604127.492599999532104],[992089.873599999584258,1604142.915999999269843],[992114.935100000351667,1604078.877900000661612]]]]}},
{"type":"Feature","properties":{"รหัสกลุ่มคิว":"23/001","รหัสรับเหมา":"738889","ชื่อ-สกุล รับเหมา":"รถตัดโรงงานเบอร์ 09","นักเกษตร":"2304","ศูนย์":"K2-23","โควตา":"720388","ชาวไร่":"นาง บวน พวงจันทร์","ประเภทอ้อย":"ปลายฝน","พื้นที่":4.03,"ตันรวม":52.39,"รหัสแปลง":"320607072175","กลุ่ม":"กลุ่ม_23"},"geometry":{"type":"MultiPolygon","coordinates":[[[[988573.36600000038743,1607961.621899999678135],[988437.197100000455976,1607951.154500000178814],[988436.642199999652803,1607951.883099999278784],[988436.083599999547005,1607952.796599999070168],[988435.525000000372529,1607953.710100000724196],[988434.782700000330806,1607954.8048],[988434.562300000339746,1607956.834499999880791],[988434.165400000289083,1607958.675799999386072],[988433.577499999664724,1607961.068],[988432.798600000329316,1607964.011199999600649],[988431.659400000236928,1607966.947200000286102],[988425.217600000090897,1607982.906899999827147],[988423.32149999961257,1607987.676999999210238],[988423.200500000268221,1607993.776799999177456],[988425.155799999833107,1607995.109999999403954],[988561.082000000402331,1608008.716199999675155],[988561.809700000099838,1608008.3608],[988573.36600000038743,1607961.621899999678135]]]]}},
{"type":"Feature","properties":{"รหัสกลุ่มคิว":"23/001","รหัสรับเหมา":"738889","ชื่อ-สกุล รับเหมา":"รถตัดโรงงานเบอร์ 09","นักเกษตร":"2304","ศูนย์":"K2-23","โควตา":"726304","ชาวไร่":"นาง ชะอุ้ม ยุงประโคน","ประเภทอ้อย":"ปลายฝน","พื้นที่":10.96,"ตันรวม":142.48,"รหัสแปลง":"320607061749","กลุ่ม":"กลุ่ม_23"},"geometry":{"type":"MultiPolygon","coordinates":[[[[981639.205900000408292,1608178.909099999815226],[981625.763899999670684,1608181.115599999204278],[981619.440799999982119,1608160.7423],[981616.245699999853969,1608158.819399999454618],[981600.942400000058115,1608159.211200000718236],[981597.135300000198185,1608145.089700000360608],[981444.825899999588728,1608191.027100000530481],[981470.767500000074506,1608273.267100000753999],[981648.341599999926984,1608244.895600000396371],[981643.790699999779463,1608207.5099],[981646.965699999593198,1608208.224300000816584],[981639.205900000408292,1608178.909099999815226]]]]}},
{"type":"Feature","properties":{"รหัสกลุ่มคิว":"23/002","รหัสรับเหมา":"722399","ชื่อ-สกุล รับเหมา":"นาง มะลิ งามเลิศ","นักเกษตร":"2302","ศูนย์":"K2-23","โควตา":"722881","ชาวไร่":"นาง สำเรียง สีคำ","ประเภทอ้อย":"ปลายฝน","พื้นที่":3.75,"ตันรวม":48.75,"รหัสแปลง":"320607021681","กลุ่ม":"กลุ่ม_23"},"geometry":{"type":"MultiPolygon","coordinates":[[[[987593.193500000052154,1612973.466499999165535],[987682.492899999953806,1613075.093299999833107],[987695.408200000412762,1613068.693099999800324],[987695.197999999858439,1612988.6217],[987681.823300000280142,1612990.94480000063777],[987672.717799999751151,1612959.6985],[987638.862200000323355,1612968.456499999389052],[987593.193500000052154,1612973.466499999165535]]]]}},
{"type":"Feature","properties":{"รหัสกลุ่มคิว":"23/002","รหัสรับเหมา":"722399","ชื่อ-สกุล รับเหมา":"นาง มะลิ งามเลิศ","นักเกษตร":"2302","ศูนย์":"K2-23","โควตา":"722622","ชาวไร่":"นาง นารี สุขใส","ประเภทอ้อย":"ปลายฝน","พื้นที่":1.75,"ตันรวม":22.75,"รหัสแปลง":"320607121832","กลุ่ม":"กลุ่ม_23"},"geometry":{"type":"MultiPolygon","coordinates":[[[[986505.057400000281632,1603037.611600000411272],[986621.464499999769032,1603028.07010000012815],[986583.122000000439584,1603007.89949999935925],[986488.363300000317395,1603006.957900000736117],[986505.057400000281632,1603037.611600000411272]]]]}},
{"type":"Feature","properties":{"รหัสกลุ่มคิว":"23/001","รหัสรับเหมา":"738889","ชื่อ-สกุล รับเหมา":"รถตัดโรงงานเบอร์ 09","นักเกษตร":"2304","ศูนย์":"K2-23","โควตา":"726683","ชาวไร่":"นางสาว ภณิษา ศรีพรหม","ประเภทอ้อย":"ปลายฝน","พื้นที่":6.31,"ตันรวม":82.03,"รหัสแปลง":"320607101818","กลุ่ม":"กลุ่ม_23"},"geometry":{"type":"MultiPolygon","coordinates":[[[[983383.067599999718368,1602901.8958],[983426.768199999816716,1602867.995400000363588],[983322.768299999646842,1602725.575799999758601],[983273.603500000201166,1602754.797700000926852],[983383.067599999718368,1602901.8958]]]]}},
{"type":"Feature","properties":{"รหัสกลุ่มคิว":"23/003","รหัสรับเหมา":"722635","ชื่อ-สกุล รับเหมา":"นาย พิชิต มณีศรี","นักเกษตร":"2303","ศูนย์":"K2-23","โควตา":"727307","ชาวไร่":"นาง ทองใบ บุญเลิศ","ประเภทอ้อย":"ปลายฝน","พื้นที่":5.91,"ตันรวม":76.83,"รหัสแปลง":"320607121834","กลุ่ม":"กลุ่ม_23"},"geometry":{"type":"MultiPolygon","coordinates":[[[[985440.243999999947846,1605972.541300000622869],[985248.560499999672174,1605970.647700000554323],[985245.461900000460446,1605986.110999999567866],[985243.813799999654293,1606020.810499999672174],[985436.096199999563396,1606020.429400000721216],[985440.243999999947846,1605972.541300000622869]]]]}},
{"type":"Feature","properties":{"รหัสกลุ่มคิว":"23/003","รหัสรับเหมา":"722635","ชื่อ-สกุล รับเหมา":"นาย พิชิต มณีศรี","นักเกษตร":"2303","ศูนย์":"K2-23","โควตา":"725510","ชาวไร่":"นาย ดำรงค์ เรียบร้อย","ประเภทอ้อย":"ปลายฝน","พื้นที่":32.04,"ตันรวม":416.52,"รหัสแปลง":"320605056369","กลุ่ม":"กลุ่ม_23"},"geometry":{"type":"MultiPolygon","coordinates":[[[[1009232.207700000144541,1608148.644500000402331],[1009484.233099999837577,1608197.128699999302626],[1009489.970200000330806,1608176.32010000012815],[1009461.4748,1608171.754200000315905],[1009470.78110000025481,1608157.480699999257922],[1009578.05350000038743,1608165.783900000154972],[1009597.5658,1608057.960999999195337],[1009267.081299999728799,1607985.252800000831485],[1009232.207700000144541,1608148.644500000402331]]]]}},
{"type":"Feature","properties":{"รหัสกลุ่มคิว":"23/003","รหัสรับเหมา":"722635","ชื่อ-สกุล รับเหมา":"นาย พิชิต มณีศรี","นักเกษตร":"2303","ศูนย์":"K2-23","โควตา":"722635","ชาวไร่":"นาย พิชิต มณีศรี","ประเภทอ้อย":"ปลายฝน","พื้นที่":30.7,"ตันรวม":399.1,"รหัสแปลง":"320605056370","กลุ่ม":"กลุ่ม_23"},"geometry":{"type":"MultiPolygon","coordinates":[[[[1008943.541199999861419,1608084.915500000119209],[1009235.719399999827147,1608151.438300000503659],[1009266.884399999864399,1607986.354900000616908],[1009264.9183,1607985.574300000444055],[1009262.944500000216067,1607985.163599999621511],[1008987.420699999667704,1607923.609400000423193],[1008943.361100000329316,1608084.911800000816584],[1008943.541199999861419,1608084.915500000119209]]]]}},
{"type":"Feature","properties":{"รหัสกลุ่มคิว":"23/003","รหัสรับเหมา":"722635","ชื่อ-สกุล รับเหมา":"นาย พิชิต มณีศรี","นักเกษตร":"2303","ศูนย์":"K2-23","โควตา":"725510","ชาวไร่":"นาย ดำรงค์ เรียบร้อย","ประเภทอ้อย":"ปลายฝน","พื้นที่":26.36,"ตันรวม":342.68,"รหัสแปลง":"320605056371","กลุ่ม":"กลุ่ม_23"},"geometry":{"type":"MultiPolygon","coordinates":[[[[1006735.2571,1609008.745799999684095],[1006802.134600000455976,1609016.226399999111891],[1006812.9468,1608998.693],[1006901.856800000183284,1609012.54619999974966],[1006906.485500000417233,1608752.774900000542402],[1006746.015700000338256,1608748.731300000101328],[1006735.2571,1609008.745799999684095]]]]}},
{"type":"Feature","properties":{"รหัสกลุ่มคิว":"23/001","รหัสรับเหมา":"738889","ชื่อ-สกุล รับเหมา":"รถตัดโรงงานเบอร์ 09","นักเกษตร":"2304","ศูนย์":"K2-23","โควตา":"726378","ชาวไร่":"นาย ประสงค์ สุนทรานุช","ประเภทอ้อย":"ปลายฝน","พื้นที่":6.54,"ตันรวม":85.02,"รหัสแปลง":"320607141718","กลุ่ม":"กลุ่ม_23"},"geometry":{"type":"MultiPolygon","coordinates":[[[[985546.084099999628961,1609095.877399999648333],[985624.916299999691546,1609090.221599999815226],[985618.378299999982119,1609038.13370000012219],[985592.584699999541044,1609039.843599999323487],[985580.66469999961555,1608950.113399999216199],[985576.106800000183284,1608943.736600000411272],[985573.122200000099838,1608939.794700000435114],[985543.425400000065565,1608938.469100000336766],[985545.309899999760091,1608934.253499999642372],[985514.672600000165403,1608934.943399999290705],[985512.163099999539554,1608961.705299999564886],[985527.802699999883771,1608981.614],[985546.084099999628961,1609095.877399999648333]]]]}},
{"type":"Feature","properties":{"รหัสกลุ่มคิว":"23/001","รหัสรับเหมา":"738889","ชื่อ-สกุล รับเหมา":"รถตัดโรงงานเบอร์ 09","นักเกษตร":"2304","ศูนย์":"K2-23","โควตา":"726156","ชาวไร่":"นาง สายตา เพร็ชดี","ประเภทอ้อย":"ปลายฝน","พื้นที่":2.69,"ตันรวม":34.97,"รหัสแปลง":"320607101820","กลุ่ม":"กลุ่ม_23"},"geometry":{"type":"MultiPolygon","coordinates":[[[[983143.147900000214577,1603075.129799999296665],[983190.582200000062585,1603044.528300000354648],[983141.446399999782443,1602988.671900000423193],[983092.252799999900162,1603023.937400000169873],[983130.930800000205636,1603065.622899999842048],[983133.017699999734759,1603065.82120000012219],[983133.290900000371039,1603067.829],[983132.423600000329316,1603068.895999999716878],[983143.147900000214577,1603075.129799999296665]]]]}},
{"type":"Feature","properties":{"รหัสกลุ่มคิว":"23/001","รหัสรับเหมา":"738889","ชื่อ-สกุล รับเหมา":"รถตัดโรงงานเบอร์ 09","นักเกษตร":"2304","ศูนย์":"K2-23","โควตา":"726723","ชาวไร่":"นางสาว สุบรรณ์ สกุลเดียว","ประเภทอ้อย":"ปลายฝน","พื้นที่":2.5,"ตันรวม":32.5,"รหัสแปลง":"320506081644","กลุ่ม":"กลุ่ม_23"},"geometry":{"type":"MultiPolygon","coordinates":[[[[987650.669300000183284,1617833.014499999582767],[987652.400399999693036,1617818.440899999812245],[987618.518199999816716,1617819.799699999392033],[987614.308500000275671,1617814.168400000780821],[987430.086500000208616,1617805.135600000619888],[987430.221499999985099,1617825.478700000792742],[987650.669300000183284,1617833.014499999582767]]]]}},
{"type":"Feature","properties":{"รหัสกลุ่มคิว":"23/001","รหัสรับเหมา":"738889","ชื่อ-สกุล รับเหมา":"รถตัดโรงงานเบอร์ 09","นักเกษตร":"2304","ศูนย์":"K2-23","โควตา":"727012","ชาวไร่":"นาย วิเชียร ตลับทอง","ประเภทอ้อย":"ปลายฝน","พื้นที่":5.96,"ตันรวม":77.48,"รหัสแปลง":"320607072181","กลุ่ม":"กลุ่ม_23"},"geometry":{"type":"MultiPolygon","coordinates":[[[[989036.440000000409782,1604824.490199999883771],[988909.788800000213087,1604832.89049999974668],[988911.783499999903142,1604868.61849999986589],[988914.430900000035763,1604880.505400000140071],[988915.254499999806285,1604884.404899999499321],[988915.443199999630451,1604902.160399999469519],[988919.722500000149012,1604913.525000000372529],[988920.435600000433624,1604913.908900000154972],[988929.628299999982119,1604913.721200000494719],[988930.348699999973178,1604913.735500000417233],[988931.807900000363588,1604912.8399],[988941.908499999903142,1604912.300300000235438],[988944.249900000169873,1604912.346699999645352],[988967.498300000093877,1604912.067800000309944],[989006.683899999596179,1604907.6667],[989008.676099999807775,1604907.151399999856949],[989018.243700000457466,1604906.231499999761581],[989017.894500000402331,1604905.6699],[989015.776600000448525,1604894.348099999129772],[989014.669700000435114,1604886.559800000861287],[989012.750799999572337,1604883.378200000151992],[989009.957000000402331,1604878.8849],[989015.051300000399351,1604876.397099999710917],[989021.685899999924004,1604878.00789999961853],[989022.770200000144541,1604877.844399999827147],[989027.802199999801815,1604878.4989],[989028.886500000022352,1604878.3355],[989033.646200000308454,1604874.546599999070168],[989033.135200000368059,1604873.057199999690056],[989031.778599999845028,1604868.777300000190735],[989041.849299999885261,1604860.6557],[989042.0477,1604859.734999999403954],[989040.741799999959767,1604843.806500000879169],[989038.539599999785423,1604836.736099999397993],[989035.745799999684095,1604832.242799999192357],[989036.627399999648333,1604824.124099999666214],[989036.440000000409782,1604824.490199999883771]]]]}},
{"type":"Feature","properties":{"รหัสกลุ่มคิว":"23/001","รหัสรับเหมา":"738889","ชื่อ-สกุล รับเหมา":"รถตัดโรงงานเบอร์ 09","นักเกษตร":"2304","ศูนย์":"K2-23","โควตา":"727451","ชาวไร่":"นาย สนอง พรหนองแสน","ประเภทอ้อย":"ปลายฝน","พื้นที่":10.77,"ตันรวม":140.01,"รหัสแปลง":"320601091643","กลุ่ม":"กลุ่ม_23"},"geometry":{"type":"MultiPolygon","coordinates":[[[[995328.592699999921024,1607538.820900000631809],[995307.897599999792874,1607546.5417],[995299.714999999850988,1607550.260700000450015],[995258.12430000025779,1607575.684499999508262],[995255.400399999693036,1607576.739399999380112],[995252.49280000012368,1607577.975400000810623],[995332.496799999848008,1607747.870300000533462],[995419.306900000199676,1607740.55460000038147],[995328.592699999921024,1607538.820900000631809]]]]}},
{"type":"Feature","properties":{"รหัสกลุ่มคิว":"23/003","รหัสรับเหมา":"722635","ชื่อ-สกุล รับเหมา":"นาย พิชิต มณีศรี","นักเกษตร":"2303","ศูนย์":"K2-23","โควตา":"722407","ชาวไร่":"นาย หวล ทองลาย","ประเภทอ้อย":"ปลายฝน","พื้นที่":4.26,"ตันรวม":55.38,"รหัสแปลง":"320607081680","กลุ่ม":"กลุ่ม_23"},"geometry":{"type":"MultiPolygon","coordinates":[[[[986869.241200000047684,1609406.599500000476837],[986939.144199999980628,1609386.40059999935329],[986920.833700000308454,1609312.2368],[986847.005099999718368,1609320.5724],[986841.184100000187755,1609326.780099999159575],[986849.276499999687076,1609382.160199999809265],[986869.241200000047684,1609406.599500000476837]]]]}},
{"type":"Feature","properties":{"รหัสกลุ่มคิว":"23/003","รหัสรับเหมา":"722635","ชื่อ-สกุล รับเหมา":"นาย พิชิต มณีศรี","นักเกษตร":"2303","ศูนย์":"K2-23","โควตา":"727213","ชาวไร่":"นาง นารีรัตน์ คำงาม","ประเภทอ้อย":"ปลายฝน","พื้นที่":2.15,"ตันรวม":27.95,"รหัสแปลง":"320607121837","กลุ่ม":"กลุ่ม_23"},"geometry":{"type":"MultiPolygon","coordinates":[[[[985449.998300000093877,1605060.833499999716878],[985512.230700000189245,1605056.490900000557303],[985523.857300000265241,1605008.901799999177456],[985444.686999999918044,1605010.741100000217557],[985449.998300000093877,1605060.833499999716878]]]]}},
{"type":"Feature","properties":{"รหัสกลุ่มคิว":"23/002","รหัสรับเหมา":"722399","ชื่อ-สกุล รับเหมา":"นาง มะลิ งามเลิศ","นักเกษตร":"2302","ศูนย์":"K2-23","โควตา":"722466","ชาวไร่":"นาย สุพน ศรีแก้ว","ประเภทอ้อย":"ปลายฝน","พื้นที่":9.91,"ตันรวม":128.83,"รหัสแปลง":"320607021682","กลุ่ม":"กลุ่ม_23"},"geometry":{"type":"MultiPolygon","coordinates":[[[[986726.962199999950826,1612640.44789999909699],[986576.103699999861419,1612772.811799999326468],[986606.014999999664724,1612808.537599999457598],[986805.637699999846518,1612633.132099999114871],[986774.113199999555945,1612597.004200000315905],[986757.507799999788404,1612580.587799999862909],[986731.829900000244379,1612558.444199999794364],[986690.054100000299513,1612594.228399999439716],[986726.962199999950826,1612640.44789999909699]]]]}},
{"type":"Feature","properties":{"รหัสกลุ่มคิว":"23/003","รหัสรับเหมา":"722635","ชื่อ-สกุล รับเหมา":"นาย พิชิต มณีศรี","นักเกษตร":"2303","ศูนย์":"K2-23","โควตา":"722281","ชาวไร่":"นาย กีด ปานทอง","ประเภทอ้อย":"ปลายฝน","พื้นที่":1.25,"ตันรวม":16.25,"รหัสแปลง":"320607031770","กลุ่ม":"กลุ่ม_23"},"geometry":{"type":"MultiPolygon","coordinates":[[[[991366.200799999758601,1611486.303999999538064],[991368.365299999713898,1611486.162399999797344],[991370.944199999794364,1611492.316400000825524],[991375.648000000044703,1611491.300899999216199],[991369.236600000411272,1611451.599600000306964],[991318.414300000295043,1611452.802300000563264],[991325.119400000199676,1611495.83809999935329],[991334.552899999544024,1611492.5132],[991363.96239999961108,1611490.1426],[991365.469499999657273,1611486.844200000166893],[991366.200799999758601,1611486.303999999538064]]]]}},
{"type":"Feature","properties":{"รหัสกลุ่มคิว":"23/002","รหัสรับเหมา":"722399","ชื่อ-สกุล รับเหมา":"นาง มะลิ งามเลิศ","นักเกษตร":"2302","ศูนย์":"K2-23","โควตา":"727478","ชาวไร่":"นาย อภิสิทธิ์ บุญเพ็ง","ประเภทอ้อย":"ปลายฝน","พื้นที่":3.83,"ตันรวม":49.79,"รหัสแปลง":"320601071977","กลุ่ม":"กลุ่ม_23"},"geometry":{"type":"MultiPolygon","coordinates":[[[[991813.229899999685585,1606170.240800000727177],[991797.456799999810755,1606129.983200000599027],[991637.960500000044703,1606159.163499999791384],[991631.77280000038445,1606189.367200000211596],[991813.229899999685585,1606170.240800000727177]]]]}},
{"type":"Feature","properties":{"รหัสกลุ่มคิว":"23/002","รหัสรับเหมา":"722399","ชื่อ-สกุล รับเหมา":"นาง มะลิ งามเลิศ","นักเกษตร":"2302","ศูนย์":"K2-23","โควตา":"761675","ชาวไร่":"นาย สมลี สุขบรรเทิง","ประเภทอ้อย":"ปลายฝน","พื้นที่":23.31,"ตันรวม":303.03,"รหัสแปลง":"320510041615","กลุ่ม":"กลุ่ม_23"},"geometry":{"type":"MultiPolygon","coordinates":[[[[997438.066200000233948,1618111.585899999365211],[997346.466900000348687,1617531.981300000101328],[997312.215400000102818,1617542.38150000013411],[997322.883799999952316,1617620.086799999698997],[997290.095200000330806,1617629.4070999994874],[997374.369400000199676,1618126.3805],[997438.066200000233948,1618111.585899999365211]]]]}},
{"type":"Feature","properties":{"รหัสกลุ่มคิว":"23/002","รหัสรับเหมา":"722399","ชื่อ-สกุล รับเหมา":"นาง มะลิ งามเลิศ","นักเกษตร":"2302","ศูนย์":"K2-23","โควตา":"727485","ชาวไร่":"นาย กระทม สืบสันต์","ประเภทอ้อย":"ปลายฝน","พื้นที่":4.51,"ตันรวม":58.63,"รหัสแปลง":"320510041616","กลุ่ม":"กลุ่ม_23"},"geometry":{"type":"MultiPolygon","coordinates":[[[[999295.822200000286102,1619021.611400000751019],[999307.336600000038743,1619048.663100000470877],[999310.264899999834597,1619055.195900000631809],[999317.587000000290573,1619075.8739],[999426.420199999585748,1619046.841299999505281],[999406.671099999919534,1618982.078199999406934],[999295.822200000286102,1619021.611400000751019]]]]}},
{"type":"Feature","properties":{"รหัสกลุ่มคิว":"23/002","รหัสรับเหมา":"722399","ชื่อ-สกุล รับเหมา":"นาง มะลิ งามเลิศ","นักเกษตร":"2302","ศูนย์":"K2-23","โควตา":"727403","ชาวไร่":"นาง พิรุณ เครือศรี","ประเภทอ้อย":"ปลายฝน","พื้นที่":15.3,"ตันรวม":198.9,"รหัสแปลง":"321009060002","กลุ่ม":"กลุ่ม_23"},"geometry":{"type":"MultiPolygon","coordinates":[[[[1001396.385599999688566,1620469.264799999073148],[1001504.712299999780953,1620456.137700000777841],[1001478.445600000210106,1620261.773700000718236],[1001340.7785,1620274.114299999549985],[1001396.385599999688566,1620469.264799999073148]]]]}},
{"type":"Feature","properties":{"รหัสกลุ่มคิว":"23/002","รหัสรับเหมา":"722399","ชื่อ-สกุล รับเหมา":"นาง มะลิ งามเลิศ","นักเกษตร":"2302","ศูนย์":"K2-23","โควตา":"713717","ชาวไร่":"นาย ปราโมทย์ ทาศรี","ประเภทอ้อย":"ปลายฝน","พื้นที่":2.03,"ตันรวม":26.39,"รหัสแปลง":"320510041617","กลุ่ม":"กลุ่ม_23"},"geometry":{"type":"MultiPolygon","coordinates":[[[[1000162.04700000025332,1618778.1732],[1000110.886099999770522,1618769.914100000634789],[1000116.7703,1618843.272199999541044],[1000163.162399999797344,1618838.117799999192357],[1000162.04700000025332,1618778.1732]]]]}},
{"type":"Feature","properties":{"รหัสกลุ่มคิว":"23/002","รหัสรับเหมา":"722399","ชื่อ-สกุล รับเหมา":"นาง มะลิ งามเลิศ","นักเกษตร":"2302","ศูนย์":"K2-23","โควตา":"713717","ชาวไร่":"นาย ปราโมทย์ ทาศรี","ประเภทอ้อย":"ปลายฝน","พื้นที่":2.65,"ตันรวม":34.45,"รหัสแปลง":"320510041618","กลุ่ม":"กลุ่ม_23"},"geometry":{"type":"MultiPolygon","coordinates":[[[[1000176.2347,1618921.054999999701977],[1000166.13219999987632,1618842.617200000211596],[1000118.25069999974221,1618850.145400000736117],[1000126.454699999652803,1618933.352900000289083],[1000171.518500000238419,1618931.500399999320507],[1000170.492700000293553,1618920.012900000438094],[1000176.2347,1618921.054999999701977]]]]}},
{"type":"Feature","properties":{"รหัสกลุ่มคิว":"23/002","รหัสรับเหมา":"722399","ชื่อ-สกุล รับเหมา":"นาง มะลิ งามเลิศ","นักเกษตร":"2302","ศูนย์":"K2-23","โควตา":"727484","ชาวไร่":"นาง ไพลิน สาแก้ว","ประเภทอ้อย":"ปลายฝน","พื้นที่":8.03,"ตันรวม":104.39,"รหัสแปลง":"320510041619","กลุ่ม":"กลุ่ม_23"},"geometry":{"type":"MultiPolygon","coordinates":[[[[999048.395399999804795,1618411.063500000163913],[999009.212700000032783,1618477.7676],[999003.974899999797344,1618496.154799999669194],[999013.160099999979138,1618496.157299999147654],[999044.820700000040233,1618612.761199999600649],[999093.657300000078976,1618611.353399999439716],[999096.875799999572337,1618444.787100000306964],[999074.939699999988079,1618434.1678],[999066.568799999542534,1618429.558499999344349],[999048.395399999804795,1618411.063500000163913]]]]}},
{"type":"Feature","properties":{"รหัสกลุ่มคิว":"23/002","รหัสรับเหมา":"722399","ชื่อ-สกุล รับเหมา":"นาง มะลิ งามเลิศ","นักเกษตร":"2302","ศูนย์":"K2-23","โควตา":"727486","ชาวไร่":"นาย บุญล้อม ทองจันทร์","ประเภทอ้อย":"ปลายฝน","พื้นที่":9.62,"ตันรวม":125.06,"รหัสแปลง":"320510041620","กลุ่ม":"กลุ่ม_23"},"geometry":{"type":"MultiPolygon","coordinates":[[[[998127.294400000013411,1617573.19649999961257],[998113.566300000064075,1617398.150100000202656],[998020.61849999986589,1617416.417199999094009],[998039.662800000049174,1617578.070900000631809],[998127.294400000013411,1617573.19649999961257]]]]}},
{"type":"Feature","properties":{"รหัสกลุ่มคิว":"23/002","รหัสรับเหมา":"722399","ชื่อ-สกุล รับเหมา":"นาง มะลิ งามเลิศ","นักเกษตร":"2302","ศูนย์":"K2-23","โควตา":"727488","ชาวไร่":"นาย บุญตา หอมหวน","ประเภทอ้อย":"ปลายฝน","พื้นที่":13.34,"ตันรวม":173.42,"รหัสแปลง":"320510041621","กลุ่ม":"กลุ่ม_23"},"geometry":{"type":"MultiPolygon","coordinates":[[[[998061.279000000096858,1617923.051200000569224],[998160.094600000418723,1617908.418199999257922],[998138.902400000020862,1617755.042500000447035],[998130.787299999967217,1617675.908500000834465],[998048.665500000119209,1617684.408800000324845],[998061.279000000096858,1617923.051200000569224]]]]}},
{"type":"Feature","properties":{"รหัสกลุ่มคิว":"23/001","รหัสรับเหมา":"738889","ชื่อ-สกุล รับเหมา":"รถตัดโรงงานเบอร์ 09","นักเกษตร":"2304","ศูนย์":"K2-23","โควตา":"727477","ชาวไร่":"นาย มังกร มีศิลป์","ประเภทอ้อย":"ปลายฝน","พื้นที่":5.99,"ตันรวม":77.87,"รหัสแปลง":"320506131679","กลุ่ม":"กลุ่ม_23"},"geometry":{"type":"MultiPolygon","coordinates":[[[[985976.839900000020862,1614910.691500000655651],[986000.544800000265241,1614914.119999999180436],[986000.063699999824166,1614847.543199999257922],[986025.480499999597669,1614846.38289999961853],[986022.870199999772012,1614678.248800000175834],[985975.008799999952316,1614685.066299999132752],[985976.839900000020862,1614910.691500000655651]]]]}},
{"type":"Feature","properties":{"รหัสกลุ่มคิว":"23/002","รหัสรับเหมา":"722399","ชื่อ-สกุล รับเหมา":"นาง มะลิ งามเลิศ","นักเกษตร":"2302","ศูนย์":"K2-23","โควตา":"726719","ชาวไร่":"นาง หนูไกล จันทร์นวล","ประเภทอ้อย":"ปลายฝน","พื้นที่":2.9,"ตันรวม":37.7,"รหัสแปลง":"320601071978","กลุ่ม":"กลุ่ม_23"},"geometry":{"type":"MultiPolygon","coordinates":[[[[990234.930100000463426,1607374.058399999514222],[990241.061900000087917,1607283.200899999588728],[990233.409900000318885,1607278.425699999555945],[990233.832700000144541,1607275.290500000119209],[990239.279500000178814,1607273.17989999987185],[990240.738900000229478,1607254.162399999797344],[990205.573300000280142,1607246.805700000375509],[990191.576100000180304,1607361.730799999088049],[990219.975300000049174,1607365.069700000807643],[990234.930100000463426,1607374.058399999514222]]]]}},
{"type":"Feature","properties":{"รหัสกลุ่มคิว":"23/002","รหัสรับเหมา":"722399","ชื่อ-สกุล รับเหมา":"นาง มะลิ งามเลิศ","นักเกษตร":"2302","ศูนย์":"K2-23","โควตา":"722974","ชาวไร่":"นาง สมพงษ์ หดราช","ประเภทอ้อย":"ปลายฝน","พื้นที่":2.41,"ตันรวม":31.33,"รหัสแปลง":"320601071979","กลุ่ม":"กลุ่ม_23"},"geometry":{"type":"MultiPolygon","coordinates":[[[[990524.359299999661744,1607233.918800000101328],[990526.230600000359118,1607212.320599999278784],[990527.4841,1607203.654400000348687],[990533.136900000274181,1607200.253499999642372],[990537.779299999587238,1607184.257999999448657],[990544.538499999791384,1607179.584699999541044],[990545.001899999566376,1607165.355200000107288],[990547.563699999824166,1607163.372099999338388],[990549.673499999567866,1607156.941999999806285],[990513.585199999623001,1607150.676000000908971],[990490.7977,1607155.030200000852346],[990483.320199999958277,1607231.9923],[990524.359299999661744,1607233.918800000101328]]]]}},
{"type":"Feature","properties":{"รหัสกลุ่มคิว":"23/001","รหัสรับเหมา":"738889","ชื่อ-สกุล รับเหมา":"รถตัดโรงงานเบอร์ 09","นักเกษตร":"2304","ศูนย์":"K2-23","โควตา":"727451","ชาวไร่":"นาย สนอง พรหนองแสน","ประเภทอ้อย":"ปลายฝน","พื้นที่":2.04,"ตันรวม":26.52,"รหัสแปลง":"320601091644","กลุ่ม":"กลุ่ม_23"},"geometry":{"type":"MultiPolygon","coordinates":[[[[995053.583100000396371,1607667.5515],[995042.843999999575317,1607664.006899999454618],[995041.098699999973178,1607661.19789999909699],[994991.13300000037998,1607682.0154],[994976.095599999651313,1607686.151599999517202],[994981.186499999836087,1607719.725999999791384],[994982.034900000318885,1607722.332100000232458],[995034.336199999786913,1607710.808000000193715],[995053.133399999700487,1607707.85700000077486],[995058.588399999774992,1607705.377599999308586],[995053.583100000396371,1607667.5515]]]]}},
{"type":"Feature","properties":{"รหัสกลุ่มคิว":"23/002","รหัสรับเหมา":"722399","ชื่อ-สกุล รับเหมา":"นาง มะลิ งามเลิศ","นักเกษตร":"2302","ศูนย์":"K2-23","โควตา":"720243","ชาวไร่":"นาย บุญช่วย บุตรลักษณ์","ประเภทอ้อย":"ปลายฝน","พื้นที่":7.24,"ตันรวม":94.12,"รหัสแปลง":"320607051665","กลุ่ม":"กลุ่ม_23"},"geometry":{"type":"MultiPolygon","coordinates":[[[[987652.958800000138581,1607643.452199999243021],[987481.423799999989569,1607599.376299999654293],[987484.002299999818206,1607623.83559999987483],[987489.279299999587238,1607657.593900000676513],[987492.558199999853969,1607664.870300000533462],[987498.027300000190735,1607670.710799999535084],[987532.208200000226498,1607691.357799999415874],[987561.114500000141561,1607705.42850000038743],[987586.891200000420213,1607695.583699999377131],[987649.942200000397861,1607695.722500000149012],[987652.958800000138581,1607643.452199999243021]]]]}},
{"type":"Feature","properties":{"รหัสกลุ่มคิว":"23/003","รหัสรับเหมา":"722635","ชื่อ-สกุล รับเหมา":"นาย พิชิต มณีศรี","นักเกษตร":"2303","ศูนย์":"K2-23","โควตา":"722623","ชาวไร่":"นาย สมพงษ์ คงหาญ","ประเภทอ้อย":"ปลายฝน","พื้นที่":6.3,"ตันรวม":81.9,"รหัสแปลง":"320601101624","กลุ่ม":"กลุ่ม_23"},"geometry":{"type":"MultiPolygon","coordinates":[[[[991987.48589999973774,1604379.978700000792742],[992027.074000000022352,1604319.373800000175834],[992019.410299999639392,1604143.36089999973774],[992019.594100000336766,1604143.17960000038147],[992019.053700000047684,1604143.168800000101328],[991997.33669999986887,1604138.852700000628829],[991985.209699999541044,1604231.996300000697374],[991976.661100000143051,1604281.199899999424815],[991974.9847999997437,1604283.940300000831485],[991960.764999999664724,1604319.346699999645352],[991954.666000000201166,1604336.052999999374151],[991945.325000000186265,1604352.694700000807643],[991945.464499999769032,1604354.731599999591708],[991945.813699999824166,1604355.293299999088049],[991946.699599999934435,1604356.050699999555945],[991947.923600000329316,1604357.9243],[991948.805700000375509,1604358.866499999538064],[991986.761699999682605,1604380.14919999986887],[991987.118300000205636,1604380.341199999675155],[991987.305700000375509,1604379.975099999457598],[991987.48589999973774,1604379.978700000792742]]]]}},
{"type":"Feature","properties":{"รหัสกลุ่มคิว":"23/001","รหัสรับเหมา":"738889","ชื่อ-สกุล รับเหมา":"รถตัดโรงงานเบอร์ 09","นักเกษตร":"2304","ศูนย์":"K2-23","โควตา":"727489","ชาวไร่":"นาง วรรณี ติราวรัมย์","ประเภทอ้อย":"ปลายฝน","พื้นที่":5.38,"ตันรวม":69.94,"รหัสแปลง":"320506131682","กลุ่ม":"กลุ่ม_23"},"geometry":{"type":"MultiPolygon","coordinates":[[[[985815.978400000371039,1615811.891799999400973],[986123.116600000299513,1615880.2983],[986124.538099999539554,1615872.190500000491738],[986122.098500000312924,1615868.074100000783801],[986119.768899999558926,1615858.412599999457598],[985822.777099999599159,1615777.818499999120831],[985816.165699999779463,1615811.525699999183416],[985815.978400000371039,1615811.891799999400973]]]]}}
]
}
