{
"type": "FeatureCollection",
"name": "กลุ่ม_71",
"crs": { "type": "name", "properties": { "name": "urn:ogc:def:crs:EPSG::32647" } },
"xy_coordinate_resolution": 1e-15,
"features": [
{"type":"Feature","properties":{"รหัสกลุ่มคิว":"71/001","รหัสรับเหมา":"733638","ชื่อ-สกุล รับเหมา":"นาย สิทธิชัย ธรรมสุข","นักเกษตร":"7104","ศูนย์":"K2-71","โควตา":"733342","ชาวไร่":"นาย วา แอกทอง","ประเภทอ้อย":"ปลายฝน","พื้นที่":1.49,"ตันรวม":19.37,"รหัสแปลง":"321006050008","กลุ่ม":"กลุ่ม_71"},"geometry":{"type":"MultiPolygon","coordinates":[[[[1026470.4847999997437,1611007.020899999886751],[1026425.790699999779463,1611015.314200000837445],[1026436.03110000025481,1611067.335699999704957],[1026479.636400000192225,1611059.38910000026226],[1026470.4847999997437,1611007.020899999886751]]]]}},
{"type":"Feature","properties":{"รหัสกลุ่มคิว":"71/001","รหัสรับเหมา":"733638","ชื่อ-สกุล รับเหมา":"นาย สิทธิชัย ธรรมสุข","นักเกษตร":"7104","ศูนย์":"K2-71","โควตา":"733950","ชาวไร่":"นาง ประวงค์ ประดับมุข","ประเภทอ้อย":"ตอ4","พื้นที่":14.77,"ตันรวม":103.39,"รหัสแปลง":"321011010060","กลุ่ม":"กลุ่ม_71"},"geometry":{"type":"MultiPolygon","coordinates":[[[[1018025.686700000427663,1607623.314799999818206],[1018130.328499999828637,1607617.8586],[1018093.457000000402331,1607341.90819999948144],[1018026.581799999810755,1607351.373099999502301],[1018025.686700000427663,1607623.314799999818206]]]]}},
{"type":"Feature","properties":{"รหัสกลุ่มคิว":"71/001","รหัสรับเหมา":"733638","ชื่อ-สกุล รับเหมา":"นาย สิทธิชัย ธรรมสุข","นักเกษตร":"7104","ศูนย์":"K2-71","โควตา":"733199","ชาวไร่":"นาย ชิติสรรค์ สุขสาม","ประเภทอ้อย":"ปลายฝน","พื้นที่":4.81,"ตันรวม":62.53,"รหัสแปลง":"321011011514","กลุ่ม":"กลุ่ม_71"},"geometry":{"type":"MultiPolygon","coordinates":[[[[1017101.714999999850988,1608769.474099999293685],[1017102.088499999605119,1608769.2467],[1017133.38300000037998,1608719.160299999639392],[1017141.4819,1608720.6656],[1017146.9265,1608701.562000000849366],[1017023.424700000323355,1608663.622300000861287],[1017021.723000000230968,1608669.270400000736117],[1017040.2648,1608678.010600000619888],[1017014.2856,1608733.435200000181794],[1017101.714999999850988,1608769.474099999293685]]]]}},
{"type":"Feature","properties":{"รหัสกลุ่มคิว":"71/001","รหัสรับเหมา":"733638","ชื่อ-สกุล รับเหมา":"นาย สิทธิชัย ธรรมสุข","นักเกษตร":"7104","ศูนย์":"K2-71","โควตา":"733709","ชาวไร่":"นาย จักรพันธ์ วันไทย","ประเภทอ้อย":"ปลายฝน","พื้นที่":8.99,"ตันรวม":116.87,"รหัสแปลง":"321011021505","กลุ่ม":"กลุ่ม_71"},"geometry":{"type":"MultiPolygon","coordinates":[[[[1019768.172600000165403,1602711.714099999517202],[1019680.7949,1602854.908299999311566],[1019690.166199999861419,1602889.328299999237061],[1019725.832899999804795,1602894.424499999731779],[1019731.792700000107288,1602881.509199999272823],[1019730.171,1602881.475099999457598],[1019739.267300000414252,1602860.3926],[1019757.80489999987185,1602870.401900000870228],[1019786.503100000321865,1602800.154500000178814],[1019790.800499999895692,1602801.539799999445677],[1019750.934399999678135,1602897.080900000408292],[1019761.519000000320375,1602899.523299999535084],[1019771.113099999725819,1602880.48619999922812],[1019803.524000000208616,1602805.137199999764562],[1019815.035500000230968,1602772.081199999898672],[1019818.406000000424683,1602757.537900000810623],[1019815.07050000037998,1602744.703500000759959],[1019802.706000000238419,1602732.604100000113249],[1019789.556099999696016,1602728.301899999380112],[1019793.527900000102818,1602757.569700000807643],[1019780.445299999788404,1602788.18779999949038],[1019765.011099999770522,1602784.903400000184774],[1019789.285799999721348,1602728.213400000706315],[1019783.369699999690056,1602726.277799999341369],[1019768.172600000165403,1602711.714099999517202]]]]}},
{"type":"Feature","properties":{"รหัสกลุ่มคิว":"71/001","รหัสรับเหมา":"733638","ชื่อ-สกุล รับเหมา":"นาย สิทธิชัย ธรรมสุข","นักเกษตร":"7104","ศูนย์":"K2-71","โควตา":"733661","ชาวไร่":"นาง สอน พิศโฉม","ประเภทอ้อย":"ตอ1","พื้นที่":3.59,"ตันรวม":32.31,"รหัสแปลง":"321011030261","กลุ่ม":"กลุ่ม_71"},"geometry":{"type":"MultiPolygon","coordinates":[[[[1019693.038599999621511,1606373.888000000268221],[1019672.1508,1606485.837500000372529],[1019727.918600000441074,1606497.372300000861287],[1019742.721800000406802,1606406.180600000545382],[1019693.038599999621511,1606373.888000000268221]]]]}},
{"type":"Feature","properties":{"รหัสกลุ่มคิว":"71/001","รหัสรับเหมา":"733638","ชื่อ-สกุล รับเหมา":"นาย สิทธิชัย ธรรมสุข","นักเกษตร":"7104","ศูนย์":"K2-71","โควตา":"733661","ชาวไร่":"นาง สอน พิศโฉม","ประเภทอ้อย":"ตอ4","พื้นที่":3.88,"ตันรวม":27.16,"รหัสแปลง":"321011031504","กลุ่ม":"กลุ่ม_71"},"geometry":{"type":"MultiPolygon","coordinates":[[[[1019710.2418,1606379.579199999570847],[1019745.661899999715388,1606400.8596],[1019776.971800000406802,1606215.2346],[1019746.942499999888241,1606211.8268],[1019710.2418,1606379.579199999570847]]]]}},
{"type":"Feature","properties":{"รหัสกลุ่มคิว":"71/001","รหัสรับเหมา":"733638","ชื่อ-สกุล รับเหมา":"นาย สิทธิชัย ธรรมสุข","นักเกษตร":"7104","ศูนย์":"K2-71","โควตา":"733661","ชาวไร่":"นาง สอน พิศโฉม","ประเภทอ้อย":"ตอ5","พื้นที่":9.34,"ตันรวม":65.38,"รหัสแปลง":"321011031505","กลุ่ม":"กลุ่ม_71"},"geometry":{"type":"MultiPolygon","coordinates":[[[[1019744.71169999986887,1606406.005300000309944],[1019728.656700000166893,1606496.540999999269843],[1019752.9392,1606521.5581],[1019761.8936,1606510.381100000813603],[1019780.377299999818206,1606507.690600000321865],[1019820.0417,1606496.836899999529123],[1019825.040500000119209,1606492.519200000911951],[1019835.572599999606609,1606345.153400000184774],[1019762.5389,1606325.545199999585748],[1019744.71169999986887,1606406.005300000309944]]]]}},
{"type":"Feature","properties":{"รหัสกลุ่มคิว":"71/001","รหัสรับเหมา":"733638","ชื่อ-สกุล รับเหมา":"นาย สิทธิชัย ธรรมสุข","นักเกษตร":"7104","ศูนย์":"K2-71","โควตา":"774191","ชาวไร่":"นาย บัญชา สามารถ","ประเภทอ้อย":"ตอ1","พื้นที่":13.49,"ตันรวม":121.41,"รหัสแปลง":"321011040036","กลุ่ม":"กลุ่ม_71"},"geometry":{"type":"MultiPolygon","coordinates":[[[[1017987.102,1607830.587899999693036],[1017983.8443,1607630.801200000569224],[1017936.368800000287592,1607638.489399999380112],[1017859.020700000226498,1607638.431800000369549],[1017835.775899999774992,1607714.442800000309944],[1017852.202399999834597,1607720.295800000429153],[1017848.93680000025779,1607733.095200000330806],[1017842.958700000308454,1607733.827500000596046],[1017838.60259999986738,1607739.088999999687076],[1017834.592899999581277,1607746.74970000050962],[1017827.476700000464916,1607766.375700000673532],[1017857.0926,1607784.947499999776483],[1017883.99309999961406,1607762.512199999764562],[1017888.7652000002563,1607761.998800000175834],[1017951.0444,1607805.754499999806285],[1017987.102,1607830.587899999693036]]]]}},
{"type":"Feature","properties":{"รหัสกลุ่มคิว":"71/001","รหัสรับเหมา":"733638","ชื่อ-สกุล รับเหมา":"นาย สิทธิชัย ธรรมสุข","นักเกษตร":"7104","ศูนย์":"K2-71","โควตา":"733947","ชาวไร่":"นาย เสริฐ ชาวสวน","ประเภทอ้อย":"ปลายฝน","พื้นที่":2.21,"ตันรวม":28.73,"รหัสแปลง":"321011101512","กลุ่ม":"กลุ่ม_71"},"geometry":{"type":"MultiPolygon","coordinates":[[[[1018186.576999999582767,1611930.49100000038743],[1018227.384600000455976,1611929.121799999848008],[1018217.526700000278652,1611831.797800000756979],[1018184.619099999777973,1611836.564600000157952],[1018186.576999999582767,1611930.49100000038743]]]]}},
{"type":"Feature","properties":{"รหัสกลุ่มคิว":"71/002","รหัสรับเหมา":"738889","ชื่อ-สกุล รับเหมา":"รถตัดโรงงานเบอร์ 24","นักเกษตร":"7101","ศูนย์":"K2-71","โควตา":"730441","ชาวไร่":"นาย เด่น เอิบสุข","ประเภทอ้อย":"ปลายฝน","พื้นที่":8.92,"ตันรวม":115.96,"รหัสแปลง":"321015041502","กลุ่ม":"กลุ่ม_71"},"geometry":{"type":"MultiPolygon","coordinates":[[[[1031646.8629,1617756.043800000101328],[1031743.007500000298023,1617797.011099999770522],[1031749.5992,1617775.14750000089407],[1031763.899500000290573,1617780.453700000420213],[1031771.51630000025034,1617778.213899999856949],[1031780.629599999636412,1617781.7423],[1031788.229600000195205,1617788.568199999630451],[1031789.365799999795854,1617794.328600000590086],[1031785.295,1617799.2358],[1031778.5071,1617796.497999999672174],[1031775.177400000393391,1617792.170199999585748],[1031761.241399999707937,1617786.686799999326468],[1031754.619300000369549,1617801.95890000090003],[1031862.442900000140071,1617847.902599999681115],[1031896.052799999713898,1617785.0164],[1031665.408900000154972,1617705.326999999582767],[1031646.8629,1617756.043800000101328]]]]}},
{"type":"Feature","properties":{"รหัสกลุ่มคิว":"71/002","รหัสรับเหมา":"738889","ชื่อ-สกุล รับเหมา":"รถตัดโรงงานเบอร์ 24","นักเกษตร":"7101","ศูนย์":"K2-71","โควตา":"730373","ชาวไร่":"นาย นนท์ ใจชื่น","ประเภทอ้อย":"ปลายฝน","พื้นที่":13.49,"ตันรวม":175.37,"รหัสแปลง":"321015041507","กลุ่ม":"กลุ่ม_71"},"geometry":{"type":"MultiPolygon","coordinates":[[[[1030538.920800000429153,1619169.647099999710917],[1030559.302000000141561,1619201.912699999287724],[1030625.0017,1619188.351500000804663],[1030734.5543,1619155.019600000232458],[1030720.269899999722838,1619099.203500000759959],[1030696.684999999590218,1619031.899299999698997],[1030504.857099999673665,1619120.247999999672174],[1030538.264600000344217,1619166.67259999923408],[1030599.710799999535084,1619141.547700000926852],[1030597.1743,1619125.580900000408292],[1030617.749800000339746,1619115.666200000792742],[1030628.326500000432134,1619134.767699999734759],[1030538.920800000429153,1619169.647099999710917]]]]}},
{"type":"Feature","properties":{"รหัสกลุ่มคิว":"71/001","รหัสรับเหมา":"733638","ชื่อ-สกุล รับเหมา":"นาย สิทธิชัย ธรรมสุข","นักเกษตร":"7104","ศูนย์":"K2-71","โควตา":"730045","ชาวไร่":"จ.ส.ต. ถาวร สุบิน","ประเภทอ้อย":"ตอ1","พื้นที่":4.7,"ตันรวม":42.3,"รหัสแปลง":"321017010025","กลุ่ม":"กลุ่ม_71"},"geometry":{"type":"MultiPolygon","coordinates":[[[[1020287.763899999670684,1606045.6393],[1020235.635499999858439,1606167.003900000825524],[1020289.534300000406802,1606183.865199999883771],[1020307.429700000211596,1606138.734899999573827],[1020324.933299999684095,1606137.8092],[1020325.062699999660254,1606046.2412],[1020287.763899999670684,1606045.6393]]]]}},
{"type":"Feature","properties":{"รหัสกลุ่มคิว":"71/001","รหัสรับเหมา":"733638","ชื่อ-สกุล รับเหมา":"นาย สิทธิชัย ธรรมสุข","นักเกษตร":"7104","ศูนย์":"K2-71","โควตา":"730145","ชาวไร่":"นาย สมพร สุบิน","ประเภทอ้อย":"ตอ1","พื้นที่":2.12,"ตันรวม":19.08,"รหัสแปลง":"321017010033","กลุ่ม":"กลุ่ม_71"},"geometry":{"type":"MultiPolygon","coordinates":[[[[1020748.551900000311434,1604805.573799999430776],[1020785.801900000311434,1604806.896500000730157],[1020782.941700000315905,1604797.216600000858307],[1020804.1475,1604791.744200000539422],[1020775.0406,1604712.919800000265241],[1020774.328499999828637,1604714.83500000089407],[1020739.953599999658763,1604773.068299999460578],[1020748.551900000311434,1604805.573799999430776]]]]}},
{"type":"Feature","properties":{"รหัสกลุ่มคิว":"71/001","รหัสรับเหมา":"733638","ชื่อ-สกุล รับเหมา":"นาย สิทธิชัย ธรรมสุข","นักเกษตร":"7104","ศูนย์":"K2-71","โควตา":"730145","ชาวไร่":"นาย สมพร สุบิน","ประเภทอ้อย":"ตอ1","พื้นที่":1.87,"ตันรวม":16.83,"รหัสแปลง":"321017010151","กลุ่ม":"กลุ่ม_71"},"geometry":{"type":"MultiPolygon","coordinates":[[[[1020653.213100000284612,1604764.962899999693036],[1020638.571999999694526,1604796.913799999281764],[1020749.452499999664724,1604802.360600000247359],[1020741.489099999889731,1604774.622500000521541],[1020653.213100000284612,1604764.962899999693036]]]]}},
{"type":"Feature","properties":{"รหัสกลุ่มคิว":"71/001","รหัสรับเหมา":"733638","ชื่อ-สกุล รับเหมา":"นาย สิทธิชัย ธรรมสุข","นักเกษตร":"7104","ศูนย์":"K2-71","โควตา":"733978","ชาวไร่":"นาย สุวิทย์ วุฒิยา","ประเภทอ้อย":"ตอ2","พื้นที่":4.32,"ตันรวม":34.56,"รหัสแปลง":"321017010152","กลุ่ม":"กลุ่ม_71"},"geometry":{"type":"MultiPolygon","coordinates":[[[[1022666.177500000223517,1605510.041400000452995],[1022718.041400000452995,1605503.925200000405312],[1022722.542299999855459,1605385.067299999296665],[1022662.229399999603629,1605381.569700000807643],[1022663.510200000368059,1605406.201400000602007],[1022664.450299999676645,1605438.410900000482798],[1022665.1278,1605483.009500000625849],[1022666.177500000223517,1605510.041400000452995]]]]}},
{"type":"Feature","properties":{"รหัสกลุ่มคิว":"71/001","รหัสรับเหมา":"733638","ชื่อ-สกุล รับเหมา":"นาย สิทธิชัย ธรรมสุข","นักเกษตร":"7104","ศูนย์":"K2-71","โควตา":"730045","ชาวไร่":"จ.ส.ต. ถาวร สุบิน","ประเภทอ้อย":"ปลายฝน","พื้นที่":2.59,"ตันรวม":33.67,"รหัสแปลง":"321017010156","กลุ่ม":"กลุ่ม_71"},"geometry":{"type":"MultiPolygon","coordinates":[[[[1020427.662899999879301,1603882.580600000917912],[1020429.588899999856949,1603840.143500000238419],[1020351.835099999792874,1603838.580700000748038],[1020303.567200000397861,1603876.246300000697374],[1020427.662899999879301,1603882.580600000917912]]]]}},
{"type":"Feature","properties":{"รหัสกลุ่มคิว":"71/001","รหัสรับเหมา":"733638","ชื่อ-สกุล รับเหมา":"นาย สิทธิชัย ธรรมสุข","นักเกษตร":"7104","ศูนย์":"K2-71","โควตา":"733745","ชาวไร่":"นาง อำไพ สุขล้วน","ประเภทอ้อย":"ตอ1","พื้นที่":8.03,"ตันรวม":72.27,"รหัสแปลง":"321017011555","กลุ่ม":"กลุ่ม_71"},"geometry":{"type":"MultiPolygon","coordinates":[[[[1026284.2051,1608281.3903],[1026232.612800000235438,1608291.758300000801682],[1026276.299999999813735,1608474.183700000867248],[1026357.046699999831617,1608508.100700000301003],[1026284.2051,1608281.3903]]]]}},
{"type":"Feature","properties":{"รหัสกลุ่มคิว":"71/001","รหัสรับเหมา":"733638","ชื่อ-สกุล รับเหมา":"นาย สิทธิชัย ธรรมสุข","นักเกษตร":"7104","ศูนย์":"K2-71","โควตา":"733064","ชาวไร่":"นางสาว ปาริชาติ สมยิ่ง","ประเภทอ้อย":"ตอ2","พื้นที่":6.24,"ตันรวม":49.92,"รหัสแปลง":"321017050038","กลุ่ม":"กลุ่ม_71"},"geometry":{"type":"MultiPolygon","coordinates":[[[[1023185.269299999810755,1606991.043199999257922],[1023253.394100000150502,1606957.524399999529123],[1023219.997899999842048,1606832.496200000867248],[1023149.954199999570847,1606854.504499999806285],[1023185.269299999810755,1606991.043199999257922]]]]}},
{"type":"Feature","properties":{"รหัสกลุ่มคิว":"71/001","รหัสรับเหมา":"733638","ชื่อ-สกุล รับเหมา":"นาย สิทธิชัย ธรรมสุข","นักเกษตร":"7104","ศูนย์":"K2-71","โควตา":"733966","ชาวไร่":"นางสาว งาน สมยิ่ง","ประเภทอ้อย":"ตอ1","พื้นที่":6.42,"ตันรวม":57.78,"รหัสแปลง":"321017050039","กลุ่ม":"กลุ่ม_71"},"geometry":{"type":"MultiPolygon","coordinates":[[[[1024027.346199999563396,1607137.691700000315905],[1024067.0351,1606983.504599999636412],[1024024.52350000012666,1606973.720799999311566],[1023944.011800000444055,1607115.01490000076592],[1024027.346199999563396,1607137.691700000315905]]]]}},
{"type":"Feature","properties":{"รหัสกลุ่มคิว":"71/001","รหัสรับเหมา":"733638","ชื่อ-สกุล รับเหมา":"นาย สิทธิชัย ธรรมสุข","นักเกษตร":"7104","ศูนย์":"K2-71","โควตา":"733966","ชาวไร่":"นางสาว งาน สมยิ่ง","ประเภทอ้อย":"ตอ1","พื้นที่":8.32,"ตันรวม":74.88,"รหัสแปลง":"321017051505","กลุ่ม":"กลุ่ม_71"},"geometry":{"type":"MultiPolygon","coordinates":[[[[1023864.840900000184774,1607091.502000000327826],[1023883.487999999895692,1607096.153300000354648],[1023934.028400000184774,1607109.807700000703335],[1024013.932699999772012,1606971.645600000396371],[1023913.6853,1606947.499600000679493],[1023864.840900000184774,1607091.502000000327826]]]]}},
{"type":"Feature","properties":{"รหัสกลุ่มคิว":"71/001","รหัสรับเหมา":"733638","ชื่อ-สกุล รับเหมา":"นาย สิทธิชัย ธรรมสุข","นักเกษตร":"7104","ศูนย์":"K2-71","โควตา":"733781","ชาวไร่":"นาย พลอย ศรีเจริญ","ประเภทอ้อย":"ปลายฝน","พื้นที่":10.74,"ตันรวม":139.62,"รหัสแปลง":"321017060165","กลุ่ม":"กลุ่ม_71"},"geometry":{"type":"MultiPolygon","coordinates":[[[[1026413.244900000281632,1606282.185499999672174],[1026336.423999999649823,1606384.889599999412894],[1026394.470700000412762,1606401.669199999421835],[1026512.0652,1606407.13990000076592],[1026526.269299999810755,1606400.412900000810623],[1026541.0888,1606322.656199999153614],[1026413.244900000281632,1606282.185499999672174]]]]}},
{"type":"Feature","properties":{"รหัสกลุ่มคิว":"71/001","รหัสรับเหมา":"733638","ชื่อ-สกุล รับเหมา":"นาย สิทธิชัย ธรรมสุข","นักเกษตร":"7104","ศูนย์":"K2-71","โควตา":"730081","ชาวไร่":"นาย เจ็ด มีเหมาะ","ประเภทอ้อย":"ปลายฝน","พื้นที่":7.33,"ตันรวม":95.29,"รหัสแปลง":"321017060179","กลุ่ม":"กลุ่ม_71"},"geometry":{"type":"MultiPolygon","coordinates":[[[[1026445.6897,1607809.927500000223517],[1026507.279199999757111,1607837.884700000286102],[1026522.4074,1607787.886],[1026538.911999999545515,1607791.568900000303984],[1026556.987999999895692,1607687.980900000780821],[1026482.052000000141561,1607668.80379999987781],[1026445.6897,1607809.927500000223517]]]]}},
{"type":"Feature","properties":{"รหัสกลุ่มคิว":"71/001","รหัสรับเหมา":"733638","ชื่อ-สกุล รับเหมา":"นาย สิทธิชัย ธรรมสุข","นักเกษตร":"7104","ศูนย์":"K2-71","โควตา":"730173","ชาวไร่":"นาย เป็น มีเหมาะ","ประเภทอ้อย":"ตอ2","พื้นที่":13.71,"ตันรวม":109.68,"รหัสแปลง":"321017060220","กลุ่ม":"กลุ่ม_71"},"geometry":{"type":"MultiPolygon","coordinates":[[[[1028025.853799999691546,1605686.328299999237061],[1027998.8531,1605684.455399999395013],[1027922.205,1605666.441299999132752],[1027912.992200000211596,1605692.564300000667572],[1027893.2807,1605684.8914],[1027877.86089999973774,1605724.332299999892712],[1027858.980700000189245,1605719.120300000533462],[1027818.088899999856949,1605825.4506],[1027872.806900000199676,1605846.2325],[1027923.778099999763072,1605839.922900000587106],[1027944.221800000406802,1605785.967199999839067],[1027984.599999999627471,1605802.927300000563264],[1028025.853799999691546,1605686.328299999237061]]]]}},
{"type":"Feature","properties":{"รหัสกลุ่มคิว":"71/001","รหัสรับเหมา":"733638","ชื่อ-สกุล รับเหมา":"นาย สิทธิชัย ธรรมสุข","นักเกษตร":"7104","ศูนย์":"K2-71","โควตา":"733638","ชาวไร่":"นาย สิทธิชัย ธรรมสุข","ประเภทอ้อย":"ตอ3","พื้นที่":12.17,"ตันรวม":85.19,"รหัสแปลง":"321017060244","กลุ่ม":"กลุ่ม_71"},"geometry":{"type":"MultiPolygon","coordinates":[[[[1026299.945600000210106,1609165.461799999698997],[1026289.252500000409782,1609102.726399999111891],[1026258.638600000180304,1609104.490900000557303],[1026254.0247,1609056.244000000879169],[1026215.090900000184774,1609056.973600000143051],[1026103.0915,1609092.143100000917912],[1026129.138299999758601,1609199.831599999219179],[1026299.945600000210106,1609165.461799999698997]]]]}},
{"type":"Feature","properties":{"รหัสกลุ่มคิว":"71/001","รหัสรับเหมา":"733638","ชื่อ-สกุล รับเหมา":"นาย สิทธิชัย ธรรมสุข","นักเกษตร":"7104","ศูนย์":"K2-71","โควตา":"730173","ชาวไร่":"นาย เป็น มีเหมาะ","ประเภทอ้อย":"ปลายฝน","พื้นที่":5.82,"ตันรวม":75.66,"รหัสแปลง":"321017060253","กลุ่ม":"กลุ่ม_71"},"geometry":{"type":"MultiPolygon","coordinates":[[[[1027364.0071,1606086.037799999117851],[1027539.162100000306964,1606148.061599999666214],[1027589.153699999675155,1606120.084300000220537],[1027364.4748,1606038.870400000363588],[1027364.0071,1606086.037799999117851]]]]}},
{"type":"Feature","properties":{"รหัสกลุ่มคิว":"71/001","รหัสรับเหมา":"733638","ชื่อ-สกุล รับเหมา":"นาย สิทธิชัย ธรรมสุข","นักเกษตร":"7104","ศูนย์":"K2-71","โควตา":"774215","ชาวไร่":"นาง เบญจพร ชูกลิ่น","ประเภทอ้อย":"ปลายฝน","พื้นที่":9.84,"ตันรวม":127.92,"รหัสแปลง":"321017061528","กลุ่ม":"กลุ่ม_71"},"geometry":{"type":"MultiPolygon","coordinates":[[[[1027105.772599999792874,1608020.705900000408292],[1027367.619199999608099,1608040.371099999174476],[1027360.92090000025928,1607974.364199999719858],[1027121.456399999558926,1607961.653599999845028],[1027105.772599999792874,1608020.705900000408292]]]]}},
{"type":"Feature","properties":{"รหัสกลุ่มคิว":"71/001","รหัสรับเหมา":"733638","ชื่อ-สกุล รับเหมา":"นาย สิทธิชัย ธรรมสุข","นักเกษตร":"7104","ศูนย์":"K2-71","โควตา":"733510","ชาวไร่":"นาย สุรัตน์ เหมือนวาจา","ประเภทอ้อย":"ตอ1","พื้นที่":3.27,"ตันรวม":29.43,"รหัสแปลง":"321017061539","กลุ่ม":"กลุ่ม_71"},"geometry":{"type":"MultiPolygon","coordinates":[[[[1026173.837299999780953,1607693.301000000908971],[1026174.616600000299513,1607715.888399999588728],[1026335.4178,1607765.759800000116229],[1026335.245400000363588,1607723.204500000923872],[1026173.837299999780953,1607693.301000000908971]]]]}},
{"type":"Feature","properties":{"รหัสกลุ่มคิว":"71/001","รหัสรับเหมา":"733638","ชื่อ-สกุล รับเหมา":"นาย สิทธิชัย ธรรมสุข","นักเกษตร":"7104","ศูนย์":"K2-71","โควตา":"733062","ชาวไร่":"นาย พนม ชาญเชี่ยว","ประเภทอ้อย":"ตอ1","พื้นที่":6.18,"ตันรวม":55.62,"รหัสแปลง":"321017061541","กลุ่ม":"กลุ่ม_71"},"geometry":{"type":"MultiPolygon","coordinates":[[[[1027262.3426,1607722.8728],[1027262.255900000222027,1607722.985300000756979],[1027287.658099999651313,1607737.421299999579787],[1027302.35869999974966,1607742.504699999466538],[1027307.3777,1607659.797399999573827],[1027244.242999999783933,1607652.581900000572205],[1027148.308400000445545,1607654.529899999499321],[1027148.599000000394881,1607702.238399999216199],[1027204.477699999697506,1607704.0472],[1027206.6732,1607718.9846],[1027225.733099999837577,1607718.520099999383092],[1027262.3426,1607722.8728]]]]}},
{"type":"Feature","properties":{"รหัสกลุ่มคิว":"71/001","รหัสรับเหมา":"733638","ชื่อ-สกุล รับเหมา":"นาย สิทธิชัย ธรรมสุข","นักเกษตร":"7104","ศูนย์":"K2-71","โควตา":"733261","ชาวไร่":"นาง เต็มสิริ สำเริง","ประเภทอ้อย":"ตอ1","พื้นที่":9.18,"ตันรวม":82.62,"รหัสแปลง":"321017061560","กลุ่ม":"กลุ่ม_71"},"geometry":{"type":"MultiPolygon","coordinates":[[[[1026896.3964,1608305.398299999535084],[1026974.504599999636412,1608295.635900000110269],[1027090.403400000184774,1608269.820699999108911],[1027089.254800000227988,1608203.772299999371171],[1027023.372899999842048,1608211.75139999948442],[1026887.277099999599159,1608229.619799999520183],[1026896.3964,1608305.398299999535084]]]]}},
{"type":"Feature","properties":{"รหัสกลุ่มคิว":"71/001","รหัสรับเหมา":"733638","ชื่อ-สกุล รับเหมา":"นาย สิทธิชัย ธรรมสุข","นักเกษตร":"7104","ศูนย์":"K2-71","โควตา":"733259","ชาวไร่":"นาย สิริชัย มีเหมาะ","ประเภทอ้อย":"ตอ1","พื้นที่":6.46,"ตันรวม":58.14,"รหัสแปลง":"321017061573","กลุ่ม":"กลุ่ม_71"},"geometry":{"type":"MultiPolygon","coordinates":[[[[1027330.120699999853969,1605912.261499999091029],[1027281.815999999642372,1605893.238199999555945],[1027248.389000000432134,1605882.757500000298023],[1027234.046400000341237,1605918.5055],[1027203.032999999821186,1605959.218699999153614],[1027187.542399999685585,1605993.063999999314547],[1027281.75829999987036,1606009.026799999177456],[1027330.120699999853969,1605912.261499999091029]]]]}},
{"type":"Feature","properties":{"รหัสกลุ่มคิว":"71/001","รหัสรับเหมา":"733638","ชื่อ-สกุล รับเหมา":"นาย สิทธิชัย ธรรมสุข","นักเกษตร":"7104","ศูนย์":"K2-71","โควตา":"733609","ชาวไร่":"นาง แอด สามารถ","ประเภทอ้อย":"ตอ2","พื้นที่":5.41,"ตันรวม":43.28,"รหัสแปลง":"321017061591","กลุ่ม":"กลุ่ม_71"},"geometry":{"type":"MultiPolygon","coordinates":[[[[1025225.64130000025034,1606603.336899999529123],[1025223.871500000357628,1606520.24269999936223],[1025208.911399999633431,1606522.583699999377131],[1025129.221199999563396,1606514.590299999341369],[1025127.0,1606613.803400000557303],[1025225.64130000025034,1606603.336899999529123]]]]}},
{"type":"Feature","properties":{"รหัสกลุ่มคิว":"71/001","รหัสรับเหมา":"733638","ชื่อ-สกุล รับเหมา":"นาย สิทธิชัย ธรรมสุข","นักเกษตร":"7104","ศูนย์":"K2-71","โควตา":"733499","ชาวไร่":"นางสาว พรหมพร ยิ่งหาญ","ประเภทอ้อย":"ตอ1","พื้นที่":0.6,"ตันรวม":5.4,"รหัสแปลง":"321017070103","กลุ่ม":"กลุ่ม_71"},"geometry":{"type":"MultiPolygon","coordinates":[[[[1026963.2358,1609871.260500000789762],[1026943.135900000110269,1609808.29700000025332],[1026928.836199999786913,1609811.135900000110269],[1026949.4528,1609875.220499999821186],[1026963.2358,1609871.260500000789762]]]]}},
{"type":"Feature","properties":{"รหัสกลุ่มคิว":"71/001","รหัสรับเหมา":"733638","ชื่อ-สกุล รับเหมา":"นาย สิทธิชัย ธรรมสุข","นักเกษตร":"7104","ศูนย์":"K2-71","โควตา":"733855","ชาวไร่":"นาย อ้อม บุญเกื้อ","ประเภทอ้อย":"ตอ4","พื้นที่":9.34,"ตันรวม":65.38,"รหัสแปลง":"321017070118","กลุ่ม":"กลุ่ม_71"},"geometry":{"type":"MultiPolygon","coordinates":[[[[1025663.6107,1609355.255100000649691],[1025528.8196,1609362.7676],[1025528.496799999848008,1609389.023],[1025525.08490000013262,1609450.152799999341369],[1025537.166600000113249,1609454.052799999713898],[1025550.3991,1609458.853199999779463],[1025594.843299999833107,1609484.336300000548363],[1025642.634100000374019,1609498.191299999132752],[1025663.6107,1609355.255100000649691]]]]}},
{"type":"Feature","properties":{"รหัสกลุ่มคิว":"71/001","รหัสรับเหมา":"733638","ชื่อ-สกุล รับเหมา":"นาย สิทธิชัย ธรรมสุข","นักเกษตร":"7104","ศูนย์":"K2-71","โควตา":"733474","ชาวไร่":"นาง สังวาล สมสุข","ประเภทอ้อย":"ตอ2","พื้นที่":6.53,"ตันรวม":52.24,"รหัสแปลง":"321017070142","กลุ่ม":"กลุ่ม_71"},"geometry":{"type":"MultiPolygon","coordinates":[[[[1025707.785299999639392,1608643.901200000196695],[1025711.860100000165403,1608680.989299999549985],[1025816.6146,1608671.015799999237061],[1025857.507500000298023,1608672.074100000783801],[1025857.915699999779463,1608644.5168999992311],[1025859.63399999961257,1608606.25730000063777],[1025780.421699999831617,1608601.790699999779463],[1025744.654799999669194,1608605.467199999839067],[1025710.721099999733269,1608607.7028],[1025709.0795,1608633.938500000163913],[1025707.785299999639392,1608643.901200000196695]]]]}},
{"type":"Feature","properties":{"รหัสกลุ่มคิว":"71/001","รหัสรับเหมา":"733638","ชื่อ-สกุล รับเหมา":"นาย สิทธิชัย ธรรมสุข","นักเกษตร":"7104","ศูนย์":"K2-71","โควตา":"733709","ชาวไร่":"นาย จักรพันธ์ วันไทย","ประเภทอ้อย":"ตอ2","พื้นที่":5.7,"ตันรวม":45.6,"รหัสแปลง":"321017070170","กลุ่ม":"กลุ่ม_71"},"geometry":{"type":"MultiPolygon","coordinates":[[[[1026948.598899999633431,1610038.392799999564886],[1026975.226599999703467,1610183.6403],[1027037.090699999593198,1610181.635500000789762],[1027016.4397,1610068.707399999722838],[1027006.943400000222027,1610032.427200000733137],[1026948.598899999633431,1610038.392799999564886]]]]}},
{"type":"Feature","properties":{"รหัสกลุ่มคิว":"71/001","รหัสรับเหมา":"733638","ชื่อ-สกุล รับเหมา":"นาย สิทธิชัย ธรรมสุข","นักเกษตร":"7104","ศูนย์":"K2-71","โควตา":"733638","ชาวไร่":"นาย สิทธิชัย ธรรมสุข","ประเภทอ้อย":"ปลายฝน","พื้นที่":13.38,"ตันรวม":173.94,"รหัสแปลง":"321017070206","กลุ่ม":"กลุ่ม_71"},"geometry":{"type":"MultiPolygon","coordinates":[[[[1026624.8026,1609329.710699999704957],[1026506.399000000208616,1609345.863399999216199],[1026524.52309999987483,1609534.959100000560284],[1026630.974100000225008,1609513.000800000503659],[1026620.050599999725819,1609425.443299999460578],[1026640.6639,1609422.369200000539422],[1026624.8026,1609329.710699999704957]]]]}},
{"type":"Feature","properties":{"รหัสกลุ่มคิว":"71/001","รหัสรับเหมา":"733638","ชื่อ-สกุล รับเหมา":"นาย สิทธิชัย ธรรมสุข","นักเกษตร":"7104","ศูนย์":"K2-71","โควตา":"733745","ชาวไร่":"นาง อำไพ สุขล้วน","ประเภทอ้อย":"ปลายฝน","พื้นที่":13.72,"ตันรวม":178.36,"รหัสแปลง":"321017071505","กลุ่ม":"กลุ่ม_71"},"geometry":{"type":"MultiPolygon","coordinates":[[[[1027819.893400000408292,1609645.408399999141693],[1027860.627899999730289,1609779.860400000587106],[1027888.077100000344217,1609785.814600000157952],[1027922.2517,1609789.138000000268221],[1027999.1113,1609768.7708],[1027955.27419999986887,1609610.940300000831485],[1027898.128499999642372,1609625.489700000733137],[1027900.6628,1609636.040300000458956],[1027895.566800000146031,1609638.336200000718236],[1027893.1096,1609626.7675],[1027819.893400000408292,1609645.408399999141693]]]]}},
{"type":"Feature","properties":{"รหัสกลุ่มคิว":"71/001","รหัสรับเหมา":"733638","ชื่อ-สกุล รับเหมา":"นาย สิทธิชัย ธรรมสุข","นักเกษตร":"7104","ศูนย์":"K2-71","โควตา":"730045","ชาวไร่":"จ.ส.ต. ถาวร สุบิน","ประเภทอ้อย":"ตอ2","พื้นที่":10.66,"ตันรวม":85.28,"รหัสแปลง":"321017071508","กลุ่ม":"กลุ่ม_71"},"geometry":{"type":"MultiPolygon","coordinates":[[[[1025985.5938,1610257.3344],[1026012.80460000038147,1610248.052400000393391],[1026035.234899999573827,1610243.151699999347329],[1026059.065999999642372,1610228.8279],[1026103.149600000120699,1610201.615599999204278],[1026090.511800000444055,1610097.273399999365211],[1026088.911000000312924,1610101.032199999317527],[1026067.5652,1610095.970200000330806],[1026065.8311,1610094.124800000339746],[1026063.230700000189245,1610093.299900000914931],[1026058.61809999961406,1610093.4167],[1026049.410500000230968,1610093.490599999204278],[1026042.3668,1610093.465399999171495],[1026034.559500000439584,1610093.392799999564886],[1026023.122000000439584,1610091.89949999935925],[1026010.556800000369549,1610091.308900000527501],[1025970.543100000359118,1610087.998999999836087],[1025985.5938,1610257.3344]]]]}},
{"type":"Feature","properties":{"รหัสกลุ่มคิว":"71/001","รหัสรับเหมา":"733638","ชื่อ-สกุล รับเหมา":"นาย สิทธิชัย ธรรมสุข","นักเกษตร":"7104","ศูนย์":"K2-71","โควตา":"733797","ชาวไร่":"นาย ชาติ ปุ่มแม่น","ประเภทอ้อย":"ปลายฝน","พื้นที่":12.65,"ตันรวม":164.45,"รหัสแปลง":"321017071512","กลุ่ม":"กลุ่ม_71"},"geometry":{"type":"MultiPolygon","coordinates":[[[[1026420.4199,1608952.2445],[1026440.179100000299513,1608706.798599999397993],[1026364.224000000394881,1608716.46169999986887],[1026351.947300000116229,1608818.341099999845028],[1026341.432099999859929,1608852.032500000670552],[1026338.917500000447035,1608863.828500000759959],[1026322.9611,1608956.271500000730157],[1026348.00870000012219,1608950.713999999687076],[1026420.4199,1608952.2445]]]]}},
{"type":"Feature","properties":{"รหัสกลุ่มคิว":"71/001","รหัสรับเหมา":"733638","ชื่อ-สกุล รับเหมา":"นาย สิทธิชัย ธรรมสุข","นักเกษตร":"7104","ศูนย์":"K2-71","โควตา":"733372","ชาวไร่":"นาย บุญ มณฑล","ประเภทอ้อย":"ตอ1","พื้นที่":8.76,"ตันรวม":78.84,"รหัสแปลง":"321017071516","กลุ่ม":"กลุ่ม_71"},"geometry":{"type":"MultiPolygon","coordinates":[[[[1026725.9863,1608492.4934],[1026616.707999999634922,1608452.599600000306964],[1026600.9578,1608573.812999999150634],[1026605.329699999652803,1608588.522099999710917],[1026701.090599999763072,1608611.476099999621511],[1026725.9863,1608492.4934]]]]}},
{"type":"Feature","properties":{"รหัสกลุ่มคิว":"71/001","รหัสรับเหมา":"733638","ชื่อ-สกุล รับเหมา":"นาย สิทธิชัย ธรรมสุข","นักเกษตร":"7104","ศูนย์":"K2-71","โควตา":"733474","ชาวไร่":"นาง สังวาล สมสุข","ประเภทอ้อย":"ปลายฝน","พื้นที่":6.49,"ตันรวม":84.37,"รหัสแปลง":"321017071519","กลุ่ม":"กลุ่ม_71"},"geometry":{"type":"MultiPolygon","coordinates":[[[[1025632.2352,1608450.99269999936223],[1025595.339599999599159,1608482.211100000888109],[1025562.755900000222027,1608497.113900000229478],[1025566.476300000213087,1608618.564500000327826],[1025638.386400000192225,1608627.249199999496341],[1025632.2352,1608450.99269999936223]]]]}},
{"type":"Feature","properties":{"รหัสกลุ่มคิว":"71/001","รหัสรับเหมา":"733638","ชื่อ-สกุล รับเหมา":"นาย สิทธิชัย ธรรมสุข","นักเกษตร":"7104","ศูนย์":"K2-71","โควตา":"733260","ชาวไร่":"นาย สวัสดิ์ ปุ่มแม่น","ประเภทอ้อย":"ปลายฝน","พื้นที่":8.18,"ตันรวม":106.34,"รหัสแปลง":"321017071536","กลุ่ม":"กลุ่ม_71"},"geometry":{"type":"MultiPolygon","coordinates":[[[[1025799.205900000408292,1611054.262599999085069],[1025802.44649999961257,1610970.153999999165535],[1025669.071899999864399,1610927.070499999448657],[1025654.396300000138581,1610953.605900000780821],[1025660.674100000411272,1610958.612199999392033],[1025679.440499999560416,1611016.550300000235438],[1025685.151999999769032,1611027.587799999862909],[1025691.04590000025928,1611046.9543999992311],[1025799.205900000408292,1611054.262599999085069]]]]}},
{"type":"Feature","properties":{"รหัสกลุ่มคิว":"71/001","รหัสรับเหมา":"733638","ชื่อ-สกุล รับเหมา":"นาย สิทธิชัย ธรรมสุข","นักเกษตร":"7104","ศูนย์":"K2-71","โควตา":"733260","ชาวไร่":"นาย สวัสดิ์ ปุ่มแม่น","ประเภทอ้อย":"ตอ2","พื้นที่":6.62,"ตันรวม":52.96,"รหัสแปลง":"321017071542","กลุ่ม":"กลุ่ม_71"},"geometry":{"type":"MultiPolygon","coordinates":[[[[1023460.542700000107288,1609948.745200000703335],[1023548.838399999774992,1609873.2939],[1023624.705299999564886,1609865.2884],[1023621.540900000371039,1609827.665999999269843],[1023433.204900000244379,1609852.888499999418855],[1023442.710699999704957,1609922.835799999535084],[1023460.542700000107288,1609948.745200000703335]]]]}},
{"type":"Feature","properties":{"รหัสกลุ่มคิว":"71/001","รหัสรับเหมา":"733638","ชื่อ-สกุล รับเหมา":"นาย สิทธิชัย ธรรมสุข","นักเกษตร":"7104","ศูนย์":"K2-71","โควตา":"733916","ชาวไร่":"นางสาว จินตรา สามกุล","ประเภทอ้อย":"ตอ1","พื้นที่":2.05,"ตันรวม":18.45,"รหัสแปลง":"321017121514","กลุ่ม":"กลุ่ม_71"},"geometry":{"type":"MultiPolygon","coordinates":[[[[1021356.931599999777973,1606656.722899999469519],[1021379.230200000107288,1606642.37639999948442],[1021350.997499999590218,1606581.286299999803305],[1021338.4244,1606547.878000000491738],[1021301.706000000238419,1606549.912100000306964],[1021356.931599999777973,1606656.722899999469519]]]]}},
{"type":"Feature","properties":{"รหัสกลุ่มคิว":"71/001","รหัสรับเหมา":"733638","ชื่อ-สกุล รับเหมา":"นาย สิทธิชัย ธรรมสุข","นักเกษตร":"7104","ศูนย์":"K2-71","โควตา":"771120","ชาวไร่":"นางสาว อุไรวรรณ์ แก้วสว่าง","ประเภทอ้อย":"ตอ1","พื้นที่":10.99,"ตันรวม":98.91,"รหัสแปลง":"321305040017","กลุ่ม":"กลุ่ม_71"},"geometry":{"type":"MultiPolygon","coordinates":[[[[1028370.100700000301003,1605765.4831000007689],[1028386.153699999675155,1605758.787599999457598],[1028381.984199999831617,1605731.313200000673532],[1028394.53969999961555,1605729.448599999770522],[1028394.14130000025034,1605739.262000000104308],[1028403.606599999591708,1605741.893500000238419],[1028407.174499999731779,1605745.649900000542402],[1028406.941999999806285,1605750.116900000721216],[1028408.4814,1605749.4748],[1028433.35219999961555,1605736.774800000712276],[1028450.550200000405312,1605727.5143],[1028465.366899999789894,1605723.5456000007689],[1028491.560700000263751,1605727.249800000339746],[1028529.8876,1605728.758300000801682],[1028532.2127,1605670.714199999347329],[1028451.7966,1605620.888499999418855],[1028432.268699999898672,1605606.77930000051856],[1028398.1711,1605599.573599999770522],[1028399.937300000339746,1605618.112600000575185],[1028362.8399,1605624.718599999323487],[1028370.100700000301003,1605765.4831000007689]]]]}},
{"type":"Feature","properties":{"รหัสกลุ่มคิว":"71/001","รหัสรับเหมา":"733638","ชื่อ-สกุล รับเหมา":"นาย สิทธิชัย ธรรมสุข","นักเกษตร":"7104","ศูนย์":"K2-71","โควตา":"771120","ชาวไร่":"นางสาว อุไรวรรณ์ แก้วสว่าง","ประเภทอ้อย":"ปลายฝน","พื้นที่":10.89,"ตันรวม":141.57,"รหัสแปลง":"321305040202","กลุ่ม":"กลุ่ม_71"},"geometry":{"type":"MultiPolygon","coordinates":[[[[1028280.611999999731779,1605781.7972999997437],[1028272.7555,1605522.22690000012517],[1028203.164099999703467,1605520.297399999573827],[1028219.5131,1605794.36710000038147],[1028235.829599999822676,1605788.3969],[1028280.611999999731779,1605781.7972999997437]]]]}},
{"type":"Feature","properties":{"รหัสกลุ่มคิว":"71/002","รหัสรับเหมา":"738889","ชื่อ-สกุล รับเหมา":"รถตัดโรงงานเบอร์ 24","นักเกษตร":"7101","ศูนย์":"K2-71","โควตา":"773259","ชาวไร่":"นาย สุเทพ ปานทอง","ประเภทอ้อย":"ตอ2","พื้นที่":4.06,"ตันรวม":32.48,"รหัสแปลง":"321301030066","กลุ่ม":"กลุ่ม_71"},"geometry":{"type":"MultiPolygon","coordinates":[[[[1030642.428899999707937,1614931.448599999770522],[1030643.825400000438094,1614952.557700000703335],[1030679.608799999579787,1614950.968599999323487],[1030791.677699999883771,1614950.489900000393391],[1030774.939600000157952,1614917.618899999186397],[1030743.911000000312924,1614856.680099999532104],[1030710.0757,1614864.076199999079108],[1030723.627299999818206,1614891.35869999974966],[1030741.088100000284612,1614923.616900000721216],[1030639.2061,1614919.230900000780821],[1030642.428899999707937,1614931.448599999770522]]]]}},
{"type":"Feature","properties":{"รหัสกลุ่มคิว":"71/002","รหัสรับเหมา":"738889","ชื่อ-สกุล รับเหมา":"รถตัดโรงงานเบอร์ 24","นักเกษตร":"7101","ศูนย์":"K2-71","โควตา":"773715","ชาวไร่":"นาง เพชรลดา มณีตา","ประเภทอ้อย":"ปลายฝน","พื้นที่":15.44,"ตันรวม":200.72,"รหัสแปลง":"321301081505","กลุ่ม":"กลุ่ม_71"},"geometry":{"type":"MultiPolygon","coordinates":[[[[1037097.2336,1609894.45890000090003],[1037098.279199999757111,1609885.703299999237061],[1037088.174499999731779,1609886.316500000655651],[1037069.9386,1609899.2621],[1037065.330199999734759,1609895.333499999716878],[1037065.2867,1609884.148299999535084],[1037063.411100000143051,1609885.735999999567866],[1037057.995000000111759,1609890.174100000411272],[1037051.318900000303984,1609893.465600000694394],[1037050.324799999594688,1609909.329900000244379],[1037052.510200000368059,1609912.822599999606609],[1037051.756099999882281,1609914.320499999448657],[1037051.048499999567866,1609916.561000000685453],[1037049.050800000317395,1609918.887700000777841],[1037045.2357,1609918.792099999263883],[1037042.294200000353158,1610043.460799999535084],[1037047.9857,1610070.157299999147654],[1037082.777499999850988,1610063.149800000712276],[1037099.108900000341237,1610060.650800000876188],[1037113.291899999603629,1610057.966199999675155],[1037122.517,1610060.183800000697374],[1037131.373800000175834,1610057.771500000730157],[1037136.261800000444055,1610056.9145],[1037143.488800000399351,1610055.3892],[1037150.448200000450015,1610048.9243],[1037153.099100000225008,1610037.433700000867248],[1037159.2275,1610033.269899999722838],[1037165.924599999561906,1610019.552899999544024],[1037171.313900000415742,1610009.110200000926852],[1037175.066800000146031,1610002.67850000038743],[1037184.566200000233948,1609992.978399999439716],[1037187.2401,1609987.371300000697374],[1037192.997999999672174,1609983.330399999395013],[1037200.754700000397861,1609976.421],[1037206.506199999712408,1609967.2752],[1037211.2785,1609958.539899999275804],[1037216.49239999987185,1609951.727099999785423],[1037217.915699999779463,1609921.114099999889731],[1037218.2528,1609904.037499999627471],[1037188.473299999721348,1609894.478499999269843],[1037113.505400000140071,1609887.049799999222159],[1037111.748700000345707,1609897.229299999773502],[1037097.2336,1609894.45890000090003]]]]}},
{"type":"Feature","properties":{"รหัสกลุ่มคิว":"71/002","รหัสรับเหมา":"738889","ชื่อ-สกุล รับเหมา":"รถตัดโรงงานเบอร์ 24","นักเกษตร":"7101","ศูนย์":"K2-71","โควตา":"770881","ชาวไร่":"นาง ช่วย จงหาญ","ประเภทอ้อย":"ตอ1","พื้นที่":7.96,"ตันรวม":71.64,"รหัสแปลง":"321301081522","กลุ่ม":"กลุ่ม_71"},"geometry":{"type":"MultiPolygon","coordinates":[[[[1036494.834499999880791,1609826.0822],[1036511.901700000278652,1609983.632400000467896],[1036593.630099999718368,1609981.113700000569224],[1036576.61629999987781,1609830.708599999547005],[1036546.267099999822676,1609832.2895],[1036542.53870000038296,1609820.342299999669194],[1036494.834499999880791,1609826.0822]]]]}},
{"type":"Feature","properties":{"รหัสกลุ่มคิว":"71/002","รหัสรับเหมา":"738889","ชื่อ-สกุล รับเหมา":"รถตัดโรงงานเบอร์ 24","นักเกษตร":"7101","ศูนย์":"K2-71","โควตา":"773715","ชาวไร่":"นาง เพชรลดา มณีตา","ประเภทอ้อย":"ปลายฝน","พื้นที่":7.08,"ตันรวม":92.04,"รหัสแปลง":"321301081545","กลุ่ม":"กลุ่ม_71"},"geometry":{"type":"MultiPolygon","coordinates":[[[[1037044.563299999572337,1609889.902499999850988],[1036970.098000000230968,1609896.908299999311566],[1036973.143799999728799,1609920.60190000012517],[1036999.459599999710917,1610054.86629999987781],[1037008.409400000236928,1610098.38880000077188],[1037015.381699999794364,1610096.693800000473857],[1037021.813400000333786,1610092.767699999734759],[1037035.261900000274181,1610087.603399999439716],[1037050.42850000038743,1610085.542899999767542],[1037048.006400000303984,1610075.230499999597669],[1037043.655799999833107,1610054.006999999284744],[1037044.563299999572337,1609889.902499999850988]]]]}},
{"type":"Feature","properties":{"รหัสกลุ่มคิว":"71/002","รหัสรับเหมา":"738889","ชื่อ-สกุล รับเหมา":"รถตัดโรงงานเบอร์ 24","นักเกษตร":"7101","ศูนย์":"K2-71","โควตา":"770834","ชาวไร่":"น.ส. จี๋ว จันทร์แสน","ประเภทอ้อย":"ปลายฝน","พื้นที่":6.31,"ตันรวม":82.03,"รหัสแปลง":"321301090133","กลุ่ม":"กลุ่ม_71"},"geometry":{"type":"MultiPolygon","coordinates":[[[[1036287.802000000141561,1610141.764000000432134],[1036285.171400000341237,1610163.602],[1036283.691499999724329,1610226.57909999974072],[1036377.331600000150502,1610220.76490000076592],[1036404.123100000433624,1610218.4847],[1036408.2478,1610216.817199999466538],[1036406.968000000342727,1610206.758600000292063],[1036411.434299999848008,1610189.378100000321865],[1036408.954800000414252,1610178.48960000090301],[1036402.027300000190735,1610158.452600000426173],[1036395.843500000424683,1610136.248099999502301],[1036287.802000000141561,1610141.764000000432134]]]]}},
{"type":"Feature","properties":{"รหัสกลุ่มคิว":"71/002","รหัสรับเหมา":"738889","ชื่อ-สกุล รับเหมา":"รถตัดโรงงานเบอร์ 24","นักเกษตร":"7101","ศูนย์":"K2-71","โควตา":"770911","ชาวไร่":"นาง สม ม่วงละออ","ประเภทอ้อย":"ปลายฝน","พื้นที่":9.31,"ตันรวม":121.03,"รหัสแปลง":"321301090134","กลุ่ม":"กลุ่ม_71"},"geometry":{"type":"MultiPolygon","coordinates":[[[[1036540.3624,1611222.659],[1036354.466699999757111,1611241.093100000172853],[1036357.17960000038147,1611280.729900000616908],[1036358.2807,1611288.107899999246001],[1036359.6217,1611292.772199999541044],[1036363.618700000457466,1611297.893100000917912],[1036367.097699999809265,1611303.255799999460578],[1036369.161799999885261,1611304.670800000429153],[1036371.823599999770522,1611305.404999999329448],[1036377.439899999648333,1611306.44789999909699],[1036397.956399999558926,1611312.837400000542402],[1036558.705500000156462,1611305.588600000366569],[1036540.3624,1611222.659]]]]}},
{"type":"Feature","properties":{"รหัสกลุ่มคิว":"71/002","รหัสรับเหมา":"738889","ชื่อ-สกุล รับเหมา":"รถตัดโรงงานเบอร์ 24","นักเกษตร":"7101","ศูนย์":"K2-71","โควตา":"770834","ชาวไร่":"น.ส. จี๋ว จันทร์แสน","ประเภทอ้อย":"ตอ1","พื้นที่":7.45,"ตันรวม":67.05,"รหัสแปลง":"321301090159","กลุ่ม":"กลุ่ม_71"},"geometry":{"type":"MultiPolygon","coordinates":[[[[1036662.479000000283122,1609974.921],[1036643.320299999788404,1609814.795],[1036605.176400000229478,1609804.286000000312924],[1036572.11629999987781,1609826.389599999412894],[1036591.441399999894202,1609980.182600000873208],[1036662.479000000283122,1609974.921]]]]}},
{"type":"Feature","properties":{"รหัสกลุ่มคิว":"71/002","รหัสรับเหมา":"738889","ชื่อ-สกุล รับเหมา":"รถตัดโรงงานเบอร์ 24","นักเกษตร":"7101","ศูนย์":"K2-71","โควตา":"770278","ชาวไร่":"นาย สนิ เสียงสนั่น","ประเภทอ้อย":"ปลายฝน","พื้นที่":4.23,"ตันรวม":54.99,"รหัสแปลง":"321301110184","กลุ่ม":"กลุ่ม_71"},"geometry":{"type":"MultiPolygon","coordinates":[[[[1028613.096199999563396,1610686.691299999132752],[1028589.816599999554455,1610580.424599999561906],[1028556.596599999815226,1610580.810699999332428],[1028554.341300000436604,1610563.880200000479817],[1028527.327399999834597,1610562.361600000411272],[1028542.620699999853969,1610675.836200000718236],[1028564.652099999599159,1610673.138299999758601],[1028577.130400000140071,1610678.280799999833107],[1028613.096199999563396,1610686.691299999132752]]]]}},
{"type":"Feature","properties":{"รหัสกลุ่มคิว":"71/002","รหัสรับเหมา":"738889","ชื่อ-สกุล รับเหมา":"รถตัดโรงงานเบอร์ 24","นักเกษตร":"7101","ศูนย์":"K2-71","โควตา":"771302","ชาวไร่":"นาง สำรวย มั่นยืน","ประเภทอ้อย":"ตอ1","พื้นที่":7.35,"ตันรวม":66.15,"รหัสแปลง":"321301120041","กลุ่ม":"กลุ่ม_71"},"geometry":{"type":"MultiPolygon","coordinates":[[[[1031912.425900000147521,1614556.582900000736117],[1031982.744400000199676,1614547.301699999719858],[1031965.732900000177324,1614417.601800000295043],[1031958.2023,1614417.115599999204278],[1031943.442900000140071,1614397.24100000038743],[1031877.10219999961555,1614405.83809999935329],[1031888.045300000347197,1614451.660800000652671],[1031903.9359,1614517.596699999645352],[1031912.425900000147521,1614556.582900000736117]]]]}},
{"type":"Feature","properties":{"รหัสกลุ่มคิว":"71/002","รหัสรับเหมา":"738889","ชื่อ-สกุล รับเหมา":"รถตัดโรงงานเบอร์ 24","นักเกษตร":"7101","ศูนย์":"K2-71","โควตา":"771005","ชาวไร่":"นาย สุรินทร์ สายกระสุน","ประเภทอ้อย":"ปลายฝน","พื้นที่":7.86,"ตันรวม":102.18,"รหัสแปลง":"321301120057","กลุ่ม":"กลุ่ม_71"},"geometry":{"type":"MultiPolygon","coordinates":[[[[1031255.432799999602139,1614079.163200000301003],[1031189.014899999834597,1614108.623800000175834],[1031250.423899999819696,1614260.560399999842048],[1031324.006799999624491,1614241.431399999186397],[1031255.432799999602139,1614079.163200000301003]]]]}},
{"type":"Feature","properties":{"รหัสกลุ่มคิว":"71/002","รหัสรับเหมา":"738889","ชื่อ-สกุล รับเหมา":"รถตัดโรงงานเบอร์ 24","นักเกษตร":"7101","ศูนย์":"K2-71","โควตา":"773586","ชาวไร่":"นาง เปล็ง กระแสโสม","ประเภทอ้อย":"ตอ3","พื้นที่":4.54,"ตันรวม":31.78,"รหัสแปลง":"321301120144","กลุ่ม":"กลุ่ม_71"},"geometry":{"type":"MultiPolygon","coordinates":[[[[1031415.63329999987036,1613905.950099999085069],[1031364.8755,1613815.670099999755621],[1031357.504800000227988,1613825.328400000929832],[1031301.296299999579787,1613838.557600000873208],[1031353.72829999960959,1613939.968299999833107],[1031415.63329999987036,1613905.950099999085069]]]]}},
{"type":"Feature","properties":{"รหัสกลุ่มคิว":"71/002","รหัสรับเหมา":"738889","ชื่อ-สกุล รับเหมา":"รถตัดโรงงานเบอร์ 24","นักเกษตร":"7101","ศูนย์":"K2-71","โควตา":"771302","ชาวไร่":"นาง สำรวย มั่นยืน","ประเภทอ้อย":"ตอ2","พื้นที่":7.27,"ตันรวม":58.16,"รหัสแปลง":"321301120209","กลุ่ม":"กลุ่ม_71"},"geometry":{"type":"MultiPolygon","coordinates":[[[[1031878.549700000323355,1614406.376599999144673],[1031833.64809999987483,1614416.466900000348687],[1031828.951999999582767,1614419.4543999992311],[1031825.650500000454485,1614418.726800000295043],[1031799.795599999837577,1614423.60050000064075],[1031793.511900000274181,1614427.069900000467896],[1031808.880300000309944,1614501.220000000670552],[1031834.410699999891222,1614522.598200000822544],[1031857.634700000286102,1614557.549000000581145],[1031908.43790000025183,1614557.003499999642372],[1031905.741899999789894,1614541.312599999830127],[1031906.473899999633431,1614521.345799999311566],[1031878.549700000323355,1614406.376599999144673]]]]}},
{"type":"Feature","properties":{"รหัสกลุ่มคิว":"71/002","รหัสรับเหมา":"738889","ชื่อ-สกุล รับเหมา":"รถตัดโรงงานเบอร์ 24","นักเกษตร":"7101","ศูนย์":"K2-71","โควตา":"773482","ชาวไร่":"นาง วิภาวดี แก้วมี","ประเภทอ้อย":"ตอ1","พื้นที่":6.24,"ตันรวม":56.16,"รหัสแปลง":"321301121529","กลุ่ม":"กลุ่ม_71"},"geometry":{"type":"MultiPolygon","coordinates":[[[[1030962.348000000230968,1613898.160499999299645],[1030973.892699999734759,1613897.670199999585748],[1030979.989299999549985,1613899.097300000488758],[1031011.0406,1613888.297900000587106],[1030929.580900000408292,1613705.0307],[1030880.231599999591708,1613720.244999999180436],[1030962.348000000230968,1613898.160499999299645]]]]}},
{"type":"Feature","properties":{"รหัสกลุ่มคิว":"71/002","รหัสรับเหมา":"738889","ชื่อ-สกุล รับเหมา":"รถตัดโรงงานเบอร์ 24","นักเกษตร":"7101","ศูนย์":"K2-71","โควตา":"771279","ชาวไร่":"นาง เท็ก นาคเจือ","ประเภทอ้อย":"ตอ1","พื้นที่":4.62,"ตันรวม":41.58,"รหัสแปลง":"321301121540","กลุ่ม":"กลุ่ม_71"},"geometry":{"type":"MultiPolygon","coordinates":[[[[1032725.121500000357628,1614760.122500000521541],[1032684.855899999849498,1614754.483200000599027],[1032664.158599999733269,1614921.817099999636412],[1032699.056800000369549,1614959.09569999948144],[1032725.121500000357628,1614760.122500000521541]]]]}},
{"type":"Feature","properties":{"รหัสกลุ่มคิว":"71/002","รหัสรับเหมา":"738889","ชื่อ-สกุล รับเหมา":"รถตัดโรงงานเบอร์ 24","นักเกษตร":"7101","ศูนย์":"K2-71","โควตา":"770153","ชาวไร่":"นาย สมบัติ แสนดี","ประเภทอ้อย":"ปลายฝน","พื้นที่":5.77,"ตันรวม":75.01,"รหัสแปลง":"321301121566","กลุ่ม":"กลุ่ม_71"},"geometry":{"type":"MultiPolygon","coordinates":[[[[1032516.5444,1614433.267400000244379],[1032485.388500000350177,1614436.3969],[1032487.64850000012666,1614445.020600000396371],[1032483.583100000396371,1614446.50029999949038],[1032483.4556,1614469.909199999645352],[1032465.173499999567866,1614472.043400000780821],[1032466.848899999633431,1614485.469900000840425],[1032470.491399999707937,1614486.353800000622869],[1032472.886099999770522,1614492.1097999997437],[1032471.738300000317395,1614494.0483],[1032466.1393,1614496.4485],[1032468.171500000171363,1614531.014599999412894],[1032454.7182,1614533.244300000369549],[1032458.8805,1614604.965500000864267],[1032525.224499999545515,1614604.158500000834465],[1032516.5444,1614433.267400000244379]]]]}},
{"type":"Feature","properties":{"รหัสกลุ่มคิว":"71/002","รหัสรับเหมา":"738889","ชื่อ-สกุล รับเหมา":"รถตัดโรงงานเบอร์ 24","นักเกษตร":"7101","ศูนย์":"K2-71","โควตา":"770153","ชาวไร่":"นาย สมบัติ แสนดี","ประเภทอ้อย":"ปลายฝน","พื้นที่":2.4,"ตันรวม":31.2,"รหัสแปลง":"321301121583","กลุ่ม":"กลุ่ม_71"},"geometry":{"type":"MultiPolygon","coordinates":[[[[1032464.2023,1614601.968499999493361],[1032459.544300000183284,1614533.408299999311566],[1032435.592400000430644,1614534.002900000661612],[1032436.675499999895692,1614538.547399999573827],[1032408.2736,1614555.526900000870228],[1032402.249800000339746,1614572.0756],[1032388.91399999987334,1614606.056900000199676],[1032464.2023,1614601.968499999493361]]]]}},
{"type":"Feature","properties":{"รหัสกลุ่มคิว":"71/002","รหัสรับเหมา":"738889","ชื่อ-สกุล รับเหมา":"รถตัดโรงงานเบอร์ 24","นักเกษตร":"7101","ศูนย์":"K2-71","โควตา":"773336","ชาวไร่":"นาย จิรโรจน์ ดวงใจ","ประเภทอ้อย":"ปลายฝน","พื้นที่":8.75,"ตันรวม":113.75,"รหัสแปลง":"321304011517","กลุ่ม":"กลุ่ม_71"},"geometry":{"type":"MultiPolygon","coordinates":[[[[1037245.7522,1619193.850400000810623],[1037228.585799999535084,1619309.387499999254942],[1037382.949900000356138,1619289.713899999856949],[1037382.826100000180304,1619280.294299999251962],[1037373.8169,1619276.635700000450015],[1037364.2862,1619278.060599999502301],[1037362.3915,1619272.078099999576807],[1037372.033699999563396,1619268.678400000557303],[1037371.80350000038743,1619259.029899999499321],[1037379.335099999792874,1619257.79869999922812],[1037374.723500000312924,1619198.66440000012517],[1037350.004499999806285,1619200.962400000542402],[1037345.9786,1619202.711300000548363],[1037245.749099999666214,1619194.284499999135733],[1037245.7522,1619193.850400000810623]]]]}},
{"type":"Feature","properties":{"รหัสกลุ่มคิว":"71/002","รหัสรับเหมา":"738889","ชื่อ-สกุล รับเหมา":"รถตัดโรงงานเบอร์ 24","นักเกษตร":"7101","ศูนย์":"K2-71","โควตา":"774164","ชาวไร่":"นาง สุวรรณจิตร ชุ่มมาก","ประเภทอ้อย":"ปลายฝน","พื้นที่":2.29,"ตันรวม":29.77,"รหัสแปลง":"321304011524","กลุ่ม":"กลุ่ม_71"},"geometry":{"type":"MultiPolygon","coordinates":[[[[1038596.8596,1618471.264499999582767],[1038588.484000000171363,1618414.930500000715256],[1038586.797600000165403,1618406.955199999734759],[1038583.7385,1618388.347899999469519],[1038534.134800000116229,1618399.322300000116229],[1038552.4852,1618468.666799999773502],[1038596.8596,1618471.264499999582767]]]]}},
{"type":"Feature","properties":{"รหัสกลุ่มคิว":"71/001","รหัสรับเหมา":"733638","ชื่อ-สกุล รับเหมา":"นาย สิทธิชัย ธรรมสุข","นักเกษตร":"7104","ศูนย์":"K2-71","โควตา":"733736","ชาวไร่":"นาย เป็ด สืบศรี","ประเภทอ้อย":"ปลายฝน","พื้นที่":20.95,"ตันรวม":272.35,"รหัสแปลง":"321305040272","กลุ่ม":"กลุ่ม_71"},"geometry":{"type":"MultiPolygon","coordinates":[[[[1025819.1201,1607844.463199999183416],[1025832.0806,1607651.038799999281764],[1025730.766200000420213,1607626.306099999696016],[1025731.343299999833107,1607717.526100000366569],[1025631.8415,1607726.133500000461936],[1025610.945899999700487,1607801.539799999445677],[1025591.28139999974519,1607819.250800000503659],[1025701.077100000344217,1607851.934299999848008],[1025819.1201,1607844.463199999183416]]]]}},
{"type":"Feature","properties":{"รหัสกลุ่มคิว":"71/001","รหัสรับเหมา":"733638","ชื่อ-สกุล รับเหมา":"นาย สิทธิชัย ธรรมสุข","นักเกษตร":"7104","ศูนย์":"K2-71","โควตา":"770025","ชาวไร่":"นาย จำรูณร์ เกิดเพิ่มดี","ประเภทอ้อย":"ตอ2","พื้นที่":11.12,"ตันรวม":88.96,"รหัสแปลง":"321305040379","กลุ่ม":"กลุ่ม_71"},"geometry":{"type":"MultiPolygon","coordinates":[[[[1027829.340800000354648,1607104.660000000149012],[1027851.275399999693036,1607242.262800000607967],[1027943.5499,1607246.666300000622869],[1027954.753399999812245,1607168.648499999195337],[1027961.18790000025183,1607165.854599999263883],[1027971.57050000037998,1607093.663899999111891],[1027905.74349999986589,1607084.732699999585748],[1027904.224000000394881,1607090.852800000458956],[1027829.340800000354648,1607104.660000000149012]]]]}},
{"type":"Feature","properties":{"รหัสกลุ่มคิว":"71/001","รหัสรับเหมา":"733638","ชื่อ-สกุล รับเหมา":"นาย สิทธิชัย ธรรมสุข","นักเกษตร":"7104","ศูนย์":"K2-71","โควตา":"774133","ชาวไร่":"น.ส. สุนันทา สมุดกลัด","ประเภทอ้อย":"ตอ2","พื้นที่":4.06,"ตันรวม":32.48,"รหัสแปลง":"321305041567","กลุ่ม":"กลุ่ม_71"},"geometry":{"type":"MultiPolygon","coordinates":[[[[1027587.680200000293553,1606802.926100000739098],[1027586.353699999861419,1606711.560799999162555],[1027514.6458,1606717.414100000634789],[1027527.673000000417233,1606821.223099999129772],[1027530.7714,1606824.285399999469519],[1027548.683299999684095,1606813.777899999171495],[1027566.59389999974519,1606807.56900000013411],[1027587.680200000293553,1606802.926100000739098]]]]}},
{"type":"Feature","properties":{"รหัสกลุ่มคิว":"71/001","รหัสรับเหมา":"733638","ชื่อ-สกุล รับเหมา":"นาย สิทธิชัย ธรรมสุข","นักเกษตร":"7104","ศูนย์":"K2-71","โควตา":"770025","ชาวไร่":"นาย จำรูณร์ เกิดเพิ่มดี","ประเภทอ้อย":"ปลายฝน","พื้นที่":11.46,"ตันรวม":148.98,"รหัสแปลง":"321305041579","กลุ่ม":"กลุ่ม_71"},"geometry":{"type":"MultiPolygon","coordinates":[[[[1028512.677400000393391,1605405.604299999773502],[1028350.744099999777973,1605407.457000000402331],[1028347.330799999646842,1605504.679400000721216],[1028352.015599999576807,1605518.005100000649691],[1028355.2314,1605521.28319999948144],[1028505.769000000320375,1605521.9463],[1028506.48369999974966,1605515.9539],[1028506.658699999563396,1605482.279100000858307],[1028512.677400000393391,1605405.604299999773502]]]]}},
{"type":"Feature","properties":{"รหัสกลุ่มคิว":"71/002","รหัสรับเหมา":"738889","ชื่อ-สกุล รับเหมา":"รถตัดโรงงานเบอร์ 24","นักเกษตร":"7101","ศูนย์":"K2-71","โควตา":"770321","ชาวไร่":"นาย สุริยา กล้าแข็ง","ประเภทอ้อย":"ปลายฝน","พื้นที่":10.13,"ตันรวม":131.69,"รหัสแปลง":"321306020158","กลุ่ม":"กลุ่ม_71"},"geometry":{"type":"MultiPolygon","coordinates":[[[[1038066.869699999690056,1612707.421700000762939],[1038082.4622,1612752.606599999591708],[1038084.505599999800324,1612758.507799999788404],[1038105.649500000290573,1612756.29869999922812],[1038130.000900000333786,1612752.169299999251962],[1038158.695899999700487,1612748.573599999770522],[1038170.53969999961555,1612747.122300000861287],[1038207.159099999815226,1612742.717700000852346],[1038207.058500000275671,1612729.6392],[1038218.321899999864399,1612718.59940000064671],[1038213.863300000317395,1612705.306600000709295],[1038210.4457,1612686.854000000283122],[1038205.883500000461936,1612674.584699999541044],[1038201.6447,1612664.435399999842048],[1038200.646800000220537,1612651.19620000012219],[1038190.926699999719858,1612640.121799999848008],[1038178.9172,1612635.167899999767542],[1038157.846800000406802,1612632.879899999126792],[1038126.891800000332296,1612637.053400000557303],[1038082.354100000113249,1612640.495300000533462],[1038048.559399999678135,1612640.410000000149012],[1038052.093999999575317,1612654.1711],[1038066.869699999690056,1612707.421700000762939]]]]}},
{"type":"Feature","properties":{"รหัสกลุ่มคิว":"71/002","รหัสรับเหมา":"738889","ชื่อ-สกุล รับเหมา":"รถตัดโรงงานเบอร์ 24","นักเกษตร":"7101","ศูนย์":"K2-71","โควตา":"773899","ชาวไร่":"นางสาว รจนา ราชรักษ์","ประเภทอ้อย":"ตอ1","พื้นที่":5.89,"ตันรวม":53.01,"รหัสแปลง":"321306051506","กลุ่ม":"กลุ่ม_71"},"geometry":{"type":"MultiPolygon","coordinates":[[[[1037585.9123,1612593.242200000211596],[1037587.43790000025183,1612487.931800000369549],[1037491.7061,1612493.76039999909699],[1037506.9527000002563,1612599.139799999073148],[1037507.721199999563396,1612603.756300000473857],[1037585.9123,1612593.242200000211596]]]]}},
{"type":"Feature","properties":{"รหัสกลุ่มคิว":"71/002","รหัสรับเหมา":"738889","ชื่อ-สกุล รับเหมา":"รถตัดโรงงานเบอร์ 24","นักเกษตร":"7101","ศูนย์":"K2-71","โควตา":"771268","ชาวไร่":"นาง ธีรดา เสาเปรีย","ประเภทอ้อย":"ตอ1","พื้นที่":6.4,"ตันรวม":57.6,"รหัสแปลง":"321306051522","กลุ่ม":"กลุ่ม_71"},"geometry":{"type":"MultiPolygon","coordinates":[[[[1037482.0992,1612219.777000000700355],[1037519.081399999558926,1612216.2423],[1037517.334099999628961,1612139.496500000357628],[1037519.761300000362098,1612122.745200000703335],[1037521.0718,1612085.912599999457598],[1037526.080900000408292,1611993.998099999502301],[1037523.181400000117719,1611938.472300000488758],[1037515.533599999733269,1611941.153300000354648],[1037502.8794,1611952.845599999651313],[1037497.231200000271201,1611955.154799999669194],[1037491.3437,1611956.287399999797344],[1037488.164900000207126,1612007.262900000438094],[1037484.843500000424683,1612006.897199999541044],[1037480.144999999552965,1612139.905799999833107],[1037478.9622,1612142.516699999570847],[1037482.0992,1612219.777000000700355]]]]}},
{"type":"Feature","properties":{"รหัสกลุ่มคิว":"71/002","รหัสรับเหมา":"738889","ชื่อ-สกุล รับเหมา":"รถตัดโรงงานเบอร์ 24","นักเกษตร":"7101","ศูนย์":"K2-71","โควตา":"772561","ชาวไร่":"นาย ณัฐวุฒิ อินทร์ดี","ประเภทอ้อย":"ตอ1","พื้นที่":5.45,"ตันรวม":49.05,"รหัสแปลง":"321306071553","กลุ่ม":"กลุ่ม_71"},"geometry":{"type":"MultiPolygon","coordinates":[[[[1036017.046,1618839.566700000315905],[1035965.480000000447035,1618712.82039999961853],[1035959.017400000244379,1618718.813699999824166],[1035961.579300000332296,1618732.595200000330806],[1035912.71889999974519,1618761.098600000143051],[1035910.844399999827147,1618764.23340000025928],[1035950.501299999654293,1618872.699400000274181],[1036017.046,1618839.566700000315905]]]]}},
{"type":"Feature","properties":{"รหัสกลุ่มคิว":"71/002","รหัสรับเหมา":"738889","ชื่อ-สกุล รับเหมา":"รถตัดโรงงานเบอร์ 24","นักเกษตร":"7101","ศูนย์":"K2-71","โควตา":"732959","ชาวไร่":"นาย จิรวัฒน์ รู้รักษา","ประเภทอ้อย":"ตอ1","พื้นที่":21.12,"ตันรวม":190.08,"รหัสแปลง":"321306090212","กลุ่ม":"กลุ่ม_71"},"geometry":{"type":"MultiPolygon","coordinates":[[[[1036265.702200000174344,1618034.769799999892712],[1036286.496600000187755,1618022.277100000530481],[1036299.105999999679625,1618009.884700000286102],[1036226.0702,1617932.295299999415874],[1036201.794700000435114,1617906.369699999690056],[1036174.551599999889731,1617848.538499999791384],[1036136.864,1617865.872700000181794],[1036144.934500000439584,1617884.175799999386072],[1036095.7516,1617931.125],[1036077.209099999628961,1617943.944700000807643],[1036081.085199999623001,1617946.966199999675155],[1036087.0351,1617955.052899999544024],[1036095.532700000330806,1617970.226800000295043],[1036096.228900000452995,1617971.352299999445677],[1036098.1392,1617982.8662],[1036097.4408,1617990.067299999296665],[1036105.610999999567866,1617987.285700000822544],[1036108.673000000417233,1617987.352800000458956],[1036115.566100000403821,1617985.283299999311566],[1036119.623700000345707,1617989.25789999961853],[1036111.576999999582767,1617994.6327],[1036114.02170000039041,1617998.201899999752641],[1036124.6365,1617998.989499999210238],[1036125.328599999658763,1618000.299900000914931],[1036119.8783,1618010.542400000616908],[1036126.354399999603629,1618011.054400000721216],[1036131.074,1618009.49239999987185],[1036132.514899999834597,1618009.524000000208616],[1036129.396200000308454,1618012.04619999974966],[1036129.187699999660254,1618013.336799999698997],[1036132.885099999606609,1618017.30350000038743],[1036129.594399999827147,1618019.451899999752641],[1036129.574099999852479,1618020.376599999144673],[1036130.189299999736249,1618025.200999999418855],[1036130.980499999597669,1618030.214199999347329],[1036124.293999999761581,1618022.851399999111891],[1036112.485399999655783,1618010.750600000843406],[1036064.861200000159442,1618029.50620000064373],[1036053.566399999894202,1618026.853399999439716],[1036030.432300000451505,1618038.18889999948442],[1036026.819899999536574,1618030.338400000706315],[1036032.096,1618028.048499999567866],[1036032.4117,1618030.090700000524521],[1036049.6524,1618024.5472],[1036044.83600000012666,1618014.079800000414252],[1036049.395600000396371,1618011.589199999347329],[1036052.035299999639392,1618007.204600000753999],[1036078.479600000195205,1618008.340500000864267],[1036078.560600000433624,1618004.64159999974072],[1036070.159900000318885,1618001.496999999508262],[1036067.2983,1618000.509199999272823],[1036060.073300000280142,1618001.276100000366569],[1036057.227900000289083,1617999.548499999567866],[1036074.5011,1617992.525399999693036],[1036068.3185,1617986.838999999687076],[1036058.674999999813735,1617991.068600000813603],[1036054.097299999557436,1617986.157500000670552],[1036023.9123,1617990.307299999520183],[1036020.763399999588728,1617985.982599999755621],[1036026.207399999722838,1617984.25139999948442],[1036024.803899999707937,1617977.416999999433756],[1035993.748200000263751,1617994.888399999588728],[1035993.735600000247359,1618002.623999999836087],[1036006.074099999852479,1618037.799100000411272],[1036017.520700000226498,1618072.32289999909699],[1036032.546299999579787,1618109.848200000822544],[1036049.560700000263751,1618145.225600000470877],[1036078.1436,1618130.640799999237061],[1036067.541000000201166,1618129.2983],[1036066.284199999645352,1618129.085799999535084],[1036058.988599999807775,1618124.855200000107288],[1036057.199500000104308,1618124.260900000110269],[1036048.699799999594688,1618117.413499999791384],[1036047.99959999974817,1618116.472999999299645],[1036052.5713,1618113.4276],[1036052.016900000162423,1618105.829],[1036062.793700000271201,1618099.218800000846386],[1036067.904,1618088.043600000441074],[1036056.05460000038147,1618094.260299999266863],[1036051.159,1618095.633400000631809],[1036045.164900000207126,1618073.1129],[1036044.505199999548495,1618070.323000000789762],[1036049.30379999987781,1618056.9206000007689],[1036056.1261,1618049.853700000792742],[1036067.02419999986887,1618054.163100000470877],[1036067.552500000223517,1618052.36769999936223],[1036092.291400000452995,1618044.169600000604987],[1036095.76410000026226,1618050.1667],[1036103.741899999789894,1618047.936000000685453],[1036106.63190000038594,1618047.629200000315905],[1036121.4704,1618044.808700000867248],[1036124.74280000012368,1618051.726600000634789],[1036127.38370000012219,1618054.560000000521541],[1036128.100200000219047,1618054.760700000450015],[1036145.30449999962002,1618050.881799999624491],[1036140.499900000169873,1618056.327600000426173],[1036144.065499999560416,1618074.539100000634789],[1036155.2994,1618079.966099999845028],[1036157.511300000362098,1618085.935699999332428],[1036159.701100000180304,1618084.688400000333786],[1036160.169499999843538,1618088.163599999621511],[1036265.702200000174344,1618034.769799999892712]]]]}},
{"type":"Feature","properties":{"รหัสกลุ่มคิว":"71/002","รหัสรับเหมา":"738889","ชื่อ-สกุล รับเหมา":"รถตัดโรงงานเบอร์ 24","นักเกษตร":"7101","ศูนย์":"K2-71","โควตา":"773483","ชาวไร่":"นาง ลำดวน เผ่าพันธ์","ประเภทอ้อย":"ปลายฝน","พื้นที่":8.43,"ตันรวม":109.59,"รหัสแปลง":"321301111552","กลุ่ม":"กลุ่ม_71"},"geometry":{"type":"MultiPolygon","coordinates":[[[[1028745.1393,1612428.028100000694394],[1028748.7796,1612427.856699999421835],[1028732.940700000151992,1612352.868100000545382],[1028666.744900000281632,1612372.703700000420213],[1028661.125,1612338.942800000309944],[1028625.213899999856949,1612354.493699999526143],[1028644.057300000451505,1612500.467800000682473],[1028728.164300000295043,1612487.457399999722838],[1028717.011,1612433.1151],[1028745.1393,1612428.028100000694394]]]]}},
{"type":"Feature","properties":{"รหัสกลุ่มคิว":"71/001","รหัสรับเหมา":"733638","ชื่อ-สกุล รับเหมา":"นาย สิทธิชัย ธรรมสุข","นักเกษตร":"7104","ศูนย์":"K2-71","โควตา":"733231","ชาวไร่":"นาง สำเริง เจือบุญ","ประเภทอ้อย":"ปลายฝน","พื้นที่":9.1,"ตันรวม":118.3,"รหัสแปลง":"321011010057","กลุ่ม":"กลุ่ม_71"},"geometry":{"type":"MultiPolygon","coordinates":[[[[1018993.2001,1608227.8136],[1018996.722,1608275.546],[1019001.772599999792874,1608276.337300000712276],[1019000.293200000189245,1608290.759600000455976],[1019004.75760000012815,1608292.377699999138713],[1019006.380699999630451,1608297.257799999788404],[1019061.330400000326335,1608300.26549999974668],[1019063.367700000293553,1608230.4682],[1019066.833700000308454,1608231.0768],[1019064.452499999664724,1608300.424200000241399],[1019074.083100000396371,1608300.963400000706315],[1019075.965599999763072,1608308.977900000289083],[1019062.490600000135601,1608313.441099999472499],[1019059.980499999597669,1608356.446900000795722],[1019057.10080000013113,1608393.025100000202656],[1019049.122499999590218,1608460.025499999523163],[1019095.738800000399351,1608468.714400000870228],[1019109.6321,1608230.018799999728799],[1018993.2001,1608227.8136]]]]}},
{"type":"Feature","properties":{"รหัสกลุ่มคิว":"71/002","รหัสรับเหมา":"738889","ชื่อ-สกุล รับเหมา":"รถตัดโรงงานเบอร์ 24","นักเกษตร":"7101","ศูนย์":"K2-71","โควตา":"773223","ชาวไร่":"นางสาว อมรรัตน์ ศรีพรม","ประเภทอ้อย":"ตอ1","พื้นที่":4.16,"ตันรวม":37.44,"รหัสแปลง":"321301030064","กลุ่ม":"กลุ่ม_71"},"geometry":{"type":"MultiPolygon","coordinates":[[[[1031332.943199999630451,1614045.132400000467896],[1031355.800599999725819,1614029.90059999935329],[1031255.405500000342727,1613822.35359999909997],[1031228.7813,1613836.764000000432134],[1031332.943199999630451,1614045.132400000467896]]]]}},
{"type":"Feature","properties":{"รหัสกลุ่มคิว":"71/002","รหัสรับเหมา":"738889","ชื่อ-สกุล รับเหมา":"รถตัดโรงงานเบอร์ 24","นักเกษตร":"7101","ศูนย์":"K2-71","โควตา":"773223","ชาวไร่":"นางสาว อมรรัตน์ ศรีพรม","ประเภทอ้อย":"ตอ1","พื้นที่":4.55,"ตันรวม":40.95,"รหัสแปลง":"321301030084","กลุ่ม":"กลุ่ม_71"},"geometry":{"type":"MultiPolygon","coordinates":[[[[1031411.1721,1614219.2664],[1031459.60010000038892,1614229.9364],[1031357.75,1614031.422900000587106],[1031329.5247,1614044.873400000855327],[1031411.1721,1614219.2664]]]]}},
{"type":"Feature","properties":{"รหัสกลุ่มคิว":"71/002","รหัสรับเหมา":"738889","ชื่อ-สกุล รับเหมา":"รถตัดโรงงานเบอร์ 24","นักเกษตร":"7101","ศูนย์":"K2-71","โควตา":"770986","ชาวไร่":"นาง บุหงา สุกลมใสย์","ประเภทอ้อย":"ตอ1","พื้นที่":3.43,"ตันรวม":30.87,"รหัสแปลง":"321301060001","กลุ่ม":"กลุ่ม_71"},"geometry":{"type":"MultiPolygon","coordinates":[[[[1038123.4797,1612306.673800000920892],[1038116.530600000172853,1612334.25760000012815],[1038065.439500000327826,1612338.7555],[1037964.661000000312924,1612335.557600000873208],[1037964.183899999596179,1612350.478700000792742],[1037968.889899999834597,1612357.915899999439716],[1037992.060499999672174,1612365.005799999460578],[1037994.758600000292063,1612380.920099999755621],[1038049.290699999779463,1612382.813799999654293],[1038054.9803,1612352.945599999278784],[1038063.312,1612347.572499999776483],[1038065.5159,1612339.533800000324845],[1038116.508399999700487,1612335.353800000622869],[1038186.2599,1612335.75929999910295],[1038189.85010000038892,1612306.79869999922812],[1038123.4797,1612306.673800000920892]]]]}},
{"type":"Feature","properties":{"รหัสกลุ่มคิว":"71/002","รหัสรับเหมา":"738889","ชื่อ-สกุล รับเหมา":"รถตัดโรงงานเบอร์ 24","นักเกษตร":"7101","ศูนย์":"K2-71","โควตา":"770986","ชาวไร่":"นาง บุหงา สุกลมใสย์","ประเภทอ้อย":"ตอ1","พื้นที่":6.92,"ตันรวม":62.28,"รหัสแปลง":"321301060008","กลุ่ม":"กลุ่ม_71"},"geometry":{"type":"MultiPolygon","coordinates":[[[[1038193.058799999766052,1612304.529799999669194],[1038186.782700000330806,1612235.911000000312924],[1038166.143199999816716,1612240.45380000025034],[1038153.5757,1612304.2588],[1038146.846400000154972,1612303.872700000181794],[1038161.416799999773502,1612241.104100000113249],[1038122.262000000104308,1612242.581299999728799],[1038115.689299999736249,1612303.857599999755621],[1038112.46059999987483,1612304.0866],[1038114.581500000320375,1612242.314300000667572],[1038089.412999999709427,1612245.01490000076592],[1038081.03249999973923,1612303.772299999371171],[1038075.528300000354648,1612303.89159999974072],[1038084.494,1612243.845799999311566],[1038061.4983,1612246.541799999773502],[1038049.564600000157952,1612303.408099999651313],[1038044.112099999561906,1612302.4364],[1038057.742600000463426,1612246.029899999499321],[1038034.398199999704957,1612249.292300000786781],[1038021.47510000038892,1612304.022299999371171],[1038018.092799999751151,1612303.200999999418855],[1038029.942599999718368,1612248.049000000581145],[1038005.1974,1612251.128699999302626],[1037994.346,1612303.161699999123812],[1037990.602099999785423,1612303.543800000101328],[1038002.005599999800324,1612249.705399999395013],[1037978.1535,1612251.857599999755621],[1037970.56180000025779,1612292.382400000467896],[1037973.386300000362098,1612296.94510000012815],[1037973.651999999769032,1612299.38120000064373],[1037984.693900000303984,1612301.812400000169873],[1037990.613099999725819,1612304.374500000849366],[1038193.058799999766052,1612304.529799999669194]]]]}},
{"type":"Feature","properties":{"รหัสกลุ่มคิว":"71/002","รหัสรับเหมา":"738889","ชื่อ-สกุล รับเหมา":"รถตัดโรงงานเบอร์ 24","นักเกษตร":"7101","ศูนย์":"K2-71","โควตา":"771279","ชาวไร่":"นาง เท็ก นาคเจือ","ประเภทอ้อย":"ตอ1","พื้นที่":5.1,"ตันรวม":45.9,"รหัสแปลง":"321306060041","กลุ่ม":"กลุ่ม_71"},"geometry":{"type":"MultiPolygon","coordinates":[[[[1033333.345200000330806,1614251.534600000828505],[1033414.560600000433624,1614260.502299999818206],[1033421.742499999701977,1614158.198400000110269],[1033334.439399999566376,1614160.329800000414252],[1033333.345200000330806,1614251.534600000828505]]]]}},
{"type":"Feature","properties":{"รหัสกลุ่มคิว":"71/002","รหัสรับเหมา":"738889","ชื่อ-สกุล รับเหมา":"รถตัดโรงงานเบอร์ 24","นักเกษตร":"7101","ศูนย์":"K2-71","โควตา":"773626","ชาวไร่":"นาง วรรณ คงมั่น","ประเภทอ้อย":"ตอ1","พื้นที่":5.22,"ตันรวม":46.98,"รหัสแปลง":"321306061506","กลุ่ม":"กลุ่ม_71"},"geometry":{"type":"MultiPolygon","coordinates":[[[[1034485.7193,1614209.965299999341369],[1034464.3426,1614216.977800000458956],[1034443.2654,1614220.568600000813603],[1034500.894500000402331,1614399.743899999186397],[1034544.885700000450015,1614385.572000000625849],[1034485.7193,1614209.965299999341369]]]]}},
{"type":"Feature","properties":{"รหัสกลุ่มคิว":"71/002","รหัสรับเหมา":"738889","ชื่อ-สกุล รับเหมา":"รถตัดโรงงานเบอร์ 24","นักเกษตร":"7101","ศูนย์":"K2-71","โควตา":"770926","ชาวไร่":"นาง เพียง คำเสมอ","ประเภทอ้อย":"ตอ1","พื้นที่":3.29,"ตันรวม":29.61,"รหัสแปลง":"321306061510","กลุ่ม":"กลุ่ม_71"},"geometry":{"type":"MultiPolygon","coordinates":[[[[1033450.525299999862909,1615440.109300000593066],[1033490.385900000110269,1615442.304400000721216],[1033489.71239999961108,1615435.886299999430776],[1033547.67989999987185,1615436.962400000542402],[1033546.296299999579787,1615417.167999999597669],[1033553.333999999798834,1615417.785199999809265],[1033554.85869999974966,1615413.903999999165535],[1033556.925499999895692,1615411.648700000718236],[1033563.695600000210106,1615410.056399999186397],[1033562.115899999625981,1615395.442299999296665],[1033453.143400000408292,1615379.515900000929832],[1033450.525299999862909,1615440.109300000593066]]]]}},
{"type":"Feature","properties":{"รหัสกลุ่มคิว":"71/002","รหัสรับเหมา":"738889","ชื่อ-สกุล รับเหมา":"รถตัดโรงงานเบอร์ 24","นักเกษตร":"7101","ศูนย์":"K2-71","โควตา":"773613","ชาวไร่":"นาง บาล เสาร์พิรส","ประเภทอ้อย":"ตอ1","พื้นที่":4.59,"ตันรวม":41.31,"รหัสแปลง":"321306090025","กลุ่ม":"กลุ่ม_71"},"geometry":{"type":"MultiPolygon","coordinates":[[[[1036173.676199999637902,1617798.180700000375509],[1036163.592199999839067,1617799.92200000025332],[1036188.0027,1617863.803999999538064],[1036283.457000000402331,1617822.160299999639392],[1036263.1387,1617755.374800000339746],[1036172.752600000239909,1617795.144999999552965],[1036173.676199999637902,1617798.180700000375509]]]]}},
{"type":"Feature","properties":{"รหัสกลุ่มคิว":"71/001","รหัสรับเหมา":"733638","ชื่อ-สกุล รับเหมา":"นาย สิทธิชัย ธรรมสุข","นักเกษตร":"7104","ศูนย์":"K2-71","โควตา":"733767","ชาวไร่":"นาย สนม สำรวย","ประเภทอ้อย":"ตอ2","พื้นที่":6.2,"ตันรวม":49.6,"รหัสแปลง":"321017070095","กลุ่ม":"กลุ่ม_71"},"geometry":{"type":"MultiPolygon","coordinates":[[[[1027396.551199999637902,1609617.235999999567866],[1027403.1733,1609640.129699999466538],[1027411.355700000189245,1609698.95409999974072],[1027440.026399999856949,1609696.812300000339746],[1027473.199799999594688,1609696.8607],[1027533.4803,1609689.872999999672174],[1027499.717199999839067,1609603.264799999073148],[1027398.005400000140071,1609614.378799999132752],[1027396.551199999637902,1609617.235999999567866]]]]}},
{"type":"Feature","properties":{"รหัสกลุ่มคิว":"71/002","รหัสรับเหมา":"738889","ชื่อ-สกุล รับเหมา":"รถตัดโรงงานเบอร์ 24","นักเกษตร":"7101","ศูนย์":"K2-71","โควตา":"771059","ชาวไร่":"นางสาว มณีกาน คำลุน","ประเภทอ้อย":"ปลายฝน","พื้นที่":4.83,"ตันรวม":62.79,"รหัสแปลง":"321301110191","กลุ่ม":"กลุ่ม_71"},"geometry":{"type":"MultiPolygon","coordinates":[[[[1028048.130199999548495,1611422.720000000670552],[1028048.930499999783933,1611469.360300000756979],[1028243.6722,1611439.872600000351667],[1028235.3722,1611406.761900000274181],[1028048.130199999548495,1611422.720000000670552]]]]}},
{"type":"Feature","properties":{"รหัสกลุ่มคิว":"71/002","รหัสรับเหมา":"738889","ชื่อ-สกุล รับเหมา":"รถตัดโรงงานเบอร์ 24","นักเกษตร":"7101","ศูนย์":"K2-71","โควตา":"770163","ชาวไร่":"นาย ทินกร เอ็นดู","ประเภทอ้อย":"ตอ2","พื้นที่":3.52,"ตันรวม":28.16,"รหัสแปลง":"321301110230","กลุ่ม":"กลุ่ม_71"},"geometry":{"type":"MultiPolygon","coordinates":[[[[1028738.8788,1611700.959000000730157],[1028755.571999999694526,1611736.092599999159575],[1028902.3673,1611725.689600000157952],[1028901.901999999769032,1611720.628699999302626],[1028908.8596,1611717.311699999496341],[1028910.035699999891222,1611691.40430000051856],[1028738.8788,1611700.959000000730157]]]]}},
{"type":"Feature","properties":{"รหัสกลุ่มคิว":"71/002","รหัสรับเหมา":"738889","ชื่อ-สกุล รับเหมา":"รถตัดโรงงานเบอร์ 24","นักเกษตร":"7101","ศูนย์":"K2-71","โควตา":"773665","ชาวไร่":"นาย อำนาจ ราชรักษ์","ประเภทอ้อย":"ตอ2","พื้นที่":14.6,"ตันรวม":116.8,"รหัสแปลง":"321301060013","กลุ่ม":"กลุ่ม_71"},"geometry":{"type":"MultiPolygon","coordinates":[[[[1035762.737200000323355,1612930.694499999284744],[1035774.449400000274181,1612889.596400000154972],[1035762.447100000455976,1612883.370500000193715],[1035748.269899999722838,1612925.334100000560284],[1035649.7483,1612898.724099999293685],[1035652.902200000360608,1612906.489800000563264],[1035653.580500000156462,1612908.361999999731779],[1035653.8799,1612911.145099999383092],[1035651.650399999693036,1612926.492599999532104],[1035650.786500000394881,1612929.511299999430776],[1035649.330500000156462,1612934.3399],[1035648.335799999535084,1612936.906099999323487],[1035647.640800000168383,1612938.1787],[1035642.280799999833107,1612941.021600000560284],[1035609.191499999724329,1612969.7555],[1035606.56900000013411,1612971.19480000063777],[1035602.148699999786913,1612974.092599999159575],[1035597.639600000344217,1612978.134199999272823],[1035594.771599999628961,1612980.766000000759959],[1035588.637799999676645,1612987.107999999076128],[1035581.913099999539554,1613000.854299999773502],[1035580.674100000411272,1613002.528100000694394],[1035580.290199999697506,1613004.710100000724196],[1035580.891200000420213,1613009.181800000369549],[1035581.972400000318885,1613012.715800000354648],[1035592.914300000295043,1613023.973099999129772],[1035600.351700000464916,1613036.647199999541044],[1035604.558500000275671,1613045.618200000375509],[1035606.0669,1613050.238500000908971],[1035609.631799999624491,1613058.493899999186397],[1035611.370000000111759,1613062.8904],[1035618.27309999987483,1613070.759099999442697],[1035639.847799999639392,1613072.290999999269843],[1035671.0176,1613077.562699999660254],[1035673.711900000460446,1613080.167199999094009],[1035682.8607,1613081.509199999272823],[1035688.166600000113249,1613084.468100000172853],[1035714.25690000038594,1613093.503699999302626],[1035719.589999999850988,1613089.068199999630451],[1035725.0702,1613080.268500000238419],[1035769.1278,1612930.528599999845028],[1035762.737200000323355,1612930.694499999284744]]]]}},
{"type":"Feature","properties":{"รหัสกลุ่มคิว":"71/002","รหัสรับเหมา":"738889","ชื่อ-สกุล รับเหมา":"รถตัดโรงงานเบอร์ 24","นักเกษตร":"7101","ศูนย์":"K2-71","โควตา":"770834","ชาวไร่":"น.ส. จี๋ว จันทร์แสน","ประเภทอ้อย":"ตอ1","พื้นที่":5.61,"ตันรวม":50.49,"รหัสแปลง":"321301090009","กลุ่ม":"กลุ่ม_71"},"geometry":{"type":"MultiPolygon","coordinates":[[[[1036892.7928,1610627.468000000342727],[1036896.693,1610634.350999999791384],[1036900.224700000137091,1610652.017200000584126],[1036909.730100000277162,1610699.199899999424815],[1036955.2862,1610686.374600000679493],[1036957.247899999842048,1610694.758400000631809],[1036963.409199999645352,1610715.578400000929832],[1036964.556099999696016,1610715.258199999108911],[1037014.4222999997437,1610705.698999999091029],[1036987.634499999694526,1610599.787200000137091],[1036892.7928,1610627.468000000342727]]]]}},
{"type":"Feature","properties":{"รหัสกลุ่มคิว":"71/002","รหัสรับเหมา":"738889","ชื่อ-สกุล รับเหมา":"รถตัดโรงงานเบอร์ 24","นักเกษตร":"7101","ศูนย์":"K2-71","โควตา":"773462","ชาวไร่":"นาง สุพล นามจิตร","ประเภทอ้อย":"ปลายฝน","พื้นที่":5.68,"ตันรวม":73.84,"รหัสแปลง":"321301090075","กลุ่ม":"กลุ่ม_71"},"geometry":{"type":"MultiPolygon","coordinates":[[[[1037538.173499999567866,1611866.059800000861287],[1037633.343100000172853,1611875.081700000911951],[1037642.3026,1611876.604399999603629],[1037649.73450000025332,1611875.630200000479817],[1037654.596800000406802,1611874.995999999344349],[1037658.531600000336766,1611868.3597],[1037673.724399999715388,1611840.793299999088049],[1037687.564399999566376,1611840.753100000321865],[1037689.146099999547005,1611839.839600000530481],[1037701.493800000287592,1611807.911000000312924],[1037553.0543,1611802.466499999165535],[1037538.173499999567866,1611866.059800000861287]]]]}},
{"type":"Feature","properties":{"รหัสกลุ่มคิว":"71/002","รหัสรับเหมา":"738889","ชื่อ-สกุล รับเหมา":"รถตัดโรงงานเบอร์ 24","นักเกษตร":"7101","ศูนย์":"K2-71","โควตา":"770851","ชาวไร่":"นาง สุพล สุดสวาท","ประเภทอ้อย":"ปลายฝน","พื้นที่":9.7,"ตันรวม":126.1,"รหัสแปลง":"321301111062","กลุ่ม":"กลุ่ม_71"},"geometry":{"type":"MultiPolygon","coordinates":[[[[1027376.292299999855459,1612520.02419999986887],[1027184.8904,1612537.191500000655651],[1027196.075500000268221,1612629.011600000783801],[1027333.2412,1612619.7456],[1027376.292299999855459,1612520.02419999986887]]]]}},
{"type":"Feature","properties":{"รหัสกลุ่มคิว":"71/002","รหัสรับเหมา":"738889","ชื่อ-สกุล รับเหมา":"รถตัดโรงงานเบอร์ 24","นักเกษตร":"7101","ศูนย์":"K2-71","โควตา":"771324","ชาวไร่":"นาย สอน จาร์มิตร","ประเภทอ้อย":"ปลายฝน","พื้นที่":6.35,"ตันรวม":82.55,"รหัสแปลง":"321301120146","กลุ่ม":"กลุ่ม_71"},"geometry":{"type":"MultiPolygon","coordinates":[[[[1031579.241600000299513,1614014.75760000012815],[1031611.372700000181794,1614078.916200000792742],[1031651.847400000318885,1614074.057399999350309],[1031646.143299999646842,1614062.832499999552965],[1031639.178399999625981,1614043.254300000146031],[1031683.9085,1614033.307099999859929],[1031688.0313,1614050.973500000312924],[1031689.171799999661744,1614064.874900000169873],[1031756.767400000244379,1614047.6524],[1031736.353699999861419,1613975.051400000229478],[1031579.241600000299513,1614014.75760000012815]]]]}},
{"type":"Feature","properties":{"รหัสกลุ่มคิว":"71/002","รหัสรับเหมา":"738889","ชื่อ-สกุล รับเหมา":"รถตัดโรงงานเบอร์ 24","นักเกษตร":"7101","ศูนย์":"K2-71","โควตา":"774198","ชาวไร่":"นาย นพพร ศรียันต์","ประเภทอ้อย":"ตอ1","พื้นที่":2.14,"ตันรวม":19.26,"รหัสแปลง":"321306090230","กลุ่ม":"กลุ่ม_71"},"geometry":{"type":"MultiPolygon","coordinates":[[[[1034427.5362,1618053.543800000101328],[1034388.554700000211596,1618064.540500000119209],[1034406.21889999974519,1618146.0603],[1034439.548999999649823,1618137.287200000137091],[1034439.1623,1618121.525299999862909],[1034445.09250000026077,1618120.143799999728799],[1034427.5362,1618053.543800000101328]]]]}},
{"type":"Feature","properties":{"รหัสกลุ่มคิว":"71/002","รหัสรับเหมา":"738889","ชื่อ-สกุล รับเหมา":"รถตัดโรงงานเบอร์ 24","นักเกษตร":"7101","ศูนย์":"K2-71","โควตา":"773715","ชาวไร่":"นาง เพชรลดา มณีตา","ประเภทอ้อย":"ปลายฝน","พื้นที่":7.39,"ตันรวม":96.07,"รหัสแปลง":"321301090039","กลุ่ม":"กลุ่ม_71"},"geometry":{"type":"MultiPolygon","coordinates":[[[[1036703.854899999685585,1610938.47749999910593],[1036672.766099999658763,1610790.769799999892712],[1036585.443799999542534,1610805.502699999138713],[1036633.524299999698997,1610946.434299999848008],[1036703.854899999685585,1610938.47749999910593]]]]}},
{"type":"Feature","properties":{"รหัสกลุ่มคิว":"71/001","รหัสรับเหมา":"733638","ชื่อ-สกุล รับเหมา":"นาย สิทธิชัย ธรรมสุข","นักเกษตร":"7104","ศูนย์":"K2-71","โควตา":"733611","ชาวไร่":"นาง รุ้ง มณฑล","ประเภทอ้อย":"ปลายฝน","พื้นที่":8.54,"ตันรวม":111.02,"รหัสแปลง":"321305040094","กลุ่ม":"กลุ่ม_71"},"geometry":{"type":"MultiPolygon","coordinates":[[[[1027926.253499999642372,1606212.772600000724196],[1027899.967799999751151,1606169.102399999275804],[1027886.929100000299513,1606163.458000000566244],[1027886.027200000360608,1606079.258899999782443],[1027846.903099999763072,1606079.531600000336766],[1027839.4962,1606113.970100000500679],[1027802.290900000371039,1606117.244100000709295],[1027792.084099999628961,1606147.737400000914931],[1027771.397099999710917,1606187.812000000849366],[1027905.082999999634922,1606241.73619999922812],[1027909.4551,1606256.445599999278784],[1027915.698200000450015,1606259.53940000012517],[1027926.253499999642372,1606212.772600000724196]]]]}},
{"type":"Feature","properties":{"รหัสกลุ่มคิว":"71/002","รหัสรับเหมา":"738889","ชื่อ-สกุล รับเหมา":"รถตัดโรงงานเบอร์ 24","นักเกษตร":"7101","ศูนย์":"K2-71","โควตา":"771279","ชาวไร่":"นาง เท็ก นาคเจือ","ประเภทอ้อย":"ตอ1","พื้นที่":7.65,"ตันรวม":68.85,"รหัสแปลง":"321306061509","กลุ่ม":"กลุ่ม_71"},"geometry":{"type":"MultiPolygon","coordinates":[[[[1033550.713600000366569,1614670.679999999701977],[1033609.865399999544024,1614652.220899999141693],[1033587.660000000149012,1614507.198999999091029],[1033516.966199999675155,1614521.243100000545382],[1033515.948099999688566,1614542.218299999833107],[1033506.974700000137091,1614546.820000000298023],[1033504.889899999834597,1614556.829],[1033491.854600000195205,1614558.997500000521541],[1033550.713600000366569,1614670.679999999701977]]]]}},
{"type":"Feature","properties":{"รหัสกลุ่มคิว":"71/001","รหัสรับเหมา":"733638","ชื่อ-สกุล รับเหมา":"นาย สิทธิชัย ธรรมสุข","นักเกษตร":"7104","ศูนย์":"K2-71","โควตา":"730173","ชาวไร่":"นาย เป็น มีเหมาะ","ประเภทอ้อย":"ตอ1","พื้นที่":13.59,"ตันรวม":122.31,"รหัสแปลง":"321017060074","กลุ่ม":"กลุ่ม_71"},"geometry":{"type":"MultiPolygon","coordinates":[[[[1024601.737599999643862,1607386.528999999165535],[1024583.489400000311434,1607388.5456000007689],[1024577.286799999885261,1607375.093399999663234],[1024560.588700000196695,1607321.985999999567866],[1024557.109299999661744,1607323.788200000301003],[1024540.4424,1607336.198599999770522],[1024525.45990000013262,1607345.684800000861287],[1024498.085199999623001,1607353.057299999520183],[1024472.175499999895692,1607359.3509],[1024471.259399999864399,1607393.926799999549985],[1024479.375199999660254,1607427.58500000089407],[1024466.291600000113249,1607483.362199999392033],[1024517.840200000442564,1607475.024299999698997],[1024532.706899999640882,1607521.7763],[1024644.810399999842048,1607488.457399999722838],[1024626.36699999962002,1607448.844200000166893],[1024619.6475,1607434.270899999886751],[1024612.5756,1607419.3202],[1024608.406000000424683,1607403.50620000064373],[1024601.737599999643862,1607386.528999999165535]]]]}},
{"type":"Feature","properties":{"รหัสกลุ่มคิว":"71/001","รหัสรับเหมา":"733638","ชื่อ-สกุล รับเหมา":"นาย สิทธิชัย ธรรมสุข","นักเกษตร":"7104","ศูนย์":"K2-71","โควตา":"733709","ชาวไร่":"นาย จักรพันธ์ วันไทย","ประเภทอ้อย":"ตอ2","พื้นที่":7.94,"ตันรวม":63.52,"รหัสแปลง":"321017060221","กลุ่ม":"กลุ่ม_71"},"geometry":{"type":"MultiPolygon","coordinates":[[[[1026520.2028,1605490.198999999091029],[1026495.939500000327826,1605486.603199999779463],[1026494.3043,1605509.679700000211596],[1026479.223000000230968,1605509.679700000211596],[1026482.946600000374019,1605484.677699999883771],[1026357.252600000239909,1605466.050000000745058],[1026354.669499999843538,1605538.162000000476837],[1026354.076399999670684,1605538.786499999463558],[1026352.849399999715388,1605557.059299999848008],[1026520.776399999856949,1605557.033600000664592],[1026520.2028,1605490.198999999091029]]]]}},
{"type":"Feature","properties":{"รหัสกลุ่มคิว":"71/001","รหัสรับเหมา":"733638","ชื่อ-สกุล รับเหมา":"นาย สิทธิชัย ธรรมสุข","นักเกษตร":"7104","ศูนย์":"K2-71","โควตา":"733797","ชาวไร่":"นาย ชาติ ปุ่มแม่น","ประเภทอ้อย":"ตอ1","พื้นที่":11.34,"ตันรวม":102.06,"รหัสแปลง":"321017070071","กลุ่ม":"กลุ่ม_71"},"geometry":{"type":"MultiPolygon","coordinates":[[[[1025524.6464,1608880.868599999696016],[1025518.116399999707937,1609051.674000000581145],[1025533.831399999558926,1609109.176100000739098],[1025588.42920000012964,1609143.642799999564886],[1025615.0965,1609008.973200000822544],[1025589.056300000287592,1609004.5320999994874],[1025592.942800000309944,1608881.586500000208616],[1025524.6464,1608880.868599999696016]]]]}},
{"type":"Feature","properties":{"รหัสกลุ่มคิว":"71/001","รหัสรับเหมา":"733638","ชื่อ-สกุล รับเหมา":"นาย สิทธิชัย ธรรมสุข","นักเกษตร":"7104","ศูนย์":"K2-71","โควตา":"730094","ชาวไร่":"นาย ยศ แรงหาญ","ประเภทอ้อย":"ปลายฝน","พื้นที่":14.06,"ตันรวม":182.78,"รหัสแปลง":"321017100045","กลุ่ม":"กลุ่ม_71"},"geometry":{"type":"MultiPolygon","coordinates":[[[[1022878.120000000111759,1603213.635099999606609],[1022890.61739999987185,1603193.496999999508262],[1022910.731800000183284,1603160.175799999386072],[1022913.810200000181794,1603145.759999999776483],[1022724.829900000244379,1602965.539899999275804],[1022663.987800000235438,1603032.9298],[1022878.120000000111759,1603213.635099999606609]]]]}},
{"type":"Feature","properties":{"รหัสกลุ่มคิว":"71/002","รหัสรับเหมา":"738889","ชื่อ-สกุล รับเหมา":"รถตัดโรงงานเบอร์ 24","นักเกษตร":"7101","ศูนย์":"K2-71","โควตา":"774085","ชาวไร่":"นาย สำอาง ศรีพรม","ประเภทอ้อย":"ปลายฝน","พื้นที่":2.25,"ตันรวม":29.25,"รหัสแปลง":"321301030041","กลุ่ม":"กลุ่ม_71"},"geometry":{"type":"MultiPolygon","coordinates":[[[[1030089.81290000025183,1614011.030600000172853],[1030111.50040000025183,1613999.843000000342727],[1030098.157800000160933,1613891.689300000667572],[1030058.208399999886751,1613897.301999999210238],[1030089.81290000025183,1614011.030600000172853]]]]}},
{"type":"Feature","properties":{"รหัสกลุ่มคิว":"71/002","รหัสรับเหมา":"738889","ชื่อ-สกุล รับเหมา":"รถตัดโรงงานเบอร์ 24","นักเกษตร":"7101","ศูนย์":"K2-71","โควตา":"773715","ชาวไร่":"นาง เพชรลดา มณีตา","ประเภทอ้อย":"ตอ1","พื้นที่":16.17,"ตันรวม":145.53,"รหัสแปลง":"321301080099","กลุ่ม":"กลุ่ม_71"},"geometry":{"type":"MultiPolygon","coordinates":[[[[1036283.838999999687076,1610225.368899999186397],[1036286.770899999886751,1610163.512499999254942],[1036282.607200000435114,1610161.658800000324845],[1036287.9534,1610096.213600000366569],[1036276.552899999544024,1610098.83049999922514],[1036276.273699999786913,1610086.480100000277162],[1036180.552899999544024,1610094.797399999573827],[1036181.30489999987185,1610115.183700000867248],[1036185.5767,1610122.150100000202656],[1036180.432699999772012,1610169.63990000076592],[1036164.178100000135601,1610247.736700000241399],[1036165.336900000460446,1610257.64159999974072],[1036160.745400000363588,1610274.376499999314547],[1036156.2165,1610300.3914],[1036163.041899999603629,1610300.758199999108911],[1036170.2248,1610262.392100000753999],[1036192.512299999594688,1610266.3739],[1036185.0652,1610303.464199999347329],[1036156.3799,1610301.239199999719858],[1036157.287399999797344,1610308.28319999948144],[1036166.74959999974817,1610308.447300000116229],[1036187.608199999667704,1610320.2226],[1036196.1623,1610327.02250000089407],[1036207.884200000204146,1610344.6371],[1036258.375900000333786,1610334.360500000417233],[1036280.9506,1610324.420099999755621],[1036281.291299999691546,1610233.283500000834465],[1036283.838999999687076,1610225.368899999186397]]]]}},
{"type":"Feature","properties":{"รหัสกลุ่มคิว":"71/002","รหัสรับเหมา":"738889","ชื่อ-สกุล รับเหมา":"รถตัดโรงงานเบอร์ 24","นักเกษตร":"7101","ศูนย์":"K2-71","โควตา":"774175","ชาวไร่":"นางสาว มนตรา บุญสระรัมย์","ประเภทอ้อย":"ตอ1","พื้นที่":5.55,"ตันรวม":49.95,"รหัสแปลง":"321301090030","กลุ่ม":"กลุ่ม_71"},"geometry":{"type":"MultiPolygon","coordinates":[[[[1037265.181599999777973,1611902.141799999400973],[1037228.017900000326335,1611819.760700000450015],[1037217.830199999734759,1611824.573100000619888],[1037205.9145,1611820.114700000733137],[1037168.210199999623001,1611837.199699999764562],[1037181.455199999734759,1611915.933599999174476],[1037187.285899999551475,1611959.293999999761581],[1037206.477400000207126,1611970.544399999082088],[1037207.68680000025779,1611945.730699999257922],[1037200.820899999700487,1611938.7336],[1037229.488400000147521,1611917.198100000619888],[1037238.667000000365078,1611921.665400000289083],[1037258.094100000336766,1611942.142899999395013],[1037273.162700000219047,1611935.78940000012517],[1037267.953499999828637,1611901.819499999284744],[1037265.181599999777973,1611902.141799999400973]]]]}},
{"type":"Feature","properties":{"รหัสกลุ่มคิว":"71/002","รหัสรับเหมา":"738889","ชื่อ-สกุล รับเหมา":"รถตัดโรงงานเบอร์ 24","นักเกษตร":"7101","ศูนย์":"K2-71","โควตา":"774151","ชาวไร่":"นาง สมหมาย จันแสน","ประเภทอ้อย":"ตอ1","พื้นที่":6.46,"ตันรวม":58.14,"รหัสแปลง":"321301090137","กลุ่ม":"กลุ่ม_71"},"geometry":{"type":"MultiPolygon","coordinates":[[[[1036643.144399999640882,1611035.654400000348687],[1036766.399299999698997,1611011.694299999624491],[1036755.622399999760091,1610936.702099999412894],[1036630.157200000248849,1610947.795700000599027],[1036643.144399999640882,1611035.654400000348687]]]]}},
{"type":"Feature","properties":{"รหัสกลุ่มคิว":"71/002","รหัสรับเหมา":"738889","ชื่อ-สกุล รับเหมา":"รถตัดโรงงานเบอร์ 24","นักเกษตร":"7101","ศูนย์":"K2-71","โควตา":"774196","ชาวไร่":"นาย จีรวัฒน์ เจียนงาม","ประเภทอ้อย":"ตอ1","พื้นที่":13.52,"ตันรวม":121.68,"รหัสแปลง":"321306100092","กลุ่ม":"กลุ่ม_71"},"geometry":{"type":"MultiPolygon","coordinates":[[[[1038196.568900000303984,1613033.807199999690056],[1038171.043999999761581,1612742.353900000452995],[1038093.544300000183284,1612756.212099999189377],[1038100.649500000290573,1612825.7654],[1038098.50870000012219,1612827.689200000837445],[1038102.1069,1612849.785599999129772],[1038098.8668,1612851.680400000885129],[1038105.66260000038892,1612905.039599999785423],[1038115.326899999752641,1612976.499199999496341],[1038119.3914,1613017.019799999892712],[1038196.568900000303984,1613033.807199999690056]]]]}},
{"type":"Feature","properties":{"รหัสกลุ่มคิว":"71/002","รหัสรับเหมา":"738889","ชื่อ-สกุล รับเหมา":"รถตัดโรงงานเบอร์ 24","นักเกษตร":"7101","ศูนย์":"K2-71","โควตา":"770952","ชาวไร่":"น.ส. วิไลพร เสาไส","ประเภทอ้อย":"ปลายฝน","พื้นที่":4.37,"ตันรวม":56.81,"รหัสแปลง":"321306100096","กลุ่ม":"กลุ่ม_71"},"geometry":{"type":"MultiPolygon","coordinates":[[[[1037747.7505,1614374.406600000336766],[1037741.6256,1614321.9485],[1037620.818199999630451,1614330.7697],[1037620.8618,1614331.689899999648333],[1037620.281700000166893,1614332.206800000742078],[1037620.9485,1614390.260600000619888],[1037747.7505,1614374.406600000336766]]]]}},
{"type":"Feature","properties":{"รหัสกลุ่มคิว":"71/001","รหัสรับเหมา":"733638","ชื่อ-สกุล รับเหมา":"นาย สิทธิชัย ธรรมสุข","นักเกษตร":"7104","ศูนย์":"K2-71","โควตา":"733377","ชาวไร่":"นาย เฉลิมชัย สีดาหอม","ประเภทอ้อย":"ปลายฝน","พื้นที่":1.47,"ตันรวม":19.11,"รหัสแปลง":"321017070185","กลุ่ม":"กลุ่ม_71"},"geometry":{"type":"MultiPolygon","coordinates":[[[[1026318.596900000236928,1609353.872099999338388],[1026332.144299999810755,1609352.4967],[1026339.262000000104308,1609154.505999999120831],[1026328.94550000037998,1609156.5055],[1026318.596900000236928,1609353.872099999338388]]]]}},
{"type":"Feature","properties":{"รหัสกลุ่มคิว":"71/001","รหัสรับเหมา":"733638","ชื่อ-สกุล รับเหมา":"นาย สิทธิชัย ธรรมสุข","นักเกษตร":"7104","ศูนย์":"K2-71","โควตา":"733159","ชาวไร่":"นางสาว พล บุญนาค","ประเภทอ้อย":"ตอ2","พื้นที่":4.48,"ตันรวม":35.84,"รหัสแปลง":"321017121503","กลุ่ม":"กลุ่ม_71"},"geometry":{"type":"MultiPolygon","coordinates":[[[[1021209.074099999852479,1608338.800000000745058],[1021198.490799999795854,1608263.561300000175834],[1021107.531000000424683,1608265.21169999986887],[1021107.721900000236928,1608335.765000000596046],[1021142.052000000141561,1608334.141699999570847],[1021144.790900000371039,1608342.996099999174476],[1021209.074099999852479,1608338.800000000745058]]]]}},
{"type":"Feature","properties":{"รหัสกลุ่มคิว":"71/002","รหัสรับเหมา":"738889","ชื่อ-สกุล รับเหมา":"รถตัดโรงงานเบอร์ 24","นักเกษตร":"7101","ศูนย์":"K2-71","โควตา":"770278","ชาวไร่":"นาย สนิ เสียงสนั่น","ประเภทอ้อย":"ตอ1","พื้นที่":11.04,"ตันรวม":99.36,"รหัสแปลง":"321301111606","กลุ่ม":"กลุ่ม_71"},"geometry":{"type":"MultiPolygon","coordinates":[[[[1027341.5017,1616009.057099999859929],[1027421.338999999687076,1616010.379799999296665],[1027428.91469999961555,1616006.188300000503659],[1027436.94539999961853,1615943.379000000655651],[1027345.260900000110269,1615945.541899999603629],[1027276.4523,1615949.267200000584126],[1027275.542600000277162,1615978.491599999368191],[1027258.7928,1615980.30379999987781],[1027239.576100000180304,1615979.2577],[1027235.672600000165403,1615981.25789999961853],[1027219.561700000427663,1616009.815600000321865],[1027196.8377,1616053.015799999237061],[1027192.3021,1616091.136299999430776],[1027275.3037,1616088.9956],[1027276.807099999859929,1616022.073000000789762],[1027295.909799999557436,1616019.990399999544024],[1027297.349499999545515,1616012.0428],[1027341.5017,1616009.057099999859929]]]]}},
{"type":"Feature","properties":{"รหัสกลุ่มคิว":"71/001","รหัสรับเหมา":"733638","ชื่อ-สกุล รับเหมา":"นาย สิทธิชัย ธรรมสุข","นักเกษตร":"7104","ศูนย์":"K2-71","โควตา":"774197","ชาวไร่":"นาย ทรงพล สุกลมใสย์","ประเภทอ้อย":"ตอ1","พื้นที่":4.63,"ตันรวม":41.67,"รหัสแปลง":"321301111610","กลุ่ม":"กลุ่ม_71"},"geometry":{"type":"MultiPolygon","coordinates":[[[[1027585.819500000216067,1614386.030799999833107],[1027556.299100000411272,1614289.051999999210238],[1027496.11629999987781,1614294.004300000146031],[1027502.417399999685585,1614324.093800000846386],[1027505.35950000025332,1614350.03940000012517],[1027504.507299999706447,1614358.448799999430776],[1027502.639499999582767,1614372.900499999523163],[1027507.129800000227988,1614407.100600000470877],[1027585.819500000216067,1614386.030799999833107]]]]}},
{"type":"Feature","properties":{"รหัสกลุ่มคิว":"71/002","รหัสรับเหมา":"738889","ชื่อ-สกุล รับเหมา":"รถตัดโรงงานเบอร์ 24","นักเกษตร":"7101","ศูนย์":"K2-71","โควตา":"770153","ชาวไร่":"นาย สมบัติ แสนดี","ประเภทอ้อย":"ปลายฝน","พื้นที่":5.58,"ตันรวม":72.54,"รหัสแปลง":"321301120018","กลุ่ม":"กลุ่ม_71"},"geometry":{"type":"MultiPolygon","coordinates":[[[[1032551.721,1614606.478499999269843],[1032592.138899999670684,1614599.209300000220537],[1032612.662200000137091,1614434.567700000479817],[1032607.757799999788404,1614429.189799999818206],[1032596.33490000013262,1614429.737400000914931],[1032584.853400000371039,1614435.490000000223517],[1032578.789800000376999,1614438.415100000798702],[1032577.128999999724329,1614437.262399999424815],[1032572.412499999627471,1614433.661299999803305],[1032569.140599999576807,1614431.989800000563264],[1032562.480499999597669,1614433.5899],[1032557.297399999573827,1614434.784800000488758],[1032547.738599999807775,1614434.633099999278784],[1032551.721,1614606.478499999269843]]]]}},
{"type":"Feature","properties":{"รหัสกลุ่มคิว":"71/001","รหัสรับเหมา":"733638","ชื่อ-สกุล รับเหมา":"นาย สิทธิชัย ธรรมสุข","นักเกษตร":"7104","ศูนย์":"K2-71","โควตา":"730173","ชาวไร่":"นาย เป็น มีเหมาะ","ประเภทอ้อย":"ปลายฝน","พื้นที่":6.69,"ตันรวม":86.97,"รหัสแปลง":"321006110005","กลุ่ม":"กลุ่ม_71"},"geometry":{"type":"MultiPolygon","coordinates":[[[[1027619.821000000461936,1606321.291300000622869],[1027612.3443,1606316.8761],[1027570.620900000445545,1606312.28319999948144],[1027555.620299999602139,1606322.50789999961853],[1027554.9413,1606328.968699999153614],[1027554.8881,1606339.883199999108911],[1027551.377600000239909,1606343.8783],[1027536.7335,1606354.2956000007689],[1027505.833399999886751,1606366.215299999341369],[1027480.144999999552965,1606387.311899999156594],[1027472.821600000374019,1606417.866900000721216],[1027482.822599999606609,1606413.8256],[1027499.7281,1606415.667300000786781],[1027518.904799999669194,1606420.887800000607967],[1027537.105399999767542,1606429.602600000798702],[1027548.074900000356138,1606439.272700000554323],[1027561.127500000409782,1606452.687699999660254],[1027572.2456,1606463.841199999675155],[1027619.821000000461936,1606321.291300000622869]]]]}},
{"type":"Feature","properties":{"รหัสกลุ่มคิว":"71/001","รหัสรับเหมา":"733638","ชื่อ-สกุล รับเหมา":"นาย สิทธิชัย ธรรมสุข","นักเกษตร":"7104","ศูนย์":"K2-71","โควตา":"774191","ชาวไร่":"นาย บัญชา สามารถ","ประเภทอ้อย":"ปลายฝน","พื้นที่":5.13,"ตันรวม":66.69,"รหัสแปลง":"321011030220","กลุ่ม":"กลุ่ม_71"},"geometry":{"type":"MultiPolygon","coordinates":[[[[1017866.243200000375509,1607803.467800000682473],[1017813.049200000241399,1607958.05379999987781],[1017825.894899999722838,1607961.600299999117851],[1017859.486600000411272,1607974.939999999478459],[1017913.141699999570847,1607856.681600000709295],[1017866.243200000375509,1607803.467800000682473]]]]}},
{"type":"Feature","properties":{"รหัสกลุ่มคิว":"71/001","รหัสรับเหมา":"733638","ชื่อ-สกุล รับเหมา":"นาย สิทธิชัย ธรรมสุข","นักเกษตร":"7104","ศูนย์":"K2-71","โควตา":"774191","ชาวไร่":"นาย บัญชา สามารถ","ประเภทอ้อย":"ปลายฝน","พื้นที่":4.27,"ตันรวม":55.51,"รหัสแปลง":"321011041527","กลุ่ม":"กลุ่ม_71"},"geometry":{"type":"MultiPolygon","coordinates":[[[[1019843.9035,1607778.811899999156594],[1019738.167100000195205,1607767.153100000694394],[1019705.830299999564886,1607818.437300000339746],[1019837.17949999962002,1607837.788899999111891],[1019843.9035,1607778.811899999156594]]]]}},
{"type":"Feature","properties":{"รหัสกลุ่มคิว":"71/001","รหัสรับเหมา":"733638","ชื่อ-สกุล รับเหมา":"นาย สิทธิชัย ธรรมสุข","นักเกษตร":"7104","ศูนย์":"K2-71","โควตา":"733947","ชาวไร่":"นาย เสริฐ ชาวสวน","ประเภทอ้อย":"ปลายฝน","พื้นที่":3.55,"ตันรวม":46.15,"รหัสแปลง":"321011100277","กลุ่ม":"กลุ่ม_71"},"geometry":{"type":"MultiPolygon","coordinates":[[[[1018181.875799999572337,1612032.764499999582767],[1018193.0367,1612036.883500000461936],[1018238.643299999646842,1612030.296900000423193],[1018235.792999999597669,1612018.673599999397993],[1018231.369900000281632,1611927.3279],[1018177.705199999734759,1611931.492599999532104],[1018181.875799999572337,1612032.764499999582767]]]]}},
{"type":"Feature","properties":{"รหัสกลุ่มคิว":"71/001","รหัสรับเหมา":"733638","ชื่อ-สกุล รับเหมา":"นาย สิทธิชัย ธรรมสุข","นักเกษตร":"7104","ศูนย์":"K2-71","โควตา":"730045","ชาวไร่":"จ.ส.ต. ถาวร สุบิน","ประเภทอ้อย":"ตอ1","พื้นที่":8.58,"ตันรวม":77.22,"รหัสแปลง":"321017010031","กลุ่ม":"กลุ่ม_71"},"geometry":{"type":"MultiPolygon","coordinates":[[[[1020580.6798,1603925.708799999207258],[1020568.496799999848008,1603990.56900000013411],[1020564.55489999987185,1604015.089800000190735],[1020715.985299999825656,1604031.786699999123812],[1020719.6694,1603934.003599999472499],[1020580.6798,1603925.708799999207258]]]]}},
{"type":"Feature","properties":{"รหัสกลุ่มคิว":"71/001","รหัสรับเหมา":"733638","ชื่อ-สกุล รับเหมา":"นาย สิทธิชัย ธรรมสุข","นักเกษตร":"7104","ศูนย์":"K2-71","โควตา":"730045","ชาวไร่":"จ.ส.ต. ถาวร สุบิน","ประเภทอ้อย":"ปลายฝน","พื้นที่":13.46,"ตันรวม":174.98,"รหัสแปลง":"321017010090","กลุ่ม":"กลุ่ม_71"},"geometry":{"type":"MultiPolygon","coordinates":[[[[1020553.789099999703467,1604072.580299999564886],[1020581.111200000159442,1603930.897600000724196],[1020415.121399999596179,1603920.739700000733137],[1020395.341799999587238,1604038.1623],[1020553.789099999703467,1604072.580299999564886]]]]}},
{"type":"Feature","properties":{"รหัสกลุ่มคิว":"71/001","รหัสรับเหมา":"733638","ชื่อ-สกุล รับเหมา":"นาย สิทธิชัย ธรรมสุข","นักเกษตร":"7104","ศูนย์":"K2-71","โควตา":"730045","ชาวไร่":"จ.ส.ต. ถาวร สุบิน","ประเภทอ้อย":"ปลายฝน","พื้นที่":1.4,"ตันรวม":18.2,"รหัสแปลง":"321017010124","กลุ่ม":"กลุ่ม_71"},"geometry":{"type":"MultiPolygon","coordinates":[[[[1020559.3553,1604073.622600000351667],[1020534.943900000303984,1604068.668199999257922],[1020512.548600000329316,1604164.761700000613928],[1020537.586199999786913,1604165.659499999135733],[1020551.499099999666214,1604087.146299999207258],[1020559.211900000460446,1604088.973799999803305],[1020559.3553,1604073.622600000351667]]]]}},
{"type":"Feature","properties":{"รหัสกลุ่มคิว":"71/001","รหัสรับเหมา":"733638","ชื่อ-สกุล รับเหมา":"นาย สิทธิชัย ธรรมสุข","นักเกษตร":"7104","ศูนย์":"K2-71","โควตา":"733924","ชาวไร่":"นาย วรสิทธิ์ เตี้ยเเอก","ประเภทอ้อย":"ปลายฝน","พื้นที่":1.97,"ตันรวม":25.61,"รหัสแปลง":"321017010171","กลุ่ม":"กลุ่ม_71"},"geometry":{"type":"MultiPolygon","coordinates":[[[[1022665.607300000265241,1606965.773800000548363],[1022664.342400000430644,1606957.4221],[1022654.769999999552965,1606958.32909999974072],[1022647.1365,1606952.802300000563264],[1022643.8909,1606893.349300000816584],[1022604.590800000354648,1606893.6261],[1022609.74100000038743,1606905.760099999606609],[1022607.919499999843538,1606915.156400000676513],[1022606.591699999757111,1606918.273199999704957],[1022604.629300000146031,1606925.816500000655651],[1022604.836799999698997,1606933.035800000652671],[1022605.0324,1606940.809800000861287],[1022604.754300000146031,1606945.42879999987781],[1022606.352099999785423,1606955.082599999383092],[1022610.151100000366569,1606962.933000000193715],[1022610.867700000293553,1606971.643100000917912],[1022665.607300000265241,1606965.773800000548363]]]]}},
{"type":"Feature","properties":{"รหัสกลุ่มคิว":"71/001","รหัสรับเหมา":"733638","ชื่อ-สกุล รับเหมา":"นาย สิทธิชัย ธรรมสุข","นักเกษตร":"7104","ศูนย์":"K2-71","โควตา":"730045","ชาวไร่":"จ.ส.ต. ถาวร สุบิน","ประเภทอ้อย":"ปลายฝน","พื้นที่":3.42,"ตันรวม":44.46,"รหัสแปลง":"321017011541","กลุ่ม":"กลุ่ม_71"},"geometry":{"type":"MultiPolygon","coordinates":[[[[1020244.5033,1603856.4682],[1020239.997100000269711,1603907.800699999555945],[1020382.225599999539554,1603916.346799999475479],[1020385.52350000012666,1603879.603000000119209],[1020306.845300000160933,1603874.985600000247359],[1020298.800300000235438,1603880.365800000727177],[1020244.5033,1603856.4682]]]]}},
{"type":"Feature","properties":{"รหัสกลุ่มคิว":"71/001","รหัสรับเหมา":"733638","ชื่อ-สกุล รับเหมา":"นาย สิทธิชัย ธรรมสุข","นักเกษตร":"7104","ศูนย์":"K2-71","โควตา":"733009","ชาวไร่":"นาย พันธ์ มีเหมาะ","ประเภทอ้อย":"ตอ1","พื้นที่":8.01,"ตันรวม":72.09,"รหัสแปลง":"321017060047","กลุ่ม":"กลุ่ม_71"},"geometry":{"type":"MultiPolygon","coordinates":[[[[1027732.750799999572337,1605988.838999999687076],[1027575.989799999631941,1605943.303300000727177],[1027552.084499999880791,1606015.870899999514222],[1027696.497399999760091,1606065.582599999383092],[1027712.755099999718368,1606038.733999999240041],[1027732.750799999572337,1605988.838999999687076]]]]}},
{"type":"Feature","properties":{"รหัสกลุ่มคิว":"71/001","รหัสรับเหมา":"733638","ชื่อ-สกุล รับเหมา":"นาย สิทธิชัย ธรรมสุข","นักเกษตร":"7104","ศูนย์":"K2-71","โควตา":"733259","ชาวไร่":"นาย สิริชัย มีเหมาะ","ประเภทอ้อย":"ปลายฝน","พื้นที่":6.5,"ตันรวม":84.5,"รหัสแปลง":"321017060136","กลุ่ม":"กลุ่ม_71"},"geometry":{"type":"MultiPolygon","coordinates":[[[[1027334.7654,1605910.76380000077188],[1027319.561599999666214,1605938.93019999936223],[1027337.433899999596179,1605946.157600000500679],[1027325.811700000427663,1605967.000199999660254],[1027314.519299999810755,1605963.9836],[1027285.841799999587238,1606006.847699999809265],[1027365.056599999777973,1606028.522299999371171],[1027382.4413,1606024.823799999430776],[1027414.954900000244379,1605996.472500000149012],[1027438.0356,1605970.879699999466538],[1027447.1771,1605956.4594],[1027334.7654,1605910.76380000077188]]]]}},
{"type":"Feature","properties":{"รหัสกลุ่มคิว":"71/001","รหัสรับเหมา":"733638","ชื่อ-สกุล รับเหมา":"นาย สิทธิชัย ธรรมสุข","นักเกษตร":"7104","ศูนย์":"K2-71","โควตา":"733765","ชาวไร่":"นาย สังข์ มีเหมาะ","ประเภทอ้อย":"ตอ2","พื้นที่":2.61,"ตันรวม":20.88,"รหัสแปลง":"321017061514","กลุ่ม":"กลุ่ม_71"},"geometry":{"type":"MultiPolygon","coordinates":[[[[1027467.293499999679625,1605985.196000000461936],[1027442.077100000344217,1605975.776399999856949],[1027418.780600000172853,1606003.0296],[1027374.878100000321865,1606041.312899999320507],[1027427.1085,1606060.375700000673532],[1027448.066599999554455,1606032.887399999424815],[1027489.878200000151992,1605991.229299999773502],[1027467.293499999679625,1605985.196000000461936]]]]}},
{"type":"Feature","properties":{"รหัสกลุ่มคิว":"71/001","รหัสรับเหมา":"733638","ชื่อ-สกุล รับเหมา":"นาย สิทธิชัย ธรรมสุข","นักเกษตร":"7104","ศูนย์":"K2-71","โควตา":"733609","ชาวไร่":"นาง แอด สามารถ","ประเภทอ้อย":"ปลายฝน","พื้นที่":10.02,"ตันรวม":130.26,"รหัสแปลง":"321017061595","กลุ่ม":"กลุ่ม_71"},"geometry":{"type":"MultiPolygon","coordinates":[[[[1026247.0806,1606705.066700000315905],[1026202.036600000225008,1606685.82740000076592],[1026175.180700000375509,1606671.471999999135733],[1026146.7972,1606656.326999999582767],[1026117.987499999813735,1606641.032999999821186],[1026111.379300000146031,1606639.069700000807643],[1026043.264000000432134,1606747.94370000064373],[1026107.67920000012964,1606760.340800000354648],[1026133.431099999696016,1606769.051400000229478],[1026164.7347999997437,1606777.753900000825524],[1026173.531000000424683,1606750.798800000920892],[1026238.398,1606760.3377],[1026247.0806,1606705.066700000315905]]],[[[1026238.5932,1606760.366399999707937],[1026238.398,1606760.3377],[1026238.208999999798834,1606761.540400000289083],[1026238.5932,1606760.366399999707937]]]]}},
{"type":"Feature","properties":{"รหัสกลุ่มคิว":"71/001","รหัสรับเหมา":"733638","ชื่อ-สกุล รับเหมา":"นาย สิทธิชัย ธรรมสุข","นักเกษตร":"7104","ศูนย์":"K2-71","โควตา":"733765","ชาวไร่":"นาย สังข์ มีเหมาะ","ประเภทอ้อย":"ปลายฝน","พื้นที่":2.95,"ตันรวม":38.35,"รหัสแปลง":"321017061599","กลุ่ม":"กลุ่ม_71"},"geometry":{"type":"MultiPolygon","coordinates":[[[[1027479.839700000360608,1606216.171399999409914],[1027561.226099999621511,1606245.8487],[1027577.012900000438094,1606241.006100000813603],[1027588.9676,1606204.629899999126792],[1027508.232300000265241,1606169.7862],[1027479.839700000360608,1606216.171399999409914]]]]}},
{"type":"Feature","properties":{"รหัสกลุ่มคิว":"71/001","รหัสรับเหมา":"733638","ชื่อ-สกุล รับเหมา":"นาย สิทธิชัย ธรรมสุข","นักเกษตร":"7104","ศูนย์":"K2-71","โควตา":"733638","ชาวไร่":"นาย สิทธิชัย ธรรมสุข","ประเภทอ้อย":"ตอ2","พื้นที่":20.1,"ตันรวม":160.8,"รหัสแปลง":"321017061602","กลุ่ม":"กลุ่ม_71"},"geometry":{"type":"MultiPolygon","coordinates":[[[[1024592.597900000400841,1607974.041799999773502],[1024592.602900000289083,1607974.317199999466538],[1024603.83629999961704,1608003.968499999493361],[1024585.724100000225008,1608035.68889999948442],[1024584.257799999788404,1608048.020999999716878],[1024573.712000000290573,1608070.994599999859929],[1024579.522900000214577,1608087.843000000342727],[1024588.772900000214577,1608122.41609999909997],[1024593.30599999986589,1608142.242000000551343],[1024633.637699999846518,1608160.955700000748038],[1024666.228500000201166,1608175.135500000789762],[1024704.298999999649823,1608207.1402000002563],[1024717.836500000208616,1608220.198300000280142],[1024732.887400000356138,1608199.8903],[1024739.337799999862909,1608176.869400000199676],[1024744.089200000278652,1608158.519899999722838],[1024747.3141,1608121.465199999511242],[1024747.600399999879301,1608084.676400000229478],[1024739.280799999833107,1608013.947499999776483],[1024715.407800000160933,1607976.806199999526143],[1024657.635900000110269,1607976.167300000786781],[1024651.849100000225008,1607909.78940000012517],[1024637.083700000308454,1607909.943299999460578],[1024643.519000000320375,1607943.790500000119209],[1024644.403900000266731,1607964.698699999600649],[1024632.599399999715388,1607965.466299999505281],[1024623.5345,1607964.70380000025034],[1024592.597900000400841,1607974.041799999773502]]]]}},
{"type":"Feature","properties":{"รหัสกลุ่มคิว":"71/001","รหัสรับเหมา":"733638","ชื่อ-สกุล รับเหมา":"นาย สิทธิชัย ธรรมสุข","นักเกษตร":"7104","ศูนย์":"K2-71","โควตา":"733611","ชาวไร่":"นาง รุ้ง มณฑล","ประเภทอ้อย":"ตอ1","พื้นที่":15.57,"ตันรวม":140.13,"รหัสแปลง":"321017061605","กลุ่ม":"กลุ่ม_71"},"geometry":{"type":"MultiPolygon","coordinates":[[[[1027769.137000000104308,1606133.3706],[1027678.01410000026226,1606095.343900000676513],[1027636.24210000038147,1606151.988299999386072],[1027634.262199999764562,1606160.27140000090003],[1027640.485600000247359,1606164.289799999445677],[1027641.6897,1606175.416200000792742],[1027631.50870000012219,1606196.2895],[1027614.6091,1606202.588300000876188],[1027612.084800000302494,1606211.044800000265241],[1027607.881199999712408,1606213.730000000447035],[1027600.230399999767542,1606217.451500000432134],[1027592.884499999694526,1606223.7697],[1027598.844600000418723,1606231.667700000107288],[1027598.478500000201166,1606240.3553],[1027591.4139,1606250.379699999466538],[1027583.757399999536574,1606262.796599999070168],[1027576.463000000454485,1606266.710799999535084],[1027575.678999999538064,1606269.654200000688434],[1027571.077600000426173,1606282.506400000303984],[1027573.129099999554455,1606287.730599999427795],[1027575.4973,1606294.996600000187755],[1027573.075799999758601,1606298.644999999552965],[1027563.785799999721348,1606311.582000000402331],[1027585.9523,1606311.871200000867248],[1027592.007299999706447,1606315.330900000408292],[1027667.379999999888241,1606348.025299999862909],[1027729.184299999848008,1606180.803400000557303],[1027766.4293,1606192.516000000759959],[1027773.532999999821186,1606146.9704],[1027768.374900000169873,1606143.7149],[1027769.137000000104308,1606133.3706]]]]}},
{"type":"Feature","properties":{"รหัสกลุ่มคิว":"71/001","รหัสรับเหมา":"733638","ชื่อ-สกุล รับเหมา":"นาย สิทธิชัย ธรรมสุข","นักเกษตร":"7104","ศูนย์":"K2-71","โควตา":"733638","ชาวไร่":"นาย สิทธิชัย ธรรมสุข","ประเภทอ้อย":"ตอ4","พื้นที่":7.59,"ตันรวม":53.13,"รหัสแปลง":"321017070157","กลุ่ม":"กลุ่ม_71"},"geometry":{"type":"MultiPolygon","coordinates":[[[[1026281.246399999596179,1609003.0449],[1026288.145499999634922,1609058.915500000119209],[1026414.6689,1609062.280200000852346],[1026419.773199999704957,1608965.290300000458956],[1026327.35869999974966,1608961.567199999466538],[1026281.246399999596179,1609003.0449]]]]}},
{"type":"Feature","properties":{"รหัสกลุ่มคิว":"71/001","รหัสรับเหมา":"733638","ชื่อ-สกุล รับเหมา":"นาย สิทธิชัย ธรรมสุข","นักเกษตร":"7104","ศูนย์":"K2-71","โควตา":"733855","ชาวไร่":"นาย อ้อม บุญเกื้อ","ประเภทอ้อย":"ตอ1","พื้นที่":6.15,"ตันรวม":55.35,"รหัสแปลง":"321017070166","กลุ่ม":"กลุ่ม_71"},"geometry":{"type":"MultiPolygon","coordinates":[[[[1025676.220499999821186,1609303.327299999073148],[1025793.539200000464916,1609321.003799999132752],[1025803.632500000298023,1609211.325899999588728],[1025678.999099999666214,1609249.179999999701977],[1025676.220499999821186,1609303.327299999073148]]]]}},
{"type":"Feature","properties":{"รหัสกลุ่มคิว":"71/001","รหัสรับเหมา":"733638","ชื่อ-สกุล รับเหมา":"นาย สิทธิชัย ธรรมสุข","นักเกษตร":"7104","ศูนย์":"K2-71","โควตา":"733783","ชาวไร่":"นาย ดวง แก้วหอม","ประเภทอ้อย":"ปลายฝน","พื้นที่":13.21,"ตันรวม":171.73,"รหัสแปลง":"321017070173","กลุ่ม":"กลุ่ม_71"},"geometry":{"type":"MultiPolygon","coordinates":[[[[1026307.803600000217557,1609513.3581000007689],[1026344.771599999628961,1609507.58390000090003],[1026354.2676,1609507.031099999323487],[1026371.8564,1609513.439300000667572],[1026393.336900000460446,1609523.355200000107288],[1026404.849100000225008,1609531.782500000670552],[1026409.318199999630451,1609536.709000000730157],[1026433.5921,1609538.887800000607967],[1026424.645600000396371,1609462.840299999341369],[1026416.9572,1609391.721699999645352],[1026363.7615,1609394.381400000303984],[1026327.717799999751151,1609395.85840000025928],[1026291.291500000283122,1609398.142100000753999],[1026256.126899999566376,1609400.132999999448657],[1026252.911600000225008,1609457.8498],[1026251.663599999621511,1609488.850999999791384],[1026250.447599999606609,1609520.277000000700355],[1026259.400600000284612,1609525.09180000051856],[1026307.803600000217557,1609513.3581000007689]]]]}},
{"type":"Feature","properties":{"รหัสกลุ่มคิว":"71/001","รหัสรับเหมา":"733638","ชื่อ-สกุล รับเหมา":"นาย สิทธิชัย ธรรมสุข","นักเกษตร":"7104","ศูนย์":"K2-71","โควตา":"733709","ชาวไร่":"นาย จักรพันธ์ วันไทย","ประเภทอ้อย":"ตอ2","พื้นที่":14.48,"ตันรวม":115.84,"รหัสแปลง":"321017071548","กลุ่ม":"กลุ่ม_71"},"geometry":{"type":"MultiPolygon","coordinates":[[[[1026840.766900000162423,1610060.491900000721216],[1026968.573800000362098,1610034.367900000885129],[1026940.431099999696016,1609884.092700000852346],[1026790.640599999576807,1609909.931500000879169],[1026780.965699999593198,1609915.644600000232458],[1026802.799999999813735,1609981.790200000628829],[1026840.766900000162423,1610060.491900000721216]]]]}},
{"type":"Feature","properties":{"รหัสกลุ่มคิว":"71/001","รหัสรับเหมา":"733638","ชื่อ-สกุล รับเหมา":"นาย สิทธิชัย ธรรมสุข","นักเกษตร":"7104","ศูนย์":"K2-71","โควตา":"733260","ชาวไร่":"นาย สวัสดิ์ ปุ่มแม่น","ประเภทอ้อย":"ตอ1","พื้นที่":10.96,"ตันรวม":98.64,"รหัสแปลง":"321017071560","กลุ่ม":"กลุ่ม_71"},"geometry":{"type":"MultiPolygon","coordinates":[[[[1024071.020499999634922,1609574.533600000664592],[1024069.426900000311434,1609505.494100000709295],[1024047.31940000038594,1609502.618300000205636],[1024042.607900000177324,1609503.812899999320507],[1024034.818,1609505.682099999859929],[1024029.581799999810755,1609506.125600000843406],[1024021.4868,1609505.398199999704957],[1024008.656600000336766,1609506.974999999627471],[1023991.41330000013113,1609504.2028],[1023970.472400000318885,1609505.791999999433756],[1023952.5153,1609511.1447],[1023937.613900000229478,1609508.422399999573827],[1023929.839800000190735,1609509.551899999380112],[1023920.5301,1609515.088700000196695],[1023899.409,1609516.674100000411272],[1023887.010099999606609,1609514.930099999532104],[1023878.527200000360608,1609515.489499999210238],[1023849.8399,1609516.913899999111891],[1023837.162399999797344,1609519.789000000804663],[1023820.114900000393391,1609516.281099999323487],[1023793.0214,1609519.034399999305606],[1023791.0291,1609544.892200000584126],[1023803.752899999730289,1609548.308000000193715],[1023805.002500000409782,1609582.744799999520183],[1023842.497499999590218,1609582.432900000363588],[1023885.491499999538064,1609577.7982],[1023921.992200000211596,1609573.395199999213219],[1023964.2105,1609571.334100000560284],[1023998.6233,1609571.881899999454618],[1024071.020499999634922,1609574.533600000664592]]]]}},
{"type":"Feature","properties":{"รหัสกลุ่มคิว":"71/002","รหัสรับเหมา":"738889","ชื่อ-สกุล รับเหมา":"รถตัดโรงงานเบอร์ 24","นักเกษตร":"7101","ศูนย์":"K2-71","โควตา":"773715","ชาวไร่":"นาง เพชรลดา มณีตา","ประเภทอ้อย":"ปลายฝน","พื้นที่":5.96,"ตันรวม":77.48,"รหัสแปลง":"321301080150","กลุ่ม":"กลุ่ม_71"},"geometry":{"type":"MultiPolygon","coordinates":[[[[1036614.7791,1609413.045],[1036613.09360000025481,1609437.421599999070168],[1036632.1552,1609442.260299999266863],[1036677.1217,1609464.690999999642372],[1036694.610000000335276,1609472.438500000163913],[1036744.167299999855459,1609489.58390000090003],[1036776.87540000025183,1609501.123999999836087],[1036791.099999999627471,1609418.283099999651313],[1036614.7791,1609413.045]]]]}},
{"type":"Feature","properties":{"รหัสกลุ่มคิว":"71/002","รหัสรับเหมา":"738889","ชื่อ-สกุล รับเหมา":"รถตัดโรงงานเบอร์ 24","นักเกษตร":"7101","ศูนย์":"K2-71","โควตา":"773715","ชาวไร่":"นาง เพชรลดา มณีตา","ประเภทอ้อย":"ปลายฝน","พื้นที่":9.58,"ตันรวม":124.54,"รหัสแปลง":"321301081503","กลุ่ม":"กลุ่ม_71"},"geometry":{"type":"MultiPolygon","coordinates":[[[[1036293.004599999636412,1610076.106899999082088],[1036285.540699999779463,1610138.971400000154972],[1036396.150700000114739,1610134.565099999308586],[1036524.6233,1610119.925200000405312],[1036515.484199999831617,1610054.693600000813603],[1036293.004599999636412,1610076.106899999082088]]]]}},
{"type":"Feature","properties":{"รหัสกลุ่มคิว":"71/002","รหัสรับเหมา":"738889","ชื่อ-สกุล รับเหมา":"รถตัดโรงงานเบอร์ 24","นักเกษตร":"7101","ศูนย์":"K2-71","โควตา":"773715","ชาวไร่":"นาง เพชรลดา มณีตา","ประเภทอ้อย":"ตอ1","พื้นที่":7.85,"ตันรวม":70.65,"รหัสแปลง":"321301081553","กลุ่ม":"กลุ่ม_71"},"geometry":{"type":"MultiPolygon","coordinates":[[[[1036595.253399999812245,1609447.3498],[1036576.96030000038445,1609448.537499999627471],[1036574.252299999818206,1609445.991599999368191],[1036565.82149999961257,1609442.801400000229478],[1036562.755099999718368,1609440.822699999436736],[1036513.849000000394881,1609447.133899999782443],[1036510.133500000461936,1609488.031600000336766],[1036512.5165,1609545.872899999842048],[1036514.708499999716878,1609595.255899999290705],[1036589.5444,1609608.149299999698997],[1036595.253399999812245,1609447.3498]]]]}},
{"type":"Feature","properties":{"รหัสกลุ่มคิว":"71/002","รหัสรับเหมา":"738889","ชื่อ-สกุล รับเหมา":"รถตัดโรงงานเบอร์ 24","นักเกษตร":"7101","ศูนย์":"K2-71","โควตา":"774159","ชาวไร่":"นาย นิคม คำเสมอ","ประเภทอ้อย":"ตอ1","พื้นที่":6.17,"ตันรวม":55.53,"รหัสแปลง":"321301081560","กลุ่ม":"กลุ่ม_71"},"geometry":{"type":"MultiPolygon","coordinates":[[[[1038683.726800000295043,1609134.479900000616908],[1038650.573300000280142,1609137.784700000658631],[1038649.2111,1609140.469399999827147],[1038647.550200000405312,1609148.60219999961555],[1038675.902900000102818,1609274.233999999240041],[1038690.2144,1609272.494400000199676],[1038694.254300000146031,1609289.348400000482798],[1038708.235100000165403,1609287.942399999126792],[1038713.643500000238419,1609298.661299999803305],[1038722.840200000442564,1609296.95299999974668],[1038735.9644,1609350.4517],[1038789.057300000451505,1609321.9671],[1038780.992499999701977,1609284.01799999922514],[1038746.5044,1609290.925000000745058],[1038736.720200000330806,1609227.8969],[1038733.643500000238419,1609228.511299999430776],[1038729.173600000329316,1609218.35249999910593],[1038682.6804,1609225.599700000137091],[1038672.51630000025034,1609226.384199999272823],[1038667.156000000424683,1609204.419700000435114],[1038693.3394,1609199.38370000012219],[1038683.726800000295043,1609134.479900000616908]]]]}},
{"type":"Feature","properties":{"รหัสกลุ่มคิว":"71/002","รหัสรับเหมา":"738889","ชื่อ-สกุล รับเหมา":"รถตัดโรงงานเบอร์ 24","นักเกษตร":"7101","ศูนย์":"K2-71","โควตา":"773253","ชาวไร่":"นาง แคลน แพงสุภา","ประเภทอ้อย":"ตอ1","พื้นที่":5.5,"ตันรวม":49.5,"รหัสแปลง":"321301090061","กลุ่ม":"กลุ่ม_71"},"geometry":{"type":"MultiPolygon","coordinates":[[[[1036591.844399999827147,1610727.791500000283122],[1036477.704400000162423,1610738.202099999412894],[1036484.2303,1610783.670700000599027],[1036463.769000000320375,1610786.627100000157952],[1036471.463000000454485,1610817.206900000572205],[1036583.511300000362098,1610803.083000000566244],[1036581.3591,1610793.279100000858307],[1036585.173700000159442,1610788.3838],[1036584.74239999987185,1610773.666799999773502],[1036599.595499999821186,1610771.408600000664592],[1036591.844399999827147,1610727.791500000283122]]]]}},
{"type":"Feature","properties":{"รหัสกลุ่มคิว":"71/002","รหัสรับเหมา":"738889","ชื่อ-สกุล รับเหมา":"รถตัดโรงงานเบอร์ 24","นักเกษตร":"7101","ศูนย์":"K2-71","โควตา":"770834","ชาวไร่":"น.ส. จี๋ว จันทร์แสน","ประเภทอ้อย":"ตอ1","พื้นที่":4.67,"ตันรวม":42.03,"รหัสแปลง":"321301090117","กลุ่ม":"กลุ่ม_71"},"geometry":{"type":"MultiPolygon","coordinates":[[[[1036503.887299999594688,1610634.486600000411272],[1036429.56180000025779,1610642.701400000602007],[1036452.0554,1610740.6776],[1036526.1974,1610732.970799999311566],[1036503.887299999594688,1610634.486600000411272]]]]}},
{"type":"Feature","properties":{"รหัสกลุ่มคิว":"71/002","รหัสรับเหมา":"738889","ชื่อ-สกุล รับเหมา":"รถตัดโรงงานเบอร์ 24","นักเกษตร":"7101","ศูนย์":"K2-71","โควตา":"773504","ชาวไร่":"นาง สมพร วาหะมงคล","ประเภทอ้อย":"ตอ1","พื้นที่":5.22,"ตันรวม":46.98,"รหัสแปลง":"321301090127","กลุ่ม":"กลุ่ม_71"},"geometry":{"type":"MultiPolygon","coordinates":[[[[1037814.674800000153482,1610450.661100000143051],[1037799.090099999681115,1610329.421399999409914],[1037782.464499999769032,1610184.283700000494719],[1037749.959099999628961,1610192.9057],[1037786.591099999845028,1610462.652499999850988],[1037814.674800000153482,1610450.661100000143051]]]]}},
{"type":"Feature","properties":{"รหัสกลุ่มคิว":"71/002","รหัสรับเหมา":"738889","ชื่อ-สกุล รับเหมา":"รถตัดโรงงานเบอร์ 24","นักเกษตร":"7101","ศูนย์":"K2-71","โควตา":"774175","ชาวไร่":"นางสาว มนตรา บุญสระรัมย์","ประเภทอ้อย":"ปลายฝน","พื้นที่":5.22,"ตันรวม":67.86,"รหัสแปลง":"321301091516","กลุ่ม":"กลุ่ม_71"},"geometry":{"type":"MultiPolygon","coordinates":[[[[1037051.5828,1610577.9527000002563],[1037078.298899999819696,1610570.359300000593066],[1037011.564500000327826,1610254.455299999564886],[1036988.381099999882281,1610260.694199999794364],[1037051.5828,1610577.9527000002563]]]]}},
{"type":"Feature","properties":{"รหัสกลุ่มคิว":"71/002","รหัสรับเหมา":"738889","ชื่อ-สกุล รับเหมา":"รถตัดโรงงานเบอร์ 24","นักเกษตร":"7101","ศูนย์":"K2-71","โควตา":"770911","ชาวไร่":"นาง สม ม่วงละออ","ประเภทอ้อย":"ปลายฝน","พื้นที่":5.27,"ตันรวม":68.51,"รหัสแปลง":"321301091519","กลุ่ม":"กลุ่ม_71"},"geometry":{"type":"MultiPolygon","coordinates":[[[[1036323.206799999810755,1611374.947100000455976],[1036328.032599999569356,1611291.702099999412894],[1036228.22649999987334,1611289.5482],[1036226.576000000350177,1611378.096699999645352],[1036323.206799999810755,1611374.947100000455976]]]]}},
{"type":"Feature","properties":{"รหัสกลุ่มคิว":"71/002","รหัสรับเหมา":"738889","ชื่อ-สกุล รับเหมา":"รถตัดโรงงานเบอร์ 24","นักเกษตร":"7101","ศูนย์":"K2-71","โควตา":"773721","ชาวไร่":"นางสาว ณัฐรินีย์ มั่นใจ","ประเภทอ้อย":"ตอ1","พื้นที่":6.31,"ตันรวม":56.79,"รหัสแปลง":"321301111065","กลุ่ม":"กลุ่ม_71"},"geometry":{"type":"MultiPolygon","coordinates":[[[[1029661.145200000144541,1612119.784800000488758],[1029656.127500000409782,1612101.730100000277162],[1029653.9929,1612092.063200000673532],[1029656.453700000420213,1612078.240000000223517],[1029656.472900000400841,1612068.98960000090301],[1029656.075899999588728,1612062.32039999961853],[1029653.953300000168383,1612052.098799999803305],[1029649.9973,1612043.317700000479817],[1029644.60010000038892,1612034.505599999800324],[1029599.155399999581277,1612035.746200000867248],[1029572.86600000038743,1612034.624500000849366],[1029563.86670000012964,1612034.060499999672174],[1029539.8427,1612028.177300000563264],[1029517.9605,1612023.2653],[1029488.203700000420213,1612015.778400000184774],[1029483.436300000175834,1612061.374600000679493],[1029661.145200000144541,1612119.784800000488758]]]]}},
{"type":"Feature","properties":{"รหัสกลุ่มคิว":"71/002","รหัสรับเหมา":"738889","ชื่อ-สกุล รับเหมา":"รถตัดโรงงานเบอร์ 24","นักเกษตร":"7101","ศูนย์":"K2-71","โควตา":"773478","ชาวไร่":"นาย สมรอบ ที่ดี","ประเภทอ้อย":"ปลายฝน","พื้นที่":4.29,"ตันรวม":55.77,"รหัสแปลง":"321301111529","กลุ่ม":"กลุ่ม_71"},"geometry":{"type":"MultiPolygon","coordinates":[[[[1028056.791400000452995,1612168.690500000491738],[1028083.930100000463426,1612230.882999999448657],[1028108.3207,1612228.077099999412894],[1028112.965900000184774,1612238.352600000798702],[1028166.506699999794364,1612204.166300000622869],[1028129.334599999710917,1612130.842199999839067],[1028056.791400000452995,1612168.690500000491738]]]]}},
{"type":"Feature","properties":{"รหัสกลุ่มคิว":"71/002","รหัสรับเหมา":"738889","ชื่อ-สกุล รับเหมา":"รถตัดโรงงานเบอร์ 24","นักเกษตร":"7101","ศูนย์":"K2-71","โควตา":"771005","ชาวไร่":"นาย สุรินทร์ สายกระสุน","ประเภทอ้อย":"ตอ1","พื้นที่":9.69,"ตันรวม":87.21,"รหัสแปลง":"321301111598","กลุ่ม":"กลุ่ม_71"},"geometry":{"type":"MultiPolygon","coordinates":[[[[1031591.83420000039041,1614747.7171],[1031555.1738,1614659.777200000360608],[1031543.265100000426173,1614660.444299999624491],[1031537.71750000026077,1614642.006899999454618],[1031426.707899999804795,1614666.799799999222159],[1031457.275500000454485,1614786.4309],[1031591.83420000039041,1614747.7171]]]]}},
{"type":"Feature","properties":{"รหัสกลุ่มคิว":"71/002","รหัสรับเหมา":"738889","ชื่อ-สกุล รับเหมา":"รถตัดโรงงานเบอร์ 24","นักเกษตร":"7101","ศูนย์":"K2-71","โควตา":"774159","ชาวไร่":"นาย นิคม คำเสมอ","ประเภทอ้อย":"ปลายฝน","พื้นที่":4.43,"ตันรวม":57.59,"รหัสแปลง":"321302050227","กลุ่ม":"กลุ่ม_71"},"geometry":{"type":"MultiPolygon","coordinates":[[[[1038688.370699999853969,1609360.299200000241399],[1038707.350599999539554,1609354.0088],[1038723.0313,1609409.204299999400973],[1038791.302199999801815,1609367.209599999710917],[1038785.677699999883771,1609320.512000000104308],[1038737.220200000330806,1609346.842000000178814],[1038723.116499999538064,1609302.466900000348687],[1038709.727800000458956,1609296.690500000491738],[1038710.4233,1609291.6974],[1038703.895399999804795,1609287.55210000090301],[1038694.707299999892712,1609287.826199999079108],[1038690.991100000217557,1609270.858200000599027],[1038675.026399999856949,1609273.6086],[1038688.370699999853969,1609360.299200000241399]]]]}},
{"type":"Feature","properties":{"รหัสกลุ่มคิว":"71/001","รหัสรับเหมา":"733638","ชื่อ-สกุล รับเหมา":"นาย สิทธิชัย ธรรมสุข","นักเกษตร":"7104","ศูนย์":"K2-71","โควตา":"773506","ชาวไร่":"นาย สังวาล ทองพงค์","ประเภทอ้อย":"ตอ2","พื้นที่":12.84,"ตันรวม":102.72,"รหัสแปลง":"321305041578","กลุ่ม":"กลุ่ม_71"},"geometry":{"type":"MultiPolygon","coordinates":[[[[1028749.088100000284612,1605573.660499999299645],[1028530.5482,1605582.653100000694394],[1028533.521499999798834,1605615.973200000822544],[1028536.454900000244379,1605616.136199999600649],[1028540.670800000429153,1605618.017100000753999],[1028544.759399999864399,1605623.573999999091029],[1028554.11739999987185,1605665.291200000792742],[1028559.186599999666214,1605666.527699999511242],[1028573.4068,1605680.164300000295043],[1028574.313400000333786,1605685.5636],[1028673.524000000208616,1605673.721899999305606],[1028753.878499999642372,1605673.396999999880791],[1028749.088100000284612,1605573.660499999299645]]]]}},
{"type":"Feature","properties":{"รหัสกลุ่มคิว":"71/002","รหัสรับเหมา":"738889","ชื่อ-สกุล รับเหมา":"รถตัดโรงงานเบอร์ 24","นักเกษตร":"7101","ศูนย์":"K2-71","โควตา":"774164","ชาวไร่":"นาง สุวรรณจิตร ชุ่มมาก","ประเภทอ้อย":"ปลายฝน","พื้นที่":2.91,"ตันรวม":37.83,"รหัสแปลง":"321304011507","กลุ่ม":"กลุ่ม_71"},"geometry":{"type":"MultiPolygon","coordinates":[[[[1038448.04619999974966,1618125.527200000360608],[1038486.77240000013262,1618254.535700000822544],[1038523.650399999693036,1618235.971200000494719],[1038475.520700000226498,1618114.827099999412894],[1038448.04619999974966,1618125.527200000360608]]]]}},
{"type":"Feature","properties":{"รหัสกลุ่มคิว":"71/001","รหัสรับเหมา":"733638","ชื่อ-สกุล รับเหมา":"นาย สิทธิชัย ธรรมสุข","นักเกษตร":"7104","ศูนย์":"K2-71","โควตา":"771278","ชาวไร่":"นาย สงวน ราชรักษ์","ประเภทอ้อย":"ตอ1","พื้นที่":20.69,"ตันรวม":186.21,"รหัสแปลง":"321305040213","กลุ่ม":"กลุ่ม_71"},"geometry":{"type":"MultiPolygon","coordinates":[[[[1027807.38399999961257,1606746.759099999442697],[1027665.869,1606755.570499999448657],[1027647.334599999710917,1606787.735600000247359],[1027636.559000000357628,1606929.037799999117851],[1027650.6744,1606934.8902000002563],[1027832.819799999706447,1606939.529799999669194],[1027835.468999999575317,1606916.830199999734759],[1027807.38399999961257,1606746.759099999442697]]]]}},
{"type":"Feature","properties":{"รหัสกลุ่มคิว":"71/001","รหัสรับเหมา":"733638","ชื่อ-สกุล รับเหมา":"นาย สิทธิชัย ธรรมสุข","นักเกษตร":"7104","ศูนย์":"K2-71","โควตา":"773442","ชาวไร่":"นาง สุรีวรรณ แก้วดี","ประเภทอ้อย":"ตอ1","พื้นที่":7.78,"ตันรวม":70.02,"รหัสแปลง":"321305040353","กลุ่ม":"กลุ่ม_71"},"geometry":{"type":"MultiPolygon","coordinates":[[[[1028770.3942,1605455.283500000834465],[1028767.729899999685585,1605536.455199999734759],[1028908.642799999564886,1605537.079500000923872],[1028927.267300000414252,1605540.353900000452995],[1028930.348600000143051,1605534.911599999293685],[1028932.2358,1605517.082599999383092],[1028920.3399,1605505.285299999639392],[1028913.18030000012368,1605493.73369999974966],[1028910.05559999961406,1605483.436300000175834],[1028904.667999999597669,1605468.312599999830127],[1028897.113900000229478,1605458.250600000843406],[1028884.809299999848008,1605454.516200000420213],[1028858.539200000464916,1605448.403000000864267],[1028770.3942,1605455.283500000834465]]]]}},
{"type":"Feature","properties":{"รหัสกลุ่มคิว":"71/002","รหัสรับเหมา":"738889","ชื่อ-สกุล รับเหมา":"รถตัดโรงงานเบอร์ 24","นักเกษตร":"7101","ศูนย์":"K2-71","โควตา":"774171","ชาวไร่":"นางสาว สุระนา ดีมาก","ประเภทอ้อย":"ตอ1","พื้นที่":6.89,"ตันรวม":62.01,"รหัสแปลง":"321306061515","กลุ่ม":"กลุ่ม_71"},"geometry":{"type":"MultiPolygon","coordinates":[[[[1033669.136800000444055,1614406.57799999974668],[1033690.019299999810755,1614466.540400000289083],[1033791.2363,1614446.797900000587106],[1033745.483199999667704,1614331.407700000330806],[1033715.167700000107288,1614341.129499999806285],[1033719.11600000038743,1614351.969399999827147],[1033684.971300000324845,1614364.556399999186397],[1033677.703300000168383,1614353.143799999728799],[1033661.400600000284612,1614358.371799999848008],[1033669.136800000444055,1614406.57799999974668]]]]}},
{"type":"Feature","properties":{"รหัสกลุ่มคิว":"71/002","รหัสรับเหมา":"738889","ชื่อ-สกุล รับเหมา":"รถตัดโรงงานเบอร์ 24","นักเกษตร":"7101","ศูนย์":"K2-71","โควตา":"773567","ชาวไร่":"นาง จำปี ตระกูลเชียงแก้ว","ประเภทอ้อย":"ปลายฝน","พื้นที่":6.87,"ตันรวม":89.31,"รหัสแปลง":"321306070093","กลุ่ม":"กลุ่ม_71"},"geometry":{"type":"MultiPolygon","coordinates":[[[[1035439.798600000329316,1618229.6985],[1035442.948800000362098,1618201.399700000882149],[1035436.014899999834597,1618186.828700000420213],[1035440.7264,1618178.1491],[1035436.580299999564886,1618168.4463],[1035435.101800000295043,1618158.782999999821186],[1035440.6162,1618162.105200000107288],[1035401.2209,1618068.737700000405312],[1035349.9879,1618101.454600000753999],[1035345.900999999605119,1618105.899299999698997],[1035357.905299999751151,1618136.3169],[1035395.86809999961406,1618226.689099999144673],[1035419.043600000441074,1618258.418099999427795],[1035420.915699999779463,1618262.053899999707937],[1035429.192499999888241,1618261.599899999797344],[1035433.0504,1618261.0482],[1035445.811099999584258,1618234.459799999371171],[1035440.972299999557436,1618232.290899999439716],[1035439.798600000329316,1618229.6985]]]]}},
{"type":"Feature","properties":{"รหัสกลุ่มคิว":"71/002","รหัสรับเหมา":"738889","ชื่อ-สกุล รับเหมา":"รถตัดโรงงานเบอร์ 24","นักเกษตร":"7101","ศูนย์":"K2-71","โควตา":"770278","ชาวไร่":"นาย สนิ เสียงสนั่น","ประเภทอ้อย":"ตอ1","พื้นที่":6.18,"ตันรวม":55.62,"รหัสแปลง":"321006010049","กลุ่ม":"กลุ่ม_71"},"geometry":{"type":"MultiPolygon","coordinates":[[[[1027295.5959,1616015.205800000578165],[1027294.2944,1616020.941999999806285],[1027276.870000000111759,1616022.0976],[1027273.368200000375509,1616091.345200000330806],[1027417.253100000321865,1616082.750499999150634],[1027421.2851,1616020.464700000360608],[1027295.5959,1616015.205800000578165]]]]}},
{"type":"Feature","properties":{"รหัสกลุ่มคิว":"71/001","รหัสรับเหมา":"733638","ชื่อ-สกุล รับเหมา":"นาย สิทธิชัย ธรรมสุข","นักเกษตร":"7104","ศูนย์":"K2-71","โควตา":"730145","ชาวไร่":"นาย สมพร สุบิน","ประเภทอ้อย":"ตอ2","พื้นที่":3.45,"ตันรวม":27.6,"รหัสแปลง":"321017010133","กลุ่ม":"กลุ่ม_71"},"geometry":{"type":"MultiPolygon","coordinates":[[[[1020635.829800000414252,1603840.870400000363588],[1020709.3788,1603841.658399999141693],[1020715.7582,1603770.491800000891089],[1020645.106800000183284,1603760.251599999144673],[1020635.829800000414252,1603840.870400000363588]]]]}},
{"type":"Feature","properties":{"รหัสกลุ่มคิว":"71/001","รหัสรับเหมา":"733638","ชื่อ-สกุล รับเหมา":"นาย สิทธิชัย ธรรมสุข","นักเกษตร":"7104","ศูนย์":"K2-71","โควตา":"733510","ชาวไร่":"นาย สุรัตน์ เหมือนวาจา","ประเภทอ้อย":"ปลายฝน","พื้นที่":17.98,"ตันรวม":233.74,"รหัสแปลง":"321017060191","กลุ่ม":"กลุ่ม_71"},"geometry":{"type":"MultiPolygon","coordinates":[[[[1026336.507399999536574,1607740.067099999636412],[1026456.036899999715388,1607772.777100000530481],[1026481.9951,1607679.903100000694394],[1026481.246000000275671,1607579.9831000007689],[1026464.545400000177324,1607577.036100000143051],[1026459.088100000284612,1607562.489],[1026392.7983,1607552.007400000467896],[1026395.110500000417233,1607545.026499999687076],[1026336.423499999567866,1607533.042500000447035],[1026336.507399999536574,1607740.067099999636412]]]]}},
{"type":"Feature","properties":{"รหัสกลุ่มคิว":"71/001","รหัสรับเหมา":"733638","ชื่อ-สกุล รับเหมา":"นาย สิทธิชัย ธรรมสุข","นักเกษตร":"7104","ศูนย์":"K2-71","โควตา":"730081","ชาวไร่":"นาย เจ็ด มีเหมาะ","ประเภทอ้อย":"ตอ1","พื้นที่":10.71,"ตันรวม":96.39,"รหัสแปลง":"321017060212","กลุ่ม":"กลุ่ม_71"},"geometry":{"type":"MultiPolygon","coordinates":[[[[1026565.205699999816716,1607666.140599999576807],[1026483.596900000236928,1607638.680600000545382],[1026480.7473,1607670.811000000685453],[1026552.687699999660254,1607686.778999999165535],[1026558.5773,1607672.659199999645352],[1026689.898,1607718.75789999961853],[1026726.380699999630451,1607749.13910000026226],[1026742.57909999974072,1607716.553999999538064],[1026723.751500000245869,1607695.060599999502301],[1026713.000300000421703,1607633.03800000064075],[1026574.507799999788404,1607585.121099999174476],[1026565.205699999816716,1607666.140599999576807]]]]}},
{"type":"Feature","properties":{"รหัสกลุ่มคิว":"71/001","รหัสรับเหมา":"733638","ชื่อ-สกุล รับเหมา":"นาย สิทธิชัย ธรรมสุข","นักเกษตร":"7104","ศูนย์":"K2-71","โควตา":"733510","ชาวไร่":"นาย สุรัตน์ เหมือนวาจา","ประเภทอ้อย":"ปลายฝน","พื้นที่":1.06,"ตันรวม":13.78,"รหัสแปลง":"321017060254","กลุ่ม":"กลุ่ม_71"},"geometry":{"type":"MultiPolygon","coordinates":[[[[1026335.622399999760091,1607739.308199999853969],[1026332.770600000396371,1607763.113199999555945],[1026394.722199999727309,1607782.567399999126792],[1026399.290400000289083,1607754.358899999409914],[1026335.622399999760091,1607739.308199999853969]]]]}},
{"type":"Feature","properties":{"รหัสกลุ่มคิว":"71/001","รหัสรับเหมา":"733638","ชื่อ-สกุล รับเหมา":"นาย สิทธิชัย ธรรมสุข","นักเกษตร":"7104","ศูนย์":"K2-71","โควตา":"733475","ชาวไร่":"นาง แดน นันทา","ประเภทอ้อย":"ปลายฝน","พื้นที่":11.44,"ตันรวม":148.72,"รหัสแปลง":"321017070108","กลุ่ม":"กลุ่ม_71"},"geometry":{"type":"MultiPolygon","coordinates":[[[[1026103.895999999716878,1609571.975099999457598],[1026136.392300000414252,1609555.869400000199676],[1026142.721400000154972,1609553.975600000470877],[1026159.561499999836087,1609544.919099999591708],[1026170.85329999960959,1609539.328400000929832],[1026176.850700000301003,1609537.214299999177456],[1026186.534400000236928,1609533.346400000154972],[1026199.295699999667704,1609529.38120000064373],[1026214.519600000232458,1609527.2346],[1026242.00069999974221,1609525.67989999987185],[1026245.8098,1609523.087200000882149],[1026252.410000000149012,1609402.259199999272823],[1026181.063799999654293,1609400.35190000012517],[1026124.502999999560416,1609401.030899999663234],[1026117.116100000217557,1609455.242799999192357],[1026138.800300000235438,1609455.075799999758601],[1026133.227800000458956,1609471.914799999445677],[1026116.641699999570847,1609472.829],[1026103.895999999716878,1609571.975099999457598]]]]}},
{"type":"Feature","properties":{"รหัสกลุ่มคิว":"71/002","รหัสรับเหมา":"738889","ชื่อ-สกุล รับเหมา":"รถตัดโรงงานเบอร์ 24","นักเกษตร":"7101","ศูนย์":"K2-71","โควตา":"773715","ชาวไร่":"นาง เพชรลดา มณีตา","ประเภทอ้อย":"ปลายฝน","พื้นที่":10.52,"ตันรวม":136.76,"รหัสแปลง":"321301081519","กลุ่ม":"กลุ่ม_71"},"geometry":{"type":"MultiPolygon","coordinates":[[[[1036595.0044,1609485.614199999719858],[1036590.185600000433624,1609564.351399999111891],[1036587.732900000177324,1609606.601099999621511],[1036606.478799999691546,1609613.564500000327826],[1036640.676799999549985,1609623.678099999204278],[1036672.48369999974966,1609635.615800000727177],[1036688.0318,1609643.051300000399351],[1036696.747899999842048,1609646.643100000917912],[1036703.50899999961257,1609648.429199999198318],[1036719.895399999804795,1609650.304199999198318],[1036723.366399999707937,1609625.500199999660254],[1036725.00789999961853,1609596.606300000101328],[1036723.303600000217557,1609556.915899999439716],[1036717.8805,1609518.872999999672174],[1036595.0044,1609485.614199999719858]]]]}},
{"type":"Feature","properties":{"รหัสกลุ่มคิว":"71/002","รหัสรับเหมา":"738889","ชื่อ-สกุล รับเหมา":"รถตัดโรงงานเบอร์ 24","นักเกษตร":"7101","ศูนย์":"K2-71","โควตา":"773019","ชาวไร่":"นาง สี ดวงอินทร์","ประเภทอ้อย":"ปลายฝน","พื้นที่":4.37,"ตันรวม":56.81,"รหัสแปลง":"321301081521","กลุ่ม":"กลุ่ม_71"},"geometry":{"type":"MultiPolygon","coordinates":[[[[1036850.017400000244379,1609522.468800000846386],[1036787.912700000219047,1609510.173100000247359],[1036800.3942,1609666.582599999383092],[1036835.617200000211596,1609653.407800000160933],[1036850.017400000244379,1609522.468800000846386]]]]}},
{"type":"Feature","properties":{"รหัสกลุ่มคิว":"71/002","รหัสรับเหมา":"738889","ชื่อ-สกุล รับเหมา":"รถตัดโรงงานเบอร์ 24","นักเกษตร":"7101","ศูนย์":"K2-71","โควตา":"771281","ชาวไร่":"น.ส. พัฒนา กล้าแข็ง","ประเภทอ้อย":"ตอ2","พื้นที่":13.75,"ตันรวม":110.0,"รหัสแปลง":"321301081531","กลุ่ม":"กลุ่ม_71"},"geometry":{"type":"MultiPolygon","coordinates":[[[[1036572.456299999728799,1610116.435499999672174],[1036394.316499999724329,1610138.669399999082088],[1036409.546299999579787,1610283.102299999445677],[1036601.605899999849498,1610196.665100000798702],[1036572.456299999728799,1610116.435499999672174]]]]}},
{"type":"Feature","properties":{"รหัสกลุ่มคิว":"71/002","รหัสรับเหมา":"738889","ชื่อ-สกุล รับเหมา":"รถตัดโรงงานเบอร์ 24","นักเกษตร":"7101","ศูนย์":"K2-71","โควตา":"770153","ชาวไร่":"นาย สมบัติ แสนดี","ประเภทอ้อย":"ปลายฝน","พื้นที่":2.62,"ตันรวม":34.06,"รหัสแปลง":"321301121546","กลุ่ม":"กลุ่ม_71"},"geometry":{"type":"MultiPolygon","coordinates":[[[[1032521.683000000193715,1614436.62639999948442],[1032527.5729,1614603.278999999165535],[1032552.581000000238419,1614602.770400000736117],[1032547.584099999628961,1614439.245100000873208],[1032521.683000000193715,1614436.62639999948442]]]]}},
{"type":"Feature","properties":{"รหัสกลุ่มคิว":"71/001","รหัสรับเหมา":"733638","ชื่อ-สกุล รับเหมา":"นาย สิทธิชัย ธรรมสุข","นักเกษตร":"7104","ศูนย์":"K2-71","โควตา":"770432","ชาวไร่":"นาง สุเมร ชาญเชี่ยว","ประเภทอ้อย":"ตอ1","พื้นที่":6.18,"ตันรวม":55.62,"รหัสแปลง":"321305040362","กลุ่ม":"กลุ่ม_71"},"geometry":{"type":"MultiPolygon","coordinates":[[[[1028741.489799999631941,1605811.535700000822544],[1028803.978699999861419,1605796.931800000369549],[1028804.123100000433624,1605791.887199999764562],[1028796.337799999862909,1605713.092000000178814],[1028791.3794,1605674.562599999830127],[1028705.888000000268221,1605673.577099999412894],[1028741.489799999631941,1605811.535700000822544]]]]}},
{"type":"Feature","properties":{"รหัสกลุ่มคิว":"71/002","รหัสรับเหมา":"738889","ชื่อ-สกุล รับเหมา":"รถตัดโรงงานเบอร์ 24","นักเกษตร":"7101","ศูนย์":"K2-71","โควตา":"730441","ชาวไร่":"นาย เด่น เอิบสุข","ประเภทอ้อย":"ปลายฝน","พื้นที่":9.84,"ตันรวม":127.92,"รหัสแปลง":"321015041521","กลุ่ม":"กลุ่ม_71"},"geometry":{"type":"MultiPolygon","coordinates":[[[[1029972.621299999766052,1618987.1656],[1029963.879099999554455,1618953.073400000110269],[1029944.203700000420213,1618942.501900000497699],[1029940.886300000362098,1618929.293700000271201],[1029952.695600000210106,1618909.460999999195337],[1029949.362200000323355,1618896.46169999986887],[1029774.135300000198185,1618939.037200000137091],[1029790.023699999786913,1619003.7686],[1029794.627500000409782,1619022.474700000137091],[1029972.621299999766052,1618987.1656]]]]}},
{"type":"Feature","properties":{"รหัสกลุ่มคิว":"71/001","รหัสรับเหมา":"733638","ชื่อ-สกุล รับเหมา":"นาย สิทธิชัย ธรรมสุข","นักเกษตร":"7104","ศูนย์":"K2-71","โควตา":"730094","ชาวไร่":"นาย ยศ แรงหาญ","ประเภทอ้อย":"ตอ2","พื้นที่":6.71,"ตันรวม":53.68,"รหัสแปลง":"321017010126","กลุ่ม":"กลุ่ม_71"},"geometry":{"type":"MultiPolygon","coordinates":[[[[1021957.472699999809265,1603600.776499999687076],[1021939.327100000344217,1603409.598300000652671],[1021880.5488,1603426.884800000116229],[1021903.433000000193715,1603607.496300000697374],[1021957.472699999809265,1603600.776499999687076]]]]}},
{"type":"Feature","properties":{"รหัสกลุ่มคิว":"71/001","รหัสรับเหมา":"733638","ชื่อ-สกุล รับเหมา":"นาย สิทธิชัย ธรรมสุข","นักเกษตร":"7104","ศูนย์":"K2-71","โควตา":"733924","ชาวไร่":"นาย วรสิทธิ์ เตี้ยเเอก","ประเภทอ้อย":"ตอ1","พื้นที่":5.66,"ตันรวม":50.94,"รหัสแปลง":"321017011536","กลุ่ม":"กลุ่ม_71"},"geometry":{"type":"MultiPolygon","coordinates":[[[[1022672.9983,1606957.2357],[1022671.8902000002563,1606941.487400000914931],[1022675.803299999795854,1606926.95549999922514],[1022681.99210000038147,1606907.10700000077486],[1022683.143899999558926,1606895.291600000113249],[1022687.260700000450015,1606879.654100000858307],[1022687.789800000376999,1606863.200500000268221],[1022687.504200000315905,1606851.169600000604987],[1022664.987099999561906,1606850.507200000807643],[1022657.659900000318885,1606805.027499999850988],[1022591.663200000301003,1606814.728199999779463],[1022584.86739999987185,1606837.708799999207258],[1022587.244400000199676,1606861.623800000175834],[1022588.1606,1606877.923000000417233],[1022597.8816,1606887.00899999961257],[1022603.501899999566376,1606893.972999999299645],[1022643.910500000230968,1606892.424799999222159],[1022647.661299999803305,1606953.55350000038743],[1022672.9983,1606957.2357]]]]}},
{"type":"Feature","properties":{"รหัสกลุ่มคิว":"71/001","รหัสรับเหมา":"733638","ชื่อ-สกุล รับเหมา":"นาย สิทธิชัย ธรรมสุข","นักเกษตร":"7104","ศูนย์":"K2-71","โควตา":"733378","ชาวไร่":"นาย ชาญชัย จารัตน์","ประเภทอ้อย":"ตอ1","พื้นที่":4.98,"ตันรวม":44.82,"รหัสแปลง":"321017061616","กลุ่ม":"กลุ่ม_71"},"geometry":{"type":"MultiPolygon","coordinates":[[[[1026006.64809999987483,1607824.4156],[1026063.423499999567866,1607833.028100000694394],[1026078.020899999886751,1607698.100199999287724],[1026018.7347,1607688.879100000485778],[1026006.64809999987483,1607824.4156]]]]}},
{"type":"Feature","properties":{"รหัสกลุ่มคิว":"71/001","รหัสรับเหมา":"733638","ชื่อ-สกุล รับเหมา":"นาย สิทธิชัย ธรรมสุข","นักเกษตร":"7104","ศูนย์":"K2-71","โควตา":"733260","ชาวไร่":"นาย สวัสดิ์ ปุ่มแม่น","ประเภทอ้อย":"ตอ2","พื้นที่":7.16,"ตันรวม":57.28,"รหัสแปลง":"321017071521","กลุ่ม":"กลุ่ม_71"},"geometry":{"type":"MultiPolygon","coordinates":[[[[1023507.0932,1609753.458599999547005],[1023489.5751,1609632.118000000715256],[1023397.551300000399351,1609642.0307],[1023414.817800000309944,1609765.257200000807643],[1023507.0932,1609753.458599999547005]]]]}},
{"type":"Feature","properties":{"รหัสกลุ่มคิว":"71/001","รหัสรับเหมา":"733638","ชื่อ-สกุล รับเหมา":"นาย สิทธิชัย ธรรมสุข","นักเกษตร":"7104","ศูนย์":"K2-71","โควตา":"733372","ชาวไร่":"นาย บุญ มณฑล","ประเภทอ้อย":"ตอ2","พื้นที่":7.63,"ตันรวม":61.04,"รหัสแปลง":"321017071570","กลุ่ม":"กลุ่ม_71"},"geometry":{"type":"MultiPolygon","coordinates":[[[[1025712.058000000193715,1610944.420099999755621],[1025787.467799999751151,1610961.675300000235438],[1025776.729799999855459,1610780.842499999329448],[1025708.078200000338256,1610785.069199999794364],[1025712.058000000193715,1610944.420099999755621]]]]}},
{"type":"Feature","properties":{"รหัสกลุ่มคิว":"71/001","รหัสรับเหมา":"733638","ชื่อ-สกุล รับเหมา":"นาย สิทธิชัย ธรรมสุข","นักเกษตร":"7104","ศูนย์":"K2-71","โควตา":"733741","ชาวไร่":"นาง สมนึก มีดี","ประเภทอ้อย":"ตอ1","พื้นที่":12.57,"ตันรวม":113.13,"รหัสแปลง":"321017071571","กลุ่ม":"กลุ่ม_71"},"geometry":{"type":"MultiPolygon","coordinates":[[[[1026152.967400000430644,1608719.985200000926852],[1026274.05350000038743,1608738.6086],[1026275.783599999733269,1608822.41300000064075],[1026349.7571,1608829.614399999380112],[1026346.5318,1608763.76380000077188],[1026267.632299999706447,1608624.9518],[1026150.249200000427663,1608655.6996],[1026152.967400000430644,1608719.985200000926852]]]]}},
{"type":"Feature","properties":{"รหัสกลุ่มคิว":"71/001","รหัสรับเหมา":"733638","ชื่อ-สกุล รับเหมา":"นาย สิทธิชัย ธรรมสุข","นักเกษตร":"7104","ศูนย์":"K2-71","โควตา":"733414","ชาวไร่":"นาย บัวลอย สมสุข","ประเภทอ้อย":"ตอ1","พื้นที่":14.64,"ตันรวม":131.76,"รหัสแปลง":"321017071574","กลุ่ม":"กลุ่ม_71"},"geometry":{"type":"MultiPolygon","coordinates":[[[[1024391.168100000359118,1608913.689899999648333],[1024388.911899999715388,1609084.415999999269843],[1024542.764600000344217,1609066.200099999085069],[1024542.3065,1608999.792199999094009],[1024553.598299999721348,1608936.012800000607967],[1024391.168100000359118,1608913.689899999648333]]]]}},
{"type":"Feature","properties":{"รหัสกลุ่มคิว":"71/002","รหัสรับเหมา":"738889","ชื่อ-สกุล รับเหมา":"รถตัดโรงงานเบอร์ 24","นักเกษตร":"7101","ศูนย์":"K2-71","โควตา":"773742","ชาวไร่":"นาย บุญลือ มาลาศรี","ประเภทอ้อย":"ปลายฝน","พื้นที่":6.42,"ตันรวม":83.46,"รหัสแปลง":"321301031534","กลุ่ม":"กลุ่ม_71"},"geometry":{"type":"MultiPolygon","coordinates":[[[[1031531.207000000402331,1614549.838899999856949],[1031346.628999999724329,1614575.239299999549985],[1031346.628899999894202,1614575.24379999935627],[1031345.7961,1614636.450300000607967],[1031537.983300000429153,1614596.642000000923872],[1031531.207000000402331,1614549.838899999856949]]]]}},
{"type":"Feature","properties":{"รหัสกลุ่มคิว":"71/002","รหัสรับเหมา":"738889","ชื่อ-สกุล รับเหมา":"รถตัดโรงงานเบอร์ 24","นักเกษตร":"7101","ศูนย์":"K2-71","โควตา":"773715","ชาวไร่":"นาง เพชรลดา มณีตา","ประเภทอ้อย":"ตอ2","พื้นที่":9.47,"ตันรวม":75.76,"รหัสแปลง":"321301080086","กลุ่ม":"กลุ่ม_71"},"geometry":{"type":"MultiPolygon","coordinates":[[[[1036429.3991,1609616.6228],[1036430.728500000201166,1609617.662000000476837],[1036435.0378,1609624.695800000801682],[1036439.282100000418723,1609628.906099999323487],[1036450.925300000235438,1609633.381999999284744],[1036453.684899999760091,1609628.150900000706315],[1036491.129800000227988,1609621.20130000077188],[1036486.723299999721348,1609588.011199999600649],[1036511.1223,1609590.229499999433756],[1036514.625799999572337,1609577.07010000012815],[1036511.330199999734759,1609443.801699999719858],[1036454.816800000146031,1609442.494400000199676],[1036454.1491,1609448.809100000187755],[1036442.993900000117719,1609443.2314],[1036436.163599999621511,1609450.725199999287724],[1036418.943699999712408,1609487.831399999558926],[1036415.735100000165403,1609497.040500000119209],[1036415.560600000433624,1609502.612099999561906],[1036416.410400000400841,1609508.090600000694394],[1036417.3119,1609511.338700000196695],[1036419.488800000399351,1609517.807600000873208],[1036419.917899999767542,1609518.861600000411272],[1036421.629800000227988,1609524.830700000748038],[1036429.3991,1609616.6228]]]]}},
{"type":"Feature","properties":{"รหัสกลุ่มคิว":"71/002","รหัสรับเหมา":"738889","ชื่อ-สกุล รับเหมา":"รถตัดโรงงานเบอร์ 24","นักเกษตร":"7101","ศูนย์":"K2-71","โควตา":"771059","ชาวไร่":"นางสาว มณีกาน คำลุน","ประเภทอ้อย":"ปลายฝน","พื้นที่":2.62,"ตันรวม":34.06,"รหัสแปลง":"321301110088","กลุ่ม":"กลุ่ม_71"},"geometry":{"type":"MultiPolygon","coordinates":[[[[1028509.592199999839067,1611654.099099999293685],[1028500.1903,1611722.53690000064671],[1028563.539200000464916,1611735.185200000181794],[1028564.013500000350177,1611662.855100000277162],[1028509.592199999839067,1611654.099099999293685]]]]}},
{"type":"Feature","properties":{"รหัสกลุ่มคิว":"71/002","รหัสรับเหมา":"738889","ชื่อ-สกุล รับเหมา":"รถตัดโรงงานเบอร์ 24","นักเกษตร":"7101","ศูนย์":"K2-71","โควตา":"700430","ชาวไร่":"นาย สังอิม อย่าลืมดี","ประเภทอ้อย":"ปลายฝน","พื้นที่":8.92,"ตันรวม":115.96,"รหัสแปลง":"321306051528","กลุ่ม":"กลุ่ม_71"},"geometry":{"type":"MultiPolygon","coordinates":[[[[1035819.110100000165403,1612510.059100000187755],[1035817.75899999961257,1612330.642100000753999],[1035758.404699999839067,1612323.461400000378489],[1035748.249900000169873,1612322.856899999082088],[1035742.8289,1612325.468699999153614],[1035742.683899999596179,1612328.198799999430776],[1035743.627500000409782,1612349.199799999594688],[1035736.3174,1612360.530899999663234],[1035732.5822,1612368.457299999892712],[1035729.517400000244379,1612388.683700000867248],[1035728.563299999572337,1612422.763499999418855],[1035730.2039,1612427.870699999853969],[1035738.38260000012815,1612439.941500000655651],[1035745.242600000463426,1612450.585699999704957],[1035757.400500000454485,1612506.0175],[1035759.110600000247359,1612508.1864],[1035766.387699999846518,1612507.2949],[1035768.648199999704957,1612508.323400000110269],[1035819.110100000165403,1612510.059100000187755]]]]}},
{"type":"Feature","properties":{"รหัสกลุ่มคิว":"71/002","รหัสรับเหมา":"738889","ชื่อ-สกุล รับเหมา":"รถตัดโรงงานเบอร์ 24","นักเกษตร":"7101","ศูนย์":"K2-71","โควตา":"773504","ชาวไร่":"นาง สมพร วาหะมงคล","ประเภทอ้อย":"ปลายฝน","พื้นที่":17.58,"ตันรวม":228.54,"รหัสแปลง":"321301091540","กลุ่ม":"กลุ่ม_71"},"geometry":{"type":"MultiPolygon","coordinates":[[[[1036819.1453,1610270.704800000414252],[1036806.644399999640882,1610269.864700000733137],[1036794.39130000025034,1610265.156500000506639],[1036779.933299999684095,1610261.86119999922812],[1036768.482800000347197,1610250.706900000572205],[1036753.172899999655783,1610258.793700000271201],[1036744.775100000202656,1610262.436300000175834],[1036759.006199999712408,1610327.033299999311566],[1036755.189399999566376,1610376.940500000491738],[1036772.313699999824166,1610446.090399999171495],[1036814.576299999840558,1610573.129000000655651],[1036830.729500000365078,1610569.5548],[1036844.461400000378489,1610619.036800000816584],[1036900.876799999736249,1610601.091600000858307],[1036819.1453,1610270.704800000414252]]]]}},
{"type":"Feature","properties":{"รหัสกลุ่มคิว":"71/002","รหัสรับเหมา":"738889","ชื่อ-สกุล รับเหมา":"รถตัดโรงงานเบอร์ 24","นักเกษตร":"7101","ศูนย์":"K2-71","โควตา":"774168","ชาวไร่":"นาย ธนะโรจน์ ยศธนาเธียรโชติ","ประเภทอ้อย":"ปลายฝน","พื้นที่":8.31,"ตันรวม":108.03,"รหัสแปลง":"321301091541","กลุ่ม":"กลุ่ม_71"},"geometry":{"type":"MultiPolygon","coordinates":[[[[1037566.784400000236928,1610247.942800000309944],[1037568.132399999536574,1610268.846799999475479],[1037683.60329999960959,1610256.323799999430776],[1037662.6535,1610160.449200000613928],[1037588.54,1610133.399399999529123],[1037587.083599999547005,1610136.279699999839067],[1037558.103699999861419,1610139.338999999687076],[1037558.318799999542534,1610145.087999999523163],[1037549.727,1610143.785599999129772],[1037556.349499999545515,1610185.5636],[1037568.038099999539554,1610182.997899999842048],[1037569.9594,1610190.154200000688434],[1037561.354000000283122,1610189.030200000852346],[1037561.656000000424683,1610197.977399999275804],[1037562.39989999961108,1610209.967399999499321],[1037561.317800000309944,1610247.261600000783801],[1037566.784400000236928,1610247.942800000309944]]]]}},
{"type":"Feature","properties":{"รหัสกลุ่มคิว":"71/002","รหัสรับเหมา":"738889","ชื่อ-สกุล รับเหมา":"รถตัดโรงงานเบอร์ 24","นักเกษตร":"7101","ศูนย์":"K2-71","โควตา":"773715","ชาวไร่":"นาง เพชรลดา มณีตา","ประเภทอ้อย":"ตอ1","พื้นที่":5.92,"ตันรวม":53.28,"รหัสแปลง":"321301081565","กลุ่ม":"กลุ่ม_71"},"geometry":{"type":"MultiPolygon","coordinates":[[[[1036282.088999999687076,1610228.494799999520183],[1036281.027099999599159,1610322.203600000590086],[1036407.485299999825656,1610280.900299999862909],[1036406.608799999579787,1610224.475199999287724],[1036282.556800000369549,1610227.6426],[1036282.088999999687076,1610228.494799999520183]]]]}},
{"type":"Feature","properties":{"รหัสกลุ่มคิว":"71/001","รหัสรับเหมา":"733638","ชื่อ-สกุล รับเหมา":"นาย สิทธิชัย ธรรมสุข","นักเกษตร":"7104","ศูนย์":"K2-71","โควตา":"733924","ชาวไร่":"นาย วรสิทธิ์ เตี้ยเเอก","ประเภทอ้อย":"ตอ1","พื้นที่":4.52,"ตันรวม":40.68,"รหัสแปลง":"321017011592","กลุ่ม":"กลุ่ม_71"},"geometry":{"type":"MultiPolygon","coordinates":[[[[1022687.817499999888241,1606853.396199999377131],[1022690.544099999591708,1606826.814400000497699],[1022683.81940000038594,1606812.426999999210238],[1022661.1705,1606741.462799999862909],[1022648.6097,1606738.791500000283122],[1022619.2028,1606748.527899999171495],[1022566.800699999555945,1606771.651799999177456],[1022580.348199999891222,1606795.803600000217557],[1022592.301599999889731,1606818.626599999144673],[1022656.676699999719858,1606808.89159999974072],[1022665.100599999539554,1606853.6546],[1022687.817499999888241,1606853.396199999377131]]]]}},
{"type":"Feature","properties":{"รหัสกลุ่มคิว":"71/001","รหัสรับเหมา":"733638","ชื่อ-สกุล รับเหมา":"นาย สิทธิชัย ธรรมสุข","นักเกษตร":"7104","ศูนย์":"K2-71","โควตา":"730145","ชาวไร่":"นาย สมพร สุบิน","ประเภทอ้อย":"ตอ2","พื้นที่":2.11,"ตันรวม":16.88,"รหัสแปลง":"321017121530","กลุ่ม":"กลุ่ม_71"},"geometry":{"type":"MultiPolygon","coordinates":[[[[1020606.488800000399351,1605035.706900000572205],[1020693.827399999834597,1605039.867000000551343],[1020700.370299999602139,1605028.759400000795722],[1020661.455199999734759,1605027.558700000867248],[1020656.19620000012219,1605003.153999999165535],[1020609.03139999974519,1605002.439799999818206],[1020606.488800000399351,1605035.706900000572205]]]]}},
{"type":"Feature","properties":{"รหัสกลุ่มคิว":"71/001","รหัสรับเหมา":"733638","ชื่อ-สกุล รับเหมา":"นาย สิทธิชัย ธรรมสุข","นักเกษตร":"7104","ศูนย์":"K2-71","โควตา":"730094","ชาวไร่":"นาย ยศ แรงหาญ","ประเภทอ้อย":"ตอ1","พื้นที่":18.93,"ตันรวม":170.37,"รหัสแปลง":"321017011593","กลุ่ม":"กลุ่ม_71"},"geometry":{"type":"MultiPolygon","coordinates":[[[[1020542.910799999721348,1606360.9232],[1020742.989500000141561,1606374.290300000458956],[1020715.949,1606184.795],[1020667.10080000013113,1606192.299200000241399],[1020585.678600000217557,1606195.370899999514222],[1020582.466799999587238,1606225.485999999567866],[1020719.651399999856949,1606216.915200000628829],[1020721.556400000117719,1606232.8432],[1020533.885200000368059,1606236.144999999552965],[1020529.682,1606253.130599999800324],[1020534.28830000013113,1606316.7027000002563],[1020542.910799999721348,1606360.9232]]]]}},
{"type":"Feature","properties":{"รหัสกลุ่มคิว":"71/002","รหัสรับเหมา":"738889","ชื่อ-สกุล รับเหมา":"รถตัดโรงงานเบอร์ 24","นักเกษตร":"7101","ศูนย์":"K2-71","โควตา":"730292","ชาวไร่":"นาย ชัยอนันต์ ชาญเชี่ยว","ประเภทอ้อย":"ปลายฝน","พื้นที่":5.34,"ตันรวม":69.42,"รหัสแปลง":"321301111626","กลุ่ม":"กลุ่ม_71"},"geometry":{"type":"MultiPolygon","coordinates":[[[[1028009.3947,1612660.386600000783801],[1028063.357699999585748,1612645.996500000357628],[1028039.8459,1612489.1743],[1027994.611700000241399,1612497.9846],[1027997.293100000359118,1612561.728700000792742],[1027996.0822,1612579.312899999320507],[1028001.600200000219047,1612618.903799999505281],[1028005.516800000332296,1612630.830900000408292],[1028008.6402000002563,1612640.62639999948442],[1028009.3947,1612660.386600000783801]]]]}},
{"type":"Feature","properties":{"รหัสกลุ่มคิว":"71/002","รหัสรับเหมา":"738889","ชื่อ-สกุล รับเหมา":"รถตัดโรงงานเบอร์ 24","นักเกษตร":"7101","ศูนย์":"K2-71","โควตา":"730381","ชาวไร่":"นาย สมจิต แท่นแก้ว","ประเภทอ้อย":"ตอ1","พื้นที่":7.3,"ตันรวม":65.7,"รหัสแปลง":"321015041530","กลุ่ม":"กลุ่ม_71"},"geometry":{"type":"MultiPolygon","coordinates":[[[[1031269.1431,1618184.714999999850988],[1031444.1743,1618173.343499999493361],[1031445.831000000238419,1618121.943299999460578],[1031438.634800000116229,1618121.416999999433756],[1031437.378100000321865,1618121.204600000753999],[1031404.951100000180304,1618120.8706],[1031374.953700000420213,1618116.518799999728799],[1031355.370400000363588,1618113.873400000855327],[1031254.915699999779463,1618109.657299999147654],[1031269.1431,1618184.714999999850988]]]]}},
{"type":"Feature","properties":{"รหัสกลุ่มคิว":"71/002","รหัสรับเหมา":"738889","ชื่อ-สกุล รับเหมา":"รถตัดโรงงานเบอร์ 24","นักเกษตร":"7101","ศูนย์":"K2-71","โควตา":"773483","ชาวไร่":"นาง ลำดวน เผ่าพันธ์","ประเภทอ้อย":"ตอ1","พื้นที่":2.22,"ตันรวม":19.98,"รหัสแปลง":"321301111628","กลุ่ม":"กลุ่ม_71"},"geometry":{"type":"MultiPolygon","coordinates":[[[[1028728.0225,1612484.1996],[1028795.854399999603629,1612476.508300000801682],[1028784.800900000147521,1612422.456700000911951],[1028749.824699999764562,1612429.489900000393391],[1028718.5302,1612434.724099999293685],[1028728.0225,1612484.1996]]]]}},
{"type":"Feature","properties":{"รหัสกลุ่มคิว":"71/001","รหัสรับเหมา":"733638","ชื่อ-สกุล รับเหมา":"นาย สิทธิชัย ธรรมสุข","นักเกษตร":"7104","ศูนย์":"K2-71","โควตา":"733799","ชาวไร่":"นาย นรินทร์ เนียมงาม","ประเภทอ้อย":"ตอ2","พื้นที่":3.14,"ตันรวม":25.12,"รหัสแปลง":"321017071581","กลุ่ม":"กลุ่ม_71"},"geometry":{"type":"MultiPolygon","coordinates":[[[[1026916.0746,1609639.715299999341369],[1026969.55449999962002,1609618.129899999126792],[1026932.604899999685585,1609542.170299999415874],[1026876.033300000242889,1609562.481799999251962],[1026916.0746,1609639.715299999341369]]]]}},
{"type":"Feature","properties":{"รหัสกลุ่มคิว":"71/001","รหัสรับเหมา":"733638","ชื่อ-สกุล รับเหมา":"นาย สิทธิชัย ธรรมสุข","นักเกษตร":"7104","ศูนย์":"K2-71","โควตา":"773442","ชาวไร่":"นาง สุรีวรรณ แก้วดี","ประเภทอ้อย":"ตอ1","พื้นที่":3.97,"ตันรวม":35.73,"รหัสแปลง":"321305041597","กลุ่ม":"กลุ่ม_71"},"geometry":{"type":"MultiPolygon","coordinates":[[[[1028916.85149999987334,1605547.481200000271201],[1028901.058500000275671,1605543.230100000277162],[1028797.650100000202656,1605541.46030000038445],[1028802.14130000025034,1605604.3344],[1028810.801,1605628.800300000235438],[1028828.6902,1605630.42119999974966],[1028840.447100000455976,1605618.251599999144673],[1028916.85149999987334,1605547.481200000271201]]]]}},
{"type":"Feature","properties":{"รหัสกลุ่มคิว":"71/002","รหัสรับเหมา":"738889","ชื่อ-สกุล รับเหมา":"รถตัดโรงงานเบอร์ 24","นักเกษตร":"7101","ศูนย์":"K2-71","โควตา":"730441","ชาวไร่":"นาย เด่น เอิบสุข","ประเภทอ้อย":"ตอ1","พื้นที่":14.76,"ตันรวม":132.84,"รหัสแปลง":"321015041532","กลุ่ม":"กลุ่ม_71"},"geometry":{"type":"MultiPolygon","coordinates":[[[[1031694.122899999842048,1617520.7632],[1031694.92850000038743,1617346.498099999502301],[1031576.797899999655783,1617346.08699999935925],[1031532.714800000190735,1617507.505999999120831],[1031694.122899999842048,1617520.7632]]]]}},
{"type":"Feature","properties":{"รหัสกลุ่มคิว":"71/001","รหัสรับเหมา":"733638","ชื่อ-สกุล รับเหมา":"นาย สิทธิชัย ธรรมสุข","นักเกษตร":"7104","ศูนย์":"K2-71","โควตา":"730173","ชาวไร่":"นาย เป็น มีเหมาะ","ประเภทอ้อย":"ตอ1","พื้นที่":5.2,"ตันรวม":46.8,"รหัสแปลง":"321017061634","กลุ่ม":"กลุ่ม_71"},"geometry":{"type":"MultiPolygon","coordinates":[[[[1027747.106800000183284,1605986.440899999812245],[1027813.656999999657273,1605830.411299999803305],[1027771.883500000461936,1605814.399700000882149],[1027736.709300000220537,1605892.863399999216199],[1027692.178999999538064,1605969.416300000622869],[1027747.106800000183284,1605986.440899999812245]]]]}},
{"type":"Feature","properties":{"รหัสกลุ่มคิว":"71/001","รหัสรับเหมา":"733638","ชื่อ-สกุล รับเหมา":"นาย สิทธิชัย ธรรมสุข","นักเกษตร":"7104","ศูนย์":"K2-71","โควตา":"733950","ชาวไร่":"นาง ประวงค์ ประดับมุข","ประเภทอ้อย":"ตอ2","พื้นที่":3.0,"ตันรวม":24.0,"รหัสแปลง":"321011011530","กลุ่ม":"กลุ่ม_71"},"geometry":{"type":"MultiPolygon","coordinates":[[[[1018027.128999999724329,1607353.970499999821186],[1018097.845200000330806,1607348.099600000306964],[1018083.852099999785423,1607275.457699999213219],[1018022.1848,1607283.339199999347329],[1018027.128999999724329,1607353.970499999821186]]]]}},
{"type":"Feature","properties":{"รหัสกลุ่มคิว":"71/001","รหัสรับเหมา":"733638","ชื่อ-สกุล รับเหมา":"นาย สิทธิชัย ธรรมสุข","นักเกษตร":"7104","ศูนย์":"K2-71","โควตา":"733372","ชาวไร่":"นาย บุญ มณฑล","ประเภทอ้อย":"ปลายฝน","พื้นที่":12.72,"ตันรวม":165.36,"รหัสแปลง":"321017071586","กลุ่ม":"กลุ่ม_71"},"geometry":{"type":"MultiPolygon","coordinates":[[[[1025788.2089,1610961.70920000039041],[1025918.962799999862909,1610965.98589999973774],[1025867.904,1610774.707100000232458],[1025780.750799999572337,1610779.503599999472499],[1025788.2089,1610961.70920000039041]]]]}},
{"type":"Feature","properties":{"รหัสกลุ่มคิว":"71/001","รหัสรับเหมา":"733638","ชื่อ-สกุล รับเหมา":"นาย สิทธิชัย ธรรมสุข","นักเกษตร":"7104","ศูนย์":"K2-71","โควตา":"733199","ชาวไร่":"นาย ชิติสรรค์ สุขสาม","ประเภทอ้อย":"ปลายฝน","พื้นที่":11.2,"ตันรวม":145.6,"รหัสแปลง":"321011011531","กลุ่ม":"กลุ่ม_71"},"geometry":{"type":"MultiPolygon","coordinates":[[[[1018430.932699999772012,1607261.838199999183416],[1018533.246799999848008,1607270.127599999308586],[1018566.511900000274181,1607244.081700000911951],[1018572.741499999538064,1607222.51490000076592],[1018581.622999999672174,1607167.27559999935329],[1018577.888799999840558,1607158.952500000596046],[1018554.9293,1607149.8553],[1018474.294700000435114,1607137.308199999853969],[1018420.867499999701977,1607136.219799999147654],[1018430.932699999772012,1607261.838199999183416]]]]}},
{"type":"Feature","properties":{"รหัสกลุ่มคิว":"71/001","รหัสรับเหมา":"733638","ชื่อ-สกุล รับเหมา":"นาย สิทธิชัย ธรรมสุข","นักเกษตร":"7104","ศูนย์":"K2-71","โควตา":"733709","ชาวไร่":"นาย จักรพันธ์ วันไทย","ประเภทอ้อย":"ตอ1","พื้นที่":13.44,"ตันรวม":120.96,"รหัสแปลง":"321017101505","กลุ่ม":"กลุ่ม_71"},"geometry":{"type":"MultiPolygon","coordinates":[[[[1022972.906499999575317,1603087.704900000244379],[1023193.833200000226498,1603253.884700000286102],[1023245.22759999986738,1603193.553600000217557],[1023031.03830000013113,1603032.695900000631809],[1022972.906499999575317,1603087.704900000244379]]]]}},
{"type":"Feature","properties":{"รหัสกลุ่มคิว":"71/001","รหัสรับเหมา":"733638","ชื่อ-สกุล รับเหมา":"นาย สิทธิชัย ธรรมสุข","นักเกษตร":"7104","ศูนย์":"K2-71","โควตา":"774189","ชาวไร่":"นาย จิน ชัยเสนา","ประเภทอ้อย":"ปลายฝน","พื้นที่":7.0,"ตันรวม":91.0,"รหัสแปลง":"321017011606","กลุ่ม":"กลุ่ม_71"},"geometry":{"type":"MultiPolygon","coordinates":[[[[1022562.533800000324845,1606524.014699999243021],[1022482.2358,1606553.640000000596046],[1022490.6129,1606581.770199999213219],[1022520.4139,1606621.668500000610948],[1022526.279799999669194,1606629.328500000759959],[1022538.186599999666214,1606643.031600000336766],[1022570.2544,1606662.613199999555945],[1022612.368800000287592,1606639.722300000488758],[1022612.485600000247359,1606623.293700000271201],[1022621.423000000417233,1606619.679199999198318],[1022576.42920000012964,1606538.753399999812245],[1022562.533800000324845,1606524.014699999243021]]]]}},
{"type":"Feature","properties":{"รหัสกลุ่มคิว":"71/001","รหัสรับเหมา":"733638","ชื่อ-สกุล รับเหมา":"นาย สิทธิชัย ธรรมสุข","นักเกษตร":"7104","ศูนย์":"K2-71","โควตา":"733916","ชาวไร่":"นางสาว จินตรา สามกุล","ประเภทอ้อย":"ตอ1","พื้นที่":6.4,"ตันรวม":57.6,"รหัสแปลง":"321017121539","กลุ่ม":"กลุ่ม_71"},"geometry":{"type":"MultiPolygon","coordinates":[[[[1020332.1683,1606640.583799999207258],[1020302.963999999687076,1606563.936000000685453],[1020172.297500000335276,1606606.131699999794364],[1020196.385900000110269,1606668.98200000077486],[1020332.1683,1606640.583799999207258]]]]}},
{"type":"Feature","properties":{"รหัสกลุ่มคิว":"71/002","รหัสรับเหมา":"738889","ชื่อ-สกุล รับเหมา":"รถตัดโรงงานเบอร์ 24","นักเกษตร":"7101","ศูนย์":"K2-71","โควตา":"730292","ชาวไร่":"นาย ชัยอนันต์ ชาญเชี่ยว","ประเภทอ้อย":"ปลายฝน","พื้นที่":3.44,"ตันรวม":44.72,"รหัสแปลง":"321006111511","กลุ่ม":"กลุ่ม_71"},"geometry":{"type":"MultiPolygon","coordinates":[[[[1028102.7072,1612573.004699999466538],[1028104.401600000448525,1612552.874800000339746],[1028109.3437,1612540.955199999734759],[1028101.186700000427663,1612467.699899999424815],[1028063.8394,1612477.997700000181794],[1028078.149299999698997,1612633.900800000876188],[1028108.827200000174344,1612623.6447],[1028110.272300000302494,1612623.490800000727177],[1028102.7072,1612573.004699999466538]]]]}},
{"type":"Feature","properties":{"รหัสกลุ่มคิว":"71/002","รหัสรับเหมา":"738889","ชื่อ-สกุล รับเหมา":"รถตัดโรงงานเบอร์ 24","นักเกษตร":"7101","ศูนย์":"K2-71","โควตา":"770926","ชาวไร่":"นาง เพียง คำเสมอ","ประเภทอ้อย":"ตอ1","พื้นที่":5.11,"ตันรวม":45.99,"รหัสแปลง":"321306061528","กลุ่ม":"กลุ่ม_71"},"geometry":{"type":"MultiPolygon","coordinates":[[[[1033871.838999999687076,1614734.70299999974668],[1033817.282599999569356,1614744.134700000286102],[1033825.2176,1614776.327500000596046],[1033800.459300000220537,1614778.475299999117851],[1033792.986399999819696,1614764.604299999773502],[1033787.199199999682605,1614764.762900000438094],[1033784.060999999754131,1614858.7664],[1033802.388600000180304,1614853.836500000208616],[1033802.759800000116229,1614849.398399999365211],[1033810.1963,1614844.619999999180436],[1033820.377999999560416,1614846.61119999922812],[1033863.006,1614837.819499999284744],[1033859.904299999587238,1614818.117599999532104],[1033878.880300000309944,1614813.160800000652671],[1033883.013600000180304,1614807.920800000429153],[1033871.838999999687076,1614734.70299999974668]]]]}},
{"type":"Feature","properties":{"รหัสกลุ่มคิว":"71/001","รหัสรับเหมา":"733638","ชื่อ-สกุล รับเหมา":"นาย สิทธิชัย ธรรมสุข","นักเกษตร":"7104","ศูนย์":"K2-71","โควตา":"733783","ชาวไร่":"นาย ดวง แก้วหอม","ประเภทอ้อย":"ปลายฝน","พื้นที่":9.37,"ตันรวม":121.81,"รหัสแปลง":"321017061641","กลุ่ม":"กลุ่ม_71"},"geometry":{"type":"MultiPolygon","coordinates":[[[[1027469.399500000290573,1608177.977600000798702],[1027558.474499999545515,1608193.391100000590086],[1027575.369800000451505,1608035.754100000485778],[1027479.1546,1608017.0428],[1027469.399500000290573,1608177.977600000798702]]]]}},
{"type":"Feature","properties":{"รหัสกลุ่มคิว":"71/002","รหัสรับเหมา":"738889","ชื่อ-สกุล รับเหมา":"รถตัดโรงงานเบอร์ 24","นักเกษตร":"7101","ศูนย์":"K2-71","โควตา":"774169","ชาวไร่":"นาย วัลลภ อกอุ่น","ประเภทอ้อย":"ตอ1","พื้นที่":7.66,"ตันรวม":68.94,"รหัสแปลง":"321006111516","กลุ่ม":"กลุ่ม_71"},"geometry":{"type":"MultiPolygon","coordinates":[[[[1028115.322599999606609,1613527.799599999561906],[1028344.267099999822676,1613487.802699999883771],[1028335.240600000135601,1613437.707000000402331],[1028090.4063,1613480.71030000038445],[1028098.391800000332296,1613498.997400000691414],[1028115.322599999606609,1613527.799599999561906]]]]}},
{"type":"Feature","properties":{"รหัสกลุ่มคิว":"71/002","รหัสรับเหมา":"738889","ชื่อ-สกุล รับเหมา":"รถตัดโรงงานเบอร์ 24","นักเกษตร":"7101","ศูนย์":"K2-71","โควตา":"770926","ชาวไร่":"นาง เพียง คำเสมอ","ประเภทอ้อย":"ตอ1","พื้นที่":9.41,"ตันรวม":84.69,"รหัสแปลง":"321306061530","กลุ่ม":"กลุ่ม_71"},"geometry":{"type":"MultiPolygon","coordinates":[[[[1033447.7823,1615435.892799999564886],[1033439.317499999888241,1615421.294700000435114],[1033397.53899999987334,1615420.730000000447035],[1033393.251000000163913,1615389.948000000789762],[1033386.8865,1615389.628100000321865],[1033385.223799999803305,1615387.316800000146031],[1033385.130699999630451,1615386.179500000551343],[1033392.044700000435114,1615381.240000000223517],[1033393.249099999666214,1615376.706599999219179],[1033412.837000000290573,1615372.861600000411272],[1033419.406499999575317,1615374.591099999845028],[1033423.518500000238419,1615388.880400000140071],[1033426.31209999974817,1615397.534600000828505],[1033433.927899999544024,1615404.91190000064671],[1033436.139700000174344,1615411.557399999350309],[1033445.044300000183284,1615427.602700000628829],[1033448.35219999961555,1615431.773600000888109],[1033450.9682,1615380.274700000882149],[1033444.79079999960959,1615380.1031],[1033443.100999999791384,1615372.370899999514222],[1033434.817699999548495,1615373.176999999210238],[1033431.870199999772012,1615368.269500000402331],[1033430.4408,1615361.482799999415874],[1033265.542299999855459,1615407.762499999254942],[1033259.435100000351667,1615410.19789999909699],[1033256.557699999772012,1615470.400699999183416],[1033444.8662,1615474.525299999862909],[1033447.7823,1615435.892799999564886]]]]}},
{"type":"Feature","properties":{"รหัสกลุ่มคิว":"71/001","รหัสรับเหมา":"733638","ชื่อ-สกุล รับเหมา":"นาย สิทธิชัย ธรรมสุข","นักเกษตร":"7104","ศูนย์":"K2-71","โควตา":"733377","ชาวไร่":"นาย เฉลิมชัย สีดาหอม","ประเภทอ้อย":"ตอ1","พื้นที่":11.89,"ตันรวม":107.01,"รหัสแปลง":"321017071603","กลุ่ม":"กลุ่ม_71"},"geometry":{"type":"MultiPolygon","coordinates":[[[[1026198.015800000168383,1609353.883899999782443],[1026194.4567,1609191.556600000709295],[1026261.2517,1609178.184100000187755],[1026261.2972,1609302.509800000116229],[1026320.2407,1609302.290200000628829],[1026328.5773,1609156.86769999936223],[1026131.688500000163913,1609202.055299999192357],[1026134.605100000277162,1609267.980100000277162],[1026131.353400000371039,1609352.643699999898672],[1026198.015800000168383,1609353.883899999782443]]]]}},
{"type":"Feature","properties":{"รหัสกลุ่มคิว":"71/002","รหัสรับเหมา":"738889","ชื่อ-สกุล รับเหมา":"รถตัดโรงงานเบอร์ 24","นักเกษตร":"7101","ศูนย์":"K2-71","โควตา":"774086","ชาวไร่":"นาย สมกิจ พนากอบกิจ","ประเภทอ้อย":"ปลายฝน","พื้นที่":5.24,"ตันรวม":68.12,"รหัสแปลง":"321301011522","กลุ่ม":"กลุ่ม_71"},"geometry":{"type":"MultiPolygon","coordinates":[[[[1030251.034199999645352,1615839.721699999645352],[1030256.486200000159442,1615879.248700000345707],[1030449.330400000326335,1615886.381899999454618],[1030450.5071,1615840.337600000202656],[1030251.034199999645352,1615839.721699999645352]]]]}},
{"type":"Feature","properties":{"รหัสกลุ่มคิว":"71/002","รหัสรับเหมา":"738889","ชื่อ-สกุล รับเหมา":"รถตัดโรงงานเบอร์ 24","นักเกษตร":"7101","ศูนย์":"K2-71","โควตา":"770926","ชาวไร่":"นาง เพียง คำเสมอ","ประเภทอ้อย":"ตอ1","พื้นที่":5.78,"ตันรวม":52.02,"รหัสแปลง":"321301091552","กลุ่ม":"กลุ่ม_71"},"geometry":{"type":"MultiPolygon","coordinates":[[[[1038179.7133,1610741.121200000867248],[1038151.638899999670684,1610738.895899999886751],[1038148.510200000368059,1610733.249600000679493],[1038115.029199999757111,1610729.924599999561906],[1038122.1107,1610909.766799999400973],[1038169.749699999578297,1610890.826400000602007],[1038179.7133,1610741.121200000867248]]]]}},
{"type":"Feature","properties":{"รหัสกลุ่มคิว":"71/001","รหัสรับเหมา":"733638","ชื่อ-สกุล รับเหมา":"นาย สิทธิชัย ธรรมสุข","นักเกษตร":"7104","ศูนย์":"K2-71","โควตา":"733377","ชาวไร่":"นาย เฉลิมชัย สีดาหอม","ประเภทอ้อย":"ตอ3","พื้นที่":6.23,"ตันรวม":43.61,"รหัสแปลง":"321017071605","กลุ่ม":"กลุ่ม_71"},"geometry":{"type":"MultiPolygon","coordinates":[[[[1026261.206199999898672,1609172.643999999389052],[1026194.405600000172853,1609188.956599999219179],[1026194.5795,1609329.593699999153614],[1026260.350200000219047,1609332.858200000599027],[1026261.206199999898672,1609172.643999999389052]]]]}},
{"type":"Feature","properties":{"รหัสกลุ่มคิว":"71/001","รหัสรับเหมา":"733638","ชื่อ-สกุล รับเหมา":"นาย สิทธิชัย ธรรมสุข","นักเกษตร":"7104","ศูนย์":"K2-71","โควตา":"733950","ชาวไร่":"นาง ประวงค์ ประดับมุข","ประเภทอ้อย":"ตอ1","พื้นที่":7.39,"ตันรวม":66.51,"รหัสแปลง":"321011011540","กลุ่ม":"กลุ่ม_71"},"geometry":{"type":"MultiPolygon","coordinates":[[[[1017841.720099999569356,1607672.312300000339746],[1017722.221400000154972,1607644.348400000482798],[1017704.628899999894202,1607654.411800000816584],[1017688.092799999751151,1607686.29839999973774],[1017724.981800000183284,1607700.354800000786781],[1017722.44649999961257,1607721.47749999910593],[1017737.664599999785423,1607735.892000000923872],[1017734.7445,1607753.403899999335408],[1017804.018400000408292,1607772.507400000467896],[1017820.8607,1607739.689500000327826],[1017841.720099999569356,1607672.312300000339746]]]]}},
{"type":"Feature","properties":{"รหัสกลุ่มคิว":"71/001","รหัสรับเหมา":"733638","ชื่อ-สกุล รับเหมา":"นาย สิทธิชัย ธรรมสุข","นักเกษตร":"7104","ศูนย์":"K2-71","โควตา":"733051","ชาวไร่":"นาย ภุมริน บุทอง","ประเภทอ้อย":"ตอ3","พื้นที่":9.95,"ตันรวม":69.65,"รหัสแปลง":"321017121548","กลุ่ม":"กลุ่ม_71"},"geometry":{"type":"MultiPolygon","coordinates":[[[[1021168.717400000430644,1606872.207299999892712],[1021168.102699999697506,1606872.097799999639392],[1021061.718000000342727,1606890.902599999681115],[1021077.674200000241399,1606966.299900000914931],[1021131.843299999833107,1606959.568800000473857],[1021136.973899999633431,1606955.6074],[1021150.4194,1606950.526799999177456],[1021151.594200000166893,1606946.1118],[1021244.224899999797344,1606921.246300000697374],[1021261.406700000166893,1606909.9551],[1021260.028,1606906.966],[1021212.420599999837577,1606882.465099999681115],[1021201.307099999859929,1606930.6985],[1021196.423100000247359,1606931.520199999213219],[1021194.3432,1606927.591399999335408],[1021184.974399999715388,1606918.883500000461936],[1021168.872600000351667,1606904.668600000441074],[1021168.717400000430644,1606872.207299999892712]]]]}},
{"type":"Feature","properties":{"รหัสกลุ่มคิว":"71/001","รหัสรับเหมา":"733638","ชื่อ-สกุล รับเหมา":"นาย สิทธิชัย ธรรมสุข","นักเกษตร":"7104","ศูนย์":"K2-71","โควตา":"733924","ชาวไร่":"นาย วรสิทธิ์ เตี้ยเเอก","ประเภทอ้อย":"ปลายฝน","พื้นที่":5.14,"ตันรวม":66.82,"รหัสแปลง":"321017121551","กลุ่ม":"กลุ่ม_71"},"geometry":{"type":"MultiPolygon","coordinates":[[[[1021177.26410000026226,1605910.690099999308586],[1021135.3629,1605991.386900000274181],[1021207.770700000226498,1606045.085100000724196],[1021242.708399999886751,1605969.790999999269843],[1021242.601599999703467,1605949.254499999806285],[1021241.034400000236928,1605938.1217],[1021232.291899999603629,1605933.86710000038147],[1021224.587500000372529,1605931.669399999082088],[1021214.466699999757111,1605932.935499999672174],[1021201.655399999581277,1605942.09940000064671],[1021200.664200000464916,1605937.823599999770522],[1021200.283900000154972,1605930.230900000780821],[1021190.197800000198185,1605921.323000000789762],[1021188.658300000242889,1605917.405600000172853],[1021177.26410000026226,1605910.690099999308586]]]]}},
{"type":"Feature","properties":{"รหัสกลุ่มคิว":"71/001","รหัสรับเหมา":"733638","ชื่อ-สกุล รับเหมา":"นาย สิทธิชัย ธรรมสุข","นักเกษตร":"7104","ศูนย์":"K2-71","โควตา":"730045","ชาวไร่":"จ.ส.ต. ถาวร สุบิน","ประเภทอ้อย":"ตอ1","พื้นที่":21.38,"ตันรวม":192.42,"รหัสแปลง":"321017011614","กลุ่ม":"กลุ่ม_71"},"geometry":{"type":"MultiPolygon","coordinates":[[[[1020823.701999999582767,1603847.585899999365211],[1020435.300300000235438,1603835.698999999091029],[1020425.26630000025034,1603918.363600000739098],[1020820.1502,1603939.0822],[1020823.701999999582767,1603847.585899999365211]]]]}},
{"type":"Feature","properties":{"รหัสกลุ่มคิว":"71/002","รหัสรับเหมา":"738889","ชื่อ-สกุล รับเหมา":"รถตัดโรงงานเบอร์ 24","นักเกษตร":"7101","ศูนย์":"K2-71","โควตา":"773567","ชาวไร่":"นาง จำปี ตระกูลเชียงแก้ว","ประเภทอ้อย":"ปลายฝน","พื้นที่":9.02,"ตันรวม":117.26,"รหัสแปลง":"321306071580","กลุ่ม":"กลุ่ม_71"},"geometry":{"type":"MultiPolygon","coordinates":[[[[1036473.713899999856949,1618236.451899999752641],[1036441.142300000414252,1618259.052300000563264],[1036344.807300000451505,1618288.581800000742078],[1036371.249099999666214,1618315.436300000175834],[1036393.099299999885261,1618329.792899999767542],[1036438.0587,1618407.938100000843406],[1036510.696999999694526,1618382.5154],[1036473.713899999856949,1618236.451899999752641]]]]}},
{"type":"Feature","properties":{"รหัสกลุ่มคิว":"71/002","รหัสรับเหมา":"738889","ชื่อ-สกุล รับเหมา":"รถตัดโรงงานเบอร์ 24","นักเกษตร":"7101","ศูนย์":"K2-71","โควตา":"771268","ชาวไร่":"นาง ธีรดา เสาเปรีย","ประเภทอ้อย":"ปลายฝน","พื้นที่":5.13,"ตันรวม":66.69,"รหัสแปลง":"321301091554","กลุ่ม":"กลุ่ม_71"},"geometry":{"type":"MultiPolygon","coordinates":[[[[1037660.264999999664724,1611750.870500000193715],[1037565.006,1611741.95549999922514],[1037555.389000000432134,1611797.7325],[1037694.898299999535084,1611801.201999999582767],[1037706.7204,1611801.450400000438094],[1037706.213499999605119,1611796.592299999669194],[1037707.873499999754131,1611792.742799999192357],[1037715.53969999961555,1611793.122600000351667],[1037721.840800000354648,1611788.716299999505281],[1037723.633899999782443,1611787.877399999648333],[1037727.3547,1611784.795800000429153],[1037728.212100000120699,1611758.052300000563264],[1037660.264999999664724,1611750.870500000193715]]]]}},
{"type":"Feature","properties":{"รหัสกลุ่มคิว":"71/002","รหัสรับเหมา":"738889","ชื่อ-สกุล รับเหมา":"รถตัดโรงงานเบอร์ 24","นักเกษตร":"7101","ศูนย์":"K2-71","โควตา":"773563","ชาวไร่":"นาย วิเชียร จันทร์นพคุณ","ประเภทอ้อย":"ตอ2","พื้นที่":3.73,"ตันรวม":29.84,"รหัสแปลง":"321301011526","กลุ่ม":"กลุ่ม_71"},"geometry":{"type":"MultiPolygon","coordinates":[[[[1030102.304999999701977,1614015.916300000622869],[1030046.0493,1614026.801999999210238],[1030059.352699999697506,1614148.126299999654293],[1030099.412399999797344,1614140.161499999463558],[1030102.304999999701977,1614015.916300000622869]]]]}},
{"type":"Feature","properties":{"รหัสกลุ่มคิว":"71/002","รหัสรับเหมา":"738889","ชื่อ-สกุล รับเหมา":"รถตัดโรงงานเบอร์ 24","นักเกษตร":"7101","ศูนย์":"K2-71","โควตา":"730292","ชาวไร่":"นาย ชัยอนันต์ ชาญเชี่ยว","ประเภทอ้อย":"ตอ1","พื้นที่":7.76,"ตันรวม":69.84,"รหัสแปลง":"321006111519","กลุ่ม":"กลุ่ม_71"},"geometry":{"type":"MultiPolygon","coordinates":[[[[1027036.4846,1616039.208599999547005],[1027061.2961,1616039.7423],[1027065.437599999830127,1616033.540899999439716],[1027069.439799999818206,1616031.776900000870228],[1027103.043800000101328,1616027.689400000497699],[1027114.083999999798834,1616040.877699999138713],[1027140.588700000196695,1616041.447699999436736],[1027140.649000000208616,1616013.512399999424815],[1027139.991100000217557,1616002.212600000202656],[1027120.5949,1615940.556900000199676],[1027114.416000000201166,1615917.852700000628829],[1027011.333599999547005,1615926.736400000751019],[1027008.756400000303984,1615929.271099999547005],[1027026.119900000281632,1615993.288100000470877],[1027036.4846,1616039.208599999547005]]]]}},
{"type":"Feature","properties":{"รหัสกลุ่มคิว":"71/002","รหัสรับเหมา":"738889","ชื่อ-สกุล รับเหมา":"รถตัดโรงงานเบอร์ 24","นักเกษตร":"7101","ศูนย์":"K2-71","โควตา":"771279","ชาวไร่":"นาง เท็ก นาคเจือ","ประเภทอ้อย":"ตอ1","พื้นที่":3.77,"ตันรวม":33.93,"รหัสแปลง":"321306061540","กลุ่ม":"กลุ่ม_71"},"geometry":{"type":"MultiPolygon","coordinates":[[[[1033344.107800000347197,1613978.801999999210238],[1033340.023900000378489,1614000.87529999949038],[1033410.9342,1614000.906700000166893],[1033409.326000000350177,1613912.85840000025928],[1033341.340099999681115,1613910.061899999156594],[1033344.107800000347197,1613978.801999999210238]]]]}},
{"type":"Feature","properties":{"รหัสกลุ่มคิว":"71/002","รหัสรับเหมา":"738889","ชื่อ-สกุล รับเหมา":"รถตัดโรงงานเบอร์ 24","นักเกษตร":"7101","ศูนย์":"K2-71","โควตา":"770851","ชาวไร่":"นาง สุพล สุดสวาท","ประเภทอ้อย":"ปลายฝน","พื้นที่":6.1,"ตันรวม":79.3,"รหัสแปลง":"321301111665","กลุ่ม":"กลุ่ม_71"},"geometry":{"type":"MultiPolygon","coordinates":[[[[1027464.639000000432134,1612241.259800000116229],[1027451.652700000442564,1612149.400699999183416],[1027359.469100000336766,1612170.362999999895692],[1027374.127600000239909,1612276.688799999654293],[1027462.126500000245869,1612249.161399999633431],[1027464.639000000432134,1612241.259800000116229]]]]}},
{"type":"Feature","properties":{"รหัสกลุ่มคิว":"71/001","รหัสรับเหมา":"733638","ชื่อ-สกุล รับเหมา":"นาย สิทธิชัย ธรรมสุข","นักเกษตร":"7104","ศูนย์":"K2-71","โควตา":"730541","ชาวไร่":"นาย ทศ แม่นผล","ประเภทอ้อย":"ปลายฝน","พื้นที่":5.89,"ตันรวม":76.57,"รหัสแปลง":"321006051556","กลุ่ม":"กลุ่ม_71"},"geometry":{"type":"MultiPolygon","coordinates":[[[[1026902.056099999696016,1610882.97859999909997],[1026902.45920000039041,1610955.249600000679493],[1027028.371600000187755,1610957.707399999722838],[1027032.097699999809265,1610953.886600000783801],[1027032.164300000295043,1610942.001499999314547],[1027036.393299999646842,1610926.380400000140071],[1027017.3755,1610881.857999999076128],[1026902.056099999696016,1610882.97859999909997]]]]}},
{"type":"Feature","properties":{"รหัสกลุ่มคิว":"71/002","รหัสรับเหมา":"738889","ชื่อ-สกุล รับเหมา":"รถตัดโรงงานเบอร์ 24","นักเกษตร":"7101","ศูนย์":"K2-71","โควตา":"771279","ชาวไร่":"นาง เท็ก นาคเจือ","ประเภทอ้อย":"ปลายฝน","พื้นที่":2.3,"ตันรวม":29.9,"รหัสแปลง":"321306061542","กลุ่ม":"กลุ่ม_71"},"geometry":{"type":"MultiPolygon","coordinates":[[[[1033335.459599999710917,1614162.911399999633431],[1033404.7571,1614155.680800000205636],[1033405.063799999654293,1614125.0592],[1033378.108799999579787,1614124.021500000730157],[1033376.270100000314415,1614091.357300000265241],[1033339.936200000345707,1614089.589500000700355],[1033335.459599999710917,1614162.911399999633431]]]]}},
{"type":"Feature","properties":{"รหัสกลุ่มคิว":"71/001","รหัสรับเหมา":"733638","ชื่อ-สกุล รับเหมา":"นาย สิทธิชัย ธรรมสุข","นักเกษตร":"7104","ศูนย์":"K2-71","โควตา":"730045","ชาวไร่":"จ.ส.ต. ถาวร สุบิน","ประเภทอ้อย":"ตอ1","พื้นที่":10.83,"ตันรวม":97.47,"รหัสแปลง":"321017071617","กลุ่ม":"กลุ่ม_71"},"geometry":{"type":"MultiPolygon","coordinates":[[[[1025981.828300000168383,1609880.416500000283122],[1025983.744300000369549,1609993.126499999314547],[1025992.8777,1610029.583000000566244],[1026101.7813,1610044.492200000211596],[1026100.986999999731779,1609887.301899999380112],[1026081.354399999603629,1609887.169600000604987],[1026073.331000000238419,1609899.9485],[1026029.714100000448525,1609899.940899999812245],[1026029.801300000399351,1609875.105699999257922],[1025981.828300000168383,1609880.416500000283122]]]]}},
{"type":"Feature","properties":{"รหัสกลุ่มคิว":"71/001","รหัสรับเหมา":"733638","ชื่อ-สกุล รับเหมา":"นาย สิทธิชัย ธรรมสุข","นักเกษตร":"7104","ศูนย์":"K2-71","โควตา":"730045","ชาวไร่":"จ.ส.ต. ถาวร สุบิน","ประเภทอ้อย":"ปลายฝน","พื้นที่":13.87,"ตันรวม":180.31,"รหัสแปลง":"321011031549","กลุ่ม":"กลุ่ม_71"},"geometry":{"type":"MultiPolygon","coordinates":[[[[1020514.916199999861419,1604975.814899999648333],[1020707.936499999836087,1604977.481499999761581],[1020708.980999999679625,1604962.14919999986887],[1020688.6639,1604959.685699999332428],[1020689.764700000174344,1604916.050699999555945],[1020691.6749,1604902.401599999517202],[1020705.841900000348687,1604897.335699999704957],[1020710.718100000172853,1604802.907600000500679],[1020636.8723,1604800.054999999701977],[1020514.916199999861419,1604975.814899999648333]]]]}},
{"type":"Feature","properties":{"รหัสกลุ่มคิว":"71/002","รหัสรับเหมา":"738889","ชื่อ-สกุล รับเหมา":"รถตัดโรงงานเบอร์ 24","นักเกษตร":"7101","ศูนย์":"K2-71","โควตา":"770926","ชาวไร่":"นาง เพียง คำเสมอ","ประเภทอ้อย":"ปลายฝน","พื้นที่":4.51,"ตันรวม":58.63,"รหัสแปลง":"321306061546","กลุ่ม":"กลุ่ม_71"},"geometry":{"type":"MultiPolygon","coordinates":[[[[1035188.11809999961406,1616068.88910000026226],[1035206.590599999763072,1616253.277599999681115],[1035214.145399999804795,1616252.046],[1035218.176,1616247.809800000861287],[1035232.412999999709427,1616228.9112],[1035239.225599999539554,1616220.522600000724196],[1035231.364500000141561,1616048.835400000214577],[1035188.11809999961406,1616068.88910000026226]]]]}},
{"type":"Feature","properties":{"รหัสกลุ่มคิว":"71/001","รหัสรับเหมา":"733638","ชื่อ-สกุล รับเหมา":"นาย สิทธิชัย ธรรมสุข","นักเกษตร":"7104","ศูนย์":"K2-71","โควตา":"730094","ชาวไร่":"นาย ยศ แรงหาญ","ประเภทอ้อย":"ตอ2","พื้นที่":11.57,"ตันรวม":92.56,"รหัสแปลง":"321017011627","กลุ่ม":"กลุ่ม_71"},"geometry":{"type":"MultiPolygon","coordinates":[[[[1021879.57079999987036,1603425.975700000301003],[1021761.971199999563396,1603460.0318],[1021785.464700000360608,1603537.999500000849366],[1021789.5241,1603612.788799999281764],[1021897.6497,1603605.736700000241399],[1021879.57079999987036,1603425.975700000301003]]]]}},
{"type":"Feature","properties":{"รหัสกลุ่มคิว":"71/001","รหัสรับเหมา":"733638","ชื่อ-สกุล รับเหมา":"นาย สิทธิชัย ธรรมสุข","นักเกษตร":"7104","ศูนย์":"K2-71","โควตา":"730244","ชาวไร่":"นาย พฤหัส ยิ่งหาญ","ประเภทอ้อย":"ปลายฝน","พื้นที่":3.86,"ตันรวม":50.18,"รหัสแปลง":"321006111525","กลุ่ม":"กลุ่ม_71"},"geometry":{"type":"MultiPolygon","coordinates":[[[[1027368.348299999721348,1614645.021099999547005],[1027402.4518,1614696.042600000277162],[1027425.443199999630451,1614722.533700000494719],[1027430.678000000305474,1614724.46680000051856],[1027432.634100000374019,1614726.875499999150634],[1027430.964700000360608,1614729.58809999935329],[1027479.875799999572337,1614778.375099999830127],[1027486.619099999777973,1614784.469000000506639],[1027497.972699999809265,1614797.304700000211596],[1027505.351099999621511,1614793.029799999669194],[1027512.746000000275671,1614783.96309999935329],[1027397.404299999587238,1614626.917899999767542],[1027371.379499999806285,1614641.22550000064075],[1027368.348299999721348,1614645.021099999547005]]]]}},
{"type":"Feature","properties":{"รหัสกลุ่มคิว":"71/002","รหัสรับเหมา":"738889","ชื่อ-สกุล รับเหมา":"รถตัดโรงงานเบอร์ 24","นักเกษตร":"7101","ศูนย์":"K2-71","โควตา":"773715","ชาวไร่":"นาง เพชรลดา มณีตา","ประเภทอ้อย":"ปลายฝน","พื้นที่":1.73,"ตันรวม":22.49,"รหัสแปลง":"321301081588","กลุ่ม":"กลุ่ม_71"},"geometry":{"type":"MultiPolygon","coordinates":[[[[1036932.433500000275671,1609896.296599999070168],[1036930.022099999710917,1609958.6733],[1036980.674800000153482,1609960.565899999812245],[1036970.612800000235438,1609911.750199999660254],[1036970.559500000439584,1609894.118899999186397],[1036932.433500000275671,1609896.296599999070168]]]]}},
{"type":"Feature","properties":{"รหัสกลุ่มคิว":"71/001","รหัสรับเหมา":"733638","ชื่อ-สกุล รับเหมา":"นาย สิทธิชัย ธรรมสุข","นักเกษตร":"7104","ศูนย์":"K2-71","โควตา":"730541","ชาวไร่":"นาย ทศ แม่นผล","ประเภทอ้อย":"ตอ1","พื้นที่":14.58,"ตันรวม":131.22,"รหัสแปลง":"321006091510","กลุ่ม":"กลุ่ม_71"},"geometry":{"type":"MultiPolygon","coordinates":[[[[1025029.152099999599159,1613665.61089999973774],[1025042.065600000321865,1613668.477299999445677],[1025043.5066,1613668.508099999278784],[1025060.634200000204146,1613668.134500000625849],[1025093.1574,1613672.5304000005126],[1025099.40639999974519,1613675.254100000485778],[1025101.902499999850988,1613684.927799999713898],[1025097.442200000397861,1613683.998299999162555],[1025100.048100000247359,1613687.828199999406934],[1025102.708800000138581,1613691.325200000777841],[1025125.503700000233948,1613700.456700000911951],[1025146.400500000454485,1613701.3289],[1025157.761,1613701.5320999994874],[1025160.974600000306964,1613696.9265],[1025177.588899999856949,1613697.17989999987185],[1025180.991600000299513,1613699.045399999246001],[1025197.048899999819696,1613702.2862],[1025199.6096,1613699.74349999986589],[1025222.4858,1613703.160199999809265],[1025244.490500000305474,1613700.9649],[1025250.916500000283122,1613674.231799999251962],[1025248.417100000195205,1613652.938999999314547],[1025253.295199999585748,1613651.850099999457598],[1025253.331399999558926,1613631.467299999669194],[1025257.0494,1613631.231599999591708],[1025258.720499999821186,1613610.995999999344349],[1025255.354000000283122,1613592.228800000622869],[1025139.612099999561906,1613585.879200000315905],[1025103.364500000141561,1613585.627699999138713],[1025090.276700000278652,1613585.650699999183416],[1025054.907599999569356,1613585.379100000485778],[1025015.7347999997437,1613592.735400000587106],[1025011.654199999757111,1613597.485600000247359],[1025026.822599999606609,1613628.586799999698997],[1025030.319899999536574,1613646.75620000064373],[1025029.152099999599159,1613665.61089999973774]]]]}},
{"type":"Feature","properties":{"รหัสกลุ่มคิว":"71/001","รหัสรับเหมา":"733638","ชื่อ-สกุล รับเหมา":"นาย สิทธิชัย ธรรมสุข","นักเกษตร":"7104","ศูนย์":"K2-71","โควตา":"733426","ชาวไร่":"นาย ภูมินทร์ ศิริพงษ์พิทักษ์","ประเภทอ้อย":"ตอ5","พื้นที่":3.08,"ตันรวม":21.56,"รหัสแปลง":"321017051560","กลุ่ม":"กลุ่ม_71"},"geometry":{"type":"MultiPolygon","coordinates":[[[[1023160.523299999535084,1608852.162699999287724],[1023209.201000000350177,1608843.022199999541044],[1023205.296299999579787,1608789.28940000012517],[1023198.402300000190735,1608748.998099999502301],[1023147.409900000318885,1608756.79450000077486],[1023160.523299999535084,1608852.162699999287724]]]]}},
{"type":"Feature","properties":{"รหัสกลุ่มคิว":"71/001","รหัสรับเหมา":"733638","ชื่อ-สกุล รับเหมา":"นาย สิทธิชัย ธรรมสุข","นักเกษตร":"7104","ศูนย์":"K2-71","โควตา":"770432","ชาวไร่":"นาง สุเมร ชาญเชี่ยว","ประเภทอ้อย":"ตอ1","พื้นที่":8.92,"ตันรวม":80.28,"รหัสแปลง":"321305041636","กลุ่ม":"กลุ่ม_71"},"geometry":{"type":"MultiPolygon","coordinates":[[[[1028657.395499999634922,1605827.141799999400973],[1028615.807199999690056,1605681.570800000801682],[1028606.364,1605676.373099999502301],[1028537.661899999715388,1605685.631899999454618],[1028540.821700000204146,1605740.093299999833107],[1028569.444899999536574,1605851.343900000676513],[1028657.395499999634922,1605827.141799999400973]]]]}},
{"type":"Feature","properties":{"รหัสกลุ่มคิว":"71/002","รหัสรับเหมา":"738889","ชื่อ-สกุล รับเหมา":"รถตัดโรงงานเบอร์ 24","นักเกษตร":"7101","ศูนย์":"K2-71","โควตา":"771005","ชาวไร่":"นาย สุรินทร์ สายกระสุน","ประเภทอ้อย":"ตอ2","พื้นที่":5.35,"ตันรวม":42.8,"รหัสแปลง":"321301121625","กลุ่ม":"กลุ่ม_71"},"geometry":{"type":"MultiPolygon","coordinates":[[[[1032147.381,1614188.436699999496341],[1032011.638299999758601,1614217.642699999734759],[1032009.516200000420213,1614221.9551],[1032005.8876,1614222.339299999177456],[1032010.015999999828637,1614278.693900000303984],[1032157.407200000248849,1614244.17119999974966],[1032147.381,1614188.436699999496341]]]]}},
{"type":"Feature","properties":{"รหัสกลุ่มคิว":"71/001","รหัสรับเหมา":"733638","ชื่อ-สกุล รับเหมา":"นาย สิทธิชัย ธรรมสุข","นักเกษตร":"7104","ศูนย์":"K2-71","โควตา":"774086","ชาวไร่":"นาย สมกิจ พนากอบกิจ","ประเภทอ้อย":"ตอ1","พื้นที่":10.75,"ตันรวม":96.75,"รหัสแปลง":"321305041637","กลุ่ม":"กลุ่ม_71"},"geometry":{"type":"MultiPolygon","coordinates":[[[[1028495.918200000189245,1605903.212799999862909],[1028496.987099999561906,1605900.383099999278784],[1028488.3843,1605763.994999999180436],[1028478.925699999555945,1605732.423900000751019],[1028473.175800000317395,1605726.10700000077486],[1028454.054999999701977,1605730.77309999987483],[1028426.654500000178814,1605744.864],[1028408.467000000178814,1605754.634999999776483],[1028376.2544,1605766.51549999974668],[1028369.44400000013411,1605769.137700000777841],[1028407.1009,1605910.679700000211596],[1028495.918200000189245,1605903.212799999862909]]]]}},
{"type":"Feature","properties":{"รหัสกลุ่มคิว":"71/002","รหัสรับเหมา":"738889","ชื่อ-สกุล รับเหมา":"รถตัดโรงงานเบอร์ 24","นักเกษตร":"7101","ศูนย์":"K2-71","โควตา":"774086","ชาวไร่":"นาย สมกิจ พนากอบกิจ","ประเภทอ้อย":"ปลายฝน","พื้นที่":12.16,"ตันรวม":158.08,"รหัสแปลง":"321301121627","กลุ่ม":"กลุ่ม_71"},"geometry":{"type":"MultiPolygon","coordinates":[[[[1032596.452499999664724,1615729.637000000104308],[1032620.960900000296533,1615787.526599999517202],[1032968.858,1615797.45240000076592],[1032951.926599999889731,1615743.337300000712276],[1032596.452499999664724,1615729.637000000104308]]]]}},
{"type":"Feature","properties":{"รหัสกลุ่มคิว":"71/001","รหัสรับเหมา":"733638","ชื่อ-สกุล รับเหมา":"นาย สิทธิชัย ธรรมสุข","นักเกษตร":"7104","ศูนย์":"K2-71","โควตา":"770022","ชาวไร่":"นาง เตียน ยอดทอง","ประเภทอ้อย":"ตอ1","พื้นที่":11.43,"ตันรวม":102.87,"รหัสแปลง":"321305041638","กลุ่ม":"กลุ่ม_71"},"geometry":{"type":"MultiPolygon","coordinates":[[[[1027511.6031,1606753.749299999326468],[1027488.171699999831617,1606551.402200000360608],[1027407.533900000154972,1606562.628000000491738],[1027396.0203,1606569.9671],[1027413.688299999572337,1606670.990199999883771],[1027414.7144,1606690.438200000673532],[1027415.220099999569356,1606725.785800000652671],[1027421.459800000302494,1606762.73619999922812],[1027511.6031,1606753.749299999326468]]]]}},
{"type":"Feature","properties":{"รหัสกลุ่มคิว":"71/002","รหัสรับเหมา":"738889","ชื่อ-สกุล รับเหมา":"รถตัดโรงงานเบอร์ 24","นักเกษตร":"7101","ศูนย์":"K2-71","โควตา":"774086","ชาวไร่":"นาย สมกิจ พนากอบกิจ","ประเภทอ้อย":"ตอ1","พื้นที่":10.24,"ตันรวม":92.16,"รหัสแปลง":"321306061548","กลุ่ม":"กลุ่ม_71"},"geometry":{"type":"MultiPolygon","coordinates":[[[[1032952.551300000399351,1615739.194499999284744],[1032935.475499999709427,1615695.712300000712276],[1032816.0916,1615692.784499999135733],[1032573.4863,1615668.232200000435114],[1032596.589800000190735,1615724.611600000411272],[1032952.551300000399351,1615739.194499999284744]]]]}},
{"type":"Feature","properties":{"รหัสกลุ่มคิว":"71/001","รหัสรับเหมา":"733638","ชื่อ-สกุล รับเหมา":"นาย สิทธิชัย ธรรมสุข","นักเกษตร":"7104","ศูนย์":"K2-71","โควตา":"733765","ชาวไร่":"นาย สังข์ มีเหมาะ","ประเภทอ้อย":"ตอ1","พื้นที่":7.91,"ตันรวม":71.19,"รหัสแปลง":"321017061655","กลุ่ม":"กลุ่ม_71"},"geometry":{"type":"MultiPolygon","coordinates":[[[[1027490.838499999605119,1605988.474700000137091],[1027445.379599999636412,1606032.0899],[1027428.949900000356138,1606058.564899999648333],[1027574.015999999828637,1606111.435100000351667],[1027614.773699999786913,1606034.787799999117851],[1027490.838499999605119,1605988.474700000137091]]]]}},
{"type":"Feature","properties":{"รหัสกลุ่มคิว":"71/002","รหัสรับเหมา":"738889","ชื่อ-สกุล รับเหมา":"รถตัดโรงงานเบอร์ 24","นักเกษตร":"7101","ศูนย์":"K2-71","โควตา":"770911","ชาวไร่":"นาง สม ม่วงละออ","ประเภทอ้อย":"ตอ1","พื้นที่":7.63,"ตันรวม":68.67,"รหัสแปลง":"321301091560","กลุ่ม":"กลุ่ม_71"},"geometry":{"type":"MultiPolygon","coordinates":[[[[1036488.8936,1611380.647099999710917],[1036488.264499999582767,1611398.6722999997437],[1036504.235600000247359,1611401.244899999350309],[1036521.424499999731779,1611358.404699999839067],[1036506.987300000153482,1611354.083599999547005],[1036499.489900000393391,1611349.951099999248981],[1036500.36849999986589,1611312.189400000497699],[1036429.9978,1611312.07289999909699],[1036407.2878,1611313.3918999992311],[1036366.704,1611309.18889999948442],[1036360.484299999661744,1611306.740800000727177],[1036355.708800000138581,1611293.7763],[1036337.2769,1611293.881300000473857],[1036328.49309999961406,1611372.810499999672174],[1036488.8936,1611380.647099999710917]]]]}},
{"type":"Feature","properties":{"รหัสกลุ่มคิว":"71/001","รหัสรับเหมา":"733638","ชื่อ-สกุล รับเหมา":"นาย สิทธิชัย ธรรมสุข","นักเกษตร":"7104","ศูนย์":"K2-71","โควตา":"733426","ชาวไร่":"นาย ภูมินทร์ ศิริพงษ์พิทักษ์","ประเภทอ้อย":"ตอ1","พื้นที่":5.25,"ตันรวม":47.25,"รหัสแปลง":"321017051562","กลุ่ม":"กลุ่ม_71"},"geometry":{"type":"MultiPolygon","coordinates":[[[[1023161.302899999544024,1608849.40430000051856],[1023147.954300000332296,1608756.621099999174476],[1023125.144799999892712,1608761.316400000825524],[1023090.111600000411272,1608772.967000000178814],[1023058.525600000284612,1608775.070900000631809],[1023047.202200000174344,1608849.939899999648333],[1023161.302899999544024,1608849.40430000051856]]]]}},
{"type":"Feature","properties":{"รหัสกลุ่มคิว":"71/001","รหัสรับเหมา":"733638","ชื่อ-สกุล รับเหมา":"นาย สิทธิชัย ธรรมสุข","นักเกษตร":"7104","ศูนย์":"K2-71","โควตา":"730140","ชาวไร่":"นาย นเรศ บุดดางาม","ประเภทอ้อย":"ปลายฝน","พื้นที่":5.23,"ตันรวม":67.99,"รหัสแปลง":"321011101687","กลุ่ม":"กลุ่ม_71"},"geometry":{"type":"MultiPolygon","coordinates":[[[[1018941.4688,1610235.351700000464916],[1018928.581000000238419,1610103.6272],[1018865.688500000163913,1610107.940099999308586],[1018888.570899999700487,1610247.408399999141693],[1018902.306200000457466,1610246.497199999168515],[1018904.240399999544024,1610256.501900000497699],[1018930.226800000295043,1610252.20409999974072],[1018929.877100000157952,1610237.926400000229478],[1018941.4688,1610235.351700000464916]]]]}},
{"type":"Feature","properties":{"รหัสกลุ่มคิว":"71/002","รหัสรับเหมา":"738889","ชื่อ-สกุล รับเหมา":"รถตัดโรงงานเบอร์ 24","นักเกษตร":"7101","ศูนย์":"K2-71","โควตา":"774198","ชาวไร่":"นาย นพพร ศรียันต์","ประเภทอ้อย":"ตอ1","พื้นที่":14.06,"ตันรวม":126.54,"รหัสแปลง":"321007041556","กลุ่ม":"กลุ่ม_71"},"geometry":{"type":"MultiPolygon","coordinates":[[[[1031395.333999999798834,1619296.949200000613928],[1031340.1979,1619322.497600000351667],[1031419.802199999801815,1619636.268400000408292],[1031493.77240000013262,1619613.709699999541044],[1031395.333999999798834,1619296.949200000613928]]]]}},
{"type":"Feature","properties":{"รหัสกลุ่มคิว":"71/001","รหัสรับเหมา":"733638","ชื่อ-สกุล รับเหมา":"นาย สิทธิชัย ธรรมสุข","นักเกษตร":"7104","ศูนย์":"K2-71","โควตา":"730541","ชาวไร่":"นาย ทศ แม่นผล","ประเภทอ้อย":"ปลายฝน","พื้นที่":2.75,"ตันรวม":35.75,"รหัสแปลง":"321006051563","กลุ่ม":"กลุ่ม_71"},"geometry":{"type":"MultiPolygon","coordinates":[[[[1025589.299499999731779,1612382.926799999549985],[1025574.469100000336766,1612385.384600000455976],[1025606.449500000104308,1612549.984300000593066],[1025643.069899999536574,1612539.852700000628829],[1025589.299499999731779,1612382.926799999549985]]]]}},
{"type":"Feature","properties":{"รหัสกลุ่มคิว":"71/001","รหัสรับเหมา":"733638","ชื่อ-สกุล รับเหมา":"นาย สิทธิชัย ธรรมสุข","นักเกษตร":"7104","ศูนย์":"K2-71","โควตา":"771120","ชาวไร่":"นางสาว อุไรวรรณ์ แก้วสว่าง","ประเภทอ้อย":"ปลายฝน","พื้นที่":11.4,"ตันรวม":148.2,"รหัสแปลง":"321305041642","กลุ่ม":"กลุ่ม_71"},"geometry":{"type":"MultiPolygon","coordinates":[[[[1028142.162200000137091,1605520.532400000840425],[1028079.148699999786913,1605516.966900000348687],[1028097.051900000311434,1605788.676999999210238],[1028100.199400000274181,1605797.87360000051558],[1028113.152900000102818,1605803.431500000879169],[1028126.880599999800324,1605807.590700000524521],[1028163.0477,1605803.7182],[1028142.162200000137091,1605520.532400000840425]]]]}},
{"type":"Feature","properties":{"รหัสกลุ่มคิว":"71/001","รหัสรับเหมา":"733638","ชื่อ-สกุล รับเหมา":"นาย สิทธิชัย ธรรมสุข","นักเกษตร":"7104","ศูนย์":"K2-71","โควตา":"733377","ชาวไร่":"นาย เฉลิมชัย สีดาหอม","ประเภทอ้อย":"ตอ5","พื้นที่":1.13,"ตันรวม":7.91,"รหัสแปลง":"321017071630","กลุ่ม":"กลุ่ม_71"},"geometry":{"type":"MultiPolygon","coordinates":[[[[1026262.842299999669194,1609331.403999999165535],[1026194.077200000174344,1609327.343699999153614],[1026193.848399999551475,1609354.904799999669194],[1026261.031499999575317,1609357.081299999728799],[1026262.842299999669194,1609331.403999999165535]]]]}},
{"type":"Feature","properties":{"รหัสกลุ่มคิว":"71/001","รหัสรับเหมา":"733638","ชื่อ-สกุล รับเหมา":"นาย สิทธิชัย ธรรมสุข","นักเกษตร":"7104","ศูนย์":"K2-71","โควตา":"733560","ชาวไร่":"นาย ทิม สมสุข","ประเภทอ้อย":"ตอ1","พื้นที่":7.47,"ตันรวม":67.23,"รหัสแปลง":"321017071631","กลุ่ม":"กลุ่ม_71"},"geometry":{"type":"MultiPolygon","coordinates":[[[[1027375.5949,1609174.467399999499321],[1027396.693699999712408,1609173.994400000199676],[1027393.324500000104308,1609146.170700000599027],[1027389.16509999986738,1609129.9858],[1027384.282999999821186,1609122.295700000599027],[1027372.590400000102818,1609112.794700000435114],[1027369.555499999783933,1609094.5987],[1027340.832700000144541,1609072.337300000712276],[1027300.989,1609072.778799999505281],[1027305.653800000436604,1609233.652300000190735],[1027379.541299999691546,1609228.207699999213219],[1027375.5949,1609174.467399999499321]]]]}},
{"type":"Feature","properties":{"รหัสกลุ่มคิว":"71/002","รหัสรับเหมา":"738889","ชื่อ-สกุล รับเหมา":"รถตัดโรงงานเบอร์ 24","นักเกษตร":"7101","ศูนย์":"K2-71","โควตา":"770911","ชาวไร่":"นาง สม ม่วงละออ","ประเภทอ้อย":"ตอ1","พื้นที่":1.5,"ตันรวม":13.5,"รหัสแปลง":"321301091561","กลุ่ม":"กลุ่ม_71"},"geometry":{"type":"MultiPolygon","coordinates":[[[[1036514.7483,1611401.795399999246001],[1036553.072599999606609,1611308.914899999275804],[1036500.411600000225008,1611307.719000000506639],[1036499.2292,1611345.283299999311566],[1036501.4698,1611348.952099999412894],[1036523.012000000104308,1611355.033500000834465],[1036509.0707,1611394.031600000336766],[1036514.7483,1611401.795399999246001]]]]}},
{"type":"Feature","properties":{"รหัสกลุ่มคิว":"71/001","รหัสรับเหมา":"733638","ชื่อ-สกุล รับเหมา":"นาย สิทธิชัย ธรรมสุข","นักเกษตร":"7104","ศูนย์":"K2-71","โควตา":"730541","ชาวไร่":"นาย ทศ แม่นผล","ประเภทอ้อย":"ปลายฝน","พื้นที่":12.87,"ตันรวม":167.31,"รหัสแปลง":"321305041647","กลุ่ม":"กลุ่ม_71"},"geometry":{"type":"MultiPolygon","coordinates":[[[[1028510.409900000318885,1607184.203400000929832],[1028423.685999999754131,1607193.444700000807643],[1028365.161299999803305,1607199.035499999299645],[1028379.205699999816716,1607267.051000000908971],[1028388.78110000025481,1607333.305700000375509],[1028538.3311,1607328.001900000497699],[1028510.409900000318885,1607184.203400000929832]]]]}},
{"type":"Feature","properties":{"รหัสกลุ่มคิว":"71/002","รหัสรับเหมา":"738889","ชื่อ-สกุล รับเหมา":"รถตัดโรงงานเบอร์ 24","นักเกษตร":"7101","ศูนย์":"K2-71","โควตา":"773482","ชาวไร่":"นาง วิภาวดี แก้วมี","ประเภทอ้อย":"ปลายฝน","พื้นที่":5.64,"ตันรวม":73.32,"รหัสแปลง":"321301121632","กลุ่ม":"กลุ่ม_71"},"geometry":{"type":"MultiPolygon","coordinates":[[[[1030932.599100000225008,1613698.805299999192357],[1031020.0756,1613903.850099999457598],[1031057.207399999722838,1613870.239800000563264],[1030975.86809999961406,1613698.076199999079108],[1030932.599100000225008,1613698.805299999192357]]]]}},
{"type":"Feature","properties":{"รหัสกลุ่มคิว":"71/002","รหัสรับเหมา":"738889","ชื่อ-สกุล รับเหมา":"รถตัดโรงงานเบอร์ 24","นักเกษตร":"7101","ศูนย์":"K2-71","โควตา":"770851","ชาวไร่":"นาง สุพล สุดสวาท","ประเภทอ้อย":"ต้นฝน","พื้นที่":2.47,"ตันรวม":27.17,"รหัสแปลง":"321301111704","กลุ่ม":"กลุ่ม_71"},"geometry":{"type":"MultiPolygon","coordinates":[[[[1027454.0987,1612381.920800000429153],[1027446.501199999824166,1612377.80320000089705],[1027403.117600000463426,1612378.044099999591708],[1027389.010200000368059,1612378.671599999070168],[1027371.1645,1612379.07010000012815],[1027371.053899999707937,1612410.8191],[1027365.5652,1612438.926300000399351],[1027412.5301,1612439.041500000283122],[1027414.704599999822676,1612437.390100000426173],[1027454.0987,1612381.920800000429153]]]]}},
{"type":"Feature","properties":{"รหัสกลุ่มคิว":"71/001","รหัสรับเหมา":"733638","ชื่อ-สกุล รับเหมา":"นาย สิทธิชัย ธรรมสุข","นักเกษตร":"7104","ศูนย์":"K2-71","โควตา":"774133","ชาวไร่":"น.ส. สุนันทา สมุดกลัด","ประเภทอ้อย":"ตอ1","พื้นที่":5.17,"ตันรวม":46.53,"รหัสแปลง":"321305041648","กลุ่ม":"กลุ่ม_71"},"geometry":{"type":"MultiPolygon","coordinates":[[[[1027468.418100000359118,1606421.472899999469519],[1027490.214499999769032,1606523.324500000104308],[1027568.286500000394881,1606514.079199999570847],[1027572.574300000444055,1606465.328299999237061],[1027544.91469999961555,1606435.319900000467896],[1027519.621600000187755,1606421.08809999935329],[1027496.32050000037998,1606414.854299999773502],[1027484.8481,1606411.833799999207258],[1027468.418100000359118,1606421.472899999469519]]]]}},
{"type":"Feature","properties":{"รหัสกลุ่มคิว":"71/002","รหัสรับเหมา":"738889","ชื่อ-สกุล รับเหมา":"รถตัดโรงงานเบอร์ 24","นักเกษตร":"7101","ศูนย์":"K2-71","โควตา":"730441","ชาวไร่":"นาย เด่น เอิบสุข","ประเภทอ้อย":"ตอ1","พื้นที่":17.93,"ตันรวม":161.37,"รหัสแปลง":"321015041551","กลุ่ม":"กลุ่ม_71"},"geometry":{"type":"MultiPolygon","coordinates":[[[[1031132.417999999597669,1618123.455],[1031154.096400000154972,1618355.075500000268221],[1031285.025899999774992,1618320.306900000199676],[1031280.0548,1618259.190700000151992],[1031259.995299999602139,1618153.403899999335408],[1031258.36699999962002,1618151.186499999836087],[1031251.653300000354648,1618111.471300000324845],[1031132.417999999597669,1618123.455]]]]}},
{"type":"Feature","properties":{"รหัสกลุ่มคิว":"71/002","รหัสรับเหมา":"738889","ชื่อ-สกุล รับเหมา":"รถตัดโรงงานเบอร์ 24","นักเกษตร":"7101","ศูนย์":"K2-71","โควตา":"771271","ชาวไร่":"นาง สำเภา สิลสอน","ประเภทอ้อย":"ตอ1","พื้นที่":7.66,"ตันรวม":68.94,"รหัสแปลง":"321306041529","กลุ่ม":"กลุ่ม_71"},"geometry":{"type":"MultiPolygon","coordinates":[[[[1033298.920400000177324,1616415.073799999430776],[1033298.950799999758601,1616413.83049999922514],[1033303.488300000317395,1616374.607999999076128],[1033291.584800000302494,1616364.27309999987483],[1033261.159799999557436,1616365.355000000447035],[1033140.115799999795854,1616374.314200000837445],[1033046.156700000166893,1616364.464400000870228],[1033040.9633,1616418.098600000143051],[1033298.920400000177324,1616415.073799999430776]]]]}},
{"type":"Feature","properties":{"รหัสกลุ่มคิว":"71/002","รหัสรับเหมา":"738889","ชื่อ-สกุล รับเหมา":"รถตัดโรงงานเบอร์ 24","นักเกษตร":"7101","ศูนย์":"K2-71","โควตา":"773498","ชาวไร่":"นาย พุท เทียนทอง","ประเภทอ้อย":"ตอ2","พื้นที่":2.37,"ตันรวม":18.96,"รหัสแปลง":"321306061557","กลุ่ม":"กลุ่ม_71"},"geometry":{"type":"MultiPolygon","coordinates":[[[[1033160.633600000292063,1615350.892400000244379],[1033147.64130000025034,1615305.867200000211596],[1033069.836199999786913,1615320.119599999859929],[1033075.6749,1615364.987999999895692],[1033160.633600000292063,1615350.892400000244379]]]]}},
{"type":"Feature","properties":{"รหัสกลุ่มคิว":"71/002","รหัสรับเหมา":"738889","ชื่อ-สกุล รับเหมา":"รถตัดโรงงานเบอร์ 24","นักเกษตร":"7101","ศูนย์":"K2-71","โควตา":"773683","ชาวไร่":"นาง ตอน กรงหิรัญ","ประเภทอ้อย":"ตอ1","พื้นที่":8.16,"ตันรวม":73.44,"รหัสแปลง":"321301081589","กลุ่ม":"กลุ่ม_71"},"geometry":{"type":"MultiPolygon","coordinates":[[[[1038570.0597,1609520.999099999666214],[1038525.30599999986589,1609501.475600000470877],[1038524.5471,1609565.028799999505281],[1038496.448400000110269,1609568.738299999386072],[1038507.095099999569356,1609713.216199999675155],[1038578.4737,1609704.615199999883771],[1038570.0597,1609520.999099999666214]]]]}},
{"type":"Feature","properties":{"รหัสกลุ่มคิว":"71/001","รหัสรับเหมา":"733638","ชื่อ-สกุล รับเหมา":"นาย สิทธิชัย ธรรมสุข","นักเกษตร":"7104","ศูนย์":"K2-71","โควตา":"733260","ชาวไร่":"นาย สวัสดิ์ ปุ่มแม่น","ประเภทอ้อย":"ปลายฝน","พื้นที่":4.96,"ตันรวม":64.48,"รหัสแปลง":"321017071642","กลุ่ม":"กลุ่ม_71"},"geometry":{"type":"MultiPolygon","coordinates":[[[[1025264.215699999593198,1610166.9901],[1025223.000900000333786,1610167.889399999752641],[1025219.6716,1610146.045099999755621],[1025183.246299999766052,1610147.807199999690056],[1025187.151399999856949,1610243.422800000756979],[1025224.052199999801815,1610246.381999999284744],[1025264.609199999831617,1610249.898700000718236],[1025287.056099999696016,1610247.087500000372529],[1025264.215699999593198,1610166.9901]]]]}},
{"type":"Feature","properties":{"รหัสกลุ่มคิว":"71/001","รหัสรับเหมา":"733638","ชื่อ-สกุล รับเหมา":"นาย สิทธิชัย ธรรมสุข","นักเกษตร":"7104","ศูนย์":"K2-71","โควตา":"733260","ชาวไร่":"นาย สวัสดิ์ ปุ่มแม่น","ประเภทอ้อย":"ปลายฝน","พื้นที่":2.67,"ตันรวม":34.71,"รหัสแปลง":"321017071643","กลุ่ม":"กลุ่ม_71"},"geometry":{"type":"MultiPolygon","coordinates":[[[[1025042.270100000314415,1610099.743699999526143],[1025039.568699999712408,1610141.867000000551343],[1025137.805499999783933,1610141.3739],[1025136.278199999593198,1610094.720100000500679],[1025042.270100000314415,1610099.743699999526143]]]]}},
{"type":"Feature","properties":{"รหัสกลุ่มคิว":"71/002","รหัสรับเหมา":"738889","ชื่อ-สกุล รับเหมา":"รถตัดโรงงานเบอร์ 24","นักเกษตร":"7101","ศูนย์":"K2-71","โควตา":"772561","ชาวไร่":"นาย ณัฐวุฒิ อินทร์ดี","ประเภทอ้อย":"ปลายฝน","พื้นที่":7.01,"ตันรวม":91.13,"รหัสแปลง":"321306031517","กลุ่ม":"กลุ่ม_71"},"geometry":{"type":"MultiPolygon","coordinates":[[[[1036033.816499999724329,1619106.3739],[1036107.063900000415742,1619089.158500000834465],[1036055.061499999836087,1618938.765599999576807],[1035988.520499999634922,1618968.77449999935925],[1036033.816499999724329,1619106.3739]]]]}},
{"type":"Feature","properties":{"รหัสกลุ่มคิว":"71/001","รหัสรับเหมา":"733638","ชื่อ-สกุล รับเหมา":"นาย สิทธิชัย ธรรมสุข","นักเกษตร":"7104","ศูนย์":"K2-71","โควตา":"770432","ชาวไร่":"นาง สุเมร ชาญเชี่ยว","ประเภทอ้อย":"ตอ1","พื้นที่":7.02,"ตันรวม":63.18,"รหัสแปลง":"321305011543","กลุ่ม":"กลุ่ม_71"},"geometry":{"type":"MultiPolygon","coordinates":[[[[1028736.382299999706447,1605809.03830000013113],[1028703.2374,1605673.2686],[1028626.074099999852479,1605681.97580000013113],[1028657.987599999643862,1605824.749299999326468],[1028736.382299999706447,1605809.03830000013113]]]]}},
{"type":"Feature","properties":{"รหัสกลุ่มคิว":"71/001","รหัสรับเหมา":"733638","ชื่อ-สกุล รับเหมา":"นาย สิทธิชัย ธรรมสุข","นักเกษตร":"7104","ศูนย์":"K2-71","โควตา":"733797","ชาวไร่":"นาย ชาติ ปุ่มแม่น","ประเภทอ้อย":"ปลายฝน","พื้นที่":4.14,"ตันรวม":53.82,"รหัสแปลง":"321017071644","กลุ่ม":"กลุ่ม_71"},"geometry":{"type":"MultiPolygon","coordinates":[[[[1025209.427400000393391,1609167.004000000655651],[1025216.6245,1609150.692099999636412],[1025207.495699999853969,1609147.722300000488758],[1025207.756099999882281,1609135.5175],[1025200.616899999789894,1609132.220100000500679],[1025022.850499999709427,1609117.697699999436736],[1025017.232900000177324,1609152.913599999621511],[1025209.427400000393391,1609167.004000000655651]]]]}},
{"type":"Feature","properties":{"รหัสกลุ่มคิว":"71/002","รหัสรับเหมา":"738889","ชื่อ-สกุล รับเหมา":"รถตัดโรงงานเบอร์ 24","นักเกษตร":"7101","ศูนย์":"K2-71","โควตา":"773253","ชาวไร่":"นาง แคลน แพงสุภา","ประเภทอ้อย":"ตอ1","พื้นที่":3.56,"ตันรวม":32.04,"รหัสแปลง":"321301091565","กลุ่ม":"กลุ่ม_71"},"geometry":{"type":"MultiPolygon","coordinates":[[[[1036669.00760000012815,1610784.5406],[1036648.326999999582767,1610697.872999999672174],[1036607.406000000424683,1610703.546900000423193],[1036606.013500000350177,1610719.2347999997437],[1036604.554399999789894,1610721.369000000879169],[1036603.828099999576807,1610721.196599999442697],[1036589.886300000362098,1610723.6546],[1036600.3383,1610771.840199999511242],[1036584.4479,1610772.494799999520183],[1036586.69579999987036,1610788.140000000596046],[1036582.950400000438094,1610789.624800000339746],[1036584.0773,1610795.530200000852346],[1036669.00760000012815,1610784.5406]]]]}},
{"type":"Feature","properties":{"รหัสกลุ่มคิว":"71/001","รหัสรับเหมา":"733638","ชื่อ-สกุล รับเหมา":"นาย สิทธิชัย ธรรมสุข","นักเกษตร":"7104","ศูนย์":"K2-71","โควตา":"774133","ชาวไร่":"น.ส. สุนันทา สมุดกลัด","ประเภทอ้อย":"ตอ1","พื้นที่":6.23,"ตันรวม":56.07,"รหัสแปลง":"321305011544","กลุ่ม":"กลุ่ม_71"},"geometry":{"type":"MultiPolygon","coordinates":[[[[1027582.787100000306964,1606712.582399999722838],[1027570.546500000171363,1606580.062899999320507],[1027494.447300000116229,1606586.911000000312924],[1027507.102,1606715.349999999627471],[1027582.787100000306964,1606712.582399999722838]]]]}},
{"type":"Feature","properties":{"รหัสกลุ่มคิว":"71/001","รหัสรับเหมา":"733638","ชื่อ-สกุล รับเหมา":"นาย สิทธิชัย ธรรมสุข","นักเกษตร":"7104","ศูนย์":"K2-71","โควตา":"733217","ชาวไร่":"นาย เกลี้ยง มีเหมาะ","ประเภทอ้อย":"ตอ1","พื้นที่":6.85,"ตันรวม":61.65,"รหัสแปลง":"321017061663","กลุ่ม":"กลุ่ม_71"},"geometry":{"type":"MultiPolygon","coordinates":[[[[1026944.806200000457466,1607913.28830000013113],[1027022.4452,1607921.978399999439716],[1027026.2878,1607902.449699999764562],[1027052.505599999800324,1607907.080700000748038],[1027055.910299999639392,1607865.896600000560284],[1027098.1436,1607871.795399999246001],[1027104.914300000295043,1607841.783800000324845],[1026956.248499999754131,1607814.798499999567866],[1026944.806200000457466,1607913.28830000013113]]]]}},
{"type":"Feature","properties":{"รหัสกลุ่มคิว":"71/002","รหัสรับเหมา":"738889","ชื่อ-สกุล รับเหมา":"รถตัดโรงงานเบอร์ 24","นักเกษตร":"7101","ศูนย์":"K2-71","โควตา":"773483","ชาวไร่":"นาง ลำดวน เผ่าพันธ์","ประเภทอ้อย":"ปลายฝน","พื้นที่":5.31,"ตันรวม":69.03,"รหัสแปลง":"321301111717","กลุ่ม":"กลุ่ม_71"},"geometry":{"type":"MultiPolygon","coordinates":[[[[1028810.614799999631941,1612260.75139999948442],[1028668.5137,1612304.0625],[1028684.449799999594688,1612358.302500000223517],[1028841.126299999654293,1612305.261],[1028810.614799999631941,1612260.75139999948442]]]]}},
{"type":"Feature","properties":{"รหัสกลุ่มคิว":"71/002","รหัสรับเหมา":"738889","ชื่อ-สกุล รับเหมา":"รถตัดโรงงานเบอร์ 24","นักเกษตร":"7101","ศูนย์":"K2-71","โควตา":"771399","ชาวไร่":"นาง ลัดดา มาลาศรี","ประเภทอ้อย":"ปลายฝน","พื้นที่":14.25,"ตันรวม":185.25,"รหัสแปลง":"321015051542","กลุ่ม":"กลุ่ม_71"},"geometry":{"type":"MultiPolygon","coordinates":[[[[1030180.548000000417233,1619820.956599999219179],[1030373.8295,1619733.863199999555945],[1030343.970499999821186,1619656.25929999910295],[1030281.127600000239909,1619666.401699999347329],[1030177.19440000038594,1619703.167700000107288],[1030118.7785,1619723.5395],[1030180.548000000417233,1619820.956599999219179]]]]}},
{"type":"Feature","properties":{"รหัสกลุ่มคิว":"71/001","รหัสรับเหมา":"733638","ชื่อ-สกุล รับเหมา":"นาย สิทธิชัย ธรรมสุข","นักเกษตร":"7104","ศูนย์":"K2-71","โควตา":"733638","ชาวไร่":"นาย สิทธิชัย ธรรมสุข","ประเภทอ้อย":"ตอ2","พื้นที่":16.07,"ตันรวม":128.56,"รหัสแปลง":"321015051543","กลุ่ม":"กลุ่ม_71"},"geometry":{"type":"MultiPolygon","coordinates":[[[[1026032.801300000399351,1621926.878100000321865],[1026098.350700000301003,1621910.035800000652671],[1026106.481300000101328,1621910.229900000616908],[1026139.4517,1621899.299200000241399],[1026153.622000000439584,1621894.648199999704957],[1026169.618800000287592,1621887.096100000664592],[1026197.701999999582767,1621872.0307],[1026196.692200000397861,1621870.335999999195337],[1026154.312599999830127,1621747.493000000715256],[1026120.701500000432134,1621768.435900000855327],[1026110.900899999774992,1621774.206800000742078],[1026074.322100000455976,1621794.326500000432134],[1026043.8991,1621815.551200000569224],[1026031.176099999807775,1621820.0537],[1026018.925599999725819,1621826.46000000089407],[1025989.740299999713898,1621839.855599999427795],[1025975.317200000397861,1621845.876599999144673],[1025982.763899999670684,1621860.058199999853969],[1025947.7165,1621872.99379999935627],[1025970.401999999769032,1621943.711400000378489],[1026033.010900000110269,1621926.782700000330806],[1026032.801300000399351,1621926.878100000321865]]]]}},
{"type":"Feature","properties":{"รหัสกลุ่มคิว":"71/001","รหัสรับเหมา":"733638","ชื่อ-สกุล รับเหมา":"นาย สิทธิชัย ธรรมสุข","นักเกษตร":"7104","ศูนย์":"K2-71","โควตา":"733476","ชาวไร่":"นาย ยม ลำดวนหอม","ประเภทอ้อย":"ตอ1","พื้นที่":4.24,"ตันรวม":38.16,"รหัสแปลง":"321017071648","กลุ่ม":"กลุ่ม_71"},"geometry":{"type":"MultiPolygon","coordinates":[[[[1024586.115500000305474,1610560.361700000241399],[1024453.010200000368059,1610525.743000000715256],[1024430.542500000447035,1610519.162100000306964],[1024418.654400000348687,1610514.125499999150634],[1024410.190700000151992,1610544.189600000157952],[1024434.1453,1610556.091499999165535],[1024447.331399999558926,1610564.816500000655651],[1024472.417500000447035,1610573.861999999731779],[1024492.5735,1610582.254100000485778],[1024508.791899999603629,1610584.0219],[1024533.366100000217557,1610590.146099999547005],[1024550.004999999888241,1610594.099700000137091],[1024559.0619,1610594.888900000602007],[1024561.035899999551475,1610585.841099999845028],[1024577.631400000303984,1610590.103499999269843],[1024585.978199999779463,1610560.513000000268221],[1024586.115500000305474,1610560.361700000241399]]]]}},
{"type":"Feature","properties":{"รหัสกลุ่มคิว":"71/001","รหัสรับเหมา":"733638","ชื่อ-สกุล รับเหมา":"นาย สิทธิชัย ธรรมสุข","นักเกษตร":"7104","ศูนย์":"K2-71","โควตา":"733760","ชาวไร่":"นาย ไว กล้วยทอง","ประเภทอ้อย":"ตอ1","พื้นที่":3.65,"ตันรวม":32.85,"รหัสแปลง":"321017071649","กลุ่ม":"กลุ่ม_71"},"geometry":{"type":"MultiPolygon","coordinates":[[[[1024587.0554,1610561.113199999555945],[1024595.43030000012368,1610526.299599999561906],[1024530.6985,1610512.518899999558926],[1024498.002000000327826,1610503.761700000613928],[1024471.155799999833107,1610496.724500000476837],[1024417.22759999986738,1610482.400800000876188],[1024414.2796,1610495.089800000190735],[1024423.5636,1610497.753100000321865],[1024420.403,1610514.682299999520183],[1024437.622100000269711,1610521.2357],[1024587.0554,1610561.113199999555945]]]]}},
{"type":"Feature","properties":{"รหัสกลุ่มคิว":"71/001","รหัสรับเหมา":"733638","ชื่อ-สกุล รับเหมา":"นาย สิทธิชัย ธรรมสุข","นักเกษตร":"7104","ศูนย์":"K2-71","โควตา":"733560","ชาวไร่":"นาย ทิม สมสุข","ประเภทอ้อย":"ปลายฝน","พื้นที่":1.03,"ตันรวม":13.39,"รหัสแปลง":"321017071650","กลุ่ม":"กลุ่ม_71"},"geometry":{"type":"MultiPolygon","coordinates":[[[[1027383.850700000301003,1609176.124399999156594],[1027384.874099999666214,1609187.246899999678135],[1027376.507399999536574,1609190.767899999395013],[1027380.559500000439584,1609228.781700000166893],[1027379.250900000333786,1609230.973799999803305],[1027412.425200000405312,1609227.769799999892712],[1027407.529199999757111,1609173.50789999961853],[1027383.850700000301003,1609176.124399999156594]]]]}},
{"type":"Feature","properties":{"รหัสกลุ่มคิว":"71/002","รหัสรับเหมา":"738889","ชื่อ-สกุล รับเหมา":"รถตัดโรงงานเบอร์ 24","นักเกษตร":"7101","ศูนย์":"K2-71","โควตา":"773567","ชาวไร่":"นาง จำปี ตระกูลเชียงแก้ว","ประเภทอ้อย":"ตอ1","พื้นที่":7.58,"ตันรวม":68.22,"รหัสแปลง":"321304031531","กลุ่ม":"กลุ่ม_71"},"geometry":{"type":"MultiPolygon","coordinates":[[[[1039372.219399999827147,1619635.735300000756979],[1039399.668600000441074,1619715.8443],[1039473.690899999812245,1619726.384999999776483],[1039476.159699999727309,1619718.624399999156594],[1039472.793600000441074,1619696.784600000828505],[1039478.888000000268221,1619695.083799999207258],[1039486.93030000012368,1619653.909499999135733],[1039519.2056,1619613.4254],[1039539.2335,1619588.552200000733137],[1039537.722299999557436,1619579.0793999992311],[1039511.862499999813735,1619584.347699999809265],[1039448.501500000245869,1619609.581700000911951],[1039448.731700000353158,1619615.8597],[1039445.651499999687076,1619619.282400000840425],[1039437.913800000213087,1619621.314500000327826],[1039437.266800000332296,1619616.7281],[1039432.418100000359118,1619615.041300000622869],[1039417.697300000116229,1619620.635299999266863],[1039372.219399999827147,1619635.735300000756979]]]]}},
{"type":"Feature","properties":{"รหัสกลุ่มคิว":"71/001","รหัสรับเหมา":"733638","ชื่อ-สกุล รับเหมา":"นาย สิทธิชัย ธรรมสุข","นักเกษตร":"7104","ศูนย์":"K2-71","โควตา":"773506","ชาวไร่":"นาย สังวาล ทองพงค์","ประเภทอ้อย":"ตอ1","พื้นที่":4.3,"ตันรวม":38.7,"รหัสแปลง":"321305041659","กลุ่ม":"กลุ่ม_71"},"geometry":{"type":"MultiPolygon","coordinates":[[[[1028792.830299999564886,1605538.83420000039041],[1028746.70299999974668,1605546.17119999974966],[1028751.948400000110269,1605671.5373],[1028805.7977,1605673.986600000411272],[1028814.1935,1605669.17119999974966],[1028797.65500000026077,1605591.29619999974966],[1028792.830299999564886,1605538.83420000039041]]]]}},
{"type":"Feature","properties":{"รหัสกลุ่มคิว":"71/002","รหัสรับเหมา":"738889","ชื่อ-สกุล รับเหมา":"รถตัดโรงงานเบอร์ 24","นักเกษตร":"7101","ศูนย์":"K2-71","โควตา":"730292","ชาวไร่":"นาย ชัยอนันต์ ชาญเชี่ยว","ประเภทอ้อย":"ปลายฝน","พื้นที่":12.5,"ตันรวม":162.5,"รหัสแปลง":"321306031522","กลุ่ม":"กลุ่ม_71"},"geometry":{"type":"MultiPolygon","coordinates":[[[[1032252.048499999567866,1616943.096799999475479],[1032239.977,1616893.247999999672174],[1032207.803299999795854,1616856.284199999645352],[1032165.115000000223517,1616813.911399999633431],[1032147.426699999719858,1616823.518400000408292],[1032149.659099999815226,1616836.888599999248981],[1032156.423700000159442,1616882.181399999186397],[1032172.394100000150502,1616976.520500000566244],[1032178.7648,1617039.937100000679493],[1032262.629499999806285,1617053.231100000441074],[1032303.8278,1617056.346799999475479],[1032304.943699999712408,1617021.586500000208616],[1032252.048499999567866,1616943.096799999475479]]]]}},
{"type":"Feature","properties":{"รหัสกลุ่มคิว":"71/001","รหัสรับเหมา":"733638","ชื่อ-สกุล รับเหมา":"นาย สิทธิชัย ธรรมสุข","นักเกษตร":"7104","ศูนย์":"K2-71","โควตา":"733692","ชาวไร่":"นาย วันชัย สมยิ่ง","ประเภทอ้อย":"ตอ1","พื้นที่":9.44,"ตันรวม":84.96,"รหัสแปลง":"321017011645","กลุ่ม":"กลุ่ม_71"},"geometry":{"type":"MultiPolygon","coordinates":[[[[1022309.032700000330806,1604763.048100000247359],[1022360.255400000140071,1604761.727],[1022362.437199999578297,1604760.848200000822544],[1022405.010800000280142,1604742.3246],[1022398.43099999986589,1604593.2632],[1022319.816200000233948,1604602.6996],[1022306.538499999791384,1604642.377800000831485],[1022303.026999999769032,1604723.146800000220537],[1022309.032700000330806,1604763.048100000247359]]]]}},
{"type":"Feature","properties":{"รหัสกลุ่มคิว":"71/002","รหัสรับเหมา":"738889","ชื่อ-สกุล รับเหมา":"รถตัดโรงงานเบอร์ 24","นักเกษตร":"7101","ศูนย์":"K2-71","โควตา":"770926","ชาวไร่":"นาง เพียง คำเสมอ","ประเภทอ้อย":"ตอ1","พื้นที่":11.09,"ตันรวม":99.81,"รหัสแปลง":"321306071589","กลุ่ม":"กลุ่ม_71"},"geometry":{"type":"MultiPolygon","coordinates":[[[[1037153.85329999960959,1617577.280600000172853],[1037159.770999999716878,1617652.535499999299645],[1037164.409300000406802,1617695.750900000333786],[1037165.9945,1617722.060900000855327],[1037165.299999999813735,1617729.077099999412894],[1037166.244300000369549,1617743.5307],[1037172.713100000284612,1617769.022700000554323],[1037180.832899999804795,1617801.397299999371171],[1037179.653800000436604,1617822.2807],[1037171.406499999575317,1617894.2642],[1037169.982300000265241,1617918.102700000628829],[1037168.635300000198185,1617938.427200000733137],[1037167.562199999578297,1617979.1118],[1037177.808799999766052,1617980.261900000274181],[1037180.058500000275671,1617992.708699999377131],[1037166.8585,1618002.966199999675155],[1037177.09389999974519,1618053.891000000759959],[1037229.232800000347197,1618067.617900000885129],[1037218.6941,1617948.407600000500679],[1037212.3914,1617890.722699999809265],[1037212.009200000204146,1617817.809599999338388],[1037186.240000000223517,1617669.954600000753999],[1037182.049700000323355,1617614.536599999293685],[1037175.7862,1617571.470499999821186],[1037153.85329999960959,1617577.280600000172853]]]]}},
{"type":"Feature","properties":{"รหัสกลุ่มคิว":"71/002","รหัสรับเหมา":"738889","ชื่อ-สกุล รับเหมา":"รถตัดโรงงานเบอร์ 24","นักเกษตร":"7101","ศูนย์":"K2-71","โควตา":"770986","ชาวไร่":"นาง บุหงา สุกลมใสย์","ประเภทอ้อย":"ตอ1","พื้นที่":3.67,"ตันรวม":33.03,"รหัสแปลง":"321301091569","กลุ่ม":"กลุ่ม_71"},"geometry":{"type":"MultiPolygon","coordinates":[[[[1038067.175599999725819,1612335.570000000298023],[1038061.709699999541044,1612354.694299999624491],[1038052.760200000368059,1612360.0494],[1038048.855000000447035,1612381.9835],[1038067.796500000171363,1612381.288100000470877],[1038198.715200000442564,1612370.46309999935329],[1038197.900100000202656,1612333.622500000521541],[1038067.175599999725819,1612335.570000000298023]]]]}},
{"type":"Feature","properties":{"รหัสกลุ่มคิว":"71/002","รหัสรับเหมา":"738889","ชื่อ-สกุล รับเหมา":"รถตัดโรงงานเบอร์ 24","นักเกษตร":"7101","ศูนย์":"K2-71","โควตา":"770986","ชาวไร่":"นาง บุหงา สุกลมใสย์","ประเภทอ้อย":"ตอ1","พื้นที่":4.68,"ตันรวม":42.12,"รหัสแปลง":"321301091570","กลุ่ม":"กลุ่ม_71"},"geometry":{"type":"MultiPolygon","coordinates":[[[[1038199.587000000290573,1612335.7215],[1038218.3492,1612334.72069999948144],[1038217.426099999807775,1612274.375700000673532],[1038242.947200000286102,1612268.761900000274181],[1038253.869199999608099,1612269.806099999696016],[1038254.581500000320375,1612305.614499999210238],[1038268.663499999791384,1612309.227399999275804],[1038266.341300000436604,1612227.545199999585748],[1038191.650000000372529,1612233.714999999850988],[1038199.587000000290573,1612335.7215]]]]}},
{"type":"Feature","properties":{"รหัสกลุ่มคิว":"71/001","รหัสรับเหมา":"733638","ชื่อ-สกุล รับเหมา":"นาย สิทธิชัย ธรรมสุข","นักเกษตร":"7104","ศูนย์":"K2-71","โควตา":"733638","ชาวไร่":"นาย สิทธิชัย ธรรมสุข","ประเภทอ้อย":"ปลายฝน","พื้นที่":18.29,"ตันรวม":237.77,"รหัสแปลง":"321017071653","กลุ่ม":"กลุ่ม_71"},"geometry":{"type":"MultiPolygon","coordinates":[[[[1026237.934100000187755,1608953.642000000923872],[1026242.443400000222027,1608827.008600000292063],[1026057.651999999769032,1608803.6338],[1026052.883899999782443,1608874.944399999454618],[1026046.658800000324845,1608904.782500000670552],[1026046.36629999987781,1608960.648199999704957],[1026050.709099999628961,1608985.16190000064671],[1026157.432900000363588,1608975.787200000137091],[1026157.675599999725819,1608955.9967],[1026237.934100000187755,1608953.642000000923872]]]]}},
{"type":"Feature","properties":{"รหัสกลุ่มคิว":"71/001","รหัสรับเหมา":"733638","ชื่อ-สกุล รับเหมา":"นาย สิทธิชัย ธรรมสุข","นักเกษตร":"7104","ศูนย์":"K2-71","โควตา":"733638","ชาวไร่":"นาย สิทธิชัย ธรรมสุข","ประเภทอ้อย":"ปลายฝน","พื้นที่":21.77,"ตันรวม":283.01,"รหัสแปลง":"321017011647","กลุ่ม":"กลุ่ม_71"},"geometry":{"type":"MultiPolygon","coordinates":[[[[1020867.6612,1604970.400100000202656],[1020713.265100000426173,1605003.667500000447035],[1020673.090200000442564,1605090.044399999082088],[1020945.531899999827147,1605090.12639999948442],[1020999.78760000038892,1605084.556600000709295],[1021063.3141,1605068.258199999108911],[1021033.620900000445545,1605022.893300000578165],[1021020.1223,1604999.879799999296665],[1020932.531600000336766,1605000.773499999195337],[1020922.1031,1604959.431800000369549],[1020867.6612,1604970.400100000202656]]]]}},
{"type":"Feature","properties":{"รหัสกลุ่มคิว":"71/001","รหัสรับเหมา":"733638","ชื่อ-สกุล รับเหมา":"นาย สิทธิชัย ธรรมสุข","นักเกษตร":"7104","ศูนย์":"K2-71","โควตา":"733638","ชาวไร่":"นาย สิทธิชัย ธรรมสุข","ประเภทอ้อย":"ตอ3","พื้นที่":27.69,"ตันรวม":193.83,"รหัสแปลง":"321017011648","กลุ่ม":"กลุ่ม_71"},"geometry":{"type":"MultiPolygon","coordinates":[[[[1020614.1705,1605115.727399999275804],[1020620.500300000421703,1605208.72690000012517],[1020983.8256,1605229.159299999475479],[1020966.114199999719858,1605128.8892],[1021077.179999999701977,1605110.514799999073148],[1021066.728000000119209,1605084.765100000426173],[1020614.1705,1605115.727399999275804]]]]}},
{"type":"Feature","properties":{"รหัสกลุ่มคิว":"71/002","รหัสรับเหมา":"738889","ชื่อ-สกุล รับเหมา":"รถตัดโรงงานเบอร์ 24","นักเกษตร":"7101","ศูนย์":"K2-71","โควตา":"774086","ชาวไร่":"นาย สมกิจ พนากอบกิจ","ประเภทอ้อย":"ปลายฝน","พื้นที่":9.55,"ตันรวม":124.15,"รหัสแปลง":"321301011535","กลุ่ม":"กลุ่ม_71"},"geometry":{"type":"MultiPolygon","coordinates":[[[[1029299.280500000342727,1615386.2654],[1029298.53899999987334,1615455.768100000917912],[1029351.675800000317395,1615468.388299999758601],[1029354.946600000374019,1615468.133600000292063],[1029356.446999999694526,1615403.405099999159575],[1029387.768000000156462,1615403.858300000429153],[1029389.692800000309944,1615446.558700000867248],[1029388.952100000344217,1615448.31110000051558],[1029364.119,1615448.690700000151992],[1029360.38370000012219,1615468.85050000064075],[1029360.377399999648333,1615469.144500000402331],[1029386.5384,1615472.41579999960959],[1029410.161500000394881,1615472.742799999192357],[1029438.0642,1615471.517100000753999],[1029478.602900000289083,1615471.104900000616908],[1029490.650899999774992,1615467.11009999923408],[1029497.843999999575317,1615465.973300000652671],[1029517.321399999782443,1615468.316600000485778],[1029508.3596,1615392.249900000169873],[1029424.85259999986738,1615390.359899999573827],[1029299.280500000342727,1615386.2654]]]]}},
{"type":"Feature","properties":{"รหัสกลุ่มคิว":"71/002","รหัสรับเหมา":"738889","ชื่อ-สกุล รับเหมา":"รถตัดโรงงานเบอร์ 24","นักเกษตร":"7101","ศูนย์":"K2-71","โควตา":"771268","ชาวไร่":"นาง ธีรดา เสาเปรีย","ประเภทอ้อย":"ปลายฝน","พื้นที่":9.75,"ตันรวม":126.75,"รหัสแปลง":"321301091572","กลุ่ม":"กลุ่ม_71"},"geometry":{"type":"MultiPolygon","coordinates":[[[[1038391.651700000278652,1611862.982999999076128],[1038262.171799999661744,1611877.120999999344349],[1038332.30449999962002,1612054.153000000864267],[1038374.175599999725819,1612042.057299999520183],[1038391.651700000278652,1611862.982999999076128]]]]}},
{"type":"Feature","properties":{"รหัสกลุ่มคิว":"71/002","รหัสรับเหมา":"738889","ชื่อ-สกุล รับเหมา":"รถตัดโรงงานเบอร์ 24","นักเกษตร":"7101","ศูนย์":"K2-71","โควตา":"730292","ชาวไร่":"นาย ชัยอนันต์ ชาญเชี่ยว","ประเภทอ้อย":"ปลายฝน","พื้นที่":3.51,"ตันรวม":45.63,"รหัสแปลง":"321006111534","กลุ่ม":"กลุ่ม_71"},"geometry":{"type":"MultiPolygon","coordinates":[[[[1028395.345099999569356,1614533.966099999845028],[1028395.363199999555945,1614516.3902000002563],[1028391.444299999624491,1614514.270600000396371],[1028389.414300000295043,1614508.121500000357628],[1028389.618300000205636,1614507.015799999237061],[1028405.380800000391901,1614503.099999999627471],[1028403.426400000229478,1614493.43720000050962],[1028252.951100000180304,1614501.85219999961555],[1028257.334499999880791,1614540.984400000423193],[1028395.345099999569356,1614533.966099999845028]]]]}},
{"type":"Feature","properties":{"รหัสกลุ่มคิว":"71/002","รหัสรับเหมา":"738889","ชื่อ-สกุล รับเหมา":"รถตัดโรงงานเบอร์ 24","นักเกษตร":"7101","ศูนย์":"K2-71","โควตา":"774152","ชาวไร่":"นาย นพดล มะณู","ประเภทอ้อย":"ตอ1","พื้นที่":3.61,"ตันรวม":32.49,"รหัสแปลง":"321301111736","กลุ่ม":"กลุ่ม_71"},"geometry":{"type":"MultiPolygon","coordinates":[[[[1027379.244400000199676,1612281.7939],[1027381.266099999658763,1612372.307499999180436],[1027444.67090000025928,1612373.853900000452995],[1027428.85120000038296,1612262.877800000831485],[1027379.244400000199676,1612281.7939]]]]}},
{"type":"Feature","properties":{"รหัสกลุ่มคิว":"71/001","รหัสรับเหมา":"733638","ชื่อ-สกุล รับเหมา":"นาย สิทธิชัย ธรรมสุข","นักเกษตร":"7104","ศูนย์":"K2-71","โควตา":"733709","ชาวไร่":"นาย จักรพันธ์ วันไทย","ประเภทอ้อย":"ตอ3","พื้นที่":2.63,"ตันรวม":18.41,"รหัสแปลง":"321017071658","กลุ่ม":"กลุ่ม_71"},"geometry":{"type":"MultiPolygon","coordinates":[[[[1025142.800099999643862,1610151.455900000408292],[1025106.784900000318885,1610150.317500000819564],[1025107.915199999697506,1610268.688200000673532],[1025142.123599999584258,1610272.697499999776483],[1025142.800099999643862,1610151.455900000408292]]]]}},
{"type":"Feature","properties":{"รหัสกลุ่มคิว":"71/001","รหัสรับเหมา":"733638","ชื่อ-สกุล รับเหมา":"นาย สิทธิชัย ธรรมสุข","นักเกษตร":"7104","ศูนย์":"K2-71","โควตา":"774133","ชาวไร่":"น.ส. สุนันทา สมุดกลัด","ประเภทอ้อย":"ตอ3","พื้นที่":2.76,"ตันรวม":19.32,"รหัสแปลง":"321305041666","กลุ่ม":"กลุ่ม_71"},"geometry":{"type":"MultiPolygon","coordinates":[[[[1027490.384499999694526,1606525.589700000360608],[1027496.571899999864399,1606580.66440000012517],[1027572.1502,1606573.868300000205636],[1027566.597500000149012,1606513.9583],[1027490.384499999694526,1606525.589700000360608]]]]}},
{"type":"Feature","properties":{"รหัสกลุ่มคิว":"71/001","รหัสรับเหมา":"733638","ชื่อ-สกุล รับเหมา":"นาย สิทธิชัย ธรรมสุข","นักเกษตร":"7104","ศูนย์":"K2-71","โควตา":"730145","ชาวไร่":"นาย สมพร สุบิน","ประเภทอ้อย":"ตอ2","พื้นที่":2.63,"ตันรวม":21.04,"รหัสแปลง":"321017011650","กลุ่ม":"กลุ่ม_71"},"geometry":{"type":"MultiPolygon","coordinates":[[[[1020639.5389,1603827.238900000229478],[1020649.0729,1603751.223200000822544],[1020625.213399999774992,1603745.72550000064075],[1020592.709800000302494,1603748.370300000533462],[1020585.466799999587238,1603818.329500000923872],[1020639.5389,1603827.238900000229478]]]]}},
{"type":"Feature","properties":{"รหัสกลุ่มคิว":"71/001","รหัสรับเหมา":"733638","ชื่อ-สกุล รับเหมา":"นาย สิทธิชัย ธรรมสุข","นักเกษตร":"7104","ศูนย์":"K2-71","โควตา":"733426","ชาวไร่":"นาย ภูมินทร์ ศิริพงษ์พิทักษ์","ประเภทอ้อย":"ตอ2","พื้นที่":2.82,"ตันรวม":22.56,"รหัสแปลง":"321017051567","กลุ่ม":"กลุ่ม_71"},"geometry":{"type":"MultiPolygon","coordinates":[[[[1023041.673899999819696,1608872.817099999636412],[1022896.54,1608890.83500000089407],[1022897.329800000414252,1608921.721699999645352],[1023032.8964,1608907.0581],[1023041.673899999819696,1608872.817099999636412]]]]}},
{"type":"Feature","properties":{"รหัสกลุ่มคิว":"71/002","รหัสรับเหมา":"738889","ชื่อ-สกุล รับเหมา":"รถตัดโรงงานเบอร์ 24","นักเกษตร":"7101","ศูนย์":"K2-71","โควตา":"773259","ชาวไร่":"นาย สุเทพ ปานทอง","ประเภทอ้อย":"ตอ2","พื้นที่":7.53,"ตันรวม":60.24,"รหัสแปลง":"321301071508","กลุ่ม":"กลุ่ม_71"},"geometry":{"type":"MultiPolygon","coordinates":[[[[1031243.752000000327826,1615425.88370000012219],[1031212.923499999567866,1615243.462400000542402],[1031192.408300000242889,1615244.478900000452995],[1031148.506099999882281,1615251.7949],[1031185.219600000418723,1615440.535700000822544],[1031237.432400000281632,1615435.196100000292063],[1031238.10120000038296,1615426.789200000464916],[1031243.752000000327826,1615425.88370000012219]]]]}},
{"type":"Feature","properties":{"รหัสกลุ่มคิว":"71/001","รหัสรับเหมา":"733638","ชื่อ-สกุล รับเหมา":"นาย สิทธิชัย ธรรมสุข","นักเกษตร":"7104","ศูนย์":"K2-71","โควตา":"730173","ชาวไร่":"นาย เป็น มีเหมาะ","ประเภทอ้อย":"ตอ2","พื้นที่":15.09,"ตันรวม":120.72,"รหัสแปลง":"321017061670","กลุ่ม":"กลุ่ม_71"},"geometry":{"type":"MultiPolygon","coordinates":[[[[1026447.032700000330806,1605785.8103],[1026622.464999999850988,1605774.8289],[1026619.313,1605741.701099999248981],[1026616.550800000317395,1605712.658900000154972],[1026617.065499999560416,1605696.503200000151992],[1026622.36780000012368,1605678.096400000154972],[1026636.362200000323355,1605645.793099999427795],[1026576.624900000169873,1605639.966900000348687],[1026451.316499999724329,1605639.502699999138713],[1026447.032700000330806,1605785.8103]]]]}},
{"type":"Feature","properties":{"รหัสกลุ่มคิว":"71/002","รหัสรับเหมา":"738889","ชื่อ-สกุล รับเหมา":"รถตัดโรงงานเบอร์ 24","นักเกษตร":"7101","ศูนย์":"K2-71","โควตา":"773613","ชาวไร่":"นาง บาล เสาร์พิรส","ประเภทอ้อย":"ปลายฝน","พื้นที่":2.08,"ตันรวม":27.04,"รหัสแปลง":"321306091640","กลุ่ม":"กลุ่ม_71"},"geometry":{"type":"MultiPolygon","coordinates":[[[[1036153.7873,1617765.5143],[1036163.716,1617792.484400000423193],[1036269.168600000441074,1617750.988800000399351],[1036262.081299999728799,1617722.448799999430776],[1036153.7873,1617765.5143]]]]}},
{"type":"Feature","properties":{"รหัสกลุ่มคิว":"71/002","รหัสรับเหมา":"738889","ชื่อ-สกุล รับเหมา":"รถตัดโรงงานเบอร์ 24","นักเกษตร":"7101","ศูนย์":"K2-71","โควตา":"773019","ชาวไร่":"นาง สี ดวงอินทร์","ประเภทอ้อย":"ตอ2","พื้นที่":6.3,"ตันรวม":50.4,"รหัสแปลง":"321301081599","กลุ่ม":"กลุ่ม_71"},"geometry":{"type":"MultiPolygon","coordinates":[[[[1035825.942099999636412,1609242.920700000599027],[1035988.497600000351667,1609215.629599999636412],[1035980.95299999974668,1609148.0899],[1035808.831399999558926,1609195.501700000837445],[1035825.942099999636412,1609242.920700000599027]]]]}},
{"type":"Feature","properties":{"รหัสกลุ่มคิว":"71/001","รหัสรับเหมา":"733638","ชื่อ-สกุล รับเหมา":"นาย สิทธิชัย ธรรมสุข","นักเกษตร":"7104","ศูนย์":"K2-71","โควตา":"733426","ชาวไร่":"นาย ภูมินทร์ ศิริพงษ์พิทักษ์","ประเภทอ้อย":"ตอ2","พื้นที่":8.22,"ตันรวม":65.76,"รหัสแปลง":"321017051569","กลุ่ม":"กลุ่ม_71"},"geometry":{"type":"MultiPolygon","coordinates":[[[[1023047.2193,1608854.449100000783801],[1023046.156600000336766,1608864.321599999442697],[1023054.6233,1608862.998700000345707],[1023169.558500000275671,1608860.987800000235438],[1023168.605999999679625,1608865.6974],[1023056.210799999535084,1608866.7029],[1023042.7379,1608970.554199999198318],[1023167.497899999842048,1608966.63120000064373],[1023167.302500000223517,1608939.343299999833107],[1023168.019500000402331,1608916.23960000090301],[1023169.914099999703467,1608872.068800000473857],[1023169.8191,1608853.436599999666214],[1023047.2193,1608854.449100000783801]]]]}},
{"type":"Feature","properties":{"รหัสกลุ่มคิว":"71/002","รหัสรับเหมา":"738889","ชื่อ-สกุล รับเหมา":"รถตัดโรงงานเบอร์ 24","นักเกษตร":"7101","ศูนย์":"K2-71","โควตา":"730292","ชาวไร่":"นาย ชัยอนันต์ ชาญเชี่ยว","ประเภทอ้อย":"ตอ2","พื้นที่":4.95,"ตันรวม":39.6,"รหัสแปลง":"321006111535","กลุ่ม":"กลุ่ม_71"},"geometry":{"type":"MultiPolygon","coordinates":[[[[1027623.990199999883771,1616035.939899999648333],[1027620.776700000278652,1615900.626900000497699],[1027565.786500000394881,1615902.033299999311566],[1027560.758899999782443,1616035.133600000292063],[1027574.4474,1616035.428300000727177],[1027578.0855,1616033.841499999165535],[1027579.190100000239909,1616032.755200000479817],[1027585.6661,1616033.264599999412894],[1027591.9024,1616036.544099999591708],[1027623.990199999883771,1616035.939899999648333]]]]}},
{"type":"Feature","properties":{"รหัสกลุ่มคิว":"71/002","รหัสรับเหมา":"738889","ชื่อ-สกุล รับเหมา":"รถตัดโรงงานเบอร์ 24","นักเกษตร":"7101","ศูนย์":"K2-71","โควตา":"774144","ชาวไร่":"นาง วิชิตา แก้วดี","ประเภทอ้อย":"ตอ2","พื้นที่":5.36,"ตันรวม":42.88,"รหัสแปลง":"321306041539","กลุ่ม":"กลุ่ม_71"},"geometry":{"type":"MultiPolygon","coordinates":[[[[1034865.332999999634922,1615404.112600000575185],[1034953.73589999973774,1615366.562100000679493],[1034918.1255,1615288.41300000064075],[1034830.503200000151992,1615331.36739999987185],[1034829.926599999889731,1615331.330399999395013],[1034820.288200000301003,1615344.543400000780821],[1034835.137699999846518,1615365.378000000491738],[1034836.162499999627471,1615365.487999999895692],[1034837.248499999754131,1615367.852],[1034841.579400000162423,1615369.0833],[1034850.0779,1615380.31279999949038],[1034852.978199999779463,1615381.394099999219179],[1034865.332999999634922,1615404.112600000575185]]]]}},
{"type":"Feature","properties":{"รหัสกลุ่มคิว":"71/001","รหัสรับเหมา":"733638","ชื่อ-สกุล รับเหมา":"นาย สิทธิชัย ธรรมสุข","นักเกษตร":"7104","ศูนย์":"K2-71","โควตา":"733977","ชาวไร่":"นาย เพ็ญ นามม่วง","ประเภทอ้อย":"ตอ2","พื้นที่":7.2,"ตันรวม":57.6,"รหัสแปลง":"321011011551","กลุ่ม":"กลุ่ม_71"},"geometry":{"type":"MultiPolygon","coordinates":[[[[1018691.911799999885261,1607248.5921],[1018822.547799999825656,1607269.037499999627471],[1018833.183899999596179,1607195.413599999621511],[1018708.531600000336766,1607149.087500000372529],[1018691.5965,1607248.981699999421835],[1018691.911799999885261,1607248.5921]]]]}},
{"type":"Feature","properties":{"รหัสกลุ่มคิว":"71/001","รหัสรับเหมา":"733638","ชื่อ-สกุล รับเหมา":"นาย สิทธิชัย ธรรมสุข","นักเกษตร":"7104","ศูนย์":"K2-71","โควตา":"733560","ชาวไร่":"นาย ทิม สมสุข","ประเภทอ้อย":"ตอ2","พื้นที่":1.21,"ตันรวม":9.68,"รหัสแปลง":"321017071661","กลุ่ม":"กลุ่ม_71"},"geometry":{"type":"MultiPolygon","coordinates":[[[[1027407.372000000439584,1609087.8235],[1027370.523699999786913,1609091.474300000816584],[1027373.334800000302494,1609111.7006],[1027389.424499999731779,1609126.29109999909997],[1027395.502299999818206,1609145.477399999275804],[1027396.040400000289083,1609170.83530000038445],[1027411.874900000169873,1609172.099600000306964],[1027407.372000000439584,1609087.8235]]]]}},
{"type":"Feature","properties":{"รหัสกลุ่มคิว":"71/001","รหัสรับเหมา":"733638","ชื่อ-สกุล รับเหมา":"นาย สิทธิชัย ธรรมสุข","นักเกษตร":"7104","ศูนย์":"K2-71","โควตา":"733979","ชาวไร่":"นาย อำพล ยิ่งดี","ประเภทอ้อย":"ตอ2","พื้นที่":2.66,"ตันรวม":21.28,"รหัสแปลง":"321017071663","กลุ่ม":"กลุ่ม_71"},"geometry":{"type":"MultiPolygon","coordinates":[[[[1025684.215300000272691,1610929.972300000488758],[1025713.760499999858439,1610940.806700000539422],[1025708.936200000345707,1610777.613600000739098],[1025678.047600000165403,1610778.232799999415874],[1025680.784599999897182,1610877.824500000104308],[1025701.7193,1610884.932299999520183],[1025701.185499999672174,1610909.89670000039041],[1025683.49959999974817,1610910.99860000051558],[1025684.215300000272691,1610929.972300000488758]]]]}},
{"type":"Feature","properties":{"รหัสกลุ่มคิว":"71/002","รหัสรับเหมา":"738889","ชื่อ-สกุล รับเหมา":"รถตัดโรงงานเบอร์ 24","นักเกษตร":"7101","ศูนย์":"K2-71","โควตา":"772561","ชาวไร่":"นาย ณัฐวุฒิ อินทร์ดี","ประเภทอ้อย":"ปลายฝน","พื้นที่":6.47,"ตันรวม":84.11,"รหัสแปลง":"321306031526","กลุ่ม":"กลุ่ม_71"},"geometry":{"type":"MultiPolygon","coordinates":[[[[1036884.452600000426173,1617885.272099999710917],[1036919.7198,1617848.579],[1036892.316999999806285,1617825.005400000140071],[1036880.502100000157952,1617816.874800000339746],[1036855.305200000293553,1617801.176599999889731],[1036829.55449999962002,1617781.296399999409914],[1036801.208700000308454,1617769.357200000435114],[1036755.716699999757111,1617735.064400000497699],[1036747.0581,1617738.61710000038147],[1036748.272199999541044,1617800.806900000199676],[1036884.452600000426173,1617885.272099999710917]]]]}},
{"type":"Feature","properties":{"รหัสกลุ่มคิว":"71/002","รหัสรับเหมา":"738889","ชื่อ-สกุล รับเหมา":"รถตัดโรงงานเบอร์ 24","นักเกษตร":"7101","ศูนย์":"K2-71","โควตา":"774174","ชาวไร่":"นางสาว ฟ้ารุ่ง บานเย็น","ประเภทอ้อย":"ตอ1","พื้นที่":10.09,"ตันรวม":90.81,"รหัสแปลง":"321301091577","กลุ่ม":"กลุ่ม_71"},"geometry":{"type":"MultiPolygon","coordinates":[[[[1038198.320299999788404,1611820.250900000333786],[1038175.689399999566376,1611748.483999999240041],[1038168.391200000420213,1611748.091],[1038160.14809999987483,1611727.777599999681115],[1038106.179399999789894,1611732.534499999135733],[1038064.579900000244379,1611757.31220000050962],[1038049.334499999880791,1611771.39919999986887],[1038017.2407,1611833.619899999350309],[1038017.519600000232458,1611848.297700000926852],[1038026.511699999682605,1611869.374600000679493],[1038108.393000000156462,1611849.2127],[1038106.095300000160933,1611839.511099999770522],[1038113.0762,1611835.721599999815226],[1038117.982099999673665,1611845.09940000064671],[1038198.320299999788404,1611820.250900000333786]]]]}},
{"type":"Feature","properties":{"รหัสกลุ่มคิว":"71/001","รหัสรับเหมา":"733638","ชื่อ-สกุล รับเหมา":"นาย สิทธิชัย ธรรมสุข","นักเกษตร":"7104","ศูนย์":"K2-71","โควตา":"733745","ชาวไร่":"นาง อำไพ สุขล้วน","ประเภทอ้อย":"ตอ2","พื้นที่":2.73,"ตันรวม":21.84,"รหัสแปลง":"321017071665","กลุ่ม":"กลุ่ม_71"},"geometry":{"type":"MultiPolygon","coordinates":[[[[1025684.9693,1611078.275499999523163],[1025709.5006,1611077.320000000298023],[1025717.609199999831617,1611085.81870000064373],[1025756.266900000162423,1611081.6502],[1025807.408099999651313,1611083.668999999761581],[1025834.4671,1611074.0724],[1025835.428999999538064,1611062.807600000873208],[1025824.127299999818206,1611060.345799999311566],[1025815.351700000464916,1611057.753000000491738],[1025800.987599999643862,1611055.225700000301003],[1025690.0164,1611044.527300000190735],[1025684.9693,1611078.275499999523163]]]]}},
{"type":"Feature","properties":{"รหัสกลุ่มคิว":"71/001","รหัสรับเหมา":"733638","ชื่อ-สกุล รับเหมา":"นาย สิทธิชัย ธรรมสุข","นักเกษตร":"7104","ศูนย์":"K2-71","โควตา":"770022","ชาวไร่":"นาง เตียน ยอดทอง","ประเภทอ้อย":"ตอ2","พื้นที่":1.42,"ตันรวม":11.36,"รหัสแปลง":"321017061671","กลุ่ม":"กลุ่ม_71"},"geometry":{"type":"MultiPolygon","coordinates":[[[[1027522.084699999541044,1606831.77280000038445],[1027448.119900000281632,1606873.296],[1027515.89919999986887,1606896.769899999722838],[1027522.084699999541044,1606831.77280000038445]]]]}},
{"type":"Feature","properties":{"รหัสกลุ่มคิว":"71/001","รหัสรับเหมา":"733638","ชื่อ-สกุล รับเหมา":"นาย สิทธิชัย ธรรมสุข","นักเกษตร":"7104","ศูนย์":"K2-71","โควตา":"733426","ชาวไร่":"นาย ภูมินทร์ ศิริพงษ์พิทักษ์","ประเภทอ้อย":"ตอ2","พื้นที่":1.84,"ตันรวม":14.72,"รหัสแปลง":"321017051570","กลุ่ม":"กลุ่ม_71"},"geometry":{"type":"MultiPolygon","coordinates":[[[[1023165.802699999883771,1608959.944399999454618],[1023196.957499999552965,1608961.161499999463558],[1023197.634499999694526,1608861.461300000548363],[1023168.946700000204146,1608862.886700000613928],[1023165.802699999883771,1608959.944399999454618]]]]}},
{"type":"Feature","properties":{"รหัสกลุ่มคิว":"71/001","รหัสรับเหมา":"733638","ชื่อ-สกุล รับเหมา":"นาย สิทธิชัย ธรรมสุข","นักเกษตร":"7104","ศูนย์":"K2-71","โควตา":"730045","ชาวไร่":"จ.ส.ต. ถาวร สุบิน","ประเภทอ้อย":"ตอ2","พื้นที่":1.89,"ตันรวม":15.12,"รหัสแปลง":"321017121570","กลุ่ม":"กลุ่ม_71"},"geometry":{"type":"MultiPolygon","coordinates":[[[[1020222.4035,1606196.138399999588728],[1020323.1426,1606222.682499999180436],[1020323.9665,1606192.176300000399351],[1020233.8377,1606166.780999999493361],[1020222.4035,1606196.138399999588728]]]]}},
{"type":"Feature","properties":{"รหัสกลุ่มคิว":"71/002","รหัสรับเหมา":"738889","ชื่อ-สกุล รับเหมา":"รถตัดโรงงานเบอร์ 24","นักเกษตร":"7101","ศูนย์":"K2-71","โควตา":"774164","ชาวไร่":"นาง สุวรรณจิตร ชุ่มมาก","ประเภทอ้อย":"ตอ2","พื้นที่":6.16,"ตันรวม":49.28,"รหัสแปลง":"321306071591","กลุ่ม":"กลุ่ม_71"},"geometry":{"type":"MultiPolygon","coordinates":[[[[1037545.730600000359118,1617277.258600000292063],[1037472.124200000427663,1617225.94370000064373],[1037373.158200000412762,1617268.11089999973774],[1037353.153199999593198,1617283.004100000485778],[1037354.255800000391901,1617288.735999999567866],[1037368.965800000354648,1617280.9375],[1037380.018299999646842,1617298.244200000539422],[1037377.0554,1617302.3947],[1037370.326899999752641,1617303.909099999815226],[1037363.178999999538064,1617285.214800000190735],[1037354.22829999960959,1617289.193399999290705],[1037360.715699999593198,1617321.436200000345707],[1037414.0965,1617312.943199999630451],[1037425.837000000290573,1617312.403699999675155],[1037450.7812,1617307.171299999579787],[1037478.798000000417233,1617302.153999999165535],[1037545.730600000359118,1617277.258600000292063]]]]}},
{"type":"Feature","properties":{"รหัสกลุ่มคิว":"71/001","รหัสรับเหมา":"733638","ชื่อ-สกุล รับเหมา":"นาย สิทธิชัย ธรรมสุข","นักเกษตร":"7104","ศูนย์":"K2-71","โควตา":"733377","ชาวไร่":"นาย เฉลิมชัย สีดาหอม","ประเภทอ้อย":"ตอ2","พื้นที่":1.93,"ตันรวม":15.44,"รหัสแปลง":"321017071667","กลุ่ม":"กลุ่ม_71"},"geometry":{"type":"MultiPolygon","coordinates":[[[[1026261.560100000351667,1609357.647600000724196],[1026318.1721,1609354.178099999204278],[1026320.9737,1609299.511399999260902],[1026264.54,1609302.579199999570847],[1026261.560100000351667,1609357.647600000724196]]]]}},
{"type":"Feature","properties":{"รหัสกลุ่มคิว":"71/001","รหัสรับเหมา":"733638","ชื่อ-สกุล รับเหมา":"นาย สิทธิชัย ธรรมสุข","นักเกษตร":"7104","ศูนย์":"K2-71","โควตา":"733378","ชาวไร่":"นาย ชาญชัย จารัตน์","ประเภทอ้อย":"ตอ1","พื้นที่":6.84,"ตันรวม":61.56,"รหัสแปลง":"321017071668","กลุ่ม":"กลุ่ม_71"},"geometry":{"type":"MultiPolygon","coordinates":[[[[1024933.9704,1611356.755100000649691],[1024941.689299999736249,1611442.5768],[1025073.33669999986887,1611421.7083],[1025070.8131,1611345.8026],[1024933.9704,1611356.755100000649691]]]]}},
{"type":"Feature","properties":{"รหัสกลุ่มคิว":"71/001","รหัสรับเหมา":"733638","ชื่อ-สกุล รับเหมา":"นาย สิทธิชัย ธรรมสุข","นักเกษตร":"7104","ศูนย์":"K2-71","โควตา":"733799","ชาวไร่":"นาย นรินทร์ เนียมงาม","ประเภทอ้อย":"ตอ1","พื้นที่":10.98,"ตันรวม":98.82,"รหัสแปลง":"321017071669","กลุ่ม":"กลุ่ม_71"},"geometry":{"type":"MultiPolygon","coordinates":[[[[1024070.363099999725819,1609503.848999999463558],[1024069.048899999819696,1609421.680299999192357],[1024000.045599999837577,1609428.905999999493361],[1023950.025299999862909,1609433.391100000590086],[1023921.662700000219047,1609436.487299999222159],[1023897.283200000412762,1609438.743300000205636],[1023877.054999999701977,1609440.717700000852346],[1023822.084099999628961,1609449.167700000107288],[1023817.176799999549985,1609451.098200000822544],[1023830.687199999578297,1609459.895899999886751],[1023833.68680000025779,1609462.919700000435114],[1023830.920699999667704,1609474.330900000408292],[1023830.449199999682605,1609488.010900000110269],[1023825.230899999849498,1609504.549900000914931],[1023817.3388,1609511.227],[1023838.3574,1609514.449400000274181],[1023847.9527000002563,1609512.433700000867248],[1023867.78110000025481,1609512.300699999555945],[1023886.0197,1609510.653999999165535],[1023902.382000000216067,1609512.482300000265241],[1023919.896099999547005,1609511.005200000479817],[1023931.3597999997437,1609505.884199999272823],[1023945.611399999819696,1609505.262599999085069],[1023952.950400000438094,1609507.638900000602007],[1023958.5587,1609506.648299999535084],[1023969.293999999761581,1609501.881799999624491],[1023980.302899999544024,1609501.191199999302626],[1023990.411100000143051,1609500.481499999761581],[1024006.565700000151992,1609503.60050000064075],[1024014.707999999634922,1609502.108799999579787],[1024034.7127,1609502.164799999445677],[1024046.677500000223517,1609498.9046],[1024070.363099999725819,1609503.848999999463558]]]]}},
{"type":"Feature","properties":{"รหัสกลุ่มคิว":"71/001","รหัสรับเหมา":"733638","ชื่อ-สกุล รับเหมา":"นาย สิทธิชัย ธรรมสุข","นักเกษตร":"7104","ศูนย์":"K2-71","โควตา":"733199","ชาวไร่":"นาย ชิติสรรค์ สุขสาม","ประเภทอ้อย":"ตอ1","พื้นที่":3.26,"ตันรวม":29.34,"รหัสแปลง":"321017121573","กลุ่ม":"กลุ่ม_71"},"geometry":{"type":"MultiPolygon","coordinates":[[[[1021650.33559999987483,1607136.495699999853969],[1021672.696999999694526,1607226.3925],[1021722.79009999986738,1607216.035800000652671],[1021708.848000000230968,1607171.01659999974072],[1021699.958399999886751,1607129.332399999722838],[1021684.142400000244379,1607131.020099999383092],[1021679.644500000402331,1607111.970100000500679],[1021674.61739999987185,1607104.2972],[1021666.415300000458956,1607098.740900000557303],[1021656.0965,1607103.503399999812245],[1021661.3882,1607132.343100000172853],[1021650.33559999987483,1607136.495699999853969]]]]}},
{"type":"Feature","properties":{"รหัสกลุ่มคิว":"71/001","รหัสรับเหมา":"733638","ชื่อ-สกุล รับเหมา":"นาย สิทธิชัย ธรรมสุข","นักเกษตร":"7104","ศูนย์":"K2-71","โควตา":"733388","ชาวไร่":"นาย เลิศศักดิ์ ยอดทอง","ประเภทอ้อย":"ตอ1","พื้นที่":6.95,"ตันรวม":62.55,"รหัสแปลง":"321017121574","กลุ่ม":"กลุ่ม_71"},"geometry":{"type":"MultiPolygon","coordinates":[[[[1020744.996100000105798,1606371.761],[1020541.749099999666214,1606359.804199999198318],[1020543.778400000184774,1606377.304400000721216],[1020680.33559999987483,1606451.965099999681115],[1020688.96030000038445,1606422.505699999630451],[1020700.277700000442564,1606421.08420000039041],[1020708.325299999676645,1606428.753000000491738],[1020714.457399999722838,1606440.682499999180436],[1020725.839999999850988,1606459.272600000724196],[1020730.3081,1606458.786499999463558],[1020726.217799999751151,1606427.965399999171495],[1020747.85329999960959,1606426.830600000917912],[1020744.996100000105798,1606371.761]]]]}},
{"type":"Feature","properties":{"รหัสกลุ่มคิว":"71/001","รหัสรับเหมา":"733638","ชื่อ-สกุล รับเหมา":"นาย สิทธิชัย ธรรมสุข","นักเกษตร":"7104","ศูนย์":"K2-71","โควตา":"733388","ชาวไร่":"นาย เลิศศักดิ์ ยอดทอง","ประเภทอ้อย":"ตอ1","พื้นที่":6.24,"ตันรวม":56.16,"รหัสแปลง":"321017121575","กลุ่ม":"กลุ่ม_71"},"geometry":{"type":"MultiPolygon","coordinates":[[[[1020492.646800000220537,1606284.013599999248981],[1020469.2209,1606327.4070999994874],[1020539.008899999782443,1606367.987800000235438],[1020529.791799999773502,1606321.092000000178814],[1020524.88150000013411,1606244.051999999210238],[1020456.616399999707937,1606240.2347999997437],[1020472.997899999842048,1606188.163100000470877],[1020427.682500000111759,1606184.832599999383092],[1020403.42850000038743,1606243.579600000753999],[1020444.313299999572337,1606274.986300000920892],[1020492.646800000220537,1606284.013599999248981]]]]}},
{"type":"Feature","properties":{"รหัสกลุ่มคิว":"71/001","รหัสรับเหมา":"733638","ชื่อ-สกุล รับเหมา":"นาย สิทธิชัย ธรรมสุข","นักเกษตร":"7104","ศูนย์":"K2-71","โควตา":"730173","ชาวไร่":"นาย เป็น มีเหมาะ","ประเภทอ้อย":"ตอ1","พื้นที่":6.78,"ตันรวม":61.02,"รหัสแปลง":"321017061673","กลุ่ม":"กลุ่ม_71"},"geometry":{"type":"MultiPolygon","coordinates":[[[[1027974.456299999728799,1605830.461799999698997],[1028042.387000000104308,1605815.079800000414252],[1028093.475200000219047,1605794.897199999541044],[1028083.682699999772012,1605688.121099999174476],[1028027.259700000286102,1605688.023499999195337],[1027974.456299999728799,1605830.461799999698997]]]]}},
{"type":"Feature","properties":{"รหัสกลุ่มคิว":"71/002","รหัสรับเหมา":"738889","ชื่อ-สกุล รับเหมา":"รถตัดโรงงานเบอร์ 24","นักเกษตร":"7101","ศูนย์":"K2-71","โควตา":"774167","ชาวไร่":"น.ส. จิม ทวีศรี","ประเภทอ้อย":"ตอ1","พื้นที่":5.17,"ตันรวม":46.53,"รหัสแปลง":"321306061569","กลุ่ม":"กลุ่ม_71"},"geometry":{"type":"MultiPolygon","coordinates":[[[[1034444.986999999731779,1614391.7785],[1034492.478900000452995,1614375.210200000554323],[1034441.685600000433624,1614217.091499999165535],[1034395.075199999846518,1614229.4206000007689],[1034444.986999999731779,1614391.7785]]]]}},
{"type":"Feature","properties":{"รหัสกลุ่มคิว":"71/002","รหัสรับเหมา":"738889","ชื่อ-สกุล รับเหมา":"รถตัดโรงงานเบอร์ 24","นักเกษตร":"7101","ศูนย์":"K2-71","โควตา":"771279","ชาวไร่":"นาง เท็ก นาคเจือ","ประเภทอ้อย":"ตอ1","พื้นที่":5.05,"ตันรวม":45.45,"รหัสแปลง":"321306061570","กลุ่ม":"กลุ่ม_71"},"geometry":{"type":"MultiPolygon","coordinates":[[[[1032821.7752,1614966.751800000667572],[1032862.426900000311434,1614970.0318],[1032889.8717,1614772.651399999856949],[1032849.17989999987185,1614770.502900000661612],[1032821.7752,1614966.751800000667572]]]]}},
{"type":"Feature","properties":{"รหัสกลุ่มคิว":"71/001","รหัสรับเหมา":"733638","ชื่อ-สกุล รับเหมา":"นาย สิทธิชัย ธรรมสุข","นักเกษตร":"7104","ศูนย์":"K2-71","โควตา":"774189","ชาวไร่":"นาย จิน ชัยเสนา","ประเภทอ้อย":"ตอ1","พื้นที่":7.73,"ตันรวม":69.57,"รหัสแปลง":"321017011655","กลุ่ม":"กลุ่ม_71"},"geometry":{"type":"MultiPolygon","coordinates":[[[[1022376.263299999758601,1606006.537200000137091],[1022363.9841,1606007.572100000455976],[1022361.21100000012666,1606002.333499999716878],[1022351.462000000290573,1605994.542199999094009],[1022346.902700000442564,1605980.015900000929832],[1022340.639700000174344,1605977.848300000652671],[1022338.414900000207126,1605963.741399999707937],[1022254.540300000458956,1605983.424900000914931],[1022248.17949999962002,1605994.390000000596046],[1022247.290400000289083,1606002.325999999418855],[1022247.643000000156462,1606011.213300000876188],[1022252.644899999722838,1606021.864],[1022261.684899999760091,1606029.08530000038445],[1022268.4688,1606032.18889999948442],[1022274.496799999848008,1606036.941500000655651],[1022281.272900000214577,1606040.414899999275804],[1022289.020399999804795,1606049.0888],[1022293.693199999630451,1606058.252599999308586],[1022294.296400000341237,1606063.815199999138713],[1022297.17920000012964,1606072.386099999770522],[1022301.213600000366569,1606077.651399999856949],[1022307.218100000172853,1606083.513499999418855],[1022312.0592,1606084.725999999791384],[1022319.7988,1606085.2599],[1022322.462299999780953,1606087.166300000622869],[1022328.173000000417233,1606089.8772],[1022342.387000000104308,1606091.103199999779463],[1022357.3492,1606091.050100000575185],[1022367.247000000439584,1606091.8147],[1022385.131099999882281,1606089.973500000312924],[1022402.517799999564886,1606086.086899999529123],[1022376.263299999758601,1606006.537200000137091]]]]}},
{"type":"Feature","properties":{"รหัสกลุ่มคิว":"71/001","รหัสรับเหมา":"733638","ชื่อ-สกุล รับเหมา":"นาย สิทธิชัย ธรรมสุข","นักเกษตร":"7104","ศูนย์":"K2-71","โควตา":"733499","ชาวไร่":"นางสาว พรหมพร ยิ่งหาญ","ประเภทอ้อย":"ตอ1","พื้นที่":4.71,"ตันรวม":42.39,"รหัสแปลง":"321017071670","กลุ่ม":"กลุ่ม_71"},"geometry":{"type":"MultiPolygon","coordinates":[[[[1026912.08600000012666,1609642.233999999240041],[1026879.917000000365078,1609654.6809],[1026929.208399999886751,1609810.5888],[1026941.9183,1609806.2358],[1026964.55420000012964,1609877.024000000208616],[1026987.869599999859929,1609874.008199999108911],[1026912.08600000012666,1609642.233999999240041]]]]}},
{"type":"Feature","properties":{"รหัสกลุ่มคิว":"71/001","รหัสรับเหมา":"733638","ชื่อ-สกุล รับเหมา":"นาย สิทธิชัย ธรรมสุข","นักเกษตร":"7104","ศูนย์":"K2-71","โควตา":"733159","ชาวไร่":"นางสาว พล บุญนาค","ประเภทอ้อย":"ตอ1","พื้นที่":6.69,"ตันรวม":60.21,"รหัสแปลง":"321017121576","กลุ่ม":"กลุ่ม_71"},"geometry":{"type":"MultiPolygon","coordinates":[[[[1021105.254099999554455,1608259.32740000076592],[1020957.191499999724329,1608272.104399999603629],[1020957.113900000229478,1608301.331800000742078],[1020966.14919999986887,1608308.737600000575185],[1020983.671,1608306.888399999588728],[1020995.000900000333786,1608299.543299999088049],[1020999.955,1608295.393300000578165],[1021016.208200000226498,1608302.3969],[1021017.462799999862909,1608362.361400000751019],[1021111.882500000298023,1608354.924499999731779],[1021111.8783,1608338.0899],[1021108.122499999590218,1608336.715500000864267],[1021105.254099999554455,1608259.32740000076592]]]]}},
{"type":"Feature","properties":{"รหัสกลุ่มคิว":"71/001","รหัสรับเหมา":"733638","ชื่อ-สกุล รับเหมา":"นาย สิทธิชัย ธรรมสุข","นักเกษตร":"7104","ศูนย์":"K2-71","โควตา":"733510","ชาวไร่":"นาย สุรัตน์ เหมือนวาจา","ประเภทอ้อย":"ตอ1","พื้นที่":5.78,"ตันรวม":52.02,"รหัสแปลง":"321017061674","กลุ่ม":"กลุ่ม_71"},"geometry":{"type":"MultiPolygon","coordinates":[[[[1026336.678899999707937,1607723.605200000107288],[1026335.103500000201166,1607620.152599999681115],[1026301.799499999731779,1607618.146099999547005],[1026302.801799999549985,1607664.0493],[1026176.684000000357628,1607652.845300000160933],[1026172.799700000323355,1607691.243699999526143],[1026336.678899999707937,1607723.605200000107288]]]]}},
{"type":"Feature","properties":{"รหัสกลุ่มคิว":"71/002","รหัสรับเหมา":"738889","ชื่อ-สกุล รับเหมา":"รถตัดโรงงานเบอร์ 24","นักเกษตร":"7101","ศูนย์":"K2-71","โควตา":"774164","ชาวไร่":"นาง สุวรรณจิตร ชุ่มมาก","ประเภทอ้อย":"ตอ1","พื้นที่":3.83,"ตันรวม":34.47,"รหัสแปลง":"321306071593","กลุ่ม":"กลุ่ม_71"},"geometry":{"type":"MultiPolygon","coordinates":[[[[1037467.412399999797344,1617226.765100000426173],[1037408.8174,1617188.545299999415874],[1037334.8733,1617233.474500000476837],[1037354.299999999813735,1617283.667700000107288],[1037467.412399999797344,1617226.765100000426173]]]]}},
{"type":"Feature","properties":{"รหัสกลุ่มคิว":"71/001","รหัสรับเหมา":"733638","ชื่อ-สกุล รับเหมา":"นาย สิทธิชัย ธรรมสุข","นักเกษตร":"7104","ศูนย์":"K2-71","โควตา":"733474","ชาวไร่":"นาง สังวาล สมสุข","ประเภทอ้อย":"ตอ1","พื้นที่":1.59,"ตันรวม":14.31,"รหัสแปลง":"321017071671","กลุ่ม":"กลุ่ม_71"},"geometry":{"type":"MultiPolygon","coordinates":[[[[1025855.765100000426173,1608669.261800000444055],[1025891.2412,1608670.759500000625849],[1025901.7368,1608609.746600000187755],[1025861.609400000423193,1608598.159299999475479],[1025855.765100000426173,1608669.261800000444055]]]]}},
{"type":"Feature","properties":{"รหัสกลุ่มคิว":"71/002","รหัสรับเหมา":"738889","ชื่อ-สกุล รับเหมา":"รถตัดโรงงานเบอร์ 24","นักเกษตร":"7101","ศูนย์":"K2-71","โควตา":"772561","ชาวไร่":"นาย ณัฐวุฒิ อินทร์ดี","ประเภทอ้อย":"ตอ1","พื้นที่":4.94,"ตันรวม":44.46,"รหัสแปลง":"321306031529","กลุ่ม":"กลุ่ม_71"},"geometry":{"type":"MultiPolygon","coordinates":[[[[1036014.963000000454485,1618843.216600000858307],[1035947.996799999848008,1618873.902100000530481],[1035986.315700000151992,1618968.661699999123812],[1036049.1404,1618942.835999999195337],[1036054.0066,1618943.091499999165535],[1036053.6563,1618929.3761],[1036047.9501,1618910.665100000798702],[1036042.614199999719858,1618900.364199999719858],[1036038.8213,1618892.620699999853969],[1036034.809100000187755,1618885.41190000064671],[1036032.188,1618881.630799999460578],[1036026.871500000357628,1618870.98619999922812],[1036022.3892,1618857.894200000911951],[1036020.713700000196695,1618854.525699999183416],[1036018.2725,1618850.275699999183416],[1036014.963000000454485,1618843.216600000858307]]]]}},
{"type":"Feature","properties":{"รหัสกลุ่มคิว":"71/002","รหัสรับเหมา":"738889","ชื่อ-สกุล รับเหมา":"รถตัดโรงงานเบอร์ 24","นักเกษตร":"7101","ศูนย์":"K2-71","โควตา":"774172","ชาวไร่":"นาง เบญจมาศ เชี่ยวชาญ","ประเภทอ้อย":"ตอ1","พื้นที่":3.61,"ตันรวม":32.49,"รหัสแปลง":"321306051548","กลุ่ม":"กลุ่ม_71"},"geometry":{"type":"MultiPolygon","coordinates":[[[[1033510.489,1614268.683599999174476],[1033454.135099999606609,1614266.326999999582767],[1033457.386699999682605,1614380.068199999630451],[1033512.802500000223517,1614360.904999999329448],[1033510.489,1614268.683599999174476]]]]}},
{"type":"Feature","properties":{"รหัสกลุ่มคิว":"71/001","รหัสรับเหมา":"733638","ชื่อ-สกุล รับเหมา":"นาย สิทธิชัย ธรรมสุข","นักเกษตร":"7104","ศูนย์":"K2-71","โควตา":"730173","ชาวไร่":"นาย เป็น มีเหมาะ","ประเภทอ้อย":"ตอ1","พื้นที่":1.22,"ตันรวม":10.98,"รหัสแปลง":"321017061677","กลุ่ม":"กลุ่ม_71"},"geometry":{"type":"MultiPolygon","coordinates":[[[[1027924.334499999880791,1605839.194700000807643],[1027977.386800000444055,1605828.304400000721216],[1027986.6058,1605801.860200000926852],[1027944.778199999593198,1605785.239099999889731],[1027924.334499999880791,1605839.194700000807643]]]]}},
{"type":"Feature","properties":{"รหัสกลุ่มคิว":"71/002","รหัสรับเหมา":"738889","ชื่อ-สกุล รับเหมา":"รถตัดโรงงานเบอร์ 24","นักเกษตร":"7101","ศูนย์":"K2-71","โควตา":"774177","ชาวไร่":"นาย ธวัชชัย จำเริญใหญ่","ประเภทอ้อย":"ตอ1","พื้นที่":6.14,"ตันรวม":55.26,"รหัสแปลง":"321006111538","กลุ่ม":"กลุ่ม_71"},"geometry":{"type":"MultiPolygon","coordinates":[[[[1028380.109299999661744,1613612.802200000733137],[1028397.8054,1613611.162799999117851],[1028463.885499999858439,1613595.788799999281764],[1028430.71030000038445,1613483.932099999859929],[1028351.315499999560416,1613497.220200000330806],[1028380.109299999661744,1613612.802200000733137]]]]}},
{"type":"Feature","properties":{"รหัสกลุ่มคิว":"71/002","รหัสรับเหมา":"738889","ชื่อ-สกุล รับเหมา":"รถตัดโรงงานเบอร์ 24","นักเกษตร":"7101","ศูนย์":"K2-71","โควตา":"774166","ชาวไร่":"นาง สุพรรณ คำเสมอ","ประเภทอ้อย":"ตอ1","พื้นที่":4.3,"ตันรวม":38.7,"รหัสแปลง":"321306061571","กลุ่ม":"กลุ่ม_71"},"geometry":{"type":"MultiPolygon","coordinates":[[[[1034406.000900000333786,1614167.677500000223517],[1034389.835400000214577,1614129.601700000464916],[1034262.896599999628961,1614192.009099999442697],[1034254.235000000335276,1614199.4518],[1034252.221,1614202.653000000864267],[1034246.34250000026077,1614208.229100000113249],[1034244.947599999606609,1614210.361300000920892],[1034252.753499999642372,1614216.737199999392033],[1034253.462299999780953,1614219.7445],[1034253.0948,1614222.668500000610948],[1034252.67,1614228.220100000500679],[1034253.059500000439584,1614233.027799999341369],[1034255.960900000296533,1614239.974099999293685],[1034352.224399999715388,1614200.725099999457598],[1034350.534099999815226,1614194.856699999421835],[1034354.5016,1614190.68779999949038],[1034406.000900000333786,1614167.677500000223517]]]]}},
{"type":"Feature","properties":{"รหัสกลุ่มคิว":"71/002","รหัสรับเหมา":"738889","ชื่อ-สกุล รับเหมา":"รถตัดโรงงานเบอร์ 24","นักเกษตร":"7101","ศูนย์":"K2-71","โควตา":"773019","ชาวไร่":"นาง สี ดวงอินทร์","ประเภทอ้อย":"ตอ1","พื้นที่":6.44,"ตันรวม":57.96,"รหัสแปลง":"321306051549","กลุ่ม":"กลุ่ม_71"},"geometry":{"type":"MultiPolygon","coordinates":[[[[1036791.553600000217557,1612003.051799999549985],[1036817.214300000108778,1612237.4847999997437],[1036856.264899999834597,1612233.6108],[1036840.3969,1612001.735200000926852],[1036791.553600000217557,1612003.051799999549985]]]]}},
{"type":"Feature","properties":{"รหัสกลุ่มคิว":"71/001","รหัสรับเหมา":"733638","ชื่อ-สกุล รับเหมา":"นาย สิทธิชัย ธรรมสุข","นักเกษตร":"7104","ศูนย์":"K2-71","โควตา":"733746","ชาวไร่":"นาง มณีวรรณ ราชรักษ์","ประเภทอ้อย":"ตอ1","พื้นที่":3.25,"ตันรวม":29.25,"รหัสแปลง":"321017071672","กลุ่ม":"กลุ่ม_71"},"geometry":{"type":"MultiPolygon","coordinates":[[[[1027170.33420000039041,1609568.211100000888109],[1027220.400600000284612,1609704.710799999535084],[1027256.477900000289083,1609694.938200000673532],[1027204.033900000154972,1609560.0526],[1027170.33420000039041,1609568.211100000888109]]]]}},
{"type":"Feature","properties":{"รหัสกลุ่มคิว":"71/001","รหัสรับเหมา":"733638","ชื่อ-สกุล รับเหมา":"นาย สิทธิชัย ธรรมสุข","นักเกษตร":"7104","ศูนย์":"K2-71","โควตา":"730541","ชาวไร่":"นาย ทศ แม่นผล","ประเภทอ้อย":"ตอ1","พื้นที่":25.51,"ตันรวม":229.59,"รหัสแปลง":"321006051580","กลุ่ม":"กลุ่ม_71"},"geometry":{"type":"MultiPolygon","coordinates":[[[[1027417.196999999694526,1613292.212799999862909],[1027456.030299999751151,1613028.111300000920892],[1027407.248599999584258,1613042.234400000423193],[1027286.85329999960959,1613051.119200000539422],[1027283.742600000463426,1613095.269899999722838],[1027284.149400000460446,1613109.894500000402331],[1027279.010599999688566,1613139.385800000280142],[1027280.1524,1613144.960699999704957],[1027313.7867,1613131.2522],[1027319.078099999576807,1613128.22069999948144],[1027322.241100000217557,1613131.988800000399351],[1027323.215800000354648,1613120.169099999591708],[1027330.111100000329316,1613109.586500000208616],[1027329.7851,1613099.588999999687076],[1027328.234000000171363,1613087.900000000372529],[1027350.345300000160933,1613082.084499999880791],[1027355.840699999593198,1613077.947300000116229],[1027356.726800000295043,1613087.031899999827147],[1027349.397599999792874,1613159.768699999898672],[1027320.816100000403821,1613156.379599999636412],[1027319.2769,1613144.135800000280142],[1027321.252999999560416,1613136.037799999117851],[1027317.77350000012666,1613130.227800000458956],[1027278.871600000187755,1613145.858200000599027],[1027276.142099999822676,1613172.256100000813603],[1027273.78760000038892,1613214.75789999961853],[1027266.586500000208616,1613239.579700000584126],[1027261.446999999694526,1613336.229800000786781],[1027417.196999999694526,1613292.212799999862909]]]]}},
{"type":"Feature","properties":{"รหัสกลุ่มคิว":"71/002","รหัสรับเหมา":"738889","ชื่อ-สกุล รับเหมา":"รถตัดโรงงานเบอร์ 24","นักเกษตร":"7101","ศูนย์":"K2-71","โควตา":"771271","ชาวไร่":"นาง สำเภา สิลสอน","ประเภทอ้อย":"ตอ1","พื้นที่":11.42,"ตันรวม":102.78,"รหัสแปลง":"321306031531","กลุ่ม":"กลุ่ม_71"},"geometry":{"type":"MultiPolygon","coordinates":[[[[1036131.4068,1619368.934800000861287],[1036146.642900000326335,1619236.401399999856949],[1036125.973799999803305,1619238.88260000012815],[1036006.721699999645352,1619248.705299999564886],[1036002.261900000274181,1619287.9232],[1035995.168100000359118,1619334.750600000843406],[1035989.678899999707937,1619378.415699999779463],[1036065.166899999603629,1619373.971899999305606],[1036131.4068,1619368.934800000861287]]]]}},
{"type":"Feature","properties":{"รหัสกลุ่มคิว":"71/002","รหัสรับเหมา":"738889","ชื่อ-สกุล รับเหมา":"รถตัดโรงงานเบอร์ 24","นักเกษตร":"7101","ศูนย์":"K2-71","โควตา":"773899","ชาวไร่":"นางสาว รจนา ราชรักษ์","ประเภทอ้อย":"ตอ1","พื้นที่":4.68,"ตันรวม":42.12,"รหัสแปลง":"321306051550","กลุ่ม":"กลุ่ม_71"},"geometry":{"type":"MultiPolygon","coordinates":[[[[1035773.148199999704957,1612944.924499999731779],[1035722.125,1613104.920499999076128],[1035769.541799999773502,1613120.372099999338388],[1035810.477699999697506,1612958.389699999243021],[1035773.148199999704957,1612944.924499999731779]]]]}},
{"type":"Feature","properties":{"รหัสกลุ่มคิว":"71/001","รหัสรับเหมา":"733638","ชื่อ-สกุล รับเหมา":"นาย สิทธิชัย ธรรมสุข","นักเกษตร":"7104","ศูนย์":"K2-71","โควตา":"733064","ชาวไร่":"นางสาว ปาริชาติ สมยิ่ง","ประเภทอ้อย":"ตอ1","พื้นที่":2.13,"ตันรวม":19.17,"รหัสแปลง":"321017011656","กลุ่ม":"กลุ่ม_71"},"geometry":{"type":"MultiPolygon","coordinates":[[[[1023187.3767,1606985.167899999767542],[1023150.365500000305474,1606852.108300000429153],[1023119.011800000444055,1606860.137800000607967],[1023172.794499999843538,1606992.813400000333786],[1023187.3767,1606985.167899999767542]]]]}},
{"type":"Feature","properties":{"รหัสกลุ่มคิว":"71/001","รหัสรับเหมา":"733638","ชื่อ-สกุล รับเหมา":"นาย สิทธิชัย ธรรมสุข","นักเกษตร":"7104","ศูนย์":"K2-71","โควตา":"730081","ชาวไร่":"นาย เจ็ด มีเหมาะ","ประเภทอ้อย":"ตอ1","พื้นที่":8.27,"ตันรวม":74.43,"รหัสแปลง":"321017061680","กลุ่ม":"กลุ่ม_71"},"geometry":{"type":"MultiPolygon","coordinates":[[[[1026523.2593,1607528.708699999377131],[1026525.321100000292063,1607499.706499999389052],[1026480.604299999773502,1607491.905799999833107],[1026458.519899999722838,1607563.7719],[1026465.285799999721348,1607576.126900000497699],[1026481.293499999679625,1607577.764000000432134],[1026483.201000000350177,1607640.337200000882149],[1026560.325299999676645,1607666.7763],[1026577.418399999849498,1607541.706499999389052],[1026523.2593,1607528.708699999377131]]]]}},
{"type":"Feature","properties":{"รหัสกลุ่มคิว":"71/002","รหัสรับเหมา":"738889","ชื่อ-สกุล รับเหมา":"รถตัดโรงงานเบอร์ 24","นักเกษตร":"7101","ศูนย์":"K2-71","โควตา":"700430","ชาวไร่":"นาย สังอิม อย่าลืมดี","ประเภทอ้อย":"ตอ1","พื้นที่":11.39,"ตันรวม":102.51,"รหัสแปลง":"321306051551","กลุ่ม":"กลุ่ม_71"},"geometry":{"type":"MultiPolygon","coordinates":[[[[1037479.230999999679625,1612206.767300000414252],[1037482.596199999563396,1612114.976800000295043],[1037489.0335,1611959.773299999535084],[1037463.75899999961257,1611954.465399999171495],[1037463.488099999725819,1611954.0932],[1037461.571899999864399,1611950.671700000762939],[1037460.465800000354648,1611949.4695999994874],[1037458.5071,1611947.695900000631809],[1037450.472199999727309,1611947.6623],[1037437.943900000303984,1611945.392100000753999],[1037437.720700000412762,1611944.074899999424815],[1037437.117200000211596,1611937.596899999305606],[1037435.603400000371039,1611931.152300000190735],[1037434.1058,1611927.132799999788404],[1037422.709499999880791,1611927.895999999716878],[1037417.08739999961108,1611947.598300000652671],[1037415.360600000247359,1611949.161399999633431],[1037415.419099999591708,1611966.2179000005126],[1037415.2045,1611996.5011],[1037411.593100000172853,1612202.687599999830127],[1037479.230999999679625,1612206.767300000414252]]]]}},
{"type":"Feature","properties":{"รหัสกลุ่มคิว":"71/001","รหัสรับเหมา":"733638","ชื่อ-สกุล รับเหมา":"นาย สิทธิชัย ธรรมสุข","นักเกษตร":"7104","ศูนย์":"K2-71","โควตา":"730541","ชาวไร่":"นาย ทศ แม่นผล","ประเภทอ้อย":"ตอ1","พื้นที่":8.16,"ตันรวม":73.44,"รหัสแปลง":"321006051581","กลุ่ม":"กลุ่ม_71"},"geometry":{"type":"MultiPolygon","coordinates":[[[[1026011.231999999843538,1612885.742799999192357],[1026084.268799999728799,1612866.5866],[1026094.0959,1612794.829299999400973],[1026101.63219999987632,1612771.124800000339746],[1026108.774299999698997,1612757.402200000360608],[1026127.120699999853969,1612725.4189],[1026016.445899999700487,1612718.052899999544024],[1026011.231999999843538,1612885.742799999192357]]]]}},
{"type":"Feature","properties":{"รหัสกลุ่มคิว":"71/002","รหัสรับเหมา":"738889","ชื่อ-สกุล รับเหมา":"รถตัดโรงงานเบอร์ 24","นักเกษตร":"7101","ศูนย์":"K2-71","โควตา":"773665","ชาวไร่":"นาย อำนาจ ราชรักษ์","ประเภทอ้อย":"ตอ1","พื้นที่":3.4,"ตันรวม":30.6,"รหัสแปลง":"321306051552","กลุ่ม":"กลุ่ม_71"},"geometry":{"type":"MultiPolygon","coordinates":[[[[1035747.689000000245869,1612924.198999999091029],[1035758.729899999685585,1612880.8037],[1035666.199199999682605,1612856.230499999597669],[1035653.58490000013262,1612855.902100000530481],[1035631.264399999752641,1612861.880999999120831],[1035625.791799999773502,1612864.579299999400973],[1035625.665199999697506,1612875.294399999082088],[1035636.2215,1612892.435100000351667],[1035652.0565,1612898.803300000727177],[1035674.720599999651313,1612903.990399999544024],[1035747.689000000245869,1612924.198999999091029]]]]}},
{"type":"Feature","properties":{"รหัสกลุ่มคิว":"71/002","รหัสรับเหมา":"738889","ชื่อ-สกุล รับเหมา":"รถตัดโรงงานเบอร์ 24","นักเกษตร":"7101","ศูนย์":"K2-71","โควตา":"774198","ชาวไร่":"นาย นพพร ศรียันต์","ประเภทอ้อย":"ตอ1","พื้นที่":5.9,"ตันรวม":53.1,"รหัสแปลง":"321306091648","กลุ่ม":"กลุ่ม_71"},"geometry":{"type":"MultiPolygon","coordinates":[[[[1032120.803100000135601,1617817.677799999713898],[1032124.61739999987185,1617848.517200000584126],[1032131.251000000163913,1617945.518100000917912],[1032134.1738,1617982.945800000801682],[1032184.8816,1617982.586200000718236],[1032185.6908,1617942.980499999597669],[1032184.253200000151992,1617909.750399999320507],[1032179.912899999879301,1617810.163799999281764],[1032179.33559999987483,1617812.449200000613928],[1032177.776700000278652,1617810.851099999621511],[1032175.808299999684095,1617809.34180000051856],[1032175.130199999548495,1617808.85190000012517],[1032120.803100000135601,1617817.677799999713898]]]]}},
{"type":"Feature","properties":{"รหัสกลุ่มคิว":"71/001","รหัสรับเหมา":"733638","ชื่อ-สกุล รับเหมา":"นาย สิทธิชัย ธรรมสุข","นักเกษตร":"7104","ศูนย์":"K2-71","โควตา":"730145","ชาวไร่":"นาย สมพร สุบิน","ประเภทอ้อย":"ตอ1","พื้นที่":3.78,"ตันรวม":34.02,"รหัสแปลง":"321017011657","กลุ่ม":"กลุ่ม_71"},"geometry":{"type":"MultiPolygon","coordinates":[[[[1020592.404,1603745.774000000208616],[1020623.246899999678135,1603744.9441],[1020643.88260000012815,1603749.448899999260902],[1020664.41509999986738,1603630.562000000849366],[1020614.385499999858439,1603626.547700000926852],[1020592.404,1603745.774000000208616]]]]}},
{"type":"Feature","properties":{"รหัสกลุ่มคิว":"71/001","รหัสรับเหมา":"733638","ชื่อ-สกุล รับเหมา":"นาย สิทธิชัย ธรรมสุข","นักเกษตร":"7104","ศูนย์":"K2-71","โควตา":"733799","ชาวไร่":"นาย นรินทร์ เนียมงาม","ประเภทอ้อย":"ตอ1","พื้นที่":1.13,"ตันรวม":10.17,"รหัสแปลง":"321017071674","กลุ่ม":"กลุ่ม_71"},"geometry":{"type":"MultiPolygon","coordinates":[[[[1026954.181699999608099,1609536.570299999788404],[1026933.3289,1609542.414100000634789],[1026968.52489999961108,1609615.876299999654293],[1026990.999099999666214,1609610.067199999466538],[1026954.181699999608099,1609536.570299999788404]]]]}},
{"type":"Feature","properties":{"รหัสกลุ่มคิว":"71/001","รหัสรับเหมา":"733638","ชื่อ-สกุล รับเหมา":"นาย สิทธิชัย ธรรมสุข","นักเกษตร":"7104","ศูนย์":"K2-71","โควตา":"730541","ชาวไร่":"นาย ทศ แม่นผล","ประเภทอ้อย":"ตอ1","พื้นที่":2.18,"ตันรวม":19.62,"รหัสแปลง":"321006051582","กลุ่ม":"กลุ่ม_71"},"geometry":{"type":"MultiPolygon","coordinates":[[[[1026084.444899999536574,1612866.775399999693036],[1026012.700799999758601,1612884.4792],[1026012.35149999987334,1612951.25929999910295],[1026015.059299999848008,1612959.457699999213219],[1026080.119400000199676,1612892.028699999675155],[1026083.941999999806285,1612873.424900000914931],[1026084.444899999536574,1612866.775399999693036]]]]}},
{"type":"Feature","properties":{"รหัสกลุ่มคิว":"71/001","รหัสรับเหมา":"733638","ชื่อ-สกุล รับเหมา":"นาย สิทธิชัย ธรรมสุข","นักเกษตร":"7104","ศูนย์":"K2-71","โควตา":"733159","ชาวไร่":"นางสาว พล บุญนาค","ประเภทอ้อย":"ตอ1","พื้นที่":1.15,"ตันรวม":10.35,"รหัสแปลง":"321017121577","กลุ่ม":"กลุ่ม_71"},"geometry":{"type":"MultiPolygon","coordinates":[[[[1021245.9583,1608253.610200000926852],[1021253.96030000038445,1608301.323100000619888],[1021274.7758,1608297.13880000077188],[1021295.849600000306964,1608272.240599999204278],[1021294.306300000287592,1608251.488600000739098],[1021245.9583,1608253.610200000926852]]]]}},
{"type":"Feature","properties":{"รหัสกลุ่มคิว":"71/001","รหัสรับเหมา":"733638","ชื่อ-สกุล รับเหมา":"นาย สิทธิชัย ธรรมสุข","นักเกษตร":"7104","ศูนย์":"K2-71","โควตา":"733279","ชาวไร่":"นาย พงศ์พันธ์ อินทจักร","ประเภทอ้อย":"ตอ1","พื้นที่":4.41,"ตันรวม":39.69,"รหัสแปลง":"321017121579","กลุ่ม":"กลุ่ม_71"},"geometry":{"type":"MultiPolygon","coordinates":[[[[1020297.142400000244379,1608811.091900000348687],[1020396.354000000283122,1608738.822000000625849],[1020368.625199999660254,1608703.457399999722838],[1020271.784400000236928,1608723.239900000393391],[1020288.3991,1608764.289200000464916],[1020297.142400000244379,1608811.091900000348687]]]]}},
{"type":"Feature","properties":{"รหัสกลุ่มคิว":"71/002","รหัสรับเหมา":"738889","ชื่อ-สกุล รับเหมา":"รถตัดโรงงานเบอร์ 24","นักเกษตร":"7101","ศูนย์":"K2-71","โควตา":"774195","ชาวไร่":"นาง วรรณนิศา เจียนงาม","ประเภทอ้อย":"ตอ1","พื้นที่":5.96,"ตันรวม":53.64,"รหัสแปลง":"321301091579","กลุ่ม":"กลุ่ม_71"},"geometry":{"type":"MultiPolygon","coordinates":[[[[1036595.103199999779463,1610542.497500000521541],[1036615.904699999839067,1610578.985200000926852],[1036621.452499999664724,1610574.9463],[1036629.566700000315905,1610583.010299999266863],[1036667.3635,1610574.451500000432134],[1036676.807,1610572.94679999910295],[1036683.750099999830127,1610569.150399999693036],[1036689.888600000180304,1610562.3322],[1036689.457000000402331,1610544.739399999380112],[1036704.205299999564886,1610545.725099999457598],[1036716.128999999724329,1610539.946900000795722],[1036744.8004,1610513.714400000870228],[1036753.97620000038296,1610502.7193],[1036762.57050000037998,1610498.494899999350309],[1036778.760800000280142,1610495.655300000682473],[1036779.4912,1610493.309800000861287],[1036779.5219,1610491.40430000051856],[1036768.895499999634922,1610453.098899999633431],[1036595.103199999779463,1610542.497500000521541]]]]}},
{"type":"Feature","properties":{"รหัสกลุ่มคิว":"71/002","รหัสรับเหมา":"738889","ชื่อ-สกุล รับเหมา":"รถตัดโรงงานเบอร์ 24","นักเกษตร":"7101","ศูนย์":"K2-71","โควตา":"774196","ชาวไร่":"นาย จีรวัฒน์ เจียนงาม","ประเภทอ้อย":"ตอ1","พื้นที่":5.49,"ตันรวม":49.41,"รหัสแปลง":"321301091580","กลุ่ม":"กลุ่ม_71"},"geometry":{"type":"MultiPolygon","coordinates":[[[[1036754.534199999645352,1610401.614900000393391],[1036577.658200000412762,1610509.605599999427795],[1036594.901399999856949,1610541.1897],[1036767.010200000368059,1610454.1469],[1036754.534199999645352,1610401.614900000393391]]]]}},
{"type":"Feature","properties":{"รหัสกลุ่มคิว":"71/001","รหัสรับเหมา":"733638","ชื่อ-สกุล รับเหมา":"นาย สิทธิชัย ธรรมสุข","นักเกษตร":"7104","ศูนย์":"K2-71","โควตา":"733217","ชาวไร่":"นาย เกลี้ยง มีเหมาะ","ประเภทอ้อย":"ตอ1","พื้นที่":1.89,"ตันรวม":17.01,"รหัสแปลง":"321017061681","กลุ่ม":"กลุ่ม_71"},"geometry":{"type":"MultiPolygon","coordinates":[[[[1026947.1595,1607910.747400000691414],[1026958.181400000117719,1607816.813799999654293],[1026931.814899999648333,1607810.6996],[1026912.010499999858439,1607910.7357],[1026947.1595,1607910.747400000691414]]]]}},
{"type":"Feature","properties":{"รหัสกลุ่มคิว":"71/001","รหัสรับเหมา":"733638","ชื่อ-สกุล รับเหมา":"นาย สิทธิชัย ธรรมสุข","นักเกษตร":"7104","ศูนย์":"K2-71","โควตา":"733342","ชาวไร่":"นาย วา แอกทอง","ประเภทอ้อย":"ตอ1","พื้นที่":4.1,"ตันรวม":36.9,"รหัสแปลง":"321006051583","กลุ่ม":"กลุ่ม_71"},"geometry":{"type":"MultiPolygon","coordinates":[[[[1026553.7538,1611048.950899999588728],[1026590.315600000321865,1611050.104000000283122],[1026540.439799999818206,1610862.7325],[1026506.8136,1610867.562699999660254],[1026553.7538,1611048.950899999588728]]]]}},
{"type":"Feature","properties":{"รหัสกลุ่มคิว":"71/001","รหัสรับเหมา":"733638","ชื่อ-สกุล รับเหมา":"นาย สิทธิชัย ธรรมสุข","นักเกษตร":"7104","ศูนย์":"K2-71","โควตา":"733342","ชาวไร่":"นาย วา แอกทอง","ประเภทอ้อย":"ตอ1","พื้นที่":2.95,"ตันรวม":26.55,"รหัสแปลง":"321006051584","กลุ่ม":"กลุ่ม_71"},"geometry":{"type":"MultiPolygon","coordinates":[[[[1026404.120799999684095,1610887.043999999761581],[1026439.96059999987483,1611013.871500000357628],[1026474.980499999597669,1611007.487199999392033],[1026441.5883,1610883.556800000369549],[1026404.120799999684095,1610887.043999999761581]]]]}},
{"type":"Feature","properties":{"รหัสกลุ่มคิว":"71/001","รหัสรับเหมา":"733638","ชื่อ-สกุล รับเหมา":"นาย สิทธิชัย ธรรมสุข","นักเกษตร":"7104","ศูนย์":"K2-71","โควตา":"730081","ชาวไร่":"นาย เจ็ด มีเหมาะ","ประเภทอ้อย":"ตอ1","พื้นที่":3.83,"ตันรวม":34.47,"รหัสแปลง":"321017061682","กลุ่ม":"กลุ่ม_71"},"geometry":{"type":"MultiPolygon","coordinates":[[[[1026567.970300000160933,1607587.386399999260902],[1026710.250300000421703,1607635.199400000274181],[1026703.4545,1607615.813300000503659],[1026703.6634,1607589.176599999889731],[1026661.591799999587238,1607575.69679999910295],[1026621.77309999987483,1607558.009999999776483],[1026605.386900000274181,1607548.779400000348687],[1026580.368300000205636,1607538.624399999156594],[1026567.970300000160933,1607587.386399999260902]]]]}},
{"type":"Feature","properties":{"รหัสกลุ่มคิว":"71/002","รหัสรับเหมา":"738889","ชื่อ-สกุล รับเหมา":"รถตัดโรงงานเบอร์ 24","นักเกษตร":"7101","ศูนย์":"K2-71","โควตา":"774174","ชาวไร่":"นางสาว ฟ้ารุ่ง บานเย็น","ประเภทอ้อย":"ตอ1","พื้นที่":1.39,"ตันรวม":12.51,"รหัสแปลง":"321306051553","กลุ่ม":"กลุ่ม_71"},"geometry":{"type":"MultiPolygon","coordinates":[[[[1038223.2999,1611806.197300000116229],[1038179.25870000012219,1611719.184299999848008],[1038160.367600000463426,1611726.987500000745058],[1038168.82799999974668,1611747.900800000876188],[1038175.588899999856949,1611748.874800000339746],[1038198.525999999605119,1611821.374500000849366],[1038221.420599999837577,1611807.611700000241399],[1038223.2999,1611806.197300000116229]]]]}},
{"type":"Feature","properties":{"รหัสกลุ่มคิว":"71/001","รหัสรับเหมา":"733638","ชื่อ-สกุล รับเหมา":"นาย สิทธิชัย ธรรมสุข","นักเกษตร":"7104","ศูนย์":"K2-71","โควตา":"733844","ชาวไร่":"นาย บุญช่วย เสนาบูรณ์","ประเภทอ้อย":"ปลายฝน","พื้นที่":14.37,"ตันรวม":186.81,"รหัสแปลง":"321017121580","กลุ่ม":"กลุ่ม_71"},"geometry":{"type":"MultiPolygon","coordinates":[[[[1020362.1233,1607783.017300000414252],[1020401.49170000012964,1607891.5208],[1020609.560700000263751,1607849.693099999800324],[1020634.535000000149012,1607844.219399999827147],[1020633.439500000327826,1607840.384700000286102],[1020612.3372,1607833.244599999859929],[1020587.552899999544024,1607819.444599999114871],[1020550.6277,1607787.002900000661612],[1020526.643000000156462,1607752.347300000488758],[1020511.969399999827147,1607745.580700000748038],[1020492.7111,1607743.807499999180436],[1020477.584699999541044,1607745.315999999642372],[1020461.190999999642372,1607755.167899999767542],[1020362.1233,1607783.017300000414252]]]]}},
{"type":"Feature","properties":{"รหัสกลุ่มคิว":"71/001","รหัสรับเหมา":"733638","ชื่อ-สกุล รับเหมา":"นาย สิทธิชัย ธรรมสุข","นักเกษตร":"7104","ศูนย์":"K2-71","โควตา":"774086","ชาวไร่":"นาย สมกิจ พนากอบกิจ","ประเภทอ้อย":"ตอ1","พื้นที่":3.04,"ตันรวม":27.36,"รหัสแปลง":"321305041670","กลุ่ม":"กลุ่ม_71"},"geometry":{"type":"MultiPolygon","coordinates":[[[[1028498.916899999603629,1605893.660700000822544],[1028499.848399999551475,1605897.386099999770522],[1028506.009100000374019,1605887.051200000569224],[1028514.896999999880791,1605867.808700000867248],[1028519.8591,1605851.0153],[1028524.67949999962002,1605819.988700000569224],[1028525.922600000165403,1605796.851500000804663],[1028525.4775,1605739.169199999421835],[1028519.0236,1605732.394899999722838],[1028480.020100000314415,1605729.101600000634789],[1028486.91370000038296,1605757.208699999377131],[1028498.916899999603629,1605893.660700000822544]]]]}},
{"type":"Feature","properties":{"รหัสกลุ่มคิว":"71/002","รหัสรับเหมา":"738889","ชื่อ-สกุล รับเหมา":"รถตัดโรงงานเบอร์ 24","นักเกษตร":"7101","ศูนย์":"K2-71","โควตา":"772821","ชาวไร่":"นางสาว รัชนีกร เรืองบุญ","ประเภทอ้อย":"ปลายฝน","พื้นที่":11.92,"ตันรวม":154.96,"รหัสแปลง":"321304021517","กลุ่ม":"กลุ่ม_71"},"geometry":{"type":"MultiPolygon","coordinates":[[[[1036230.655399999581277,1619220.870699999853969],[1036225.437400000169873,1619424.220200000330806],[1036248.462799999862909,1619433.00789999961853],[1036284.578499999828637,1619439.8871],[1036285.18709999974817,1619442.956299999728799],[1036283.277800000272691,1619461.703400000929832],[1036314.427299999631941,1619458.285399999469519],[1036311.684500000439584,1619297.563300000503659],[1036310.066999999806285,1619211.285499999299645],[1036230.655399999581277,1619220.870699999853969]]]]}},
{"type":"Feature","properties":{"รหัสกลุ่มคิว":"71/002","รหัสรับเหมา":"738889","ชื่อ-สกุล รับเหมา":"รถตัดโรงงานเบอร์ 24","นักเกษตร":"7101","ศูนย์":"K2-71","โควตา":"774151","ชาวไร่":"นาง สมหมาย จันแสน","ประเภทอ้อย":"ปลายฝน","พื้นที่":6.38,"ตันรวม":82.94,"รหัสแปลง":"321301091583","กลุ่ม":"กลุ่ม_71"},"geometry":{"type":"MultiPolygon","coordinates":[[[[1038536.010800000280142,1611412.4835],[1038517.168700000271201,1611275.940199999138713],[1038439.695600000210106,1611300.340500000864267],[1038498.147900000214577,1611455.388399999588728],[1038539.368700000457466,1611437.0822],[1038533.883899999782443,1611420.805800000205636],[1038536.010800000280142,1611412.4835]]]]}},
{"type":"Feature","properties":{"รหัสกลุ่มคิว":"71/002","รหัสรับเหมา":"738889","ชื่อ-สกุล รับเหมา":"รถตัดโรงงานเบอร์ 24","นักเกษตร":"7101","ศูนย์":"K2-71","โควตา":"774163","ชาวไร่":"นาง อัจฉราวดี เทียนทอง","ประเภทอ้อย":"ปลายฝน","พื้นที่":6.23,"ตันรวม":80.99,"รหัสแปลง":"321306071594","กลุ่ม":"กลุ่ม_71"},"geometry":{"type":"MultiPolygon","coordinates":[[[[1037329.339800000190735,1617342.010700000450015],[1037298.889600000344217,1617347.106899999082088],[1037313.8377,1617408.08530000038445],[1037337.055499999783933,1617397.504799999296665],[1037373.675900000147521,1617382.188999999314547],[1037378.5861,1617375.827500000596046],[1037374.165300000458956,1617368.560699999332428],[1037367.751500000245869,1617354.895099999383092],[1037358.1146,1617328.857599999755621],[1037350.844700000248849,1617286.847100000828505],[1037333.728500000201166,1617250.510199999436736],[1037323.7204,1617221.0329],[1037314.3805,1617206.290699999779463],[1037298.2549,1617194.187400000169873],[1037287.2418,1617189.96000000089407],[1037283.455900000408292,1617224.917899999767542],[1037275.894899999722838,1617233.2796],[1037290.79079999960959,1617298.96309999935329],[1037315.103500000201166,1617291.017699999734759],[1037329.339800000190735,1617342.010700000450015]]]]}},
{"type":"Feature","properties":{"รหัสกลุ่มคิว":"71/002","รหัสรับเหมา":"738889","ชื่อ-สกุล รับเหมา":"รถตัดโรงงานเบอร์ 24","นักเกษตร":"7101","ศูนย์":"K2-71","โควตา":"774205","ชาวไร่":"นาย กิตติศักดิ์ ศรีธรณ์","ประเภทอ้อย":"ปลายฝน","พื้นที่":13.8,"ตันรวม":179.4,"รหัสแปลง":"321301031562","กลุ่ม":"กลุ่ม_71"},"geometry":{"type":"MultiPolygon","coordinates":[[[[1028750.038099999539554,1612701.869400000199676],[1028722.475200000219047,1612961.658700000494719],[1028746.862599999643862,1612966.0658],[1028809.377299999818206,1612969.077199999243021],[1028824.307500000111759,1612764.644300000742078],[1028823.792500000447035,1612695.910000000149012],[1028750.038099999539554,1612701.869400000199676]]]]}},
{"type":"Feature","properties":{"รหัสกลุ่มคิว":"71/002","รหัสรับเหมา":"738889","ชื่อ-สกุล รับเหมา":"รถตัดโรงงานเบอร์ 24","นักเกษตร":"7101","ศูนย์":"K2-71","โควตา":"774198","ชาวไร่":"นาย นพพร ศรียันต์","ประเภทอ้อย":"ปลายฝน","พื้นที่":22.65,"ตันรวม":294.45,"รหัสแปลง":"321306091650","กลุ่ม":"กลุ่ม_71"},"geometry":{"type":"MultiPolygon","coordinates":[[[[1034448.420300000347197,1618184.9134],[1034699.168700000271201,1618139.262000000104308],[1034683.340699999593198,1618016.389699999243021],[1034658.633600000292063,1618024.284],[1034650.69649999961257,1617986.962799999862909],[1034432.432699999772012,1618052.909099999815226],[1034447.471900000236928,1618137.8366],[1034441.413599999621511,1618142.954299999400973],[1034448.420300000347197,1618184.9134]]]]}},
{"type":"Feature","properties":{"รหัสกลุ่มคิว":"71/002","รหัสรับเหมา":"738889","ชื่อ-สกุล รับเหมา":"รถตัดโรงงานเบอร์ 24","นักเกษตร":"7101","ศูนย์":"K2-71","โควตา":"773715","ชาวไร่":"นาง เพชรลดา มณีตา","ประเภทอ้อย":"ปลายฝน","พื้นที่":11.81,"ตันรวม":153.53,"รหัสแปลง":"321301081607","กลุ่ม":"กลุ่ม_71"},"geometry":{"type":"MultiPolygon","coordinates":[[[[1038350.74349999986589,1609908.932],[1038468.995299999602139,1609894.736500000581145],[1038430.677799999713898,1609722.809699999168515],[1038394.078300000168383,1609725.184100000187755],[1038393.335799999535084,1609730.2017],[1038386.1168,1609730.806500000879169],[1038389.851099999621511,1609761.134199999272823],[1038338.9391,1609771.771099999547005],[1038328.622899999842048,1609733.1458],[1038313.16370000038296,1609735.746400000527501],[1038350.74349999986589,1609908.932]]]]}},
{"type":"Feature","properties":{"รหัสกลุ่มคิว":"71/002","รหัสรับเหมา":"738889","ชื่อ-สกุล รับเหมา":"รถตัดโรงงานเบอร์ 24","นักเกษตร":"7101","ศูนย์":"K2-71","โควตา":"774206","ชาวไร่":"นาง จิราภา กล้วยทอง","ประเภทอ้อย":"ปลายฝน","พื้นที่":6.08,"ตันรวม":79.04,"รหัสแปลง":"321306031533","กลุ่ม":"กลุ่ม_71"},"geometry":{"type":"MultiPolygon","coordinates":[[[[1036673.416299999691546,1617619.412000000476837],[1036643.238099999725819,1617577.209599999710917],[1036471.2335,1617662.442399999126792],[1036483.250099999830127,1617707.506100000813603],[1036673.416299999691546,1617619.412000000476837]]]]}},
{"type":"Feature","properties":{"รหัสกลุ่มคิว":"71/002","รหัสรับเหมา":"738889","ชื่อ-สกุล รับเหมา":"รถตัดโรงงานเบอร์ 24","นักเกษตร":"7101","ศูนย์":"K2-71","โควตา":"771279","ชาวไร่":"นาง เท็ก นาคเจือ","ประเภทอ้อย":"ปลายฝน","พื้นที่":6.64,"ตันรวม":86.32,"รหัสแปลง":"321306061572","กลุ่ม":"กลุ่ม_71"},"geometry":{"type":"MultiPolygon","coordinates":[[[[1034285.997399999760091,1615070.306399999186397],[1034259.6305,1614910.571900000795722],[1034218.205699999816716,1614919.168199999257922],[1034219.92119999974966,1614933.7796],[1034229.752600000239909,1614934.18610000051558],[1034230.07120000012219,1614940.657600000500679],[1034226.918499999679625,1614942.225299999117851],[1034219.7451,1614943.461200000718236],[1034217.55460000038147,1614919.967700000852346],[1034186.04009999986738,1614928.521299999207258],[1034234.4583,1615088.7193],[1034285.997399999760091,1615070.306399999186397]]]]}},
{"type":"Feature","properties":{"รหัสกลุ่มคิว":"71/002","รหัสรับเหมา":"738889","ชื่อ-สกุล รับเหมา":"รถตัดโรงงานเบอร์ 24","นักเกษตร":"7101","ศูนย์":"K2-71","โควตา":"730381","ชาวไร่":"นาย สมจิต แท่นแก้ว","ประเภทอ้อย":"ปลายฝน","พื้นที่":6.05,"ตันรวม":78.65,"รหัสแปลง":"321015041558","กลุ่ม":"กลุ่ม_71"},"geometry":{"type":"MultiPolygon","coordinates":[[[[1029804.5137,1619119.49860000051558],[1029799.4353,1619104.402100000530481],[1029786.000199999660254,1619109.106599999591708],[1029771.676599999889731,1619113.2368],[1029754.823599999770522,1619117.682199999690056],[1029725.5762,1619120.379000000655651],[1029719.8174,1619111.74349999986589],[1029714.002600000239909,1619097.371200000867248],[1029683.73450000025332,1619105.5965],[1029691.434000000357628,1619141.101700000464916],[1029703.227099999785423,1619203.893200000748038],[1029709.370299999602139,1619203.101099999621511],[1029716.281899999827147,1619200.105499999597669],[1029729.500900000333786,1619197.061499999836087],[1029746.894000000320375,1619192.627800000831485],[1029759.2165,1619189.3794],[1029773.7122,1619185.622999999672174],[1029794.715200000442564,1619180.897399999201298],[1029810.527599999681115,1619174.579299999400973],[1029830.330199999734759,1619167.052500000223517],[1029824.263299999758601,1619156.005000000819564],[1029817.684100000187755,1619143.6513],[1029811.25690000038594,1619132.596000000834465],[1029804.5137,1619119.49860000051558]]]]}},
{"type":"Feature","properties":{"รหัสกลุ่มคิว":"71/002","รหัสรับเหมา":"738889","ชื่อ-สกุล รับเหมา":"รถตัดโรงงานเบอร์ 24","นักเกษตร":"7101","ศูนย์":"K2-71","โควตา":"774164","ชาวไร่":"นาง สุวรรณจิตร ชุ่มมาก","ประเภทอ้อย":"ปลายฝน","พื้นที่":10.96,"ตันรวม":142.48,"รหัสแปลง":"321306091651","กลุ่ม":"กลุ่ม_71"},"geometry":{"type":"MultiPolygon","coordinates":[[[[1032447.847299999557436,1617699.440099999308586],[1032471.425300000235438,1617480.028000000864267],[1032354.722400000318885,1617486.168299999088049],[1032415.372899999842048,1617726.637399999424815],[1032445.656499999575317,1617705.518300000578165],[1032447.847299999557436,1617699.440099999308586]]]]}},
{"type":"Feature","properties":{"รหัสกลุ่มคิว":"71/001","รหัสรับเหมา":"733638","ชื่อ-สกุล รับเหมา":"นาย สิทธิชัย ธรรมสุข","นักเกษตร":"7104","ศูนย์":"K2-71","โควตา":"733746","ชาวไร่":"นาง มณีวรรณ ราชรักษ์","ประเภทอ้อย":"ปลายฝน","พื้นที่":12.5,"ตันรวม":162.5,"รหัสแปลง":"321017071677","กลุ่ม":"กลุ่ม_71"},"geometry":{"type":"MultiPolygon","coordinates":[[[[1027053.061499999836087,1609750.338400000706315],[1027220.7451,1609705.458200000226498],[1027172.808899999596179,1609570.484200000762939],[1027113.9682,1609582.729499999433756],[1027114.3679,1609597.723799999803305],[1027088.072599999606609,1609613.62639999948442],[1027096.987200000323355,1609643.418800000101328],[1027027.596599999815226,1609668.573899999260902],[1027053.061499999836087,1609750.338400000706315]]]]}},
{"type":"Feature","properties":{"รหัสกลุ่มคิว":"71/002","รหัสรับเหมา":"738889","ชื่อ-สกุล รับเหมา":"รถตัดโรงงานเบอร์ 24","นักเกษตร":"7101","ศูนย์":"K2-71","โควตา":"773899","ชาวไร่":"นางสาว รจนา ราชรักษ์","ประเภทอ้อย":"ปลายฝน","พื้นที่":4.41,"ตันรวม":57.33,"รหัสแปลง":"321306051555","กลุ่ม":"กลุ่ม_71"},"geometry":{"type":"MultiPolygon","coordinates":[[[[1037506.783800000324845,1612609.231300000101328],[1037531.364500000141561,1612751.810000000521541],[1037579.461400000378489,1612749.717399999499321],[1037554.308199999853969,1612602.124600000679493],[1037506.783800000324845,1612609.231300000101328]]]]}},
{"type":"Feature","properties":{"รหัสกลุ่มคิว":"71/002","รหัสรับเหมา":"738889","ชื่อ-สกุล รับเหมา":"รถตัดโรงงานเบอร์ 24","นักเกษตร":"7101","ศูนย์":"K2-71","โควตา":"700430","ชาวไร่":"นาย สังอิม อย่าลืมดี","ประเภทอ้อย":"ปลายฝน","พื้นที่":5.8,"ตันรวม":75.4,"รหัสแปลง":"321306011512","กลุ่ม":"กลุ่ม_71"},"geometry":{"type":"MultiPolygon","coordinates":[[[[1037526.392400000244379,1611957.092199999839067],[1037519.440600000321865,1612216.629799999296665],[1037545.633600000292063,1612216.968599999323487],[1037546.879999999888241,1612205.969100000336766],[1037554.141200000420213,1612203.694399999454618],[1037564.660400000400841,1611959.619100000709295],[1037526.392400000244379,1611957.092199999839067]]]]}},
{"type":"Feature","properties":{"รหัสกลุ่มคิว":"71/002","รหัสรับเหมา":"738889","ชื่อ-สกุล รับเหมา":"รถตัดโรงงานเบอร์ 24","นักเกษตร":"7101","ศูนย์":"K2-71","โควตา":"773498","ชาวไร่":"นาย พุท เทียนทอง","ประเภทอ้อย":"ปลายฝน","พื้นที่":2.2,"ตันรวม":28.6,"รหัสแปลง":"321306061573","กลุ่ม":"กลุ่ม_71"},"geometry":{"type":"MultiPolygon","coordinates":[[[[1033158.58,1615212.511099999770522],[1033168.974499999545515,1615255.42710000090301],[1033242.419099999591708,1615242.269099999219179],[1033245.082999999634922,1615238.061799999326468],[1033240.037100000306964,1615198.31279999949038],[1033158.58,1615212.511099999770522]]]]}},
{"type":"Feature","properties":{"รหัสกลุ่มคิว":"71/001","รหัสรับเหมา":"733638","ชื่อ-สกุล รับเหมา":"นาย สิทธิชัย ธรรมสุข","นักเกษตร":"7104","ศูนย์":"K2-71","โควตา":"733977","ชาวไร่":"นาย เพ็ญ นามม่วง","ประเภทอ้อย":"ปลายฝน","พื้นที่":10.44,"ตันรวม":135.72,"รหัสแปลง":"321011171578","กลุ่ม":"กลุ่ม_71"},"geometry":{"type":"MultiPolygon","coordinates":[[[[1018830.113300000317395,1607268.42879999987781],[1018696.465699999593198,1607248.226199999451637],[1018677.9276,1607345.872400000691414],[1018804.385099999606609,1607390.738299999386072],[1018828.837500000372529,1607390.349600000306964],[1018832.7544,1607313.664000000804663],[1018830.113300000317395,1607268.42879999987781]]]]}},
{"type":"Feature","properties":{"รหัสกลุ่มคิว":"71/002","รหัสรับเหมา":"738889","ชื่อ-สกุล รับเหมา":"รถตัดโรงงานเบอร์ 24","นักเกษตร":"7101","ศูนย์":"K2-71","โควตา":"771304","ชาวไร่":"นาง วัฒนะ แจ่มใส","ประเภทอ้อย":"ปลายฝน","พื้นที่":6.84,"ตันรวม":88.92,"รหัสแปลง":"321301121638","กลุ่ม":"กลุ่ม_71"},"geometry":{"type":"MultiPolygon","coordinates":[[[[1030093.560499999672174,1613762.447499999776483],[1030007.656600000336766,1613767.992900000885129],[1030017.3931,1613792.810499999672174],[1030020.360000000335276,1613805.640799999237061],[1030033.451500000432134,1613842.002000000327826],[1030056.262900000438094,1613895.594799999147654],[1030097.2528,1613883.528899999335408],[1030109.543999999761581,1613931.8991],[1030132.768899999558926,1613924.630100000649691],[1030093.560499999672174,1613762.447499999776483]]]]}},
{"type":"Feature","properties":{"รหัสกลุ่มคิว":"71/002","รหัสรับเหมา":"738889","ชื่อ-สกุล รับเหมา":"รถตัดโรงงานเบอร์ 24","นักเกษตร":"7101","ศูนย์":"K2-71","โควตา":"771304","ชาวไร่":"นาง วัฒนะ แจ่มใส","ประเภทอ้อย":"ปลายฝน","พื้นที่":8.95,"ตันรวม":116.35,"รหัสแปลง":"321301121639","กลุ่ม":"กลุ่ม_71"},"geometry":{"type":"MultiPolygon","coordinates":[[[[1032507.660000000149012,1614907.091700000688434],[1032407.530799999833107,1614903.807700000703335],[1032408.653800000436604,1614868.677500000223517],[1032353.925800000317395,1614866.00929999910295],[1032338.7736,1614949.68129999935627],[1032338.82120000012219,1614955.788100000470877],[1032338.739900000393391,1614976.139000000432134],[1032492.4194,1614986.506300000473857],[1032507.660000000149012,1614907.091700000688434]]]]}},
{"type":"Feature","properties":{"รหัสกลุ่มคิว":"71/002","รหัสรับเหมา":"738889","ชื่อ-สกุล รับเหมา":"รถตัดโรงงานเบอร์ 24","นักเกษตร":"7101","ศูนย์":"K2-71","โควตา":"774169","ชาวไร่":"นาย วัลลภ อกอุ่น","ประเภทอ้อย":"ปลายฝน","พื้นที่":20.33,"ตันรวม":264.29,"รหัสแปลง":"321301111759","กลุ่ม":"กลุ่ม_71"},"geometry":{"type":"MultiPolygon","coordinates":[[[[1027009.612599999643862,1612508.453600000590086],[1026833.298000000417233,1612519.656899999827147],[1026849.4995,1612587.7179000005126],[1026859.16330000013113,1612590.885299999266863],[1026950.6612,1612702.558900000527501],[1026977.612499999813735,1612697.957000000402331],[1026986.624800000339746,1612706.29079999960959],[1027042.6113,1612667.1601],[1027103.308199999853969,1612685.668600000441074],[1027105.864299999549985,1612675.732999999076128],[1027048.703700000420213,1612559.6151],[1027039.459699999541044,1612553.681399999186397],[1027003.760900000110269,1612554.395500000566244],[1027009.612599999643862,1612508.453600000590086]]]]}},
{"type":"Feature","properties":{"รหัสกลุ่มคิว":"71/001","รหัสรับเหมา":"733638","ชื่อ-สกุล รับเหมา":"นาย สิทธิชัย ธรรมสุข","นักเกษตร":"7104","ศูนย์":"K2-71","โควตา":"774198","ชาวไร่":"นาย นพพร ศรียันต์","ประเภทอ้อย":"ปลายฝน","พื้นที่":18.16,"ตันรวม":236.08,"รหัสแปลง":"321017051573","กลุ่ม":"กลุ่ม_71"},"geometry":{"type":"MultiPolygon","coordinates":[[[[1024142.156999999657273,1606313.144500000402331],[1024049.9216,1606151.7774],[1024043.199699999764562,1606152.6458],[1024012.8218,1606110.168700000271201],[1024006.711900000460446,1606106.92090000025928],[1023862.19440000038594,1606145.780099999159575],[1023860.369,1606148.6206],[1023859.541799999773502,1606149.72859999909997],[1023872.4676,1606244.214700000360608],[1024013.640100000426173,1606238.66579999960959],[1024043.346400000154972,1606242.299599999561906],[1024061.235999999567866,1606328.367799999192357],[1024142.156999999657273,1606313.144500000402331]]]]}},
{"type":"Feature","properties":{"รหัสกลุ่มคิว":"71/001","รหัสรับเหมา":"733638","ชื่อ-สกุล รับเหมา":"นาย สิทธิชัย ธรรมสุข","นักเกษตร":"7104","ศูนย์":"K2-71","โควตา":"730094","ชาวไร่":"นาย ยศ แรงหาญ","ประเภทอ้อย":"ปลายฝน","พื้นที่":13.64,"ตันรวม":177.32,"รหัสแปลง":"321017101511","กลุ่ม":"กลุ่ม_71"},"geometry":{"type":"MultiPolygon","coordinates":[[[[1022875.303299999795854,1602775.610300000756979],[1023074.03110000025481,1602979.064400000497699],[1023133.928000000305474,1602916.0285],[1022916.330699999816716,1602724.660900000482798],[1022875.303299999795854,1602775.610300000756979]]]]}},
{"type":"Feature","properties":{"รหัสกลุ่มคิว":"71/002","รหัสรับเหมา":"738889","ชื่อ-สกุล รับเหมา":"รถตัดโรงงานเบอร์ 24","นักเกษตร":"7101","ศูนย์":"K2-71","โควตา":"773588","ชาวไร่":"นาย สุพิศ อินทะบิน","ประเภทอ้อย":"ปลายฝน","พื้นที่":6.25,"ตันรวม":81.25,"รหัสแปลง":"321306071595","กลุ่ม":"กลุ่ม_71"},"geometry":{"type":"MultiPolygon","coordinates":[[[[1038376.3832,1618091.390599999576807],[1038432.61809999961406,1618265.731200000271201],[1038483.6431,1618246.776200000196695],[1038429.418600000441074,1618074.492499999701977],[1038376.3832,1618091.390599999576807]]]]}},
{"type":"Feature","properties":{"รหัสกลุ่มคิว":"71/001","รหัสรับเหมา":"733638","ชื่อ-สกุล รับเหมา":"นาย สิทธิชัย ธรรมสุข","นักเกษตร":"7104","ศูนย์":"K2-71","โควตา":"733136","ชาวไร่":"นางสาว รุ่งทิพย์ นามม่วง","ประเภทอ้อย":"ปลายฝน","พื้นที่":16.68,"ตันรวม":216.84,"รหัสแปลง":"321011011552","กลุ่ม":"กลุ่ม_71"},"geometry":{"type":"MultiPolygon","coordinates":[[[[1019619.371100000105798,1607570.674100000411272],[1019662.261699999682605,1607691.444499999284744],[1019682.3969,1607713.261099999770522],[1019754.072200000286102,1607730.206800000742078],[1019867.9847,1607547.911299999803305],[1019619.371100000105798,1607570.674100000411272]]]]}},
{"type":"Feature","properties":{"รหัสกลุ่มคิว":"71/002","รหัสรับเหมา":"738889","ชื่อ-สกุล รับเหมา":"รถตัดโรงงานเบอร์ 24","นักเกษตร":"7101","ศูนย์":"K2-71","โควตา":"774208","ชาวไร่":"นาย วัฒนา เชี่ยวชาญ","ประเภทอ้อย":"ปลายฝน","พื้นที่":5.8,"ตันรวม":75.4,"รหัสแปลง":"321306061574","กลุ่ม":"กลุ่ม_71"},"geometry":{"type":"MultiPolygon","coordinates":[[[[1033200.182300000451505,1614504.474999999627471],[1033196.6798,1614389.184000000357628],[1033178.145200000144541,1614391.29869999922812],[1033180.07660000026226,1614413.761900000274181],[1033181.851700000464916,1614418.94649999961257],[1033183.158599999733269,1614421.352900000289083],[1033183.340800000354648,1614445.262900000438094],[1033180.324400000274181,1614446.9781],[1033177.554999999701977,1614445.093900000676513],[1033175.822499999776483,1614441.9189],[1033170.208399999886751,1614437.927999999374151],[1033164.373999999836087,1614438.0066],[1033156.036600000225008,1614431.95380000025034],[1033157.1074,1614421.340700000524521],[1033159.363400000147521,1614417.245500000193715],[1033179.46030000038445,1614413.846699999645352],[1033177.755300000309944,1614391.247899999842048],[1033177.927899999544024,1614372.508899999782443],[1033180.386900000274181,1614369.570499999448657],[1033178.8892,1614336.035599999129772],[1033194.963899999856949,1614332.702500000596046],[1033192.873100000433624,1614263.884099999442697],[1033148.330900000408292,1614265.210799999535084],[1033146.764999999664724,1614268.153100000694394],[1033149.570299999788404,1614365.770099999383092],[1033152.803399999625981,1614408.967700000852346],[1033155.236200000159442,1614459.428300000727177],[1033158.559999999590218,1614507.949999999254942],[1033200.182300000451505,1614504.474999999627471]]]]}},
{"type":"Feature","properties":{"รหัสกลุ่มคิว":"71/002","รหัสรับเหมา":"738889","ชื่อ-สกุล รับเหมา":"รถตัดโรงงานเบอร์ 24","นักเกษตร":"7101","ศูนย์":"K2-71","โควตา":"771268","ชาวไร่":"นาง ธีรดา เสาเปรีย","ประเภทอ้อย":"ปลายฝน","พื้นที่":4.45,"ตันรวม":57.85,"รหัสแปลง":"321306051556","กลุ่ม":"กลุ่ม_71"},"geometry":{"type":"MultiPolygon","coordinates":[[[[1036803.67879999987781,1612140.991599999368191],[1036673.238400000147521,1612166.129300000146031],[1036682.577399999834597,1612219.534399999305606],[1036807.118900000117719,1612196.783700000494719],[1036803.67879999987781,1612140.991599999368191]]]]}},
{"type":"Feature","properties":{"รหัสกลุ่มคิว":"71/001","รหัสรับเหมา":"733638","ชื่อ-สกุล รับเหมา":"นาย สิทธิชัย ธรรมสุข","นักเกษตร":"7104","ศูนย์":"K2-71","โควตา":"733797","ชาวไร่":"นาย ชาติ ปุ่มแม่น","ประเภทอ้อย":"ปลายฝน","พื้นที่":9.43,"ตันรวม":122.59,"รหัสแปลง":"321017051574","กลุ่ม":"กลุ่ม_71"},"geometry":{"type":"MultiPolygon","coordinates":[[[[1024112.425599999725819,1608281.5142],[1023941.410500000230968,1608271.400399999693036],[1023952.462299999780953,1608361.91609999909997],[1024094.947599999606609,1608382.893100000917912],[1024112.425599999725819,1608281.5142]]]]}},
{"type":"Feature","properties":{"รหัสกลุ่มคิว":"71/002","รหัสรับเหมา":"738889","ชื่อ-สกุล รับเหมา":"รถตัดโรงงานเบอร์ 24","นักเกษตร":"7101","ศูนย์":"K2-71","โควตา":"770881","ชาวไร่":"นาง ช่วย จงหาญ","ประเภทอ้อย":"ปลายฝน","พื้นที่":2.9,"ตันรวม":37.7,"รหัสแปลง":"321301091584","กลุ่ม":"กลุ่ม_71"},"geometry":{"type":"MultiPolygon","coordinates":[[[[1036883.800499999895692,1610796.96169999986887],[1036846.3054,1610645.0515],[1036819.922799999825656,1610656.405899999663234],[1036818.93709999974817,1610657.268100000917912],[1036817.901999999769032,1610658.508899999782443],[1036817.11739999987185,1610660.460200000554323],[1036816.657200000248849,1610662.322000000625849],[1036855.143400000408292,1610796.481499999761581],[1036857.236100000329316,1610802.1327],[1036883.800499999895692,1610796.96169999986887]]]]}},
{"type":"Feature","properties":{"รหัสกลุ่มคิว":"71/002","รหัสรับเหมา":"738889","ชื่อ-สกุล รับเหมา":"รถตัดโรงงานเบอร์ 24","นักเกษตร":"7101","ศูนย์":"K2-71","โควตา":"771399","ชาวไร่":"นาง ลัดดา มาลาศรี","ประเภทอ้อย":"ปลายฝน","พื้นที่":6.4,"ตันรวม":83.2,"รหัสแปลง":"321301011540","กลุ่ม":"กลุ่ม_71"},"geometry":{"type":"MultiPolygon","coordinates":[[[[1029280.3722,1619177.901599999517202],[1029272.035799999721348,1619255.058299999684095],[1029298.675800000317395,1619256.961300000548363],[1029302.1935,1619240.770899999886751],[1029314.884700000286102,1619241.48960000090301],[1029319.172899999655783,1619258.4254],[1029390.948800000362098,1619263.552699999883771],[1029395.8514,1619164.910199999809265],[1029290.215800000354648,1619177.506899999454618],[1029280.3722,1619177.901599999517202]]]]}},
{"type":"Feature","properties":{"รหัสกลุ่มคิว":"71/001","รหัสรับเหมา":"733638","ชื่อ-สกุล รับเหมา":"นาย สิทธิชัย ธรรมสุข","นักเกษตร":"7104","ศูนย์":"K2-71","โควตา":"733947","ชาวไร่":"นาย เสริฐ ชาวสวน","ประเภทอ้อย":"ปลายฝน","พื้นที่":4.38,"ตันรวม":56.94,"รหัสแปลง":"321011101746","กลุ่ม":"กลุ่ม_71"},"geometry":{"type":"MultiPolygon","coordinates":[[[[1018270.149299999698997,1610459.494200000539422],[1018264.481499999761581,1610515.361400000751019],[1018280.023900000378489,1610518.169700000435114],[1018394.41330000013113,1610512.834599999710917],[1018397.253399999812245,1610462.842399999499321],[1018270.149299999698997,1610459.494200000539422]]]]}},
{"type":"Feature","properties":{"รหัสกลุ่มคิว":"71/002","รหัสรับเหมา":"738889","ชื่อ-สกุล รับเหมา":"รถตัดโรงงานเบอร์ 24","นักเกษตร":"7101","ศูนย์":"K2-71","โควตา":"774177","ชาวไร่":"นาย ธวัชชัย จำเริญใหญ่","ประเภทอ้อย":"ปลายฝน","พื้นที่":10.44,"ตันรวม":135.72,"รหัสแปลง":"321301121640","กลุ่ม":"กลุ่ม_71"},"geometry":{"type":"MultiPolygon","coordinates":[[[[1032130.335699999704957,1615090.42879999987781],[1032111.056800000369549,1614908.16950000077486],[1032106.615600000135601,1614904.793800000101328],[1032105.329400000162423,1614902.974099999293685],[1032104.971900000236928,1614902.907500000670552],[1032015.145200000144541,1614927.69539999961853],[1032021.417000000365078,1614940.439300000667572],[1032034.958200000226498,1614938.738099999725819],[1032067.997499999590218,1614931.940400000661612],[1032070.491600000299513,1614957.72859999909997],[1032040.003899999894202,1614959.105399999767542],[1032022.4002,1614960.5152000002563],[1032042.910899999551475,1615058.363800000399351],[1032049.978400000371039,1615116.013499999418855],[1032050.902900000102818,1615118.506899999454618],[1032052.497100000269711,1615119.483999999240041],[1032055.1025,1615119.704900000244379],[1032125.961400000378489,1615110.436300000175834],[1032128.221400000154972,1615109.483999999240041],[1032129.306800000369549,1615106.153799999505281],[1032130.335699999704957,1615090.42879999987781]]]]}},
{"type":"Feature","properties":{"รหัสกลุ่มคิว":"71/002","รหัสรับเหมา":"738889","ชื่อ-สกุล รับเหมา":"รถตัดโรงงานเบอร์ 24","นักเกษตร":"7101","ศูนย์":"K2-71","โควตา":"773336","ชาวไร่":"นาย จิรโรจน์ ดวงใจ","ประเภทอ้อย":"ปลายฝน","พื้นที่":9.71,"ตันรวม":126.23,"รหัสแปลง":"321306091652","กลุ่ม":"กลุ่ม_71"},"geometry":{"type":"MultiPolygon","coordinates":[[[[1035664.9594,1618151.167600000277162],[1035630.687599999830127,1618045.027499999850988],[1035565.6869,1618078.134600000455976],[1035582.355700000189245,1618103.958000000566244],[1035592.5422,1618094.2478],[1035608.470200000330806,1618111.842599999159575],[1035585.874699999578297,1618134.808499999344349],[1035574.021300000138581,1618113.13910000026226],[1035581.3503,1618104.857599999755621],[1035564.760900000110269,1618078.875399999320507],[1035542.3372,1618090.093299999833107],[1035540.144600000232458,1618090.980100000277162],[1035517.818,1618045.347699999809265],[1035482.9402,1618079.794399999082088],[1035481.877999999560416,1618085.550899999216199],[1035494.354000000283122,1618131.200999999418855],[1035477.318699999712408,1618178.003799999132752],[1035664.9594,1618151.167600000277162]]]]}},
{"type":"Feature","properties":{"รหัสกลุ่มคิว":"71/002","รหัสรับเหมา":"738889","ชื่อ-สกุล รับเหมา":"รถตัดโรงงานเบอร์ 24","นักเกษตร":"7101","ศูนย์":"K2-71","โควตา":"770881","ชาวไร่":"นาง ช่วย จงหาญ","ประเภทอ้อย":"ปลายฝน","พื้นที่":2.98,"ตันรวม":38.74,"รหัสแปลง":"321301091585","กลุ่ม":"กลุ่ม_71"},"geometry":{"type":"MultiPolygon","coordinates":[[[[1038387.373200000263751,1611326.913699999451637],[1038358.822100000455976,1611338.72859999909997],[1038413.740600000135601,1611480.817900000140071],[1038444.354100000113249,1611476.409199999645352],[1038387.373200000263751,1611326.913699999451637]]]]}},
{"type":"Feature","properties":{"รหัสกลุ่มคิว":"71/001","รหัสรับเหมา":"733638","ชื่อ-สกุล รับเหมา":"นาย สิทธิชัย ธรรมสุข","นักเกษตร":"7104","ศูนย์":"K2-71","โควตา":"733103","ชาวไร่":"นาย สวัสดิ์ จันทร์มาณ","ประเภทอ้อย":"ปลายฝน","พื้นที่":8.97,"ตันรวม":116.61,"รหัสแปลง":"321011011553","กลุ่ม":"กลุ่ม_71"},"geometry":{"type":"MultiPolygon","coordinates":[[[[1018348.8892,1608788.787599999457598],[1018349.029900000430644,1608737.828500000759959],[1018336.1179,1608730.36769999936223],[1018331.607300000265241,1608724.527799999341369],[1018328.145100000314415,1608710.747300000861287],[1018324.283800000324845,1608708.122099999338388],[1018273.5729,1608693.641200000420213],[1018220.560999999754131,1608686.4518],[1018235.3054,1608635.986700000241399],[1018216.287899999879301,1608630.741599999368191],[1018198.949799999594688,1608685.809399999678135],[1018195.362499999813735,1608687.525299999862909],[1018168.618800000287592,1608690.862700000405312],[1018165.936300000175834,1608751.424499999731779],[1018348.8892,1608788.787599999457598]]]]}},
{"type":"Feature","properties":{"รหัสกลุ่มคิว":"71/001","รหัสรับเหมา":"733638","ชื่อ-สกุล รับเหมา":"นาย สิทธิชัย ธรรมสุข","นักเกษตร":"7104","ศูนย์":"K2-71","โควตา":"701729","ชาวไร่":"นาย วัฒนา จรจอม","ประเภทอ้อย":"ปลายฝน","พื้นที่":4.37,"ตันรวม":56.81,"รหัสแปลง":"321017071678","กลุ่ม":"กลุ่ม_71"},"geometry":{"type":"MultiPolygon","coordinates":[[[[1024324.08490000013262,1609345.341499999165535],[1024302.299200000241399,1609335.812300000339746],[1024290.199699999764562,1609413.07039999961853],[1024369.269000000320375,1609432.5153],[1024392.3503,1609355.860999999567866],[1024389.876500000245869,1609345.078199999406934],[1024324.08490000013262,1609345.341499999165535]]]]}},
{"type":"Feature","properties":{"รหัสกลุ่มคิว":"71/001","รหัสรับเหมา":"733638","ชื่อ-สกุล รับเหมา":"นาย สิทธิชัย ธรรมสุข","นักเกษตร":"7104","ศูนย์":"K2-71","โควตา":"733799","ชาวไร่":"นาย นรินทร์ เนียมงาม","ประเภทอ้อย":"ปลายฝน","พื้นที่":4.72,"ตันรวม":61.36,"รหัสแปลง":"321017101512","กลุ่ม":"กลุ่ม_71"},"geometry":{"type":"MultiPolygon","coordinates":[[[[1025487.8902000002563,1603279.255899999290705],[1025541.31940000038594,1603284.647299999371171],[1025546.842400000430644,1603245.358899999409914],[1025345.128100000321865,1603227.379200000315905],[1025341.513600000180304,1603261.71309999935329],[1025487.8902000002563,1603279.255899999290705]]]]}},
{"type":"Feature","properties":{"รหัสกลุ่มคิว":"71/001","รหัสรับเหมา":"733638","ชื่อ-สกุล รับเหมา":"นาย สิทธิชัย ธรรมสุข","นักเกษตร":"7104","ศูนย์":"K2-71","โควตา":"774212","ชาวไร่":"นาง บุ ลำดวนหอม","ประเภทอ้อย":"ปลายฝน","พื้นที่":4.86,"ตันรวม":63.18,"รหัสแปลง":"321011011556","กลุ่ม":"กลุ่ม_71"},"geometry":{"type":"MultiPolygon","coordinates":[[[[1018963.546299999579787,1607304.618300000205636],[1018982.2017,1607250.859999999403954],[1018841.837000000290573,1607184.490900000557303],[1018830.956399999558926,1607229.356000000610948],[1018963.546299999579787,1607304.618300000205636]]]]}},
{"type":"Feature","properties":{"รหัสกลุ่มคิว":"71/001","รหัสรับเหมา":"733638","ชื่อ-สกุล รับเหมา":"นาย สิทธิชัย ธรรมสุข","นักเกษตร":"7104","ศูนย์":"K2-71","โควตา":"774210","ชาวไร่":"นาง เฮม สามาศ","ประเภทอ้อย":"ปลายฝน","พื้นที่":7.79,"ตันรวม":101.27,"รหัสแปลง":"321011151548","กลุ่ม":"กลุ่ม_71"},"geometry":{"type":"MultiPolygon","coordinates":[[[[1017411.733099999837577,1610574.05629999935627],[1017346.565899999812245,1610553.516000000759959],[1017341.422600000165403,1610571.079700000584126],[1017374.803600000217557,1610736.418199999257922],[1017389.801699999719858,1610739.13230000063777],[1017417.8783,1610740.262499999254942],[1017442.330699999816716,1610739.49070000089705],[1017447.07799999974668,1610735.913499999791384],[1017411.733099999837577,1610574.05629999935627]]]]}},
{"type":"Feature","properties":{"รหัสกลุ่มคิว":"71/001","รหัสรับเหมา":"733638","ชื่อ-สกุล รับเหมา":"นาย สิทธิชัย ธรรมสุข","นักเกษตร":"7104","ศูนย์":"K2-71","โควตา":"774211","ชาวไร่":"นาง เหียม สำราญสุข","ประเภทอ้อย":"ปลายฝน","พื้นที่":2.72,"ตันรวม":35.36,"รหัสแปลง":"321011011557","กลุ่ม":"กลุ่ม_71"},"geometry":{"type":"MultiPolygon","coordinates":[[[[1018844.736399999819696,1607183.717299999669194],[1018929.923499999567866,1607139.734099999070168],[1018894.8295,1607106.023600000888109],[1018867.618300000205636,1607090.273600000888109],[1018831.441399999894202,1607176.937699999660254],[1018844.736399999819696,1607183.717299999669194]]]]}},
{"type":"Feature","properties":{"รหัสกลุ่มคิว":"71/001","รหัสรับเหมา":"733638","ชื่อ-สกุล รับเหมา":"นาย สิทธิชัย ธรรมสุข","นักเกษตร":"7104","ศูนย์":"K2-71","โควตา":"733709","ชาวไร่":"นาย จักรพันธ์ วันไทย","ประเภทอ้อย":"ปลายฝน","พื้นที่":3.34,"ตันรวม":43.42,"รหัสแปลง":"321017011660","กลุ่ม":"กลุ่ม_71"},"geometry":{"type":"MultiPolygon","coordinates":[[[[1023245.0592,1603192.994999999180436],[1023262.992499999701977,1603171.91499999910593],[1023086.343399999663234,1603051.626299999654293],[1023079.911299999803305,1603057.4101],[1023042.852900000289083,1603028.136],[1023032.464300000108778,1603033.466099999845028],[1023245.0592,1603192.994999999180436]]]]}},
{"type":"Feature","properties":{"รหัสกลุ่มคิว":"71/001","รหัสรับเหมา":"733638","ชื่อ-สกุล รับเหมา":"นาย สิทธิชัย ธรรมสุข","นักเกษตร":"7104","ศูนย์":"K2-71","โควตา":"730542","ชาวไร่":"นาง จุม พิกุลทอง","ประเภทอ้อย":"ปลายฝน","พื้นที่":3.74,"ตันรวม":48.62,"รหัสแปลง":"321006051586","กลุ่ม":"กลุ่ม_71"},"geometry":{"type":"MultiPolygon","coordinates":[[[[1026596.576399999670684,1612734.185799999162555],[1026457.325400000438094,1612714.7346],[1026450.081199999898672,1612758.426200000569224],[1026595.007299999706447,1612773.744100000709295],[1026596.576399999670684,1612734.185799999162555]]]]}},
{"type":"Feature","properties":{"รหัสกลุ่มคิว":"71/001","รหัสรับเหมา":"733638","ชื่อ-สกุล รับเหมา":"นาย สิทธิชัย ธรรมสุข","นักเกษตร":"7104","ศูนย์":"K2-71","โควตา":"774198","ชาวไร่":"นาย นพพร ศรียันต์","ประเภทอ้อย":"ปลายฝน","พื้นที่":15.01,"ตันรวม":195.13,"รหัสแปลง":"321011041531","กลุ่ม":"กลุ่ม_71"},"geometry":{"type":"MultiPolygon","coordinates":[[[[1021128.543999999761581,1602875.85840000025928],[1021133.271599999628961,1602892.84940000064671],[1021140.235500000417233,1602923.050599999725819],[1021256.986600000411272,1602898.698400000110269],[1021228.9655,1602775.813300000503659],[1021223.8755,1602760.619400000199676],[1021221.449099999852479,1602738.982799999415874],[1021220.081500000320375,1602733.106699999421835],[1021219.121899999678135,1602728.08500000089407],[1021217.4748,1602725.509600000455976],[1021084.869699999690056,1602714.340199999511242],[1021128.543999999761581,1602875.85840000025928]]]]}},
{"type":"Feature","properties":{"รหัสกลุ่มคิว":"71/002","รหัสรับเหมา":"738889","ชื่อ-สกุล รับเหมา":"รถตัดโรงงานเบอร์ 24","นักเกษตร":"7101","ศูนย์":"K2-71","โควตา":"774208","ชาวไร่":"นาย วัฒนา เชี่ยวชาญ","ประเภทอ้อย":"ปลายฝน","พื้นที่":3.75,"ตันรวม":48.75,"รหัสแปลง":"321306061575","กลุ่ม":"กลุ่ม_71"},"geometry":{"type":"MultiPolygon","coordinates":[[[[1033623.4123,1614281.589299999177456],[1033614.814000000245869,1614261.475999999791384],[1033512.82149999961257,1614264.853199999779463],[1033516.2862,1614357.044199999421835],[1033582.1585,1614310.64670000039041],[1033579.5373,1614308.213700000196695],[1033576.4496,1614306.79109999909997],[1033578.8904,1614305.391000000759959],[1033581.6881,1614302.694199999794364],[1033582.72580000013113,1614301.4156],[1033587.072700000368059,1614298.78690000064671],[1033592.706199999898672,1614299.4989],[1033594.69620000012219,1614301.815600000321865],[1033623.4123,1614281.589299999177456]]]]}},
{"type":"Feature","properties":{"รหัสกลุ่มคิว":"71/001","รหัสรับเหมา":"733638","ชื่อ-สกุล รับเหมา":"นาย สิทธิชัย ธรรมสุข","นักเกษตร":"7104","ศูนย์":"K2-71","โควตา":"733004","ชาวไร่":"นาง สำลี สุขสาม","ประเภทอ้อย":"ปลายฝน","พื้นที่":7.51,"ตันรวม":97.63,"รหัสแปลง":"321011011558","กลุ่ม":"กลุ่ม_71"},"geometry":{"type":"MultiPolygon","coordinates":[[[[1017968.900000000372529,1607256.421499999240041],[1017966.119400000199676,1607471.693099999800324],[1017970.9764,1607476.814200000837445],[1017994.6645,1607480.613099999725819],[1017994.020200000144541,1607503.544800000265241],[1018021.112999999895692,1607506.854699999094009],[1018018.812,1607347.489099999889731],[1018013.3174,1607254.217399999499321],[1017968.900000000372529,1607256.421499999240041]]]]}},
{"type":"Feature","properties":{"รหัสกลุ่มคิว":"71/001","รหัสรับเหมา":"733638","ชื่อ-สกุล รับเหมา":"นาย สิทธิชัย ธรรมสุข","นักเกษตร":"7104","ศูนย์":"K2-71","โควตา":"774210","ชาวไร่":"นาง เฮม สามาศ","ประเภทอ้อย":"ปลายฝน","พื้นที่":6.21,"ตันรวม":80.73,"รหัสแปลง":"321011011559","กลุ่ม":"กลุ่ม_71"},"geometry":{"type":"MultiPolygon","coordinates":[[[[1017921.385099999606609,1607856.174799999222159],[1017863.5494,1607969.926000000908971],[1017873.6261,1607972.734999999403954],[1017886.083499999716878,1607973.71169999986887],[1017896.791400000452995,1607971.746999999508262],[1017905.620299999602139,1607970.793800000101328],[1017915.6332,1607966.965399999171495],[1017923.576100000180304,1607957.07660000026226],[1017981.3838,1607841.228199999779463],[1017984.52350000012666,1607832.205199999734759],[1017919.085099999792874,1607784.8311],[1017895.020399999804795,1607825.71059999987483],[1017921.385099999606609,1607856.174799999222159]]]]}},
{"type":"Feature","properties":{"รหัสกลุ่มคิว":"71/001","รหัสรับเหมา":"733638","ชื่อ-สกุล รับเหมา":"นาย สิทธิชัย ธรรมสุข","นักเกษตร":"7104","ศูนย์":"K2-71","โควตา":"733978","ชาวไร่":"นาย สุวิทย์ วุฒิยา","ประเภทอ้อย":"ปลายฝน","พื้นที่":10.06,"ตันรวม":130.78,"รหัสแปลง":"321017121581","กลุ่ม":"กลุ่ม_71"},"geometry":{"type":"MultiPolygon","coordinates":[[[[1020930.668200000189245,1607523.430400000885129],[1020885.1469,1607528.2029],[1020911.531000000424683,1607695.439500000327826],[1020959.586199999786913,1607698.675499999895692],[1021045.36849999986589,1607690.684900000691414],[1021040.716799999587238,1607603.8246],[1020958.557199999690056,1607619.476600000634789],[1020930.668200000189245,1607523.430400000885129]]]]}},
{"type":"Feature","properties":{"รหัสกลุ่มคิว":"71/001","รหัสรับเหมา":"733638","ชื่อ-สกุล รับเหมา":"นาย สิทธิชัย ธรรมสุข","นักเกษตร":"7104","ศูนย์":"K2-71","โควตา":"730140","ชาวไร่":"นาย นเรศ บุดดางาม","ประเภทอ้อย":"ปลายฝน","พื้นที่":3.04,"ตันรวม":39.52,"รหัสแปลง":"321011101754","กลุ่ม":"กลุ่ม_71"},"geometry":{"type":"MultiPolygon","coordinates":[[[[1018557.1349,1610395.544099999591708],[1018654.983199999667704,1610399.373299999162555],[1018665.516699999570847,1610345.604100000113249],[1018558.511599999852479,1610353.941999999806285],[1018557.1349,1610395.544099999591708]]]]}},
{"type":"Feature","properties":{"รหัสกลุ่มคิว":"71/001","รหัสรับเหมา":"733638","ชื่อ-สกุล รับเหมา":"นาย สิทธิชัย ธรรมสุข","นักเกษตร":"7104","ศูนย์":"K2-71","โควตา":"701729","ชาวไร่":"นาย วัฒนา จรจอม","ประเภทอ้อย":"ปลายฝน","พื้นที่":4.8,"ตันรวม":62.4,"รหัสแปลง":"321017071679","กลุ่ม":"กลุ่ม_71"},"geometry":{"type":"MultiPolygon","coordinates":[[[[1024240.362200000323355,1609425.883899999782443],[1024083.1244,1609387.014699999243021],[1024074.719200000166893,1609426.241100000217557],[1024111.218299999833107,1609438.8585],[1024115.726099999621511,1609438.769500000402331],[1024122.5482,1609440.024800000712276],[1024127.9331,1609441.064400000497699],[1024131.876799999736249,1609442.073400000110269],[1024136.693599999882281,1609444.395999999716878],[1024143.100399999879301,1609448.2325],[1024149.503100000321865,1609452.253900000825524],[1024154.884100000374019,1609453.47859999909997],[1024161.150000000372529,1609455.46199999935925],[1024165.406700000166893,1609458.697699999436736],[1024174.3277000002563,1609462.957800000905991],[1024185.222500000149012,1609467.629899999126792],[1024229.5192,1609478.008500000461936],[1024240.362200000323355,1609425.883899999782443]]]]}},
{"type":"Feature","properties":{"รหัสกลุ่มคิว":"71/002","รหัสรับเหมา":"738889","ชื่อ-สกุล รับเหมา":"รถตัดโรงงานเบอร์ 24","นักเกษตร":"7101","ศูนย์":"K2-71","โควตา":"770851","ชาวไร่":"นาง สุพล สุดสวาท","ประเภทอ้อย":"ปลายฝน","พื้นที่":4.09,"ตันรวม":53.17,"รหัสแปลง":"321301031564","กลุ่ม":"กลุ่ม_71"},"geometry":{"type":"MultiPolygon","coordinates":[[[[1030792.84499999973923,1615285.103000000119209],[1030783.350700000301003,1615215.885099999606609],[1030686.06290000025183,1615231.356100000441074],[1030699.9726,1615296.414100000634789],[1030792.84499999973923,1615285.103000000119209]]]]}},
{"type":"Feature","properties":{"รหัสกลุ่มคิว":"71/002","รหัสรับเหมา":"738889","ชื่อ-สกุล รับเหมา":"รถตัดโรงงานเบอร์ 24","นักเกษตร":"7101","ศูนย์":"K2-71","โควตา":"774164","ชาวไร่":"นาง สุวรรณจิตร ชุ่มมาก","ประเภทอ้อย":"ปลายฝน","พื้นที่":13.81,"ตันรวม":179.53,"รหัสแปลง":"321306071596","กลุ่ม":"กลุ่ม_71"},"geometry":{"type":"MultiPolygon","coordinates":[[[[1038765.134700000286102,1617860.044700000435114],[1038791.06940000038594,1617898.249600000679493],[1038845.253600000403821,1617901.566199999302626],[1038842.9068,1617903.747199999168515],[1038844.067800000309944,1617902.924499999731779],[1038849.914599999785423,1617904.481000000610948],[1038852.454300000332296,1617905.473999999463558],[1038883.202100000344217,1617911.628799999132752],[1038931.442099999636412,1617897.924499999731779],[1038920.41579999960959,1617872.557900000363588],[1038920.930700000375509,1617859.876900000497699],[1038920.525500000454485,1617857.357699999585748],[1038920.206199999898672,1617856.442500000819564],[1038917.1557,1617751.537699999287724],[1038827.377500000409782,1617721.592199999839067],[1038817.665500000119209,1617735.839400000870228],[1038768.815000000409782,1617851.284],[1038785.8542,1617858.8246],[1038787.494599999859929,1617856.549200000241399],[1038791.4369,1617859.433199999853969],[1038786.621500000357628,1617864.619000000879169],[1038782.546900000423193,1617865.915500000119209],[1038785.61600000038743,1617859.142100000753999],[1038768.6562,1617851.707299999892712],[1038765.134700000286102,1617860.044700000435114]]]]}},
{"type":"Feature","properties":{"รหัสกลุ่มคิว":"71/001","รหัสรับเหมา":"733638","ชื่อ-สกุล รับเหมา":"นาย สิทธิชัย ธรรมสุข","นักเกษตร":"7104","ศูนย์":"K2-71","โควตา":"733977","ชาวไร่":"นาย เพ็ญ นามม่วง","ประเภทอ้อย":"ปลายฝน","พื้นที่":3.05,"ตันรวม":39.65,"รหัสแปลง":"321011011560","กลุ่ม":"กลุ่ม_71"},"geometry":{"type":"MultiPolygon","coordinates":[[[[1018463.6574,1607787.475400000810623],[1018460.2566,1607907.490800000727177],[1018511.239099999889731,1607906.328500000759959],[1018513.360299999825656,1607870.9543999992311],[1018502.211799999698997,1607844.36460000090301],[1018487.733900000341237,1607789.042099999263883],[1018463.6574,1607787.475400000810623]]]]}},
{"type":"Feature","properties":{"รหัสกลุ่มคิว":"71/002","รหัสรับเหมา":"738889","ชื่อ-สกุล รับเหมา":"รถตัดโรงงานเบอร์ 24","นักเกษตร":"7101","ศูนย์":"K2-71","โควตา":"774205","ชาวไร่":"นาย กิตติศักดิ์ ศรีธรณ์","ประเภทอ้อย":"ปลายฝน","พื้นที่":3.65,"ตันรวม":47.45,"รหัสแปลง":"321301111763","กลุ่ม":"กลุ่ม_71"},"geometry":{"type":"MultiPolygon","coordinates":[[[[1028720.5011,1612958.544600000604987],[1028747.527800000272691,1612699.366499999538064],[1028726.623599999584258,1612699.286499999463558],[1028696.378600000403821,1612957.2851],[1028720.5011,1612958.544600000604987]]]]}},
{"type":"Feature","properties":{"รหัสกลุ่มคิว":"71/002","รหัสรับเหมา":"738889","ชื่อ-สกุล รับเหมา":"รถตัดโรงงานเบอร์ 24","นักเกษตร":"7101","ศูนย์":"K2-71","โควตา":"700430","ชาวไร่":"นาย สังอิม อย่าลืมดี","ประเภทอ้อย":"ปลายฝน","พื้นที่":1.5,"ตันรวม":19.5,"รหัสแปลง":"321306051558","กลุ่ม":"กลุ่ม_71"},"geometry":{"type":"MultiPolygon","coordinates":[[[[1035819.264399999752641,1612338.031099999323487],[1035819.250799999572337,1612338.260600000619888],[1035819.259410845814273,1612338.262194516370073],[1035819.264399999752641,1612338.031099999323487]]],[[[1035815.595099999569356,1612507.990800000727177],[1035823.201999999582767,1612506.2083],[1035840.188799999654293,1612342.137800000607967],[1035819.259410845814273,1612338.262194516370073],[1035815.595099999569356,1612507.990800000727177]]]]}},
{"type":"Feature","properties":{"รหัสกลุ่มคิว":"71/002","รหัสรับเหมา":"738889","ชื่อ-สกุล รับเหมา":"รถตัดโรงงานเบอร์ 24","นักเกษตร":"7101","ศูนย์":"K2-71","โควตา":"771399","ชาวไร่":"นาง ลัดดา มาลาศรี","ประเภทอ้อย":"ปลายฝน","พื้นที่":1.45,"ตันรวม":18.85,"รหัสแปลง":"321301011541","กลุ่ม":"กลุ่ม_71"},"geometry":{"type":"MultiPolygon","coordinates":[[[[1029289.104500000365078,1619265.60359999909997],[1029269.382399999536574,1619261.1064],[1029260.145499999634922,1619379.872300000861287],[1029279.9836,1619379.0066],[1029289.104500000365078,1619265.60359999909997]]]]}},
{"type":"Feature","properties":{"รหัสกลุ่มคิว":"71/001","รหัสรับเหมา":"733638","ชื่อ-สกุล รับเหมา":"นาย สิทธิชัย ธรรมสุข","นักเกษตร":"7104","ศูนย์":"K2-71","โควตา":"733279","ชาวไร่":"นาย พงศ์พันธ์ อินทจักร","ประเภทอ้อย":"ปลายฝน","พื้นที่":4.87,"ตันรวม":63.31,"รหัสแปลง":"321305041671","กลุ่ม":"กลุ่ม_71"},"geometry":{"type":"MultiPolygon","coordinates":[[[[1028653.079800000414252,1607466.077600000426173],[1028672.394100000150502,1607520.7027000002563],[1028696.375900000333786,1607514.924900000914931],[1028696.733900000341237,1607523.443199999630451],[1028678.062199999578297,1607536.7335],[1028754.5652,1607516.543400000780821],[1028745.7555,1607490.2675],[1028785.876299999654293,1607477.067399999126792],[1028773.683600000105798,1607432.032600000500679],[1028653.079800000414252,1607466.077600000426173]]]]}},
{"type":"Feature","properties":{"รหัสกลุ่มคิว":"71/002","รหัสรับเหมา":"738889","ชื่อ-สกุล รับเหมา":"รถตัดโรงงานเบอร์ 24","นักเกษตร":"7101","ศูนย์":"K2-71","โควตา":"773336","ชาวไร่":"นาย จิรโรจน์ ดวงใจ","ประเภทอ้อย":"ปลายฝน","พื้นที่":2.42,"ตันรวม":31.46,"รหัสแปลง":"321306091654","กลุ่ม":"กลุ่ม_71"},"geometry":{"type":"MultiPolygon","coordinates":[[[[1035631.880599999800324,1618043.228399999439716],[1035594.008500000461936,1617956.38150000013411],[1035566.943,1617985.752399999648333],[1035598.060200000181794,1618041.994300000369549],[1035542.8942,1618063.7994],[1035547.2379,1618074.057600000873208],[1035562.549800000153482,1618065.975700000301003],[1035571.956600000150502,1618074.948000000789762],[1035631.880599999800324,1618043.228399999439716]]]]}},
{"type":"Feature","properties":{"รหัสกลุ่มคิว":"71/001","รหัสรับเหมา":"733638","ชื่อ-สกุล รับเหมา":"นาย สิทธิชัย ธรรมสุข","นักเกษตร":"7104","ศูนย์":"K2-71","โควตา":"733638","ชาวไร่":"นาย สิทธิชัย ธรรมสุข","ประเภทอ้อย":"ตอ2","พื้นที่":6.81,"ตันรวม":54.48,"รหัสแปลง":"321017011661","กลุ่ม":"กลุ่ม_71"},"geometry":{"type":"MultiPolygon","coordinates":[[[[1020863.4172,1604972.807600000873208],[1020918.30379999987781,1604960.091499999165535],[1020888.3509,1604807.7654],[1020809.835900000296533,1604804.073799999430776],[1020863.4172,1604972.807600000873208]]]]}},
{"type":"Feature","properties":{"รหัสกลุ่มคิว":"71/001","รหัสรับเหมา":"733638","ชื่อ-สกุล รับเหมา":"นาย สิทธิชัย ธรรมสุข","นักเกษตร":"7104","ศูนย์":"K2-71","โควตา":"733638","ชาวไร่":"นาย สิทธิชัย ธรรมสุข","ประเภทอ้อย":"ปลายฝน","พื้นที่":2.12,"ตันรวม":27.56,"รหัสแปลง":"321017011662","กลุ่ม":"กลุ่ม_71"},"geometry":{"type":"MultiPolygon","coordinates":[[[[1020658.210799999535084,1605104.447000000625849],[1020657.768500000238419,1605108.322499999776483],[1020701.296299999579787,1605104.246099999174476],[1020701.5428,1605101.1064],[1020741.635599999688566,1605097.512499999254942],[1020743.058199999853969,1605106.97719999961555],[1020905.568400000222027,1605093.757500000298023],[1020904.800200000405312,1605087.451500000432134],[1020613.381299999542534,1605093.3267],[1020614.1398,1605108.112700000405312],[1020658.210799999535084,1605104.447000000625849]]]]}},
{"type":"Feature","properties":{"รหัสกลุ่มคิว":"71/002","รหัสรับเหมา":"738889","ชื่อ-สกุล รับเหมา":"รถตัดโรงงานเบอร์ 24","นักเกษตร":"7101","ศูนย์":"K2-71","โควตา":"774163","ชาวไร่":"นาง อัจฉราวดี เทียนทอง","ประเภทอ้อย":"ปลายฝน","พื้นที่":2.45,"ตันรวม":31.85,"รหัสแปลง":"321306071598","กลุ่ม":"กลุ่ม_71"},"geometry":{"type":"MultiPolygon","coordinates":[[[[1037225.886699999682605,1617243.245899999514222],[1037244.835,1617332.896800000220537],[1037271.809500000439584,1617317.077299999073148],[1037272.6974,1617302.9748],[1037273.751299999654293,1617298.948899999260902],[1037273.767400000244379,1617293.041799999773502],[1037270.0131,1617294.970000000670552],[1037266.307099999859929,1617298.093900000676513],[1037260.261900000274181,1617298.925000000745058],[1037255.0148,1617295.016200000420213],[1037253.737200000323355,1617283.558399999514222],[1037264.785000000149012,1617281.176200000569224],[1037278.770399999804795,1617292.503200000151992],[1037281.071399999782443,1617296.392799999564886],[1037289.357300000265241,1617294.6151],[1037272.169599999673665,1617226.297800000756979],[1037237.1787,1617234.020099999383092],[1037236.860999999567866,1617234.207399999722838],[1037235.654,1617235.5998],[1037225.886699999682605,1617243.245899999514222]]]]}},
{"type":"Feature","properties":{"รหัสกลุ่มคิว":"71/001","รหัสรับเหมา":"733638","ชื่อ-สกุล รับเหมา":"นาย สิทธิชัย ธรรมสุข","นักเกษตร":"7104","ศูนย์":"K2-71","โควตา":"733661","ชาวไร่":"นาง สอน พิศโฉม","ประเภทอ้อย":"ตอ4","พื้นที่":7.46,"ตันรวม":52.22,"รหัสแปลง":"321011031555","กลุ่ม":"กลุ่ม_71"},"geometry":{"type":"MultiPolygon","coordinates":[[[[1019748.0334,1606194.275800000876188],[1019685.793399999849498,1606188.339299999177456],[1019652.946399999782443,1606387.066199999302626],[1019672.8629,1606391.370699999853969],[1019666.453700000420213,1606413.249399999156594],[1019684.548999999649823,1606418.440500000491738],[1019692.8827,1606373.663599999621511],[1019708.178100000135601,1606383.420499999076128],[1019748.0334,1606194.275800000876188]]]]}},
{"type":"Feature","properties":{"รหัสกลุ่มคิว":"71/002","รหัสรับเหมา":"738889","ชื่อ-สกุล รับเหมา":"รถตัดโรงงานเบอร์ 24","นักเกษตร":"7101","ศูนย์":"K2-71","โควตา":"774219","ชาวไร่":"นาย วิทวัฒน์ นกกูล","ประเภทอ้อย":"ปลายฝน","พื้นที่":8.76,"ตันรวม":113.88,"รหัสแปลง":"321306091655","กลุ่ม":"กลุ่ม_71"},"geometry":{"type":"MultiPolygon","coordinates":[[[[1035787.030600000172853,1616972.957100000232458],[1035919.1277,1616906.044299999251962],[1035927.97690000012517,1616896.700200000777841],[1035908.7752,1616854.421],[1035893.306599999777973,1616835.390100000426173],[1035753.7994,1616885.094000000506639],[1035759.3893,1616907.995300000533462],[1035753.8772,1616910.706900000572205],[1035767.489500000141561,1616972.4342],[1035787.030600000172853,1616972.957100000232458]]]]}},
{"type":"Feature","properties":{"รหัสกลุ่มคิว":"71/002","รหัสรับเหมา":"738889","ชื่อ-สกุล รับเหมา":"รถตัดโรงงานเบอร์ 24","นักเกษตร":"7101","ศูนย์":"K2-71","โควตา":"774219","ชาวไร่":"นาย วิทวัฒน์ นกกูล","ประเภทอ้อย":"ปลายฝน","พื้นที่":7.71,"ตันรวม":100.23,"รหัสแปลง":"321306091656","กลุ่ม":"กลุ่ม_71"},"geometry":{"type":"MultiPolygon","coordinates":[[[[1035785.584300000220537,1616599.747400000691414],[1035821.810700000263751,1616709.042899999767542],[1035911.456299999728799,1616681.458100000396371],[1035909.150500000454485,1616659.090399999171495],[1035905.11629999987781,1616641.537499999627471],[1035899.016699999570847,1616608.42339999973774],[1035884.5795,1616557.75],[1035785.584300000220537,1616599.747400000691414]]]]}}
]
}
