{
"type": "FeatureCollection",
"name": "กลุ่ม_02",
"crs": { "type": "name", "properties": { "name": "urn:ogc:def:crs:EPSG::32647" } },
"xy_coordinate_resolution": 1e-15,
"features": [
{"type":"Feature","properties":{"รหัสกลุ่มคิว":"02/001","รหัสรับเหมา":"738889","ชื่อ-สกุล รับเหมา":"รถตัดโรงงานเบอร์ 15","นักเกษตร":"0010","ศูนย์":"K2-02","โควตา":"720000","ชาวไร่":"นางสาว ดาหวัน แก้วแสนเมือง","ประเภทอ้อย":"ปลายฝน","พื้นที่":5.34,"ตันรวม":69.42,"รหัสแปลง":"320504130065","กลุ่ม":"กลุ่ม_02"},"geometry":{"type":"MultiPolygon","coordinates":[[[[968503.958100000396371,1616321.863900000229478],[968506.097199999727309,1616255.450799999758601],[968497.266499999910593,1616238.479499999433756],[968408.309000000357628,1616233.692099999636412],[968397.807000000029802,1616317.660399999469519],[968450.661100000143051,1616322.246400000527501],[968451.938400000333786,1616319.627499999478459],[968503.958100000396371,1616321.863900000229478]]]]}},
{"type":"Feature","properties":{"รหัสกลุ่มคิว":"02/001","รหัสรับเหมา":"738889","ชื่อ-สกุล รับเหมา":"รถตัดโรงงานเบอร์ 15","นักเกษตร":"0010","ศูนย์":"K2-02","โควตา":"773000","ชาวไร่":"นาย ฐิติโชติ มิ่งแก้ว","ประเภทอ้อย":"ตอ1","พื้นที่":4.09,"ตันรวม":36.81,"รหัสแปลง":"320504130066","กลุ่ม":"กลุ่ม_02"},"geometry":{"type":"MultiPolygon","coordinates":[[[[969410.9841,1617183.584799999371171],[969553.913099999539554,1617223.600299999117851],[969570.127899999730289,1617179.6754],[969423.461400000378489,1617144.639499999582767],[969410.9841,1617183.584799999371171]]]]}},
{"type":"Feature","properties":{"รหัสกลุ่มคิว":"02/001","รหัสรับเหมา":"738889","ชื่อ-สกุล รับเหมา":"รถตัดโรงงานเบอร์ 15","นักเกษตร":"0010","ศูนย์":"K2-02","โควตา":"773000","ชาวไร่":"นาย ฐิติโชติ มิ่งแก้ว","ประเภทอ้อย":"ปลายฝน","พื้นที่":6.2,"ตันรวม":80.6,"รหัสแปลง":"320504131505","กลุ่ม":"กลุ่ม_02"},"geometry":{"type":"MultiPolygon","coordinates":[[[[968845.486700000241399,1616996.291799999773502],[968863.36739999987185,1617002.734899999573827],[968867.723299999721348,1616982.112999999895692],[968869.245099999941885,1616968.46169999986887],[968870.622200000099838,1616952.959100000560284],[968871.222299999557436,1616949.8278],[968875.89919999986887,1616931.245500000193715],[968879.361200000159442,1616929.093399999663234],[968888.247299999929965,1616925.7511],[968891.953499999828637,1616910.8476],[968894.703300000168383,1616898.8838],[968876.738599999807775,1616878.019099999219179],[968878.902999999932945,1616859.018999999389052],[968871.993599999696016,1616853.1557],[968875.350999999791384,1616828.262599999085069],[968869.818799999542534,1616806.89670000039041],[968859.184600000269711,1616769.903999999165535],[968851.277800000272691,1616806.726500000804663],[968847.5296,1616814.419199999421835],[968838.324000000022352,1616853.250399999320507],[968839.3295,1616857.151900000870228],[968829.814000000245869,1616883.96059999987483],[968825.719499999657273,1616900.33559999987483],[968807.834599999710917,1616969.319199999794364],[968801.42879999987781,1616984.17090000025928],[968826.466000000014901,1616992.969499999657273],[968845.828999999910593,1616997.222699999809265],[968845.486700000241399,1616996.291799999773502]]]]}},
{"type":"Feature","properties":{"รหัสกลุ่มคิว":"02/001","รหัสรับเหมา":"738889","ชื่อ-สกุล รับเหมา":"รถตัดโรงงานเบอร์ 15","นักเกษตร":"0010","ศูนย์":"K2-02","โควตา":"773000","ชาวไร่":"นาย ฐิติโชติ มิ่งแก้ว","ประเภทอ้อย":"ปลายฝน","พื้นที่":14.27,"ตันรวม":185.51,"รหัสแปลง":"321301111535","กลุ่ม":"กลุ่ม_02"},"geometry":{"type":"MultiPolygon","coordinates":[[[[1029543.386800000444055,1610146.979599999263883],[1029508.3558,1610339.237600000575185],[1029679.908099999651313,1610266.223200000822544],[1029648.384100000374019,1610167.993699999526143],[1029629.451399999670684,1610132.88880000077188],[1029547.65610000025481,1610119.618000000715256],[1029543.386800000444055,1610146.979599999263883]]]]}},
{"type":"Feature","properties":{"รหัสกลุ่มคิว":"02/001","รหัสรับเหมา":"738889","ชื่อ-สกุล รับเหมา":"รถตัดโรงงานเบอร์ 15","นักเกษตร":"0010","ศูนย์":"K2-02","โควตา":"773000","ชาวไร่":"นาย ฐิติโชติ มิ่งแก้ว","ประเภทอ้อย":"ปลายฝน","พื้นที่":11.96,"ตันรวม":155.48,"รหัสแปลง":"321301111564","กลุ่ม":"กลุ่ม_02"},"geometry":{"type":"MultiPolygon","coordinates":[[[[1028995.456399999558926,1610988.900800000876188],[1029284.523699999786913,1610969.273600000888109],[1029275.09360000025481,1610893.204900000244379],[1028979.681599999777973,1610936.790400000289083],[1028995.456399999558926,1610988.900800000876188]]]]}},
{"type":"Feature","properties":{"รหัสกลุ่มคิว":"02/001","รหัสรับเหมา":"738889","ชื่อ-สกุล รับเหมา":"รถตัดโรงงานเบอร์ 15","นักเกษตร":"0010","ศูนย์":"K2-02","โควตา":"773000","ชาวไร่":"นาย ฐิติโชติ มิ่งแก้ว","ประเภทอ้อย":"ปลายฝน","พื้นที่":23.12,"ตันรวม":300.56,"รหัสแปลง":"321301110125","กลุ่ม":"กลุ่ม_02"},"geometry":{"type":"MultiPolygon","coordinates":[[[[1029204.429399999789894,1611173.193900000303984],[1029235.409599999897182,1611252.151599999517202],[1029263.135099999606609,1611330.303099999204278],[1029314.4282,1611330.700899999588728],[1029448.185600000433624,1611342.64130000025034],[1029442.5515,1611249.069700000807643],[1029437.354000000283122,1611145.001700000837445],[1029346.439899999648333,1611155.239499999210238],[1029204.429399999789894,1611173.193900000303984]]]]}},
{"type":"Feature","properties":{"รหัสกลุ่มคิว":"02/001","รหัสรับเหมา":"738889","ชื่อ-สกุล รับเหมา":"รถตัดโรงงานเบอร์ 15","นักเกษตร":"0010","ศูนย์":"K2-02","โควตา":"773000","ชาวไร่":"นาย ฐิติโชติ มิ่งแก้ว","ประเภทอ้อย":"ปลายฝน","พื้นที่":37.7,"ตันรวม":490.1,"รหัสแปลง":"321301110126","กลุ่ม":"กลุ่ม_02"},"geometry":{"type":"MultiPolygon","coordinates":[[[[1029592.638000000268221,1611453.668600000441074],[1029747.099299999885261,1611158.515000000596046],[1029441.877500000409782,1611179.905099999159575],[1029450.276800000108778,1611425.409199999645352],[1029494.460099999792874,1611430.678300000727177],[1029512.5389,1611433.82660000026226],[1029530.702100000344217,1611435.157700000330806],[1029534.966099999845028,1611436.245200000703335],[1029592.638000000268221,1611453.668600000441074]]]]}},
{"type":"Feature","properties":{"รหัสกลุ่มคิว":"02/001","รหัสรับเหมา":"738889","ชื่อ-สกุล รับเหมา":"รถตัดโรงงานเบอร์ 15","นักเกษตร":"0010","ศูนย์":"K2-02","โควตา":"773000","ชาวไร่":"นาย ฐิติโชติ มิ่งแก้ว","ประเภทอ้อย":"ปลายฝน","พื้นที่":37.26,"ตันรวม":484.38,"รหัสแปลง":"321301110127","กลุ่ม":"กลุ่ม_02"},"geometry":{"type":"MultiPolygon","coordinates":[[[[1029868.357900000177324,1611124.239499999210238],[1029768.7483,1611130.1787],[1029600.585199999623001,1611452.927999999374151],[1029735.874800000339746,1611505.647099999710917],[1029783.247600000351667,1611497.935599999502301],[1029864.283200000412762,1611288.4737],[1029868.357900000177324,1611124.239499999210238]]]]}},
{"type":"Feature","properties":{"รหัสกลุ่มคิว":"02/001","รหัสรับเหมา":"738889","ชื่อ-สกุล รับเหมา":"รถตัดโรงงานเบอร์ 15","นักเกษตร":"0010","ศูนย์":"K2-02","โควตา":"773000","ชาวไร่":"นาย ฐิติโชติ มิ่งแก้ว","ประเภทอ้อย":"ปลายฝน","พื้นที่":29.1,"ตันรวม":378.3,"รหัสแปลง":"321301110128","กลุ่ม":"กลุ่ม_02"},"geometry":{"type":"MultiPolygon","coordinates":[[[[1029433.153900000266731,1610966.186300000175834],[1029440.8657,1611138.876599999144673],[1029553.793100000359118,1611119.676400000229478],[1029565.63150000013411,1611116.659900000318885],[1029627.425599999725819,1611111.655799999833107],[1029639.3492,1611094.597300000488758],[1029655.228500000201166,1611081.557199999690056],[1029701.051599999889731,1611052.39640000090003],[1029755.233199999667704,1611024.088500000536442],[1029764.3947,1611015.32289999909699],[1029767.973500000312924,1611009.431099999696016],[1029768.107200000435114,1611003.579299999400973],[1029765.1902,1610991.151000000536442],[1029757.925499999895692,1610978.83559999987483],[1029744.227699999697506,1610940.961400000378489],[1029433.153900000266731,1610966.186300000175834]]]]}},
{"type":"Feature","properties":{"รหัสกลุ่มคิว":"02/001","รหัสรับเหมา":"738889","ชื่อ-สกุล รับเหมา":"รถตัดโรงงานเบอร์ 15","นักเกษตร":"0010","ศูนย์":"K2-02","โควตา":"773000","ชาวไร่":"นาย ฐิติโชติ มิ่งแก้ว","ประเภทอ้อย":"ปลายฝน","พื้นที่":23.1,"ตันรวม":300.3,"รหัสแปลง":"321301110129","กลุ่ม":"กลุ่ม_02"},"geometry":{"type":"MultiPolygon","coordinates":[[[[1029218.083999999798834,1610976.14670000039041],[1029242.7555,1611161.45240000076592],[1029326.7659,1611150.824400000274181],[1029438.932,1611138.204],[1029431.656999999657273,1611040.5077],[1029429.2928,1610963.520099999383092],[1029304.0768,1610968.935100000351667],[1029218.083999999798834,1610976.14670000039041]]]]}},
{"type":"Feature","properties":{"รหัสกลุ่มคิว":"02/001","รหัสรับเหมา":"738889","ชื่อ-สกุล รับเหมา":"รถตัดโรงงานเบอร์ 15","นักเกษตร":"0010","ศูนย์":"K2-02","โควตา":"773000","ชาวไร่":"นาย ฐิติโชติ มิ่งแก้ว","ประเภทอ้อย":"ตอ1","พื้นที่":41.11,"ตันรวม":369.99,"รหัสแปลง":"321301110134","กลุ่ม":"กลุ่ม_02"},"geometry":{"type":"MultiPolygon","coordinates":[[[[1029290.919700000435114,1610967.326999999582767],[1029492.55460000038147,1610948.07179999910295],[1029484.481200000271201,1610834.278200000524521],[1029478.106300000101328,1610774.623400000855327],[1029471.893000000156462,1610715.879300000146031],[1029465.180700000375509,1610657.571000000461936],[1029456.7231,1610615.066500000655651],[1029403.602099999785423,1610620.678099999204278],[1029351.441700000315905,1610628.832100000232458],[1029318.79590000025928,1610637.88539999909699],[1029325.645899999886751,1610707.496899999678135],[1029323.05420000012964,1610717.992599999532104],[1029316.350499999709427,1610724.543099999427795],[1029264.939000000245869,1610737.500499999150634],[1029246.632000000216067,1610742.410199999809265],[1029226.904,1610753.956000000238419],[1029234.378700000233948,1610776.0154],[1029251.4002,1610810.1996],[1029267.434600000269711,1610852.33669999986887],[1029276.998800000175834,1610877.967599999159575],[1029290.919700000435114,1610967.326999999582767]]]]}},
{"type":"Feature","properties":{"รหัสกลุ่มคิว":"02/001","รหัสรับเหมา":"738889","ชื่อ-สกุล รับเหมา":"รถตัดโรงงานเบอร์ 15","นักเกษตร":"0010","ศูนย์":"K2-02","โควตา":"773000","ชาวไร่":"นาย ฐิติโชติ มิ่งแก้ว","ประเภทอ้อย":"ตอ1","พื้นที่":42.77,"ตันรวม":384.93,"รหัสแปลง":"321301110135","กลุ่ม":"กลุ่ม_02"},"geometry":{"type":"MultiPolygon","coordinates":[[[[1029632.725599999539554,1610604.285199999809265],[1029465.0335,1610615.989800000563264],[1029489.947700000368059,1610863.296299999579787],[1029500.412499999627471,1610862.246899999678135],[1029503.476700000464916,1610879.4847],[1029493.839700000360608,1610882.501299999654293],[1029500.368200000375509,1610954.38120000064373],[1029736.687400000169873,1610933.306700000539422],[1029632.725599999539554,1610604.285199999809265]]]]}},
{"type":"Feature","properties":{"รหัสกลุ่มคิว":"02/001","รหัสรับเหมา":"738889","ชื่อ-สกุล รับเหมา":"รถตัดโรงงานเบอร์ 15","นักเกษตร":"0010","ศูนย์":"K2-02","โควตา":"773000","ชาวไร่":"นาย ฐิติโชติ มิ่งแก้ว","ประเภทอ้อย":"ตอ2","พื้นที่":8.48,"ตันรวม":67.84,"รหัสแปลง":"321301110136","กลุ่ม":"กลุ่ม_02"},"geometry":{"type":"MultiPolygon","coordinates":[[[[1029826.394899999722838,1610584.697100000455976],[1029645.956000000238419,1610616.247500000521541],[1029664.315899999812245,1610685.0746],[1029842.323699999600649,1610662.004499999806285],[1029826.394899999722838,1610584.697100000455976]]]]}},
{"type":"Feature","properties":{"รหัสกลุ่มคิว":"02/001","รหัสรับเหมา":"738889","ชื่อ-สกุล รับเหมา":"รถตัดโรงงานเบอร์ 15","นักเกษตร":"0010","ศูนย์":"K2-02","โควตา":"773000","ชาวไร่":"นาย ฐิติโชติ มิ่งแก้ว","ประเภทอ้อย":"ตอ5","พื้นที่":34.15,"ตันรวม":239.05,"รหัสแปลง":"321301110153","กลุ่ม":"กลุ่ม_02"},"geometry":{"type":"MultiPolygon","coordinates":[[[[1029680.972199999727309,1610276.160299999639392],[1029512.808000000193715,1610346.325999999418855],[1029464.607200000435114,1610610.109400000423193],[1029679.144399999640882,1610594.6403],[1029680.972199999727309,1610276.160299999639392]]]]}},
{"type":"Feature","properties":{"รหัสกลุ่มคิว":"02/001","รหัสรับเหมา":"738889","ชื่อ-สกุล รับเหมา":"รถตัดโรงงานเบอร์ 15","นักเกษตร":"0010","ศูนย์":"K2-02","โควตา":"773000","ชาวไร่":"นาย ฐิติโชติ มิ่งแก้ว","ประเภทอ้อย":"ตอ2","พื้นที่":24.74,"ตันรวม":197.92,"รหัสแปลง":"321301110157","กลุ่ม":"กลุ่ม_02"},"geometry":{"type":"MultiPolygon","coordinates":[[[[1029737.099000000394881,1610088.921900000423193],[1029704.466099999845028,1609965.794399999082088],[1029682.46169999986887,1609964.526900000870228],[1029684.424100000411272,1609859.759400000795722],[1029515.318,1609906.155899999663234],[1029549.598899999633431,1610096.457900000736117],[1029573.153099999763072,1610103.897700000554323],[1029644.193900000303984,1610120.963400000706315],[1029686.262699999846518,1610105.485200000926852],[1029737.099000000394881,1610088.921900000423193]]]]}},
{"type":"Feature","properties":{"รหัสกลุ่มคิว":"02/001","รหัสรับเหมา":"738889","ชื่อ-สกุล รับเหมา":"รถตัดโรงงานเบอร์ 15","นักเกษตร":"0010","ศูนย์":"K2-02","โควตา":"773000","ชาวไร่":"นาย ฐิติโชติ มิ่งแก้ว","ประเภทอ้อย":"ตอ1","พื้นที่":23.63,"ตันรวม":212.67,"รหัสแปลง":"321301110158","กลุ่ม":"กลุ่ม_02"},"geometry":{"type":"MultiPolygon","coordinates":[[[[1029275.488300000317395,1609978.90819999948144],[1029307.194299999624491,1610080.98340000025928],[1029331.085699999704957,1610072.699799999594688],[1029355.359000000171363,1610124.188500000163913],[1029450.4145,1610103.823799999430776],[1029539.107800000347197,1610099.414899999275804],[1029510.7177,1609911.128000000491738],[1029275.488300000317395,1609978.90819999948144]]]]}},
{"type":"Feature","properties":{"รหัสกลุ่มคิว":"02/001","รหัสรับเหมา":"738889","ชื่อ-สกุล รับเหมา":"รถตัดโรงงานเบอร์ 15","นักเกษตร":"0010","ศูนย์":"K2-02","โควตา":"773000","ชาวไร่":"นาย ฐิติโชติ มิ่งแก้ว","ประเภทอ้อย":"ตอ3","พื้นที่":13.77,"ตันรวม":96.39,"รหัสแปลง":"321301110170","กลุ่ม":"กลุ่ม_02"},"geometry":{"type":"MultiPolygon","coordinates":[[[[1029013.239500000141561,1609786.137700000777841],[1029038.869599999859929,1609859.72550000064075],[1029033.541400000452995,1609878.192299999296665],[1029073.425900000147521,1609986.11849999986589],[1029090.722,1609941.409399999305606],[1029117.617700000293553,1609896.2741],[1029133.240399999544024,1609868.263399999588728],[1029144.686099999584258,1609854.496799999848008],[1029170.9879,1609834.033900000154972],[1029193.979799999855459,1609825.856499999761581],[1029218.224899999797344,1609818.4178],[1029208.097199999727309,1609752.355599999427795],[1029013.239500000141561,1609786.137700000777841]]]]}},
{"type":"Feature","properties":{"รหัสกลุ่มคิว":"02/001","รหัสรับเหมา":"738889","ชื่อ-สกุล รับเหมา":"รถตัดโรงงานเบอร์ 15","นักเกษตร":"0010","ศูนย์":"K2-02","โควตา":"773000","ชาวไร่":"นาย ฐิติโชติ มิ่งแก้ว","ประเภทอ้อย":"ตอ1","พื้นที่":11.82,"ตันรวม":106.38,"รหัสแปลง":"321301110195","กลุ่ม":"กลุ่ม_02"},"geometry":{"type":"MultiPolygon","coordinates":[[[[1029143.221800000406802,1611424.66579999960959],[1029101.066599999554455,1611175.557900000363588],[1029025.5619,1611173.262299999594688],[1029049.655399999581277,1611309.1798],[1029066.753200000151992,1611428.247400000691414],[1029143.221800000406802,1611424.66579999960959]]]]}},
{"type":"Feature","properties":{"รหัสกลุ่มคิว":"02/001","รหัสรับเหมา":"738889","ชื่อ-สกุล รับเหมา":"รถตัดโรงงานเบอร์ 15","นักเกษตร":"0010","ศูนย์":"K2-02","โควตา":"773000","ชาวไร่":"นาย ฐิติโชติ มิ่งแก้ว","ประเภทอ้อย":"ต้นฝน","พื้นที่":19.86,"ตันรวม":218.46,"รหัสแปลง":"321301110197","กลุ่ม":"กลุ่ม_02"},"geometry":{"type":"MultiPolygon","coordinates":[[[[1029314.134499999694526,1610638.831800000742078],[1029250.031000000424683,1610652.283800000324845],[1028945.686599999666214,1610711.528899999335408],[1028967.645700000226498,1610794.305400000885129],[1029150.3514,1610761.278300000354648],[1029212.475499999709427,1610746.276200000196695],[1029270.11089999973774,1610735.578700000420213],[1029315.975499999709427,1610727.224099999293685],[1029321.129700000397861,1610721.91499999910593],[1029314.134499999694526,1610638.831800000742078]]]]}},
{"type":"Feature","properties":{"รหัสกลุ่มคิว":"02/001","รหัสรับเหมา":"738889","ชื่อ-สกุล รับเหมา":"รถตัดโรงงานเบอร์ 15","นักเกษตร":"0010","ศูนย์":"K2-02","โควตา":"773000","ชาวไร่":"นาย ฐิติโชติ มิ่งแก้ว","ประเภทอ้อย":"ตอ1","พื้นที่":21.33,"ตันรวม":191.97,"รหัสแปลง":"321301110198","กลุ่ม":"กลุ่ม_02"},"geometry":{"type":"MultiPolygon","coordinates":[[[[1030112.545599999837577,1610966.689999999478459],[1030007.553999999538064,1610972.817700000479817],[1029907.297799999825656,1610980.351700000464916],[1029904.050099999643862,1610983.794399999082088],[1029925.4046,1611055.97859999909997],[1029933.609299999661744,1611093.749900000169873],[1029920.119400000199676,1611102.039599999785423],[1029923.539599999785423,1611125.981699999421835],[1030025.828499999828637,1611132.242499999701977],[1030153.738400000147521,1611140.262599999085069],[1030112.545599999837577,1610966.689999999478459]]]]}},
{"type":"Feature","properties":{"รหัสกลุ่มคิว":"02/001","รหัสรับเหมา":"738889","ชื่อ-สกุล รับเหมา":"รถตัดโรงงานเบอร์ 15","นักเกษตร":"0010","ศูนย์":"K2-02","โควตา":"773000","ชาวไร่":"นาย ฐิติโชติ มิ่งแก้ว","ประเภทอ้อย":"ปลายฝน","พื้นที่":12.25,"ตันรวม":159.25,"รหัสแปลง":"321301110200","กลุ่ม":"กลุ่ม_02"},"geometry":{"type":"MultiPolygon","coordinates":[[[[1028959.961400000378489,1610035.528699999675155],[1029018.552000000141561,1610008.7072],[1028909.85219999961555,1609685.523399999365211],[1028863.67200000025332,1609708.913599999621511],[1028959.961400000378489,1610035.528699999675155]]]]}},
{"type":"Feature","properties":{"รหัสกลุ่มคิว":"02/001","รหัสรับเหมา":"738889","ชื่อ-สกุล รับเหมา":"รถตัดโรงงานเบอร์ 15","นักเกษตร":"0010","ศูนย์":"K2-02","โควตา":"773000","ชาวไร่":"นาย ฐิติโชติ มิ่งแก้ว","ประเภทอ้อย":"ตอ2","พื้นที่":22.31,"ตันรวม":178.48,"รหัสแปลง":"321301110201","กลุ่ม":"กลุ่ม_02"},"geometry":{"type":"MultiPolygon","coordinates":[[[[1029293.053299999795854,1609558.877900000661612],[1029053.691399999894202,1609650.9923],[1029076.995500000193715,1609769.531999999657273],[1029314.5636,1609727.061899999156594],[1029293.053299999795854,1609558.877900000661612]]]]}},
{"type":"Feature","properties":{"รหัสกลุ่มคิว":"02/001","รหัสรับเหมา":"738889","ชื่อ-สกุล รับเหมา":"รถตัดโรงงานเบอร์ 15","นักเกษตร":"0010","ศูนย์":"K2-02","โควตา":"720000","ชาวไร่":"นางสาว ดาหวัน แก้วแสนเมือง","ประเภทอ้อย":"ตอ1","พื้นที่":2.09,"ตันรวม":18.81,"รหัสแปลง":"321301110211","กลุ่ม":"กลุ่ม_02"},"geometry":{"type":"MultiPolygon","coordinates":[[[[1030135.094399999827147,1611145.979900000616908],[1030122.480999999679625,1611244.154200000688434],[1030169.9539,1611250.546499999240041],[1030154.4649,1611147.888499999418855],[1030135.094399999827147,1611145.979900000616908]]]]}},
{"type":"Feature","properties":{"รหัสกลุ่มคิว":"02/001","รหัสรับเหมา":"738889","ชื่อ-สกุล รับเหมา":"รถตัดโรงงานเบอร์ 15","นักเกษตร":"0010","ศูนย์":"K2-02","โควตา":"773000","ชาวไร่":"นาย ฐิติโชติ มิ่งแก้ว","ประเภทอ้อย":"ตอ3","พื้นที่":8.02,"ตันรวม":56.14,"รหัสแปลง":"321301110215","กลุ่ม":"กลุ่ม_02"},"geometry":{"type":"MultiPolygon","coordinates":[[[[1030164.083800000138581,1610290.244599999859929],[1030193.360000000335276,1610405.697100000455976],[1030205.661100000143051,1610469.882099999114871],[1030273.164599999785423,1610459.501499999314547],[1030252.556900000199676,1610361.001499999314547],[1030237.362499999813735,1610277.4638],[1030164.083800000138581,1610290.244599999859929]]]]}},
{"type":"Feature","properties":{"รหัสกลุ่มคิว":"02/001","รหัสรับเหมา":"738889","ชื่อ-สกุล รับเหมา":"รถตัดโรงงานเบอร์ 15","นักเกษตร":"0010","ศูนย์":"K2-02","โควตา":"773000","ชาวไร่":"นาย ฐิติโชติ มิ่งแก้ว","ประเภทอ้อย":"ตอ1","พื้นที่":77.29,"ตันรวม":695.61,"รหัสแปลง":"321301110217","กลุ่ม":"กลุ่ม_02"},"geometry":{"type":"MultiPolygon","coordinates":[[[[1030633.610299999825656,1611294.912399999797344],[1030628.588399999774992,1611202.113700000569224],[1030714.078300000168383,1611217.0976],[1030745.935999999754131,1610949.809800000861287],[1030709.994900000281632,1610948.973500000312924],[1030681.382500000298023,1610950.868200000375509],[1030604.514999999664724,1610954.652599999681115],[1030582.3054,1610955.978499999269843],[1030561.672799999825656,1610958.580600000917912],[1030539.676699999719858,1610961.35329999960959],[1030525.240399999544024,1610963.712300000712276],[1030515.736700000241399,1610965.163499999791384],[1030491.646999999880791,1610970.026599999517202],[1030290.827100000344217,1611016.894200000911951],[1030295.9222,1611220.663200000301003],[1030376.22719999961555,1611221.7676],[1030384.6858,1611283.036299999803305],[1030488.209800000302494,1611282.222799999639392],[1030633.610299999825656,1611294.912399999797344]]]]}},
{"type":"Feature","properties":{"รหัสกลุ่มคิว":"02/001","รหัสรับเหมา":"738889","ชื่อ-สกุล รับเหมา":"รถตัดโรงงานเบอร์ 15","นักเกษตร":"0010","ศูนย์":"K2-02","โควตา":"720000","ชาวไร่":"นางสาว ดาหวัน แก้วแสนเมือง","ประเภทอ้อย":"ตอ2","พื้นที่":11.68,"ตันรวม":93.44,"รหัสแปลง":"321301110233","กลุ่ม":"กลุ่ม_02"},"geometry":{"type":"MultiPolygon","coordinates":[[[[1030148.918800000101328,1611656.47690000012517],[1030163.2231,1611536.185799999162555],[1030006.71059999987483,1611500.036699999123812],[1029987.473199999891222,1611605.7577],[1030148.918800000101328,1611656.47690000012517]]]]}},
{"type":"Feature","properties":{"รหัสกลุ่มคิว":"02/001","รหัสรับเหมา":"738889","ชื่อ-สกุล รับเหมา":"รถตัดโรงงานเบอร์ 15","นักเกษตร":"0010","ศูนย์":"K2-02","โควตา":"773000","ชาวไร่":"นาย ฐิติโชติ มิ่งแก้ว","ประเภทอ้อย":"ตอ1","พื้นที่":30.44,"ตันรวม":273.96,"รหัสแปลง":"321301110234","กลุ่ม":"กลุ่ม_02"},"geometry":{"type":"MultiPolygon","coordinates":[[[[1030142.1743,1610588.4222999997437],[1030042.4835,1610594.376299999654293],[1030063.75800000037998,1610725.865199999883771],[1030082.730999999679625,1610836.665300000458956],[1030175.048100000247359,1610828.9989],[1030279.6464,1610820.166600000113249],[1030278.6996,1610731.966900000348687],[1030276.8564,1610667.401599999517202],[1030243.2922,1610664.036499999463558],[1030230.695600000210106,1610588.192800000309944],[1030142.1743,1610588.4222999997437]]]]}},
{"type":"Feature","properties":{"รหัสกลุ่มคิว":"02/001","รหัสรับเหมา":"738889","ชื่อ-สกุล รับเหมา":"รถตัดโรงงานเบอร์ 15","นักเกษตร":"0010","ศูนย์":"K2-02","โควตา":"720000","ชาวไร่":"นางสาว ดาหวัน แก้วแสนเมือง","ประเภทอ้อย":"ตอ6","พื้นที่":5.74,"ตันรวม":40.18,"รหัสแปลง":"321301110235","กลุ่ม":"กลุ่ม_02"},"geometry":{"type":"MultiPolygon","coordinates":[[[[1029983.54009999986738,1611603.003100000321865],[1029988.013299999758601,1611585.779699999839067],[1030015.176699999719858,1611412.88399999961257],[1029967.496000000275671,1611403.964199999347329],[1029938.427799999713898,1611585.871600000187755],[1029983.54009999986738,1611603.003100000321865]]]]}},
{"type":"Feature","properties":{"รหัสกลุ่มคิว":"02/001","รหัสรับเหมา":"738889","ชื่อ-สกุล รับเหมา":"รถตัดโรงงานเบอร์ 15","นักเกษตร":"0010","ศูนย์":"K2-02","โควตา":"773000","ชาวไร่":"นาย ฐิติโชติ มิ่งแก้ว","ประเภทอ้อย":"ตอ3","พื้นที่":22.97,"ตันรวม":160.79,"รหัสแปลง":"321301111018","กลุ่ม":"กลุ่ม_02"},"geometry":{"type":"MultiPolygon","coordinates":[[[[1029318.312599999830127,1610614.0131],[1029327.646099999547005,1610609.096400000154972],[1029330.552899999544024,1610607.125900000333786],[1029335.339100000448525,1610605.856499999761581],[1029337.898900000378489,1610605.688300000503659],[1029341.449900000356138,1610604.9506],[1029344.622600000351667,1610604.102299999445677],[1029347.9199,1610604.205900000408292],[1029349.751799999736249,1610605.008300000801682],[1029352.258399999700487,1610606.048599999397993],[1029354.3317,1610606.586300000548363],[1029356.103400000371039,1610607.233899999409914],[1029357.6661,1610608.332900000736117],[1029359.26549999974668,1610609.404799999669194],[1029360.315399999730289,1610610.320699999108911],[1029360.3876,1610611.601600000634789],[1029361.540500000119209,1610614.887800000607967],[1029459.361399999819696,1610602.831800000742078],[1029508.002600000239909,1610351.85190000012517],[1029292.189299999736249,1610446.352800000458956],[1029318.312599999830127,1610614.0131]]]]}},
{"type":"Feature","properties":{"รหัสกลุ่มคิว":"02/001","รหัสรับเหมา":"738889","ชื่อ-สกุล รับเหมา":"รถตัดโรงงานเบอร์ 15","นักเกษตร":"0010","ศูนย์":"K2-02","โควตา":"773000","ชาวไร่":"นาย ฐิติโชติ มิ่งแก้ว","ประเภทอ้อย":"ตอ2","พื้นที่":15.83,"ตันรวม":126.64,"รหัสแปลง":"321301111019","กลุ่ม":"กลุ่ม_02"},"geometry":{"type":"MultiPolygon","coordinates":[[[[1029310.054399999789894,1610628.671700000762939],[1029288.589700000360608,1610452.552799999713898],[1029195.3114,1610335.6842],[1029082.085699999704957,1610366.82880000025034],[1029310.054399999789894,1610628.671700000762939]]]]}},
{"type":"Feature","properties":{"รหัสกลุ่มคิว":"02/001","รหัสรับเหมา":"738889","ชื่อ-สกุล รับเหมา":"รถตัดโรงงานเบอร์ 15","นักเกษตร":"0010","ศูนย์":"K2-02","โควตา":"773000","ชาวไร่":"นาย ฐิติโชติ มิ่งแก้ว","ประเภทอ้อย":"ตอ2","พื้นที่":16.02,"ตันรวม":128.16,"รหัสแปลง":"321301111022","กลุ่ม":"กลุ่ม_02"},"geometry":{"type":"MultiPolygon","coordinates":[[[[1029288.1288,1610437.491100000217557],[1029306.303000000305474,1610278.697799999266863],[1029306.217899999581277,1610267.065199999138713],[1029248.349299999885261,1610178.174699999392033],[1029099.4611,1610202.685699999332428],[1029288.1288,1610437.491100000217557]]]]}},
{"type":"Feature","properties":{"รหัสกลุ่มคิว":"02/001","รหัสรับเหมา":"738889","ชื่อ-สกุล รับเหมา":"รถตัดโรงงานเบอร์ 15","นักเกษตร":"0010","ศูนย์":"K2-02","โควตา":"773000","ชาวไร่":"นาย ฐิติโชติ มิ่งแก้ว","ประเภทอ้อย":"ตอ1","พื้นที่":24.0,"ตันรวม":216.0,"รหัสแปลง":"321301111023","กลุ่ม":"กลุ่ม_02"},"geometry":{"type":"MultiPolygon","coordinates":[[[[1028999.850700000301003,1610996.383300000801682],[1029022.168200000189245,1611166.7369],[1029145.799700000323355,1611169.97829999960959],[1029235.697700000368059,1611171.721400000154972],[1029209.25040000025183,1610980.527300000190735],[1028999.850700000301003,1610996.383300000801682]]]]}},
{"type":"Feature","properties":{"รหัสกลุ่มคิว":"02/001","รหัสรับเหมา":"738889","ชื่อ-สกุล รับเหมา":"รถตัดโรงงานเบอร์ 15","นักเกษตร":"0010","ศูนย์":"K2-02","โควตา":"720000","ชาวไร่":"นางสาว ดาหวัน แก้วแสนเมือง","ประเภทอ้อย":"ตอ1","พื้นที่":41.04,"ตันรวม":369.36,"รหัสแปลง":"321301111032","กลุ่ม":"กลุ่ม_02"},"geometry":{"type":"MultiPolygon","coordinates":[[[[1030176.229799999855459,1611667.647700000554323],[1030205.69510000012815,1611674.908299999311566],[1030236.2297,1611680.498700000345707],[1030352.265700000338256,1611689.5252],[1030356.31940000038594,1611659.190500000491738],[1030357.24349999986589,1611641.573200000450015],[1030360.001199999824166,1611624.67],[1030366.1064,1611608.057700000703335],[1030381.292899999767542,1611578.061000000685453],[1030405.7072,1611534.603900000452995],[1030395.375900000333786,1611450.08390000090003],[1030385.35329999960959,1611388.632500000298023],[1030341.5537,1611378.578099999576807],[1030248.6711,1611374.387599999085069],[1030181.5258,1611373.39049999974668],[1030176.640800000168383,1611426.727299999445677],[1030174.006299999542534,1611457.6787],[1030154.198900000192225,1611659.886700000613928],[1030176.229799999855459,1611667.647700000554323]]]]}},
{"type":"Feature","properties":{"รหัสกลุ่มคิว":"02/001","รหัสรับเหมา":"738889","ชื่อ-สกุล รับเหมา":"รถตัดโรงงานเบอร์ 15","นักเกษตร":"0010","ศูนย์":"K2-02","โควตา":"910208","ชาวไร่":"นาย วิเชียร ธงชัย","ประเภทอ้อย":"ตอ2","พื้นที่":10.92,"ตันรวม":87.36,"รหัสแปลง":"330411010006","กลุ่ม":"กลุ่ม_02"},"geometry":{"type":"MultiPolygon","coordinates":[[[[1111715.448900000192225,1637895.468699999153614],[1111674.46999999973923,1637808.30599999986589],[1111624.286500000394881,1637810.225099999457598],[1111625.371299999766052,1637814.008600000292063],[1111574.650600000284612,1637827.687599999830127],[1111569.358900000341237,1637840.123099999502301],[1111515.21239999961108,1637850.947599999606609],[1111539.379099999554455,1637947.082100000232458],[1111715.448900000192225,1637895.468699999153614]]]]}},
{"type":"Feature","properties":{"รหัสกลุ่มคิว":"02/001","รหัสรับเหมา":"738889","ชื่อ-สกุล รับเหมา":"รถตัดโรงงานเบอร์ 15","นักเกษตร":"0010","ศูนย์":"K2-02","โควตา":"910581","ชาวไร่":"นาย สุวิชัย คำตัน","ประเภทอ้อย":"ตอ1","พื้นที่":26.29,"ตันรวม":236.61,"รหัสแปลง":"330411010007","กลุ่ม":"กลุ่ม_02"},"geometry":{"type":"MultiPolygon","coordinates":[[[[1111507.517300000414252,1637806.73200000077486],[1111485.931300000287592,1637662.247600000351667],[1111330.6371,1637679.440300000831485],[1111201.44620000012219,1637705.25929999910295],[1111259.330400000326335,1637861.589999999850988],[1111307.361100000329316,1637844.279100000858307],[1111343.22510000038892,1637837.590500000864267],[1111507.517300000414252,1637806.73200000077486]]]]}},
{"type":"Feature","properties":{"รหัสกลุ่มคิว":"02/001","รหัสรับเหมา":"738889","ชื่อ-สกุล รับเหมา":"รถตัดโรงงานเบอร์ 15","นักเกษตร":"0010","ศูนย์":"K2-02","โควตา":"910208","ชาวไร่":"นาย วิเชียร ธงชัย","ประเภทอ้อย":"ตอ2","พื้นที่":4.2,"ตันรวม":33.6,"รหัสแปลง":"331902103002","กลุ่ม":"กลุ่ม_02"},"geometry":{"type":"MultiPolygon","coordinates":[[[[1111639.404500000178814,1637983.095200000330806],[1111624.872399999760091,1637952.933599999174476],[1111638.701500000432134,1637942.783700000494719],[1111630.1535,1637926.231000000610948],[1111489.777800000272691,1637972.85950000025332],[1111493.344700000248849,1638008.203099999576807],[1111639.404500000178814,1637983.095200000330806]]]]}},
{"type":"Feature","properties":{"รหัสกลุ่มคิว":"02/001","รหัสรับเหมา":"738889","ชื่อ-สกุล รับเหมา":"รถตัดโรงงานเบอร์ 15","นักเกษตร":"0010","ศูนย์":"K2-02","โควตา":"911516","ชาวไร่":"นาย พรณรงค์ ลิ้มวงษ์ทอง","ประเภทอ้อย":"ปลายฝน","พื้นที่":13.02,"ตันรวม":169.26,"รหัสแปลง":"340704013005","กลุ่ม":"กลุ่ม_02"},"geometry":{"type":"MultiPolygon","coordinates":[[[[1142973.686700000427663,1655507.447599999606609],[1143021.807500000111759,1655476.789300000295043],[1143046.4452,1655462.7774],[1143086.252100000157952,1655437.976700000464916],[1143154.472299999557436,1655390.966],[1143134.375,1655365.976199999451637],[1143104.8213,1655332.89299999922514],[1143057.63289999961853,1655347.3564],[1143011.496000000275671,1655365.034199999645352],[1142977.457399999722838,1655380.754200000315905],[1142958.042100000195205,1655390.262399999424815],[1142910.3722,1655421.851500000804663],[1142940.636300000362098,1655460.253699999302626],[1142956.4205,1655482.10700000077486],[1142973.686700000427663,1655507.447599999606609]]]]}},
{"type":"Feature","properties":{"รหัสกลุ่มคิว":"02/001","รหัสรับเหมา":"738889","ชื่อ-สกุล รับเหมา":"รถตัดโรงงานเบอร์ 15","นักเกษตร":"0010","ศูนย์":"K2-02","โควตา":"910581","ชาวไร่":"นาย สุวิชัย คำตัน","ประเภทอ้อย":"ปลายฝน","พื้นที่":2.15,"ตันรวม":27.95,"รหัสแปลง":"340706013006","กลุ่ม":"กลุ่ม_02"},"geometry":{"type":"MultiPolygon","coordinates":[[[[1131551.7006,1648946.370100000873208],[1131552.222500000149012,1648968.445000000298023],[1131533.8525,1648969.6952],[1131538.833800000138581,1649002.60869999974966],[1131583.237800000235438,1648992.333100000396371],[1131608.674100000411272,1648988.606599999591708],[1131610.878499999642372,1648988.476600000634789],[1131609.862599999643862,1648973.0428],[1131608.19539999961853,1648972.784299999475479],[1131611.3147,1648961.176000000908971],[1131614.10840000025928,1648953.409700000658631],[1131616.907599999569356,1648941.135600000619888],[1131603.946700000204146,1648942.5757],[1131551.7006,1648946.370100000873208]]]]}},
{"type":"Feature","properties":{"รหัสกลุ่มคิว":"02/001","รหัสรับเหมา":"738889","ชื่อ-สกุล รับเหมา":"รถตัดโรงงานเบอร์ 15","นักเกษตร":"0010","ศูนย์":"K2-02","โควตา":"910581","ชาวไร่":"นาย สุวิชัย คำตัน","ประเภทอ้อย":"ตอ2","พื้นที่":8.47,"ตันรวม":67.76,"รหัสแปลง":"340706023005","กลุ่ม":"กลุ่ม_02"},"geometry":{"type":"MultiPolygon","coordinates":[[[[1131508.756,1648551.8915],[1131541.253700000233948,1648548.199300000444055],[1131514.138600000180304,1648412.823999999091029],[1131497.1606,1648417.45130000077188],[1131502.136400000192225,1648436.276000000536442],[1131472.26549999974668,1648441.211500000208616],[1131445.631400000303984,1648361.873099999502301],[1131419.50650000013411,1648369.009700000286102],[1131451.087100000120699,1648512.69539999961853],[1131464.19550000037998,1648580.517300000414252],[1131493.8218,1648578.628599999472499],[1131514.526499999687076,1648578.128799999132752],[1131508.756,1648551.8915]]]]}},
{"type":"Feature","properties":{"รหัสกลุ่มคิว":"02/001","รหัสรับเหมา":"738889","ชื่อ-สกุล รับเหมา":"รถตัดโรงงานเบอร์ 15","นักเกษตร":"0010","ศูนย์":"K2-02","โควตา":"960627","ชาวไร่":"นาย กร มาลี","ประเภทอ้อย":"ตอ1","พื้นที่":13.82,"ตันรวม":124.38,"รหัสแปลง":"340717053008","กลุ่ม":"กลุ่ม_02"},"geometry":{"type":"MultiPolygon","coordinates":[[[[1143560.4183,1652843.500199999660254],[1143554.161399999633431,1652767.709000000730157],[1143423.77489999961108,1652762.910299999639392],[1143433.817599999718368,1652830.958499999716878],[1143471.761099999770522,1652827.9792],[1143471.176400000229478,1652823.680700000375509],[1143470.469700000248849,1652816.433000000193715],[1143475.267699999734759,1652812.298800000920892],[1143478.34499999973923,1652811.825400000438094],[1143483.9194,1652812.345799999311566],[1143487.472400000318885,1652814.294700000435114],[1143489.739699999801815,1652817.135800000280142],[1143491.026600000448525,1652822.916200000792742],[1143491.322200000286102,1652825.333699999377131],[1143489.231200000271201,1652829.3553],[1143485.033300000242889,1652831.281400000676513],[1143476.191599999554455,1652831.600099999457598],[1143471.947800000198185,1652828.520500000566244],[1143433.9008,1652831.522299999371171],[1143440.857099999673665,1652878.656999999657273],[1143392.0406,1652884.018799999728799],[1143391.456899999640882,1652986.316600000485778],[1143455.269500000402331,1652979.689400000497699],[1143444.818900000303984,1652932.515100000426173],[1143470.776600000448525,1652919.125499999150634],[1143560.13190000038594,1652867.588199999183416],[1143560.4183,1652843.500199999660254]]]]}},
{"type":"Feature","properties":{"รหัสกลุ่มคิว":"02/001","รหัสรับเหมา":"738889","ชื่อ-สกุล รับเหมา":"รถตัดโรงงานเบอร์ 15","นักเกษตร":"0010","ศูนย์":"K2-02","โควตา":"910208","ชาวไร่":"นาย วิเชียร ธงชัย","ประเภทอ้อย":"ปลายฝน","พื้นที่":29.9,"ตันรวม":388.7,"รหัสแปลง":"330414063008","กลุ่ม":"กลุ่ม_02"},"geometry":{"type":"MultiPolygon","coordinates":[[[[1102706.430700000375509,1632732.968800000846386],[1102628.82120000012219,1632310.5175],[1102505.002999999560416,1632317.375],[1102516.1732,1632523.351600000634789],[1102585.984899999573827,1632520.187599999830127],[1102597.737200000323355,1632617.4364],[1102612.789200000464916,1632744.0976],[1102706.430700000375509,1632732.968800000846386]]]]}},
{"type":"Feature","properties":{"รหัสกลุ่มคิว":"02/001","รหัสรับเหมา":"738889","ชื่อ-สกุล รับเหมา":"รถตัดโรงงานเบอร์ 15","นักเกษตร":"0010","ศูนย์":"K2-02","โควตา":"910816","ชาวไร่":"นาง นวย ศรีสุวรรณ","ประเภทอ้อย":"ตอ1","พื้นที่":13.74,"ตันรวม":123.66,"รหัสแปลง":"330414173007","กลุ่ม":"กลุ่ม_02"},"geometry":{"type":"MultiPolygon","coordinates":[[[[1101816.2528,1631649.933800000697374],[1101742.9956,1631586.810399999842048],[1101683.423999999649823,1631662.570299999788404],[1101590.81940000038594,1631710.840099999681115],[1101596.500900000333786,1631718.843900000676513],[1101605.1343,1631722.493200000375509],[1101625.7642,1631749.73450000025332],[1101642.776999999769032,1631767.693299999460578],[1101675.99280000012368,1631806.040200000628829],[1101706.2045,1631793.427500000223517],[1101724.599899999797344,1631762.286299999803305],[1101710.312400000169873,1631744.823799999430776],[1101696.6069,1631722.9956],[1101724.494099999777973,1631704.051400000229478],[1101774.02419999986887,1631760.090299999341369],[1101816.2528,1631649.933800000697374]]]]}},
{"type":"Feature","properties":{"รหัสกลุ่มคิว":"02/001","รหัสรับเหมา":"738889","ชื่อ-สกุล รับเหมา":"รถตัดโรงงานเบอร์ 15","นักเกษตร":"0010","ศูนย์":"K2-02","โควตา":"913205","ชาวไร่":"นาย นนทกร ลักขณาโรจน์","ประเภทอ้อย":"ตอ1","พื้นที่":4.97,"ตันรวม":44.73,"รหัสแปลง":"331902033004","กลุ่ม":"กลุ่ม_02"},"geometry":{"type":"MultiPolygon","coordinates":[[[[1118448.990299999713898,1641539.411800000816584],[1118428.965099999681115,1641408.192500000819564],[1118366.785500000230968,1641417.328400000929832],[1118375.811099999584258,1641469.650399999693036],[1118378.042600000277162,1641474.458699999377131],[1118396.277900000102818,1641549.709499999880791],[1118448.990299999713898,1641539.411800000816584]]]]}},
{"type":"Feature","properties":{"รหัสกลุ่มคิว":"02/001","รหัสรับเหมา":"738889","ชื่อ-สกุล รับเหมา":"รถตัดโรงงานเบอร์ 15","นักเกษตร":"0010","ศูนย์":"K2-02","โควตา":"910208","ชาวไร่":"นาย วิเชียร ธงชัย","ประเภทอ้อย":"ตอ1","พื้นที่":5.37,"ตันรวม":48.33,"รหัสแปลง":"330411010004","กลุ่ม":"กลุ่ม_02"},"geometry":{"type":"MultiPolygon","coordinates":[[[[1110994.521599999628961,1637919.045800000429153],[1110947.735299999825656,1637940.899299999698997],[1110946.536299999803305,1637941.776000000536442],[1110945.329699999652803,1637944.667600000277162],[1110947.898299999535084,1637970.839099999517202],[1110968.19649999961257,1638105.306099999696016],[1111014.287499999627471,1638097.736700000241399],[1110994.521599999628961,1637919.045800000429153]]]]}},
{"type":"Feature","properties":{"รหัสกลุ่มคิว":"02/001","รหัสรับเหมา":"738889","ชื่อ-สกุล รับเหมา":"รถตัดโรงงานเบอร์ 15","นักเกษตร":"0010","ศูนย์":"K2-02","โควตา":"911516","ชาวไร่":"นาย พรณรงค์ ลิ้มวงษ์ทอง","ประเภทอ้อย":"ปลายฝน","พื้นที่":6.71,"ตันรวม":87.23,"รหัสแปลง":"340704013003","กลุ่ม":"กลุ่ม_02"},"geometry":{"type":"MultiPolygon","coordinates":[[[[1143285.261199999600649,1655670.22690000012517],[1143382.13260000012815,1655669.73369999974966],[1143382.205500000156462,1655669.422700000926852],[1143387.465699999593198,1655631.309299999848008],[1143387.541600000113249,1655631.241599999368191],[1143408.359299999661744,1655562.880200000479817],[1143407.851700000464916,1655563.801799999549985],[1143302.56969999987632,1655555.509400000795722],[1143302.433899999596179,1655555.717199999839067],[1143302.2769,1655555.957499999552965],[1143300.30559999961406,1655569.218499999493361],[1143298.701899999752641,1655589.777599999681115],[1143298.162499999627471,1655615.440099999308586],[1143298.270100000314415,1655615.784900000318885],[1143295.3087,1655640.622500000521541],[1143285.261199999600649,1655670.22690000012517]],[[1143295.3087,1655640.622500000521541],[1143295.515100000426173,1655640.014399999752641],[1143295.261400000192225,1655641.0197],[1143295.3087,1655640.622500000521541]]]]}},
{"type":"Feature","properties":{"รหัสกลุ่มคิว":"02/001","รหัสรับเหมา":"738889","ชื่อ-สกุล รับเหมา":"รถตัดโรงงานเบอร์ 15","นักเกษตร":"0010","ศูนย์":"K2-02","โควตา":"911758","ชาวไร่":"นางสาว นงคาร บุญเชิญ","ประเภทอ้อย":"ตอ3","พื้นที่":10.88,"ตันรวม":76.16,"รหัสแปลง":"340704063002","กลุ่ม":"กลุ่ม_02"},"geometry":{"type":"MultiPolygon","coordinates":[[[[1135729.524600000120699,1665661.53830000013113],[1135735.381099999882281,1665685.046399999409914],[1135743.165199999697506,1665737.5175],[1135761.704,1665765.071599999442697],[1135906.842899999581277,1665740.413799999281764],[1135876.2462,1665624.876000000163913],[1135729.524600000120699,1665661.53830000013113]]]]}},
{"type":"Feature","properties":{"รหัสกลุ่มคิว":"02/001","รหัสรับเหมา":"738889","ชื่อ-สกุล รับเหมา":"รถตัดโรงงานเบอร์ 15","นักเกษตร":"0010","ศูนย์":"K2-02","โควตา":"910147","ชาวไร่":"นาย วิลัย นะวัน","ประเภทอ้อย":"ตอ4","พื้นที่":7.03,"ตันรวม":49.21,"รหัสแปลง":"331903083015","กลุ่ม":"กลุ่ม_02"},"geometry":{"type":"MultiPolygon","coordinates":[[[[1119150.723399999551475,1647879.884600000455976],[1119229.99100000038743,1647904.89809999987483],[1119278.917700000107288,1647895.995100000873208],[1119273.478900000452995,1647844.149900000542402],[1119268.557500000111759,1647842.809100000187755],[1119186.871799999848008,1647752.401799999177456],[1119150.723399999551475,1647879.884600000455976]]]]}},
{"type":"Feature","properties":{"รหัสกลุ่มคิว":"02/001","รหัสรับเหมา":"738889","ชื่อ-สกุล รับเหมา":"รถตัดโรงงานเบอร์ 15","นักเกษตร":"0010","ศูนย์":"K2-02","โควตา":"911516","ชาวไร่":"นาย พรณรงค์ ลิ้มวงษ์ทอง","ประเภทอ้อย":"ปลายฝน","พื้นที่":21.75,"ตันรวม":282.75,"รหัสแปลง":"340704013015","กลุ่ม":"กลุ่ม_02"},"geometry":{"type":"MultiPolygon","coordinates":[[[[1143403.59389999974519,1657245.144799999892712],[1143572.608199999667704,1657197.005699999630451],[1143553.541799999773502,1657122.7676],[1143531.40639999974519,1657123.44400000013411],[1143529.934299999848008,1657078.809800000861287],[1143538.7209,1657077.345200000330806],[1143521.89740000013262,1657014.731000000610948],[1143459.047899999655783,1657032.1108],[1143396.6414,1657051.562699999660254],[1143374.48589999973774,1657061.406400000676513],[1143380.023199999704957,1657080.636700000613928],[1143328.764499999582767,1657108.22829999960959],[1143403.59389999974519,1657245.144799999892712]]]]}},
{"type":"Feature","properties":{"รหัสกลุ่มคิว":"02/001","รหัสรับเหมา":"738889","ชื่อ-สกุล รับเหมา":"รถตัดโรงงานเบอร์ 15","นักเกษตร":"0010","ศูนย์":"K2-02","โควตา":"911516","ชาวไร่":"นาย พรณรงค์ ลิ้มวงษ์ทอง","ประเภทอ้อย":"ปลายฝน","พื้นที่":11.39,"ตันรวม":148.07,"รหัสแปลง":"340704013019","กลุ่ม":"กลุ่ม_02"},"geometry":{"type":"MultiPolygon","coordinates":[[[[1142922.022699999623001,1655544.157199999317527],[1142922.034599999897182,1655544.119699999690056],[1142904.879300000146031,1655511.353399999439716],[1142901.644000000320375,1655504.894099999219179],[1142944.385200000368059,1655469.091099999845028],[1142906.307199999690056,1655426.185100000351667],[1142868.506400000303984,1655458.20299999974668],[1142864.959800000302494,1655458.902799999341369],[1142821.4868,1655497.556500000879169],[1142759.775299999862909,1655541.9068],[1142723.602900000289083,1655570.24970000050962],[1142734.278,1655585.389599999412894],[1142750.290500000119209,1655583.895899999886751],[1142750.197200000286102,1655583.626499999314547],[1142766.88190000038594,1655595.913100000470877],[1142778.856700000353158,1655612.471400000154972],[1142790.743800000287592,1655622.0691],[1142806.254300000146031,1655641.3893],[1142814.027700000442564,1655627.675899999216199],[1142839.926199999637902,1655599.615299999713898],[1142828.686700000427663,1655580.246400000527501],[1142836.177000000141561,1655572.762000000104308],[1142864.004200000315905,1655558.007200000807643],[1142878.292899999767542,1655575.184900000691414],[1142899.857900000177324,1655558.5581],[1142922.022699999623001,1655544.157199999317527]]]]}},
{"type":"Feature","properties":{"รหัสกลุ่มคิว":"02/001","รหัสรับเหมา":"738889","ชื่อ-สกุล รับเหมา":"รถตัดโรงงานเบอร์ 15","นักเกษตร":"0010","ศูนย์":"K2-02","โควตา":"911516","ชาวไร่":"นาย พรณรงค์ ลิ้มวงษ์ทอง","ประเภทอ้อย":"ปลายฝน","พื้นที่":23.5,"ตันรวม":305.5,"รหัสแปลง":"340704083004","กลุ่ม":"กลุ่ม_02"},"geometry":{"type":"MultiPolygon","coordinates":[[[[1142488.4666,1655808.415999999269843],[1142516.467000000178814,1655794.675300000235438],[1142522.973199999891222,1655791.4825],[1142559.597400000318885,1655780.279999999329448],[1142559.49199999962002,1655763.268899999558926],[1142557.970099999569356,1655741.171399999409914],[1142558.0499,1655740.900299999862909],[1142558.111499999649823,1655740.691199999302626],[1142549.522099999710917,1655725.677799999713898],[1142549.198400000110269,1655725.718100000172853],[1142531.301699999719858,1655649.583000000566244],[1142523.833999999798834,1655617.814500000327826],[1142507.3597999997437,1655548.639799999073148],[1142507.351700000464916,1655548.6404],[1142507.324099999852479,1655548.622700000181794],[1142507.2812,1655548.595200000330806],[1142448.645899999886751,1655557.256400000303984],[1142448.6414,1655557.257099999114871],[1142416.152099999599159,1655578.910900000482798],[1142392.578099999576807,1655575.295],[1142385.97510000038892,1655574.2820999994874],[1142383.096599999815226,1655572.997999999672174],[1142371.220499999821186,1655567.700099999085069],[1142371.188500000163913,1655567.614199999719858],[1142378.515599999576807,1655659.248500000685453],[1142384.692099999636412,1655720.5143],[1142384.825000000186265,1655721.832599999383092],[1142400.044800000265241,1655814.198200000450015],[1142427.584300000220537,1655812.397299999371171],[1142488.4666,1655808.415999999269843]]]]}},
{"type":"Feature","properties":{"รหัสกลุ่มคิว":"02/001","รหัสรับเหมา":"738889","ชื่อ-สกุล รับเหมา":"รถตัดโรงงานเบอร์ 15","นักเกษตร":"0010","ศูนย์":"K2-02","โควตา":"911516","ชาวไร่":"นาย พรณรงค์ ลิ้มวงษ์ทอง","ประเภทอ้อย":"ปลายฝน","พื้นที่":7.18,"ตันรวม":93.34,"รหัสแปลง":"340704083005","กลุ่ม":"กลุ่ม_02"},"geometry":{"type":"MultiPolygon","coordinates":[[[[1142496.990600000135601,1655809.681800000369549],[1142497.013899999670684,1655808.659600000828505],[1142497.072599999606609,1655806.085100000724196],[1142492.586799999698997,1655807.863399999216199],[1142489.016699999570847,1655809.278799999505281],[1142479.646499999798834,1655812.993699999526143],[1142438.590300000272691,1655816.5581],[1142442.987300000153482,1655823.840700000524521],[1142447.253100000321865,1655830.905899999663234],[1142456.141699999570847,1655831.960200000554323],[1142463.208999999798834,1655832.798499999567866],[1142468.046,1655849.331499999389052],[1142456.530899999663234,1655859.884500000625849],[1142456.019799999892712,1655860.352900000289083],[1142455.702399999834597,1655860.452600000426173],[1142451.223600000143051,1655851.8827],[1142437.8459,1655826.285499999299645],[1142434.865500000305474,1655821.421900000423193],[1142432.355999999679625,1655817.3268],[1142404.175699999555945,1655819.554300000891089],[1142405.958700000308454,1655825.147199999541044],[1142410.087299999780953,1655838.097999999299645],[1142448.214300000108778,1655919.949400000274181],[1142469.6272,1655908.387900000438094],[1142469.574400000274181,1655908.134500000625849],[1142469.572100000455976,1655908.123800000175834],[1142492.681800000369549,1655894.302500000223517],[1142536.958399999886751,1655872.644600000232458],[1142548.9227,1655866.792300000786781],[1142553.031000000424683,1655863.690400000661612],[1142577.127600000239909,1655845.496500000357628],[1142576.5154,1655842.18099999986589],[1142575.882299999706447,1655838.7533],[1142572.2127,1655819.25029999949038],[1142572.167299999855459,1655819.373999999836087],[1142558.4534,1655820.793800000101328],[1142549.563299999572337,1655821.714299999177456],[1142549.5609,1655821.706199999898672],[1142549.433199999853969,1655821.2796],[1142539.607099999673665,1655788.474700000137091],[1142535.167000000365078,1655790.6842],[1142496.990600000135601,1655809.681800000369549]],[[1142496.990600000135601,1655809.681800000369549],[1142496.985999999567866,1655809.88289999961853],[1142496.727699999697506,1655809.812599999830127],[1142496.990600000135601,1655809.681800000369549]]]]}},
{"type":"Feature","properties":{"รหัสกลุ่มคิว":"02/001","รหัสรับเหมา":"738889","ชื่อ-สกุล รับเหมา":"รถตัดโรงงานเบอร์ 15","นักเกษตร":"0010","ศูนย์":"K2-02","โควตา":"911525","ชาวไร่":"นาย สมพงษ์ กัญญาพงษ์","ประเภทอ้อย":"ปลายฝน","พื้นที่":12.8,"ตันรวม":166.4,"รหัสแปลง":"341508073014","กลุ่ม":"กลุ่ม_02"},"geometry":{"type":"MultiPolygon","coordinates":[[[[1135205.2489,1665660.139599999412894],[1135219.4869,1665655.84180000051856],[1135225.301400000229478,1665647.977399999275804],[1135232.16469999961555,1665642.814200000837445],[1135220.383100000210106,1665605.518799999728799],[1135225.664599999785423,1665558.877299999818206],[1135220.6491,1665553.6195],[1135211.819299999624491,1665548.4825],[1135187.306400000117719,1665551.392000000923872],[1135184.503100000321865,1665564.0152000002563],[1135175.976599999703467,1665572.698300000280142],[1135166.885099999606609,1665577.3564],[1135111.494099999777973,1665578.104100000113249],[1135107.291400000452995,1665575.9868],[1135099.918800000101328,1665566.656099999323487],[1135094.203499999828637,1665554.028100000694394],[1135096.647900000214577,1665538.0537],[1135087.6617,1665521.9967],[1135054.9238,1665530.701199999079108],[1135024.792700000107288,1665559.30210000090301],[1135021.644600000232458,1665559.663499999791384],[1134989.388299999758601,1665550.336100000888109],[1134981.936300000175834,1665552.364700000733137],[1134976.546,1665561.1316],[1134992.8772,1665604.340600000694394],[1135034.319899999536574,1665630.621300000697374],[1135084.612200000323355,1665627.7324],[1135107.007500000298023,1665653.727],[1135175.260499999858439,1665658.224300000816584],[1135205.2489,1665660.139599999412894]]]]}},
{"type":"Feature","properties":{"รหัสกลุ่มคิว":"02/001","รหัสรับเหมา":"738889","ชื่อ-สกุล รับเหมา":"รถตัดโรงงานเบอร์ 15","นักเกษตร":"0010","ศูนย์":"K2-02","โควตา":"911758","ชาวไร่":"นางสาว นงคาร บุญเชิญ","ประเภทอ้อย":"ตอ3","พื้นที่":9.61,"ตันรวม":67.27,"รหัสแปลง":"341508073016","กลุ่ม":"กลุ่ม_02"},"geometry":{"type":"MultiPolygon","coordinates":[[[[1135250.619199999608099,1665010.279200000688434],[1135250.865500000305474,1664882.088999999687076],[1135249.180499999783933,1664881.9254],[1135248.136599999852479,1664878.2336],[1135244.682099999859929,1664853.1009],[1135230.225399999879301,1664744.453400000929832],[1135201.8602,1664758.413699999451637],[1135170.10840000025928,1664766.832000000402331],[1135191.402900000102818,1664927.338400000706315],[1135206.8525,1665023.380200000479817],[1135250.619199999608099,1665010.279200000688434]]]]}},
{"type":"Feature","properties":{"รหัสกลุ่มคิว":"02/001","รหัสรับเหมา":"738889","ชื่อ-สกุล รับเหมา":"รถตัดโรงงานเบอร์ 15","นักเกษตร":"0010","ศูนย์":"K2-02","โควตา":"911516","ชาวไร่":"นาย พรณรงค์ ลิ้มวงษ์ทอง","ประเภทอ้อย":"ปลายฝน","พื้นที่":17.2,"ตันรวม":223.6,"รหัสแปลง":"340704013011","กลุ่ม":"กลุ่ม_02"},"geometry":{"type":"MultiPolygon","coordinates":[[[[1142911.6744,1655557.320699999108911],[1142961.808400000445545,1655589.168099999427795],[1142971.881400000303984,1655616.074999999254942],[1142981.598500000312924,1655634.9792],[1143000.2204,1655651.7412],[1143022.1903,1655643.098799999803305],[1143035.086199999786913,1655632.436799999326468],[1143109.99280000012368,1655553.409299999475479],[1143110.857200000435114,1655542.162799999117851],[1143112.411100000143051,1655499.535299999639392],[1143116.7006,1655490.366399999707937],[1143133.8898,1655481.185399999842048],[1143142.36710000038147,1655477.754599999636412],[1143177.2303,1655460.584799999371171],[1143182.127399999648333,1655461.518200000748038],[1143203.964499999769032,1655458.1623],[1143157.967899999581277,1655399.863900000229478],[1143151.657800000160933,1655400.234899999573827],[1142939.581199999898672,1655535.209799999371171],[1142930.976800000295043,1655541.6853],[1142911.6744,1655557.320699999108911]]]]}},
{"type":"Feature","properties":{"รหัสกลุ่มคิว":"02/001","รหัสรับเหมา":"738889","ชื่อ-สกุล รับเหมา":"รถตัดโรงงานเบอร์ 15","นักเกษตร":"0010","ศูนย์":"K2-02","โควตา":"911516","ชาวไร่":"นาย พรณรงค์ ลิ้มวงษ์ทอง","ประเภทอ้อย":"ปลายฝน","พื้นที่":8.47,"ตันรวม":110.11,"รหัสแปลง":"340704083008","กลุ่ม":"กลุ่ม_02"},"geometry":{"type":"MultiPolygon","coordinates":[[[[1142704.368300000205636,1655712.911499999463558],[1142678.7314,1655668.859899999573827],[1142690.701500000432134,1655658.344200000166893],[1142695.536100000143051,1655633.615499999374151],[1142657.69469999987632,1655571.564899999648333],[1142650.121000000275671,1655548.583599999547005],[1142611.576899999752641,1655528.700400000438094],[1142589.289099999703467,1655542.780200000852346],[1142603.340800000354648,1655601.553600000217557],[1142632.205199999734759,1655742.325799999758601],[1142704.368300000205636,1655712.911499999463558]]]]}},
{"type":"Feature","properties":{"รหัสกลุ่มคิว":"02/001","รหัสรับเหมา":"738889","ชื่อ-สกุล รับเหมา":"รถตัดโรงงานเบอร์ 15","นักเกษตร":"0010","ศูนย์":"K2-02","โควตา":"912210","ชาวไร่":"นาย กิตติ ศิริชาติ","ประเภทอ้อย":"ปลายฝน","พื้นที่":3.77,"ตันรวม":49.01,"รหัสแปลง":"340708103001","กลุ่ม":"กลุ่ม_02"},"geometry":{"type":"MultiPolygon","coordinates":[[[[1146840.907700000330806,1646718.728900000452995],[1146850.473899999633431,1646725.103000000119209],[1146862.628399999812245,1646735.809900000691414],[1146847.909900000318885,1646753.394099999219179],[1146853.6415,1646764.941400000825524],[1146922.520100000314415,1646705.709799999371171],[1146863.338999999687076,1646643.274399999529123],[1146812.398699999786913,1646690.023800000548363],[1146840.907700000330806,1646718.728900000452995]]]]}},
{"type":"Feature","properties":{"รหัสกลุ่มคิว":"02/001","รหัสรับเหมา":"738889","ชื่อ-สกุล รับเหมา":"รถตัดโรงงานเบอร์ 15","นักเกษตร":"0010","ศูนย์":"K2-02","โควตา":"913231","ชาวไร่":"นาย โชติ สิงห์แจ่ม","ประเภทอ้อย":"ปลายฝน","พื้นที่":10.62,"ตันรวม":138.06,"รหัสแปลง":"331905033026","กลุ่ม":"กลุ่ม_02"},"geometry":{"type":"MultiPolygon","coordinates":[[[[1124684.233099999837577,1646136.312000000849366],[1124666.47759999986738,1646145.964500000700355],[1124665.7451,1646147.102800000458956],[1124675.7166,1646181.939200000837445],[1124644.850399999879301,1646191.352600000798702],[1124629.689399999566376,1646153.3553],[1124550.77309999987483,1646180.442099999636412],[1124523.216,1646189.625700000673532],[1124542.1294,1646234.27170000039041],[1124568.307,1646294.682],[1124666.110999999567866,1646254.226800000295043],[1124702.63190000038594,1646237.75730000063777],[1124726.1146,1646226.173499999567866],[1124684.233099999837577,1646136.312000000849366]]]]}},
{"type":"Feature","properties":{"รหัสกลุ่มคิว":"02/001","รหัสรับเหมา":"738889","ชื่อ-สกุล รับเหมา":"รถตัดโรงงานเบอร์ 15","นักเกษตร":"0010","ศูนย์":"K2-02","โควตา":"912173","ชาวไร่":"นาง สมจิตร วรรณประภา","ประเภทอ้อย":"ปลายฝน","พื้นที่":11.0,"ตันรวม":143.0,"รหัสแปลง":"341508133001","กลุ่ม":"กลุ่ม_02"},"geometry":{"type":"MultiPolygon","coordinates":[[[[1137421.97510000038892,1664391.250099999830127],[1137419.5504,1664391.790999999269843],[1137350.598199999891222,1664422.575200000777841],[1137323.1798,1664429.031500000506639],[1137323.705199999734759,1664426.668800000101328],[1137270.178399999625981,1664435.329],[1137270.903599999845028,1664443.094000000506639],[1137248.579300000332296,1664451.844499999657273],[1137245.2319,1664448.273600000888109],[1137226.86739999987185,1664449.911399999633431],[1137236.40749999973923,1664504.390100000426173],[1137311.5345,1664489.313400000333786],[1137374.2763,1664474.217299999669194],[1137443.818199999630451,1664449.824400000274181],[1137525.046400000341237,1664424.840700000524521],[1137498.8284,1664362.495400000363588],[1137453.94469999987632,1664376.918700000271201],[1137421.97510000038892,1664391.250099999830127]]]]}},
{"type":"Feature","properties":{"รหัสกลุ่มคิว":"02/001","รหัสรับเหมา":"738889","ชื่อ-สกุล รับเหมา":"รถตัดโรงงานเบอร์ 15","นักเกษตร":"0010","ศูนย์":"K2-02","โควตา":"773000","ชาวไร่":"นาย ฐิติโชติ มิ่งแก้ว","ประเภทอ้อย":"ตอ3","พื้นที่":94.88,"ตันรวม":664.16,"รหัสแปลง":"321301111642","กลุ่ม":"กลุ่ม_02"},"geometry":{"type":"MultiPolygon","coordinates":[[[[1029687.318599999882281,1610428.066299999132752],[1029687.521800000220537,1610591.615199999883771],[1030023.599299999885261,1610539.919600000604987],[1030031.546699999831617,1610536.657400000840425],[1030046.263500000350177,1610529.7029],[1030048.541799999773502,1610527.035000000149012],[1030047.983300000429153,1610446.118000000715256],[1030184.08739999961108,1610414.6656],[1030136.092799999751151,1610176.05210000090301],[1029792.099499999545515,1610229.708200000226498],[1029702.555700000375509,1610261.825899999588728],[1029687.270600000396371,1610276.654100000858307],[1029687.318599999882281,1610428.066299999132752]]]]}},
{"type":"Feature","properties":{"รหัสกลุ่มคิว":"02/001","รหัสรับเหมา":"738889","ชื่อ-สกุล รับเหมา":"รถตัดโรงงานเบอร์ 15","นักเกษตร":"0010","ศูนย์":"K2-02","โควตา":"910147","ชาวไร่":"นาย วิลัย นะวัน","ประเภทอ้อย":"ตอ5","พื้นที่":14.9,"ตันรวม":104.3,"รหัสแปลง":"331903083034","กลุ่ม":"กลุ่ม_02"},"geometry":{"type":"MultiPolygon","coordinates":[[[[1120988.270600000396371,1645135.793800000101328],[1121132.419700000435114,1645405.464099999517202],[1121217.9117,1645352.525499999523163],[1121091.312199999578297,1645156.109899999573827],[1121044.4578,1645163.3421],[1121033.151100000366569,1645146.592000000178814],[1121020.978699999861419,1645146.667099999263883],[1121014.3931,1645128.4814],[1120988.270600000396371,1645135.793800000101328]]]]}},
{"type":"Feature","properties":{"รหัสกลุ่มคิว":"02/001","รหัสรับเหมา":"738889","ชื่อ-สกุล รับเหมา":"รถตัดโรงงานเบอร์ 15","นักเกษตร":"0010","ศูนย์":"K2-02","โควตา":"912502","ชาวไร่":"นาย คำพร ปามุทา","ประเภทอ้อย":"ตอ2","พื้นที่":4.03,"ตันรวม":32.24,"รหัสแปลง":"340704020002","กลุ่ม":"กลุ่ม_02"},"geometry":{"type":"MultiPolygon","coordinates":[[[[1145129.122100000269711,1654182.989399999380112],[1145135.068,1654062.668099999427795],[1145111.9205,1654058.708000000566244],[1145108.631199999712408,1654033.596300000324845],[1145082.126400000415742,1654033.809000000357628],[1145083.453599999658763,1654118.36710000038147],[1145097.479100000113249,1654119.671800000593066],[1145098.6557,1654129.527300000190735],[1145083.204599999822676,1654134.301000000908971],[1145086.079699999652803,1654174.786100000143051],[1145094.696600000374019,1654182.80320000089705],[1145129.122100000269711,1654182.989399999380112]]]]}},
{"type":"Feature","properties":{"รหัสกลุ่มคิว":"02/001","รหัสรับเหมา":"738889","ชื่อ-สกุล รับเหมา":"รถตัดโรงงานเบอร์ 15","นักเกษตร":"0010","ศูนย์":"K2-02","โควตา":"912686","ชาวไร่":"นาย ถวัลย์ วันนา","ประเภทอ้อย":"ตอ1","พื้นที่":7.42,"ตันรวม":66.78,"รหัสแปลง":"340708103004","กลุ่ม":"กลุ่ม_02"},"geometry":{"type":"MultiPolygon","coordinates":[[[[1144953.7599,1652787.350099999457598],[1144961.386599999852479,1652830.71169999986887],[1144967.42850000038743,1652858.409499999135733],[1144969.837799999862909,1652867.1524],[1144976.329599999822676,1652899.1074],[1144974.235100000165403,1652906.075200000777841],[1144984.57050000037998,1652980.762900000438094],[1145042.97759999986738,1652975.793600000441074],[1145020.926699999719858,1652788.164799999445677],[1144998.092299999669194,1652784.857699999585748],[1144971.456600000150502,1652784.178600000217557],[1144953.750300000421703,1652787.306500000879169],[1144953.7599,1652787.350099999457598]]]]}},
{"type":"Feature","properties":{"รหัสกลุ่มคิว":"02/001","รหัสรับเหมา":"738889","ชื่อ-สกุล รับเหมา":"รถตัดโรงงานเบอร์ 15","นักเกษตร":"0010","ศูนย์":"K2-02","โควตา":"911516","ชาวไร่":"นาย พรณรงค์ ลิ้มวงษ์ทอง","ประเภทอ้อย":"ปลายฝน","พื้นที่":6.84,"ตันรวม":88.92,"รหัสแปลง":"340704103008","กลุ่ม":"กลุ่ม_02"},"geometry":{"type":"MultiPolygon","coordinates":[[[[1143373.370699999853969,1659793.778699999675155],[1143403.675300000235438,1659614.760800000280142],[1143349.8986,1659615.115599999204278],[1143321.349399999715388,1659616.7336],[1143320.128399999812245,1659749.897399999201298],[1143373.370699999853969,1659793.778699999675155]]]]}},
{"type":"Feature","properties":{"รหัสกลุ่มคิว":"02/001","รหัสรับเหมา":"738889","ชื่อ-สกุล รับเหมา":"รถตัดโรงงานเบอร์ 15","นักเกษตร":"0010","ศูนย์":"K2-02","โควตา":"911516","ชาวไร่":"นาย พรณรงค์ ลิ้มวงษ์ทอง","ประเภทอ้อย":"ปลายฝน","พื้นที่":19.3,"ตันรวม":250.9,"รหัสแปลง":"340704103009","กลุ่ม":"กลุ่ม_02"},"geometry":{"type":"MultiPolygon","coordinates":[[[[1143297.798700000159442,1659621.618000000715256],[1143297.862599999643862,1659621.532999999821186],[1143237.8131,1659657.070699999108911],[1143157.901999999769032,1659689.536399999633431],[1143162.680100000463426,1659883.753599999472499],[1143217.238800000399351,1659891.827099999412894],[1143271.8465,1659890.782800000160933],[1143277.415500000119209,1659891.009700000286102],[1143276.5197,1659874.548599999397993],[1143291.794800000265241,1659871.5152000002563],[1143293.6239,1659856.856799999251962],[1143297.798700000159442,1659621.618000000715256]]]]}},
{"type":"Feature","properties":{"รหัสกลุ่มคิว":"02/001","รหัสรับเหมา":"738889","ชื่อ-สกุล รับเหมา":"รถตัดโรงงานเบอร์ 15","นักเกษตร":"0010","ศูนย์":"K2-02","โควตา":"911516","ชาวไร่":"นาย พรณรงค์ ลิ้มวงษ์ทอง","ประเภทอ้อย":"ปลายฝน","พื้นที่":7.92,"ตันรวม":102.96,"รหัสแปลง":"340704013044","กลุ่ม":"กลุ่ม_02"},"geometry":{"type":"MultiPolygon","coordinates":[[[[1142912.300200000405312,1655557.408299999311566],[1142838.529299999587238,1655606.211400000378489],[1142824.9677,1655621.230900000780821],[1142816.94579999987036,1655644.7401],[1142818.918100000359118,1655651.836300000548363],[1142827.44510000012815,1655663.1864],[1142846.5433,1655670.186899999156594],[1142855.652300000190735,1655693.415100000798702],[1142980.8251,1655636.726199999451637],[1142960.310499999672174,1655588.539899999275804],[1142912.300200000405312,1655557.408299999311566]]]]}},
{"type":"Feature","properties":{"รหัสกลุ่มคิว":"02/001","รหัสรับเหมา":"738889","ชื่อ-สกุล รับเหมา":"รถตัดโรงงานเบอร์ 15","นักเกษตร":"0010","ศูนย์":"K2-02","โควตา":"720000","ชาวไร่":"นางสาว ดาหวัน แก้วแสนเมือง","ประเภทอ้อย":"ปลายฝน","พื้นที่":7.62,"ตันรวม":99.06,"รหัสแปลง":"321301111668","กลุ่ม":"กลุ่ม_02"},"geometry":{"type":"MultiPolygon","coordinates":[[[[1029444.592899999581277,1611174.346599999815226],[1029749.0779,1611152.81279999949038],[1029762.1749,1611121.800200000405312],[1029640.037999999709427,1611119.04759999923408],[1029619.099100000225008,1611116.705],[1029574.210099999792874,1611121.140799999237061],[1029443.042500000447035,1611140.436499999836087],[1029444.029,1611172.912499999627471],[1029444.592899999581277,1611174.346599999815226]]]]}},
{"type":"Feature","properties":{"รหัสกลุ่มคิว":"02/001","รหัสรับเหมา":"738889","ชื่อ-สกุล รับเหมา":"รถตัดโรงงานเบอร์ 15","นักเกษตร":"0010","ศูนย์":"K2-02","โควตา":"931048","ชาวไร่":"นาย ทองปาน พันแสนแก้ว","ประเภทอ้อย":"ปลายฝน","พื้นที่":22.71,"ตันรวม":295.23,"รหัสแปลง":"341511093008","กลุ่ม":"กลุ่ม_02"},"geometry":{"type":"MultiPolygon","coordinates":[[[[1118753.427699999883771,1680104.393999999389052],[1118753.8032,1680116.405600000172853],[1118616.222400000318885,1680119.2043999992311],[1118607.247100000269711,1680137.628100000321865],[1118563.924800000153482,1680154.046900000423193],[1118594.431800000369549,1680271.272399999201298],[1118612.435499999672174,1680276.843499999493361],[1118797.0153,1680224.362700000405312],[1118801.143400000408292,1680119.565600000321865],[1118756.094700000248849,1680119.3695],[1118756.4238,1680117.653899999335408],[1118801.241499999538064,1680117.073999999091029],[1118807.297600000165403,1679963.330399999395013],[1118761.278199999593198,1679962.937300000339746],[1118753.427699999883771,1680104.393999999389052]]]]}},
{"type":"Feature","properties":{"รหัสกลุ่มคิว":"02/001","รหัสรับเหมา":"738889","ชื่อ-สกุล รับเหมา":"รถตัดโรงงานเบอร์ 15","นักเกษตร":"0010","ศูนย์":"K2-02","โควตา":"720000","ชาวไร่":"นางสาว ดาหวัน แก้วแสนเมือง","ประเภทอ้อย":"ตอ6","พื้นที่":11.71,"ตันรวม":81.97,"รหัสแปลง":"321301111676","กลุ่ม":"กลุ่ม_02"},"geometry":{"type":"MultiPolygon","coordinates":[[[[1029970.99280000012368,1611398.567900000140071],[1029888.293999999761581,1611385.726199999451637],[1029886.6908,1611386.7029],[1029883.7028,1611390.619300000369549],[1029880.707299999892712,1611391.468399999663234],[1029878.715200000442564,1611391.826199999079108],[1029876.285199999809265,1611393.436699999496341],[1029873.541500000283122,1611396.804500000551343],[1029854.427000000141561,1611445.039300000295043],[1029845.350999999791384,1611486.365800000727177],[1029834.749200000427663,1611514.995500000193715],[1029828.977699999697506,1611533.658399999141693],[1029846.077600000426173,1611547.667899999767542],[1029938.427199999801815,1611584.843699999153614],[1029970.99280000012368,1611398.567900000140071]]]]}},
{"type":"Feature","properties":{"รหัสกลุ่มคิว":"02/001","รหัสรับเหมา":"738889","ชื่อ-สกุล รับเหมา":"รถตัดโรงงานเบอร์ 15","นักเกษตร":"0010","ศูนย์":"K2-02","โควตา":"912502","ชาวไร่":"นาย คำพร ปามุทา","ประเภทอ้อย":"ตอ1","พื้นที่":5.13,"ตันรวม":46.17,"รหัสแปลง":"340704020004","กลุ่ม":"กลุ่ม_02"},"geometry":{"type":"MultiPolygon","coordinates":[[[[1145022.409699999727309,1654026.465800000354648],[1145021.9972,1654026.843900000676513],[1145021.577100000344217,1654026.778100000694394],[1145031.69400000013411,1654090.4679000005126],[1145035.207499999552965,1654121.8892],[1145038.199799999594688,1654189.710999999195337],[1145082.322800000198185,1654184.867599999532104],[1145082.828300000168383,1654184.1316],[1145083.815499999560416,1654177.153999999165535],[1145081.5208,1654024.745100000873208],[1145022.409699999727309,1654026.465800000354648]]]]}},
{"type":"Feature","properties":{"รหัสกลุ่มคิว":"02/001","รหัสรับเหมา":"738889","ชื่อ-สกุล รับเหมา":"รถตัดโรงงานเบอร์ 15","นักเกษตร":"0010","ศูนย์":"K2-02","โควตา":"910147","ชาวไร่":"นาย วิลัย นะวัน","ประเภทอ้อย":"ตอ2","พื้นที่":16.93,"ตันรวม":135.44,"รหัสแปลง":"331903083042","กลุ่ม":"กลุ่ม_02"},"geometry":{"type":"MultiPolygon","coordinates":[[[[1119857.24309999961406,1647291.97069999948144],[1119864.262799999676645,1647292.33699999935925],[1119879.303000000305474,1647289.204500000923872],[1119870.592400000430644,1647256.556500000879169],[1119868.933500000275671,1647230.019200000911951],[1119788.627600000239909,1647192.005200000479817],[1119795.992200000211596,1647172.0],[1119753.06290000025183,1647145.325200000777841],[1119644.059600000269711,1647171.789300000295043],[1119681.118200000375509,1647321.335799999535084],[1119857.24309999961406,1647291.97069999948144]]]]}},
{"type":"Feature","properties":{"รหัสกลุ่มคิว":"02/001","รหัสรับเหมา":"738889","ชื่อ-สกุล รับเหมา":"รถตัดโรงงานเบอร์ 15","นักเกษตร":"0010","ศูนย์":"K2-02","โควตา":"712866","ชาวไร่":"นาย จักพงษ์ สุวาสุนะ","ประเภทอ้อย":"ปลายฝน","พื้นที่":14.09,"ตันรวม":183.17,"รหัสแปลง":"321301021584","กลุ่ม":"กลุ่ม_02"},"geometry":{"type":"MultiPolygon","coordinates":[[[[1030597.694199999794364,1610951.078600000590086],[1030586.2067,1610884.945599999278784],[1030286.9496,1610933.440199999138713],[1030289.768500000238419,1611013.237700000405312],[1030597.694199999794364,1610951.078600000590086]]]]}},
{"type":"Feature","properties":{"รหัสกลุ่มคิว":"02/001","รหัสรับเหมา":"738889","ชื่อ-สกุล รับเหมา":"รถตัดโรงงานเบอร์ 15","นักเกษตร":"0010","ศูนย์":"K2-02","โควตา":"720000","ชาวไร่":"นางสาว ดาหวัน แก้วแสนเมือง","ประเภทอ้อย":"ปลายฝน","พื้นที่":1.79,"ตันรวม":23.27,"รหัสแปลง":"320504131739","กลุ่ม":"กลุ่ม_02"},"geometry":{"type":"MultiPolygon","coordinates":[[[[968500.41469999961555,1616325.091499999165535],[968430.551799999549985,1616322.141200000420213],[968428.587899999693036,1616362.4024],[968495.767,1616368.19649999961257],[968500.41469999961555,1616325.091499999165535]]]]}},
{"type":"Feature","properties":{"รหัสกลุ่มคิว":"02/001","รหัสรับเหมา":"738889","ชื่อ-สกุล รับเหมา":"รถตัดโรงงานเบอร์ 15","นักเกษตร":"0010","ศูนย์":"K2-02","โควตา":"910581","ชาวไร่":"นาย สุวิชัย คำตัน","ประเภทอ้อย":"ตอ2","พื้นที่":24.03,"ตันรวม":192.24,"รหัสแปลง":"340706123008","กลุ่ม":"กลุ่ม_02"},"geometry":{"type":"MultiPolygon","coordinates":[[[[1131575.300900000147521,1648698.650800000876188],[1131598.0756,1648840.272600000724196],[1131603.737499999813735,1648885.452500000596046],[1131625.03249999973923,1648884.529999999329448],[1131629.853199999779463,1648680.627299999818206],[1131631.640100000426173,1648633.234200000762939],[1131584.945000000298023,1648393.509099999442697],[1131557.324799999594688,1648305.871500000357628],[1131438.296699999831617,1648328.501700000837445],[1131471.706000000238419,1648415.36460000090301],[1131514.978199999779463,1648408.162900000810623],[1131575.300900000147521,1648698.650800000876188]]]]}},
{"type":"Feature","properties":{"รหัสกลุ่มคิว":"02/001","รหัสรับเหมา":"738889","ชื่อ-สกุล รับเหมา":"รถตัดโรงงานเบอร์ 15","นักเกษตร":"0010","ศูนย์":"K2-02","โควตา":"773000","ชาวไร่":"นาย ฐิติโชติ มิ่งแก้ว","ประเภทอ้อย":"ตอ3","พื้นที่":33.95,"ตันรวม":237.65,"รหัสแปลง":"321301111697","กลุ่ม":"กลุ่ม_02"},"geometry":{"type":"MultiPolygon","coordinates":[[[[1029834.58600000012666,1610574.750099999830127],[1029890.462899999693036,1610847.215500000864267],[1030079.225499999709427,1610830.236600000411272],[1030027.549599999561906,1610546.313400000333786],[1029834.58600000012666,1610574.750099999830127]]]]}},
{"type":"Feature","properties":{"รหัสกลุ่มคิว":"02/001","รหัสรับเหมา":"738889","ชื่อ-สกุล รับเหมา":"รถตัดโรงงานเบอร์ 15","นักเกษตร":"0010","ศูนย์":"K2-02","โควตา":"911516","ชาวไร่":"นาย พรณรงค์ ลิ้มวงษ์ทอง","ประเภทอ้อย":"ปลายฝน","พื้นที่":7.12,"ตันรวม":92.56,"รหัสแปลง":"340704083017","กลุ่ม":"กลุ่ม_02"},"geometry":{"type":"MultiPolygon","coordinates":[[[[1142766.866100000217557,1655722.147600000724196],[1142808.4808,1655695.042099999263883],[1142792.13399999961257,1655670.10329999960959],[1142767.838100000284612,1655684.809599999338388],[1142710.725399999879301,1655716.929099999368191],[1142670.583800000138581,1655734.420199999585748],[1142599.2758,1655757.813300000503659],[1142567.381699999794364,1655769.547499999403954],[1142576.764700000174344,1655842.116699999198318],[1142766.866100000217557,1655722.147600000724196]]]]}},
{"type":"Feature","properties":{"รหัสกลุ่มคิว":"02/001","รหัสรับเหมา":"738889","ชื่อ-สกุล รับเหมา":"รถตัดโรงงานเบอร์ 15","นักเกษตร":"0010","ศูนย์":"K2-02","โควตา":"720000","ชาวไร่":"นางสาว ดาหวัน แก้วแสนเมือง","ประเภทอ้อย":"ตอ1","พื้นที่":2.23,"ตันรวม":20.07,"รหัสแปลง":"321301111705","กลุ่ม":"กลุ่ม_02"},"geometry":{"type":"MultiPolygon","coordinates":[[[[1030123.474100000225008,1611245.89299999922514],[1030138.420400000177324,1611147.755599999800324],[1030101.511099999770522,1611144.960400000214577],[1030087.5784,1611238.574799999594688],[1030123.474100000225008,1611245.89299999922514]]]]}},
{"type":"Feature","properties":{"รหัสกลุ่มคิว":"02/001","รหัสรับเหมา":"738889","ชื่อ-สกุล รับเหมา":"รถตัดโรงงานเบอร์ 15","นักเกษตร":"0010","ศูนย์":"K2-02","โควตา":"931048","ชาวไร่":"นาย ทองปาน พันแสนแก้ว","ประเภทอ้อย":"ปลายฝน","พื้นที่":3.94,"ตันรวม":51.22,"รหัสแปลง":"341511093009","กลุ่ม":"กลุ่ม_02"},"geometry":{"type":"MultiPolygon","coordinates":[[[[1118700.362499999813735,1680621.065700000151992],[1118639.021800000220537,1680585.547399999573827],[1118593.029799999669194,1680657.709899999201298],[1118656.970800000242889,1680697.002100000157952],[1118700.362499999813735,1680621.065700000151992]]]]}},
{"type":"Feature","properties":{"รหัสกลุ่มคิว":"02/001","รหัสรับเหมา":"738889","ชื่อ-สกุล รับเหมา":"รถตัดโรงงานเบอร์ 15","นักเกษตร":"0010","ศูนย์":"K2-02","โควตา":"911516","ชาวไร่":"นาย พรณรงค์ ลิ้มวงษ์ทอง","ประเภทอ้อย":"ปลายฝน","พื้นที่":2.13,"ตันรวม":27.69,"รหัสแปลง":"340704103024","กลุ่ม":"กลุ่ม_02"},"geometry":{"type":"MultiPolygon","coordinates":[[[[1143368.285500000230968,1659608.779799999669194],[1143340.205199999734759,1659457.572000000625849],[1143335.3229,1659455.109999999403954],[1143327.795699999667704,1659606.550899999216199],[1143368.285500000230968,1659608.779799999669194]]]]}},
{"type":"Feature","properties":{"รหัสกลุ่มคิว":"02/001","รหัสรับเหมา":"738889","ชื่อ-สกุล รับเหมา":"รถตัดโรงงานเบอร์ 15","นักเกษตร":"0010","ศูนย์":"K2-02","โควตา":"912686","ชาวไร่":"นาย ถวัลย์ วันนา","ประเภทอ้อย":"ตอ1","พื้นที่":4.5,"ตันรวม":40.5,"รหัสแปลง":"340708030007","กลุ่ม":"กลุ่ม_02"},"geometry":{"type":"MultiPolygon","coordinates":[[[[1144990.669200000353158,1653011.165899999439716],[1145016.653599999845028,1653150.559699999168515],[1145066.016800000332296,1653128.07149999961257],[1145050.599999999627471,1653012.05210000090301],[1144990.669200000353158,1653011.165899999439716]]]]}},
{"type":"Feature","properties":{"รหัสกลุ่มคิว":"02/001","รหัสรับเหมา":"738889","ชื่อ-สกุล รับเหมา":"รถตัดโรงงานเบอร์ 15","นักเกษตร":"0010","ศูนย์":"K2-02","โควตา":"773000","ชาวไร่":"นาย ฐิติโชติ มิ่งแก้ว","ประเภทอ้อย":"ตอ4","พื้นที่":8.08,"ตันรวม":56.56,"รหัสแปลง":"321301111719","กลุ่ม":"กลุ่ม_02"},"geometry":{"type":"MultiPolygon","coordinates":[[[[1029649.60010000038892,1610172.1418999992311],[1029683.940600000321865,1610268.808299999684095],[1029778.131,1610233.487500000745058],[1029738.436499999836087,1610091.6381],[1029696.016200000420213,1610104.560799999162555],[1029707.034900000318885,1610143.059100000187755],[1029649.60010000038892,1610172.1418999992311]]]]}},
{"type":"Feature","properties":{"รหัสกลุ่มคิว":"02/001","รหัสรับเหมา":"738889","ชื่อ-สกุล รับเหมา":"รถตัดโรงงานเบอร์ 15","นักเกษตร":"0010","ศูนย์":"K2-02","โควตา":"960576","ชาวไร่":"นาย ถวิล วันนา","ประเภทอ้อย":"ปลายฝน","พื้นที่":5.97,"ตันรวม":77.61,"รหัสแปลง":"340708103008","กลุ่ม":"กลุ่ม_02"},"geometry":{"type":"MultiPolygon","coordinates":[[[[1146445.584300000220537,1646820.991599999368191],[1146470.679700000211596,1646826.308399999514222],[1146476.806099999696016,1646815.995100000873208],[1146519.694899999536574,1646829.727800000458956],[1146560.382000000216067,1646693.909700000658631],[1146505.6804,1646675.6414],[1146445.584300000220537,1646820.991599999368191]]]]}},
{"type":"Feature","properties":{"รหัสกลุ่มคิว":"02/001","รหัสรับเหมา":"738889","ชื่อ-สกุล รับเหมา":"รถตัดโรงงานเบอร์ 15","นักเกษตร":"0010","ศูนย์":"K2-02","โควตา":"960572","ชาวไร่":"นาง สมปอง หัถวงค์","ประเภทอ้อย":"ปลายฝน","พื้นที่":8.67,"ตันรวม":112.71,"รหัสแปลง":"340708080001","กลุ่ม":"กลุ่ม_02"},"geometry":{"type":"MultiPolygon","coordinates":[[[[1146136.744199999608099,1645855.325999999418855],[1146150.591199999675155,1645911.116399999707937],[1146225.468999999575317,1645907.249199999496341],[1146219.852900000289083,1645879.976299999281764],[1146254.856800000183284,1645882.775900000706315],[1146259.537700000219047,1645901.643300000578165],[1146407.298999999649823,1645900.647299999371171],[1146396.410400000400841,1645840.0746],[1146136.744199999608099,1645855.325999999418855]]]]}},
{"type":"Feature","properties":{"รหัสกลุ่มคิว":"02/001","รหัสรับเหมา":"738889","ชื่อ-สกุล รับเหมา":"รถตัดโรงงานเบอร์ 15","นักเกษตร":"0010","ศูนย์":"K2-02","โควตา":"911516","ชาวไร่":"นาย พรณรงค์ ลิ้มวงษ์ทอง","ประเภทอ้อย":"ปลายฝน","พื้นที่":9.11,"ตันรวม":118.43,"รหัสแปลง":"340704083020","กลุ่ม":"กลุ่ม_02"},"geometry":{"type":"MultiPolygon","coordinates":[[[[1142563.200500000268221,1655762.574300000444055],[1142632.561300000175834,1655742.434499999508262],[1142606.086400000378489,1655607.009700000286102],[1142597.0005,1655607.455399999395013],[1142600.426300000399351,1655631.778599999845028],[1142564.314299999736249,1655635.744200000539422],[1142562.24239999987185,1655616.7007],[1142586.617499999701977,1655606.920199999585748],[1142577.2319,1655545.635900000110269],[1142512.848299999721348,1655556.965900000184774],[1142540.684600000269711,1655691.6765],[1142549.4907,1655726.276499999687076],[1142556.3251,1655741.477],[1142563.200500000268221,1655762.574300000444055]]]]}},
{"type":"Feature","properties":{"รหัสกลุ่มคิว":"02/001","รหัสรับเหมา":"738889","ชื่อ-สกุล รับเหมา":"รถตัดโรงงานเบอร์ 15","นักเกษตร":"0010","ศูนย์":"K2-02","โควตา":"960580","ชาวไร่":"นาย ณัฐวัฒน์ สำโรงแสง","ประเภทอ้อย":"ปลายฝน","พื้นที่":23.07,"ตันรวม":299.91,"รหัสแปลง":"340702050003","กลุ่ม":"กลุ่ม_02"},"geometry":{"type":"MultiPolygon","coordinates":[[[[1141960.89919999986887,1667565.356799999251962],[1141961.9309,1667613.64670000039041],[1141976.318,1667737.293700000271201],[1141984.267400000244379,1667733.14159999974072],[1141998.707600000314415,1667746.605499999597669],[1142046.616399999707937,1667727.566400000825524],[1142069.013799999840558,1667770.086300000548363],[1142100.974000000394881,1667721.672700000926852],[1142104.67200000025332,1667715.592499999329448],[1142155.37430000025779,1667654.920099999755621],[1142163.034599999897182,1667643.70380000025034],[1142163.1212,1667635.479900000616908],[1142187.910799999721348,1667604.63910000026226],[1142176.74210000038147,1667595.500199999660254],[1142170.251500000245869,1667597.300799999386072],[1142147.1551,1667546.1162],[1142157.075799999758601,1667543.112600000575185],[1142158.4199,1667534.955399999395013],[1142183.705299999564886,1667525.64670000039041],[1142183.254200000315905,1667506.81900000013411],[1141960.89919999986887,1667565.356799999251962]]]]}},
{"type":"Feature","properties":{"รหัสกลุ่มคิว":"02/001","รหัสรับเหมา":"738889","ชื่อ-สกุล รับเหมา":"รถตัดโรงงานเบอร์ 15","นักเกษตร":"0010","ศูนย์":"K2-02","โควตา":"960574","ชาวไร่":"นาย รังสรรณ์ ศรีจำปา","ประเภทอ้อย":"ตอ1","พื้นที่":7.52,"ตันรวม":67.68,"รหัสแปลง":"340708103009","กลุ่ม":"กลุ่ม_02"},"geometry":{"type":"MultiPolygon","coordinates":[[[[1144855.0554,1650824.747400000691414],[1144875.529,1650813.939099999144673],[1144866.512400000356138,1650760.4463],[1144836.143000000156462,1650492.692900000140071],[1144799.790300000458956,1650495.155799999833107],[1144814.543499999679625,1650658.435499999672174],[1144814.066399999894202,1650658.98200000077486],[1144814.340800000354648,1650658.8915],[1144827.67960000038147,1650748.934399999678135],[1144835.4874,1650773.185000000521541],[1144855.0554,1650824.747400000691414]]]]}},
{"type":"Feature","properties":{"รหัสกลุ่มคิว":"02/001","รหัสรับเหมา":"738889","ชื่อ-สกุล รับเหมา":"รถตัดโรงงานเบอร์ 15","นักเกษตร":"0010","ศูนย์":"K2-02","โควตา":"773000","ชาวไร่":"นาย ฐิติโชติ มิ่งแก้ว","ประเภทอ้อย":"ปลายฝน","พื้นที่":36.06,"ตันรวม":468.78,"รหัสแปลง":"321301111724","กลุ่ม":"กลุ่ม_02"},"geometry":{"type":"MultiPolygon","coordinates":[[[[1030281.277300000190735,1610828.405500000342727],[1030087.8185,1610844.123199999332428],[1030174.9759,1611210.578099999576807],[1030286.6502,1611214.740800000727177],[1030281.277300000190735,1610828.405500000342727]]]]}},
{"type":"Feature","properties":{"รหัสกลุ่มคิว":"02/001","รหัสรับเหมา":"738889","ชื่อ-สกุล รับเหมา":"รถตัดโรงงานเบอร์ 15","นักเกษตร":"0010","ศูนย์":"K2-02","โควตา":"960576","ชาวไร่":"นาย ถวิล วันนา","ประเภทอ้อย":"ปลายฝน","พื้นที่":7.67,"ตันรวม":99.71,"รหัสแปลง":"340708030009","กลุ่ม":"กลุ่ม_02"},"geometry":{"type":"MultiPolygon","coordinates":[[[[1146523.052299999631941,1646836.063799999654293],[1146443.645700000226498,1646819.564500000327826],[1146402.51549999974668,1646938.148299999535084],[1146508.2873,1646968.369699999690056],[1146523.052299999631941,1646836.063799999654293]]]]}},
{"type":"Feature","properties":{"รหัสกลุ่มคิว":"02/001","รหัสรับเหมา":"738889","ชื่อ-สกุล รับเหมา":"รถตัดโรงงานเบอร์ 15","นักเกษตร":"0010","ศูนย์":"K2-02","โควตา":"931048","ชาวไร่":"นาย ทองปาน พันแสนแก้ว","ประเภทอ้อย":"ตอ2","พื้นที่":10.05,"ตันรวม":80.4,"รหัสแปลง":"341511093010","กลุ่ม":"กลุ่ม_02"},"geometry":{"type":"MultiPolygon","coordinates":[[[[1118617.133100000210106,1680760.988500000908971],[1118777.900000000372529,1680871.973200000822544],[1118807.868900000117719,1680779.21680000051856],[1118795.872399999760091,1680774.024000000208616],[1118670.367700000293553,1680700.874500000849366],[1118642.679399999789894,1680699.776200000196695],[1118617.133100000210106,1680760.988500000908971]]]]}},
{"type":"Feature","properties":{"รหัสกลุ่มคิว":"02/001","รหัสรับเหมา":"738889","ชื่อ-สกุล รับเหมา":"รถตัดโรงงานเบอร์ 15","นักเกษตร":"0010","ศูนย์":"K2-02","โควตา":"960573","ชาวไร่":"นาง ภู อาริกุล","ประเภทอ้อย":"ตอ1","พื้นที่":6.15,"ตันรวม":55.35,"รหัสแปลง":"340708030011","กลุ่ม":"กลุ่ม_02"},"geometry":{"type":"MultiPolygon","coordinates":[[[[1147075.965699999593198,1651189.206599999219179],[1147077.089499999769032,1651185.239900000393391],[1147084.216,1651188.397900000214577],[1147088.300099999643862,1651197.405500000342727],[1147096.292500000447035,1651201.884400000795722],[1147113.762900000438094,1651195.868000000715256],[1147125.0981,1651196.729900000616908],[1147167.672399999573827,1651222.531600000336766],[1147162.800300000235438,1651243.337799999862909],[1147178.985600000247359,1651249.864],[1147190.347900000400841,1651194.675899999216199],[1146981.555800000205636,1651093.869999999180436],[1146971.605100000277162,1651089.056800000369549],[1146957.730100000277162,1651122.057],[1147075.965699999593198,1651189.206599999219179]]]]}},
{"type":"Feature","properties":{"รหัสกลุ่มคิว":"02/001","รหัสรับเหมา":"738889","ชื่อ-สกุล รับเหมา":"รถตัดโรงงานเบอร์ 15","นักเกษตร":"0010","ศูนย์":"K2-02","โควตา":"720000","ชาวไร่":"นางสาว ดาหวัน แก้วแสนเมือง","ประเภทอ้อย":"ปลายฝน","พื้นที่":3.26,"ตันรวม":42.38,"รหัสแปลง":"321301111733","กลุ่ม":"กลุ่ม_02"},"geometry":{"type":"MultiPolygon","coordinates":[[[[1030150.1996,1611364.868699999526143],[1030128.678000000305474,1611523.475999999791384],[1030164.6349,1611528.989499999210238],[1030178.497600000351667,1611366.997700000181794],[1030150.1996,1611364.868699999526143]]]]}},
{"type":"Feature","properties":{"รหัสกลุ่มคิว":"02/001","รหัสรับเหมา":"738889","ชื่อ-สกุล รับเหมา":"รถตัดโรงงานเบอร์ 15","นักเกษตร":"0010","ศูนย์":"K2-02","โควตา":"720000","ชาวไร่":"นางสาว ดาหวัน แก้วแสนเมือง","ประเภทอ้อย":"ปลายฝน","พื้นที่":6.15,"ตันรวม":79.95,"รหัสแปลง":"321301111734","กลุ่ม":"กลุ่ม_02"},"geometry":{"type":"MultiPolygon","coordinates":[[[[1030058.627899999730289,1611409.076400000602007],[1030099.820299999788404,1611139.213600000366569],[1030064.640999999828637,1611135.6765],[1030022.025899999774992,1611405.136700000613928],[1030058.627899999730289,1611409.076400000602007]]]]}},
{"type":"Feature","properties":{"รหัสกลุ่มคิว":"02/001","รหัสรับเหมา":"738889","ชื่อ-สกุล รับเหมา":"รถตัดโรงงานเบอร์ 15","นักเกษตร":"0010","ศูนย์":"K2-02","โควตา":"960589","ชาวไร่":"นาย สว่าง ศิลาเกษ","ประเภทอ้อย":"ตอ1","พื้นที่":6.39,"ตันรวม":57.51,"รหัสแปลง":"340708030012","กลุ่ม":"กลุ่ม_02"},"geometry":{"type":"MultiPolygon","coordinates":[[[[1145171.478400000371039,1651578.750499999150634],[1145169.488599999807775,1651605.194199999794364],[1145184.77280000038445,1651604.267699999734759],[1145186.122399999760091,1651618.808800000697374],[1145193.5449,1651615.219200000166893],[1145197.6574,1651626.483300000429153],[1145197.60190000012517,1651633.263499999418855],[1145213.352900000289083,1651632.512700000777841],[1145213.804999999701977,1651647.0482],[1145208.729500000365078,1651650.011199999600649],[1145207.77240000013262,1651668.060399999842048],[1145226.429700000211596,1651668.133600000292063],[1145220.928299999795854,1651688.614700000733137],[1145252.047399999573827,1651701.337400000542402],[1145296.8651,1651616.731300000101328],[1145309.415199999697506,1651573.536100000143051],[1145171.478400000371039,1651578.750499999150634]]]]}},
{"type":"Feature","properties":{"รหัสกลุ่มคิว":"02/001","รหัสรับเหมา":"738889","ชื่อ-สกุล รับเหมา":"รถตัดโรงงานเบอร์ 15","นักเกษตร":"0010","ศูนย์":"K2-02","โควตา":"931048","ชาวไร่":"นาย ทองปาน พันแสนแก้ว","ประเภทอ้อย":"ปลายฝน","พื้นที่":2.67,"ตันรวม":34.71,"รหัสแปลง":"341511093011","กลุ่ม":"กลุ่ม_02"},"geometry":{"type":"MultiPolygon","coordinates":[[[[1118594.235299999825656,1680659.7796],[1118558.111600000411272,1680726.272399999201298],[1118610.216,1680757.101099999621511],[1118638.786100000143051,1680683.554500000551343],[1118594.235299999825656,1680659.7796]]]]}},
{"type":"Feature","properties":{"รหัสกลุ่มคิว":"02/001","รหัสรับเหมา":"738889","ชื่อ-สกุล รับเหมา":"รถตัดโรงงานเบอร์ 15","นักเกษตร":"0010","ศูนย์":"K2-02","โควตา":"960608","ชาวไร่":"นาง หนูกุล อารีย์","ประเภทอ้อย":"ปลายฝน","พื้นที่":15.52,"ตันรวม":201.76,"รหัสแปลง":"340708030015","กลุ่ม":"กลุ่ม_02"},"geometry":{"type":"MultiPolygon","coordinates":[[[[1147790.323400000110269,1646919.814600000157952],[1147679.140100000426173,1647012.020899999886751],[1147718.8372,1647041.037599999457598],[1147767.591799999587238,1647007.249800000339746],[1147815.946999999694526,1647039.693099999800324],[1147848.7335,1646994.050100000575185],[1147866.069899999536574,1646966.34180000051856],[1147901.112499999813735,1646903.8915],[1147915.961199999786913,1646874.81870000064373],[1147931.341,1646852.803999999538064],[1147950.7944,1646820.148],[1147945.908599999733269,1646814.084699999541044],[1147911.506400000303984,1646819.275100000202656],[1147886.792600000277162,1646799.517000000923872],[1147845.671400000341237,1646839.9309],[1147825.401399999856949,1646862.74070000089705],[1147776.6129,1646913.328400000929832],[1147790.323400000110269,1646919.814600000157952]]]]}},
{"type":"Feature","properties":{"รหัสกลุ่มคิว":"02/001","รหัสรับเหมา":"738889","ชื่อ-สกุล รับเหมา":"รถตัดโรงงานเบอร์ 15","นักเกษตร":"0010","ศูนย์":"K2-02","โควตา":"911758","ชาวไร่":"นางสาว นงคาร บุญเชิญ","ประเภทอ้อย":"ปลายฝน","พื้นที่":8.92,"ตันรวม":115.96,"รหัสแปลง":"341508043040","กลุ่ม":"กลุ่ม_02"},"geometry":{"type":"MultiPolygon","coordinates":[[[[1135251.500900000333786,1664876.125499999150634],[1135250.8734,1665007.506100000813603],[1135204.746600000187755,1665021.285299999639392],[1135224.649299999698997,1665092.241499999538064],[1135312.834599999710917,1665055.122899999842048],[1135321.348299999721348,1665046.640000000596046],[1135300.74280000012368,1664948.050899999216199],[1135314.139700000174344,1664878.169600000604987],[1135288.618700000457466,1664869.148],[1135251.500900000333786,1664876.125499999150634]]]]}},
{"type":"Feature","properties":{"รหัสกลุ่มคิว":"02/001","รหัสรับเหมา":"738889","ชื่อ-สกุล รับเหมา":"รถตัดโรงงานเบอร์ 15","นักเกษตร":"0010","ศูนย์":"K2-02","โควตา":"960615","ชาวไร่":"นาย สมัย ชาบุญเรือง","ประเภทอ้อย":"ตอ2","พื้นที่":6.99,"ตันรวม":55.92,"รหัสแปลง":"340708030019","กลุ่ม":"กลุ่ม_02"},"geometry":{"type":"MultiPolygon","coordinates":[[[[1144326.104600000195205,1650888.397700000554323],[1144360.274600000120699,1651207.010500000789762],[1144397.829199999570847,1651191.522900000214577],[1144388.521499999798834,1651128.623500000685453],[1144389.647199999541044,1651126.985600000247359],[1144358.4123,1650887.041200000792742],[1144326.104600000195205,1650888.397700000554323]]]]}},
{"type":"Feature","properties":{"รหัสกลุ่มคิว":"02/001","รหัสรับเหมา":"738889","ชื่อ-สกุล รับเหมา":"รถตัดโรงงานเบอร์ 15","นักเกษตร":"0010","ศูนย์":"K2-02","โควตา":"960609","ชาวไร่":"นาย วินัย ประฐม","ประเภทอ้อย":"ตอ2","พื้นที่":6.32,"ตันรวม":50.56,"รหัสแปลง":"340708030020","กลุ่ม":"กลุ่ม_02"},"geometry":{"type":"MultiPolygon","coordinates":[[[[1144311.701299999840558,1652685.750199999660254],[1144231.67,1652551.2566],[1144180.235999999567866,1652600.290100000798702],[1144247.980100000277162,1652715.7324],[1144311.701299999840558,1652685.750199999660254]]]]}},
{"type":"Feature","properties":{"รหัสกลุ่มคิว":"02/001","รหัสรับเหมา":"738889","ชื่อ-สกุล รับเหมา":"รถตัดโรงงานเบอร์ 15","นักเกษตร":"0010","ศูนย์":"K2-02","โควตา":"960610","ชาวไร่":"นาย สมพร มาลี","ประเภทอ้อย":"ตอ2","พื้นที่":10.56,"ตันรวม":84.48,"รหัสแปลง":"340708030021","กลุ่ม":"กลุ่ม_02"},"geometry":{"type":"MultiPolygon","coordinates":[[[[1145089.650500000454485,1651612.720100000500679],[1144922.6568,1651625.948200000450015],[1144921.010700000450015,1651723.679099999368191],[1145103.445299999788404,1651704.327299999073148],[1145117.421699999831617,1651657.008300000801682],[1145086.4117,1651659.092299999669194],[1145089.650500000454485,1651612.720100000500679]]]]}},
{"type":"Feature","properties":{"รหัสกลุ่มคิว":"02/001","รหัสรับเหมา":"738889","ชื่อ-สกุล รับเหมา":"รถตัดโรงงานเบอร์ 15","นักเกษตร":"0010","ศูนย์":"K2-02","โควตา":"960616","ชาวไร่":"นาง หนูจร กันนิดา","ประเภทอ้อย":"ตอ2","พื้นที่":10.01,"ตันรวม":80.08,"รหัสแปลง":"340708030025","กลุ่ม":"กลุ่ม_02"},"geometry":{"type":"MultiPolygon","coordinates":[[[[1144788.705500000156462,1652948.290899999439716],[1144812.360399999655783,1653014.204600000753999],[1144834.188400000333786,1653103.299100000411272],[1144938.048600000329316,1653098.927999999374151],[1144916.869199999608099,1652962.096200000494719],[1144840.13260000012815,1652978.087500000372529],[1144825.835,1652925.653999999165535],[1144788.705500000156462,1652948.290899999439716]]]]}},
{"type":"Feature","properties":{"รหัสกลุ่มคิว":"02/001","รหัสรับเหมา":"738889","ชื่อ-สกุล รับเหมา":"รถตัดโรงงานเบอร์ 15","นักเกษตร":"0010","ศูนย์":"K2-02","โควตา":"960589","ชาวไร่":"นาย สว่าง ศิลาเกษ","ประเภทอ้อย":"ตอ2","พื้นที่":2.26,"ตันรวม":18.08,"รหัสแปลง":"340708030026","กลุ่ม":"กลุ่ม_02"},"geometry":{"type":"MultiPolygon","coordinates":[[[[1145172.95160000026226,1651582.552300000563264],[1145309.803999999538064,1651575.543400000780821],[1145318.780399999581277,1651549.518500000238419],[1145173.423600000329316,1651556.844699999317527],[1145172.95160000026226,1651582.552300000563264]]]]}},
{"type":"Feature","properties":{"รหัสกลุ่มคิว":"02/001","รหัสรับเหมา":"738889","ชื่อ-สกุล รับเหมา":"รถตัดโรงงานเบอร์ 15","นักเกษตร":"0010","ศูนย์":"K2-02","โควตา":"912687","ชาวไร่":"นาย ดัด ขอสุข","ประเภทอ้อย":"ตอ1","พื้นที่":4.44,"ตันรวม":39.96,"รหัสแปลง":"340704020008","กลุ่ม":"กลุ่ม_02"},"geometry":{"type":"MultiPolygon","coordinates":[[[[1144582.646999999880791,1653791.44539999961853],[1144523.867700000293553,1653691.440300000831485],[1144480.8273,1653709.92960000038147],[1144512.602699999697506,1653821.997199999168515],[1144582.646999999880791,1653791.44539999961853]]]]}},
{"type":"Feature","properties":{"รหัสกลุ่มคิว":"02/001","รหัสรับเหมา":"738889","ชื่อ-สกุล รับเหมา":"รถตัดโรงงานเบอร์ 15","นักเกษตร":"0010","ศูนย์":"K2-02","โควตา":"960621","ชาวไร่":"นาย อาทิตย์ บุญตาเพศ","ประเภทอ้อย":"ตอ2","พื้นที่":12.55,"ตันรวม":100.4,"รหัสแปลง":"340708030027","กลุ่ม":"กลุ่ม_02"},"geometry":{"type":"MultiPolygon","coordinates":[[[[1144759.196600000374019,1652914.87360000051558],[1144806.962500000372529,1652903.9945],[1144827.120400000363588,1652922.224300000816584],[1144842.766900000162423,1652972.601099999621511],[1144916.442699999548495,1652954.149700000882149],[1144907.329199999570847,1652901.652000000700355],[1144831.443599999882281,1652916.47859999909997],[1144806.466699999757111,1652822.612199999392033],[1144657.715099999681115,1652861.17],[1144651.488300000317395,1652868.602800000458956],[1144609.132000000216067,1652944.167700000107288],[1144762.021499999798834,1652929.237199999392033],[1144759.196600000374019,1652914.87360000051558]]]]}},
{"type":"Feature","properties":{"รหัสกลุ่มคิว":"02/001","รหัสรับเหมา":"738889","ชื่อ-สกุล รับเหมา":"รถตัดโรงงานเบอร์ 15","นักเกษตร":"0010","ศูนย์":"K2-02","โควตา":"960627","ชาวไร่":"นาย กร มาลี","ประเภทอ้อย":"ตอ2","พื้นที่":5.26,"ตันรวม":42.08,"รหัสแปลง":"340708030032","กลุ่ม":"กลุ่ม_02"},"geometry":{"type":"MultiPolygon","coordinates":[[[[1144196.385300000198185,1651207.427799999713898],[1144197.587500000372529,1651276.781899999827147],[1144352.853400000371039,1651208.1086],[1144345.4967,1651173.25],[1144229.8569,1651196.278799999505281],[1144196.385300000198185,1651207.427799999713898]]]]}},
{"type":"Feature","properties":{"รหัสกลุ่มคิว":"02/001","รหัสรับเหมา":"738889","ชื่อ-สกุล รับเหมา":"รถตัดโรงงานเบอร์ 15","นักเกษตร":"0010","ศูนย์":"K2-02","โควตา":"960576","ชาวไร่":"นาย ถวิล วันนา","ประเภทอ้อย":"ตอ2","พื้นที่":10.67,"ตันรวม":85.36,"รหัสแปลง":"340708030033","กลุ่ม":"กลุ่ม_02"},"geometry":{"type":"MultiPolygon","coordinates":[[[[1146153.732099999673665,1651844.1393],[1146140.721099999733269,1651918.858999999240041],[1146133.2368,1651949.056099999696016],[1146121.9244,1651980.818399999290705],[1146113.433600000105798,1652001.5351],[1146102.420699999667704,1652022.183800000697374],[1146113.40500000026077,1652022.665200000628829],[1146114.040300000458956,1652019.160499999299645],[1146120.0104,1652018.394600000232458],[1146123.348399999551475,1652021.635700000450015],[1146170.408300000242889,1652021.4211],[1146230.6744,1652019.523600000888109],[1146225.5938,1652000.665400000289083],[1146222.0806,1651997.234200000762939],[1146225.7182,1651989.3618],[1146230.162100000306964,1651991.705900000408292],[1146233.806699999608099,1651936.752499999478459],[1146240.7122,1651854.45380000025034],[1146183.678100000135601,1651850.136299999430776],[1146174.670400000177324,1651849.893500000238419],[1146153.732099999673665,1651844.1393]]]]}},
{"type":"Feature","properties":{"รหัสกลุ่มคิว":"02/001","รหัสรับเหมา":"738889","ชื่อ-สกุล รับเหมา":"รถตัดโรงงานเบอร์ 15","นักเกษตร":"0010","ศูนย์":"K2-02","โควตา":"960582","ชาวไร่":"นาย สอน ประทุม","ประเภทอ้อย":"ตอ1","พื้นที่":12.54,"ตันรวม":112.86,"รหัสแปลง":"340708030035","กลุ่ม":"กลุ่ม_02"},"geometry":{"type":"MultiPolygon","coordinates":[[[[1145552.701299999840558,1652713.030600000172853],[1145579.0494,1652671.849600000306964],[1145595.721199999563396,1652648.57289999909699],[1145605.495699999853969,1652630.56110000051558],[1145599.881299999542534,1652630.3421],[1145590.174700000323355,1652632.459499999880791],[1145586.938900000415742,1652633.443299999460578],[1145583.016800000332296,1652633.080700000748038],[1145581.5778,1652631.689600000157952],[1145580.167999999597669,1652626.965099999681115],[1145580.191800000146031,1652623.272299999371171],[1145585.361200000159442,1652622.0603],[1145590.776700000278652,1652623.44400000013411],[1145591.807699999772012,1652628.212799999862909],[1145606.323300000280142,1652627.505000000819564],[1145608.107200000435114,1652597.0066],[1145606.944899999536574,1652579.922399999573827],[1145570.630099999718368,1652395.440600000321865],[1145561.7878,1652395.758500000461936],[1145547.8865,1652396.496300000697374],[1145537.896200000308454,1652372.501499999314547],[1145548.1491,1652366.660800000652671],[1145548.809299999848008,1652362.230000000447035],[1145552.521499999798834,1652351.579299999400973],[1145498.504700000397861,1652382.562100000679493],[1145525.773900000378489,1652521.387399999424815],[1145528.115799999795854,1652521.450500000268221],[1145541.3607,1652632.094699999317527],[1145552.701299999840558,1652713.030600000172853]]]]}},
{"type":"Feature","properties":{"รหัสกลุ่มคิว":"02/001","รหัสรับเหมา":"738889","ชื่อ-สกุล รับเหมา":"รถตัดโรงงานเบอร์ 15","นักเกษตร":"0010","ศูนย์":"K2-02","โควตา":"960637","ชาวไร่":"นางสาว วราธร ศรีเนตร","ประเภทอ้อย":"ตอ2","พื้นที่":1.22,"ตันรวม":9.76,"รหัสแปลง":"340708080002","กลุ่ม":"กลุ่ม_02"},"geometry":{"type":"MultiPolygon","coordinates":[[[[1145916.520100000314415,1644738.00730000063777],[1145916.916299999691546,1644837.554300000891089],[1145943.271099999547005,1644836.5929000005126],[1145928.693400000222027,1644734.626599999144673],[1145916.520100000314415,1644738.00730000063777]]]]}},
{"type":"Feature","properties":{"รหัสกลุ่มคิว":"02/001","รหัสรับเหมา":"738889","ชื่อ-สกุล รับเหมา":"รถตัดโรงงานเบอร์ 15","นักเกษตร":"0010","ศูนย์":"K2-02","โควตา":"960637","ชาวไร่":"นางสาว วราธร ศรีเนตร","ประเภทอ้อย":"ตอ1","พื้นที่":6.59,"ตันรวม":59.31,"รหัสแปลง":"340708080003","กลุ่ม":"กลุ่ม_02"},"geometry":{"type":"MultiPolygon","coordinates":[[[[1145917.746799999848008,1644739.3377],[1145930.796299999579787,1644736.907299999147654],[1145971.084099999628961,1644720.749500000849366],[1145975.6091,1644720.129499999806285],[1145969.583800000138581,1644655.6491],[1145966.699099999852479,1644648.898900000378489],[1145961.785400000400841,1644610.212999999523163],[1145884.943599999882281,1644617.605699999257922],[1145890.0022,1644630.716199999675155],[1145892.083100000396371,1644647.268799999728799],[1145893.516200000420213,1644654.350700000301003],[1145897.8142,1644668.923800000920892],[1145903.317599999718368,1644678.895199999213219],[1145902.8629,1644682.404799999669194],[1145892.082999999634922,1644694.349300000816584],[1145891.88289999961853,1644695.08530000038445],[1145900.213600000366569,1644700.498700000345707],[1145901.816999999806285,1644707.956000000238419],[1145901.082700000144541,1644715.165200000628829],[1145904.068199999630451,1644724.8838],[1145909.761699999682605,1644734.48960000090301],[1145909.887199999764562,1644736.531899999827147],[1145900.412200000137091,1644740.170299999415874],[1145900.494400000199676,1644750.552500000223517],[1145896.611999999731779,1644807.908900000154972],[1145895.129800000227988,1644829.555800000205636],[1145896.7083,1644837.939200000837445],[1145914.619699999690056,1644842.497400000691414],[1145917.746799999848008,1644739.3377]]]]}},
{"type":"Feature","properties":{"รหัสกลุ่มคิว":"02/001","รหัสรับเหมา":"738889","ชื่อ-สกุล รับเหมา":"รถตัดโรงงานเบอร์ 15","นักเกษตร":"0010","ศูนย์":"K2-02","โควตา":"960609","ชาวไร่":"นาย วินัย ประฐม","ประเภทอ้อย":"ตอ1","พื้นที่":6.51,"ตันรวม":58.59,"รหัสแปลง":"340708030037","กลุ่ม":"กลุ่ม_02"},"geometry":{"type":"MultiPolygon","coordinates":[[[[1144793.945600000210106,1652263.136800000444055],[1144807.9869,1652304.107200000435114],[1144894.033699999563396,1652275.282299999147654],[1145037.902599999681115,1652241.526100000366569],[1145031.855899999849498,1652225.05210000090301],[1145023.7769,1652203.704199999570847],[1144991.315999999642372,1652210.801100000739098],[1144966.770999999716878,1652211.808900000527501],[1144941.9611,1652215.96059999987483],[1144930.536999999545515,1652218.433599999174476],[1144923.096199999563396,1652220.272299999371171],[1144915.830400000326335,1652222.301100000739098],[1144793.945600000210106,1652263.136800000444055]]]]}},
{"type":"Feature","properties":{"รหัสกลุ่มคิว":"02/001","รหัสรับเหมา":"738889","ชื่อ-สกุล รับเหมา":"รถตัดโรงงานเบอร์ 15","นักเกษตร":"0010","ศูนย์":"K2-02","โควตา":"960624","ชาวไร่":"นาย รำไพ แสวงวงษ์","ประเภทอ้อย":"ตอ1","พื้นที่":10.08,"ตันรวม":90.72,"รหัสแปลง":"340708040003","กลุ่ม":"กลุ่ม_02"},"geometry":{"type":"MultiPolygon","coordinates":[[[[1142538.7401,1649744.877100000157952],[1142520.29839999973774,1649665.981799999251962],[1142510.017099999822676,1649618.999199999496341],[1142504.709699999541044,1649608.477800000458956],[1142502.686499999836087,1649603.233899999409914],[1142502.691499999724329,1649603.04869999922812],[1142494.720599999651313,1649550.567600000649691],[1142424.562199999578297,1649565.001000000163913],[1142445.852800000458956,1649685.675300000235438],[1142462.974299999885261,1649786.962099999189377],[1142538.7401,1649744.877100000157952]]]]}},
{"type":"Feature","properties":{"รหัสกลุ่มคิว":"02/001","รหัสรับเหมา":"738889","ชื่อ-สกุล รับเหมา":"รถตัดโรงงานเบอร์ 15","นักเกษตร":"0010","ศูนย์":"K2-02","โควตา":"960659","ชาวไร่":"นางสาว จตุพร สร้อยทอง","ประเภทอ้อย":"ตอ1","พื้นที่":8.33,"ตันรวม":74.97,"รหัสแปลง":"340708040004","กลุ่ม":"กลุ่ม_02"},"geometry":{"type":"MultiPolygon","coordinates":[[[[1146300.004700000397861,1651433.803400000557303],[1146319.279199999757111,1651488.969900000840425],[1146361.982200000435114,1651482.184100000187755],[1146369.725399999879301,1651502.596999999135733],[1146352.580900000408292,1651509.92],[1146358.463499999605119,1651545.852900000289083],[1146490.182699999772012,1651535.1305],[1146491.794200000353158,1651535.544700000435114],[1146506.348299999721348,1651477.177899999544024],[1146460.438299999572337,1651481.501199999824166],[1146403.1826,1651471.987600000575185],[1146409.282100000418723,1651459.732899999246001],[1146370.045800000429153,1651430.500800000503659],[1146351.904699999839067,1651427.972999999299645],[1146325.452399999834597,1651439.49379999935627],[1146318.4348,1651418.915200000628829],[1146308.313299999572337,1651417.000900000333786],[1146300.004700000397861,1651433.803400000557303]]]]}},
{"type":"Feature","properties":{"รหัสกลุ่มคิว":"02/001","รหัสรับเหมา":"738889","ชื่อ-สกุล รับเหมา":"รถตัดโรงงานเบอร์ 15","นักเกษตร":"0010","ศูนย์":"K2-02","โควตา":"960661","ชาวไร่":"นาง นุผัน มีบุญ","ประเภทอ้อย":"ตอ1","พื้นที่":8.89,"ตันรวม":80.01,"รหัสแปลง":"340708030038","กลุ่ม":"กลุ่ม_02"},"geometry":{"type":"MultiPolygon","coordinates":[[[[1144325.42920000012964,1652436.63370000012219],[1144310.1667,1652434.369899999350309],[1144318.705,1652445.349899999797344],[1144301.4677,1652456.193099999800324],[1144332.137500000186265,1652495.571100000292063],[1144362.072499999776483,1652542.158099999651313],[1144376.582100000232458,1652565.717399999499321],[1144388.4095,1652588.46309999935329],[1144431.419200000353158,1652671.731200000271201],[1144440.989199999719858,1652691.2654],[1144443.876500000245869,1652691.157700000330806],[1144486.130300000309944,1652775.703199999406934],[1144510.2851,1652822.691299999132752],[1144523.207899999804795,1652844.910599999129772],[1144555.832000000402331,1652831.701199999079108],[1144495.716199999675155,1652720.910900000482798],[1144446.501400000415742,1652633.7686],[1144424.899000000208616,1652592.409900000318885],[1144416.490299999713898,1652576.614099999889731],[1144394.533300000242889,1652541.73340000025928],[1144374.522900000214577,1652508.202500000596046],[1144325.42920000012964,1652436.63370000012219]]]]}},
{"type":"Feature","properties":{"รหัสกลุ่มคิว":"02/001","รหัสรับเหมา":"738889","ชื่อ-สกุล รับเหมา":"รถตัดโรงงานเบอร์ 15","นักเกษตร":"0010","ศูนย์":"K2-02","โควตา":"960662","ชาวไร่":"นาง อุไร ผาโคตร","ประเภทอ้อย":"ตอ1","พื้นที่":6.52,"ตันรวม":58.68,"รหัสแปลง":"340708050002","กลุ่ม":"กลุ่ม_02"},"geometry":{"type":"MultiPolygon","coordinates":[[[[1148860.687699999660254,1646648.185900000855327],[1148884.487700000405312,1646715.18889999948442],[1148908.909400000236928,1646705.652499999850988],[1148971.7237,1646690.107799999415874],[1149007.578499999828637,1646684.587200000882149],[1149024.597400000318885,1646682.08049999922514],[1148995.726700000464916,1646609.19400000013411],[1148914.236499999649823,1646628.498400000855327],[1148860.687699999660254,1646648.185900000855327]]]]}},
{"type":"Feature","properties":{"รหัสกลุ่มคิว":"02/001","รหัสรับเหมา":"738889","ชื่อ-สกุล รับเหมา":"รถตัดโรงงานเบอร์ 15","นักเกษตร":"0010","ศูนย์":"K2-02","โควตา":"960664","ชาวไร่":"นาย สุภี สีทา","ประเภทอ้อย":"ตอ1","พื้นที่":7.12,"ตันรวม":64.08,"รหัสแปลง":"340708030041","กลุ่ม":"กลุ่ม_02"},"geometry":{"type":"MultiPolygon","coordinates":[[[[1144247.858900000341237,1651821.401200000196695],[1144262.428100000135601,1651802.515900000929832],[1144284.007299999706447,1651777.70240000076592],[1144304.57120000012219,1651757.12470000050962],[1144294.204199999570847,1651733.676999999210238],[1144306.228400000371039,1651728.995500000193715],[1144318.930499999783933,1651739.345899999141693],[1144368.329699999652803,1651658.747199999168515],[1144284.835400000214577,1651693.203700000420213],[1144287.682900000363588,1651694.577600000426173],[1144270.9857,1651705.435599999502301],[1144261.190899999812245,1651694.236600000411272],[1144180.419099999591708,1651728.025100000202656],[1144247.858900000341237,1651821.401200000196695]]]]}},
{"type":"Feature","properties":{"รหัสกลุ่มคิว":"02/001","รหัสรับเหมา":"738889","ชื่อ-สกุล รับเหมา":"รถตัดโรงงานเบอร์ 15","นักเกษตร":"0010","ศูนย์":"K2-02","โควตา":"960396","ชาวไร่":"นาง สุพรรณ จันประสิทธิ์","ประเภทอ้อย":"ตอ1","พื้นที่":4.61,"ตันรวม":41.49,"รหัสแปลง":"340708103019","กลุ่ม":"กลุ่ม_02"},"geometry":{"type":"MultiPolygon","coordinates":[[[[1146557.632399999536574,1646818.807299999520183],[1146552.625799999572337,1646837.785399999469519],[1146577.6436,1646852.524399999529123],[1146581.5422,1646848.36600000038743],[1146636.6897,1646802.581800000742078],[1146621.506699999794364,1646790.495999999344349],[1146609.3531,1646786.462099999189377],[1146622.788200000301003,1646756.239],[1146604.806699999608099,1646740.926899999380112],[1146598.350599999539554,1646746.314200000837445],[1146559.545199999585748,1646720.80379999987781],[1146536.33,1646805.921800000593066],[1146557.632399999536574,1646818.807299999520183]]]]}},
{"type":"Feature","properties":{"รหัสกลุ่มคิว":"02/001","รหัสรับเหมา":"738889","ชื่อ-สกุล รับเหมา":"รถตัดโรงงานเบอร์ 15","นักเกษตร":"0010","ศูนย์":"K2-02","โควตา":"960660","ชาวไร่":"นาย อบมา มาลี","ประเภทอ้อย":"ตอ1","พื้นที่":5.3,"ตันรวม":47.7,"รหัสแปลง":"340708020001","กลุ่ม":"กลุ่ม_02"},"geometry":{"type":"MultiPolygon","coordinates":[[[[1144155.499200000427663,1651018.011800000444055],[1144148.302799999713898,1650957.023],[1144035.1837,1650973.448000000789762],[1144015.063,1651011.090399999171495],[1144012.4013,1651043.084799999371171],[1144155.499200000427663,1651018.011800000444055]]]]}},
{"type":"Feature","properties":{"รหัสกลุ่มคิว":"02/001","รหัสรับเหมา":"738889","ชื่อ-สกุล รับเหมา":"รถตัดโรงงานเบอร์ 15","นักเกษตร":"0010","ศูนย์":"K2-02","โควตา":"960660","ชาวไร่":"นาย อบมา มาลี","ประเภทอ้อย":"ตอ1","พื้นที่":8.13,"ตันรวม":73.17,"รหัสแปลง":"340708030042","กลุ่ม":"กลุ่ม_02"},"geometry":{"type":"MultiPolygon","coordinates":[[[[1144233.192699999548495,1651152.625099999830127],[1144272.675200000405312,1651143.599700000137091],[1144265.7494,1651115.13150000013411],[1144254.959599999710917,1651080.5515],[1144307.377600000239909,1651068.799200000241399],[1144313.5828,1651099.549100000411272],[1144266.288800000213087,1651114.91190000064671],[1144273.4655,1651143.419099999591708],[1144327.5197,1651131.062699999660254],[1144345.844700000248849,1651126.7357],[1144348.6085,1651104.38230000063777],[1144343.654500000178814,1651074.036699999123812],[1144337.7517,1651025.315600000321865],[1144336.818900000303984,1651013.057299999520183],[1144230.177899999544024,1651016.495400000363588],[1144225.144100000150502,1651049.53830000013113],[1144236.9995,1651051.154100000858307],[1144244.110500000417233,1651081.742900000885129],[1144211.584300000220537,1651091.249199999496341],[1144208.506799999624491,1651091.7226],[1144217.871399999596179,1651132.380999999120831],[1144233.192699999548495,1651152.625099999830127]]]]}},
{"type":"Feature","properties":{"รหัสกลุ่มคิว":"02/001","รหัสรับเหมา":"738889","ชื่อ-สกุล รับเหมา":"รถตัดโรงงานเบอร์ 15","นักเกษตร":"0010","ศูนย์":"K2-02","โควตา":"931048","ชาวไร่":"นาย ทองปาน พันแสนแก้ว","ประเภทอ้อย":"ปลายฝน","พื้นที่":3.54,"ตันรวม":46.02,"รหัสแปลง":"341511093012","กลุ่ม":"กลุ่ม_02"},"geometry":{"type":"MultiPolygon","coordinates":[[[[1118470.673100000247359,1680482.343100000172853],[1118484.858,1680459.3849],[1118390.767900000326335,1680403.000399999320507],[1118379.8344,1680419.630799999460578],[1118370.3662,1680413.531400000676513],[1118383.587299999780953,1680397.088899999856949],[1118368.811700000427663,1680388.304400000721216],[1118322.869599999859929,1680419.716700000688434],[1118357.887000000104308,1680440.114900000393391],[1118367.621000000275671,1680432.114],[1118375.029400000348687,1680436.029799999669194],[1118375.770200000144541,1680443.967299999669194],[1118388.628999999724329,1680453.756899999454618],[1118398.3657,1680448.782700000330806],[1118407.6261,1680453.915699999779463],[1118405.2122,1680462.421499999240041],[1118470.673100000247359,1680482.343100000172853]]]]}},
{"type":"Feature","properties":{"รหัสกลุ่มคิว":"02/001","รหัสรับเหมา":"738889","ชื่อ-สกุล รับเหมา":"รถตัดโรงงานเบอร์ 15","นักเกษตร":"0010","ศูนย์":"K2-02","โควตา":"960665","ชาวไร่":"นาง บังอร ดวงแก้ว","ประเภทอ้อย":"ตอ1","พื้นที่":10.01,"ตันรวม":90.09,"รหัสแปลง":"340708060003","กลุ่ม":"กลุ่ม_02"},"geometry":{"type":"MultiPolygon","coordinates":[[[[1144589.982300000265241,1646542.650699999183416],[1144572.313500000163913,1646455.061499999836087],[1144540.887500000186265,1646463.67259999923408],[1144536.4457,1646454.471300000324845],[1144376.145600000396371,1646487.989399999380112],[1144388.708700000308454,1646550.789599999785423],[1144394.069799999706447,1646552.601299999281764],[1144401.092199999839067,1646552.9748],[1144589.982300000265241,1646542.650699999183416]]]]}},
{"type":"Feature","properties":{"รหัสกลุ่มคิว":"02/001","รหัสรับเหมา":"738889","ชื่อ-สกุล รับเหมา":"รถตัดโรงงานเบอร์ 15","นักเกษตร":"0010","ศูนย์":"K2-02","โควตา":"960631","ชาวไร่":"นาย สรวง ตะนะโส","ประเภทอ้อย":"ตอ1","พื้นที่":5.86,"ตันรวม":52.74,"รหัสแปลง":"340708030043","กลุ่ม":"กลุ่ม_02"},"geometry":{"type":"MultiPolygon","coordinates":[[[[1144977.599000000394881,1650656.044399999082088],[1144967.233900000341237,1650578.843599999323487],[1144995.2494,1650582.932900000363588],[1144992.446000000461936,1650506.120699999853969],[1144958.309999999590218,1650501.681500000879169],[1144907.078599999658763,1650496.041500000283122],[1144928.382799999788404,1650602.266200000420213],[1144934.072100000455976,1650632.075899999588728],[1144946.74280000012368,1650663.741399999707937],[1144977.599000000394881,1650656.044399999082088]]]]}},
{"type":"Feature","properties":{"รหัสกลุ่มคิว":"02/001","รหัสรับเหมา":"738889","ชื่อ-สกุล รับเหมา":"รถตัดโรงงานเบอร์ 15","นักเกษตร":"0010","ศูนย์":"K2-02","โควตา":"960677","ชาวไร่":"นาย สังวาลย์ โสสว่าง","ประเภทอ้อย":"ตอ1","พื้นที่":12.68,"ตันรวม":114.12,"รหัสแปลง":"340708040005","กลุ่ม":"กลุ่ม_02"},"geometry":{"type":"MultiPolygon","coordinates":[[[[1145099.69550000037998,1649225.419399999082088],[1144994.925499999895692,1649219.269200000911951],[1144971.784,1649221.613399999216199],[1144957.715800000354648,1649221.7917],[1144945.399500000290573,1649223.8706],[1144946.052799999713898,1649239.828600000590086],[1144939.3876,1649246.3224],[1144870.239199999719858,1649256.513699999079108],[1144881.065000000409782,1649289.797399999573827],[1144884.332499999552965,1649315.834699999541044],[1144897.704800000414252,1649314.710999999195337],[1144899.773,1649351.837400000542402],[1144962.85010000038892,1649339.444299999624491],[1144975.5466,1649336.63429999910295],[1145045.368700000457466,1649314.784099999815226],[1145044.8619,1649306.800200000405312],[1145057.6579,1649300.285800000652671],[1145055.222900000400841,1649283.538499999791384],[1145061.3277000002563,1649277.771099999547005],[1145090.306400000117719,1649286.334300000220537],[1145098.688799999654293,1649283.037699999287724],[1145103.7275,1649276.685699999332428],[1145101.4567,1649253.825999999418855],[1145097.206199999898672,1649244.25870000012219],[1145107.370400000363588,1649241.75139999948442],[1145099.69550000037998,1649225.419399999082088]]]]}},
{"type":"Feature","properties":{"รหัสกลุ่มคิว":"02/001","รหัสรับเหมา":"738889","ชื่อ-สกุล รับเหมา":"รถตัดโรงงานเบอร์ 15","นักเกษตร":"0010","ศูนย์":"K2-02","โควตา":"960666","ชาวไร่":"นาง แพงศรี ดันงา","ประเภทอ้อย":"ตอ1","พื้นที่":10.59,"ตันรวม":95.31,"รหัสแปลง":"340708060004","กลุ่ม":"กลุ่ม_02"},"geometry":{"type":"MultiPolygon","coordinates":[[[[1144634.8366,1646618.364299999549985],[1144638.418600000441074,1646632.7325],[1144763.497499999590218,1646534.140100000426173],[1144947.859899999573827,1646342.977299999445677],[1144970.6442,1646320.418800000101328],[1144937.965900000184774,1646281.545299999415874],[1144919.675099999643862,1646297.9222999997437],[1144885.5466,1646333.336899999529123],[1144864.339499999769032,1646357.605900000780821],[1144844.909599999897182,1646382.849300000816584],[1144831.254200000315905,1646401.20409999974072],[1144818.003999999724329,1646417.901499999687076],[1144802.7418,1646435.6570999994874],[1144802.001199999824166,1646436.378699999302626],[1144782.625900000333786,1646459.584699999541044],[1144715.201500000432134,1646533.031199999153614],[1144719.841799999587238,1646534.823699999600649],[1144729.173499999567866,1646543.229299999773502],[1144732.808600000105798,1646548.887299999594688],[1144726.2785,1646557.05320000089705],[1144709.281499999575317,1646538.61849999986589],[1144634.8366,1646618.364299999549985]]]]}},
{"type":"Feature","properties":{"รหัสกลุ่มคิว":"02/001","รหัสรับเหมา":"738889","ชื่อ-สกุล รับเหมา":"รถตัดโรงงานเบอร์ 15","นักเกษตร":"0010","ศูนย์":"K2-02","โควตา":"960679","ชาวไร่":"นาย จักรกฤษณ์ ละทะโล","ประเภทอ้อย":"ตอ1","พื้นที่":9.65,"ตันรวม":86.85,"รหัสแปลง":"340708030046","กลุ่ม":"กลุ่ม_02"},"geometry":{"type":"MultiPolygon","coordinates":[[[[1146958.128999999724329,1651317.715800000354648],[1146982.764899999834597,1651406.982999999076128],[1146985.127299999818206,1651412.97829999960959],[1146994.86739999987185,1651446.235400000587106],[1147004.276999999769032,1651478.371400000527501],[1147014.116899999789894,1651507.923900000751019],[1147024.1667,1651529.697000000625849],[1147099.166299999691546,1651482.970300000160933],[1147062.0554,1651408.3805],[1147011.55599999986589,1651302.10359999909997],[1146958.128999999724329,1651317.715800000354648]]]]}},
{"type":"Feature","properties":{"รหัสกลุ่มคิว":"02/001","รหัสรับเหมา":"738889","ชื่อ-สกุล รับเหมา":"รถตัดโรงงานเบอร์ 15","นักเกษตร":"0010","ศูนย์":"K2-02","โควตา":"960674","ชาวไร่":"นาง ดวงใจ แสวงวงค์","ประเภทอ้อย":"ตอ1","พื้นที่":4.42,"ตันรวม":39.78,"รหัสแปลง":"340708050003","กลุ่ม":"กลุ่ม_02"},"geometry":{"type":"MultiPolygon","coordinates":[[[[1148498.5345,1645063.560900000855327],[1148490.0472,1645090.76630000025034],[1148496.96,1645117.917099999263883],[1148516.780899999663234,1645115.9543999992311],[1148596.002600000239909,1645100.663599999621511],[1148581.168399999849498,1645028.713199999183416],[1148513.2632,1645035.936200000345707],[1148500.03110000025481,1645061.562100000679493],[1148498.5345,1645063.560900000855327]]]]}},
{"type":"Feature","properties":{"รหัสกลุ่มคิว":"02/001","รหัสรับเหมา":"738889","ชื่อ-สกุล รับเหมา":"รถตัดโรงงานเบอร์ 15","นักเกษตร":"0010","ศูนย์":"K2-02","โควตา":"960676","ชาวไร่":"นาย นิยม แพงศรี","ประเภทอ้อย":"ตอ1","พื้นที่":6.52,"ตันรวม":58.68,"รหัสแปลง":"340708030047","กลุ่ม":"กลุ่ม_02"},"geometry":{"type":"MultiPolygon","coordinates":[[[[1144871.637500000186265,1652792.746999999508262],[1144923.778099999763072,1652784.511700000613928],[1144902.768299999646842,1652707.7653],[1144893.761800000444055,1652667.300899999216199],[1144881.231300000101328,1652617.103199999779463],[1144870.323599999770522,1652580.294800000265241],[1144824.743300000205636,1652592.599300000816584],[1144871.637500000186265,1652792.746999999508262]]]]}},
{"type":"Feature","properties":{"รหัสกลุ่มคิว":"02/001","รหัสรับเหมา":"738889","ชื่อ-สกุล รับเหมา":"รถตัดโรงงานเบอร์ 15","นักเกษตร":"0010","ศูนย์":"K2-02","โควตา":"960682","ชาวไร่":"นาย สุริยันต์ หงษ์วิเศษ","ประเภทอ้อย":"ตอ1","พื้นที่":9.68,"ตันรวม":87.12,"รหัสแปลง":"340708030048","กลุ่ม":"กลุ่ม_02"},"geometry":{"type":"MultiPolygon","coordinates":[[[[1144666.5817,1651569.081499999389052],[1144412.763500000350177,1651568.376599999144673],[1144400.973000000230968,1651597.901699999347329],[1144415.460699999704957,1651602.183399999514222],[1144415.8279,1651615.35329999960959],[1144391.2029,1651619.325500000268221],[1144385.024000000208616,1651627.870999999344349],[1144666.6097999997437,1651628.395600000396371],[1144666.5817,1651569.081499999389052]]]]}},
{"type":"Feature","properties":{"รหัสกลุ่มคิว":"02/001","รหัสรับเหมา":"738889","ชื่อ-สกุล รับเหมา":"รถตัดโรงงานเบอร์ 15","นักเกษตร":"0010","ศูนย์":"K2-02","โควตา":"960681","ชาวไร่":"นาย พรชัย บุญมางำ","ประเภทอ้อย":"ตอ1","พื้นที่":8.09,"ตันรวม":72.81,"รหัสแปลง":"340706123009","กลุ่ม":"กลุ่ม_02"},"geometry":{"type":"MultiPolygon","coordinates":[[[[1131692.27350000012666,1647608.936300000175834],[1131773.301699999719858,1647818.2456],[1131835.738599999807775,1647802.096799999475479],[1131740.620400000363588,1647593.89919999986887],[1131692.27350000012666,1647608.936300000175834]]]]}},
{"type":"Feature","properties":{"รหัสกลุ่มคิว":"02/001","รหัสรับเหมา":"738889","ชื่อ-สกุล รับเหมา":"รถตัดโรงงานเบอร์ 15","นักเกษตร":"0010","ศูนย์":"K2-02","โควตา":"960572","ชาวไร่":"นาง สมปอง หัถวงค์","ประเภทอ้อย":"ตอ1","พื้นที่":9.51,"ตันรวม":85.59,"รหัสแปลง":"340708030050","กลุ่ม":"กลุ่ม_02"},"geometry":{"type":"MultiPolygon","coordinates":[[[[1146238.760499999858439,1651853.289000000804663],[1146232.229399999603629,1651627.345599999651313],[1146176.665900000371039,1651621.955900000408292],[1146170.386699999682605,1651707.793199999257922],[1146155.833599999547005,1651839.747300000861287],[1146238.760499999858439,1651853.289000000804663]]]]}},
{"type":"Feature","properties":{"รหัสกลุ่มคิว":"02/001","รหัสรับเหมา":"738889","ชื่อ-สกุล รับเหมา":"รถตัดโรงงานเบอร์ 15","นักเกษตร":"0010","ศูนย์":"K2-02","โควตา":"960665","ชาวไร่":"นาง บังอร ดวงแก้ว","ประเภทอ้อย":"ตอ1","พื้นที่":10.19,"ตันรวม":91.71,"รหัสแปลง":"340708060005","กลุ่ม":"กลุ่ม_02"},"geometry":{"type":"MultiPolygon","coordinates":[[[[1143228.646300000138581,1647531.563999999314547],[1143396.772699999623001,1647515.118000000715256],[1143397.4205,1647504.385099999606609],[1143386.778699999675155,1647423.658800000324845],[1143380.2972,1647423.300000000745058],[1143207.675699999555945,1647439.255400000140071],[1143214.324799999594688,1647467.050200000405312],[1143228.393699999898672,1647466.870500000193715],[1143226.0302,1647481.07909999974072],[1143213.10190000012517,1647479.065099999308586],[1143228.646300000138581,1647531.563999999314547]]]]}},
{"type":"Feature","properties":{"รหัสกลุ่มคิว":"02/001","รหัสรับเหมา":"738889","ชื่อ-สกุล รับเหมา":"รถตัดโรงงานเบอร์ 15","นักเกษตร":"0010","ศูนย์":"K2-02","โควตา":"960685","ชาวไร่":"นาย บุญโฮม โสมอ่อน","ประเภทอ้อย":"ตอ1","พื้นที่":9.7,"ตันรวม":87.3,"รหัสแปลง":"340708030051","กลุ่ม":"กลุ่ม_02"},"geometry":{"type":"MultiPolygon","coordinates":[[[[1147001.6256,1651269.212099999189377],[1147103.3449,1651481.785499999299645],[1147113.20299999974668,1651463.886],[1147114.328700000420213,1651455.575099999085069],[1147122.9309,1651444.1294],[1147130.862700000405312,1651437.484999999403954],[1147145.370299999602139,1651427.681600000709295],[1147157.125,1651406.3114],[1147170.661500000394881,1651392.403799999505281],[1147174.5696,1651381.202099999412894],[1147149.22690000012517,1651378.293999999761581],[1147124.238199999555945,1651342.215700000524521],[1147085.036399999633431,1651298.339500000700355],[1147050.073400000110269,1651257.729000000283122],[1147039.213200000114739,1651245.943600000813603],[1147001.6256,1651269.212099999189377]]]]}},
{"type":"Feature","properties":{"รหัสกลุ่มคิว":"02/001","รหัสรับเหมา":"738889","ชื่อ-สกุล รับเหมา":"รถตัดโรงงานเบอร์ 15","นักเกษตร":"0010","ศูนย์":"K2-02","โควตา":"960690","ชาวไร่":"นาง สัมฤทธิ์ โสภา","ประเภทอ้อย":"ตอ1","พื้นที่":7.95,"ตันรวม":71.55,"รหัสแปลง":"340708040006","กลุ่ม":"กลุ่ม_02"},"geometry":{"type":"MultiPolygon","coordinates":[[[[1142654.6179,1649032.537900000810623],[1142606.58530000038445,1649149.875],[1142767.682,1649112.6678],[1142742.189799999818206,1649020.980000000447035],[1142654.6179,1649032.537900000810623]]]]}},
{"type":"Feature","properties":{"รหัสกลุ่มคิว":"02/001","รหัสรับเหมา":"738889","ชื่อ-สกุล รับเหมา":"รถตัดโรงงานเบอร์ 15","นักเกษตร":"0010","ศูนย์":"K2-02","โควตา":"913221","ชาวไร่":"นาง มนัญชยา บุดดา","ประเภทอ้อย":"ตอ1","พื้นที่":13.7,"ตันรวม":123.3,"รหัสแปลง":"331903053018","กลุ่ม":"กลุ่ม_02"},"geometry":{"type":"MultiPolygon","coordinates":[[[[1118822.789599999785423,1645091.569199999794364],[1118747.42989999987185,1644830.013000000268221],[1118702.4742,1644844.708599999547005],[1118702.815600000321865,1644855.875900000333786],[1118679.0022,1644861.347999999299645],[1118691.046799999661744,1644908.441800000146031],[1118694.612700000405312,1644909.9496],[1118695.634700000286102,1644913.949999999254942],[1118702.710799999535084,1644966.01410000026226],[1118726.17879999987781,1645067.570299999788404],[1118716.278300000354648,1645072.430500000715256],[1118718.196899999864399,1645103.104299999773502],[1118739.587600000202656,1645102.683599999174476],[1118744.92989999987185,1645108.121200000867248],[1118761.699699999764562,1645102.678300000727177],[1118765.3569,1645117.758300000801682],[1118776.335699999704957,1645116.216299999505281],[1118774.2133,1645099.997400000691414],[1118780.544700000435114,1645097.961300000548363],[1118780.632500000298023,1645101.23619999922812],[1118822.789599999785423,1645091.569199999794364]]]]}},
{"type":"Feature","properties":{"รหัสกลุ่มคิว":"02/001","รหัสรับเหมา":"738889","ชื่อ-สกุล รับเหมา":"รถตัดโรงงานเบอร์ 15","นักเกษตร":"0010","ศูนย์":"K2-02","โควตา":"960692","ชาวไร่":"นาย สต๋อย โสมา","ประเภทอ้อย":"ตอ1","พื้นที่":5.31,"ตันรวม":47.79,"รหัสแปลง":"340708020002","กลุ่ม":"กลุ่ม_02"},"geometry":{"type":"MultiPolygon","coordinates":[[[[1148013.697300000116229,1643638.228900000452995],[1148112.323900000192225,1643679.43610000051558],[1148133.0992,1643678.141100000590086],[1148143.586900000460446,1643677.125600000843406],[1148154.455,1643675.378799999132752],[1148164.2966,1643671.565500000491738],[1148175.5301,1643669.643200000748038],[1148171.604600000195205,1643627.830900000408292],[1148116.763000000268221,1643607.426599999889731],[1148113.857900000177324,1643622.385500000789762],[1148121.098500000312924,1643634.814200000837445],[1148120.418399999849498,1643639.985999999567866],[1148121.851099999621511,1643647.068399999290705],[1148118.511599999852479,1643643.82740000076592],[1148111.761900000274181,1643633.265599999576807],[1148108.41330000013113,1643637.068199999630451],[1148104.47829999960959,1643635.850199999287724],[1148103.82120000012219,1643626.74970000050962],[1148107.402900000102818,1643607.568199999630451],[1148101.10010000038892,1643607.213400000706315],[1148099.118599999696016,1643613.833200000226498],[1148095.193599999882281,1643612.244799999520183],[1148087.433199999853969,1643605.733799999579787],[1148085.405899999663234,1643607.347500000149012],[1148081.277599999681115,1643620.026599999517202],[1148083.221099999733269,1643628.2347999997437],[1148058.8454,1643622.574699999764562],[1148058.619400000199676,1643617.563799999654293],[1148053.843100000172853,1643614.098799999803305],[1148052.431200000457466,1643612.948699999600649],[1148059.7198,1643610.17879999987781],[1148074.6234,1643612.61849999986589],[1148076.589999999850988,1643606.554400000721216],[1148086.902499999850988,1643605.348799999803305],[1148087.771999999880791,1643597.907600000500679],[1148011.634399999864399,1643600.915500000119209],[1148013.697300000116229,1643638.228900000452995]]]]}},
{"type":"Feature","properties":{"รหัสกลุ่มคิว":"02/001","รหัสรับเหมา":"738889","ชื่อ-สกุล รับเหมา":"รถตัดโรงงานเบอร์ 15","นักเกษตร":"0010","ศูนย์":"K2-02","โควตา":"960621","ชาวไร่":"นาย อาทิตย์ บุญตาเพศ","ประเภทอ้อย":"ตอ1","พื้นที่":4.65,"ตันรวม":41.85,"รหัสแปลง":"340708030052","กลุ่ม":"กลุ่ม_02"},"geometry":{"type":"MultiPolygon","coordinates":[[[[1144821.957000000402331,1652830.149299999698997],[1144810.0526,1652830.384999999776483],[1144827.990000000223517,1652907.419299999251962],[1144903.308299999684095,1652895.359300000593066],[1144885.058500000275671,1652796.444499999284744],[1144819.007799999788404,1652812.461200000718236],[1144821.957000000402331,1652830.149299999698997]]]]}},
{"type":"Feature","properties":{"รหัสกลุ่มคิว":"02/001","รหัสรับเหมา":"738889","ชื่อ-สกุล รับเหมา":"รถตัดโรงงานเบอร์ 15","นักเกษตร":"0010","ศูนย์":"K2-02","โควตา":"960686","ชาวไร่":"นางสาว สุภาพร สังกะเพศ","ประเภทอ้อย":"ตอ1","พื้นที่":8.94,"ตันรวม":80.46,"รหัสแปลง":"340708060006","กลุ่ม":"กลุ่ม_02"},"geometry":{"type":"MultiPolygon","coordinates":[[[[1145107.943799999542534,1648004.893999999389052],[1145256.24170000012964,1647948.078099999576807],[1145218.737099999561906,1647880.899599999189377],[1145189.233199999667704,1647885.112299999222159],[1145173.8843,1647865.794199999421835],[1145119.894500000402331,1647888.812000000849366],[1145112.02240000013262,1647893.2346],[1145118.757399999536574,1647911.024000000208616],[1145074.90749999973923,1647932.4605],[1145107.943799999542534,1648004.893999999389052]]]]}},
{"type":"Feature","properties":{"รหัสกลุ่มคิว":"02/001","รหัสรับเหมา":"738889","ชื่อ-สกุล รับเหมา":"รถตัดโรงงานเบอร์ 15","นักเกษตร":"0010","ศูนย์":"K2-02","โควตา":"960695","ชาวไร่":"นาย มงคล แสงกล้า","ประเภทอ้อย":"ตอ1","พื้นที่":11.2,"ตันรวม":100.8,"รหัสแปลง":"340708030053","กลุ่ม":"กลุ่ม_02"},"geometry":{"type":"MultiPolygon","coordinates":[[[[1144840.429399999789894,1652143.535800000652671],[1144738.139999999664724,1652179.709100000560284],[1144747.19469999987632,1652198.302699999883771],[1144762.071399999782443,1652194.810399999842048],[1144777.127299999818206,1652224.872099999338388],[1144867.3476,1652195.0472],[1144879.3915,1652229.847200000658631],[1144954.90610000025481,1652210.562899999320507],[1145030.571999999694526,1652199.067800000309944],[1145000.092199999839067,1652112.42820000089705],[1144892.1562,1652137.3277000002563],[1144899.580299999564886,1652162.9211],[1144849.715599999763072,1652173.627800000831485],[1144840.429399999789894,1652143.535800000652671]]]]}},
{"type":"Feature","properties":{"รหัสกลุ่มคิว":"02/001","รหัสรับเหมา":"738889","ชื่อ-สกุล รับเหมา":"รถตัดโรงงานเบอร์ 15","นักเกษตร":"0010","ศูนย์":"K2-02","โควตา":"960621","ชาวไร่":"นาย อาทิตย์ บุญตาเพศ","ประเภทอ้อย":"ตอ1","พื้นที่":1.66,"ตันรวม":14.94,"รหัสแปลง":"340708030054","กลุ่ม":"กลุ่ม_02"},"geometry":{"type":"MultiPolygon","coordinates":[[[[1145041.983099999837577,1652793.253900000825524],[1145061.248599999584258,1652794.143200000748038],[1145061.267900000326335,1652786.729499999433756],[1145071.435100000351667,1652777.36460000090301],[1145071.31969999987632,1652774.951899999752641],[1145078.802500000223517,1652691.18720000050962],[1145057.7242,1652677.274299999698997],[1145041.983099999837577,1652793.253900000825524]]]]}},
{"type":"Feature","properties":{"รหัสกลุ่มคิว":"02/001","รหัสรับเหมา":"738889","ชื่อ-สกุล รับเหมา":"รถตัดโรงงานเบอร์ 15","นักเกษตร":"0010","ศูนย์":"K2-02","โควตา":"910581","ชาวไร่":"นาย สุวิชัย คำตัน","ประเภทอ้อย":"ตอ1","พื้นที่":9.49,"ตันรวม":85.41,"รหัสแปลง":"340706013024","กลุ่ม":"กลุ่ม_02"},"geometry":{"type":"MultiPolygon","coordinates":[[[[1131603.7621,1648829.674000000581145],[1131571.1721,1648835.11769999936223],[1131559.706799999810755,1648791.267799999564886],[1131541.722500000149012,1648707.40430000051856],[1131527.311499999836087,1648686.455800000578165],[1131510.2034,1648692.677300000563264],[1131487.506199999712408,1648698.93720000050962],[1131524.2297,1648858.530099999159575],[1131533.212000000290573,1648928.258500000461936],[1131536.0356,1648971.695800000801682],[1131546.205900000408292,1648968.812999999150634],[1131550.60219999961555,1648945.579199999570847],[1131589.039099999703467,1648943.995500000193715],[1131585.60219999961555,1648896.464999999850988],[1131602.622600000351667,1648893.576999999582767],[1131603.7621,1648829.674000000581145]]]]}},
{"type":"Feature","properties":{"รหัสกลุ่มคิว":"02/001","รหัสรับเหมา":"738889","ชื่อ-สกุล รับเหมา":"รถตัดโรงงานเบอร์ 15","นักเกษตร":"0010","ศูนย์":"K2-02","โควตา":"960698","ชาวไร่":"นาย มาโนช สีทา","ประเภทอ้อย":"ตอ1","พื้นที่":3.82,"ตันรวม":34.38,"รหัสแปลง":"340708040007","กลุ่ม":"กลุ่ม_02"},"geometry":{"type":"MultiPolygon","coordinates":[[[[1142387.343000000342727,1649392.745100000873208],[1142390.6826,1649510.529500000178814],[1142399.452200000174344,1649573.5965],[1142426.924100000411272,1649564.322799999266863],[1142432.776700000278652,1649554.47069999948144],[1142431.933600000105798,1649545.5515],[1142432.49210000038147,1649538.152599999681115],[1142431.752999999560416,1649525.343900000676513],[1142426.757299999706447,1649482.951199999079108],[1142420.758899999782443,1649471.299200000241399],[1142426.426300000399351,1649461.627499999478459],[1142414.732599999755621,1649393.292500000447035],[1142387.343000000342727,1649392.745100000873208]]]]}},
{"type":"Feature","properties":{"รหัสกลุ่มคิว":"02/001","รหัสรับเหมา":"738889","ชื่อ-สกุล รับเหมา":"รถตัดโรงงานเบอร์ 15","นักเกษตร":"0010","ศูนย์":"K2-02","โควตา":"913205","ชาวไร่":"นาย นนทกร ลักขณาโรจน์","ประเภทอ้อย":"ปลายฝน","พื้นที่":20.55,"ตันรวม":267.15,"รหัสแปลง":"331902033038","กลุ่ม":"กลุ่ม_02"},"geometry":{"type":"MultiPolygon","coordinates":[[[[1118338.7188,1641601.625700000673532],[1118341.119699999690056,1641599.654100000858307],[1118343.545800000429153,1641600.6667],[1118347.52489999961108,1641603.965700000524521],[1118366.639899999834597,1641600.996200000867248],[1118329.9337,1641410.589199999347329],[1118305.338200000114739,1641414.817900000140071],[1118289.134800000116229,1641363.45920000039041],[1118181.120500000193715,1641388.571399999782443],[1118236.043600000441074,1641633.259199999272823],[1118337.869699999690056,1641606.856300000101328],[1118338.7188,1641601.625700000673532]]]]}},
{"type":"Feature","properties":{"รหัสกลุ่มคิว":"02/001","รหัสรับเหมา":"738889","ชื่อ-สกุล รับเหมา":"รถตัดโรงงานเบอร์ 15","นักเกษตร":"0010","ศูนย์":"K2-02","โควตา":"931048","ชาวไร่":"นาย ทองปาน พันแสนแก้ว","ประเภทอ้อย":"ปลายฝน","พื้นที่":10.82,"ตันรวม":140.66,"รหัสแปลง":"341511093013","กลุ่ม":"กลุ่ม_02"},"geometry":{"type":"MultiPolygon","coordinates":[[[[1118783.670599999837577,1680676.564300000667572],[1118701.195899999700487,1680630.458399999886751],[1118665.307699999772012,1680700.31389999948442],[1118798.122899999842048,1680777.253699999302626],[1118873.15500000026077,1680805.307499999180436],[1118881.574199999682605,1680725.6897],[1118844.032200000248849,1680711.001299999654293],[1118783.670599999837577,1680676.564300000667572]]]]}},
{"type":"Feature","properties":{"รหัสกลุ่มคิว":"02/001","รหัสรับเหมา":"738889","ชื่อ-สกุล รับเหมา":"รถตัดโรงงานเบอร์ 15","นักเกษตร":"0010","ศูนย์":"K2-02","โควตา":"931048","ชาวไร่":"นาย ทองปาน พันแสนแก้ว","ประเภทอ้อย":"ปลายฝน","พื้นที่":5.67,"ตันรวม":73.71,"รหัสแปลง":"341511093014","กลุ่ม":"กลุ่ม_02"},"geometry":{"type":"MultiPolygon","coordinates":[[[[1118884.0949,1680710.194599999114871],[1118894.71030000038445,1680615.098799999803305],[1118863.393799999728799,1680618.815700000151992],[1118808.669800000265241,1680635.496500000357628],[1118785.752500000409782,1680639.184100000187755],[1118684.9364,1680580.100999999791384],[1118678.7171,1680589.5168999992311],[1118672.0515,1680584.807199999690056],[1118677.2242,1680577.329199999570847],[1118642.708800000138581,1680553.852800000458956],[1118621.458200000226498,1680567.099300000816584],[1118884.0949,1680710.194599999114871]]]]}},
{"type":"Feature","properties":{"รหัสกลุ่มคิว":"02/001","รหัสรับเหมา":"738889","ชื่อ-สกุล รับเหมา":"รถตัดโรงงานเบอร์ 15","นักเกษตร":"0010","ศูนย์":"K2-02","โควตา":"913236","ชาวไร่":"นาง จิราวรรณ พะวงษ์","ประเภทอ้อย":"ปลายฝน","พื้นที่":19.63,"ตันรวม":255.19,"รหัสแปลง":"330416090001","กลุ่ม":"กลุ่ม_02"},"geometry":{"type":"MultiPolygon","coordinates":[[[[1104174.575299999676645,1631459.113199999555945],[1104176.692300000227988,1631475.161699999123812],[1104166.567800000309944,1631477.370300000533462],[1104188.233900000341237,1631587.593800000846386],[1104190.58420000039041,1631594.2215],[1104198.916199999861419,1631597.788499999791384],[1104235.863800000399351,1631613.195599999278784],[1104236.684399999678135,1631618.083799999207258],[1104311.668499999679625,1631647.260600000619888],[1104319.689899999648333,1631536.8277000002563],[1104367.722500000149012,1631540.777200000360608],[1104371.3597,1631497.225700000301003],[1104337.350399999879301,1631401.656899999827147],[1104328.849499999545515,1631395.482899999246001],[1104251.627999999560416,1631420.967199999839067],[1104243.854399999603629,1631463.514399999752641],[1104205.458700000308454,1631457.99129999987781],[1104174.575299999676645,1631459.113199999555945]]]]}},
{"type":"Feature","properties":{"รหัสกลุ่มคิว":"02/001","รหัสรับเหมา":"738889","ชื่อ-สกุล รับเหมา":"รถตัดโรงงานเบอร์ 15","นักเกษตร":"0010","ศูนย์":"K2-02","โควตา":"960624","ชาวไร่":"นาย รำไพ แสวงวงษ์","ประเภทอ้อย":"ปลายฝน","พื้นที่":9.75,"ตันรวม":126.75,"รหัสแปลง":"340708030058","กลุ่ม":"กลุ่ม_02"},"geometry":{"type":"MultiPolygon","coordinates":[[[[1148834.936099999584258,1646506.427699999883771],[1148843.345700000412762,1646508.878900000825524],[1148856.8355,1646503.496300000697374],[1148861.50719999987632,1646509.010700000450015],[1148996.2654,1646468.886],[1148983.7747,1646437.222100000828505],[1148977.112499999813735,1646443.530300000682473],[1148967.876899999566376,1646438.2763],[1148967.7516,1646436.233899999409914],[1148967.6014,1646435.117599999532104],[1148976.426,1646428.867799999192357],[1148987.748800000175834,1646430.285399999469519],[1148959.008399999700487,1646372.602700000628829],[1148792.986200000159442,1646457.101299999281764],[1148816.9726,1646511.839099999517202],[1148834.936099999584258,1646506.427699999883771]]]]}},
{"type":"Feature","properties":{"รหัสกลุ่มคิว":"02/001","รหัสรับเหมา":"738889","ชื่อ-สกุล รับเหมา":"รถตัดโรงงานเบอร์ 15","นักเกษตร":"0010","ศูนย์":"K2-02","โควตา":"960662","ชาวไร่":"นาง อุไร ผาโคตร","ประเภทอ้อย":"ปลายฝน","พื้นที่":4.98,"ตันรวม":64.74,"รหัสแปลง":"340708050005","กลุ่ม":"กลุ่ม_02"},"geometry":{"type":"MultiPolygon","coordinates":[[[[1149121.498999999836087,1646639.650699999183416],[1149078.2028,1646580.092000000178814],[1148995.636400000192225,1646605.855000000447035],[1149020.3525,1646679.000099999830127],[1149046.741899999789894,1646676.746200000867248],[1149087.2368,1646666.346000000834465],[1149121.498999999836087,1646639.650699999183416]]]]}},
{"type":"Feature","properties":{"รหัสกลุ่มคิว":"02/001","รหัสรับเหมา":"738889","ชื่อ-สกุล รับเหมา":"รถตัดโรงงานเบอร์ 15","นักเกษตร":"0010","ศูนย์":"K2-02","โควตา":"960700","ชาวไร่":"นาง อรวรรณ์ อ่อนสีบุตร","ประเภทอ้อย":"ปลายฝน","พื้นที่":6.32,"ตันรวม":82.16,"รหัสแปลง":"340708040008","กลุ่ม":"กลุ่ม_02"},"geometry":{"type":"MultiPolygon","coordinates":[[[[1142443.846300000324845,1649686.5483],[1142425.046400000341237,1649560.380300000309944],[1142349.1941,1649578.739099999889731],[1142371.273699999786913,1649710.369799999520183],[1142405.761699999682605,1649701.654500000178814],[1142421.769399999640882,1649696.33699999935925],[1142443.846300000324845,1649686.5483]]]]}},
{"type":"Feature","properties":{"รหัสกลุ่มคิว":"02/001","รหัสรับเหมา":"738889","ชื่อ-สกุล รับเหมา":"รถตัดโรงงานเบอร์ 15","นักเกษตร":"0010","ศูนย์":"K2-02","โควตา":"960702","ชาวไร่":"นาง ทองปนท์ ไชยรัตน์","ประเภทอ้อย":"ปลายฝน","พื้นที่":7.59,"ตันรวม":98.67,"รหัสแปลง":"340708040009","กลุ่ม":"กลุ่ม_02"},"geometry":{"type":"MultiPolygon","coordinates":[[[[1142879.484199999831617,1649769.293700000271201],[1142767.165,1649789.44480000063777],[1142768.0543,1649792.532999999821186],[1142776.939899999648333,1649844.482899999246001],[1142763.2494,1649850.788899999111891],[1142765.890599999576807,1649866.614199999719858],[1142768.3054,1649877.428999999538064],[1142778.915,1649878.4543999992311],[1142830.1415,1649884.274399999529123],[1142845.094700000248849,1649884.674799999222159],[1142887.0373,1649887.0954],[1142892.7165,1649883.72580000013113],[1142879.484199999831617,1649769.293700000271201]]]]}},
{"type":"Feature","properties":{"รหัสกลุ่มคิว":"02/001","รหัสรับเหมา":"738889","ชื่อ-สกุล รับเหมา":"รถตัดโรงงานเบอร์ 15","นักเกษตร":"0010","ศูนย์":"K2-02","โควตา":"960396","ชาวไร่":"นาง สุพรรณ จันประสิทธิ์","ประเภทอ้อย":"ปลายฝน","พื้นที่":17.46,"ตันรวม":226.98,"รหัสแปลง":"340708060007","กลุ่ม":"กลุ่ม_02"},"geometry":{"type":"MultiPolygon","coordinates":[[[[1144097.2034,1647302.36769999936223],[1144232.186300000175834,1647116.554099999368191],[1144125.469499999657273,1647081.815199999138713],[1144100.63219999987632,1647073.365299999713898],[1143986.502299999818206,1647221.184699999168515],[1144097.2034,1647302.36769999936223]]]]}},
{"type":"Feature","properties":{"รหัสกลุ่มคิว":"02/001","รหัสรับเหมา":"738889","ชื่อ-สกุล รับเหมา":"รถตัดโรงงานเบอร์ 15","นักเกษตร":"0010","ศูนย์":"K2-02","โควตา":"931048","ชาวไร่":"นาย ทองปาน พันแสนแก้ว","ประเภทอ้อย":"ปลายฝน","พื้นที่":4.03,"ตันรวม":52.39,"รหัสแปลง":"341511093015","กลุ่ม":"กลุ่ม_02"},"geometry":{"type":"MultiPolygon","coordinates":[[[[1118445.0751,1680493.073200000450015],[1118405.012799999676645,1680480.750700000673532],[1118342.4972,1680573.277699999511242],[1118353.620699999853969,1680584.1086],[1118387.4265,1680620.746899999678135],[1118445.0751,1680493.073200000450015]]]]}},
{"type":"Feature","properties":{"รหัสกลุ่มคิว":"02/001","รหัสรับเหมา":"738889","ชื่อ-สกุล รับเหมา":"รถตัดโรงงานเบอร์ 15","นักเกษตร":"0010","ศูนย์":"K2-02","โควตา":"931048","ชาวไร่":"นาย ทองปาน พันแสนแก้ว","ประเภทอ้อย":"ปลายฝน","พื้นที่":1.77,"ตันรวม":23.01,"รหัสแปลง":"341511093016","กลุ่ม":"กลุ่ม_02"},"geometry":{"type":"MultiPolygon","coordinates":[[[[1118484.5921,1680460.175000000745058],[1118472.667399999685585,1680482.186499999836087],[1118514.548999999649823,1680498.676799999549985],[1118567.193,1680528.640000000596046],[1118572.0077,1680528.003900000825524],[1118573.520499999634922,1680533.311899999156594],[1118604.9923,1680548.83530000038445],[1118611.871000000275671,1680533.230100000277162],[1118484.5921,1680460.175000000745058]]]]}},
{"type":"Feature","properties":{"รหัสกลุ่มคิว":"02/001","รหัสรับเหมา":"738889","ชื่อ-สกุล รับเหมา":"รถตัดโรงงานเบอร์ 15","นักเกษตร":"0010","ศูนย์":"K2-02","โควตา":"960706","ชาวไร่":"นางสาว สมเพียร สุทธิพรม","ประเภทอ้อย":"ปลายฝน","พื้นที่":13.89,"ตันรวม":180.57,"รหัสแปลง":"340708030059","กลุ่ม":"กลุ่ม_02"},"geometry":{"type":"MultiPolygon","coordinates":[[[[1145797.518699999898672,1649934.072200000286102],[1145798.683600000105798,1649924.2796],[1145780.300699999555945,1649917.29759999923408],[1145787.7209,1649902.853900000452995],[1145787.9194,1649888.772099999710917],[1145790.949099999852479,1649863.274299999698997],[1145794.8871,1649857.634199999272823],[1145795.3048,1649835.402499999850988],[1145762.393699999898672,1649832.292999999597669],[1145764.43790000025183,1649809.919800000265241],[1145542.736700000241399,1649773.929999999701977],[1145545.932,1649829.4375],[1145773.606999999843538,1649938.248199999332428],[1145778.3454,1649929.663899999111891],[1145797.518699999898672,1649934.072200000286102]]]]}},
{"type":"Feature","properties":{"รหัสกลุ่มคิว":"02/001","รหัสรับเหมา":"738889","ชื่อ-สกุล รับเหมา":"รถตัดโรงงานเบอร์ 15","นักเกษตร":"0010","ศูนย์":"K2-02","โควตา":"912210","ชาวไร่":"นาย กิตติ ศิริชาติ","ประเภทอ้อย":"ปลายฝน","พื้นที่":7.38,"ตันรวม":95.94,"รหัสแปลง":"340708030060","กลุ่ม":"กลุ่ม_02"},"geometry":{"type":"MultiPolygon","coordinates":[[[[1146863.166400000452995,1646642.032299999147654],[1146788.404,1646558.834699999541044],[1146779.9995,1646556.198999999091029],[1146768.797500000335276,1646557.009999999776483],[1146749.529299999587238,1646576.1402000002563],[1146743.323900000192225,1646585.612099999561906],[1146746.09250000026077,1646589.949799999594688],[1146712.005400000140071,1646623.695699999108911],[1146748.309999999590218,1646661.74349999986589],[1146770.3871,1646685.692399999126792],[1146787.643799999728799,1646707.843399999663234],[1146863.166400000452995,1646642.032299999147654]]]]}},
{"type":"Feature","properties":{"รหัสกลุ่มคิว":"02/001","รหัสรับเหมา":"738889","ชื่อ-สกุล รับเหมา":"รถตัดโรงงานเบอร์ 15","นักเกษตร":"0010","ศูนย์":"K2-02","โควตา":"960712","ชาวไร่":"นางสาว สมศิริน ศิรินู","ประเภทอ้อย":"ปลายฝน","พื้นที่":8.99,"ตันรวม":116.87,"รหัสแปลง":"340708030062","กลุ่ม":"กลุ่ม_02"},"geometry":{"type":"MultiPolygon","coordinates":[[[[1147537.7412,1646696.696100000292063],[1147572.141099999658763,1646718.38260000012815],[1147583.11670000012964,1646705.8881],[1147599.6963,1646719.680500000715256],[1147570.077600000426173,1646754.843399999663234],[1147595.277300000190735,1646776.653100000694394],[1147670.57660000026226,1646699.159800000488758],[1147698.008899999782443,1646671.537900000810623],[1147681.7977,1646637.365499999374151],[1147664.450299999676645,1646605.201500000432134],[1147638.065899999812245,1646600.598600000143051],[1147581.762900000438094,1646635.59940000064671],[1147537.7412,1646696.696100000292063]]]]}},
{"type":"Feature","properties":{"รหัสกลุ่มคิว":"02/001","รหัสรับเหมา":"738889","ชื่อ-สกุล รับเหมา":"รถตัดโรงงานเบอร์ 15","นักเกษตร":"0010","ศูนย์":"K2-02","โควตา":"720000","ชาวไร่":"นางสาว ดาหวัน แก้วแสนเมือง","ประเภทอ้อย":"ปลายฝน","พื้นที่":3.38,"ตันรวม":43.94,"รหัสแปลง":"321301111766","กลุ่ม":"กลุ่ม_02"},"geometry":{"type":"MultiPolygon","coordinates":[[[[1029989.384100000374019,1611217.663599999621511],[1030044.212600000202656,1611229.933399999514222],[1030062.7056,1611133.75760000012815],[1030003.974000000394881,1611128.4572],[1029989.384100000374019,1611217.663599999621511]]]]}}
]
}
