<?xml version="1.0" encoding="UTF-8"?>
<kml xmlns="http://www.opengis.net/kml/2.2">
<Document>
  <name>กลุ่มคิว 83</name>
  <Style id="plotStyle">
    <LineStyle>
      <color>ff50AF4C</color>
      <width>1.5</width>
    </LineStyle>
    <PolyStyle>
      <color>8050AF4C</color>
    </PolyStyle>
  </Style>
  <Folder>
    <name>83_001</name>
    <Placemark>
      <name>320405071502</name>
      <description><![CDATA[<div style='font-family:Tahoma,sans-serif; font-size:13px;'><h3 style='color:#1565C0; margin:4px 0;'>รหัสแปลง: 320405071502</h3><p style='margin:2px 0;'><b>กลุ่มคิว:</b> 83_001</p><table border='1' style='border-collapse:collapse; border-color:#ccc; width:100%;'><tr><td style='padding:3px 6px; font-weight:bold; background-color:#f2f2f2;'>รหัสกลุ่มคิว</td><td style='padding:3px 6px;'>83/001</td></tr><tr><td style='padding:3px 6px; font-weight:bold; background-color:#f2f2f2;'>รหัสรับเหมา</td><td style='padding:3px 6px;'>738889</td></tr><tr><td style='padding:3px 6px; font-weight:bold; background-color:#f2f2f2;'>ชื่อ-สกุล รับเหมา</td><td style='padding:3px 6px;'>รถตัดโรงงานเบอร์ 35</td></tr><tr><td style='padding:3px 6px; font-weight:bold; background-color:#f2f2f2;'>นักเกษตร</td><td style='padding:3px 6px;'>8301</td></tr><tr><td style='padding:3px 6px; font-weight:bold; background-color:#f2f2f2;'>ศูนย์</td><td style='padding:3px 6px;'>K2-83</td></tr><tr><td style='padding:3px 6px; font-weight:bold; background-color:#f2f2f2;'>โควตา</td><td style='padding:3px 6px;'>784870</td></tr><tr><td style='padding:3px 6px; font-weight:bold; background-color:#f2f2f2;'>ชาวไร่</td><td style='padding:3px 6px;'>นาย พิธิวัฒน์ รอดเนียม</td></tr><tr><td style='padding:3px 6px; font-weight:bold; background-color:#f2f2f2;'>ประเภทอ้อย</td><td style='padding:3px 6px;'>ปลายฝน</td></tr><tr><td style='padding:3px 6px; font-weight:bold; background-color:#f2f2f2;'>พื้นที่</td><td style='padding:3px 6px;'>16.03</td></tr><tr><td style='padding:3px 6px; font-weight:bold; background-color:#f2f2f2;'>ตันรวม</td><td style='padding:3px 6px;'>208.39</td></tr><tr><td style='padding:3px 6px; font-weight:bold; background-color:#f2f2f2;'>รหัสแปลง</td><td style='padding:3px 6px;'>320405071502</td></tr><tr><td style='padding:3px 6px; font-weight:bold; background-color:#f2f2f2;'>กลุ่ม</td><td style='padding:3px 6px;'>กลุ่ม_83</td></tr></table></div>]]></description>
      <styleUrl>#plotStyle</styleUrl>
      <MultiGeometry><Polygon><outerBoundaryIs><LinearRing><coordinates>103.6668560,15.1375834,0 103.6694121,15.1372782,0 103.6694028,15.1363920,0 103.6687399,15.1364275,0 103.6684464,15.1364879,0 103.6681807,15.1365742,0 103.6667675,15.1369387,0 103.6668560,15.1375834,0</coordinates></LinearRing></outerBoundaryIs></Polygon></MultiGeometry>
    </Placemark>
    <Placemark>
      <name>320405071503</name>
      <description><![CDATA[<div style='font-family:Tahoma,sans-serif; font-size:13px;'><h3 style='color:#1565C0; margin:4px 0;'>รหัสแปลง: 320405071503</h3><p style='margin:2px 0;'><b>กลุ่มคิว:</b> 83_001</p><table border='1' style='border-collapse:collapse; border-color:#ccc; width:100%;'><tr><td style='padding:3px 6px; font-weight:bold; background-color:#f2f2f2;'>รหัสกลุ่มคิว</td><td style='padding:3px 6px;'>83/001</td></tr><tr><td style='padding:3px 6px; font-weight:bold; background-color:#f2f2f2;'>รหัสรับเหมา</td><td style='padding:3px 6px;'>738889</td></tr><tr><td style='padding:3px 6px; font-weight:bold; background-color:#f2f2f2;'>ชื่อ-สกุล รับเหมา</td><td style='padding:3px 6px;'>รถตัดโรงงานเบอร์ 35</td></tr><tr><td style='padding:3px 6px; font-weight:bold; background-color:#f2f2f2;'>นักเกษตร</td><td style='padding:3px 6px;'>8301</td></tr><tr><td style='padding:3px 6px; font-weight:bold; background-color:#f2f2f2;'>ศูนย์</td><td style='padding:3px 6px;'>K2-83</td></tr><tr><td style='padding:3px 6px; font-weight:bold; background-color:#f2f2f2;'>โควตา</td><td style='padding:3px 6px;'>784870</td></tr><tr><td style='padding:3px 6px; font-weight:bold; background-color:#f2f2f2;'>ชาวไร่</td><td style='padding:3px 6px;'>นาย พิธิวัฒน์ รอดเนียม</td></tr><tr><td style='padding:3px 6px; font-weight:bold; background-color:#f2f2f2;'>ประเภทอ้อย</td><td style='padding:3px 6px;'>ปลายฝน</td></tr><tr><td style='padding:3px 6px; font-weight:bold; background-color:#f2f2f2;'>พื้นที่</td><td style='padding:3px 6px;'>20.16</td></tr><tr><td style='padding:3px 6px; font-weight:bold; background-color:#f2f2f2;'>ตันรวม</td><td style='padding:3px 6px;'>262.08</td></tr><tr><td style='padding:3px 6px; font-weight:bold; background-color:#f2f2f2;'>รหัสแปลง</td><td style='padding:3px 6px;'>320405071503</td></tr><tr><td style='padding:3px 6px; font-weight:bold; background-color:#f2f2f2;'>กลุ่ม</td><td style='padding:3px 6px;'>กลุ่ม_83</td></tr></table></div>]]></description>
      <styleUrl>#plotStyle</styleUrl>
      <MultiGeometry><Polygon><outerBoundaryIs><LinearRing><coordinates>103.6666342,15.1384889,0 103.6682771,15.1384774,0 103.6688527,15.1384573,0 103.6694077,15.1385319,0 103.6694167,15.1373265,0 103.6667051,15.1376829,0 103.6666304,15.1378600,0 103.6666342,15.1384889,0</coordinates></LinearRing></outerBoundaryIs></Polygon></MultiGeometry>
    </Placemark>
    <Placemark>
      <name>320405091501</name>
      <description><![CDATA[<div style='font-family:Tahoma,sans-serif; font-size:13px;'><h3 style='color:#1565C0; margin:4px 0;'>รหัสแปลง: 320405091501</h3><p style='margin:2px 0;'><b>กลุ่มคิว:</b> 83_001</p><table border='1' style='border-collapse:collapse; border-color:#ccc; width:100%;'><tr><td style='padding:3px 6px; font-weight:bold; background-color:#f2f2f2;'>รหัสกลุ่มคิว</td><td style='padding:3px 6px;'>83/001</td></tr><tr><td style='padding:3px 6px; font-weight:bold; background-color:#f2f2f2;'>รหัสรับเหมา</td><td style='padding:3px 6px;'>738889</td></tr><tr><td style='padding:3px 6px; font-weight:bold; background-color:#f2f2f2;'>ชื่อ-สกุล รับเหมา</td><td style='padding:3px 6px;'>รถตัดโรงงานเบอร์ 35</td></tr><tr><td style='padding:3px 6px; font-weight:bold; background-color:#f2f2f2;'>นักเกษตร</td><td style='padding:3px 6px;'>8301</td></tr><tr><td style='padding:3px 6px; font-weight:bold; background-color:#f2f2f2;'>ศูนย์</td><td style='padding:3px 6px;'>K2-83</td></tr><tr><td style='padding:3px 6px; font-weight:bold; background-color:#f2f2f2;'>โควตา</td><td style='padding:3px 6px;'>782397</td></tr><tr><td style='padding:3px 6px; font-weight:bold; background-color:#f2f2f2;'>ชาวไร่</td><td style='padding:3px 6px;'>น.ส. จินดา ใจกล้า</td></tr><tr><td style='padding:3px 6px; font-weight:bold; background-color:#f2f2f2;'>ประเภทอ้อย</td><td style='padding:3px 6px;'>ปลายฝน</td></tr><tr><td style='padding:3px 6px; font-weight:bold; background-color:#f2f2f2;'>พื้นที่</td><td style='padding:3px 6px;'>16.92</td></tr><tr><td style='padding:3px 6px; font-weight:bold; background-color:#f2f2f2;'>ตันรวม</td><td style='padding:3px 6px;'>219.96</td></tr><tr><td style='padding:3px 6px; font-weight:bold; background-color:#f2f2f2;'>รหัสแปลง</td><td style='padding:3px 6px;'>320405091501</td></tr><tr><td style='padding:3px 6px; font-weight:bold; background-color:#f2f2f2;'>กลุ่ม</td><td style='padding:3px 6px;'>กลุ่ม_83</td></tr></table></div>]]></description>
      <styleUrl>#plotStyle</styleUrl>
      <MultiGeometry><Polygon><outerBoundaryIs><LinearRing><coordinates>103.6360797,15.1766625,0 103.6367946,15.1764599,0 103.6361503,15.1747445,0 103.6360757,15.1747582,0 103.6358999,15.1748126,0 103.6352854,15.1749513,0 103.6335430,15.1752819,0 103.6335893,15.1756427,0 103.6352873,15.1754368,0 103.6353143,15.1755029,0 103.6355649,15.1754600,0 103.6357217,15.1758019,0 103.6360797,15.1766625,0</coordinates></LinearRing></outerBoundaryIs></Polygon></MultiGeometry>
    </Placemark>
    <Placemark>
      <name>320906120020</name>
      <description><![CDATA[<div style='font-family:Tahoma,sans-serif; font-size:13px;'><h3 style='color:#1565C0; margin:4px 0;'>รหัสแปลง: 320906120020</h3><p style='margin:2px 0;'><b>กลุ่มคิว:</b> 83_001</p><table border='1' style='border-collapse:collapse; border-color:#ccc; width:100%;'><tr><td style='padding:3px 6px; font-weight:bold; background-color:#f2f2f2;'>รหัสกลุ่มคิว</td><td style='padding:3px 6px;'>83/001</td></tr><tr><td style='padding:3px 6px; font-weight:bold; background-color:#f2f2f2;'>รหัสรับเหมา</td><td style='padding:3px 6px;'>738889</td></tr><tr><td style='padding:3px 6px; font-weight:bold; background-color:#f2f2f2;'>ชื่อ-สกุล รับเหมา</td><td style='padding:3px 6px;'>รถตัดโรงงานเบอร์ 35</td></tr><tr><td style='padding:3px 6px; font-weight:bold; background-color:#f2f2f2;'>นักเกษตร</td><td style='padding:3px 6px;'>8301</td></tr><tr><td style='padding:3px 6px; font-weight:bold; background-color:#f2f2f2;'>ศูนย์</td><td style='padding:3px 6px;'>K2-83</td></tr><tr><td style='padding:3px 6px; font-weight:bold; background-color:#f2f2f2;'>โควตา</td><td style='padding:3px 6px;'>782716</td></tr><tr><td style='padding:3px 6px; font-weight:bold; background-color:#f2f2f2;'>ชาวไร่</td><td style='padding:3px 6px;'>นาย ศักดิ์สิทธิ์ บุตรดี</td></tr><tr><td style='padding:3px 6px; font-weight:bold; background-color:#f2f2f2;'>ประเภทอ้อย</td><td style='padding:3px 6px;'>ตอ2</td></tr><tr><td style='padding:3px 6px; font-weight:bold; background-color:#f2f2f2;'>พื้นที่</td><td style='padding:3px 6px;'>6.9</td></tr><tr><td style='padding:3px 6px; font-weight:bold; background-color:#f2f2f2;'>ตันรวม</td><td style='padding:3px 6px;'>55.2</td></tr><tr><td style='padding:3px 6px; font-weight:bold; background-color:#f2f2f2;'>รหัสแปลง</td><td style='padding:3px 6px;'>320906120020</td></tr><tr><td style='padding:3px 6px; font-weight:bold; background-color:#f2f2f2;'>กลุ่ม</td><td style='padding:3px 6px;'>กลุ่ม_83</td></tr></table></div>]]></description>
      <styleUrl>#plotStyle</styleUrl>
      <MultiGeometry><Polygon><outerBoundaryIs><LinearRing><coordinates>103.7341119,15.1112745,0 103.7360520,15.1107532,0 103.7359723,15.1102931,0 103.7339756,15.1108565,0 103.7341119,15.1112745,0</coordinates></LinearRing></outerBoundaryIs></Polygon></MultiGeometry>
    </Placemark>
    <Placemark>
      <name>320405061501</name>
      <description><![CDATA[<div style='font-family:Tahoma,sans-serif; font-size:13px;'><h3 style='color:#1565C0; margin:4px 0;'>รหัสแปลง: 320405061501</h3><p style='margin:2px 0;'><b>กลุ่มคิว:</b> 83_001</p><table border='1' style='border-collapse:collapse; border-color:#ccc; width:100%;'><tr><td style='padding:3px 6px; font-weight:bold; background-color:#f2f2f2;'>รหัสกลุ่มคิว</td><td style='padding:3px 6px;'>83/001</td></tr><tr><td style='padding:3px 6px; font-weight:bold; background-color:#f2f2f2;'>รหัสรับเหมา</td><td style='padding:3px 6px;'>738889</td></tr><tr><td style='padding:3px 6px; font-weight:bold; background-color:#f2f2f2;'>ชื่อ-สกุล รับเหมา</td><td style='padding:3px 6px;'>รถตัดโรงงานเบอร์ 35</td></tr><tr><td style='padding:3px 6px; font-weight:bold; background-color:#f2f2f2;'>นักเกษตร</td><td style='padding:3px 6px;'>8301</td></tr><tr><td style='padding:3px 6px; font-weight:bold; background-color:#f2f2f2;'>ศูนย์</td><td style='padding:3px 6px;'>K2-83</td></tr><tr><td style='padding:3px 6px; font-weight:bold; background-color:#f2f2f2;'>โควตา</td><td style='padding:3px 6px;'>782381</td></tr><tr><td style='padding:3px 6px; font-weight:bold; background-color:#f2f2f2;'>ชาวไร่</td><td style='padding:3px 6px;'>นาง บัวทอง พวงจันทร์</td></tr><tr><td style='padding:3px 6px; font-weight:bold; background-color:#f2f2f2;'>ประเภทอ้อย</td><td style='padding:3px 6px;'>ตอ1</td></tr><tr><td style='padding:3px 6px; font-weight:bold; background-color:#f2f2f2;'>พื้นที่</td><td style='padding:3px 6px;'>9.9</td></tr><tr><td style='padding:3px 6px; font-weight:bold; background-color:#f2f2f2;'>ตันรวม</td><td style='padding:3px 6px;'>89.1</td></tr><tr><td style='padding:3px 6px; font-weight:bold; background-color:#f2f2f2;'>รหัสแปลง</td><td style='padding:3px 6px;'>320405061501</td></tr><tr><td style='padding:3px 6px; font-weight:bold; background-color:#f2f2f2;'>กลุ่ม</td><td style='padding:3px 6px;'>กลุ่ม_83</td></tr></table></div>]]></description>
      <styleUrl>#plotStyle</styleUrl>
      <MultiGeometry><Polygon><outerBoundaryIs><LinearRing><coordinates>103.6240923,15.1646634,0 103.6231491,15.1647146,0 103.6225728,15.1648041,0 103.6218639,15.1649146,0 103.6218202,15.1654365,0 103.6239821,15.1653063,0 103.6240923,15.1646634,0</coordinates></LinearRing></outerBoundaryIs></Polygon></MultiGeometry>
    </Placemark>
    <Placemark>
      <name>320308050028</name>
      <description><![CDATA[<div style='font-family:Tahoma,sans-serif; font-size:13px;'><h3 style='color:#1565C0; margin:4px 0;'>รหัสแปลง: 320308050028</h3><p style='margin:2px 0;'><b>กลุ่มคิว:</b> 83_001</p><table border='1' style='border-collapse:collapse; border-color:#ccc; width:100%;'><tr><td style='padding:3px 6px; font-weight:bold; background-color:#f2f2f2;'>รหัสกลุ่มคิว</td><td style='padding:3px 6px;'>83/001</td></tr><tr><td style='padding:3px 6px; font-weight:bold; background-color:#f2f2f2;'>รหัสรับเหมา</td><td style='padding:3px 6px;'>738889</td></tr><tr><td style='padding:3px 6px; font-weight:bold; background-color:#f2f2f2;'>ชื่อ-สกุล รับเหมา</td><td style='padding:3px 6px;'>รถตัดโรงงานเบอร์ 35</td></tr><tr><td style='padding:3px 6px; font-weight:bold; background-color:#f2f2f2;'>นักเกษตร</td><td style='padding:3px 6px;'>8301</td></tr><tr><td style='padding:3px 6px; font-weight:bold; background-color:#f2f2f2;'>ศูนย์</td><td style='padding:3px 6px;'>K2-83</td></tr><tr><td style='padding:3px 6px; font-weight:bold; background-color:#f2f2f2;'>โควตา</td><td style='padding:3px 6px;'>782482</td></tr><tr><td style='padding:3px 6px; font-weight:bold; background-color:#f2f2f2;'>ชาวไร่</td><td style='padding:3px 6px;'>นาย ธานินทร์ กองทอง</td></tr><tr><td style='padding:3px 6px; font-weight:bold; background-color:#f2f2f2;'>ประเภทอ้อย</td><td style='padding:3px 6px;'>ปลายฝน</td></tr><tr><td style='padding:3px 6px; font-weight:bold; background-color:#f2f2f2;'>พื้นที่</td><td style='padding:3px 6px;'>5.14</td></tr><tr><td style='padding:3px 6px; font-weight:bold; background-color:#f2f2f2;'>ตันรวม</td><td style='padding:3px 6px;'>66.82</td></tr><tr><td style='padding:3px 6px; font-weight:bold; background-color:#f2f2f2;'>รหัสแปลง</td><td style='padding:3px 6px;'>320308050028</td></tr><tr><td style='padding:3px 6px; font-weight:bold; background-color:#f2f2f2;'>กลุ่ม</td><td style='padding:3px 6px;'>กลุ่ม_83</td></tr></table></div>]]></description>
      <styleUrl>#plotStyle</styleUrl>
      <MultiGeometry><Polygon><outerBoundaryIs><LinearRing><coordinates>103.7133811,15.1951426,0 103.7152555,15.1946807,0 103.7150944,15.1943381,0 103.7132562,15.1948159,0 103.7133811,15.1951426,0</coordinates></LinearRing></outerBoundaryIs></Polygon></MultiGeometry>
    </Placemark>
    <Placemark>
      <name>320405070017</name>
      <description><![CDATA[<div style='font-family:Tahoma,sans-serif; font-size:13px;'><h3 style='color:#1565C0; margin:4px 0;'>รหัสแปลง: 320405070017</h3><p style='margin:2px 0;'><b>กลุ่มคิว:</b> 83_001</p><table border='1' style='border-collapse:collapse; border-color:#ccc; width:100%;'><tr><td style='padding:3px 6px; font-weight:bold; background-color:#f2f2f2;'>รหัสกลุ่มคิว</td><td style='padding:3px 6px;'>83/001</td></tr><tr><td style='padding:3px 6px; font-weight:bold; background-color:#f2f2f2;'>รหัสรับเหมา</td><td style='padding:3px 6px;'>738889</td></tr><tr><td style='padding:3px 6px; font-weight:bold; background-color:#f2f2f2;'>ชื่อ-สกุล รับเหมา</td><td style='padding:3px 6px;'>รถตัดโรงงานเบอร์ 35</td></tr><tr><td style='padding:3px 6px; font-weight:bold; background-color:#f2f2f2;'>นักเกษตร</td><td style='padding:3px 6px;'>8301</td></tr><tr><td style='padding:3px 6px; font-weight:bold; background-color:#f2f2f2;'>ศูนย์</td><td style='padding:3px 6px;'>K2-83</td></tr><tr><td style='padding:3px 6px; font-weight:bold; background-color:#f2f2f2;'>โควตา</td><td style='padding:3px 6px;'>782305</td></tr><tr><td style='padding:3px 6px; font-weight:bold; background-color:#f2f2f2;'>ชาวไร่</td><td style='padding:3px 6px;'>นาย เหมียน หวังผล</td></tr><tr><td style='padding:3px 6px; font-weight:bold; background-color:#f2f2f2;'>ประเภทอ้อย</td><td style='padding:3px 6px;'>ตอ1</td></tr><tr><td style='padding:3px 6px; font-weight:bold; background-color:#f2f2f2;'>พื้นที่</td><td style='padding:3px 6px;'>11.96</td></tr><tr><td style='padding:3px 6px; font-weight:bold; background-color:#f2f2f2;'>ตันรวม</td><td style='padding:3px 6px;'>107.64</td></tr><tr><td style='padding:3px 6px; font-weight:bold; background-color:#f2f2f2;'>รหัสแปลง</td><td style='padding:3px 6px;'>320405070017</td></tr><tr><td style='padding:3px 6px; font-weight:bold; background-color:#f2f2f2;'>กลุ่ม</td><td style='padding:3px 6px;'>กลุ่ม_83</td></tr></table></div>]]></description>
      <styleUrl>#plotStyle</styleUrl>
      <MultiGeometry><Polygon><outerBoundaryIs><LinearRing><coordinates>103.6713280,15.1381084,0 103.6723078,15.1378688,0 103.6722072,15.1365087,0 103.6709196,15.1365985,0 103.6709673,15.1370217,0 103.6711854,15.1370202,0 103.6713280,15.1381084,0</coordinates></LinearRing></outerBoundaryIs></Polygon></MultiGeometry>
    </Placemark>
    <Placemark>
      <name>320906121504</name>
      <description><![CDATA[<div style='font-family:Tahoma,sans-serif; font-size:13px;'><h3 style='color:#1565C0; margin:4px 0;'>รหัสแปลง: 320906121504</h3><p style='margin:2px 0;'><b>กลุ่มคิว:</b> 83_001</p><table border='1' style='border-collapse:collapse; border-color:#ccc; width:100%;'><tr><td style='padding:3px 6px; font-weight:bold; background-color:#f2f2f2;'>รหัสกลุ่มคิว</td><td style='padding:3px 6px;'>83/001</td></tr><tr><td style='padding:3px 6px; font-weight:bold; background-color:#f2f2f2;'>รหัสรับเหมา</td><td style='padding:3px 6px;'>738889</td></tr><tr><td style='padding:3px 6px; font-weight:bold; background-color:#f2f2f2;'>ชื่อ-สกุล รับเหมา</td><td style='padding:3px 6px;'>รถตัดโรงงานเบอร์ 35</td></tr><tr><td style='padding:3px 6px; font-weight:bold; background-color:#f2f2f2;'>นักเกษตร</td><td style='padding:3px 6px;'>8301</td></tr><tr><td style='padding:3px 6px; font-weight:bold; background-color:#f2f2f2;'>ศูนย์</td><td style='padding:3px 6px;'>K2-83</td></tr><tr><td style='padding:3px 6px; font-weight:bold; background-color:#f2f2f2;'>โควตา</td><td style='padding:3px 6px;'>782716</td></tr><tr><td style='padding:3px 6px; font-weight:bold; background-color:#f2f2f2;'>ชาวไร่</td><td style='padding:3px 6px;'>นาย ศักดิ์สิทธิ์ บุตรดี</td></tr><tr><td style='padding:3px 6px; font-weight:bold; background-color:#f2f2f2;'>ประเภทอ้อย</td><td style='padding:3px 6px;'>ตอ2</td></tr><tr><td style='padding:3px 6px; font-weight:bold; background-color:#f2f2f2;'>พื้นที่</td><td style='padding:3px 6px;'>6.41</td></tr><tr><td style='padding:3px 6px; font-weight:bold; background-color:#f2f2f2;'>ตันรวม</td><td style='padding:3px 6px;'>51.28</td></tr><tr><td style='padding:3px 6px; font-weight:bold; background-color:#f2f2f2;'>รหัสแปลง</td><td style='padding:3px 6px;'>320906121504</td></tr><tr><td style='padding:3px 6px; font-weight:bold; background-color:#f2f2f2;'>กลุ่ม</td><td style='padding:3px 6px;'>กลุ่ม_83</td></tr></table></div>]]></description>
      <styleUrl>#plotStyle</styleUrl>
      <MultiGeometry><Polygon><outerBoundaryIs><LinearRing><coordinates>103.7360642,15.1102645,0 103.7361712,15.1114826,0 103.7367960,15.1114530,0 103.7367990,15.1108060,0 103.7367222,15.1108098,0 103.7367501,15.1100444,0 103.7360642,15.1102645,0</coordinates></LinearRing></outerBoundaryIs></Polygon></MultiGeometry>
    </Placemark>
    <Placemark>
      <name>320906121544</name>
      <description><![CDATA[<div style='font-family:Tahoma,sans-serif; font-size:13px;'><h3 style='color:#1565C0; margin:4px 0;'>รหัสแปลง: 320906121544</h3><p style='margin:2px 0;'><b>กลุ่มคิว:</b> 83_001</p><table border='1' style='border-collapse:collapse; border-color:#ccc; width:100%;'><tr><td style='padding:3px 6px; font-weight:bold; background-color:#f2f2f2;'>รหัสกลุ่มคิว</td><td style='padding:3px 6px;'>83/001</td></tr><tr><td style='padding:3px 6px; font-weight:bold; background-color:#f2f2f2;'>รหัสรับเหมา</td><td style='padding:3px 6px;'>738889</td></tr><tr><td style='padding:3px 6px; font-weight:bold; background-color:#f2f2f2;'>ชื่อ-สกุล รับเหมา</td><td style='padding:3px 6px;'>รถตัดโรงงานเบอร์ 35</td></tr><tr><td style='padding:3px 6px; font-weight:bold; background-color:#f2f2f2;'>นักเกษตร</td><td style='padding:3px 6px;'>8301</td></tr><tr><td style='padding:3px 6px; font-weight:bold; background-color:#f2f2f2;'>ศูนย์</td><td style='padding:3px 6px;'>K2-83</td></tr><tr><td style='padding:3px 6px; font-weight:bold; background-color:#f2f2f2;'>โควตา</td><td style='padding:3px 6px;'>783732</td></tr><tr><td style='padding:3px 6px; font-weight:bold; background-color:#f2f2f2;'>ชาวไร่</td><td style='padding:3px 6px;'>นาง บัวลี บุตรดี</td></tr><tr><td style='padding:3px 6px; font-weight:bold; background-color:#f2f2f2;'>ประเภทอ้อย</td><td style='padding:3px 6px;'>ปลายฝน</td></tr><tr><td style='padding:3px 6px; font-weight:bold; background-color:#f2f2f2;'>พื้นที่</td><td style='padding:3px 6px;'>18.42</td></tr><tr><td style='padding:3px 6px; font-weight:bold; background-color:#f2f2f2;'>ตันรวม</td><td style='padding:3px 6px;'>239.46</td></tr><tr><td style='padding:3px 6px; font-weight:bold; background-color:#f2f2f2;'>รหัสแปลง</td><td style='padding:3px 6px;'>320906121544</td></tr><tr><td style='padding:3px 6px; font-weight:bold; background-color:#f2f2f2;'>กลุ่ม</td><td style='padding:3px 6px;'>กลุ่ม_83</td></tr></table></div>]]></description>
      <styleUrl>#plotStyle</styleUrl>
      <MultiGeometry><Polygon><outerBoundaryIs><LinearRing><coordinates>103.7426000,15.1137233,0 103.7418633,15.1139683,0 103.7419983,15.1146867,0 103.7415517,15.1149333,0 103.7415717,15.1151467,0 103.7412767,15.1152800,0 103.7411667,15.1151333,0 103.7407433,15.1152400,0 103.7410150,15.1159617,0 103.7429133,15.1156400,0 103.7426000,15.1137233,0</coordinates></LinearRing></outerBoundaryIs></Polygon></MultiGeometry>
    </Placemark>
    <Placemark>
      <name>320407060001</name>
      <description><![CDATA[<div style='font-family:Tahoma,sans-serif; font-size:13px;'><h3 style='color:#1565C0; margin:4px 0;'>รหัสแปลง: 320407060001</h3><p style='margin:2px 0;'><b>กลุ่มคิว:</b> 83_001</p><table border='1' style='border-collapse:collapse; border-color:#ccc; width:100%;'><tr><td style='padding:3px 6px; font-weight:bold; background-color:#f2f2f2;'>รหัสกลุ่มคิว</td><td style='padding:3px 6px;'>83/001</td></tr><tr><td style='padding:3px 6px; font-weight:bold; background-color:#f2f2f2;'>รหัสรับเหมา</td><td style='padding:3px 6px;'>738889</td></tr><tr><td style='padding:3px 6px; font-weight:bold; background-color:#f2f2f2;'>ชื่อ-สกุล รับเหมา</td><td style='padding:3px 6px;'>รถตัดโรงงานเบอร์ 35</td></tr><tr><td style='padding:3px 6px; font-weight:bold; background-color:#f2f2f2;'>นักเกษตร</td><td style='padding:3px 6px;'>8301</td></tr><tr><td style='padding:3px 6px; font-weight:bold; background-color:#f2f2f2;'>ศูนย์</td><td style='padding:3px 6px;'>K2-83</td></tr><tr><td style='padding:3px 6px; font-weight:bold; background-color:#f2f2f2;'>โควตา</td><td style='padding:3px 6px;'>782239</td></tr><tr><td style='padding:3px 6px; font-weight:bold; background-color:#f2f2f2;'>ชาวไร่</td><td style='padding:3px 6px;'>นาง กาญจนา พุทธหล้า</td></tr><tr><td style='padding:3px 6px; font-weight:bold; background-color:#f2f2f2;'>ประเภทอ้อย</td><td style='padding:3px 6px;'>ปลายฝน</td></tr><tr><td style='padding:3px 6px; font-weight:bold; background-color:#f2f2f2;'>พื้นที่</td><td style='padding:3px 6px;'>11.7</td></tr><tr><td style='padding:3px 6px; font-weight:bold; background-color:#f2f2f2;'>ตันรวม</td><td style='padding:3px 6px;'>152.1</td></tr><tr><td style='padding:3px 6px; font-weight:bold; background-color:#f2f2f2;'>รหัสแปลง</td><td style='padding:3px 6px;'>320407060001</td></tr><tr><td style='padding:3px 6px; font-weight:bold; background-color:#f2f2f2;'>กลุ่ม</td><td style='padding:3px 6px;'>กลุ่ม_83</td></tr></table></div>]]></description>
      <styleUrl>#plotStyle</styleUrl>
      <MultiGeometry><Polygon><outerBoundaryIs><LinearRing><coordinates>103.6073382,15.1347237,0 103.6075971,15.1355360,0 103.6078241,15.1355528,0 103.6084402,15.1355523,0 103.6088693,15.1355523,0 103.6090734,15.1355421,0 103.6088878,15.1346432,0 103.6097895,15.1345039,0 103.6097570,15.1343780,0 103.6089661,15.1344783,0 103.6089480,15.1344760,0 103.6087341,15.1344712,0 103.6087338,15.1345189,0 103.6086226,15.1345369,0 103.6085880,15.1344782,0 103.6081163,15.1346341,0 103.6073382,15.1347237,0</coordinates></LinearRing></outerBoundaryIs></Polygon></MultiGeometry>
    </Placemark>
    <Placemark>
      <name>320405031511</name>
      <description><![CDATA[<div style='font-family:Tahoma,sans-serif; font-size:13px;'><h3 style='color:#1565C0; margin:4px 0;'>รหัสแปลง: 320405031511</h3><p style='margin:2px 0;'><b>กลุ่มคิว:</b> 83_001</p><table border='1' style='border-collapse:collapse; border-color:#ccc; width:100%;'><tr><td style='padding:3px 6px; font-weight:bold; background-color:#f2f2f2;'>รหัสกลุ่มคิว</td><td style='padding:3px 6px;'>83/001</td></tr><tr><td style='padding:3px 6px; font-weight:bold; background-color:#f2f2f2;'>รหัสรับเหมา</td><td style='padding:3px 6px;'>738889</td></tr><tr><td style='padding:3px 6px; font-weight:bold; background-color:#f2f2f2;'>ชื่อ-สกุล รับเหมา</td><td style='padding:3px 6px;'>รถตัดโรงงานเบอร์ 35</td></tr><tr><td style='padding:3px 6px; font-weight:bold; background-color:#f2f2f2;'>นักเกษตร</td><td style='padding:3px 6px;'>8301</td></tr><tr><td style='padding:3px 6px; font-weight:bold; background-color:#f2f2f2;'>ศูนย์</td><td style='padding:3px 6px;'>K2-83</td></tr><tr><td style='padding:3px 6px; font-weight:bold; background-color:#f2f2f2;'>โควตา</td><td style='padding:3px 6px;'>782305</td></tr><tr><td style='padding:3px 6px; font-weight:bold; background-color:#f2f2f2;'>ชาวไร่</td><td style='padding:3px 6px;'>นาย เหมียน หวังผล</td></tr><tr><td style='padding:3px 6px; font-weight:bold; background-color:#f2f2f2;'>ประเภทอ้อย</td><td style='padding:3px 6px;'>ปลายฝน</td></tr><tr><td style='padding:3px 6px; font-weight:bold; background-color:#f2f2f2;'>พื้นที่</td><td style='padding:3px 6px;'>12.51</td></tr><tr><td style='padding:3px 6px; font-weight:bold; background-color:#f2f2f2;'>ตันรวม</td><td style='padding:3px 6px;'>162.63</td></tr><tr><td style='padding:3px 6px; font-weight:bold; background-color:#f2f2f2;'>รหัสแปลง</td><td style='padding:3px 6px;'>320405031511</td></tr><tr><td style='padding:3px 6px; font-weight:bold; background-color:#f2f2f2;'>กลุ่ม</td><td style='padding:3px 6px;'>กลุ่ม_83</td></tr></table></div>]]></description>
      <styleUrl>#plotStyle</styleUrl>
      <MultiGeometry><Polygon><outerBoundaryIs><LinearRing><coordinates>103.6689687,15.1384928,0 103.6685772,15.1384501,0 103.6680924,15.1384828,0 103.6670776,15.1385115,0 103.6671050,15.1390350,0 103.6677355,15.1390587,0 103.6677135,15.1393151,0 103.6683483,15.1393575,0 103.6683339,15.1394817,0 103.6686897,15.1395244,0 103.6686797,15.1398751,0 103.6690254,15.1399260,0 103.6689687,15.1384928,0</coordinates></LinearRing></outerBoundaryIs></Polygon></MultiGeometry>
    </Placemark>
    <Placemark>
      <name>320406061651</name>
      <description><![CDATA[<div style='font-family:Tahoma,sans-serif; font-size:13px;'><h3 style='color:#1565C0; margin:4px 0;'>รหัสแปลง: 320406061651</h3><p style='margin:2px 0;'><b>กลุ่มคิว:</b> 83_001</p><table border='1' style='border-collapse:collapse; border-color:#ccc; width:100%;'><tr><td style='padding:3px 6px; font-weight:bold; background-color:#f2f2f2;'>รหัสกลุ่มคิว</td><td style='padding:3px 6px;'>83/001</td></tr><tr><td style='padding:3px 6px; font-weight:bold; background-color:#f2f2f2;'>รหัสรับเหมา</td><td style='padding:3px 6px;'>738889</td></tr><tr><td style='padding:3px 6px; font-weight:bold; background-color:#f2f2f2;'>ชื่อ-สกุล รับเหมา</td><td style='padding:3px 6px;'>รถตัดโรงงานเบอร์ 35</td></tr><tr><td style='padding:3px 6px; font-weight:bold; background-color:#f2f2f2;'>นักเกษตร</td><td style='padding:3px 6px;'>8301</td></tr><tr><td style='padding:3px 6px; font-weight:bold; background-color:#f2f2f2;'>ศูนย์</td><td style='padding:3px 6px;'>K2-83</td></tr><tr><td style='padding:3px 6px; font-weight:bold; background-color:#f2f2f2;'>โควตา</td><td style='padding:3px 6px;'>783353</td></tr><tr><td style='padding:3px 6px; font-weight:bold; background-color:#f2f2f2;'>ชาวไร่</td><td style='padding:3px 6px;'>นาง ลำดวน แสงสี</td></tr><tr><td style='padding:3px 6px; font-weight:bold; background-color:#f2f2f2;'>ประเภทอ้อย</td><td style='padding:3px 6px;'>ปลายฝน</td></tr><tr><td style='padding:3px 6px; font-weight:bold; background-color:#f2f2f2;'>พื้นที่</td><td style='padding:3px 6px;'>11.39</td></tr><tr><td style='padding:3px 6px; font-weight:bold; background-color:#f2f2f2;'>ตันรวม</td><td style='padding:3px 6px;'>148.07</td></tr><tr><td style='padding:3px 6px; font-weight:bold; background-color:#f2f2f2;'>รหัสแปลง</td><td style='padding:3px 6px;'>320406061651</td></tr><tr><td style='padding:3px 6px; font-weight:bold; background-color:#f2f2f2;'>กลุ่ม</td><td style='padding:3px 6px;'>กลุ่ม_83</td></tr></table></div>]]></description>
      <styleUrl>#plotStyle</styleUrl>
      <MultiGeometry><Polygon><outerBoundaryIs><LinearRing><coordinates>103.6914979,15.1569450,0 103.6911269,15.1583977,0 103.6920952,15.1583991,0 103.6921739,15.1583982,0 103.6922257,15.1583843,0 103.6922093,15.1583350,0 103.6922394,15.1582960,0 103.6923220,15.1582241,0 103.6921608,15.1581607,0 103.6922020,15.1580831,0 103.6923557,15.1581132,0 103.6923063,15.1583697,0 103.6923630,15.1583805,0 103.6924636,15.1579551,0 103.6925562,15.1574774,0 103.6925664,15.1573850,0 103.6926303,15.1572653,0 103.6919431,15.1570919,0 103.6918363,15.1570571,0 103.6916097,15.1569908,0 103.6914979,15.1569450,0</coordinates></LinearRing></outerBoundaryIs></Polygon></MultiGeometry>
    </Placemark>
    <Placemark>
      <name>320407010004</name>
      <description><![CDATA[<div style='font-family:Tahoma,sans-serif; font-size:13px;'><h3 style='color:#1565C0; margin:4px 0;'>รหัสแปลง: 320407010004</h3><p style='margin:2px 0;'><b>กลุ่มคิว:</b> 83_001</p><table border='1' style='border-collapse:collapse; border-color:#ccc; width:100%;'><tr><td style='padding:3px 6px; font-weight:bold; background-color:#f2f2f2;'>รหัสกลุ่มคิว</td><td style='padding:3px 6px;'>83/001</td></tr><tr><td style='padding:3px 6px; font-weight:bold; background-color:#f2f2f2;'>รหัสรับเหมา</td><td style='padding:3px 6px;'>738889</td></tr><tr><td style='padding:3px 6px; font-weight:bold; background-color:#f2f2f2;'>ชื่อ-สกุล รับเหมา</td><td style='padding:3px 6px;'>รถตัดโรงงานเบอร์ 35</td></tr><tr><td style='padding:3px 6px; font-weight:bold; background-color:#f2f2f2;'>นักเกษตร</td><td style='padding:3px 6px;'>8301</td></tr><tr><td style='padding:3px 6px; font-weight:bold; background-color:#f2f2f2;'>ศูนย์</td><td style='padding:3px 6px;'>K2-83</td></tr><tr><td style='padding:3px 6px; font-weight:bold; background-color:#f2f2f2;'>โควตา</td><td style='padding:3px 6px;'>782244</td></tr><tr><td style='padding:3px 6px; font-weight:bold; background-color:#f2f2f2;'>ชาวไร่</td><td style='padding:3px 6px;'>นาย สมยศ บุญเลิศ</td></tr><tr><td style='padding:3px 6px; font-weight:bold; background-color:#f2f2f2;'>ประเภทอ้อย</td><td style='padding:3px 6px;'>ปลายฝน</td></tr><tr><td style='padding:3px 6px; font-weight:bold; background-color:#f2f2f2;'>พื้นที่</td><td style='padding:3px 6px;'>9.36</td></tr><tr><td style='padding:3px 6px; font-weight:bold; background-color:#f2f2f2;'>ตันรวม</td><td style='padding:3px 6px;'>121.68</td></tr><tr><td style='padding:3px 6px; font-weight:bold; background-color:#f2f2f2;'>รหัสแปลง</td><td style='padding:3px 6px;'>320407010004</td></tr><tr><td style='padding:3px 6px; font-weight:bold; background-color:#f2f2f2;'>กลุ่ม</td><td style='padding:3px 6px;'>กลุ่ม_83</td></tr></table></div>]]></description>
      <styleUrl>#plotStyle</styleUrl>
      <MultiGeometry><Polygon><outerBoundaryIs><LinearRing><coordinates>103.6048244,15.1676686,0 103.6060701,15.1677975,0 103.6061453,15.1678233,0 103.6062241,15.1678531,0 103.6063121,15.1678975,0 103.6064431,15.1679453,0 103.6064693,15.1679612,0 103.6065064,15.1679802,0 103.6065766,15.1680102,0 103.6066485,15.1680448,0 103.6069378,15.1681459,0 103.6071705,15.1682027,0 103.6073532,15.1682376,0 103.6074686,15.1678545,0 103.6057311,15.1672468,0 103.6054078,15.1671427,0 103.6053163,15.1671184,0 103.6052433,15.1671086,0 103.6051943,15.1671065,0 103.6051370,15.1671107,0 103.6050817,15.1671207,0 103.6050148,15.1671403,0 103.6049320,15.1671590,0 103.6048244,15.1676686,0</coordinates></LinearRing></outerBoundaryIs></Polygon></MultiGeometry>
    </Placemark>
    <Placemark>
      <name>320407010005</name>
      <description><![CDATA[<div style='font-family:Tahoma,sans-serif; font-size:13px;'><h3 style='color:#1565C0; margin:4px 0;'>รหัสแปลง: 320407010005</h3><p style='margin:2px 0;'><b>กลุ่มคิว:</b> 83_001</p><table border='1' style='border-collapse:collapse; border-color:#ccc; width:100%;'><tr><td style='padding:3px 6px; font-weight:bold; background-color:#f2f2f2;'>รหัสกลุ่มคิว</td><td style='padding:3px 6px;'>83/001</td></tr><tr><td style='padding:3px 6px; font-weight:bold; background-color:#f2f2f2;'>รหัสรับเหมา</td><td style='padding:3px 6px;'>738889</td></tr><tr><td style='padding:3px 6px; font-weight:bold; background-color:#f2f2f2;'>ชื่อ-สกุล รับเหมา</td><td style='padding:3px 6px;'>รถตัดโรงงานเบอร์ 35</td></tr><tr><td style='padding:3px 6px; font-weight:bold; background-color:#f2f2f2;'>นักเกษตร</td><td style='padding:3px 6px;'>8301</td></tr><tr><td style='padding:3px 6px; font-weight:bold; background-color:#f2f2f2;'>ศูนย์</td><td style='padding:3px 6px;'>K2-83</td></tr><tr><td style='padding:3px 6px; font-weight:bold; background-color:#f2f2f2;'>โควตา</td><td style='padding:3px 6px;'>782634</td></tr><tr><td style='padding:3px 6px; font-weight:bold; background-color:#f2f2f2;'>ชาวไร่</td><td style='padding:3px 6px;'>นาง วันนา อินทะสมบัติ</td></tr><tr><td style='padding:3px 6px; font-weight:bold; background-color:#f2f2f2;'>ประเภทอ้อย</td><td style='padding:3px 6px;'>ปลายฝน</td></tr><tr><td style='padding:3px 6px; font-weight:bold; background-color:#f2f2f2;'>พื้นที่</td><td style='padding:3px 6px;'>6.17</td></tr><tr><td style='padding:3px 6px; font-weight:bold; background-color:#f2f2f2;'>ตันรวม</td><td style='padding:3px 6px;'>80.21</td></tr><tr><td style='padding:3px 6px; font-weight:bold; background-color:#f2f2f2;'>รหัสแปลง</td><td style='padding:3px 6px;'>320407010005</td></tr><tr><td style='padding:3px 6px; font-weight:bold; background-color:#f2f2f2;'>กลุ่ม</td><td style='padding:3px 6px;'>กลุ่ม_83</td></tr></table></div>]]></description>
      <styleUrl>#plotStyle</styleUrl>
      <MultiGeometry><Polygon><outerBoundaryIs><LinearRing><coordinates>103.6047555,15.1630786,0 103.6055749,15.1629497,0 103.6054477,15.1620015,0 103.6046312,15.1620956,0 103.6045962,15.1621714,0 103.6047555,15.1630786,0</coordinates></LinearRing></outerBoundaryIs></Polygon></MultiGeometry>
    </Placemark>
    <Placemark>
      <name>320407060002</name>
      <description><![CDATA[<div style='font-family:Tahoma,sans-serif; font-size:13px;'><h3 style='color:#1565C0; margin:4px 0;'>รหัสแปลง: 320407060002</h3><p style='margin:2px 0;'><b>กลุ่มคิว:</b> 83_001</p><table border='1' style='border-collapse:collapse; border-color:#ccc; width:100%;'><tr><td style='padding:3px 6px; font-weight:bold; background-color:#f2f2f2;'>รหัสกลุ่มคิว</td><td style='padding:3px 6px;'>83/001</td></tr><tr><td style='padding:3px 6px; font-weight:bold; background-color:#f2f2f2;'>รหัสรับเหมา</td><td style='padding:3px 6px;'>738889</td></tr><tr><td style='padding:3px 6px; font-weight:bold; background-color:#f2f2f2;'>ชื่อ-สกุล รับเหมา</td><td style='padding:3px 6px;'>รถตัดโรงงานเบอร์ 35</td></tr><tr><td style='padding:3px 6px; font-weight:bold; background-color:#f2f2f2;'>นักเกษตร</td><td style='padding:3px 6px;'>8301</td></tr><tr><td style='padding:3px 6px; font-weight:bold; background-color:#f2f2f2;'>ศูนย์</td><td style='padding:3px 6px;'>K2-83</td></tr><tr><td style='padding:3px 6px; font-weight:bold; background-color:#f2f2f2;'>โควตา</td><td style='padding:3px 6px;'>782239</td></tr><tr><td style='padding:3px 6px; font-weight:bold; background-color:#f2f2f2;'>ชาวไร่</td><td style='padding:3px 6px;'>นาง กาญจนา พุทธหล้า</td></tr><tr><td style='padding:3px 6px; font-weight:bold; background-color:#f2f2f2;'>ประเภทอ้อย</td><td style='padding:3px 6px;'>ปลายฝน</td></tr><tr><td style='padding:3px 6px; font-weight:bold; background-color:#f2f2f2;'>พื้นที่</td><td style='padding:3px 6px;'>6.81</td></tr><tr><td style='padding:3px 6px; font-weight:bold; background-color:#f2f2f2;'>ตันรวม</td><td style='padding:3px 6px;'>88.53</td></tr><tr><td style='padding:3px 6px; font-weight:bold; background-color:#f2f2f2;'>รหัสแปลง</td><td style='padding:3px 6px;'>320407060002</td></tr><tr><td style='padding:3px 6px; font-weight:bold; background-color:#f2f2f2;'>กลุ่ม</td><td style='padding:3px 6px;'>กลุ่ม_83</td></tr></table></div>]]></description>
      <styleUrl>#plotStyle</styleUrl>
      <MultiGeometry><Polygon><outerBoundaryIs><LinearRing><coordinates>103.6098595,15.1345027,0 103.6089064,15.1346635,0 103.6090932,15.1355779,0 103.6100701,15.1354106,0 103.6098595,15.1345027,0</coordinates></LinearRing></outerBoundaryIs></Polygon></MultiGeometry>
    </Placemark>
    <Placemark>
      <name>320401110001</name>
      <description><![CDATA[<div style='font-family:Tahoma,sans-serif; font-size:13px;'><h3 style='color:#1565C0; margin:4px 0;'>รหัสแปลง: 320401110001</h3><p style='margin:2px 0;'><b>กลุ่มคิว:</b> 83_001</p><table border='1' style='border-collapse:collapse; border-color:#ccc; width:100%;'><tr><td style='padding:3px 6px; font-weight:bold; background-color:#f2f2f2;'>รหัสกลุ่มคิว</td><td style='padding:3px 6px;'>83/001</td></tr><tr><td style='padding:3px 6px; font-weight:bold; background-color:#f2f2f2;'>รหัสรับเหมา</td><td style='padding:3px 6px;'>738889</td></tr><tr><td style='padding:3px 6px; font-weight:bold; background-color:#f2f2f2;'>ชื่อ-สกุล รับเหมา</td><td style='padding:3px 6px;'>รถตัดโรงงานเบอร์ 35</td></tr><tr><td style='padding:3px 6px; font-weight:bold; background-color:#f2f2f2;'>นักเกษตร</td><td style='padding:3px 6px;'>8301</td></tr><tr><td style='padding:3px 6px; font-weight:bold; background-color:#f2f2f2;'>ศูนย์</td><td style='padding:3px 6px;'>K2-83</td></tr><tr><td style='padding:3px 6px; font-weight:bold; background-color:#f2f2f2;'>โควตา</td><td style='padding:3px 6px;'>784922</td></tr><tr><td style='padding:3px 6px; font-weight:bold; background-color:#f2f2f2;'>ชาวไร่</td><td style='padding:3px 6px;'>นาง สุณีย์ ยอดรัก</td></tr><tr><td style='padding:3px 6px; font-weight:bold; background-color:#f2f2f2;'>ประเภทอ้อย</td><td style='padding:3px 6px;'>ตอ1</td></tr><tr><td style='padding:3px 6px; font-weight:bold; background-color:#f2f2f2;'>พื้นที่</td><td style='padding:3px 6px;'>14.77</td></tr><tr><td style='padding:3px 6px; font-weight:bold; background-color:#f2f2f2;'>ตันรวม</td><td style='padding:3px 6px;'>132.93</td></tr><tr><td style='padding:3px 6px; font-weight:bold; background-color:#f2f2f2;'>รหัสแปลง</td><td style='padding:3px 6px;'>320401110001</td></tr><tr><td style='padding:3px 6px; font-weight:bold; background-color:#f2f2f2;'>กลุ่ม</td><td style='padding:3px 6px;'>กลุ่ม_83</td></tr></table></div>]]></description>
      <styleUrl>#plotStyle</styleUrl>
      <MultiGeometry><Polygon><outerBoundaryIs><LinearRing><coordinates>103.5632064,15.1002635,0 103.5631837,15.1009469,0 103.5636660,15.1008774,0 103.5638438,15.1010894,0 103.5643902,15.1009368,0 103.5644062,15.1009185,0 103.5654162,15.1007292,0 103.5654846,15.1007216,0 103.5655849,15.1006995,0 103.5656689,15.1006781,0 103.5656135,15.1004909,0 103.5655774,15.1004036,0 103.5655421,15.1001573,0 103.5655204,15.1000498,0 103.5655106,15.0999409,0 103.5654703,15.0999449,0 103.5654455,15.0999483,0 103.5654215,15.0999500,0 103.5653976,15.0999478,0 103.5653729,15.0999404,0 103.5653614,15.0999353,0 103.5653396,15.0999256,0 103.5653368,15.0999241,0 103.5646588,15.0999880,0 103.5632064,15.1002635,0</coordinates></LinearRing></outerBoundaryIs></Polygon></MultiGeometry>
    </Placemark>
    <Placemark>
      <name>320407041522</name>
      <description><![CDATA[<div style='font-family:Tahoma,sans-serif; font-size:13px;'><h3 style='color:#1565C0; margin:4px 0;'>รหัสแปลง: 320407041522</h3><p style='margin:2px 0;'><b>กลุ่มคิว:</b> 83_001</p><table border='1' style='border-collapse:collapse; border-color:#ccc; width:100%;'><tr><td style='padding:3px 6px; font-weight:bold; background-color:#f2f2f2;'>รหัสกลุ่มคิว</td><td style='padding:3px 6px;'>83/001</td></tr><tr><td style='padding:3px 6px; font-weight:bold; background-color:#f2f2f2;'>รหัสรับเหมา</td><td style='padding:3px 6px;'>738889</td></tr><tr><td style='padding:3px 6px; font-weight:bold; background-color:#f2f2f2;'>ชื่อ-สกุล รับเหมา</td><td style='padding:3px 6px;'>รถตัดโรงงานเบอร์ 35</td></tr><tr><td style='padding:3px 6px; font-weight:bold; background-color:#f2f2f2;'>นักเกษตร</td><td style='padding:3px 6px;'>8301</td></tr><tr><td style='padding:3px 6px; font-weight:bold; background-color:#f2f2f2;'>ศูนย์</td><td style='padding:3px 6px;'>K2-83</td></tr><tr><td style='padding:3px 6px; font-weight:bold; background-color:#f2f2f2;'>โควตา</td><td style='padding:3px 6px;'>784889</td></tr><tr><td style='padding:3px 6px; font-weight:bold; background-color:#f2f2f2;'>ชาวไร่</td><td style='padding:3px 6px;'>น.ส. เพชรัช คงมั่น</td></tr><tr><td style='padding:3px 6px; font-weight:bold; background-color:#f2f2f2;'>ประเภทอ้อย</td><td style='padding:3px 6px;'>ปลายฝน</td></tr><tr><td style='padding:3px 6px; font-weight:bold; background-color:#f2f2f2;'>พื้นที่</td><td style='padding:3px 6px;'>16.29</td></tr><tr><td style='padding:3px 6px; font-weight:bold; background-color:#f2f2f2;'>ตันรวม</td><td style='padding:3px 6px;'>211.77</td></tr><tr><td style='padding:3px 6px; font-weight:bold; background-color:#f2f2f2;'>รหัสแปลง</td><td style='padding:3px 6px;'>320407041522</td></tr><tr><td style='padding:3px 6px; font-weight:bold; background-color:#f2f2f2;'>กลุ่ม</td><td style='padding:3px 6px;'>กลุ่ม_83</td></tr></table></div>]]></description>
      <styleUrl>#plotStyle</styleUrl>
      <MultiGeometry><Polygon><outerBoundaryIs><LinearRing><coordinates>103.5739589,15.1806710,0 103.5738865,15.1802805,0 103.5726638,15.1803929,0 103.5726502,15.1813553,0 103.5736620,15.1813394,0 103.5753869,15.1810669,0 103.5753230,15.1804313,0 103.5739589,15.1806710,0</coordinates></LinearRing></outerBoundaryIs></Polygon></MultiGeometry>
    </Placemark>
    <Placemark>
      <name>320306050002</name>
      <description><![CDATA[<div style='font-family:Tahoma,sans-serif; font-size:13px;'><h3 style='color:#1565C0; margin:4px 0;'>รหัสแปลง: 320306050002</h3><p style='margin:2px 0;'><b>กลุ่มคิว:</b> 83_001</p><table border='1' style='border-collapse:collapse; border-color:#ccc; width:100%;'><tr><td style='padding:3px 6px; font-weight:bold; background-color:#f2f2f2;'>รหัสกลุ่มคิว</td><td style='padding:3px 6px;'>83/001</td></tr><tr><td style='padding:3px 6px; font-weight:bold; background-color:#f2f2f2;'>รหัสรับเหมา</td><td style='padding:3px 6px;'>738889</td></tr><tr><td style='padding:3px 6px; font-weight:bold; background-color:#f2f2f2;'>ชื่อ-สกุล รับเหมา</td><td style='padding:3px 6px;'>รถตัดโรงงานเบอร์ 35</td></tr><tr><td style='padding:3px 6px; font-weight:bold; background-color:#f2f2f2;'>นักเกษตร</td><td style='padding:3px 6px;'>8301</td></tr><tr><td style='padding:3px 6px; font-weight:bold; background-color:#f2f2f2;'>ศูนย์</td><td style='padding:3px 6px;'>K2-83</td></tr><tr><td style='padding:3px 6px; font-weight:bold; background-color:#f2f2f2;'>โควตา</td><td style='padding:3px 6px;'>784889</td></tr><tr><td style='padding:3px 6px; font-weight:bold; background-color:#f2f2f2;'>ชาวไร่</td><td style='padding:3px 6px;'>น.ส. เพชรัช คงมั่น</td></tr><tr><td style='padding:3px 6px; font-weight:bold; background-color:#f2f2f2;'>ประเภทอ้อย</td><td style='padding:3px 6px;'>ตอ3</td></tr><tr><td style='padding:3px 6px; font-weight:bold; background-color:#f2f2f2;'>พื้นที่</td><td style='padding:3px 6px;'>5.98</td></tr><tr><td style='padding:3px 6px; font-weight:bold; background-color:#f2f2f2;'>ตันรวม</td><td style='padding:3px 6px;'>41.86</td></tr><tr><td style='padding:3px 6px; font-weight:bold; background-color:#f2f2f2;'>รหัสแปลง</td><td style='padding:3px 6px;'>320306050002</td></tr><tr><td style='padding:3px 6px; font-weight:bold; background-color:#f2f2f2;'>กลุ่ม</td><td style='padding:3px 6px;'>กลุ่ม_83</td></tr></table></div>]]></description>
      <styleUrl>#plotStyle</styleUrl>
      <MultiGeometry><Polygon><outerBoundaryIs><LinearRing><coordinates>103.5738843,15.1803221,0 103.5737562,15.1796573,0 103.5725844,15.1798130,0 103.5726053,15.1804380,0 103.5738843,15.1803221,0</coordinates></LinearRing></outerBoundaryIs></Polygon></MultiGeometry>
    </Placemark>
    <Placemark>
      <name>320306050004</name>
      <description><![CDATA[<div style='font-family:Tahoma,sans-serif; font-size:13px;'><h3 style='color:#1565C0; margin:4px 0;'>รหัสแปลง: 320306050004</h3><p style='margin:2px 0;'><b>กลุ่มคิว:</b> 83_001</p><table border='1' style='border-collapse:collapse; border-color:#ccc; width:100%;'><tr><td style='padding:3px 6px; font-weight:bold; background-color:#f2f2f2;'>รหัสกลุ่มคิว</td><td style='padding:3px 6px;'>83/001</td></tr><tr><td style='padding:3px 6px; font-weight:bold; background-color:#f2f2f2;'>รหัสรับเหมา</td><td style='padding:3px 6px;'>738889</td></tr><tr><td style='padding:3px 6px; font-weight:bold; background-color:#f2f2f2;'>ชื่อ-สกุล รับเหมา</td><td style='padding:3px 6px;'>รถตัดโรงงานเบอร์ 35</td></tr><tr><td style='padding:3px 6px; font-weight:bold; background-color:#f2f2f2;'>นักเกษตร</td><td style='padding:3px 6px;'>8301</td></tr><tr><td style='padding:3px 6px; font-weight:bold; background-color:#f2f2f2;'>ศูนย์</td><td style='padding:3px 6px;'>K2-83</td></tr><tr><td style='padding:3px 6px; font-weight:bold; background-color:#f2f2f2;'>โควตา</td><td style='padding:3px 6px;'>784889</td></tr><tr><td style='padding:3px 6px; font-weight:bold; background-color:#f2f2f2;'>ชาวไร่</td><td style='padding:3px 6px;'>น.ส. เพชรัช คงมั่น</td></tr><tr><td style='padding:3px 6px; font-weight:bold; background-color:#f2f2f2;'>ประเภทอ้อย</td><td style='padding:3px 6px;'>ตอ1</td></tr><tr><td style='padding:3px 6px; font-weight:bold; background-color:#f2f2f2;'>พื้นที่</td><td style='padding:3px 6px;'>24.57</td></tr><tr><td style='padding:3px 6px; font-weight:bold; background-color:#f2f2f2;'>ตันรวม</td><td style='padding:3px 6px;'>221.13</td></tr><tr><td style='padding:3px 6px; font-weight:bold; background-color:#f2f2f2;'>รหัสแปลง</td><td style='padding:3px 6px;'>320306050004</td></tr><tr><td style='padding:3px 6px; font-weight:bold; background-color:#f2f2f2;'>กลุ่ม</td><td style='padding:3px 6px;'>กลุ่ม_83</td></tr></table></div>]]></description>
      <styleUrl>#plotStyle</styleUrl>
      <MultiGeometry><Polygon><outerBoundaryIs><LinearRing><coordinates>103.5745601,15.1776493,0 103.5739571,15.1758287,0 103.5731928,15.1760294,0 103.5723849,15.1763945,0 103.5724455,15.1779266,0 103.5745601,15.1776493,0</coordinates></LinearRing></outerBoundaryIs></Polygon></MultiGeometry>
    </Placemark>
    <Placemark>
      <name>320407070001</name>
      <description><![CDATA[<div style='font-family:Tahoma,sans-serif; font-size:13px;'><h3 style='color:#1565C0; margin:4px 0;'>รหัสแปลง: 320407070001</h3><p style='margin:2px 0;'><b>กลุ่มคิว:</b> 83_001</p><table border='1' style='border-collapse:collapse; border-color:#ccc; width:100%;'><tr><td style='padding:3px 6px; font-weight:bold; background-color:#f2f2f2;'>รหัสกลุ่มคิว</td><td style='padding:3px 6px;'>83/001</td></tr><tr><td style='padding:3px 6px; font-weight:bold; background-color:#f2f2f2;'>รหัสรับเหมา</td><td style='padding:3px 6px;'>738889</td></tr><tr><td style='padding:3px 6px; font-weight:bold; background-color:#f2f2f2;'>ชื่อ-สกุล รับเหมา</td><td style='padding:3px 6px;'>รถตัดโรงงานเบอร์ 35</td></tr><tr><td style='padding:3px 6px; font-weight:bold; background-color:#f2f2f2;'>นักเกษตร</td><td style='padding:3px 6px;'>8301</td></tr><tr><td style='padding:3px 6px; font-weight:bold; background-color:#f2f2f2;'>ศูนย์</td><td style='padding:3px 6px;'>K2-83</td></tr><tr><td style='padding:3px 6px; font-weight:bold; background-color:#f2f2f2;'>โควตา</td><td style='padding:3px 6px;'>784870</td></tr><tr><td style='padding:3px 6px; font-weight:bold; background-color:#f2f2f2;'>ชาวไร่</td><td style='padding:3px 6px;'>นาย พิธิวัฒน์ รอดเนียม</td></tr><tr><td style='padding:3px 6px; font-weight:bold; background-color:#f2f2f2;'>ประเภทอ้อย</td><td style='padding:3px 6px;'>ปลายฝน</td></tr><tr><td style='padding:3px 6px; font-weight:bold; background-color:#f2f2f2;'>พื้นที่</td><td style='padding:3px 6px;'>13.7</td></tr><tr><td style='padding:3px 6px; font-weight:bold; background-color:#f2f2f2;'>ตันรวม</td><td style='padding:3px 6px;'>178.1</td></tr><tr><td style='padding:3px 6px; font-weight:bold; background-color:#f2f2f2;'>รหัสแปลง</td><td style='padding:3px 6px;'>320407070001</td></tr><tr><td style='padding:3px 6px; font-weight:bold; background-color:#f2f2f2;'>กลุ่ม</td><td style='padding:3px 6px;'>กลุ่ม_83</td></tr></table></div>]]></description>
      <styleUrl>#plotStyle</styleUrl>
      <MultiGeometry><Polygon><outerBoundaryIs><LinearRing><coordinates>103.6135507,15.1368523,0 103.6143716,15.1365930,0 103.6138024,15.1346402,0 103.6129090,15.1348842,0 103.6135507,15.1368523,0</coordinates></LinearRing></outerBoundaryIs></Polygon></MultiGeometry>
    </Placemark>
    <Placemark>
      <name>320409120001</name>
      <description><![CDATA[<div style='font-family:Tahoma,sans-serif; font-size:13px;'><h3 style='color:#1565C0; margin:4px 0;'>รหัสแปลง: 320409120001</h3><p style='margin:2px 0;'><b>กลุ่มคิว:</b> 83_001</p><table border='1' style='border-collapse:collapse; border-color:#ccc; width:100%;'><tr><td style='padding:3px 6px; font-weight:bold; background-color:#f2f2f2;'>รหัสกลุ่มคิว</td><td style='padding:3px 6px;'>83/001</td></tr><tr><td style='padding:3px 6px; font-weight:bold; background-color:#f2f2f2;'>รหัสรับเหมา</td><td style='padding:3px 6px;'>738889</td></tr><tr><td style='padding:3px 6px; font-weight:bold; background-color:#f2f2f2;'>ชื่อ-สกุล รับเหมา</td><td style='padding:3px 6px;'>รถตัดโรงงานเบอร์ 35</td></tr><tr><td style='padding:3px 6px; font-weight:bold; background-color:#f2f2f2;'>นักเกษตร</td><td style='padding:3px 6px;'>8301</td></tr><tr><td style='padding:3px 6px; font-weight:bold; background-color:#f2f2f2;'>ศูนย์</td><td style='padding:3px 6px;'>K2-83</td></tr><tr><td style='padding:3px 6px; font-weight:bold; background-color:#f2f2f2;'>โควตา</td><td style='padding:3px 6px;'>782406</td></tr><tr><td style='padding:3px 6px; font-weight:bold; background-color:#f2f2f2;'>ชาวไร่</td><td style='padding:3px 6px;'>นาง สุดารัตน์ สมพร</td></tr><tr><td style='padding:3px 6px; font-weight:bold; background-color:#f2f2f2;'>ประเภทอ้อย</td><td style='padding:3px 6px;'>ตอ2</td></tr><tr><td style='padding:3px 6px; font-weight:bold; background-color:#f2f2f2;'>พื้นที่</td><td style='padding:3px 6px;'>17.15</td></tr><tr><td style='padding:3px 6px; font-weight:bold; background-color:#f2f2f2;'>ตันรวม</td><td style='padding:3px 6px;'>137.2</td></tr><tr><td style='padding:3px 6px; font-weight:bold; background-color:#f2f2f2;'>รหัสแปลง</td><td style='padding:3px 6px;'>320409120001</td></tr><tr><td style='padding:3px 6px; font-weight:bold; background-color:#f2f2f2;'>กลุ่ม</td><td style='padding:3px 6px;'>กลุ่ม_83</td></tr></table></div>]]></description>
      <styleUrl>#plotStyle</styleUrl>
      <MultiGeometry><Polygon><outerBoundaryIs><LinearRing><coordinates>103.5803845,15.1470566,0 103.5801522,15.1457355,0 103.5787518,15.1459018,0 103.5787007,15.1459239,0 103.5787178,15.1463321,0 103.5787335,15.1465903,0 103.5787638,15.1468156,0 103.5788375,15.1470782,0 103.5790037,15.1475641,0 103.5803845,15.1470566,0</coordinates></LinearRing></outerBoundaryIs></Polygon></MultiGeometry>
    </Placemark>
    <Placemark>
      <name>320409090003</name>
      <description><![CDATA[<div style='font-family:Tahoma,sans-serif; font-size:13px;'><h3 style='color:#1565C0; margin:4px 0;'>รหัสแปลง: 320409090003</h3><p style='margin:2px 0;'><b>กลุ่มคิว:</b> 83_001</p><table border='1' style='border-collapse:collapse; border-color:#ccc; width:100%;'><tr><td style='padding:3px 6px; font-weight:bold; background-color:#f2f2f2;'>รหัสกลุ่มคิว</td><td style='padding:3px 6px;'>83/001</td></tr><tr><td style='padding:3px 6px; font-weight:bold; background-color:#f2f2f2;'>รหัสรับเหมา</td><td style='padding:3px 6px;'>738889</td></tr><tr><td style='padding:3px 6px; font-weight:bold; background-color:#f2f2f2;'>ชื่อ-สกุล รับเหมา</td><td style='padding:3px 6px;'>รถตัดโรงงานเบอร์ 35</td></tr><tr><td style='padding:3px 6px; font-weight:bold; background-color:#f2f2f2;'>นักเกษตร</td><td style='padding:3px 6px;'>8301</td></tr><tr><td style='padding:3px 6px; font-weight:bold; background-color:#f2f2f2;'>ศูนย์</td><td style='padding:3px 6px;'>K2-83</td></tr><tr><td style='padding:3px 6px; font-weight:bold; background-color:#f2f2f2;'>โควตา</td><td style='padding:3px 6px;'>782403</td></tr><tr><td style='padding:3px 6px; font-weight:bold; background-color:#f2f2f2;'>ชาวไร่</td><td style='padding:3px 6px;'>นาย พิทักษ์ แสนกล้า</td></tr><tr><td style='padding:3px 6px; font-weight:bold; background-color:#f2f2f2;'>ประเภทอ้อย</td><td style='padding:3px 6px;'>ตอ1</td></tr><tr><td style='padding:3px 6px; font-weight:bold; background-color:#f2f2f2;'>พื้นที่</td><td style='padding:3px 6px;'>6.84</td></tr><tr><td style='padding:3px 6px; font-weight:bold; background-color:#f2f2f2;'>ตันรวม</td><td style='padding:3px 6px;'>61.56</td></tr><tr><td style='padding:3px 6px; font-weight:bold; background-color:#f2f2f2;'>รหัสแปลง</td><td style='padding:3px 6px;'>320409090003</td></tr><tr><td style='padding:3px 6px; font-weight:bold; background-color:#f2f2f2;'>กลุ่ม</td><td style='padding:3px 6px;'>กลุ่ม_83</td></tr></table></div>]]></description>
      <styleUrl>#plotStyle</styleUrl>
      <MultiGeometry><Polygon><outerBoundaryIs><LinearRing><coordinates>103.5846177,15.1524739,0 103.5852590,15.1522242,0 103.5849018,15.1510972,0 103.5841513,15.1513528,0 103.5845411,15.1524183,0 103.5846177,15.1524739,0</coordinates></LinearRing></outerBoundaryIs></Polygon></MultiGeometry>
    </Placemark>
    <Placemark>
      <name>320401020006</name>
      <description><![CDATA[<div style='font-family:Tahoma,sans-serif; font-size:13px;'><h3 style='color:#1565C0; margin:4px 0;'>รหัสแปลง: 320401020006</h3><p style='margin:2px 0;'><b>กลุ่มคิว:</b> 83_001</p><table border='1' style='border-collapse:collapse; border-color:#ccc; width:100%;'><tr><td style='padding:3px 6px; font-weight:bold; background-color:#f2f2f2;'>รหัสกลุ่มคิว</td><td style='padding:3px 6px;'>83/001</td></tr><tr><td style='padding:3px 6px; font-weight:bold; background-color:#f2f2f2;'>รหัสรับเหมา</td><td style='padding:3px 6px;'>738889</td></tr><tr><td style='padding:3px 6px; font-weight:bold; background-color:#f2f2f2;'>ชื่อ-สกุล รับเหมา</td><td style='padding:3px 6px;'>รถตัดโรงงานเบอร์ 35</td></tr><tr><td style='padding:3px 6px; font-weight:bold; background-color:#f2f2f2;'>นักเกษตร</td><td style='padding:3px 6px;'>8301</td></tr><tr><td style='padding:3px 6px; font-weight:bold; background-color:#f2f2f2;'>ศูนย์</td><td style='padding:3px 6px;'>K2-83</td></tr><tr><td style='padding:3px 6px; font-weight:bold; background-color:#f2f2f2;'>โควตา</td><td style='padding:3px 6px;'>784870</td></tr><tr><td style='padding:3px 6px; font-weight:bold; background-color:#f2f2f2;'>ชาวไร่</td><td style='padding:3px 6px;'>นาย พิธิวัฒน์ รอดเนียม</td></tr><tr><td style='padding:3px 6px; font-weight:bold; background-color:#f2f2f2;'>ประเภทอ้อย</td><td style='padding:3px 6px;'>ตอ1</td></tr><tr><td style='padding:3px 6px; font-weight:bold; background-color:#f2f2f2;'>พื้นที่</td><td style='padding:3px 6px;'>14.65</td></tr><tr><td style='padding:3px 6px; font-weight:bold; background-color:#f2f2f2;'>ตันรวม</td><td style='padding:3px 6px;'>131.85</td></tr><tr><td style='padding:3px 6px; font-weight:bold; background-color:#f2f2f2;'>รหัสแปลง</td><td style='padding:3px 6px;'>320401020006</td></tr><tr><td style='padding:3px 6px; font-weight:bold; background-color:#f2f2f2;'>กลุ่ม</td><td style='padding:3px 6px;'>กลุ่ม_83</td></tr></table></div>]]></description>
      <styleUrl>#plotStyle</styleUrl>
      <MultiGeometry><Polygon><outerBoundaryIs><LinearRing><coordinates>103.6231489,15.1105385,0 103.6221933,15.1090166,0 103.6216511,15.1090563,0 103.6209160,15.1092248,0 103.6224536,15.1108976,0 103.6231489,15.1105385,0</coordinates></LinearRing></outerBoundaryIs></Polygon></MultiGeometry>
    </Placemark>
    <Placemark>
      <name>320409100003</name>
      <description><![CDATA[<div style='font-family:Tahoma,sans-serif; font-size:13px;'><h3 style='color:#1565C0; margin:4px 0;'>รหัสแปลง: 320409100003</h3><p style='margin:2px 0;'><b>กลุ่มคิว:</b> 83_001</p><table border='1' style='border-collapse:collapse; border-color:#ccc; width:100%;'><tr><td style='padding:3px 6px; font-weight:bold; background-color:#f2f2f2;'>รหัสกลุ่มคิว</td><td style='padding:3px 6px;'>83/001</td></tr><tr><td style='padding:3px 6px; font-weight:bold; background-color:#f2f2f2;'>รหัสรับเหมา</td><td style='padding:3px 6px;'>738889</td></tr><tr><td style='padding:3px 6px; font-weight:bold; background-color:#f2f2f2;'>ชื่อ-สกุล รับเหมา</td><td style='padding:3px 6px;'>รถตัดโรงงานเบอร์ 35</td></tr><tr><td style='padding:3px 6px; font-weight:bold; background-color:#f2f2f2;'>นักเกษตร</td><td style='padding:3px 6px;'>8301</td></tr><tr><td style='padding:3px 6px; font-weight:bold; background-color:#f2f2f2;'>ศูนย์</td><td style='padding:3px 6px;'>K2-83</td></tr><tr><td style='padding:3px 6px; font-weight:bold; background-color:#f2f2f2;'>โควตา</td><td style='padding:3px 6px;'>784257</td></tr><tr><td style='padding:3px 6px; font-weight:bold; background-color:#f2f2f2;'>ชาวไร่</td><td style='padding:3px 6px;'>นาย ชินกรณ์ เจือจันทร์</td></tr><tr><td style='padding:3px 6px; font-weight:bold; background-color:#f2f2f2;'>ประเภทอ้อย</td><td style='padding:3px 6px;'>ปลายฝน</td></tr><tr><td style='padding:3px 6px; font-weight:bold; background-color:#f2f2f2;'>พื้นที่</td><td style='padding:3px 6px;'>30.36</td></tr><tr><td style='padding:3px 6px; font-weight:bold; background-color:#f2f2f2;'>ตันรวม</td><td style='padding:3px 6px;'>394.68</td></tr><tr><td style='padding:3px 6px; font-weight:bold; background-color:#f2f2f2;'>รหัสแปลง</td><td style='padding:3px 6px;'>320409100003</td></tr><tr><td style='padding:3px 6px; font-weight:bold; background-color:#f2f2f2;'>กลุ่ม</td><td style='padding:3px 6px;'>กลุ่ม_83</td></tr></table></div>]]></description>
      <styleUrl>#plotStyle</styleUrl>
      <MultiGeometry><Polygon><outerBoundaryIs><LinearRing><coordinates>103.5858358,15.1700954,0 103.5862729,15.1736454,0 103.5866472,15.1735541,0 103.5871588,15.1733686,0 103.5874510,15.1732603,0 103.5872561,15.1728872,0 103.5872298,15.1728228,0 103.5872109,15.1725731,0 103.5871935,15.1725162,0 103.5871893,15.1722790,0 103.5872409,15.1702511,0 103.5866610,15.1701127,0 103.5866035,15.1700957,0 103.5865072,15.1699916,0 103.5864310,15.1699498,0 103.5858358,15.1700954,0</coordinates></LinearRing></outerBoundaryIs></Polygon></MultiGeometry>
    </Placemark>
    <Placemark>
      <name>320306050009</name>
      <description><![CDATA[<div style='font-family:Tahoma,sans-serif; font-size:13px;'><h3 style='color:#1565C0; margin:4px 0;'>รหัสแปลง: 320306050009</h3><p style='margin:2px 0;'><b>กลุ่มคิว:</b> 83_001</p><table border='1' style='border-collapse:collapse; border-color:#ccc; width:100%;'><tr><td style='padding:3px 6px; font-weight:bold; background-color:#f2f2f2;'>รหัสกลุ่มคิว</td><td style='padding:3px 6px;'>83/001</td></tr><tr><td style='padding:3px 6px; font-weight:bold; background-color:#f2f2f2;'>รหัสรับเหมา</td><td style='padding:3px 6px;'>738889</td></tr><tr><td style='padding:3px 6px; font-weight:bold; background-color:#f2f2f2;'>ชื่อ-สกุล รับเหมา</td><td style='padding:3px 6px;'>รถตัดโรงงานเบอร์ 35</td></tr><tr><td style='padding:3px 6px; font-weight:bold; background-color:#f2f2f2;'>นักเกษตร</td><td style='padding:3px 6px;'>8301</td></tr><tr><td style='padding:3px 6px; font-weight:bold; background-color:#f2f2f2;'>ศูนย์</td><td style='padding:3px 6px;'>K2-83</td></tr><tr><td style='padding:3px 6px; font-weight:bold; background-color:#f2f2f2;'>โควตา</td><td style='padding:3px 6px;'>781764</td></tr><tr><td style='padding:3px 6px; font-weight:bold; background-color:#f2f2f2;'>ชาวไร่</td><td style='padding:3px 6px;'>นาง หนูไกร ฉิมงาม</td></tr><tr><td style='padding:3px 6px; font-weight:bold; background-color:#f2f2f2;'>ประเภทอ้อย</td><td style='padding:3px 6px;'>ตอ3</td></tr><tr><td style='padding:3px 6px; font-weight:bold; background-color:#f2f2f2;'>พื้นที่</td><td style='padding:3px 6px;'>13.45</td></tr><tr><td style='padding:3px 6px; font-weight:bold; background-color:#f2f2f2;'>ตันรวม</td><td style='padding:3px 6px;'>94.15</td></tr><tr><td style='padding:3px 6px; font-weight:bold; background-color:#f2f2f2;'>รหัสแปลง</td><td style='padding:3px 6px;'>320306050009</td></tr><tr><td style='padding:3px 6px; font-weight:bold; background-color:#f2f2f2;'>กลุ่ม</td><td style='padding:3px 6px;'>กลุ่ม_83</td></tr></table></div>]]></description>
      <styleUrl>#plotStyle</styleUrl>
      <MultiGeometry><Polygon><outerBoundaryIs><LinearRing><coordinates>103.5609689,15.2108699,0 103.5611137,15.2112817,0 103.5625295,15.2108822,0 103.5622578,15.2098909,0 103.5620766,15.2098414,0 103.5619081,15.2096729,0 103.5611724,15.2097417,0 103.5609689,15.2108699,0</coordinates></LinearRing></outerBoundaryIs></Polygon></MultiGeometry>
    </Placemark>
    <Placemark>
      <name>320306050013</name>
      <description><![CDATA[<div style='font-family:Tahoma,sans-serif; font-size:13px;'><h3 style='color:#1565C0; margin:4px 0;'>รหัสแปลง: 320306050013</h3><p style='margin:2px 0;'><b>กลุ่มคิว:</b> 83_001</p><table border='1' style='border-collapse:collapse; border-color:#ccc; width:100%;'><tr><td style='padding:3px 6px; font-weight:bold; background-color:#f2f2f2;'>รหัสกลุ่มคิว</td><td style='padding:3px 6px;'>83/001</td></tr><tr><td style='padding:3px 6px; font-weight:bold; background-color:#f2f2f2;'>รหัสรับเหมา</td><td style='padding:3px 6px;'>738889</td></tr><tr><td style='padding:3px 6px; font-weight:bold; background-color:#f2f2f2;'>ชื่อ-สกุล รับเหมา</td><td style='padding:3px 6px;'>รถตัดโรงงานเบอร์ 35</td></tr><tr><td style='padding:3px 6px; font-weight:bold; background-color:#f2f2f2;'>นักเกษตร</td><td style='padding:3px 6px;'>8301</td></tr><tr><td style='padding:3px 6px; font-weight:bold; background-color:#f2f2f2;'>ศูนย์</td><td style='padding:3px 6px;'>K2-83</td></tr><tr><td style='padding:3px 6px; font-weight:bold; background-color:#f2f2f2;'>โควตา</td><td style='padding:3px 6px;'>784889</td></tr><tr><td style='padding:3px 6px; font-weight:bold; background-color:#f2f2f2;'>ชาวไร่</td><td style='padding:3px 6px;'>น.ส. เพชรัช คงมั่น</td></tr><tr><td style='padding:3px 6px; font-weight:bold; background-color:#f2f2f2;'>ประเภทอ้อย</td><td style='padding:3px 6px;'>ปลายฝน</td></tr><tr><td style='padding:3px 6px; font-weight:bold; background-color:#f2f2f2;'>พื้นที่</td><td style='padding:3px 6px;'>27.48</td></tr><tr><td style='padding:3px 6px; font-weight:bold; background-color:#f2f2f2;'>ตันรวม</td><td style='padding:3px 6px;'>357.24</td></tr><tr><td style='padding:3px 6px; font-weight:bold; background-color:#f2f2f2;'>รหัสแปลง</td><td style='padding:3px 6px;'>320306050013</td></tr><tr><td style='padding:3px 6px; font-weight:bold; background-color:#f2f2f2;'>กลุ่ม</td><td style='padding:3px 6px;'>กลุ่ม_83</td></tr></table></div>]]></description>
      <styleUrl>#plotStyle</styleUrl>
      <MultiGeometry><Polygon><outerBoundaryIs><LinearRing><coordinates>103.5750133,15.1791280,0 103.5745712,15.1776453,0 103.5724657,15.1779267,0 103.5725943,15.1797868,0 103.5733044,15.1796774,0 103.5732625,15.1792173,0 103.5736701,15.1791801,0 103.5737135,15.1792987,0 103.5750133,15.1791280,0</coordinates></LinearRing></outerBoundaryIs></Polygon></MultiGeometry>
    </Placemark>
    <Placemark>
      <name>320407010008</name>
      <description><![CDATA[<div style='font-family:Tahoma,sans-serif; font-size:13px;'><h3 style='color:#1565C0; margin:4px 0;'>รหัสแปลง: 320407010008</h3><p style='margin:2px 0;'><b>กลุ่มคิว:</b> 83_001</p><table border='1' style='border-collapse:collapse; border-color:#ccc; width:100%;'><tr><td style='padding:3px 6px; font-weight:bold; background-color:#f2f2f2;'>รหัสกลุ่มคิว</td><td style='padding:3px 6px;'>83/001</td></tr><tr><td style='padding:3px 6px; font-weight:bold; background-color:#f2f2f2;'>รหัสรับเหมา</td><td style='padding:3px 6px;'>738889</td></tr><tr><td style='padding:3px 6px; font-weight:bold; background-color:#f2f2f2;'>ชื่อ-สกุล รับเหมา</td><td style='padding:3px 6px;'>รถตัดโรงงานเบอร์ 35</td></tr><tr><td style='padding:3px 6px; font-weight:bold; background-color:#f2f2f2;'>นักเกษตร</td><td style='padding:3px 6px;'>8301</td></tr><tr><td style='padding:3px 6px; font-weight:bold; background-color:#f2f2f2;'>ศูนย์</td><td style='padding:3px 6px;'>K2-83</td></tr><tr><td style='padding:3px 6px; font-weight:bold; background-color:#f2f2f2;'>โควตา</td><td style='padding:3px 6px;'>782634</td></tr><tr><td style='padding:3px 6px; font-weight:bold; background-color:#f2f2f2;'>ชาวไร่</td><td style='padding:3px 6px;'>นาง วันนา อินทะสมบัติ</td></tr><tr><td style='padding:3px 6px; font-weight:bold; background-color:#f2f2f2;'>ประเภทอ้อย</td><td style='padding:3px 6px;'>ตอ2</td></tr><tr><td style='padding:3px 6px; font-weight:bold; background-color:#f2f2f2;'>พื้นที่</td><td style='padding:3px 6px;'>9.37</td></tr><tr><td style='padding:3px 6px; font-weight:bold; background-color:#f2f2f2;'>ตันรวม</td><td style='padding:3px 6px;'>74.96</td></tr><tr><td style='padding:3px 6px; font-weight:bold; background-color:#f2f2f2;'>รหัสแปลง</td><td style='padding:3px 6px;'>320407010008</td></tr><tr><td style='padding:3px 6px; font-weight:bold; background-color:#f2f2f2;'>กลุ่ม</td><td style='padding:3px 6px;'>กลุ่ม_83</td></tr></table></div>]]></description>
      <styleUrl>#plotStyle</styleUrl>
      <MultiGeometry><Polygon><outerBoundaryIs><LinearRing><coordinates>103.6050065,15.1645389,0 103.6058013,15.1644711,0 103.6055990,15.1629317,0 103.6047637,15.1630535,0 103.6047629,15.1630524,0 103.6050065,15.1645389,0</coordinates></LinearRing></outerBoundaryIs></Polygon></MultiGeometry>
    </Placemark>
    <Placemark>
      <name>320407051506</name>
      <description><![CDATA[<div style='font-family:Tahoma,sans-serif; font-size:13px;'><h3 style='color:#1565C0; margin:4px 0;'>รหัสแปลง: 320407051506</h3><p style='margin:2px 0;'><b>กลุ่มคิว:</b> 83_001</p><table border='1' style='border-collapse:collapse; border-color:#ccc; width:100%;'><tr><td style='padding:3px 6px; font-weight:bold; background-color:#f2f2f2;'>รหัสกลุ่มคิว</td><td style='padding:3px 6px;'>83/001</td></tr><tr><td style='padding:3px 6px; font-weight:bold; background-color:#f2f2f2;'>รหัสรับเหมา</td><td style='padding:3px 6px;'>738889</td></tr><tr><td style='padding:3px 6px; font-weight:bold; background-color:#f2f2f2;'>ชื่อ-สกุล รับเหมา</td><td style='padding:3px 6px;'>รถตัดโรงงานเบอร์ 35</td></tr><tr><td style='padding:3px 6px; font-weight:bold; background-color:#f2f2f2;'>นักเกษตร</td><td style='padding:3px 6px;'>8301</td></tr><tr><td style='padding:3px 6px; font-weight:bold; background-color:#f2f2f2;'>ศูนย์</td><td style='padding:3px 6px;'>K2-83</td></tr><tr><td style='padding:3px 6px; font-weight:bold; background-color:#f2f2f2;'>โควตา</td><td style='padding:3px 6px;'>782396</td></tr><tr><td style='padding:3px 6px; font-weight:bold; background-color:#f2f2f2;'>ชาวไร่</td><td style='padding:3px 6px;'>นาง สงวน สมานมิตร</td></tr><tr><td style='padding:3px 6px; font-weight:bold; background-color:#f2f2f2;'>ประเภทอ้อย</td><td style='padding:3px 6px;'>ตอ2</td></tr><tr><td style='padding:3px 6px; font-weight:bold; background-color:#f2f2f2;'>พื้นที่</td><td style='padding:3px 6px;'>13.36</td></tr><tr><td style='padding:3px 6px; font-weight:bold; background-color:#f2f2f2;'>ตันรวม</td><td style='padding:3px 6px;'>106.88</td></tr><tr><td style='padding:3px 6px; font-weight:bold; background-color:#f2f2f2;'>รหัสแปลง</td><td style='padding:3px 6px;'>320407051506</td></tr><tr><td style='padding:3px 6px; font-weight:bold; background-color:#f2f2f2;'>กลุ่ม</td><td style='padding:3px 6px;'>กลุ่ม_83</td></tr></table></div>]]></description>
      <styleUrl>#plotStyle</styleUrl>
      <MultiGeometry><Polygon><outerBoundaryIs><LinearRing><coordinates>103.6093850,15.1567032,0 103.6097284,15.1586105,0 103.6106138,15.1584110,0 103.6102324,15.1565103,0 103.6099700,15.1564889,0 103.6095463,15.1564668,0 103.6095573,15.1566815,0 103.6093850,15.1567032,0</coordinates></LinearRing></outerBoundaryIs></Polygon></MultiGeometry>
    </Placemark>
    <Placemark>
      <name>320407051507</name>
      <description><![CDATA[<div style='font-family:Tahoma,sans-serif; font-size:13px;'><h3 style='color:#1565C0; margin:4px 0;'>รหัสแปลง: 320407051507</h3><p style='margin:2px 0;'><b>กลุ่มคิว:</b> 83_001</p><table border='1' style='border-collapse:collapse; border-color:#ccc; width:100%;'><tr><td style='padding:3px 6px; font-weight:bold; background-color:#f2f2f2;'>รหัสกลุ่มคิว</td><td style='padding:3px 6px;'>83/001</td></tr><tr><td style='padding:3px 6px; font-weight:bold; background-color:#f2f2f2;'>รหัสรับเหมา</td><td style='padding:3px 6px;'>738889</td></tr><tr><td style='padding:3px 6px; font-weight:bold; background-color:#f2f2f2;'>ชื่อ-สกุล รับเหมา</td><td style='padding:3px 6px;'>รถตัดโรงงานเบอร์ 35</td></tr><tr><td style='padding:3px 6px; font-weight:bold; background-color:#f2f2f2;'>นักเกษตร</td><td style='padding:3px 6px;'>8301</td></tr><tr><td style='padding:3px 6px; font-weight:bold; background-color:#f2f2f2;'>ศูนย์</td><td style='padding:3px 6px;'>K2-83</td></tr><tr><td style='padding:3px 6px; font-weight:bold; background-color:#f2f2f2;'>โควตา</td><td style='padding:3px 6px;'>782397</td></tr><tr><td style='padding:3px 6px; font-weight:bold; background-color:#f2f2f2;'>ชาวไร่</td><td style='padding:3px 6px;'>น.ส. จินดา ใจกล้า</td></tr><tr><td style='padding:3px 6px; font-weight:bold; background-color:#f2f2f2;'>ประเภทอ้อย</td><td style='padding:3px 6px;'>ตอ3</td></tr><tr><td style='padding:3px 6px; font-weight:bold; background-color:#f2f2f2;'>พื้นที่</td><td style='padding:3px 6px;'>4.88</td></tr><tr><td style='padding:3px 6px; font-weight:bold; background-color:#f2f2f2;'>ตันรวม</td><td style='padding:3px 6px;'>34.16</td></tr><tr><td style='padding:3px 6px; font-weight:bold; background-color:#f2f2f2;'>รหัสแปลง</td><td style='padding:3px 6px;'>320407051507</td></tr><tr><td style='padding:3px 6px; font-weight:bold; background-color:#f2f2f2;'>กลุ่ม</td><td style='padding:3px 6px;'>กลุ่ม_83</td></tr></table></div>]]></description>
      <styleUrl>#plotStyle</styleUrl>
      <MultiGeometry><Polygon><outerBoundaryIs><LinearRing><coordinates>103.6096060,15.1579841,0 103.6092530,15.1580593,0 103.6088340,15.1581358,0 103.6078222,15.1582428,0 103.6076627,15.1582425,0 103.6073055,15.1582663,0 103.6068742,15.1583275,0 103.6069407,15.1585650,0 103.6079049,15.1584593,0 103.6084438,15.1584164,0 103.6088789,15.1583554,0 103.6093550,15.1582792,0 103.6096375,15.1582563,0 103.6096060,15.1579841,0</coordinates></LinearRing></outerBoundaryIs></Polygon></MultiGeometry>
    </Placemark>
    <Placemark>
      <name>320401110003</name>
      <description><![CDATA[<div style='font-family:Tahoma,sans-serif; font-size:13px;'><h3 style='color:#1565C0; margin:4px 0;'>รหัสแปลง: 320401110003</h3><p style='margin:2px 0;'><b>กลุ่มคิว:</b> 83_001</p><table border='1' style='border-collapse:collapse; border-color:#ccc; width:100%;'><tr><td style='padding:3px 6px; font-weight:bold; background-color:#f2f2f2;'>รหัสกลุ่มคิว</td><td style='padding:3px 6px;'>83/001</td></tr><tr><td style='padding:3px 6px; font-weight:bold; background-color:#f2f2f2;'>รหัสรับเหมา</td><td style='padding:3px 6px;'>738889</td></tr><tr><td style='padding:3px 6px; font-weight:bold; background-color:#f2f2f2;'>ชื่อ-สกุล รับเหมา</td><td style='padding:3px 6px;'>รถตัดโรงงานเบอร์ 35</td></tr><tr><td style='padding:3px 6px; font-weight:bold; background-color:#f2f2f2;'>นักเกษตร</td><td style='padding:3px 6px;'>8301</td></tr><tr><td style='padding:3px 6px; font-weight:bold; background-color:#f2f2f2;'>ศูนย์</td><td style='padding:3px 6px;'>K2-83</td></tr><tr><td style='padding:3px 6px; font-weight:bold; background-color:#f2f2f2;'>โควตา</td><td style='padding:3px 6px;'>784973</td></tr><tr><td style='padding:3px 6px; font-weight:bold; background-color:#f2f2f2;'>ชาวไร่</td><td style='padding:3px 6px;'>นาง วรรณา ก้านอินทร์</td></tr><tr><td style='padding:3px 6px; font-weight:bold; background-color:#f2f2f2;'>ประเภทอ้อย</td><td style='padding:3px 6px;'>ตอ2</td></tr><tr><td style='padding:3px 6px; font-weight:bold; background-color:#f2f2f2;'>พื้นที่</td><td style='padding:3px 6px;'>6.61</td></tr><tr><td style='padding:3px 6px; font-weight:bold; background-color:#f2f2f2;'>ตันรวม</td><td style='padding:3px 6px;'>52.88</td></tr><tr><td style='padding:3px 6px; font-weight:bold; background-color:#f2f2f2;'>รหัสแปลง</td><td style='padding:3px 6px;'>320401110003</td></tr><tr><td style='padding:3px 6px; font-weight:bold; background-color:#f2f2f2;'>กลุ่ม</td><td style='padding:3px 6px;'>กลุ่ม_83</td></tr></table></div>]]></description>
      <styleUrl>#plotStyle</styleUrl>
      <MultiGeometry><Polygon><outerBoundaryIs><LinearRing><coordinates>103.5653841,15.1128761,0 103.5655452,15.1128538,0 103.5653855,15.1123511,0 103.5644914,15.1125170,0 103.5640801,15.1126202,0 103.5642254,15.1132060,0 103.5647527,15.1131519,0 103.5654208,15.1130765,0 103.5653841,15.1128761,0</coordinates></LinearRing></outerBoundaryIs></Polygon></MultiGeometry>
    </Placemark>
    <Placemark>
      <name>320401110004</name>
      <description><![CDATA[<div style='font-family:Tahoma,sans-serif; font-size:13px;'><h3 style='color:#1565C0; margin:4px 0;'>รหัสแปลง: 320401110004</h3><p style='margin:2px 0;'><b>กลุ่มคิว:</b> 83_001</p><table border='1' style='border-collapse:collapse; border-color:#ccc; width:100%;'><tr><td style='padding:3px 6px; font-weight:bold; background-color:#f2f2f2;'>รหัสกลุ่มคิว</td><td style='padding:3px 6px;'>83/001</td></tr><tr><td style='padding:3px 6px; font-weight:bold; background-color:#f2f2f2;'>รหัสรับเหมา</td><td style='padding:3px 6px;'>738889</td></tr><tr><td style='padding:3px 6px; font-weight:bold; background-color:#f2f2f2;'>ชื่อ-สกุล รับเหมา</td><td style='padding:3px 6px;'>รถตัดโรงงานเบอร์ 35</td></tr><tr><td style='padding:3px 6px; font-weight:bold; background-color:#f2f2f2;'>นักเกษตร</td><td style='padding:3px 6px;'>8301</td></tr><tr><td style='padding:3px 6px; font-weight:bold; background-color:#f2f2f2;'>ศูนย์</td><td style='padding:3px 6px;'>K2-83</td></tr><tr><td style='padding:3px 6px; font-weight:bold; background-color:#f2f2f2;'>โควตา</td><td style='padding:3px 6px;'>784973</td></tr><tr><td style='padding:3px 6px; font-weight:bold; background-color:#f2f2f2;'>ชาวไร่</td><td style='padding:3px 6px;'>นาง วรรณา ก้านอินทร์</td></tr><tr><td style='padding:3px 6px; font-weight:bold; background-color:#f2f2f2;'>ประเภทอ้อย</td><td style='padding:3px 6px;'>ตอ2</td></tr><tr><td style='padding:3px 6px; font-weight:bold; background-color:#f2f2f2;'>พื้นที่</td><td style='padding:3px 6px;'>5.15</td></tr><tr><td style='padding:3px 6px; font-weight:bold; background-color:#f2f2f2;'>ตันรวม</td><td style='padding:3px 6px;'>41.2</td></tr><tr><td style='padding:3px 6px; font-weight:bold; background-color:#f2f2f2;'>รหัสแปลง</td><td style='padding:3px 6px;'>320401110004</td></tr><tr><td style='padding:3px 6px; font-weight:bold; background-color:#f2f2f2;'>กลุ่ม</td><td style='padding:3px 6px;'>กลุ่ม_83</td></tr></table></div>]]></description>
      <styleUrl>#plotStyle</styleUrl>
      <MultiGeometry><Polygon><outerBoundaryIs><LinearRing><coordinates>103.5656690,15.1130359,0 103.5665589,15.1129354,0 103.5665564,15.1128541,0 103.5665309,15.1128487,0 103.5664659,15.1126744,0 103.5664569,15.1125980,0 103.5664345,15.1125673,0 103.5663720,15.1121496,0 103.5654646,15.1123153,0 103.5656690,15.1130359,0</coordinates></LinearRing></outerBoundaryIs></Polygon></MultiGeometry>
    </Placemark>
    <Placemark>
      <name>320409120002</name>
      <description><![CDATA[<div style='font-family:Tahoma,sans-serif; font-size:13px;'><h3 style='color:#1565C0; margin:4px 0;'>รหัสแปลง: 320409120002</h3><p style='margin:2px 0;'><b>กลุ่มคิว:</b> 83_001</p><table border='1' style='border-collapse:collapse; border-color:#ccc; width:100%;'><tr><td style='padding:3px 6px; font-weight:bold; background-color:#f2f2f2;'>รหัสกลุ่มคิว</td><td style='padding:3px 6px;'>83/001</td></tr><tr><td style='padding:3px 6px; font-weight:bold; background-color:#f2f2f2;'>รหัสรับเหมา</td><td style='padding:3px 6px;'>738889</td></tr><tr><td style='padding:3px 6px; font-weight:bold; background-color:#f2f2f2;'>ชื่อ-สกุล รับเหมา</td><td style='padding:3px 6px;'>รถตัดโรงงานเบอร์ 35</td></tr><tr><td style='padding:3px 6px; font-weight:bold; background-color:#f2f2f2;'>นักเกษตร</td><td style='padding:3px 6px;'>8301</td></tr><tr><td style='padding:3px 6px; font-weight:bold; background-color:#f2f2f2;'>ศูนย์</td><td style='padding:3px 6px;'>K2-83</td></tr><tr><td style='padding:3px 6px; font-weight:bold; background-color:#f2f2f2;'>โควตา</td><td style='padding:3px 6px;'>782403</td></tr><tr><td style='padding:3px 6px; font-weight:bold; background-color:#f2f2f2;'>ชาวไร่</td><td style='padding:3px 6px;'>นาย พิทักษ์ แสนกล้า</td></tr><tr><td style='padding:3px 6px; font-weight:bold; background-color:#f2f2f2;'>ประเภทอ้อย</td><td style='padding:3px 6px;'>ตอ2</td></tr><tr><td style='padding:3px 6px; font-weight:bold; background-color:#f2f2f2;'>พื้นที่</td><td style='padding:3px 6px;'>12.12</td></tr><tr><td style='padding:3px 6px; font-weight:bold; background-color:#f2f2f2;'>ตันรวม</td><td style='padding:3px 6px;'>96.96</td></tr><tr><td style='padding:3px 6px; font-weight:bold; background-color:#f2f2f2;'>รหัสแปลง</td><td style='padding:3px 6px;'>320409120002</td></tr><tr><td style='padding:3px 6px; font-weight:bold; background-color:#f2f2f2;'>กลุ่ม</td><td style='padding:3px 6px;'>กลุ่ม_83</td></tr></table></div>]]></description>
      <styleUrl>#plotStyle</styleUrl>
      <MultiGeometry><Polygon><outerBoundaryIs><LinearRing><coordinates>103.5810960,15.1439851,0 103.5812577,15.1440419,0 103.5815090,15.1441223,0 103.5815863,15.1441614,0 103.5816627,15.1442009,0 103.5819844,15.1444013,0 103.5826260,15.1446272,0 103.5827552,15.1445383,0 103.5825783,15.1439689,0 103.5826247,15.1435510,0 103.5823713,15.1431562,0 103.5823316,15.1430749,0 103.5817094,15.1432725,0 103.5815953,15.1432890,0 103.5815155,15.1432745,0 103.5814478,15.1432611,0 103.5812540,15.1432205,0 103.5810632,15.1439349,0 103.5810960,15.1439851,0</coordinates></LinearRing></outerBoundaryIs></Polygon></MultiGeometry>
    </Placemark>
    <Placemark>
      <name>320407051512</name>
      <description><![CDATA[<div style='font-family:Tahoma,sans-serif; font-size:13px;'><h3 style='color:#1565C0; margin:4px 0;'>รหัสแปลง: 320407051512</h3><p style='margin:2px 0;'><b>กลุ่มคิว:</b> 83_001</p><table border='1' style='border-collapse:collapse; border-color:#ccc; width:100%;'><tr><td style='padding:3px 6px; font-weight:bold; background-color:#f2f2f2;'>รหัสกลุ่มคิว</td><td style='padding:3px 6px;'>83/001</td></tr><tr><td style='padding:3px 6px; font-weight:bold; background-color:#f2f2f2;'>รหัสรับเหมา</td><td style='padding:3px 6px;'>738889</td></tr><tr><td style='padding:3px 6px; font-weight:bold; background-color:#f2f2f2;'>ชื่อ-สกุล รับเหมา</td><td style='padding:3px 6px;'>รถตัดโรงงานเบอร์ 35</td></tr><tr><td style='padding:3px 6px; font-weight:bold; background-color:#f2f2f2;'>นักเกษตร</td><td style='padding:3px 6px;'>8301</td></tr><tr><td style='padding:3px 6px; font-weight:bold; background-color:#f2f2f2;'>ศูนย์</td><td style='padding:3px 6px;'>K2-83</td></tr><tr><td style='padding:3px 6px; font-weight:bold; background-color:#f2f2f2;'>โควตา</td><td style='padding:3px 6px;'>782397</td></tr><tr><td style='padding:3px 6px; font-weight:bold; background-color:#f2f2f2;'>ชาวไร่</td><td style='padding:3px 6px;'>น.ส. จินดา ใจกล้า</td></tr><tr><td style='padding:3px 6px; font-weight:bold; background-color:#f2f2f2;'>ประเภทอ้อย</td><td style='padding:3px 6px;'>ตอ3</td></tr><tr><td style='padding:3px 6px; font-weight:bold; background-color:#f2f2f2;'>พื้นที่</td><td style='padding:3px 6px;'>3.61</td></tr><tr><td style='padding:3px 6px; font-weight:bold; background-color:#f2f2f2;'>ตันรวม</td><td style='padding:3px 6px;'>25.27</td></tr><tr><td style='padding:3px 6px; font-weight:bold; background-color:#f2f2f2;'>รหัสแปลง</td><td style='padding:3px 6px;'>320407051512</td></tr><tr><td style='padding:3px 6px; font-weight:bold; background-color:#f2f2f2;'>กลุ่ม</td><td style='padding:3px 6px;'>กลุ่ม_83</td></tr></table></div>]]></description>
      <styleUrl>#plotStyle</styleUrl>
      <MultiGeometry><Polygon><outerBoundaryIs><LinearRing><coordinates>103.6092722,15.1583008,0 103.6087681,15.1583740,0 103.6078336,15.1584788,0 103.6078522,15.1587615,0 103.6078547,15.1587660,0 103.6079633,15.1587632,0 103.6084338,15.1587507,0 103.6088898,15.1587032,0 103.6093211,15.1586472,0 103.6092722,15.1583008,0</coordinates></LinearRing></outerBoundaryIs></Polygon></MultiGeometry>
    </Placemark>
    <Placemark>
      <name>320409130007</name>
      <description><![CDATA[<div style='font-family:Tahoma,sans-serif; font-size:13px;'><h3 style='color:#1565C0; margin:4px 0;'>รหัสแปลง: 320409130007</h3><p style='margin:2px 0;'><b>กลุ่มคิว:</b> 83_001</p><table border='1' style='border-collapse:collapse; border-color:#ccc; width:100%;'><tr><td style='padding:3px 6px; font-weight:bold; background-color:#f2f2f2;'>รหัสกลุ่มคิว</td><td style='padding:3px 6px;'>83/001</td></tr><tr><td style='padding:3px 6px; font-weight:bold; background-color:#f2f2f2;'>รหัสรับเหมา</td><td style='padding:3px 6px;'>738889</td></tr><tr><td style='padding:3px 6px; font-weight:bold; background-color:#f2f2f2;'>ชื่อ-สกุล รับเหมา</td><td style='padding:3px 6px;'>รถตัดโรงงานเบอร์ 35</td></tr><tr><td style='padding:3px 6px; font-weight:bold; background-color:#f2f2f2;'>นักเกษตร</td><td style='padding:3px 6px;'>8301</td></tr><tr><td style='padding:3px 6px; font-weight:bold; background-color:#f2f2f2;'>ศูนย์</td><td style='padding:3px 6px;'>K2-83</td></tr><tr><td style='padding:3px 6px; font-weight:bold; background-color:#f2f2f2;'>โควตา</td><td style='padding:3px 6px;'>782403</td></tr><tr><td style='padding:3px 6px; font-weight:bold; background-color:#f2f2f2;'>ชาวไร่</td><td style='padding:3px 6px;'>นาย พิทักษ์ แสนกล้า</td></tr><tr><td style='padding:3px 6px; font-weight:bold; background-color:#f2f2f2;'>ประเภทอ้อย</td><td style='padding:3px 6px;'>ตอ1</td></tr><tr><td style='padding:3px 6px; font-weight:bold; background-color:#f2f2f2;'>พื้นที่</td><td style='padding:3px 6px;'>7.18</td></tr><tr><td style='padding:3px 6px; font-weight:bold; background-color:#f2f2f2;'>ตันรวม</td><td style='padding:3px 6px;'>64.62</td></tr><tr><td style='padding:3px 6px; font-weight:bold; background-color:#f2f2f2;'>รหัสแปลง</td><td style='padding:3px 6px;'>320409130007</td></tr><tr><td style='padding:3px 6px; font-weight:bold; background-color:#f2f2f2;'>กลุ่ม</td><td style='padding:3px 6px;'>กลุ่ม_83</td></tr></table></div>]]></description>
      <styleUrl>#plotStyle</styleUrl>
      <MultiGeometry><Polygon><outerBoundaryIs><LinearRing><coordinates>103.5860379,15.1574774,0 103.5859719,15.1572109,0 103.5824740,15.1578715,0 103.5825086,15.1581333,0 103.5860379,15.1574774,0</coordinates></LinearRing></outerBoundaryIs></Polygon></MultiGeometry>
    </Placemark>
    <Placemark>
      <name>320407051513</name>
      <description><![CDATA[<div style='font-family:Tahoma,sans-serif; font-size:13px;'><h3 style='color:#1565C0; margin:4px 0;'>รหัสแปลง: 320407051513</h3><p style='margin:2px 0;'><b>กลุ่มคิว:</b> 83_001</p><table border='1' style='border-collapse:collapse; border-color:#ccc; width:100%;'><tr><td style='padding:3px 6px; font-weight:bold; background-color:#f2f2f2;'>รหัสกลุ่มคิว</td><td style='padding:3px 6px;'>83/001</td></tr><tr><td style='padding:3px 6px; font-weight:bold; background-color:#f2f2f2;'>รหัสรับเหมา</td><td style='padding:3px 6px;'>738889</td></tr><tr><td style='padding:3px 6px; font-weight:bold; background-color:#f2f2f2;'>ชื่อ-สกุล รับเหมา</td><td style='padding:3px 6px;'>รถตัดโรงงานเบอร์ 35</td></tr><tr><td style='padding:3px 6px; font-weight:bold; background-color:#f2f2f2;'>นักเกษตร</td><td style='padding:3px 6px;'>8301</td></tr><tr><td style='padding:3px 6px; font-weight:bold; background-color:#f2f2f2;'>ศูนย์</td><td style='padding:3px 6px;'>K2-83</td></tr><tr><td style='padding:3px 6px; font-weight:bold; background-color:#f2f2f2;'>โควตา</td><td style='padding:3px 6px;'>782397</td></tr><tr><td style='padding:3px 6px; font-weight:bold; background-color:#f2f2f2;'>ชาวไร่</td><td style='padding:3px 6px;'>น.ส. จินดา ใจกล้า</td></tr><tr><td style='padding:3px 6px; font-weight:bold; background-color:#f2f2f2;'>ประเภทอ้อย</td><td style='padding:3px 6px;'>ตอ3</td></tr><tr><td style='padding:3px 6px; font-weight:bold; background-color:#f2f2f2;'>พื้นที่</td><td style='padding:3px 6px;'>5.81</td></tr><tr><td style='padding:3px 6px; font-weight:bold; background-color:#f2f2f2;'>ตันรวม</td><td style='padding:3px 6px;'>40.67</td></tr><tr><td style='padding:3px 6px; font-weight:bold; background-color:#f2f2f2;'>รหัสแปลง</td><td style='padding:3px 6px;'>320407051513</td></tr><tr><td style='padding:3px 6px; font-weight:bold; background-color:#f2f2f2;'>กลุ่ม</td><td style='padding:3px 6px;'>กลุ่ม_83</td></tr></table></div>]]></description>
      <styleUrl>#plotStyle</styleUrl>
      <MultiGeometry><Polygon><outerBoundaryIs><LinearRing><coordinates>103.6046373,15.1574324,0 103.6045652,15.1571037,0 103.6043519,15.1571487,0 103.6043239,15.1569789,0 103.6025167,15.1573991,0 103.6025366,15.1576685,0 103.6046373,15.1574324,0</coordinates></LinearRing></outerBoundaryIs></Polygon></MultiGeometry>
    </Placemark>
    <Placemark>
      <name>320306020001</name>
      <description><![CDATA[<div style='font-family:Tahoma,sans-serif; font-size:13px;'><h3 style='color:#1565C0; margin:4px 0;'>รหัสแปลง: 320306020001</h3><p style='margin:2px 0;'><b>กลุ่มคิว:</b> 83_001</p><table border='1' style='border-collapse:collapse; border-color:#ccc; width:100%;'><tr><td style='padding:3px 6px; font-weight:bold; background-color:#f2f2f2;'>รหัสกลุ่มคิว</td><td style='padding:3px 6px;'>83/001</td></tr><tr><td style='padding:3px 6px; font-weight:bold; background-color:#f2f2f2;'>รหัสรับเหมา</td><td style='padding:3px 6px;'>738889</td></tr><tr><td style='padding:3px 6px; font-weight:bold; background-color:#f2f2f2;'>ชื่อ-สกุล รับเหมา</td><td style='padding:3px 6px;'>รถตัดโรงงานเบอร์ 35</td></tr><tr><td style='padding:3px 6px; font-weight:bold; background-color:#f2f2f2;'>นักเกษตร</td><td style='padding:3px 6px;'>8301</td></tr><tr><td style='padding:3px 6px; font-weight:bold; background-color:#f2f2f2;'>ศูนย์</td><td style='padding:3px 6px;'>K2-83</td></tr><tr><td style='padding:3px 6px; font-weight:bold; background-color:#f2f2f2;'>โควตา</td><td style='padding:3px 6px;'>781764</td></tr><tr><td style='padding:3px 6px; font-weight:bold; background-color:#f2f2f2;'>ชาวไร่</td><td style='padding:3px 6px;'>นาง หนูไกร ฉิมงาม</td></tr><tr><td style='padding:3px 6px; font-weight:bold; background-color:#f2f2f2;'>ประเภทอ้อย</td><td style='padding:3px 6px;'>ตอ2</td></tr><tr><td style='padding:3px 6px; font-weight:bold; background-color:#f2f2f2;'>พื้นที่</td><td style='padding:3px 6px;'>3.61</td></tr><tr><td style='padding:3px 6px; font-weight:bold; background-color:#f2f2f2;'>ตันรวม</td><td style='padding:3px 6px;'>28.88</td></tr><tr><td style='padding:3px 6px; font-weight:bold; background-color:#f2f2f2;'>รหัสแปลง</td><td style='padding:3px 6px;'>320306020001</td></tr><tr><td style='padding:3px 6px; font-weight:bold; background-color:#f2f2f2;'>กลุ่ม</td><td style='padding:3px 6px;'>กลุ่ม_83</td></tr></table></div>]]></description>
      <styleUrl>#plotStyle</styleUrl>
      <MultiGeometry><Polygon><outerBoundaryIs><LinearRing><coordinates>103.5607626,15.2117832,0 103.5607897,15.2120021,0 103.5614160,15.2118528,0 103.5626453,15.2113304,0 103.5625797,15.2111349,0 103.5607626,15.2117832,0</coordinates></LinearRing></outerBoundaryIs></Polygon></MultiGeometry>
    </Placemark>
    <Placemark>
      <name>320306020002</name>
      <description><![CDATA[<div style='font-family:Tahoma,sans-serif; font-size:13px;'><h3 style='color:#1565C0; margin:4px 0;'>รหัสแปลง: 320306020002</h3><p style='margin:2px 0;'><b>กลุ่มคิว:</b> 83_001</p><table border='1' style='border-collapse:collapse; border-color:#ccc; width:100%;'><tr><td style='padding:3px 6px; font-weight:bold; background-color:#f2f2f2;'>รหัสกลุ่มคิว</td><td style='padding:3px 6px;'>83/001</td></tr><tr><td style='padding:3px 6px; font-weight:bold; background-color:#f2f2f2;'>รหัสรับเหมา</td><td style='padding:3px 6px;'>738889</td></tr><tr><td style='padding:3px 6px; font-weight:bold; background-color:#f2f2f2;'>ชื่อ-สกุล รับเหมา</td><td style='padding:3px 6px;'>รถตัดโรงงานเบอร์ 35</td></tr><tr><td style='padding:3px 6px; font-weight:bold; background-color:#f2f2f2;'>นักเกษตร</td><td style='padding:3px 6px;'>8301</td></tr><tr><td style='padding:3px 6px; font-weight:bold; background-color:#f2f2f2;'>ศูนย์</td><td style='padding:3px 6px;'>K2-83</td></tr><tr><td style='padding:3px 6px; font-weight:bold; background-color:#f2f2f2;'>โควตา</td><td style='padding:3px 6px;'>781764</td></tr><tr><td style='padding:3px 6px; font-weight:bold; background-color:#f2f2f2;'>ชาวไร่</td><td style='padding:3px 6px;'>นาง หนูไกร ฉิมงาม</td></tr><tr><td style='padding:3px 6px; font-weight:bold; background-color:#f2f2f2;'>ประเภทอ้อย</td><td style='padding:3px 6px;'>ตอ2</td></tr><tr><td style='padding:3px 6px; font-weight:bold; background-color:#f2f2f2;'>พื้นที่</td><td style='padding:3px 6px;'>4.19</td></tr><tr><td style='padding:3px 6px; font-weight:bold; background-color:#f2f2f2;'>ตันรวม</td><td style='padding:3px 6px;'>33.52</td></tr><tr><td style='padding:3px 6px; font-weight:bold; background-color:#f2f2f2;'>รหัสแปลง</td><td style='padding:3px 6px;'>320306020002</td></tr><tr><td style='padding:3px 6px; font-weight:bold; background-color:#f2f2f2;'>กลุ่ม</td><td style='padding:3px 6px;'>กลุ่ม_83</td></tr></table></div>]]></description>
      <styleUrl>#plotStyle</styleUrl>
      <MultiGeometry><Polygon><outerBoundaryIs><LinearRing><coordinates>103.5625944,15.2111481,0 103.5625143,15.2109077,0 103.5625127,15.2109128,0 103.5606378,15.2114978,0 103.5607454,15.2118015,0 103.5607456,15.2118016,0 103.5625944,15.2111481,0</coordinates></LinearRing></outerBoundaryIs></Polygon></MultiGeometry>
    </Placemark>
    <Placemark>
      <name>320306020003</name>
      <description><![CDATA[<div style='font-family:Tahoma,sans-serif; font-size:13px;'><h3 style='color:#1565C0; margin:4px 0;'>รหัสแปลง: 320306020003</h3><p style='margin:2px 0;'><b>กลุ่มคิว:</b> 83_001</p><table border='1' style='border-collapse:collapse; border-color:#ccc; width:100%;'><tr><td style='padding:3px 6px; font-weight:bold; background-color:#f2f2f2;'>รหัสกลุ่มคิว</td><td style='padding:3px 6px;'>83/001</td></tr><tr><td style='padding:3px 6px; font-weight:bold; background-color:#f2f2f2;'>รหัสรับเหมา</td><td style='padding:3px 6px;'>738889</td></tr><tr><td style='padding:3px 6px; font-weight:bold; background-color:#f2f2f2;'>ชื่อ-สกุล รับเหมา</td><td style='padding:3px 6px;'>รถตัดโรงงานเบอร์ 35</td></tr><tr><td style='padding:3px 6px; font-weight:bold; background-color:#f2f2f2;'>นักเกษตร</td><td style='padding:3px 6px;'>8301</td></tr><tr><td style='padding:3px 6px; font-weight:bold; background-color:#f2f2f2;'>ศูนย์</td><td style='padding:3px 6px;'>K2-83</td></tr><tr><td style='padding:3px 6px; font-weight:bold; background-color:#f2f2f2;'>โควตา</td><td style='padding:3px 6px;'>781764</td></tr><tr><td style='padding:3px 6px; font-weight:bold; background-color:#f2f2f2;'>ชาวไร่</td><td style='padding:3px 6px;'>นาง หนูไกร ฉิมงาม</td></tr><tr><td style='padding:3px 6px; font-weight:bold; background-color:#f2f2f2;'>ประเภทอ้อย</td><td style='padding:3px 6px;'>ตอ1</td></tr><tr><td style='padding:3px 6px; font-weight:bold; background-color:#f2f2f2;'>พื้นที่</td><td style='padding:3px 6px;'>10.07</td></tr><tr><td style='padding:3px 6px; font-weight:bold; background-color:#f2f2f2;'>ตันรวม</td><td style='padding:3px 6px;'>90.63</td></tr><tr><td style='padding:3px 6px; font-weight:bold; background-color:#f2f2f2;'>รหัสแปลง</td><td style='padding:3px 6px;'>320306020003</td></tr><tr><td style='padding:3px 6px; font-weight:bold; background-color:#f2f2f2;'>กลุ่ม</td><td style='padding:3px 6px;'>กลุ่ม_83</td></tr></table></div>]]></description>
      <styleUrl>#plotStyle</styleUrl>
      <MultiGeometry><Polygon><outerBoundaryIs><LinearRing><coordinates>103.5837106,15.2042217,0 103.5828095,15.2045844,0 103.5831029,15.2054758,0 103.5832536,15.2054661,0 103.5834578,15.2058425,0 103.5834993,15.2060403,0 103.5841012,15.2058748,0 103.5837106,15.2042217,0</coordinates></LinearRing></outerBoundaryIs></Polygon></MultiGeometry>
    </Placemark>
    <Placemark>
      <name>320409120006</name>
      <description><![CDATA[<div style='font-family:Tahoma,sans-serif; font-size:13px;'><h3 style='color:#1565C0; margin:4px 0;'>รหัสแปลง: 320409120006</h3><p style='margin:2px 0;'><b>กลุ่มคิว:</b> 83_001</p><table border='1' style='border-collapse:collapse; border-color:#ccc; width:100%;'><tr><td style='padding:3px 6px; font-weight:bold; background-color:#f2f2f2;'>รหัสกลุ่มคิว</td><td style='padding:3px 6px;'>83/001</td></tr><tr><td style='padding:3px 6px; font-weight:bold; background-color:#f2f2f2;'>รหัสรับเหมา</td><td style='padding:3px 6px;'>738889</td></tr><tr><td style='padding:3px 6px; font-weight:bold; background-color:#f2f2f2;'>ชื่อ-สกุล รับเหมา</td><td style='padding:3px 6px;'>รถตัดโรงงานเบอร์ 35</td></tr><tr><td style='padding:3px 6px; font-weight:bold; background-color:#f2f2f2;'>นักเกษตร</td><td style='padding:3px 6px;'>8301</td></tr><tr><td style='padding:3px 6px; font-weight:bold; background-color:#f2f2f2;'>ศูนย์</td><td style='padding:3px 6px;'>K2-83</td></tr><tr><td style='padding:3px 6px; font-weight:bold; background-color:#f2f2f2;'>โควตา</td><td style='padding:3px 6px;'>782406</td></tr><tr><td style='padding:3px 6px; font-weight:bold; background-color:#f2f2f2;'>ชาวไร่</td><td style='padding:3px 6px;'>นาง สุดารัตน์ สมพร</td></tr><tr><td style='padding:3px 6px; font-weight:bold; background-color:#f2f2f2;'>ประเภทอ้อย</td><td style='padding:3px 6px;'>ตอ3</td></tr><tr><td style='padding:3px 6px; font-weight:bold; background-color:#f2f2f2;'>พื้นที่</td><td style='padding:3px 6px;'>10.24</td></tr><tr><td style='padding:3px 6px; font-weight:bold; background-color:#f2f2f2;'>ตันรวม</td><td style='padding:3px 6px;'>71.68</td></tr><tr><td style='padding:3px 6px; font-weight:bold; background-color:#f2f2f2;'>รหัสแปลง</td><td style='padding:3px 6px;'>320409120006</td></tr><tr><td style='padding:3px 6px; font-weight:bold; background-color:#f2f2f2;'>กลุ่ม</td><td style='padding:3px 6px;'>กลุ่ม_83</td></tr></table></div>]]></description>
      <styleUrl>#plotStyle</styleUrl>
      <MultiGeometry><Polygon><outerBoundaryIs><LinearRing><coordinates>103.5830406,15.1561594,0 103.5822010,15.1532523,0 103.5818160,15.1533259,0 103.5825683,15.1563408,0 103.5830406,15.1561594,0</coordinates></LinearRing></outerBoundaryIs></Polygon></MultiGeometry>
    </Placemark>
    <Placemark>
      <name>320409100024</name>
      <description><![CDATA[<div style='font-family:Tahoma,sans-serif; font-size:13px;'><h3 style='color:#1565C0; margin:4px 0;'>รหัสแปลง: 320409100024</h3><p style='margin:2px 0;'><b>กลุ่มคิว:</b> 83_001</p><table border='1' style='border-collapse:collapse; border-color:#ccc; width:100%;'><tr><td style='padding:3px 6px; font-weight:bold; background-color:#f2f2f2;'>รหัสกลุ่มคิว</td><td style='padding:3px 6px;'>83/001</td></tr><tr><td style='padding:3px 6px; font-weight:bold; background-color:#f2f2f2;'>รหัสรับเหมา</td><td style='padding:3px 6px;'>738889</td></tr><tr><td style='padding:3px 6px; font-weight:bold; background-color:#f2f2f2;'>ชื่อ-สกุล รับเหมา</td><td style='padding:3px 6px;'>รถตัดโรงงานเบอร์ 35</td></tr><tr><td style='padding:3px 6px; font-weight:bold; background-color:#f2f2f2;'>นักเกษตร</td><td style='padding:3px 6px;'>8301</td></tr><tr><td style='padding:3px 6px; font-weight:bold; background-color:#f2f2f2;'>ศูนย์</td><td style='padding:3px 6px;'>K2-83</td></tr><tr><td style='padding:3px 6px; font-weight:bold; background-color:#f2f2f2;'>โควตา</td><td style='padding:3px 6px;'>782244</td></tr><tr><td style='padding:3px 6px; font-weight:bold; background-color:#f2f2f2;'>ชาวไร่</td><td style='padding:3px 6px;'>นาย สมยศ บุญเลิศ</td></tr><tr><td style='padding:3px 6px; font-weight:bold; background-color:#f2f2f2;'>ประเภทอ้อย</td><td style='padding:3px 6px;'>ปลายฝน</td></tr><tr><td style='padding:3px 6px; font-weight:bold; background-color:#f2f2f2;'>พื้นที่</td><td style='padding:3px 6px;'>16.91</td></tr><tr><td style='padding:3px 6px; font-weight:bold; background-color:#f2f2f2;'>ตันรวม</td><td style='padding:3px 6px;'>219.83</td></tr><tr><td style='padding:3px 6px; font-weight:bold; background-color:#f2f2f2;'>รหัสแปลง</td><td style='padding:3px 6px;'>320409100024</td></tr><tr><td style='padding:3px 6px; font-weight:bold; background-color:#f2f2f2;'>กลุ่ม</td><td style='padding:3px 6px;'>กลุ่ม_83</td></tr></table></div>]]></description>
      <styleUrl>#plotStyle</styleUrl>
      <MultiGeometry><Polygon><outerBoundaryIs><LinearRing><coordinates>103.5853288,15.1702177,0 103.5853507,15.1704058,0 103.5853712,15.1705451,0 103.5853734,15.1706702,0 103.5853552,15.1708202,0 103.5853407,15.1709324,0 103.5853477,15.1710611,0 103.5853515,15.1712388,0 103.5853704,15.1714049,0 103.5853753,15.1714765,0 103.5853675,15.1716253,0 103.5854195,15.1718854,0 103.5854631,15.1723310,0 103.5855852,15.1729289,0 103.5857574,15.1738837,0 103.5859271,15.1738623,0 103.5863223,15.1736984,0 103.5858395,15.1701061,0 103.5853288,15.1702177,0</coordinates></LinearRing></outerBoundaryIs></Polygon></MultiGeometry>
    </Placemark>
    <Placemark>
      <name>320401080012</name>
      <description><![CDATA[<div style='font-family:Tahoma,sans-serif; font-size:13px;'><h3 style='color:#1565C0; margin:4px 0;'>รหัสแปลง: 320401080012</h3><p style='margin:2px 0;'><b>กลุ่มคิว:</b> 83_001</p><table border='1' style='border-collapse:collapse; border-color:#ccc; width:100%;'><tr><td style='padding:3px 6px; font-weight:bold; background-color:#f2f2f2;'>รหัสกลุ่มคิว</td><td style='padding:3px 6px;'>83/001</td></tr><tr><td style='padding:3px 6px; font-weight:bold; background-color:#f2f2f2;'>รหัสรับเหมา</td><td style='padding:3px 6px;'>738889</td></tr><tr><td style='padding:3px 6px; font-weight:bold; background-color:#f2f2f2;'>ชื่อ-สกุล รับเหมา</td><td style='padding:3px 6px;'>รถตัดโรงงานเบอร์ 35</td></tr><tr><td style='padding:3px 6px; font-weight:bold; background-color:#f2f2f2;'>นักเกษตร</td><td style='padding:3px 6px;'>8301</td></tr><tr><td style='padding:3px 6px; font-weight:bold; background-color:#f2f2f2;'>ศูนย์</td><td style='padding:3px 6px;'>K2-83</td></tr><tr><td style='padding:3px 6px; font-weight:bold; background-color:#f2f2f2;'>โควตา</td><td style='padding:3px 6px;'>782403</td></tr><tr><td style='padding:3px 6px; font-weight:bold; background-color:#f2f2f2;'>ชาวไร่</td><td style='padding:3px 6px;'>นาย พิทักษ์ แสนกล้า</td></tr><tr><td style='padding:3px 6px; font-weight:bold; background-color:#f2f2f2;'>ประเภทอ้อย</td><td style='padding:3px 6px;'>ตอ2</td></tr><tr><td style='padding:3px 6px; font-weight:bold; background-color:#f2f2f2;'>พื้นที่</td><td style='padding:3px 6px;'>7.42</td></tr><tr><td style='padding:3px 6px; font-weight:bold; background-color:#f2f2f2;'>ตันรวม</td><td style='padding:3px 6px;'>59.36</td></tr><tr><td style='padding:3px 6px; font-weight:bold; background-color:#f2f2f2;'>รหัสแปลง</td><td style='padding:3px 6px;'>320401080012</td></tr><tr><td style='padding:3px 6px; font-weight:bold; background-color:#f2f2f2;'>กลุ่ม</td><td style='padding:3px 6px;'>กลุ่ม_83</td></tr></table></div>]]></description>
      <styleUrl>#plotStyle</styleUrl>
      <MultiGeometry><Polygon><outerBoundaryIs><LinearRing><coordinates>103.5836751,15.1330531,0 103.5831529,15.1296413,0 103.5829365,15.1296700,0 103.5833048,15.1330551,0 103.5833515,15.1330399,0 103.5833816,15.1330273,0 103.5835047,15.1330091,0 103.5835646,15.1330190,0 103.5836080,15.1330163,0 103.5836456,15.1330468,0 103.5836751,15.1330531,0</coordinates></LinearRing></outerBoundaryIs></Polygon></MultiGeometry>
    </Placemark>
    <Placemark>
      <name>320409090010</name>
      <description><![CDATA[<div style='font-family:Tahoma,sans-serif; font-size:13px;'><h3 style='color:#1565C0; margin:4px 0;'>รหัสแปลง: 320409090010</h3><p style='margin:2px 0;'><b>กลุ่มคิว:</b> 83_001</p><table border='1' style='border-collapse:collapse; border-color:#ccc; width:100%;'><tr><td style='padding:3px 6px; font-weight:bold; background-color:#f2f2f2;'>รหัสกลุ่มคิว</td><td style='padding:3px 6px;'>83/001</td></tr><tr><td style='padding:3px 6px; font-weight:bold; background-color:#f2f2f2;'>รหัสรับเหมา</td><td style='padding:3px 6px;'>738889</td></tr><tr><td style='padding:3px 6px; font-weight:bold; background-color:#f2f2f2;'>ชื่อ-สกุล รับเหมา</td><td style='padding:3px 6px;'>รถตัดโรงงานเบอร์ 35</td></tr><tr><td style='padding:3px 6px; font-weight:bold; background-color:#f2f2f2;'>นักเกษตร</td><td style='padding:3px 6px;'>8301</td></tr><tr><td style='padding:3px 6px; font-weight:bold; background-color:#f2f2f2;'>ศูนย์</td><td style='padding:3px 6px;'>K2-83</td></tr><tr><td style='padding:3px 6px; font-weight:bold; background-color:#f2f2f2;'>โควตา</td><td style='padding:3px 6px;'>782403</td></tr><tr><td style='padding:3px 6px; font-weight:bold; background-color:#f2f2f2;'>ชาวไร่</td><td style='padding:3px 6px;'>นาย พิทักษ์ แสนกล้า</td></tr><tr><td style='padding:3px 6px; font-weight:bold; background-color:#f2f2f2;'>ประเภทอ้อย</td><td style='padding:3px 6px;'>ตอ1</td></tr><tr><td style='padding:3px 6px; font-weight:bold; background-color:#f2f2f2;'>พื้นที่</td><td style='padding:3px 6px;'>7.75</td></tr><tr><td style='padding:3px 6px; font-weight:bold; background-color:#f2f2f2;'>ตันรวม</td><td style='padding:3px 6px;'>69.75</td></tr><tr><td style='padding:3px 6px; font-weight:bold; background-color:#f2f2f2;'>รหัสแปลง</td><td style='padding:3px 6px;'>320409090010</td></tr><tr><td style='padding:3px 6px; font-weight:bold; background-color:#f2f2f2;'>กลุ่ม</td><td style='padding:3px 6px;'>กลุ่ม_83</td></tr></table></div>]]></description>
      <styleUrl>#plotStyle</styleUrl>
      <MultiGeometry><Polygon><outerBoundaryIs><LinearRing><coordinates>103.5852120,15.1522603,0 103.5846001,15.1525035,0 103.5852296,15.1539923,0 103.5858103,15.1537452,0 103.5852120,15.1522603,0</coordinates></LinearRing></outerBoundaryIs></Polygon></MultiGeometry>
    </Placemark>
    <Placemark>
      <name>320407010011</name>
      <description><![CDATA[<div style='font-family:Tahoma,sans-serif; font-size:13px;'><h3 style='color:#1565C0; margin:4px 0;'>รหัสแปลง: 320407010011</h3><p style='margin:2px 0;'><b>กลุ่มคิว:</b> 83_001</p><table border='1' style='border-collapse:collapse; border-color:#ccc; width:100%;'><tr><td style='padding:3px 6px; font-weight:bold; background-color:#f2f2f2;'>รหัสกลุ่มคิว</td><td style='padding:3px 6px;'>83/001</td></tr><tr><td style='padding:3px 6px; font-weight:bold; background-color:#f2f2f2;'>รหัสรับเหมา</td><td style='padding:3px 6px;'>738889</td></tr><tr><td style='padding:3px 6px; font-weight:bold; background-color:#f2f2f2;'>ชื่อ-สกุล รับเหมา</td><td style='padding:3px 6px;'>รถตัดโรงงานเบอร์ 35</td></tr><tr><td style='padding:3px 6px; font-weight:bold; background-color:#f2f2f2;'>นักเกษตร</td><td style='padding:3px 6px;'>8301</td></tr><tr><td style='padding:3px 6px; font-weight:bold; background-color:#f2f2f2;'>ศูนย์</td><td style='padding:3px 6px;'>K2-83</td></tr><tr><td style='padding:3px 6px; font-weight:bold; background-color:#f2f2f2;'>โควตา</td><td style='padding:3px 6px;'>782452</td></tr><tr><td style='padding:3px 6px; font-weight:bold; background-color:#f2f2f2;'>ชาวไร่</td><td style='padding:3px 6px;'>นาย สุคม บุญเลิศ</td></tr><tr><td style='padding:3px 6px; font-weight:bold; background-color:#f2f2f2;'>ประเภทอ้อย</td><td style='padding:3px 6px;'>ตอ2</td></tr><tr><td style='padding:3px 6px; font-weight:bold; background-color:#f2f2f2;'>พื้นที่</td><td style='padding:3px 6px;'>2.35</td></tr><tr><td style='padding:3px 6px; font-weight:bold; background-color:#f2f2f2;'>ตันรวม</td><td style='padding:3px 6px;'>18.8</td></tr><tr><td style='padding:3px 6px; font-weight:bold; background-color:#f2f2f2;'>รหัสแปลง</td><td style='padding:3px 6px;'>320407010011</td></tr><tr><td style='padding:3px 6px; font-weight:bold; background-color:#f2f2f2;'>กลุ่ม</td><td style='padding:3px 6px;'>กลุ่ม_83</td></tr></table></div>]]></description>
      <styleUrl>#plotStyle</styleUrl>
      <MultiGeometry><Polygon><outerBoundaryIs><LinearRing><coordinates>103.6030999,15.1674293,0 103.6044703,15.1675964,0 103.6045193,15.1673678,0 103.6030857,15.1672132,0 103.6030999,15.1674293,0</coordinates></LinearRing></outerBoundaryIs></Polygon></MultiGeometry>
    </Placemark>
    <Placemark>
      <name>320306050034</name>
      <description><![CDATA[<div style='font-family:Tahoma,sans-serif; font-size:13px;'><h3 style='color:#1565C0; margin:4px 0;'>รหัสแปลง: 320306050034</h3><p style='margin:2px 0;'><b>กลุ่มคิว:</b> 83_001</p><table border='1' style='border-collapse:collapse; border-color:#ccc; width:100%;'><tr><td style='padding:3px 6px; font-weight:bold; background-color:#f2f2f2;'>รหัสกลุ่มคิว</td><td style='padding:3px 6px;'>83/001</td></tr><tr><td style='padding:3px 6px; font-weight:bold; background-color:#f2f2f2;'>รหัสรับเหมา</td><td style='padding:3px 6px;'>738889</td></tr><tr><td style='padding:3px 6px; font-weight:bold; background-color:#f2f2f2;'>ชื่อ-สกุล รับเหมา</td><td style='padding:3px 6px;'>รถตัดโรงงานเบอร์ 35</td></tr><tr><td style='padding:3px 6px; font-weight:bold; background-color:#f2f2f2;'>นักเกษตร</td><td style='padding:3px 6px;'>8301</td></tr><tr><td style='padding:3px 6px; font-weight:bold; background-color:#f2f2f2;'>ศูนย์</td><td style='padding:3px 6px;'>K2-83</td></tr><tr><td style='padding:3px 6px; font-weight:bold; background-color:#f2f2f2;'>โควตา</td><td style='padding:3px 6px;'>784889</td></tr><tr><td style='padding:3px 6px; font-weight:bold; background-color:#f2f2f2;'>ชาวไร่</td><td style='padding:3px 6px;'>น.ส. เพชรัช คงมั่น</td></tr><tr><td style='padding:3px 6px; font-weight:bold; background-color:#f2f2f2;'>ประเภทอ้อย</td><td style='padding:3px 6px;'>ตอ4</td></tr><tr><td style='padding:3px 6px; font-weight:bold; background-color:#f2f2f2;'>พื้นที่</td><td style='padding:3px 6px;'>8.05</td></tr><tr><td style='padding:3px 6px; font-weight:bold; background-color:#f2f2f2;'>ตันรวม</td><td style='padding:3px 6px;'>56.35</td></tr><tr><td style='padding:3px 6px; font-weight:bold; background-color:#f2f2f2;'>รหัสแปลง</td><td style='padding:3px 6px;'>320306050034</td></tr><tr><td style='padding:3px 6px; font-weight:bold; background-color:#f2f2f2;'>กลุ่ม</td><td style='padding:3px 6px;'>กลุ่ม_83</td></tr></table></div>]]></description>
      <styleUrl>#plotStyle</styleUrl>
      <MultiGeometry><Polygon><outerBoundaryIs><LinearRing><coordinates>103.5737070,15.1793601,0 103.5738853,15.1801653,0 103.5752181,15.1799792,0 103.5750026,15.1791972,0 103.5737070,15.1793601,0</coordinates></LinearRing></outerBoundaryIs></Polygon></MultiGeometry>
    </Placemark>
    <Placemark>
      <name>320401080014</name>
      <description><![CDATA[<div style='font-family:Tahoma,sans-serif; font-size:13px;'><h3 style='color:#1565C0; margin:4px 0;'>รหัสแปลง: 320401080014</h3><p style='margin:2px 0;'><b>กลุ่มคิว:</b> 83_001</p><table border='1' style='border-collapse:collapse; border-color:#ccc; width:100%;'><tr><td style='padding:3px 6px; font-weight:bold; background-color:#f2f2f2;'>รหัสกลุ่มคิว</td><td style='padding:3px 6px;'>83/001</td></tr><tr><td style='padding:3px 6px; font-weight:bold; background-color:#f2f2f2;'>รหัสรับเหมา</td><td style='padding:3px 6px;'>738889</td></tr><tr><td style='padding:3px 6px; font-weight:bold; background-color:#f2f2f2;'>ชื่อ-สกุล รับเหมา</td><td style='padding:3px 6px;'>รถตัดโรงงานเบอร์ 35</td></tr><tr><td style='padding:3px 6px; font-weight:bold; background-color:#f2f2f2;'>นักเกษตร</td><td style='padding:3px 6px;'>8301</td></tr><tr><td style='padding:3px 6px; font-weight:bold; background-color:#f2f2f2;'>ศูนย์</td><td style='padding:3px 6px;'>K2-83</td></tr><tr><td style='padding:3px 6px; font-weight:bold; background-color:#f2f2f2;'>โควตา</td><td style='padding:3px 6px;'>782403</td></tr><tr><td style='padding:3px 6px; font-weight:bold; background-color:#f2f2f2;'>ชาวไร่</td><td style='padding:3px 6px;'>นาย พิทักษ์ แสนกล้า</td></tr><tr><td style='padding:3px 6px; font-weight:bold; background-color:#f2f2f2;'>ประเภทอ้อย</td><td style='padding:3px 6px;'>ตอ1</td></tr><tr><td style='padding:3px 6px; font-weight:bold; background-color:#f2f2f2;'>พื้นที่</td><td style='padding:3px 6px;'>8.58</td></tr><tr><td style='padding:3px 6px; font-weight:bold; background-color:#f2f2f2;'>ตันรวม</td><td style='padding:3px 6px;'>77.22</td></tr><tr><td style='padding:3px 6px; font-weight:bold; background-color:#f2f2f2;'>รหัสแปลง</td><td style='padding:3px 6px;'>320401080014</td></tr><tr><td style='padding:3px 6px; font-weight:bold; background-color:#f2f2f2;'>กลุ่ม</td><td style='padding:3px 6px;'>กลุ่ม_83</td></tr></table></div>]]></description>
      <styleUrl>#plotStyle</styleUrl>
      <MultiGeometry><Polygon><outerBoundaryIs><LinearRing><coordinates>103.6214131,15.1451710,0 103.6227994,15.1445093,0 103.6223746,15.1438600,0 103.6210695,15.1444769,0 103.6214127,15.1451595,0 103.6214131,15.1451710,0</coordinates></LinearRing></outerBoundaryIs></Polygon></MultiGeometry>
    </Placemark>
    <Placemark>
      <name>320306050035</name>
      <description><![CDATA[<div style='font-family:Tahoma,sans-serif; font-size:13px;'><h3 style='color:#1565C0; margin:4px 0;'>รหัสแปลง: 320306050035</h3><p style='margin:2px 0;'><b>กลุ่มคิว:</b> 83_001</p><table border='1' style='border-collapse:collapse; border-color:#ccc; width:100%;'><tr><td style='padding:3px 6px; font-weight:bold; background-color:#f2f2f2;'>รหัสกลุ่มคิว</td><td style='padding:3px 6px;'>83/001</td></tr><tr><td style='padding:3px 6px; font-weight:bold; background-color:#f2f2f2;'>รหัสรับเหมา</td><td style='padding:3px 6px;'>738889</td></tr><tr><td style='padding:3px 6px; font-weight:bold; background-color:#f2f2f2;'>ชื่อ-สกุล รับเหมา</td><td style='padding:3px 6px;'>รถตัดโรงงานเบอร์ 35</td></tr><tr><td style='padding:3px 6px; font-weight:bold; background-color:#f2f2f2;'>นักเกษตร</td><td style='padding:3px 6px;'>8301</td></tr><tr><td style='padding:3px 6px; font-weight:bold; background-color:#f2f2f2;'>ศูนย์</td><td style='padding:3px 6px;'>K2-83</td></tr><tr><td style='padding:3px 6px; font-weight:bold; background-color:#f2f2f2;'>โควตา</td><td style='padding:3px 6px;'>784889</td></tr><tr><td style='padding:3px 6px; font-weight:bold; background-color:#f2f2f2;'>ชาวไร่</td><td style='padding:3px 6px;'>น.ส. เพชรัช คงมั่น</td></tr><tr><td style='padding:3px 6px; font-weight:bold; background-color:#f2f2f2;'>ประเภทอ้อย</td><td style='padding:3px 6px;'>ตอ4</td></tr><tr><td style='padding:3px 6px; font-weight:bold; background-color:#f2f2f2;'>พื้นที่</td><td style='padding:3px 6px;'>6.54</td></tr><tr><td style='padding:3px 6px; font-weight:bold; background-color:#f2f2f2;'>ตันรวม</td><td style='padding:3px 6px;'>45.78</td></tr><tr><td style='padding:3px 6px; font-weight:bold; background-color:#f2f2f2;'>รหัสแปลง</td><td style='padding:3px 6px;'>320306050035</td></tr><tr><td style='padding:3px 6px; font-weight:bold; background-color:#f2f2f2;'>กลุ่ม</td><td style='padding:3px 6px;'>กลุ่ม_83</td></tr></table></div>]]></description>
      <styleUrl>#plotStyle</styleUrl>
      <MultiGeometry><Polygon><outerBoundaryIs><LinearRing><coordinates>103.5738618,15.1801512,0 103.5739775,15.1807822,0 103.5743997,15.1807354,0 103.5753445,15.1805443,0 103.5753079,15.1802747,0 103.5752261,15.1799635,0 103.5738618,15.1801512,0</coordinates></LinearRing></outerBoundaryIs></Polygon></MultiGeometry>
    </Placemark>
    <Placemark>
      <name>320407090001</name>
      <description><![CDATA[<div style='font-family:Tahoma,sans-serif; font-size:13px;'><h3 style='color:#1565C0; margin:4px 0;'>รหัสแปลง: 320407090001</h3><p style='margin:2px 0;'><b>กลุ่มคิว:</b> 83_001</p><table border='1' style='border-collapse:collapse; border-color:#ccc; width:100%;'><tr><td style='padding:3px 6px; font-weight:bold; background-color:#f2f2f2;'>รหัสกลุ่มคิว</td><td style='padding:3px 6px;'>83/001</td></tr><tr><td style='padding:3px 6px; font-weight:bold; background-color:#f2f2f2;'>รหัสรับเหมา</td><td style='padding:3px 6px;'>738889</td></tr><tr><td style='padding:3px 6px; font-weight:bold; background-color:#f2f2f2;'>ชื่อ-สกุล รับเหมา</td><td style='padding:3px 6px;'>รถตัดโรงงานเบอร์ 35</td></tr><tr><td style='padding:3px 6px; font-weight:bold; background-color:#f2f2f2;'>นักเกษตร</td><td style='padding:3px 6px;'>8301</td></tr><tr><td style='padding:3px 6px; font-weight:bold; background-color:#f2f2f2;'>ศูนย์</td><td style='padding:3px 6px;'>K2-83</td></tr><tr><td style='padding:3px 6px; font-weight:bold; background-color:#f2f2f2;'>โควตา</td><td style='padding:3px 6px;'>782452</td></tr><tr><td style='padding:3px 6px; font-weight:bold; background-color:#f2f2f2;'>ชาวไร่</td><td style='padding:3px 6px;'>นาย สุคม บุญเลิศ</td></tr><tr><td style='padding:3px 6px; font-weight:bold; background-color:#f2f2f2;'>ประเภทอ้อย</td><td style='padding:3px 6px;'>ตอ1</td></tr><tr><td style='padding:3px 6px; font-weight:bold; background-color:#f2f2f2;'>พื้นที่</td><td style='padding:3px 6px;'>3.11</td></tr><tr><td style='padding:3px 6px; font-weight:bold; background-color:#f2f2f2;'>ตันรวม</td><td style='padding:3px 6px;'>27.99</td></tr><tr><td style='padding:3px 6px; font-weight:bold; background-color:#f2f2f2;'>รหัสแปลง</td><td style='padding:3px 6px;'>320407090001</td></tr><tr><td style='padding:3px 6px; font-weight:bold; background-color:#f2f2f2;'>กลุ่ม</td><td style='padding:3px 6px;'>กลุ่ม_83</td></tr></table></div>]]></description>
      <styleUrl>#plotStyle</styleUrl>
      <MultiGeometry><Polygon><outerBoundaryIs><LinearRing><coordinates>103.6046748,15.1681854,0 103.6047297,15.1679204,0 103.6031336,15.1677180,0 103.6031182,15.1679714,0 103.6046748,15.1681854,0</coordinates></LinearRing></outerBoundaryIs></Polygon></MultiGeometry>
    </Placemark>
    <Placemark>
      <name>320406061679</name>
      <description><![CDATA[<div style='font-family:Tahoma,sans-serif; font-size:13px;'><h3 style='color:#1565C0; margin:4px 0;'>รหัสแปลง: 320406061679</h3><p style='margin:2px 0;'><b>กลุ่มคิว:</b> 83_001</p><table border='1' style='border-collapse:collapse; border-color:#ccc; width:100%;'><tr><td style='padding:3px 6px; font-weight:bold; background-color:#f2f2f2;'>รหัสกลุ่มคิว</td><td style='padding:3px 6px;'>83/001</td></tr><tr><td style='padding:3px 6px; font-weight:bold; background-color:#f2f2f2;'>รหัสรับเหมา</td><td style='padding:3px 6px;'>738889</td></tr><tr><td style='padding:3px 6px; font-weight:bold; background-color:#f2f2f2;'>ชื่อ-สกุล รับเหมา</td><td style='padding:3px 6px;'>รถตัดโรงงานเบอร์ 35</td></tr><tr><td style='padding:3px 6px; font-weight:bold; background-color:#f2f2f2;'>นักเกษตร</td><td style='padding:3px 6px;'>8301</td></tr><tr><td style='padding:3px 6px; font-weight:bold; background-color:#f2f2f2;'>ศูนย์</td><td style='padding:3px 6px;'>K2-83</td></tr><tr><td style='padding:3px 6px; font-weight:bold; background-color:#f2f2f2;'>โควตา</td><td style='padding:3px 6px;'>782239</td></tr><tr><td style='padding:3px 6px; font-weight:bold; background-color:#f2f2f2;'>ชาวไร่</td><td style='padding:3px 6px;'>นาง กาญจนา พุทธหล้า</td></tr><tr><td style='padding:3px 6px; font-weight:bold; background-color:#f2f2f2;'>ประเภทอ้อย</td><td style='padding:3px 6px;'>ปลายฝน</td></tr><tr><td style='padding:3px 6px; font-weight:bold; background-color:#f2f2f2;'>พื้นที่</td><td style='padding:3px 6px;'>11.4</td></tr><tr><td style='padding:3px 6px; font-weight:bold; background-color:#f2f2f2;'>ตันรวม</td><td style='padding:3px 6px;'>148.2</td></tr><tr><td style='padding:3px 6px; font-weight:bold; background-color:#f2f2f2;'>รหัสแปลง</td><td style='padding:3px 6px;'>320406061679</td></tr><tr><td style='padding:3px 6px; font-weight:bold; background-color:#f2f2f2;'>กลุ่ม</td><td style='padding:3px 6px;'>กลุ่ม_83</td></tr></table></div>]]></description>
      <styleUrl>#plotStyle</styleUrl>
      <MultiGeometry><Polygon><outerBoundaryIs><LinearRing><coordinates>103.6812000,15.1472950,0 103.6822717,15.1470950,0 103.6822617,15.1465367,0 103.6821767,15.1456767,0 103.6811333,15.1458550,0 103.6812233,15.1471833,0 103.6812000,15.1472950,0</coordinates></LinearRing></outerBoundaryIs></Polygon></MultiGeometry>
    </Placemark>
    <Placemark>
      <name>320409100030</name>
      <description><![CDATA[<div style='font-family:Tahoma,sans-serif; font-size:13px;'><h3 style='color:#1565C0; margin:4px 0;'>รหัสแปลง: 320409100030</h3><p style='margin:2px 0;'><b>กลุ่มคิว:</b> 83_001</p><table border='1' style='border-collapse:collapse; border-color:#ccc; width:100%;'><tr><td style='padding:3px 6px; font-weight:bold; background-color:#f2f2f2;'>รหัสกลุ่มคิว</td><td style='padding:3px 6px;'>83/001</td></tr><tr><td style='padding:3px 6px; font-weight:bold; background-color:#f2f2f2;'>รหัสรับเหมา</td><td style='padding:3px 6px;'>738889</td></tr><tr><td style='padding:3px 6px; font-weight:bold; background-color:#f2f2f2;'>ชื่อ-สกุล รับเหมา</td><td style='padding:3px 6px;'>รถตัดโรงงานเบอร์ 35</td></tr><tr><td style='padding:3px 6px; font-weight:bold; background-color:#f2f2f2;'>นักเกษตร</td><td style='padding:3px 6px;'>8301</td></tr><tr><td style='padding:3px 6px; font-weight:bold; background-color:#f2f2f2;'>ศูนย์</td><td style='padding:3px 6px;'>K2-83</td></tr><tr><td style='padding:3px 6px; font-weight:bold; background-color:#f2f2f2;'>โควตา</td><td style='padding:3px 6px;'>782493</td></tr><tr><td style='padding:3px 6px; font-weight:bold; background-color:#f2f2f2;'>ชาวไร่</td><td style='padding:3px 6px;'>นาย สมจิตร แผ่นทอง</td></tr><tr><td style='padding:3px 6px; font-weight:bold; background-color:#f2f2f2;'>ประเภทอ้อย</td><td style='padding:3px 6px;'>ตอ2</td></tr><tr><td style='padding:3px 6px; font-weight:bold; background-color:#f2f2f2;'>พื้นที่</td><td style='padding:3px 6px;'>3.26</td></tr><tr><td style='padding:3px 6px; font-weight:bold; background-color:#f2f2f2;'>ตันรวม</td><td style='padding:3px 6px;'>26.08</td></tr><tr><td style='padding:3px 6px; font-weight:bold; background-color:#f2f2f2;'>รหัสแปลง</td><td style='padding:3px 6px;'>320409100030</td></tr><tr><td style='padding:3px 6px; font-weight:bold; background-color:#f2f2f2;'>กลุ่ม</td><td style='padding:3px 6px;'>กลุ่ม_83</td></tr></table></div>]]></description>
      <styleUrl>#plotStyle</styleUrl>
      <MultiGeometry><Polygon><outerBoundaryIs><LinearRing><coordinates>103.5805127,15.1664026,0 103.5803168,15.1664063,0 103.5803649,15.1667453,0 103.5804165,15.1671072,0 103.5804370,15.1672826,0 103.5804550,15.1673768,0 103.5805142,15.1676107,0 103.5806626,15.1682120,0 103.5807195,15.1682584,0 103.5807535,15.1685475,0 103.5809091,15.1685589,0 103.5805127,15.1664026,0</coordinates></LinearRing></outerBoundaryIs></Polygon></MultiGeometry>
    </Placemark>
    <Placemark>
      <name>320409090011</name>
      <description><![CDATA[<div style='font-family:Tahoma,sans-serif; font-size:13px;'><h3 style='color:#1565C0; margin:4px 0;'>รหัสแปลง: 320409090011</h3><p style='margin:2px 0;'><b>กลุ่มคิว:</b> 83_001</p><table border='1' style='border-collapse:collapse; border-color:#ccc; width:100%;'><tr><td style='padding:3px 6px; font-weight:bold; background-color:#f2f2f2;'>รหัสกลุ่มคิว</td><td style='padding:3px 6px;'>83/001</td></tr><tr><td style='padding:3px 6px; font-weight:bold; background-color:#f2f2f2;'>รหัสรับเหมา</td><td style='padding:3px 6px;'>738889</td></tr><tr><td style='padding:3px 6px; font-weight:bold; background-color:#f2f2f2;'>ชื่อ-สกุล รับเหมา</td><td style='padding:3px 6px;'>รถตัดโรงงานเบอร์ 35</td></tr><tr><td style='padding:3px 6px; font-weight:bold; background-color:#f2f2f2;'>นักเกษตร</td><td style='padding:3px 6px;'>8301</td></tr><tr><td style='padding:3px 6px; font-weight:bold; background-color:#f2f2f2;'>ศูนย์</td><td style='padding:3px 6px;'>K2-83</td></tr><tr><td style='padding:3px 6px; font-weight:bold; background-color:#f2f2f2;'>โควตา</td><td style='padding:3px 6px;'>782403</td></tr><tr><td style='padding:3px 6px; font-weight:bold; background-color:#f2f2f2;'>ชาวไร่</td><td style='padding:3px 6px;'>นาย พิทักษ์ แสนกล้า</td></tr><tr><td style='padding:3px 6px; font-weight:bold; background-color:#f2f2f2;'>ประเภทอ้อย</td><td style='padding:3px 6px;'>ตอ1</td></tr><tr><td style='padding:3px 6px; font-weight:bold; background-color:#f2f2f2;'>พื้นที่</td><td style='padding:3px 6px;'>24.08</td></tr><tr><td style='padding:3px 6px; font-weight:bold; background-color:#f2f2f2;'>ตันรวม</td><td style='padding:3px 6px;'>216.72</td></tr><tr><td style='padding:3px 6px; font-weight:bold; background-color:#f2f2f2;'>รหัสแปลง</td><td style='padding:3px 6px;'>320409090011</td></tr><tr><td style='padding:3px 6px; font-weight:bold; background-color:#f2f2f2;'>กลุ่ม</td><td style='padding:3px 6px;'>กลุ่ม_83</td></tr></table></div>]]></description>
      <styleUrl>#plotStyle</styleUrl>
      <MultiGeometry><Polygon><outerBoundaryIs><LinearRing><coordinates>103.5872062,15.1515527,0 103.5855497,15.1521392,0 103.5853312,15.1522301,0 103.5852681,15.1522951,0 103.5858404,15.1537021,0 103.5870327,15.1532511,0 103.5873511,15.1530910,0 103.5878605,15.1529365,0 103.5875834,15.1524603,0 103.5872062,15.1515527,0</coordinates></LinearRing></outerBoundaryIs></Polygon></MultiGeometry>
    </Placemark>
    <Placemark>
      <name>320305081503</name>
      <description><![CDATA[<div style='font-family:Tahoma,sans-serif; font-size:13px;'><h3 style='color:#1565C0; margin:4px 0;'>รหัสแปลง: 320305081503</h3><p style='margin:2px 0;'><b>กลุ่มคิว:</b> 83_001</p><table border='1' style='border-collapse:collapse; border-color:#ccc; width:100%;'><tr><td style='padding:3px 6px; font-weight:bold; background-color:#f2f2f2;'>รหัสกลุ่มคิว</td><td style='padding:3px 6px;'>83/001</td></tr><tr><td style='padding:3px 6px; font-weight:bold; background-color:#f2f2f2;'>รหัสรับเหมา</td><td style='padding:3px 6px;'>738889</td></tr><tr><td style='padding:3px 6px; font-weight:bold; background-color:#f2f2f2;'>ชื่อ-สกุล รับเหมา</td><td style='padding:3px 6px;'>รถตัดโรงงานเบอร์ 35</td></tr><tr><td style='padding:3px 6px; font-weight:bold; background-color:#f2f2f2;'>นักเกษตร</td><td style='padding:3px 6px;'>8301</td></tr><tr><td style='padding:3px 6px; font-weight:bold; background-color:#f2f2f2;'>ศูนย์</td><td style='padding:3px 6px;'>K2-83</td></tr><tr><td style='padding:3px 6px; font-weight:bold; background-color:#f2f2f2;'>โควตา</td><td style='padding:3px 6px;'>782403</td></tr><tr><td style='padding:3px 6px; font-weight:bold; background-color:#f2f2f2;'>ชาวไร่</td><td style='padding:3px 6px;'>นาย พิทักษ์ แสนกล้า</td></tr><tr><td style='padding:3px 6px; font-weight:bold; background-color:#f2f2f2;'>ประเภทอ้อย</td><td style='padding:3px 6px;'>ตอ2</td></tr><tr><td style='padding:3px 6px; font-weight:bold; background-color:#f2f2f2;'>พื้นที่</td><td style='padding:3px 6px;'>3.56</td></tr><tr><td style='padding:3px 6px; font-weight:bold; background-color:#f2f2f2;'>ตันรวม</td><td style='padding:3px 6px;'>28.48</td></tr><tr><td style='padding:3px 6px; font-weight:bold; background-color:#f2f2f2;'>รหัสแปลง</td><td style='padding:3px 6px;'>320305081503</td></tr><tr><td style='padding:3px 6px; font-weight:bold; background-color:#f2f2f2;'>กลุ่ม</td><td style='padding:3px 6px;'>กลุ่ม_83</td></tr></table></div>]]></description>
      <styleUrl>#plotStyle</styleUrl>
      <MultiGeometry><Polygon><outerBoundaryIs><LinearRing><coordinates>103.6341695,15.1835054,0 103.6342968,15.1844816,0 103.6343169,15.1846747,0 103.6343309,15.1847624,0 103.6343366,15.1847855,0 103.6343838,15.1850246,0 103.6343718,15.1850951,0 103.6343775,15.1851104,0 103.6343861,15.1851778,0 103.6347072,15.1850282,0 103.6344098,15.1834613,0 103.6341695,15.1835054,0</coordinates></LinearRing></outerBoundaryIs></Polygon></MultiGeometry>
    </Placemark>
    <Placemark>
      <name>320401071511</name>
      <description><![CDATA[<div style='font-family:Tahoma,sans-serif; font-size:13px;'><h3 style='color:#1565C0; margin:4px 0;'>รหัสแปลง: 320401071511</h3><p style='margin:2px 0;'><b>กลุ่มคิว:</b> 83_001</p><table border='1' style='border-collapse:collapse; border-color:#ccc; width:100%;'><tr><td style='padding:3px 6px; font-weight:bold; background-color:#f2f2f2;'>รหัสกลุ่มคิว</td><td style='padding:3px 6px;'>83/001</td></tr><tr><td style='padding:3px 6px; font-weight:bold; background-color:#f2f2f2;'>รหัสรับเหมา</td><td style='padding:3px 6px;'>738889</td></tr><tr><td style='padding:3px 6px; font-weight:bold; background-color:#f2f2f2;'>ชื่อ-สกุล รับเหมา</td><td style='padding:3px 6px;'>รถตัดโรงงานเบอร์ 35</td></tr><tr><td style='padding:3px 6px; font-weight:bold; background-color:#f2f2f2;'>นักเกษตร</td><td style='padding:3px 6px;'>8301</td></tr><tr><td style='padding:3px 6px; font-weight:bold; background-color:#f2f2f2;'>ศูนย์</td><td style='padding:3px 6px;'>K2-83</td></tr><tr><td style='padding:3px 6px; font-weight:bold; background-color:#f2f2f2;'>โควตา</td><td style='padding:3px 6px;'>787028</td></tr><tr><td style='padding:3px 6px; font-weight:bold; background-color:#f2f2f2;'>ชาวไร่</td><td style='padding:3px 6px;'>นาง เง็ก ธนาศุภวัฒน์</td></tr><tr><td style='padding:3px 6px; font-weight:bold; background-color:#f2f2f2;'>ประเภทอ้อย</td><td style='padding:3px 6px;'>ปลายฝน</td></tr><tr><td style='padding:3px 6px; font-weight:bold; background-color:#f2f2f2;'>พื้นที่</td><td style='padding:3px 6px;'>15.71</td></tr><tr><td style='padding:3px 6px; font-weight:bold; background-color:#f2f2f2;'>ตันรวม</td><td style='padding:3px 6px;'>204.23</td></tr><tr><td style='padding:3px 6px; font-weight:bold; background-color:#f2f2f2;'>รหัสแปลง</td><td style='padding:3px 6px;'>320401071511</td></tr><tr><td style='padding:3px 6px; font-weight:bold; background-color:#f2f2f2;'>กลุ่ม</td><td style='padding:3px 6px;'>กลุ่ม_83</td></tr></table></div>]]></description>
      <styleUrl>#plotStyle</styleUrl>
      <MultiGeometry><Polygon><outerBoundaryIs><LinearRing><coordinates>103.6192236,15.1381661,0 103.6199889,15.1393642,0 103.6204344,15.1394062,0 103.6206732,15.1395698,0 103.6207588,15.1395263,0 103.6206404,15.1388169,0 103.6210944,15.1386219,0 103.6210959,15.1382897,0 103.6210997,15.1379690,0 103.6210122,15.1376054,0 103.6192236,15.1381661,0</coordinates></LinearRing></outerBoundaryIs></Polygon></MultiGeometry>
    </Placemark>
    <Placemark>
      <name>320409090015</name>
      <description><![CDATA[<div style='font-family:Tahoma,sans-serif; font-size:13px;'><h3 style='color:#1565C0; margin:4px 0;'>รหัสแปลง: 320409090015</h3><p style='margin:2px 0;'><b>กลุ่มคิว:</b> 83_001</p><table border='1' style='border-collapse:collapse; border-color:#ccc; width:100%;'><tr><td style='padding:3px 6px; font-weight:bold; background-color:#f2f2f2;'>รหัสกลุ่มคิว</td><td style='padding:3px 6px;'>83/001</td></tr><tr><td style='padding:3px 6px; font-weight:bold; background-color:#f2f2f2;'>รหัสรับเหมา</td><td style='padding:3px 6px;'>738889</td></tr><tr><td style='padding:3px 6px; font-weight:bold; background-color:#f2f2f2;'>ชื่อ-สกุล รับเหมา</td><td style='padding:3px 6px;'>รถตัดโรงงานเบอร์ 35</td></tr><tr><td style='padding:3px 6px; font-weight:bold; background-color:#f2f2f2;'>นักเกษตร</td><td style='padding:3px 6px;'>8301</td></tr><tr><td style='padding:3px 6px; font-weight:bold; background-color:#f2f2f2;'>ศูนย์</td><td style='padding:3px 6px;'>K2-83</td></tr><tr><td style='padding:3px 6px; font-weight:bold; background-color:#f2f2f2;'>โควตา</td><td style='padding:3px 6px;'>787027</td></tr><tr><td style='padding:3px 6px; font-weight:bold; background-color:#f2f2f2;'>ชาวไร่</td><td style='padding:3px 6px;'>นาย บุญลอง แสนกล้า</td></tr><tr><td style='padding:3px 6px; font-weight:bold; background-color:#f2f2f2;'>ประเภทอ้อย</td><td style='padding:3px 6px;'>ปลายฝน</td></tr><tr><td style='padding:3px 6px; font-weight:bold; background-color:#f2f2f2;'>พื้นที่</td><td style='padding:3px 6px;'>7.22</td></tr><tr><td style='padding:3px 6px; font-weight:bold; background-color:#f2f2f2;'>ตันรวม</td><td style='padding:3px 6px;'>93.86</td></tr><tr><td style='padding:3px 6px; font-weight:bold; background-color:#f2f2f2;'>รหัสแปลง</td><td style='padding:3px 6px;'>320409090015</td></tr><tr><td style='padding:3px 6px; font-weight:bold; background-color:#f2f2f2;'>กลุ่ม</td><td style='padding:3px 6px;'>กลุ่ม_83</td></tr></table></div>]]></description>
      <styleUrl>#plotStyle</styleUrl>
      <MultiGeometry><Polygon><outerBoundaryIs><LinearRing><coordinates>103.5852164,15.1560114,0 103.5835166,15.1565297,0 103.5835294,15.1564912,0 103.5839310,15.1563755,0 103.5838213,15.1559596,0 103.5834031,15.1560336,0 103.5835984,15.1570314,0 103.5840366,15.1568776,0 103.5844123,15.1567119,0 103.5845338,15.1566370,0 103.5847077,15.1565409,0 103.5848653,15.1564672,0 103.5850301,15.1564086,0 103.5854206,15.1562973,0 103.5852164,15.1560114,0</coordinates></LinearRing></outerBoundaryIs></Polygon></MultiGeometry>
    </Placemark>
    <Placemark>
      <name>320409120008</name>
      <description><![CDATA[<div style='font-family:Tahoma,sans-serif; font-size:13px;'><h3 style='color:#1565C0; margin:4px 0;'>รหัสแปลง: 320409120008</h3><p style='margin:2px 0;'><b>กลุ่มคิว:</b> 83_001</p><table border='1' style='border-collapse:collapse; border-color:#ccc; width:100%;'><tr><td style='padding:3px 6px; font-weight:bold; background-color:#f2f2f2;'>รหัสกลุ่มคิว</td><td style='padding:3px 6px;'>83/001</td></tr><tr><td style='padding:3px 6px; font-weight:bold; background-color:#f2f2f2;'>รหัสรับเหมา</td><td style='padding:3px 6px;'>738889</td></tr><tr><td style='padding:3px 6px; font-weight:bold; background-color:#f2f2f2;'>ชื่อ-สกุล รับเหมา</td><td style='padding:3px 6px;'>รถตัดโรงงานเบอร์ 35</td></tr><tr><td style='padding:3px 6px; font-weight:bold; background-color:#f2f2f2;'>นักเกษตร</td><td style='padding:3px 6px;'>8301</td></tr><tr><td style='padding:3px 6px; font-weight:bold; background-color:#f2f2f2;'>ศูนย์</td><td style='padding:3px 6px;'>K2-83</td></tr><tr><td style='padding:3px 6px; font-weight:bold; background-color:#f2f2f2;'>โควตา</td><td style='padding:3px 6px;'>787019</td></tr><tr><td style='padding:3px 6px; font-weight:bold; background-color:#f2f2f2;'>ชาวไร่</td><td style='padding:3px 6px;'>นาย อำนาจ สุขแสวง</td></tr><tr><td style='padding:3px 6px; font-weight:bold; background-color:#f2f2f2;'>ประเภทอ้อย</td><td style='padding:3px 6px;'>ปลายฝน</td></tr><tr><td style='padding:3px 6px; font-weight:bold; background-color:#f2f2f2;'>พื้นที่</td><td style='padding:3px 6px;'>4.27</td></tr><tr><td style='padding:3px 6px; font-weight:bold; background-color:#f2f2f2;'>ตันรวม</td><td style='padding:3px 6px;'>55.51</td></tr><tr><td style='padding:3px 6px; font-weight:bold; background-color:#f2f2f2;'>รหัสแปลง</td><td style='padding:3px 6px;'>320409120008</td></tr><tr><td style='padding:3px 6px; font-weight:bold; background-color:#f2f2f2;'>กลุ่ม</td><td style='padding:3px 6px;'>กลุ่ม_83</td></tr></table></div>]]></description>
      <styleUrl>#plotStyle</styleUrl>
      <MultiGeometry><Polygon><outerBoundaryIs><LinearRing><coordinates>103.5828725,15.1512065,0 103.5830895,15.1511355,0 103.5828462,15.1507472,0 103.5820489,15.1509162,0 103.5822900,15.1516343,0 103.5829216,15.1514265,0 103.5828725,15.1512065,0</coordinates></LinearRing></outerBoundaryIs></Polygon></MultiGeometry>
    </Placemark>
    <Placemark>
      <name>320409100042</name>
      <description><![CDATA[<div style='font-family:Tahoma,sans-serif; font-size:13px;'><h3 style='color:#1565C0; margin:4px 0;'>รหัสแปลง: 320409100042</h3><p style='margin:2px 0;'><b>กลุ่มคิว:</b> 83_001</p><table border='1' style='border-collapse:collapse; border-color:#ccc; width:100%;'><tr><td style='padding:3px 6px; font-weight:bold; background-color:#f2f2f2;'>รหัสกลุ่มคิว</td><td style='padding:3px 6px;'>83/001</td></tr><tr><td style='padding:3px 6px; font-weight:bold; background-color:#f2f2f2;'>รหัสรับเหมา</td><td style='padding:3px 6px;'>738889</td></tr><tr><td style='padding:3px 6px; font-weight:bold; background-color:#f2f2f2;'>ชื่อ-สกุล รับเหมา</td><td style='padding:3px 6px;'>รถตัดโรงงานเบอร์ 35</td></tr><tr><td style='padding:3px 6px; font-weight:bold; background-color:#f2f2f2;'>นักเกษตร</td><td style='padding:3px 6px;'>8301</td></tr><tr><td style='padding:3px 6px; font-weight:bold; background-color:#f2f2f2;'>ศูนย์</td><td style='padding:3px 6px;'>K2-83</td></tr><tr><td style='padding:3px 6px; font-weight:bold; background-color:#f2f2f2;'>โควตา</td><td style='padding:3px 6px;'>784963</td></tr><tr><td style='padding:3px 6px; font-weight:bold; background-color:#f2f2f2;'>ชาวไร่</td><td style='padding:3px 6px;'>นาย สมสิทธิ์ กระแสเทพ</td></tr><tr><td style='padding:3px 6px; font-weight:bold; background-color:#f2f2f2;'>ประเภทอ้อย</td><td style='padding:3px 6px;'>ตอ3</td></tr><tr><td style='padding:3px 6px; font-weight:bold; background-color:#f2f2f2;'>พื้นที่</td><td style='padding:3px 6px;'>7.5</td></tr><tr><td style='padding:3px 6px; font-weight:bold; background-color:#f2f2f2;'>ตันรวม</td><td style='padding:3px 6px;'>52.5</td></tr><tr><td style='padding:3px 6px; font-weight:bold; background-color:#f2f2f2;'>รหัสแปลง</td><td style='padding:3px 6px;'>320409100042</td></tr><tr><td style='padding:3px 6px; font-weight:bold; background-color:#f2f2f2;'>กลุ่ม</td><td style='padding:3px 6px;'>กลุ่ม_83</td></tr></table></div>]]></description>
      <styleUrl>#plotStyle</styleUrl>
      <MultiGeometry><Polygon><outerBoundaryIs><LinearRing><coordinates>103.5787307,15.1617718,0 103.5786744,15.1590977,0 103.5782873,15.1591553,0 103.5783593,15.1617687,0 103.5787307,15.1617718,0</coordinates></LinearRing></outerBoundaryIs></Polygon></MultiGeometry>
    </Placemark>
    <Placemark>
      <name>320409100045</name>
      <description><![CDATA[<div style='font-family:Tahoma,sans-serif; font-size:13px;'><h3 style='color:#1565C0; margin:4px 0;'>รหัสแปลง: 320409100045</h3><p style='margin:2px 0;'><b>กลุ่มคิว:</b> 83_001</p><table border='1' style='border-collapse:collapse; border-color:#ccc; width:100%;'><tr><td style='padding:3px 6px; font-weight:bold; background-color:#f2f2f2;'>รหัสกลุ่มคิว</td><td style='padding:3px 6px;'>83/001</td></tr><tr><td style='padding:3px 6px; font-weight:bold; background-color:#f2f2f2;'>รหัสรับเหมา</td><td style='padding:3px 6px;'>738889</td></tr><tr><td style='padding:3px 6px; font-weight:bold; background-color:#f2f2f2;'>ชื่อ-สกุล รับเหมา</td><td style='padding:3px 6px;'>รถตัดโรงงานเบอร์ 35</td></tr><tr><td style='padding:3px 6px; font-weight:bold; background-color:#f2f2f2;'>นักเกษตร</td><td style='padding:3px 6px;'>8301</td></tr><tr><td style='padding:3px 6px; font-weight:bold; background-color:#f2f2f2;'>ศูนย์</td><td style='padding:3px 6px;'>K2-83</td></tr><tr><td style='padding:3px 6px; font-weight:bold; background-color:#f2f2f2;'>โควตา</td><td style='padding:3px 6px;'>782493</td></tr><tr><td style='padding:3px 6px; font-weight:bold; background-color:#f2f2f2;'>ชาวไร่</td><td style='padding:3px 6px;'>นาย สมจิตร แผ่นทอง</td></tr><tr><td style='padding:3px 6px; font-weight:bold; background-color:#f2f2f2;'>ประเภทอ้อย</td><td style='padding:3px 6px;'>ตอ1</td></tr><tr><td style='padding:3px 6px; font-weight:bold; background-color:#f2f2f2;'>พื้นที่</td><td style='padding:3px 6px;'>7.85</td></tr><tr><td style='padding:3px 6px; font-weight:bold; background-color:#f2f2f2;'>ตันรวม</td><td style='padding:3px 6px;'>70.65</td></tr><tr><td style='padding:3px 6px; font-weight:bold; background-color:#f2f2f2;'>รหัสแปลง</td><td style='padding:3px 6px;'>320409100045</td></tr><tr><td style='padding:3px 6px; font-weight:bold; background-color:#f2f2f2;'>กลุ่ม</td><td style='padding:3px 6px;'>กลุ่ม_83</td></tr></table></div>]]></description>
      <styleUrl>#plotStyle</styleUrl>
      <MultiGeometry><Polygon><outerBoundaryIs><LinearRing><coordinates>103.5810840,15.1664526,0 103.5805835,15.1665301,0 103.5806991,15.1673190,0 103.5809108,15.1686042,0 103.5811441,15.1685888,0 103.5811258,15.1685143,0 103.5813954,15.1685342,0 103.5810840,15.1664526,0</coordinates></LinearRing></outerBoundaryIs></Polygon></MultiGeometry>
    </Placemark>
    <Placemark>
      <name>320409090019</name>
      <description><![CDATA[<div style='font-family:Tahoma,sans-serif; font-size:13px;'><h3 style='color:#1565C0; margin:4px 0;'>รหัสแปลง: 320409090019</h3><p style='margin:2px 0;'><b>กลุ่มคิว:</b> 83_001</p><table border='1' style='border-collapse:collapse; border-color:#ccc; width:100%;'><tr><td style='padding:3px 6px; font-weight:bold; background-color:#f2f2f2;'>รหัสกลุ่มคิว</td><td style='padding:3px 6px;'>83/001</td></tr><tr><td style='padding:3px 6px; font-weight:bold; background-color:#f2f2f2;'>รหัสรับเหมา</td><td style='padding:3px 6px;'>738889</td></tr><tr><td style='padding:3px 6px; font-weight:bold; background-color:#f2f2f2;'>ชื่อ-สกุล รับเหมา</td><td style='padding:3px 6px;'>รถตัดโรงงานเบอร์ 35</td></tr><tr><td style='padding:3px 6px; font-weight:bold; background-color:#f2f2f2;'>นักเกษตร</td><td style='padding:3px 6px;'>8301</td></tr><tr><td style='padding:3px 6px; font-weight:bold; background-color:#f2f2f2;'>ศูนย์</td><td style='padding:3px 6px;'>K2-83</td></tr><tr><td style='padding:3px 6px; font-weight:bold; background-color:#f2f2f2;'>โควตา</td><td style='padding:3px 6px;'>787017</td></tr><tr><td style='padding:3px 6px; font-weight:bold; background-color:#f2f2f2;'>ชาวไร่</td><td style='padding:3px 6px;'>นาง เงิน สมานมิตร</td></tr><tr><td style='padding:3px 6px; font-weight:bold; background-color:#f2f2f2;'>ประเภทอ้อย</td><td style='padding:3px 6px;'>ตอ1</td></tr><tr><td style='padding:3px 6px; font-weight:bold; background-color:#f2f2f2;'>พื้นที่</td><td style='padding:3px 6px;'>6.32</td></tr><tr><td style='padding:3px 6px; font-weight:bold; background-color:#f2f2f2;'>ตันรวม</td><td style='padding:3px 6px;'>56.88</td></tr><tr><td style='padding:3px 6px; font-weight:bold; background-color:#f2f2f2;'>รหัสแปลง</td><td style='padding:3px 6px;'>320409090019</td></tr><tr><td style='padding:3px 6px; font-weight:bold; background-color:#f2f2f2;'>กลุ่ม</td><td style='padding:3px 6px;'>กลุ่ม_83</td></tr></table></div>]]></description>
      <styleUrl>#plotStyle</styleUrl>
      <MultiGeometry><Polygon><outerBoundaryIs><LinearRing><coordinates>103.6064879,15.1518061,0 103.6057521,15.1519844,0 103.6060460,15.1529514,0 103.6068152,15.1529001,0 103.6068438,15.1528723,0 103.6068618,15.1528444,0 103.6064879,15.1518061,0</coordinates></LinearRing></outerBoundaryIs></Polygon></MultiGeometry>
    </Placemark>
    <Placemark>
      <name>320409120010</name>
      <description><![CDATA[<div style='font-family:Tahoma,sans-serif; font-size:13px;'><h3 style='color:#1565C0; margin:4px 0;'>รหัสแปลง: 320409120010</h3><p style='margin:2px 0;'><b>กลุ่มคิว:</b> 83_001</p><table border='1' style='border-collapse:collapse; border-color:#ccc; width:100%;'><tr><td style='padding:3px 6px; font-weight:bold; background-color:#f2f2f2;'>รหัสกลุ่มคิว</td><td style='padding:3px 6px;'>83/001</td></tr><tr><td style='padding:3px 6px; font-weight:bold; background-color:#f2f2f2;'>รหัสรับเหมา</td><td style='padding:3px 6px;'>738889</td></tr><tr><td style='padding:3px 6px; font-weight:bold; background-color:#f2f2f2;'>ชื่อ-สกุล รับเหมา</td><td style='padding:3px 6px;'>รถตัดโรงงานเบอร์ 35</td></tr><tr><td style='padding:3px 6px; font-weight:bold; background-color:#f2f2f2;'>นักเกษตร</td><td style='padding:3px 6px;'>8301</td></tr><tr><td style='padding:3px 6px; font-weight:bold; background-color:#f2f2f2;'>ศูนย์</td><td style='padding:3px 6px;'>K2-83</td></tr><tr><td style='padding:3px 6px; font-weight:bold; background-color:#f2f2f2;'>โควตา</td><td style='padding:3px 6px;'>784963</td></tr><tr><td style='padding:3px 6px; font-weight:bold; background-color:#f2f2f2;'>ชาวไร่</td><td style='padding:3px 6px;'>นาย สมสิทธิ์ กระแสเทพ</td></tr><tr><td style='padding:3px 6px; font-weight:bold; background-color:#f2f2f2;'>ประเภทอ้อย</td><td style='padding:3px 6px;'>ตอ2</td></tr><tr><td style='padding:3px 6px; font-weight:bold; background-color:#f2f2f2;'>พื้นที่</td><td style='padding:3px 6px;'>7.69</td></tr><tr><td style='padding:3px 6px; font-weight:bold; background-color:#f2f2f2;'>ตันรวม</td><td style='padding:3px 6px;'>61.52</td></tr><tr><td style='padding:3px 6px; font-weight:bold; background-color:#f2f2f2;'>รหัสแปลง</td><td style='padding:3px 6px;'>320409120010</td></tr><tr><td style='padding:3px 6px; font-weight:bold; background-color:#f2f2f2;'>กลุ่ม</td><td style='padding:3px 6px;'>กลุ่ม_83</td></tr></table></div>]]></description>
      <styleUrl>#plotStyle</styleUrl>
      <MultiGeometry><Polygon><outerBoundaryIs><LinearRing><coordinates>103.5777792,15.1592186,0 103.5777544,15.1592641,0 103.5778313,15.1597380,0 103.5779533,15.1600455,0 103.5779926,15.1603688,0 103.5780319,15.1608485,0 103.5779696,15.1617969,0 103.5783663,15.1618264,0 103.5782954,15.1592032,0 103.5782448,15.1592129,0 103.5782381,15.1591076,0 103.5777792,15.1592186,0</coordinates></LinearRing></outerBoundaryIs></Polygon></MultiGeometry>
    </Placemark>
    <Placemark>
      <name>320401071512</name>
      <description><![CDATA[<div style='font-family:Tahoma,sans-serif; font-size:13px;'><h3 style='color:#1565C0; margin:4px 0;'>รหัสแปลง: 320401071512</h3><p style='margin:2px 0;'><b>กลุ่มคิว:</b> 83_001</p><table border='1' style='border-collapse:collapse; border-color:#ccc; width:100%;'><tr><td style='padding:3px 6px; font-weight:bold; background-color:#f2f2f2;'>รหัสกลุ่มคิว</td><td style='padding:3px 6px;'>83/001</td></tr><tr><td style='padding:3px 6px; font-weight:bold; background-color:#f2f2f2;'>รหัสรับเหมา</td><td style='padding:3px 6px;'>738889</td></tr><tr><td style='padding:3px 6px; font-weight:bold; background-color:#f2f2f2;'>ชื่อ-สกุล รับเหมา</td><td style='padding:3px 6px;'>รถตัดโรงงานเบอร์ 35</td></tr><tr><td style='padding:3px 6px; font-weight:bold; background-color:#f2f2f2;'>นักเกษตร</td><td style='padding:3px 6px;'>8301</td></tr><tr><td style='padding:3px 6px; font-weight:bold; background-color:#f2f2f2;'>ศูนย์</td><td style='padding:3px 6px;'>K2-83</td></tr><tr><td style='padding:3px 6px; font-weight:bold; background-color:#f2f2f2;'>โควตา</td><td style='padding:3px 6px;'>787028</td></tr><tr><td style='padding:3px 6px; font-weight:bold; background-color:#f2f2f2;'>ชาวไร่</td><td style='padding:3px 6px;'>นาง เง็ก ธนาศุภวัฒน์</td></tr><tr><td style='padding:3px 6px; font-weight:bold; background-color:#f2f2f2;'>ประเภทอ้อย</td><td style='padding:3px 6px;'>ตอ1</td></tr><tr><td style='padding:3px 6px; font-weight:bold; background-color:#f2f2f2;'>พื้นที่</td><td style='padding:3px 6px;'>18.05</td></tr><tr><td style='padding:3px 6px; font-weight:bold; background-color:#f2f2f2;'>ตันรวม</td><td style='padding:3px 6px;'>162.45</td></tr><tr><td style='padding:3px 6px; font-weight:bold; background-color:#f2f2f2;'>รหัสแปลง</td><td style='padding:3px 6px;'>320401071512</td></tr><tr><td style='padding:3px 6px; font-weight:bold; background-color:#f2f2f2;'>กลุ่ม</td><td style='padding:3px 6px;'>กลุ่ม_83</td></tr></table></div>]]></description>
      <styleUrl>#plotStyle</styleUrl>
      <MultiGeometry><Polygon><outerBoundaryIs><LinearRing><coordinates>103.6106378,15.1279539,0 103.6083143,15.1285211,0 103.6085448,15.1290391,0 103.6088150,15.1289709,0 103.6088442,15.1290352,0 103.6091684,15.1289325,0 103.6092944,15.1293706,0 103.6093799,15.1295274,0 103.6107669,15.1292103,0 103.6108778,15.1291238,0 103.6106378,15.1279539,0</coordinates></LinearRing></outerBoundaryIs></Polygon></MultiGeometry>
    </Placemark>
    <Placemark>
      <name>320409090023</name>
      <description><![CDATA[<div style='font-family:Tahoma,sans-serif; font-size:13px;'><h3 style='color:#1565C0; margin:4px 0;'>รหัสแปลง: 320409090023</h3><p style='margin:2px 0;'><b>กลุ่มคิว:</b> 83_001</p><table border='1' style='border-collapse:collapse; border-color:#ccc; width:100%;'><tr><td style='padding:3px 6px; font-weight:bold; background-color:#f2f2f2;'>รหัสกลุ่มคิว</td><td style='padding:3px 6px;'>83/001</td></tr><tr><td style='padding:3px 6px; font-weight:bold; background-color:#f2f2f2;'>รหัสรับเหมา</td><td style='padding:3px 6px;'>738889</td></tr><tr><td style='padding:3px 6px; font-weight:bold; background-color:#f2f2f2;'>ชื่อ-สกุล รับเหมา</td><td style='padding:3px 6px;'>รถตัดโรงงานเบอร์ 35</td></tr><tr><td style='padding:3px 6px; font-weight:bold; background-color:#f2f2f2;'>นักเกษตร</td><td style='padding:3px 6px;'>8301</td></tr><tr><td style='padding:3px 6px; font-weight:bold; background-color:#f2f2f2;'>ศูนย์</td><td style='padding:3px 6px;'>K2-83</td></tr><tr><td style='padding:3px 6px; font-weight:bold; background-color:#f2f2f2;'>โควตา</td><td style='padding:3px 6px;'>782403</td></tr><tr><td style='padding:3px 6px; font-weight:bold; background-color:#f2f2f2;'>ชาวไร่</td><td style='padding:3px 6px;'>นาย พิทักษ์ แสนกล้า</td></tr><tr><td style='padding:3px 6px; font-weight:bold; background-color:#f2f2f2;'>ประเภทอ้อย</td><td style='padding:3px 6px;'>ปลายฝน</td></tr><tr><td style='padding:3px 6px; font-weight:bold; background-color:#f2f2f2;'>พื้นที่</td><td style='padding:3px 6px;'>4.3</td></tr><tr><td style='padding:3px 6px; font-weight:bold; background-color:#f2f2f2;'>ตันรวม</td><td style='padding:3px 6px;'>55.9</td></tr><tr><td style='padding:3px 6px; font-weight:bold; background-color:#f2f2f2;'>รหัสแปลง</td><td style='padding:3px 6px;'>320409090023</td></tr><tr><td style='padding:3px 6px; font-weight:bold; background-color:#f2f2f2;'>กลุ่ม</td><td style='padding:3px 6px;'>กลุ่ม_83</td></tr></table></div>]]></description>
      <styleUrl>#plotStyle</styleUrl>
      <MultiGeometry><Polygon><outerBoundaryIs><LinearRing><coordinates>103.5727528,15.1168874,0 103.5724745,15.1163660,0 103.5724734,15.1163647,0 103.5722662,15.1164555,0 103.5722777,15.1165665,0 103.5722384,15.1165942,0 103.5723514,15.1169774,0 103.5727289,15.1168649,0 103.5727472,15.1169066,0 103.5725982,15.1170076,0 103.5723780,15.1171080,0 103.5724931,15.1173547,0 103.5726693,15.1174146,0 103.5729463,15.1179680,0 103.5729442,15.1179737,0 103.5732027,15.1178145,0 103.5732203,15.1178031,0 103.5729363,15.1172220,0 103.5730347,15.1171061,0 103.5727528,15.1168874,0</coordinates></LinearRing></outerBoundaryIs></Polygon></MultiGeometry>
    </Placemark>
    <Placemark>
      <name>320405031528</name>
      <description><![CDATA[<div style='font-family:Tahoma,sans-serif; font-size:13px;'><h3 style='color:#1565C0; margin:4px 0;'>รหัสแปลง: 320405031528</h3><p style='margin:2px 0;'><b>กลุ่มคิว:</b> 83_001</p><table border='1' style='border-collapse:collapse; border-color:#ccc; width:100%;'><tr><td style='padding:3px 6px; font-weight:bold; background-color:#f2f2f2;'>รหัสกลุ่มคิว</td><td style='padding:3px 6px;'>83/001</td></tr><tr><td style='padding:3px 6px; font-weight:bold; background-color:#f2f2f2;'>รหัสรับเหมา</td><td style='padding:3px 6px;'>738889</td></tr><tr><td style='padding:3px 6px; font-weight:bold; background-color:#f2f2f2;'>ชื่อ-สกุล รับเหมา</td><td style='padding:3px 6px;'>รถตัดโรงงานเบอร์ 35</td></tr><tr><td style='padding:3px 6px; font-weight:bold; background-color:#f2f2f2;'>นักเกษตร</td><td style='padding:3px 6px;'>8301</td></tr><tr><td style='padding:3px 6px; font-weight:bold; background-color:#f2f2f2;'>ศูนย์</td><td style='padding:3px 6px;'>K2-83</td></tr><tr><td style='padding:3px 6px; font-weight:bold; background-color:#f2f2f2;'>โควตา</td><td style='padding:3px 6px;'>782381</td></tr><tr><td style='padding:3px 6px; font-weight:bold; background-color:#f2f2f2;'>ชาวไร่</td><td style='padding:3px 6px;'>นาง บัวทอง พวงจันทร์</td></tr><tr><td style='padding:3px 6px; font-weight:bold; background-color:#f2f2f2;'>ประเภทอ้อย</td><td style='padding:3px 6px;'>ตอ2</td></tr><tr><td style='padding:3px 6px; font-weight:bold; background-color:#f2f2f2;'>พื้นที่</td><td style='padding:3px 6px;'>8.3</td></tr><tr><td style='padding:3px 6px; font-weight:bold; background-color:#f2f2f2;'>ตันรวม</td><td style='padding:3px 6px;'>66.4</td></tr><tr><td style='padding:3px 6px; font-weight:bold; background-color:#f2f2f2;'>รหัสแปลง</td><td style='padding:3px 6px;'>320405031528</td></tr><tr><td style='padding:3px 6px; font-weight:bold; background-color:#f2f2f2;'>กลุ่ม</td><td style='padding:3px 6px;'>กลุ่ม_83</td></tr></table></div>]]></description>
      <styleUrl>#plotStyle</styleUrl>
      <MultiGeometry><Polygon><outerBoundaryIs><LinearRing><coordinates>103.6240143,15.1652831,0 103.6218187,15.1654382,0 103.6218023,15.1659326,0 103.6239696,15.1658117,0 103.6240143,15.1652831,0</coordinates></LinearRing></outerBoundaryIs></Polygon></MultiGeometry>
    </Placemark>
    <Placemark>
      <name>320407041546</name>
      <description><![CDATA[<div style='font-family:Tahoma,sans-serif; font-size:13px;'><h3 style='color:#1565C0; margin:4px 0;'>รหัสแปลง: 320407041546</h3><p style='margin:2px 0;'><b>กลุ่มคิว:</b> 83_001</p><table border='1' style='border-collapse:collapse; border-color:#ccc; width:100%;'><tr><td style='padding:3px 6px; font-weight:bold; background-color:#f2f2f2;'>รหัสกลุ่มคิว</td><td style='padding:3px 6px;'>83/001</td></tr><tr><td style='padding:3px 6px; font-weight:bold; background-color:#f2f2f2;'>รหัสรับเหมา</td><td style='padding:3px 6px;'>738889</td></tr><tr><td style='padding:3px 6px; font-weight:bold; background-color:#f2f2f2;'>ชื่อ-สกุล รับเหมา</td><td style='padding:3px 6px;'>รถตัดโรงงานเบอร์ 35</td></tr><tr><td style='padding:3px 6px; font-weight:bold; background-color:#f2f2f2;'>นักเกษตร</td><td style='padding:3px 6px;'>8301</td></tr><tr><td style='padding:3px 6px; font-weight:bold; background-color:#f2f2f2;'>ศูนย์</td><td style='padding:3px 6px;'>K2-83</td></tr><tr><td style='padding:3px 6px; font-weight:bold; background-color:#f2f2f2;'>โควตา</td><td style='padding:3px 6px;'>782244</td></tr><tr><td style='padding:3px 6px; font-weight:bold; background-color:#f2f2f2;'>ชาวไร่</td><td style='padding:3px 6px;'>นาย สมยศ บุญเลิศ</td></tr><tr><td style='padding:3px 6px; font-weight:bold; background-color:#f2f2f2;'>ประเภทอ้อย</td><td style='padding:3px 6px;'>ตอ2</td></tr><tr><td style='padding:3px 6px; font-weight:bold; background-color:#f2f2f2;'>พื้นที่</td><td style='padding:3px 6px;'>15.15</td></tr><tr><td style='padding:3px 6px; font-weight:bold; background-color:#f2f2f2;'>ตันรวม</td><td style='padding:3px 6px;'>121.2</td></tr><tr><td style='padding:3px 6px; font-weight:bold; background-color:#f2f2f2;'>รหัสแปลง</td><td style='padding:3px 6px;'>320407041546</td></tr><tr><td style='padding:3px 6px; font-weight:bold; background-color:#f2f2f2;'>กลุ่ม</td><td style='padding:3px 6px;'>กลุ่ม_83</td></tr></table></div>]]></description>
      <styleUrl>#plotStyle</styleUrl>
      <MultiGeometry><Polygon><outerBoundaryIs><LinearRing><coordinates>103.6069732,15.1618667,0 103.6069776,15.1618562,0 103.6060851,15.1619141,0 103.6063148,15.1645176,0 103.6069833,15.1644419,0 103.6069732,15.1618667,0</coordinates></LinearRing></outerBoundaryIs></Polygon></MultiGeometry>
    </Placemark>
    <Placemark>
      <name>320407041547</name>
      <description><![CDATA[<div style='font-family:Tahoma,sans-serif; font-size:13px;'><h3 style='color:#1565C0; margin:4px 0;'>รหัสแปลง: 320407041547</h3><p style='margin:2px 0;'><b>กลุ่มคิว:</b> 83_001</p><table border='1' style='border-collapse:collapse; border-color:#ccc; width:100%;'><tr><td style='padding:3px 6px; font-weight:bold; background-color:#f2f2f2;'>รหัสกลุ่มคิว</td><td style='padding:3px 6px;'>83/001</td></tr><tr><td style='padding:3px 6px; font-weight:bold; background-color:#f2f2f2;'>รหัสรับเหมา</td><td style='padding:3px 6px;'>738889</td></tr><tr><td style='padding:3px 6px; font-weight:bold; background-color:#f2f2f2;'>ชื่อ-สกุล รับเหมา</td><td style='padding:3px 6px;'>รถตัดโรงงานเบอร์ 35</td></tr><tr><td style='padding:3px 6px; font-weight:bold; background-color:#f2f2f2;'>นักเกษตร</td><td style='padding:3px 6px;'>8301</td></tr><tr><td style='padding:3px 6px; font-weight:bold; background-color:#f2f2f2;'>ศูนย์</td><td style='padding:3px 6px;'>K2-83</td></tr><tr><td style='padding:3px 6px; font-weight:bold; background-color:#f2f2f2;'>โควตา</td><td style='padding:3px 6px;'>787018</td></tr><tr><td style='padding:3px 6px; font-weight:bold; background-color:#f2f2f2;'>ชาวไร่</td><td style='padding:3px 6px;'>นาง ปุณยนุช ยินดี</td></tr><tr><td style='padding:3px 6px; font-weight:bold; background-color:#f2f2f2;'>ประเภทอ้อย</td><td style='padding:3px 6px;'>ตอ2</td></tr><tr><td style='padding:3px 6px; font-weight:bold; background-color:#f2f2f2;'>พื้นที่</td><td style='padding:3px 6px;'>10.01</td></tr><tr><td style='padding:3px 6px; font-weight:bold; background-color:#f2f2f2;'>ตันรวม</td><td style='padding:3px 6px;'>80.08</td></tr><tr><td style='padding:3px 6px; font-weight:bold; background-color:#f2f2f2;'>รหัสแปลง</td><td style='padding:3px 6px;'>320407041547</td></tr><tr><td style='padding:3px 6px; font-weight:bold; background-color:#f2f2f2;'>กลุ่ม</td><td style='padding:3px 6px;'>กลุ่ม_83</td></tr></table></div>]]></description>
      <styleUrl>#plotStyle</styleUrl>
      <MultiGeometry><Polygon><outerBoundaryIs><LinearRing><coordinates>103.6069567,15.1618444,0 103.6069732,15.1644301,0 103.6069760,15.1644278,0 103.6069772,15.1644334,0 103.6070034,15.1644305,0 103.6070163,15.1644286,0 103.6070235,15.1644213,0 103.6070240,15.1644236,0 103.6071174,15.1644127,0 103.6072000,15.1643975,0 103.6073262,15.1643634,0 103.6073620,15.1643539,0 103.6075297,15.1643446,0 103.6074453,15.1638991,0 103.6074206,15.1637276,0 103.6074051,15.1635286,0 103.6074286,15.1631844,0 103.6074621,15.1629666,0 103.6076008,15.1617692,0 103.6069567,15.1618444,0</coordinates></LinearRing></outerBoundaryIs></Polygon></MultiGeometry>
    </Placemark>
    <Placemark>
      <name>320401080015</name>
      <description><![CDATA[<div style='font-family:Tahoma,sans-serif; font-size:13px;'><h3 style='color:#1565C0; margin:4px 0;'>รหัสแปลง: 320401080015</h3><p style='margin:2px 0;'><b>กลุ่มคิว:</b> 83_001</p><table border='1' style='border-collapse:collapse; border-color:#ccc; width:100%;'><tr><td style='padding:3px 6px; font-weight:bold; background-color:#f2f2f2;'>รหัสกลุ่มคิว</td><td style='padding:3px 6px;'>83/001</td></tr><tr><td style='padding:3px 6px; font-weight:bold; background-color:#f2f2f2;'>รหัสรับเหมา</td><td style='padding:3px 6px;'>738889</td></tr><tr><td style='padding:3px 6px; font-weight:bold; background-color:#f2f2f2;'>ชื่อ-สกุล รับเหมา</td><td style='padding:3px 6px;'>รถตัดโรงงานเบอร์ 35</td></tr><tr><td style='padding:3px 6px; font-weight:bold; background-color:#f2f2f2;'>นักเกษตร</td><td style='padding:3px 6px;'>8301</td></tr><tr><td style='padding:3px 6px; font-weight:bold; background-color:#f2f2f2;'>ศูนย์</td><td style='padding:3px 6px;'>K2-83</td></tr><tr><td style='padding:3px 6px; font-weight:bold; background-color:#f2f2f2;'>โควตา</td><td style='padding:3px 6px;'>788046</td></tr><tr><td style='padding:3px 6px; font-weight:bold; background-color:#f2f2f2;'>ชาวไร่</td><td style='padding:3px 6px;'>นางสาว กันนิดา เพชรงาม</td></tr><tr><td style='padding:3px 6px; font-weight:bold; background-color:#f2f2f2;'>ประเภทอ้อย</td><td style='padding:3px 6px;'>ตอ1</td></tr><tr><td style='padding:3px 6px; font-weight:bold; background-color:#f2f2f2;'>พื้นที่</td><td style='padding:3px 6px;'>11.48</td></tr><tr><td style='padding:3px 6px; font-weight:bold; background-color:#f2f2f2;'>ตันรวม</td><td style='padding:3px 6px;'>103.32</td></tr><tr><td style='padding:3px 6px; font-weight:bold; background-color:#f2f2f2;'>รหัสแปลง</td><td style='padding:3px 6px;'>320401080015</td></tr><tr><td style='padding:3px 6px; font-weight:bold; background-color:#f2f2f2;'>กลุ่ม</td><td style='padding:3px 6px;'>กลุ่ม_83</td></tr></table></div>]]></description>
      <styleUrl>#plotStyle</styleUrl>
      <MultiGeometry><Polygon><outerBoundaryIs><LinearRing><coordinates>103.5847741,15.1299675,0 103.5844115,15.1300385,0 103.5851849,15.1339380,0 103.5854106,15.1340249,0 103.5855840,15.1339621,0 103.5847741,15.1299675,0</coordinates></LinearRing></outerBoundaryIs></Polygon></MultiGeometry>
    </Placemark>
    <Placemark>
      <name>320905090001</name>
      <description><![CDATA[<div style='font-family:Tahoma,sans-serif; font-size:13px;'><h3 style='color:#1565C0; margin:4px 0;'>รหัสแปลง: 320905090001</h3><p style='margin:2px 0;'><b>กลุ่มคิว:</b> 83_001</p><table border='1' style='border-collapse:collapse; border-color:#ccc; width:100%;'><tr><td style='padding:3px 6px; font-weight:bold; background-color:#f2f2f2;'>รหัสกลุ่มคิว</td><td style='padding:3px 6px;'>83/001</td></tr><tr><td style='padding:3px 6px; font-weight:bold; background-color:#f2f2f2;'>รหัสรับเหมา</td><td style='padding:3px 6px;'>738889</td></tr><tr><td style='padding:3px 6px; font-weight:bold; background-color:#f2f2f2;'>ชื่อ-สกุล รับเหมา</td><td style='padding:3px 6px;'>รถตัดโรงงานเบอร์ 35</td></tr><tr><td style='padding:3px 6px; font-weight:bold; background-color:#f2f2f2;'>นักเกษตร</td><td style='padding:3px 6px;'>8301</td></tr><tr><td style='padding:3px 6px; font-weight:bold; background-color:#f2f2f2;'>ศูนย์</td><td style='padding:3px 6px;'>K2-83</td></tr><tr><td style='padding:3px 6px; font-weight:bold; background-color:#f2f2f2;'>โควตา</td><td style='padding:3px 6px;'>783460</td></tr><tr><td style='padding:3px 6px; font-weight:bold; background-color:#f2f2f2;'>ชาวไร่</td><td style='padding:3px 6px;'>นาย อภิชาติ บุญมี</td></tr><tr><td style='padding:3px 6px; font-weight:bold; background-color:#f2f2f2;'>ประเภทอ้อย</td><td style='padding:3px 6px;'>ตอ2</td></tr><tr><td style='padding:3px 6px; font-weight:bold; background-color:#f2f2f2;'>พื้นที่</td><td style='padding:3px 6px;'>22.2</td></tr><tr><td style='padding:3px 6px; font-weight:bold; background-color:#f2f2f2;'>ตันรวม</td><td style='padding:3px 6px;'>177.6</td></tr><tr><td style='padding:3px 6px; font-weight:bold; background-color:#f2f2f2;'>รหัสแปลง</td><td style='padding:3px 6px;'>320905090001</td></tr><tr><td style='padding:3px 6px; font-weight:bold; background-color:#f2f2f2;'>กลุ่ม</td><td style='padding:3px 6px;'>กลุ่ม_83</td></tr></table></div>]]></description>
      <styleUrl>#plotStyle</styleUrl>
      <MultiGeometry><Polygon><outerBoundaryIs><LinearRing><coordinates>103.7292667,14.9741033,0 103.7295617,14.9748417,0 103.7294050,14.9749033,0 103.7294683,14.9750283,0 103.7296167,14.9749950,0 103.7297600,14.9755717,0 103.7287933,14.9756300,0 103.7292000,14.9767700,0 103.7299967,14.9766383,0 103.7299550,14.9764250,0 103.7306750,14.9763167,0 103.7297567,14.9738600,0 103.7292667,14.9741033,0</coordinates></LinearRing></outerBoundaryIs></Polygon></MultiGeometry>
    </Placemark>
    <Placemark>
      <name>320407010018</name>
      <description><![CDATA[<div style='font-family:Tahoma,sans-serif; font-size:13px;'><h3 style='color:#1565C0; margin:4px 0;'>รหัสแปลง: 320407010018</h3><p style='margin:2px 0;'><b>กลุ่มคิว:</b> 83_001</p><table border='1' style='border-collapse:collapse; border-color:#ccc; width:100%;'><tr><td style='padding:3px 6px; font-weight:bold; background-color:#f2f2f2;'>รหัสกลุ่มคิว</td><td style='padding:3px 6px;'>83/001</td></tr><tr><td style='padding:3px 6px; font-weight:bold; background-color:#f2f2f2;'>รหัสรับเหมา</td><td style='padding:3px 6px;'>738889</td></tr><tr><td style='padding:3px 6px; font-weight:bold; background-color:#f2f2f2;'>ชื่อ-สกุล รับเหมา</td><td style='padding:3px 6px;'>รถตัดโรงงานเบอร์ 35</td></tr><tr><td style='padding:3px 6px; font-weight:bold; background-color:#f2f2f2;'>นักเกษตร</td><td style='padding:3px 6px;'>8301</td></tr><tr><td style='padding:3px 6px; font-weight:bold; background-color:#f2f2f2;'>ศูนย์</td><td style='padding:3px 6px;'>K2-83</td></tr><tr><td style='padding:3px 6px; font-weight:bold; background-color:#f2f2f2;'>โควตา</td><td style='padding:3px 6px;'>787074</td></tr><tr><td style='padding:3px 6px; font-weight:bold; background-color:#f2f2f2;'>ชาวไร่</td><td style='padding:3px 6px;'>นางสาว พัศนีย์ พุฒหล้า</td></tr><tr><td style='padding:3px 6px; font-weight:bold; background-color:#f2f2f2;'>ประเภทอ้อย</td><td style='padding:3px 6px;'>ตอ2</td></tr><tr><td style='padding:3px 6px; font-weight:bold; background-color:#f2f2f2;'>พื้นที่</td><td style='padding:3px 6px;'>13.26</td></tr><tr><td style='padding:3px 6px; font-weight:bold; background-color:#f2f2f2;'>ตันรวม</td><td style='padding:3px 6px;'>106.08</td></tr><tr><td style='padding:3px 6px; font-weight:bold; background-color:#f2f2f2;'>รหัสแปลง</td><td style='padding:3px 6px;'>320407010018</td></tr><tr><td style='padding:3px 6px; font-weight:bold; background-color:#f2f2f2;'>กลุ่ม</td><td style='padding:3px 6px;'>กลุ่ม_83</td></tr></table></div>]]></description>
      <styleUrl>#plotStyle</styleUrl>
      <MultiGeometry><Polygon><outerBoundaryIs><LinearRing><coordinates>103.6072232,15.1730323,0 103.6083068,15.1730084,0 103.6082231,15.1718026,0 103.6073035,15.1718060,0 103.6072156,15.1718027,0 103.6071318,15.1717824,0 103.6067681,15.1717588,0 103.6067113,15.1717665,0 103.6066889,15.1717731,0 103.6066577,15.1718030,0 103.6066516,15.1718159,0 103.6065980,15.1721361,0 103.6065889,15.1723287,0 103.6065874,15.1725810,0 103.6071783,15.1725816,0 103.6072232,15.1730323,0</coordinates></LinearRing></outerBoundaryIs></Polygon></MultiGeometry>
    </Placemark>
    <Placemark>
      <name>320401071516</name>
      <description><![CDATA[<div style='font-family:Tahoma,sans-serif; font-size:13px;'><h3 style='color:#1565C0; margin:4px 0;'>รหัสแปลง: 320401071516</h3><p style='margin:2px 0;'><b>กลุ่มคิว:</b> 83_001</p><table border='1' style='border-collapse:collapse; border-color:#ccc; width:100%;'><tr><td style='padding:3px 6px; font-weight:bold; background-color:#f2f2f2;'>รหัสกลุ่มคิว</td><td style='padding:3px 6px;'>83/001</td></tr><tr><td style='padding:3px 6px; font-weight:bold; background-color:#f2f2f2;'>รหัสรับเหมา</td><td style='padding:3px 6px;'>738889</td></tr><tr><td style='padding:3px 6px; font-weight:bold; background-color:#f2f2f2;'>ชื่อ-สกุล รับเหมา</td><td style='padding:3px 6px;'>รถตัดโรงงานเบอร์ 35</td></tr><tr><td style='padding:3px 6px; font-weight:bold; background-color:#f2f2f2;'>นักเกษตร</td><td style='padding:3px 6px;'>8301</td></tr><tr><td style='padding:3px 6px; font-weight:bold; background-color:#f2f2f2;'>ศูนย์</td><td style='padding:3px 6px;'>K2-83</td></tr><tr><td style='padding:3px 6px; font-weight:bold; background-color:#f2f2f2;'>โควตา</td><td style='padding:3px 6px;'>787028</td></tr><tr><td style='padding:3px 6px; font-weight:bold; background-color:#f2f2f2;'>ชาวไร่</td><td style='padding:3px 6px;'>นาง เง็ก ธนาศุภวัฒน์</td></tr><tr><td style='padding:3px 6px; font-weight:bold; background-color:#f2f2f2;'>ประเภทอ้อย</td><td style='padding:3px 6px;'>ตอ2</td></tr><tr><td style='padding:3px 6px; font-weight:bold; background-color:#f2f2f2;'>พื้นที่</td><td style='padding:3px 6px;'>34.76</td></tr><tr><td style='padding:3px 6px; font-weight:bold; background-color:#f2f2f2;'>ตันรวม</td><td style='padding:3px 6px;'>278.08</td></tr><tr><td style='padding:3px 6px; font-weight:bold; background-color:#f2f2f2;'>รหัสแปลง</td><td style='padding:3px 6px;'>320401071516</td></tr><tr><td style='padding:3px 6px; font-weight:bold; background-color:#f2f2f2;'>กลุ่ม</td><td style='padding:3px 6px;'>กลุ่ม_83</td></tr></table></div>]]></description>
      <styleUrl>#plotStyle</styleUrl>
      <MultiGeometry><Polygon><outerBoundaryIs><LinearRing><coordinates>103.6106748,15.1278916,0 103.6102655,15.1261827,0 103.6101567,15.1261527,0 103.6080017,15.1268860,0 103.6078816,15.1268577,0 103.6078088,15.1267300,0 103.6076888,15.1264643,0 103.6074517,15.1259116,0 103.6071976,15.1260715,0 103.6081754,15.1281605,0 103.6084847,15.1280373,0 103.6086588,15.1284339,0 103.6106748,15.1278916,0</coordinates></LinearRing></outerBoundaryIs></Polygon></MultiGeometry>
    </Placemark>
    <Placemark>
      <name>320409010005</name>
      <description><![CDATA[<div style='font-family:Tahoma,sans-serif; font-size:13px;'><h3 style='color:#1565C0; margin:4px 0;'>รหัสแปลง: 320409010005</h3><p style='margin:2px 0;'><b>กลุ่มคิว:</b> 83_001</p><table border='1' style='border-collapse:collapse; border-color:#ccc; width:100%;'><tr><td style='padding:3px 6px; font-weight:bold; background-color:#f2f2f2;'>รหัสกลุ่มคิว</td><td style='padding:3px 6px;'>83/001</td></tr><tr><td style='padding:3px 6px; font-weight:bold; background-color:#f2f2f2;'>รหัสรับเหมา</td><td style='padding:3px 6px;'>738889</td></tr><tr><td style='padding:3px 6px; font-weight:bold; background-color:#f2f2f2;'>ชื่อ-สกุล รับเหมา</td><td style='padding:3px 6px;'>รถตัดโรงงานเบอร์ 35</td></tr><tr><td style='padding:3px 6px; font-weight:bold; background-color:#f2f2f2;'>นักเกษตร</td><td style='padding:3px 6px;'>8301</td></tr><tr><td style='padding:3px 6px; font-weight:bold; background-color:#f2f2f2;'>ศูนย์</td><td style='padding:3px 6px;'>K2-83</td></tr><tr><td style='padding:3px 6px; font-weight:bold; background-color:#f2f2f2;'>โควตา</td><td style='padding:3px 6px;'>787076</td></tr><tr><td style='padding:3px 6px; font-weight:bold; background-color:#f2f2f2;'>ชาวไร่</td><td style='padding:3px 6px;'>นาย ชาติชาย สว่างภพ</td></tr><tr><td style='padding:3px 6px; font-weight:bold; background-color:#f2f2f2;'>ประเภทอ้อย</td><td style='padding:3px 6px;'>ตอ2</td></tr><tr><td style='padding:3px 6px; font-weight:bold; background-color:#f2f2f2;'>พื้นที่</td><td style='padding:3px 6px;'>6.01</td></tr><tr><td style='padding:3px 6px; font-weight:bold; background-color:#f2f2f2;'>ตันรวม</td><td style='padding:3px 6px;'>48.08</td></tr><tr><td style='padding:3px 6px; font-weight:bold; background-color:#f2f2f2;'>รหัสแปลง</td><td style='padding:3px 6px;'>320409010005</td></tr><tr><td style='padding:3px 6px; font-weight:bold; background-color:#f2f2f2;'>กลุ่ม</td><td style='padding:3px 6px;'>กลุ่ม_83</td></tr></table></div>]]></description>
      <styleUrl>#plotStyle</styleUrl>
      <MultiGeometry><Polygon><outerBoundaryIs><LinearRing><coordinates>103.5649946,15.1080663,0 103.5649841,15.1080635,0 103.5644291,15.1080946,0 103.5637988,15.1081431,0 103.5631112,15.1082615,0 103.5628583,15.1083129,0 103.5627746,15.1083285,0 103.5626325,15.1083506,0 103.5621119,15.1084460,0 103.5617646,15.1084901,0 103.5612613,15.1085820,0 103.5612077,15.1086348,0 103.5612475,15.1088048,0 103.5629915,15.1084680,0 103.5634423,15.1084027,0 103.5636819,15.1083699,0 103.5637572,15.1083651,0 103.5640289,15.1083474,0 103.5643827,15.1083427,0 103.5650125,15.1083346,0 103.5649946,15.1080663,0</coordinates></LinearRing></outerBoundaryIs></Polygon></MultiGeometry>
    </Placemark>
    <Placemark>
      <name>320409010006</name>
      <description><![CDATA[<div style='font-family:Tahoma,sans-serif; font-size:13px;'><h3 style='color:#1565C0; margin:4px 0;'>รหัสแปลง: 320409010006</h3><p style='margin:2px 0;'><b>กลุ่มคิว:</b> 83_001</p><table border='1' style='border-collapse:collapse; border-color:#ccc; width:100%;'><tr><td style='padding:3px 6px; font-weight:bold; background-color:#f2f2f2;'>รหัสกลุ่มคิว</td><td style='padding:3px 6px;'>83/001</td></tr><tr><td style='padding:3px 6px; font-weight:bold; background-color:#f2f2f2;'>รหัสรับเหมา</td><td style='padding:3px 6px;'>738889</td></tr><tr><td style='padding:3px 6px; font-weight:bold; background-color:#f2f2f2;'>ชื่อ-สกุล รับเหมา</td><td style='padding:3px 6px;'>รถตัดโรงงานเบอร์ 35</td></tr><tr><td style='padding:3px 6px; font-weight:bold; background-color:#f2f2f2;'>นักเกษตร</td><td style='padding:3px 6px;'>8301</td></tr><tr><td style='padding:3px 6px; font-weight:bold; background-color:#f2f2f2;'>ศูนย์</td><td style='padding:3px 6px;'>K2-83</td></tr><tr><td style='padding:3px 6px; font-weight:bold; background-color:#f2f2f2;'>โควตา</td><td style='padding:3px 6px;'>782403</td></tr><tr><td style='padding:3px 6px; font-weight:bold; background-color:#f2f2f2;'>ชาวไร่</td><td style='padding:3px 6px;'>นาย พิทักษ์ แสนกล้า</td></tr><tr><td style='padding:3px 6px; font-weight:bold; background-color:#f2f2f2;'>ประเภทอ้อย</td><td style='padding:3px 6px;'>ตอ2</td></tr><tr><td style='padding:3px 6px; font-weight:bold; background-color:#f2f2f2;'>พื้นที่</td><td style='padding:3px 6px;'>4.3</td></tr><tr><td style='padding:3px 6px; font-weight:bold; background-color:#f2f2f2;'>ตันรวม</td><td style='padding:3px 6px;'>34.4</td></tr><tr><td style='padding:3px 6px; font-weight:bold; background-color:#f2f2f2;'>รหัสแปลง</td><td style='padding:3px 6px;'>320409010006</td></tr><tr><td style='padding:3px 6px; font-weight:bold; background-color:#f2f2f2;'>กลุ่ม</td><td style='padding:3px 6px;'>กลุ่ม_83</td></tr></table></div>]]></description>
      <styleUrl>#plotStyle</styleUrl>
      <MultiGeometry><Polygon><outerBoundaryIs><LinearRing><coordinates>103.5731610,15.1169001,0 103.5737447,15.1167425,0 103.5735132,15.1160991,0 103.5734657,15.1161039,0 103.5724672,15.1163203,0 103.5725039,15.1164265,0 103.5729716,15.1162961,0 103.5730223,15.1165221,0 103.5727283,15.1165722,0 103.5727443,15.1166449,0 103.5726838,15.1166824,0 103.5727527,15.1168729,0 103.5728943,15.1168266,0 103.5729343,15.1168680,0 103.5731011,15.1168036,0 103.5731610,15.1169001,0</coordinates></LinearRing></outerBoundaryIs></Polygon></MultiGeometry>
    </Placemark>
    <Placemark>
      <name>320409010007</name>
      <description><![CDATA[<div style='font-family:Tahoma,sans-serif; font-size:13px;'><h3 style='color:#1565C0; margin:4px 0;'>รหัสแปลง: 320409010007</h3><p style='margin:2px 0;'><b>กลุ่มคิว:</b> 83_001</p><table border='1' style='border-collapse:collapse; border-color:#ccc; width:100%;'><tr><td style='padding:3px 6px; font-weight:bold; background-color:#f2f2f2;'>รหัสกลุ่มคิว</td><td style='padding:3px 6px;'>83/001</td></tr><tr><td style='padding:3px 6px; font-weight:bold; background-color:#f2f2f2;'>รหัสรับเหมา</td><td style='padding:3px 6px;'>738889</td></tr><tr><td style='padding:3px 6px; font-weight:bold; background-color:#f2f2f2;'>ชื่อ-สกุล รับเหมา</td><td style='padding:3px 6px;'>รถตัดโรงงานเบอร์ 35</td></tr><tr><td style='padding:3px 6px; font-weight:bold; background-color:#f2f2f2;'>นักเกษตร</td><td style='padding:3px 6px;'>8301</td></tr><tr><td style='padding:3px 6px; font-weight:bold; background-color:#f2f2f2;'>ศูนย์</td><td style='padding:3px 6px;'>K2-83</td></tr><tr><td style='padding:3px 6px; font-weight:bold; background-color:#f2f2f2;'>โควตา</td><td style='padding:3px 6px;'>782403</td></tr><tr><td style='padding:3px 6px; font-weight:bold; background-color:#f2f2f2;'>ชาวไร่</td><td style='padding:3px 6px;'>นาย พิทักษ์ แสนกล้า</td></tr><tr><td style='padding:3px 6px; font-weight:bold; background-color:#f2f2f2;'>ประเภทอ้อย</td><td style='padding:3px 6px;'>ตอ2</td></tr><tr><td style='padding:3px 6px; font-weight:bold; background-color:#f2f2f2;'>พื้นที่</td><td style='padding:3px 6px;'>5.92</td></tr><tr><td style='padding:3px 6px; font-weight:bold; background-color:#f2f2f2;'>ตันรวม</td><td style='padding:3px 6px;'>47.36</td></tr><tr><td style='padding:3px 6px; font-weight:bold; background-color:#f2f2f2;'>รหัสแปลง</td><td style='padding:3px 6px;'>320409010007</td></tr><tr><td style='padding:3px 6px; font-weight:bold; background-color:#f2f2f2;'>กลุ่ม</td><td style='padding:3px 6px;'>กลุ่ม_83</td></tr></table></div>]]></description>
      <styleUrl>#plotStyle</styleUrl>
      <MultiGeometry><Polygon><outerBoundaryIs><LinearRing><coordinates>103.5736783,15.1174491,0 103.5749087,15.1166034,0 103.5747801,15.1164382,0 103.5732562,15.1168823,0 103.5734509,15.1172934,0 103.5732485,15.1174142,0 103.5733218,15.1176488,0 103.5736783,15.1174491,0</coordinates></LinearRing></outerBoundaryIs></Polygon></MultiGeometry>
    </Placemark>
    <Placemark>
      <name>320409100062</name>
      <description><![CDATA[<div style='font-family:Tahoma,sans-serif; font-size:13px;'><h3 style='color:#1565C0; margin:4px 0;'>รหัสแปลง: 320409100062</h3><p style='margin:2px 0;'><b>กลุ่มคิว:</b> 83_001</p><table border='1' style='border-collapse:collapse; border-color:#ccc; width:100%;'><tr><td style='padding:3px 6px; font-weight:bold; background-color:#f2f2f2;'>รหัสกลุ่มคิว</td><td style='padding:3px 6px;'>83/001</td></tr><tr><td style='padding:3px 6px; font-weight:bold; background-color:#f2f2f2;'>รหัสรับเหมา</td><td style='padding:3px 6px;'>738889</td></tr><tr><td style='padding:3px 6px; font-weight:bold; background-color:#f2f2f2;'>ชื่อ-สกุล รับเหมา</td><td style='padding:3px 6px;'>รถตัดโรงงานเบอร์ 35</td></tr><tr><td style='padding:3px 6px; font-weight:bold; background-color:#f2f2f2;'>นักเกษตร</td><td style='padding:3px 6px;'>8301</td></tr><tr><td style='padding:3px 6px; font-weight:bold; background-color:#f2f2f2;'>ศูนย์</td><td style='padding:3px 6px;'>K2-83</td></tr><tr><td style='padding:3px 6px; font-weight:bold; background-color:#f2f2f2;'>โควตา</td><td style='padding:3px 6px;'>788003</td></tr><tr><td style='padding:3px 6px; font-weight:bold; background-color:#f2f2f2;'>ชาวไร่</td><td style='padding:3px 6px;'>นาง อนงค์ กระแสเทพ</td></tr><tr><td style='padding:3px 6px; font-weight:bold; background-color:#f2f2f2;'>ประเภทอ้อย</td><td style='padding:3px 6px;'>ตอ2</td></tr><tr><td style='padding:3px 6px; font-weight:bold; background-color:#f2f2f2;'>พื้นที่</td><td style='padding:3px 6px;'>2.71</td></tr><tr><td style='padding:3px 6px; font-weight:bold; background-color:#f2f2f2;'>ตันรวม</td><td style='padding:3px 6px;'>21.68</td></tr><tr><td style='padding:3px 6px; font-weight:bold; background-color:#f2f2f2;'>รหัสแปลง</td><td style='padding:3px 6px;'>320409100062</td></tr><tr><td style='padding:3px 6px; font-weight:bold; background-color:#f2f2f2;'>กลุ่ม</td><td style='padding:3px 6px;'>กลุ่ม_83</td></tr></table></div>]]></description>
      <styleUrl>#plotStyle</styleUrl>
      <MultiGeometry><Polygon><outerBoundaryIs><LinearRing><coordinates>103.5893293,15.1718920,0 103.5906852,15.1718938,0 103.5906748,15.1716197,0 103.5892966,15.1716364,0 103.5893293,15.1718920,0</coordinates></LinearRing></outerBoundaryIs></Polygon></MultiGeometry>
    </Placemark>
    <Placemark>
      <name>320407010023</name>
      <description><![CDATA[<div style='font-family:Tahoma,sans-serif; font-size:13px;'><h3 style='color:#1565C0; margin:4px 0;'>รหัสแปลง: 320407010023</h3><p style='margin:2px 0;'><b>กลุ่มคิว:</b> 83_001</p><table border='1' style='border-collapse:collapse; border-color:#ccc; width:100%;'><tr><td style='padding:3px 6px; font-weight:bold; background-color:#f2f2f2;'>รหัสกลุ่มคิว</td><td style='padding:3px 6px;'>83/001</td></tr><tr><td style='padding:3px 6px; font-weight:bold; background-color:#f2f2f2;'>รหัสรับเหมา</td><td style='padding:3px 6px;'>738889</td></tr><tr><td style='padding:3px 6px; font-weight:bold; background-color:#f2f2f2;'>ชื่อ-สกุล รับเหมา</td><td style='padding:3px 6px;'>รถตัดโรงงานเบอร์ 35</td></tr><tr><td style='padding:3px 6px; font-weight:bold; background-color:#f2f2f2;'>นักเกษตร</td><td style='padding:3px 6px;'>8301</td></tr><tr><td style='padding:3px 6px; font-weight:bold; background-color:#f2f2f2;'>ศูนย์</td><td style='padding:3px 6px;'>K2-83</td></tr><tr><td style='padding:3px 6px; font-weight:bold; background-color:#f2f2f2;'>โควตา</td><td style='padding:3px 6px;'>787085</td></tr><tr><td style='padding:3px 6px; font-weight:bold; background-color:#f2f2f2;'>ชาวไร่</td><td style='padding:3px 6px;'>นาย พงษ์พิชิต ตลับทอง</td></tr><tr><td style='padding:3px 6px; font-weight:bold; background-color:#f2f2f2;'>ประเภทอ้อย</td><td style='padding:3px 6px;'>ตอ1</td></tr><tr><td style='padding:3px 6px; font-weight:bold; background-color:#f2f2f2;'>พื้นที่</td><td style='padding:3px 6px;'>3.98</td></tr><tr><td style='padding:3px 6px; font-weight:bold; background-color:#f2f2f2;'>ตันรวม</td><td style='padding:3px 6px;'>35.82</td></tr><tr><td style='padding:3px 6px; font-weight:bold; background-color:#f2f2f2;'>รหัสแปลง</td><td style='padding:3px 6px;'>320407010023</td></tr><tr><td style='padding:3px 6px; font-weight:bold; background-color:#f2f2f2;'>กลุ่ม</td><td style='padding:3px 6px;'>กลุ่ม_83</td></tr></table></div>]]></description>
      <styleUrl>#plotStyle</styleUrl>
      <MultiGeometry><Polygon><outerBoundaryIs><LinearRing><coordinates>103.6004673,15.1721262,0 103.6005646,15.1739458,0 103.6008494,15.1739238,0 103.6007649,15.1721013,0 103.6004673,15.1721262,0</coordinates></LinearRing></outerBoundaryIs></Polygon></MultiGeometry>
    </Placemark>
    <Placemark>
      <name>320407010024</name>
      <description><![CDATA[<div style='font-family:Tahoma,sans-serif; font-size:13px;'><h3 style='color:#1565C0; margin:4px 0;'>รหัสแปลง: 320407010024</h3><p style='margin:2px 0;'><b>กลุ่มคิว:</b> 83_001</p><table border='1' style='border-collapse:collapse; border-color:#ccc; width:100%;'><tr><td style='padding:3px 6px; font-weight:bold; background-color:#f2f2f2;'>รหัสกลุ่มคิว</td><td style='padding:3px 6px;'>83/001</td></tr><tr><td style='padding:3px 6px; font-weight:bold; background-color:#f2f2f2;'>รหัสรับเหมา</td><td style='padding:3px 6px;'>738889</td></tr><tr><td style='padding:3px 6px; font-weight:bold; background-color:#f2f2f2;'>ชื่อ-สกุล รับเหมา</td><td style='padding:3px 6px;'>รถตัดโรงงานเบอร์ 35</td></tr><tr><td style='padding:3px 6px; font-weight:bold; background-color:#f2f2f2;'>นักเกษตร</td><td style='padding:3px 6px;'>8301</td></tr><tr><td style='padding:3px 6px; font-weight:bold; background-color:#f2f2f2;'>ศูนย์</td><td style='padding:3px 6px;'>K2-83</td></tr><tr><td style='padding:3px 6px; font-weight:bold; background-color:#f2f2f2;'>โควตา</td><td style='padding:3px 6px;'>787085</td></tr><tr><td style='padding:3px 6px; font-weight:bold; background-color:#f2f2f2;'>ชาวไร่</td><td style='padding:3px 6px;'>นาย พงษ์พิชิต ตลับทอง</td></tr><tr><td style='padding:3px 6px; font-weight:bold; background-color:#f2f2f2;'>ประเภทอ้อย</td><td style='padding:3px 6px;'>ตอ1</td></tr><tr><td style='padding:3px 6px; font-weight:bold; background-color:#f2f2f2;'>พื้นที่</td><td style='padding:3px 6px;'>6.17</td></tr><tr><td style='padding:3px 6px; font-weight:bold; background-color:#f2f2f2;'>ตันรวม</td><td style='padding:3px 6px;'>55.53</td></tr><tr><td style='padding:3px 6px; font-weight:bold; background-color:#f2f2f2;'>รหัสแปลง</td><td style='padding:3px 6px;'>320407010024</td></tr><tr><td style='padding:3px 6px; font-weight:bold; background-color:#f2f2f2;'>กลุ่ม</td><td style='padding:3px 6px;'>กลุ่ม_83</td></tr></table></div>]]></description>
      <styleUrl>#plotStyle</styleUrl>
      <MultiGeometry><Polygon><outerBoundaryIs><LinearRing><coordinates>103.6001744,15.1717304,0 103.5999051,15.1702523,0 103.5992556,15.1703619,0 103.5992143,15.1706544,0 103.5991850,15.1706944,0 103.5991922,15.1707992,0 103.5992776,15.1709833,0 103.5992957,15.1709823,0 103.5999225,15.1715551,0 103.5999652,15.1717858,0 103.6001744,15.1717304,0</coordinates></LinearRing></outerBoundaryIs></Polygon></MultiGeometry>
    </Placemark>
    <Placemark>
      <name>320407090004</name>
      <description><![CDATA[<div style='font-family:Tahoma,sans-serif; font-size:13px;'><h3 style='color:#1565C0; margin:4px 0;'>รหัสแปลง: 320407090004</h3><p style='margin:2px 0;'><b>กลุ่มคิว:</b> 83_001</p><table border='1' style='border-collapse:collapse; border-color:#ccc; width:100%;'><tr><td style='padding:3px 6px; font-weight:bold; background-color:#f2f2f2;'>รหัสกลุ่มคิว</td><td style='padding:3px 6px;'>83/001</td></tr><tr><td style='padding:3px 6px; font-weight:bold; background-color:#f2f2f2;'>รหัสรับเหมา</td><td style='padding:3px 6px;'>738889</td></tr><tr><td style='padding:3px 6px; font-weight:bold; background-color:#f2f2f2;'>ชื่อ-สกุล รับเหมา</td><td style='padding:3px 6px;'>รถตัดโรงงานเบอร์ 35</td></tr><tr><td style='padding:3px 6px; font-weight:bold; background-color:#f2f2f2;'>นักเกษตร</td><td style='padding:3px 6px;'>8301</td></tr><tr><td style='padding:3px 6px; font-weight:bold; background-color:#f2f2f2;'>ศูนย์</td><td style='padding:3px 6px;'>K2-83</td></tr><tr><td style='padding:3px 6px; font-weight:bold; background-color:#f2f2f2;'>โควตา</td><td style='padding:3px 6px;'>787085</td></tr><tr><td style='padding:3px 6px; font-weight:bold; background-color:#f2f2f2;'>ชาวไร่</td><td style='padding:3px 6px;'>นาย พงษ์พิชิต ตลับทอง</td></tr><tr><td style='padding:3px 6px; font-weight:bold; background-color:#f2f2f2;'>ประเภทอ้อย</td><td style='padding:3px 6px;'>ตอ1</td></tr><tr><td style='padding:3px 6px; font-weight:bold; background-color:#f2f2f2;'>พื้นที่</td><td style='padding:3px 6px;'>4.73</td></tr><tr><td style='padding:3px 6px; font-weight:bold; background-color:#f2f2f2;'>ตันรวม</td><td style='padding:3px 6px;'>42.57</td></tr><tr><td style='padding:3px 6px; font-weight:bold; background-color:#f2f2f2;'>รหัสแปลง</td><td style='padding:3px 6px;'>320407090004</td></tr><tr><td style='padding:3px 6px; font-weight:bold; background-color:#f2f2f2;'>กลุ่ม</td><td style='padding:3px 6px;'>กลุ่ม_83</td></tr></table></div>]]></description>
      <styleUrl>#plotStyle</styleUrl>
      <MultiGeometry><Polygon><outerBoundaryIs><LinearRing><coordinates>103.6068532,15.1649684,0 103.6058868,15.1650049,0 103.6058651,15.1650268,0 103.6058685,15.1653420,0 103.6074734,15.1653827,0 103.6075488,15.1649575,0 103.6068532,15.1649684,0</coordinates></LinearRing></outerBoundaryIs></Polygon></MultiGeometry>
    </Placemark>
    <Placemark>
      <name>320407090005</name>
      <description><![CDATA[<div style='font-family:Tahoma,sans-serif; font-size:13px;'><h3 style='color:#1565C0; margin:4px 0;'>รหัสแปลง: 320407090005</h3><p style='margin:2px 0;'><b>กลุ่มคิว:</b> 83_001</p><table border='1' style='border-collapse:collapse; border-color:#ccc; width:100%;'><tr><td style='padding:3px 6px; font-weight:bold; background-color:#f2f2f2;'>รหัสกลุ่มคิว</td><td style='padding:3px 6px;'>83/001</td></tr><tr><td style='padding:3px 6px; font-weight:bold; background-color:#f2f2f2;'>รหัสรับเหมา</td><td style='padding:3px 6px;'>738889</td></tr><tr><td style='padding:3px 6px; font-weight:bold; background-color:#f2f2f2;'>ชื่อ-สกุล รับเหมา</td><td style='padding:3px 6px;'>รถตัดโรงงานเบอร์ 35</td></tr><tr><td style='padding:3px 6px; font-weight:bold; background-color:#f2f2f2;'>นักเกษตร</td><td style='padding:3px 6px;'>8301</td></tr><tr><td style='padding:3px 6px; font-weight:bold; background-color:#f2f2f2;'>ศูนย์</td><td style='padding:3px 6px;'>K2-83</td></tr><tr><td style='padding:3px 6px; font-weight:bold; background-color:#f2f2f2;'>โควตา</td><td style='padding:3px 6px;'>787085</td></tr><tr><td style='padding:3px 6px; font-weight:bold; background-color:#f2f2f2;'>ชาวไร่</td><td style='padding:3px 6px;'>นาย พงษ์พิชิต ตลับทอง</td></tr><tr><td style='padding:3px 6px; font-weight:bold; background-color:#f2f2f2;'>ประเภทอ้อย</td><td style='padding:3px 6px;'>ตอ1</td></tr><tr><td style='padding:3px 6px; font-weight:bold; background-color:#f2f2f2;'>พื้นที่</td><td style='padding:3px 6px;'>4.78</td></tr><tr><td style='padding:3px 6px; font-weight:bold; background-color:#f2f2f2;'>ตันรวม</td><td style='padding:3px 6px;'>43.02</td></tr><tr><td style='padding:3px 6px; font-weight:bold; background-color:#f2f2f2;'>รหัสแปลง</td><td style='padding:3px 6px;'>320407090005</td></tr><tr><td style='padding:3px 6px; font-weight:bold; background-color:#f2f2f2;'>กลุ่ม</td><td style='padding:3px 6px;'>กลุ่ม_83</td></tr></table></div>]]></description>
      <styleUrl>#plotStyle</styleUrl>
      <MultiGeometry><Polygon><outerBoundaryIs><LinearRing><coordinates>103.6059402,15.1657572,0 103.6058976,15.1660694,0 103.6075456,15.1663124,0 103.6076609,15.1658817,0 103.6059402,15.1657572,0</coordinates></LinearRing></outerBoundaryIs></Polygon></MultiGeometry>
    </Placemark>
    <Placemark>
      <name>320409100064</name>
      <description><![CDATA[<div style='font-family:Tahoma,sans-serif; font-size:13px;'><h3 style='color:#1565C0; margin:4px 0;'>รหัสแปลง: 320409100064</h3><p style='margin:2px 0;'><b>กลุ่มคิว:</b> 83_001</p><table border='1' style='border-collapse:collapse; border-color:#ccc; width:100%;'><tr><td style='padding:3px 6px; font-weight:bold; background-color:#f2f2f2;'>รหัสกลุ่มคิว</td><td style='padding:3px 6px;'>83/001</td></tr><tr><td style='padding:3px 6px; font-weight:bold; background-color:#f2f2f2;'>รหัสรับเหมา</td><td style='padding:3px 6px;'>738889</td></tr><tr><td style='padding:3px 6px; font-weight:bold; background-color:#f2f2f2;'>ชื่อ-สกุล รับเหมา</td><td style='padding:3px 6px;'>รถตัดโรงงานเบอร์ 35</td></tr><tr><td style='padding:3px 6px; font-weight:bold; background-color:#f2f2f2;'>นักเกษตร</td><td style='padding:3px 6px;'>8301</td></tr><tr><td style='padding:3px 6px; font-weight:bold; background-color:#f2f2f2;'>ศูนย์</td><td style='padding:3px 6px;'>K2-83</td></tr><tr><td style='padding:3px 6px; font-weight:bold; background-color:#f2f2f2;'>โควตา</td><td style='padding:3px 6px;'>788003</td></tr><tr><td style='padding:3px 6px; font-weight:bold; background-color:#f2f2f2;'>ชาวไร่</td><td style='padding:3px 6px;'>นาง อนงค์ กระแสเทพ</td></tr><tr><td style='padding:3px 6px; font-weight:bold; background-color:#f2f2f2;'>ประเภทอ้อย</td><td style='padding:3px 6px;'>ตอ1</td></tr><tr><td style='padding:3px 6px; font-weight:bold; background-color:#f2f2f2;'>พื้นที่</td><td style='padding:3px 6px;'>5.68</td></tr><tr><td style='padding:3px 6px; font-weight:bold; background-color:#f2f2f2;'>ตันรวม</td><td style='padding:3px 6px;'>51.12</td></tr><tr><td style='padding:3px 6px; font-weight:bold; background-color:#f2f2f2;'>รหัสแปลง</td><td style='padding:3px 6px;'>320409100064</td></tr><tr><td style='padding:3px 6px; font-weight:bold; background-color:#f2f2f2;'>กลุ่ม</td><td style='padding:3px 6px;'>กลุ่ม_83</td></tr></table></div>]]></description>
      <styleUrl>#plotStyle</styleUrl>
      <MultiGeometry><Polygon><outerBoundaryIs><LinearRing><coordinates>103.5907016,15.1719588,0 103.5934185,15.1719459,0 103.5934340,15.1716349,0 103.5907113,15.1717101,0 103.5907016,15.1719588,0</coordinates></LinearRing></outerBoundaryIs></Polygon></MultiGeometry>
    </Placemark>
    <Placemark>
      <name>320306140001</name>
      <description><![CDATA[<div style='font-family:Tahoma,sans-serif; font-size:13px;'><h3 style='color:#1565C0; margin:4px 0;'>รหัสแปลง: 320306140001</h3><p style='margin:2px 0;'><b>กลุ่มคิว:</b> 83_001</p><table border='1' style='border-collapse:collapse; border-color:#ccc; width:100%;'><tr><td style='padding:3px 6px; font-weight:bold; background-color:#f2f2f2;'>รหัสกลุ่มคิว</td><td style='padding:3px 6px;'>83/001</td></tr><tr><td style='padding:3px 6px; font-weight:bold; background-color:#f2f2f2;'>รหัสรับเหมา</td><td style='padding:3px 6px;'>738889</td></tr><tr><td style='padding:3px 6px; font-weight:bold; background-color:#f2f2f2;'>ชื่อ-สกุล รับเหมา</td><td style='padding:3px 6px;'>รถตัดโรงงานเบอร์ 35</td></tr><tr><td style='padding:3px 6px; font-weight:bold; background-color:#f2f2f2;'>นักเกษตร</td><td style='padding:3px 6px;'>8301</td></tr><tr><td style='padding:3px 6px; font-weight:bold; background-color:#f2f2f2;'>ศูนย์</td><td style='padding:3px 6px;'>K2-83</td></tr><tr><td style='padding:3px 6px; font-weight:bold; background-color:#f2f2f2;'>โควตา</td><td style='padding:3px 6px;'>788004</td></tr><tr><td style='padding:3px 6px; font-weight:bold; background-color:#f2f2f2;'>ชาวไร่</td><td style='padding:3px 6px;'>นาย ฉันทวัฒน์ ชัยหาญ</td></tr><tr><td style='padding:3px 6px; font-weight:bold; background-color:#f2f2f2;'>ประเภทอ้อย</td><td style='padding:3px 6px;'>ตอ1</td></tr><tr><td style='padding:3px 6px; font-weight:bold; background-color:#f2f2f2;'>พื้นที่</td><td style='padding:3px 6px;'>14.36</td></tr><tr><td style='padding:3px 6px; font-weight:bold; background-color:#f2f2f2;'>ตันรวม</td><td style='padding:3px 6px;'>129.24</td></tr><tr><td style='padding:3px 6px; font-weight:bold; background-color:#f2f2f2;'>รหัสแปลง</td><td style='padding:3px 6px;'>320306140001</td></tr><tr><td style='padding:3px 6px; font-weight:bold; background-color:#f2f2f2;'>กลุ่ม</td><td style='padding:3px 6px;'>กลุ่ม_83</td></tr></table></div>]]></description>
      <styleUrl>#plotStyle</styleUrl>
      <MultiGeometry><Polygon><outerBoundaryIs><LinearRing><coordinates>103.5875613,15.1819462,0 103.5892248,15.1817096,0 103.5892413,15.1809650,0 103.5891812,15.1808176,0 103.5884079,15.1809976,0 103.5867464,15.1812856,0 103.5867741,15.1820776,0 103.5870706,15.1820348,0 103.5870689,15.1817440,0 103.5875300,15.1817316,0 103.5875613,15.1819462,0</coordinates></LinearRing></outerBoundaryIs></Polygon></MultiGeometry>
    </Placemark>
    <Placemark>
      <name>320407090009</name>
      <description><![CDATA[<div style='font-family:Tahoma,sans-serif; font-size:13px;'><h3 style='color:#1565C0; margin:4px 0;'>รหัสแปลง: 320407090009</h3><p style='margin:2px 0;'><b>กลุ่มคิว:</b> 83_001</p><table border='1' style='border-collapse:collapse; border-color:#ccc; width:100%;'><tr><td style='padding:3px 6px; font-weight:bold; background-color:#f2f2f2;'>รหัสกลุ่มคิว</td><td style='padding:3px 6px;'>83/001</td></tr><tr><td style='padding:3px 6px; font-weight:bold; background-color:#f2f2f2;'>รหัสรับเหมา</td><td style='padding:3px 6px;'>738889</td></tr><tr><td style='padding:3px 6px; font-weight:bold; background-color:#f2f2f2;'>ชื่อ-สกุล รับเหมา</td><td style='padding:3px 6px;'>รถตัดโรงงานเบอร์ 35</td></tr><tr><td style='padding:3px 6px; font-weight:bold; background-color:#f2f2f2;'>นักเกษตร</td><td style='padding:3px 6px;'>8301</td></tr><tr><td style='padding:3px 6px; font-weight:bold; background-color:#f2f2f2;'>ศูนย์</td><td style='padding:3px 6px;'>K2-83</td></tr><tr><td style='padding:3px 6px; font-weight:bold; background-color:#f2f2f2;'>โควตา</td><td style='padding:3px 6px;'>788002</td></tr><tr><td style='padding:3px 6px; font-weight:bold; background-color:#f2f2f2;'>ชาวไร่</td><td style='padding:3px 6px;'>นาง ถนอม ขอทัดกลาง</td></tr><tr><td style='padding:3px 6px; font-weight:bold; background-color:#f2f2f2;'>ประเภทอ้อย</td><td style='padding:3px 6px;'>ตอ1</td></tr><tr><td style='padding:3px 6px; font-weight:bold; background-color:#f2f2f2;'>พื้นที่</td><td style='padding:3px 6px;'>9.74</td></tr><tr><td style='padding:3px 6px; font-weight:bold; background-color:#f2f2f2;'>ตันรวม</td><td style='padding:3px 6px;'>87.66</td></tr><tr><td style='padding:3px 6px; font-weight:bold; background-color:#f2f2f2;'>รหัสแปลง</td><td style='padding:3px 6px;'>320407090009</td></tr><tr><td style='padding:3px 6px; font-weight:bold; background-color:#f2f2f2;'>กลุ่ม</td><td style='padding:3px 6px;'>กลุ่ม_83</td></tr></table></div>]]></description>
      <styleUrl>#plotStyle</styleUrl>
      <MultiGeometry><Polygon><outerBoundaryIs><LinearRing><coordinates>103.6036359,15.1743583,0 103.6029435,15.1718642,0 103.6028857,15.1718155,0 103.6026537,15.1718785,0 103.6026801,15.1720845,0 103.6027101,15.1726437,0 103.6026947,15.1729569,0 103.6027263,15.1730912,0 103.6027566,15.1733169,0 103.6028601,15.1741924,0 103.6031040,15.1742161,0 103.6031242,15.1743163,0 103.6036359,15.1743583,0</coordinates></LinearRing></outerBoundaryIs></Polygon></MultiGeometry>
    </Placemark>
    <Placemark>
      <name>320407010027</name>
      <description><![CDATA[<div style='font-family:Tahoma,sans-serif; font-size:13px;'><h3 style='color:#1565C0; margin:4px 0;'>รหัสแปลง: 320407010027</h3><p style='margin:2px 0;'><b>กลุ่มคิว:</b> 83_001</p><table border='1' style='border-collapse:collapse; border-color:#ccc; width:100%;'><tr><td style='padding:3px 6px; font-weight:bold; background-color:#f2f2f2;'>รหัสกลุ่มคิว</td><td style='padding:3px 6px;'>83/001</td></tr><tr><td style='padding:3px 6px; font-weight:bold; background-color:#f2f2f2;'>รหัสรับเหมา</td><td style='padding:3px 6px;'>738889</td></tr><tr><td style='padding:3px 6px; font-weight:bold; background-color:#f2f2f2;'>ชื่อ-สกุล รับเหมา</td><td style='padding:3px 6px;'>รถตัดโรงงานเบอร์ 35</td></tr><tr><td style='padding:3px 6px; font-weight:bold; background-color:#f2f2f2;'>นักเกษตร</td><td style='padding:3px 6px;'>8301</td></tr><tr><td style='padding:3px 6px; font-weight:bold; background-color:#f2f2f2;'>ศูนย์</td><td style='padding:3px 6px;'>K2-83</td></tr><tr><td style='padding:3px 6px; font-weight:bold; background-color:#f2f2f2;'>โควตา</td><td style='padding:3px 6px;'>782403</td></tr><tr><td style='padding:3px 6px; font-weight:bold; background-color:#f2f2f2;'>ชาวไร่</td><td style='padding:3px 6px;'>นาย พิทักษ์ แสนกล้า</td></tr><tr><td style='padding:3px 6px; font-weight:bold; background-color:#f2f2f2;'>ประเภทอ้อย</td><td style='padding:3px 6px;'>ตอ1</td></tr><tr><td style='padding:3px 6px; font-weight:bold; background-color:#f2f2f2;'>พื้นที่</td><td style='padding:3px 6px;'>13.92</td></tr><tr><td style='padding:3px 6px; font-weight:bold; background-color:#f2f2f2;'>ตันรวม</td><td style='padding:3px 6px;'>125.28</td></tr><tr><td style='padding:3px 6px; font-weight:bold; background-color:#f2f2f2;'>รหัสแปลง</td><td style='padding:3px 6px;'>320407010027</td></tr><tr><td style='padding:3px 6px; font-weight:bold; background-color:#f2f2f2;'>กลุ่ม</td><td style='padding:3px 6px;'>กลุ่ม_83</td></tr></table></div>]]></description>
      <styleUrl>#plotStyle</styleUrl>
      <MultiGeometry><Polygon><outerBoundaryIs><LinearRing><coordinates>103.6344256,15.1834604,0 103.6347262,15.1850567,0 103.6353525,15.1847499,0 103.6348113,15.1821958,0 103.6340047,15.1823157,0 103.6341056,15.1828665,0 103.6341751,15.1828783,0 103.6343150,15.1828536,0 103.6344256,15.1834604,0</coordinates></LinearRing></outerBoundaryIs></Polygon></MultiGeometry>
    </Placemark>
    <Placemark>
      <name>320409100065</name>
      <description><![CDATA[<div style='font-family:Tahoma,sans-serif; font-size:13px;'><h3 style='color:#1565C0; margin:4px 0;'>รหัสแปลง: 320409100065</h3><p style='margin:2px 0;'><b>กลุ่มคิว:</b> 83_001</p><table border='1' style='border-collapse:collapse; border-color:#ccc; width:100%;'><tr><td style='padding:3px 6px; font-weight:bold; background-color:#f2f2f2;'>รหัสกลุ่มคิว</td><td style='padding:3px 6px;'>83/001</td></tr><tr><td style='padding:3px 6px; font-weight:bold; background-color:#f2f2f2;'>รหัสรับเหมา</td><td style='padding:3px 6px;'>738889</td></tr><tr><td style='padding:3px 6px; font-weight:bold; background-color:#f2f2f2;'>ชื่อ-สกุล รับเหมา</td><td style='padding:3px 6px;'>รถตัดโรงงานเบอร์ 35</td></tr><tr><td style='padding:3px 6px; font-weight:bold; background-color:#f2f2f2;'>นักเกษตร</td><td style='padding:3px 6px;'>8301</td></tr><tr><td style='padding:3px 6px; font-weight:bold; background-color:#f2f2f2;'>ศูนย์</td><td style='padding:3px 6px;'>K2-83</td></tr><tr><td style='padding:3px 6px; font-weight:bold; background-color:#f2f2f2;'>โควตา</td><td style='padding:3px 6px;'>788003</td></tr><tr><td style='padding:3px 6px; font-weight:bold; background-color:#f2f2f2;'>ชาวไร่</td><td style='padding:3px 6px;'>นาง อนงค์ กระแสเทพ</td></tr><tr><td style='padding:3px 6px; font-weight:bold; background-color:#f2f2f2;'>ประเภทอ้อย</td><td style='padding:3px 6px;'>ตอ1</td></tr><tr><td style='padding:3px 6px; font-weight:bold; background-color:#f2f2f2;'>พื้นที่</td><td style='padding:3px 6px;'>4.53</td></tr><tr><td style='padding:3px 6px; font-weight:bold; background-color:#f2f2f2;'>ตันรวม</td><td style='padding:3px 6px;'>40.77</td></tr><tr><td style='padding:3px 6px; font-weight:bold; background-color:#f2f2f2;'>รหัสแปลง</td><td style='padding:3px 6px;'>320409100065</td></tr><tr><td style='padding:3px 6px; font-weight:bold; background-color:#f2f2f2;'>กลุ่ม</td><td style='padding:3px 6px;'>กลุ่ม_83</td></tr></table></div>]]></description>
      <styleUrl>#plotStyle</styleUrl>
      <MultiGeometry><Polygon><outerBoundaryIs><LinearRing><coordinates>103.5817657,15.1624057,0 103.5818157,15.1627840,0 103.5824471,15.1627018,0 103.5831843,15.1625842,0 103.5830978,15.1621244,0 103.5825856,15.1622077,0 103.5817657,15.1624057,0</coordinates></LinearRing></outerBoundaryIs></Polygon></MultiGeometry>
    </Placemark>
    <Placemark>
      <name>320407010030</name>
      <description><![CDATA[<div style='font-family:Tahoma,sans-serif; font-size:13px;'><h3 style='color:#1565C0; margin:4px 0;'>รหัสแปลง: 320407010030</h3><p style='margin:2px 0;'><b>กลุ่มคิว:</b> 83_001</p><table border='1' style='border-collapse:collapse; border-color:#ccc; width:100%;'><tr><td style='padding:3px 6px; font-weight:bold; background-color:#f2f2f2;'>รหัสกลุ่มคิว</td><td style='padding:3px 6px;'>83/001</td></tr><tr><td style='padding:3px 6px; font-weight:bold; background-color:#f2f2f2;'>รหัสรับเหมา</td><td style='padding:3px 6px;'>738889</td></tr><tr><td style='padding:3px 6px; font-weight:bold; background-color:#f2f2f2;'>ชื่อ-สกุล รับเหมา</td><td style='padding:3px 6px;'>รถตัดโรงงานเบอร์ 35</td></tr><tr><td style='padding:3px 6px; font-weight:bold; background-color:#f2f2f2;'>นักเกษตร</td><td style='padding:3px 6px;'>8301</td></tr><tr><td style='padding:3px 6px; font-weight:bold; background-color:#f2f2f2;'>ศูนย์</td><td style='padding:3px 6px;'>K2-83</td></tr><tr><td style='padding:3px 6px; font-weight:bold; background-color:#f2f2f2;'>โควตา</td><td style='padding:3px 6px;'>787085</td></tr><tr><td style='padding:3px 6px; font-weight:bold; background-color:#f2f2f2;'>ชาวไร่</td><td style='padding:3px 6px;'>นาย พงษ์พิชิต ตลับทอง</td></tr><tr><td style='padding:3px 6px; font-weight:bold; background-color:#f2f2f2;'>ประเภทอ้อย</td><td style='padding:3px 6px;'>ตอ1</td></tr><tr><td style='padding:3px 6px; font-weight:bold; background-color:#f2f2f2;'>พื้นที่</td><td style='padding:3px 6px;'>5.59</td></tr><tr><td style='padding:3px 6px; font-weight:bold; background-color:#f2f2f2;'>ตันรวม</td><td style='padding:3px 6px;'>50.31</td></tr><tr><td style='padding:3px 6px; font-weight:bold; background-color:#f2f2f2;'>รหัสแปลง</td><td style='padding:3px 6px;'>320407010030</td></tr><tr><td style='padding:3px 6px; font-weight:bold; background-color:#f2f2f2;'>กลุ่ม</td><td style='padding:3px 6px;'>กลุ่ม_83</td></tr></table></div>]]></description>
      <styleUrl>#plotStyle</styleUrl>
      <MultiGeometry><Polygon><outerBoundaryIs><LinearRing><coordinates>103.6007114,15.1762715,0 103.6010415,15.1762125,0 103.6008889,15.1739448,0 103.6005718,15.1739401,0 103.6007114,15.1762715,0</coordinates></LinearRing></outerBoundaryIs></Polygon></MultiGeometry>
    </Placemark>
    <Placemark>
      <name>320407010031</name>
      <description><![CDATA[<div style='font-family:Tahoma,sans-serif; font-size:13px;'><h3 style='color:#1565C0; margin:4px 0;'>รหัสแปลง: 320407010031</h3><p style='margin:2px 0;'><b>กลุ่มคิว:</b> 83_001</p><table border='1' style='border-collapse:collapse; border-color:#ccc; width:100%;'><tr><td style='padding:3px 6px; font-weight:bold; background-color:#f2f2f2;'>รหัสกลุ่มคิว</td><td style='padding:3px 6px;'>83/001</td></tr><tr><td style='padding:3px 6px; font-weight:bold; background-color:#f2f2f2;'>รหัสรับเหมา</td><td style='padding:3px 6px;'>738889</td></tr><tr><td style='padding:3px 6px; font-weight:bold; background-color:#f2f2f2;'>ชื่อ-สกุล รับเหมา</td><td style='padding:3px 6px;'>รถตัดโรงงานเบอร์ 35</td></tr><tr><td style='padding:3px 6px; font-weight:bold; background-color:#f2f2f2;'>นักเกษตร</td><td style='padding:3px 6px;'>8301</td></tr><tr><td style='padding:3px 6px; font-weight:bold; background-color:#f2f2f2;'>ศูนย์</td><td style='padding:3px 6px;'>K2-83</td></tr><tr><td style='padding:3px 6px; font-weight:bold; background-color:#f2f2f2;'>โควตา</td><td style='padding:3px 6px;'>788017</td></tr><tr><td style='padding:3px 6px; font-weight:bold; background-color:#f2f2f2;'>ชาวไร่</td><td style='padding:3px 6px;'>นาง กนกอร เที่ยงธรรม</td></tr><tr><td style='padding:3px 6px; font-weight:bold; background-color:#f2f2f2;'>ประเภทอ้อย</td><td style='padding:3px 6px;'>ตอ1</td></tr><tr><td style='padding:3px 6px; font-weight:bold; background-color:#f2f2f2;'>พื้นที่</td><td style='padding:3px 6px;'>2.79</td></tr><tr><td style='padding:3px 6px; font-weight:bold; background-color:#f2f2f2;'>ตันรวม</td><td style='padding:3px 6px;'>25.11</td></tr><tr><td style='padding:3px 6px; font-weight:bold; background-color:#f2f2f2;'>รหัสแปลง</td><td style='padding:3px 6px;'>320407010031</td></tr><tr><td style='padding:3px 6px; font-weight:bold; background-color:#f2f2f2;'>กลุ่ม</td><td style='padding:3px 6px;'>กลุ่ม_83</td></tr></table></div>]]></description>
      <styleUrl>#plotStyle</styleUrl>
      <MultiGeometry><Polygon><outerBoundaryIs><LinearRing><coordinates>103.6119474,15.1708068,0 103.6119091,15.1708462,0 103.6118646,15.1710525,0 103.6128671,15.1711603,0 103.6133157,15.1712357,0 103.6133969,15.1709714,0 103.6119474,15.1708068,0</coordinates></LinearRing></outerBoundaryIs></Polygon></MultiGeometry>
    </Placemark>
    <Placemark>
      <name>320407010034</name>
      <description><![CDATA[<div style='font-family:Tahoma,sans-serif; font-size:13px;'><h3 style='color:#1565C0; margin:4px 0;'>รหัสแปลง: 320407010034</h3><p style='margin:2px 0;'><b>กลุ่มคิว:</b> 83_001</p><table border='1' style='border-collapse:collapse; border-color:#ccc; width:100%;'><tr><td style='padding:3px 6px; font-weight:bold; background-color:#f2f2f2;'>รหัสกลุ่มคิว</td><td style='padding:3px 6px;'>83/001</td></tr><tr><td style='padding:3px 6px; font-weight:bold; background-color:#f2f2f2;'>รหัสรับเหมา</td><td style='padding:3px 6px;'>738889</td></tr><tr><td style='padding:3px 6px; font-weight:bold; background-color:#f2f2f2;'>ชื่อ-สกุล รับเหมา</td><td style='padding:3px 6px;'>รถตัดโรงงานเบอร์ 35</td></tr><tr><td style='padding:3px 6px; font-weight:bold; background-color:#f2f2f2;'>นักเกษตร</td><td style='padding:3px 6px;'>8301</td></tr><tr><td style='padding:3px 6px; font-weight:bold; background-color:#f2f2f2;'>ศูนย์</td><td style='padding:3px 6px;'>K2-83</td></tr><tr><td style='padding:3px 6px; font-weight:bold; background-color:#f2f2f2;'>โควตา</td><td style='padding:3px 6px;'>788022</td></tr><tr><td style='padding:3px 6px; font-weight:bold; background-color:#f2f2f2;'>ชาวไร่</td><td style='padding:3px 6px;'>นาง บังอร กระแสเทพ</td></tr><tr><td style='padding:3px 6px; font-weight:bold; background-color:#f2f2f2;'>ประเภทอ้อย</td><td style='padding:3px 6px;'>ตอ1</td></tr><tr><td style='padding:3px 6px; font-weight:bold; background-color:#f2f2f2;'>พื้นที่</td><td style='padding:3px 6px;'>3.38</td></tr><tr><td style='padding:3px 6px; font-weight:bold; background-color:#f2f2f2;'>ตันรวม</td><td style='padding:3px 6px;'>30.42</td></tr><tr><td style='padding:3px 6px; font-weight:bold; background-color:#f2f2f2;'>รหัสแปลง</td><td style='padding:3px 6px;'>320407010034</td></tr><tr><td style='padding:3px 6px; font-weight:bold; background-color:#f2f2f2;'>กลุ่ม</td><td style='padding:3px 6px;'>กลุ่ม_83</td></tr></table></div>]]></description>
      <styleUrl>#plotStyle</styleUrl>
      <MultiGeometry><Polygon><outerBoundaryIs><LinearRing><coordinates>103.6120987,15.1700168,0 103.6120641,15.1702894,0 103.6135054,15.1704597,0 103.6136081,15.1701313,0 103.6120987,15.1700168,0</coordinates></LinearRing></outerBoundaryIs></Polygon></MultiGeometry>
    </Placemark>
    <Placemark>
      <name>320407010035</name>
      <description><![CDATA[<div style='font-family:Tahoma,sans-serif; font-size:13px;'><h3 style='color:#1565C0; margin:4px 0;'>รหัสแปลง: 320407010035</h3><p style='margin:2px 0;'><b>กลุ่มคิว:</b> 83_001</p><table border='1' style='border-collapse:collapse; border-color:#ccc; width:100%;'><tr><td style='padding:3px 6px; font-weight:bold; background-color:#f2f2f2;'>รหัสกลุ่มคิว</td><td style='padding:3px 6px;'>83/001</td></tr><tr><td style='padding:3px 6px; font-weight:bold; background-color:#f2f2f2;'>รหัสรับเหมา</td><td style='padding:3px 6px;'>738889</td></tr><tr><td style='padding:3px 6px; font-weight:bold; background-color:#f2f2f2;'>ชื่อ-สกุล รับเหมา</td><td style='padding:3px 6px;'>รถตัดโรงงานเบอร์ 35</td></tr><tr><td style='padding:3px 6px; font-weight:bold; background-color:#f2f2f2;'>นักเกษตร</td><td style='padding:3px 6px;'>8301</td></tr><tr><td style='padding:3px 6px; font-weight:bold; background-color:#f2f2f2;'>ศูนย์</td><td style='padding:3px 6px;'>K2-83</td></tr><tr><td style='padding:3px 6px; font-weight:bold; background-color:#f2f2f2;'>โควตา</td><td style='padding:3px 6px;'>788049</td></tr><tr><td style='padding:3px 6px; font-weight:bold; background-color:#f2f2f2;'>ชาวไร่</td><td style='padding:3px 6px;'>นาย มงคล พุฒหล้า</td></tr><tr><td style='padding:3px 6px; font-weight:bold; background-color:#f2f2f2;'>ประเภทอ้อย</td><td style='padding:3px 6px;'>ตอ1</td></tr><tr><td style='padding:3px 6px; font-weight:bold; background-color:#f2f2f2;'>พื้นที่</td><td style='padding:3px 6px;'>8.43</td></tr><tr><td style='padding:3px 6px; font-weight:bold; background-color:#f2f2f2;'>ตันรวม</td><td style='padding:3px 6px;'>75.87</td></tr><tr><td style='padding:3px 6px; font-weight:bold; background-color:#f2f2f2;'>รหัสแปลง</td><td style='padding:3px 6px;'>320407010035</td></tr><tr><td style='padding:3px 6px; font-weight:bold; background-color:#f2f2f2;'>กลุ่ม</td><td style='padding:3px 6px;'>กลุ่ม_83</td></tr></table></div>]]></description>
      <styleUrl>#plotStyle</styleUrl>
      <MultiGeometry><Polygon><outerBoundaryIs><LinearRing><coordinates>103.6167242,15.1742627,0 103.6167566,15.1751531,0 103.6176975,15.1752304,0 103.6179565,15.1752415,0 103.6179452,15.1746078,0 103.6179559,15.1742747,0 103.6167242,15.1742627,0</coordinates></LinearRing></outerBoundaryIs></Polygon></MultiGeometry>
    </Placemark>
    <Placemark>
      <name>320409090030</name>
      <description><![CDATA[<div style='font-family:Tahoma,sans-serif; font-size:13px;'><h3 style='color:#1565C0; margin:4px 0;'>รหัสแปลง: 320409090030</h3><p style='margin:2px 0;'><b>กลุ่มคิว:</b> 83_001</p><table border='1' style='border-collapse:collapse; border-color:#ccc; width:100%;'><tr><td style='padding:3px 6px; font-weight:bold; background-color:#f2f2f2;'>รหัสกลุ่มคิว</td><td style='padding:3px 6px;'>83/001</td></tr><tr><td style='padding:3px 6px; font-weight:bold; background-color:#f2f2f2;'>รหัสรับเหมา</td><td style='padding:3px 6px;'>738889</td></tr><tr><td style='padding:3px 6px; font-weight:bold; background-color:#f2f2f2;'>ชื่อ-สกุล รับเหมา</td><td style='padding:3px 6px;'>รถตัดโรงงานเบอร์ 35</td></tr><tr><td style='padding:3px 6px; font-weight:bold; background-color:#f2f2f2;'>นักเกษตร</td><td style='padding:3px 6px;'>8301</td></tr><tr><td style='padding:3px 6px; font-weight:bold; background-color:#f2f2f2;'>ศูนย์</td><td style='padding:3px 6px;'>K2-83</td></tr><tr><td style='padding:3px 6px; font-weight:bold; background-color:#f2f2f2;'>โควตา</td><td style='padding:3px 6px;'>787019</td></tr><tr><td style='padding:3px 6px; font-weight:bold; background-color:#f2f2f2;'>ชาวไร่</td><td style='padding:3px 6px;'>นาย อำนาจ สุขแสวง</td></tr><tr><td style='padding:3px 6px; font-weight:bold; background-color:#f2f2f2;'>ประเภทอ้อย</td><td style='padding:3px 6px;'>ตอ1</td></tr><tr><td style='padding:3px 6px; font-weight:bold; background-color:#f2f2f2;'>พื้นที่</td><td style='padding:3px 6px;'>8.03</td></tr><tr><td style='padding:3px 6px; font-weight:bold; background-color:#f2f2f2;'>ตันรวม</td><td style='padding:3px 6px;'>72.27</td></tr><tr><td style='padding:3px 6px; font-weight:bold; background-color:#f2f2f2;'>รหัสแปลง</td><td style='padding:3px 6px;'>320409090030</td></tr><tr><td style='padding:3px 6px; font-weight:bold; background-color:#f2f2f2;'>กลุ่ม</td><td style='padding:3px 6px;'>กลุ่ม_83</td></tr></table></div>]]></description>
      <styleUrl>#plotStyle</styleUrl>
      <MultiGeometry><Polygon><outerBoundaryIs><LinearRing><coordinates>103.5877899,15.1581477,0 103.5878489,15.1585639,0 103.5883706,15.1584647,0 103.5888680,15.1583888,0 103.5891365,15.1583578,0 103.5890961,15.1580605,0 103.5907286,15.1578419,0 103.5906675,15.1574764,0 103.5877899,15.1581477,0</coordinates></LinearRing></outerBoundaryIs></Polygon></MultiGeometry>
    </Placemark>
    <Placemark>
      <name>320407010036</name>
      <description><![CDATA[<div style='font-family:Tahoma,sans-serif; font-size:13px;'><h3 style='color:#1565C0; margin:4px 0;'>รหัสแปลง: 320407010036</h3><p style='margin:2px 0;'><b>กลุ่มคิว:</b> 83_001</p><table border='1' style='border-collapse:collapse; border-color:#ccc; width:100%;'><tr><td style='padding:3px 6px; font-weight:bold; background-color:#f2f2f2;'>รหัสกลุ่มคิว</td><td style='padding:3px 6px;'>83/001</td></tr><tr><td style='padding:3px 6px; font-weight:bold; background-color:#f2f2f2;'>รหัสรับเหมา</td><td style='padding:3px 6px;'>738889</td></tr><tr><td style='padding:3px 6px; font-weight:bold; background-color:#f2f2f2;'>ชื่อ-สกุล รับเหมา</td><td style='padding:3px 6px;'>รถตัดโรงงานเบอร์ 35</td></tr><tr><td style='padding:3px 6px; font-weight:bold; background-color:#f2f2f2;'>นักเกษตร</td><td style='padding:3px 6px;'>8301</td></tr><tr><td style='padding:3px 6px; font-weight:bold; background-color:#f2f2f2;'>ศูนย์</td><td style='padding:3px 6px;'>K2-83</td></tr><tr><td style='padding:3px 6px; font-weight:bold; background-color:#f2f2f2;'>โควตา</td><td style='padding:3px 6px;'>782452</td></tr><tr><td style='padding:3px 6px; font-weight:bold; background-color:#f2f2f2;'>ชาวไร่</td><td style='padding:3px 6px;'>นาย สุคม บุญเลิศ</td></tr><tr><td style='padding:3px 6px; font-weight:bold; background-color:#f2f2f2;'>ประเภทอ้อย</td><td style='padding:3px 6px;'>ตอ1</td></tr><tr><td style='padding:3px 6px; font-weight:bold; background-color:#f2f2f2;'>พื้นที่</td><td style='padding:3px 6px;'>1.4</td></tr><tr><td style='padding:3px 6px; font-weight:bold; background-color:#f2f2f2;'>ตันรวม</td><td style='padding:3px 6px;'>12.6</td></tr><tr><td style='padding:3px 6px; font-weight:bold; background-color:#f2f2f2;'>รหัสแปลง</td><td style='padding:3px 6px;'>320407010036</td></tr><tr><td style='padding:3px 6px; font-weight:bold; background-color:#f2f2f2;'>กลุ่ม</td><td style='padding:3px 6px;'>กลุ่ม_83</td></tr></table></div>]]></description>
      <styleUrl>#plotStyle</styleUrl>
      <MultiGeometry><Polygon><outerBoundaryIs><LinearRing><coordinates>103.6030885,15.1672255,0 103.6044795,15.1673657,0 103.6045429,15.1671587,0 103.6042746,15.1671368,0 103.6034204,15.1671894,0 103.6033472,15.1671872,0 103.6032754,15.1671809,0 103.6032213,15.1671766,0 103.6031906,15.1671779,0 103.6031488,15.1671828,0 103.6030969,15.1672046,0 103.6030885,15.1672255,0</coordinates></LinearRing></outerBoundaryIs></Polygon></MultiGeometry>
    </Placemark>
    <Placemark>
      <name>320407090012</name>
      <description><![CDATA[<div style='font-family:Tahoma,sans-serif; font-size:13px;'><h3 style='color:#1565C0; margin:4px 0;'>รหัสแปลง: 320407090012</h3><p style='margin:2px 0;'><b>กลุ่มคิว:</b> 83_001</p><table border='1' style='border-collapse:collapse; border-color:#ccc; width:100%;'><tr><td style='padding:3px 6px; font-weight:bold; background-color:#f2f2f2;'>รหัสกลุ่มคิว</td><td style='padding:3px 6px;'>83/001</td></tr><tr><td style='padding:3px 6px; font-weight:bold; background-color:#f2f2f2;'>รหัสรับเหมา</td><td style='padding:3px 6px;'>738889</td></tr><tr><td style='padding:3px 6px; font-weight:bold; background-color:#f2f2f2;'>ชื่อ-สกุล รับเหมา</td><td style='padding:3px 6px;'>รถตัดโรงงานเบอร์ 35</td></tr><tr><td style='padding:3px 6px; font-weight:bold; background-color:#f2f2f2;'>นักเกษตร</td><td style='padding:3px 6px;'>8301</td></tr><tr><td style='padding:3px 6px; font-weight:bold; background-color:#f2f2f2;'>ศูนย์</td><td style='padding:3px 6px;'>K2-83</td></tr><tr><td style='padding:3px 6px; font-weight:bold; background-color:#f2f2f2;'>โควตา</td><td style='padding:3px 6px;'>787085</td></tr><tr><td style='padding:3px 6px; font-weight:bold; background-color:#f2f2f2;'>ชาวไร่</td><td style='padding:3px 6px;'>นาย พงษ์พิชิต ตลับทอง</td></tr><tr><td style='padding:3px 6px; font-weight:bold; background-color:#f2f2f2;'>ประเภทอ้อย</td><td style='padding:3px 6px;'>ตอ1</td></tr><tr><td style='padding:3px 6px; font-weight:bold; background-color:#f2f2f2;'>พื้นที่</td><td style='padding:3px 6px;'>6.12</td></tr><tr><td style='padding:3px 6px; font-weight:bold; background-color:#f2f2f2;'>ตันรวม</td><td style='padding:3px 6px;'>55.08</td></tr><tr><td style='padding:3px 6px; font-weight:bold; background-color:#f2f2f2;'>รหัสแปลง</td><td style='padding:3px 6px;'>320407090012</td></tr><tr><td style='padding:3px 6px; font-weight:bold; background-color:#f2f2f2;'>กลุ่ม</td><td style='padding:3px 6px;'>กลุ่ม_83</td></tr></table></div>]]></description>
      <styleUrl>#plotStyle</styleUrl>
      <MultiGeometry><Polygon><outerBoundaryIs><LinearRing><coordinates>103.6057998,15.1646257,0 103.6058228,15.1649760,0 103.6075505,15.1649201,0 103.6075482,15.1643303,0 103.6057998,15.1646257,0</coordinates></LinearRing></outerBoundaryIs></Polygon></MultiGeometry>
    </Placemark>
    <Placemark>
      <name>320409090033</name>
      <description><![CDATA[<div style='font-family:Tahoma,sans-serif; font-size:13px;'><h3 style='color:#1565C0; margin:4px 0;'>รหัสแปลง: 320409090033</h3><p style='margin:2px 0;'><b>กลุ่มคิว:</b> 83_001</p><table border='1' style='border-collapse:collapse; border-color:#ccc; width:100%;'><tr><td style='padding:3px 6px; font-weight:bold; background-color:#f2f2f2;'>รหัสกลุ่มคิว</td><td style='padding:3px 6px;'>83/001</td></tr><tr><td style='padding:3px 6px; font-weight:bold; background-color:#f2f2f2;'>รหัสรับเหมา</td><td style='padding:3px 6px;'>738889</td></tr><tr><td style='padding:3px 6px; font-weight:bold; background-color:#f2f2f2;'>ชื่อ-สกุล รับเหมา</td><td style='padding:3px 6px;'>รถตัดโรงงานเบอร์ 35</td></tr><tr><td style='padding:3px 6px; font-weight:bold; background-color:#f2f2f2;'>นักเกษตร</td><td style='padding:3px 6px;'>8301</td></tr><tr><td style='padding:3px 6px; font-weight:bold; background-color:#f2f2f2;'>ศูนย์</td><td style='padding:3px 6px;'>K2-83</td></tr><tr><td style='padding:3px 6px; font-weight:bold; background-color:#f2f2f2;'>โควตา</td><td style='padding:3px 6px;'>788052</td></tr><tr><td style='padding:3px 6px; font-weight:bold; background-color:#f2f2f2;'>ชาวไร่</td><td style='padding:3px 6px;'>นาง อรสา สุขยา</td></tr><tr><td style='padding:3px 6px; font-weight:bold; background-color:#f2f2f2;'>ประเภทอ้อย</td><td style='padding:3px 6px;'>ตอ1</td></tr><tr><td style='padding:3px 6px; font-weight:bold; background-color:#f2f2f2;'>พื้นที่</td><td style='padding:3px 6px;'>9.88</td></tr><tr><td style='padding:3px 6px; font-weight:bold; background-color:#f2f2f2;'>ตันรวม</td><td style='padding:3px 6px;'>88.92</td></tr><tr><td style='padding:3px 6px; font-weight:bold; background-color:#f2f2f2;'>รหัสแปลง</td><td style='padding:3px 6px;'>320409090033</td></tr><tr><td style='padding:3px 6px; font-weight:bold; background-color:#f2f2f2;'>กลุ่ม</td><td style='padding:3px 6px;'>กลุ่ม_83</td></tr></table></div>]]></description>
      <styleUrl>#plotStyle</styleUrl>
      <MultiGeometry><Polygon><outerBoundaryIs><LinearRing><coordinates>103.5804579,15.1541185,0 103.5806593,15.1553302,0 103.5805127,15.1553242,0 103.5805965,15.1557672,0 103.5808613,15.1568446,0 103.5810708,15.1575944,0 103.5816322,15.1594686,0 103.5819052,15.1594258,0 103.5811472,15.1568710,0 103.5809412,15.1560962,0 103.5808888,15.1558679,0 103.5808627,15.1557096,0 103.5808534,15.1556552,0 103.5807807,15.1552713,0 103.5806746,15.1546095,0 103.5806287,15.1544237,0 103.5806077,15.1541046,0 103.5804579,15.1541185,0</coordinates></LinearRing></outerBoundaryIs></Polygon></MultiGeometry>
    </Placemark>
    <Placemark>
      <name>320407041551</name>
      <description><![CDATA[<div style='font-family:Tahoma,sans-serif; font-size:13px;'><h3 style='color:#1565C0; margin:4px 0;'>รหัสแปลง: 320407041551</h3><p style='margin:2px 0;'><b>กลุ่มคิว:</b> 83_001</p><table border='1' style='border-collapse:collapse; border-color:#ccc; width:100%;'><tr><td style='padding:3px 6px; font-weight:bold; background-color:#f2f2f2;'>รหัสกลุ่มคิว</td><td style='padding:3px 6px;'>83/001</td></tr><tr><td style='padding:3px 6px; font-weight:bold; background-color:#f2f2f2;'>รหัสรับเหมา</td><td style='padding:3px 6px;'>738889</td></tr><tr><td style='padding:3px 6px; font-weight:bold; background-color:#f2f2f2;'>ชื่อ-สกุล รับเหมา</td><td style='padding:3px 6px;'>รถตัดโรงงานเบอร์ 35</td></tr><tr><td style='padding:3px 6px; font-weight:bold; background-color:#f2f2f2;'>นักเกษตร</td><td style='padding:3px 6px;'>8301</td></tr><tr><td style='padding:3px 6px; font-weight:bold; background-color:#f2f2f2;'>ศูนย์</td><td style='padding:3px 6px;'>K2-83</td></tr><tr><td style='padding:3px 6px; font-weight:bold; background-color:#f2f2f2;'>โควตา</td><td style='padding:3px 6px;'>788075</td></tr><tr><td style='padding:3px 6px; font-weight:bold; background-color:#f2f2f2;'>ชาวไร่</td><td style='padding:3px 6px;'>นาย พนาศักดิ์ กระแสเทพ</td></tr><tr><td style='padding:3px 6px; font-weight:bold; background-color:#f2f2f2;'>ประเภทอ้อย</td><td style='padding:3px 6px;'>ตอ1</td></tr><tr><td style='padding:3px 6px; font-weight:bold; background-color:#f2f2f2;'>พื้นที่</td><td style='padding:3px 6px;'>6.32</td></tr><tr><td style='padding:3px 6px; font-weight:bold; background-color:#f2f2f2;'>ตันรวม</td><td style='padding:3px 6px;'>56.88</td></tr><tr><td style='padding:3px 6px; font-weight:bold; background-color:#f2f2f2;'>รหัสแปลง</td><td style='padding:3px 6px;'>320407041551</td></tr><tr><td style='padding:3px 6px; font-weight:bold; background-color:#f2f2f2;'>กลุ่ม</td><td style='padding:3px 6px;'>กลุ่ม_83</td></tr></table></div>]]></description>
      <styleUrl>#plotStyle</styleUrl>
      <MultiGeometry><Polygon><outerBoundaryIs><LinearRing><coordinates>103.6123211,15.1674551,0 103.6118659,15.1696615,0 103.6121495,15.1697156,0 103.6125153,15.1684279,0 103.6126791,15.1677927,0 103.6127064,15.1676617,0 103.6127343,15.1674228,0 103.6123211,15.1674551,0</coordinates></LinearRing></outerBoundaryIs></Polygon></MultiGeometry>
    </Placemark>
    <Placemark>
      <name>320409060002</name>
      <description><![CDATA[<div style='font-family:Tahoma,sans-serif; font-size:13px;'><h3 style='color:#1565C0; margin:4px 0;'>รหัสแปลง: 320409060002</h3><p style='margin:2px 0;'><b>กลุ่มคิว:</b> 83_001</p><table border='1' style='border-collapse:collapse; border-color:#ccc; width:100%;'><tr><td style='padding:3px 6px; font-weight:bold; background-color:#f2f2f2;'>รหัสกลุ่มคิว</td><td style='padding:3px 6px;'>83/001</td></tr><tr><td style='padding:3px 6px; font-weight:bold; background-color:#f2f2f2;'>รหัสรับเหมา</td><td style='padding:3px 6px;'>738889</td></tr><tr><td style='padding:3px 6px; font-weight:bold; background-color:#f2f2f2;'>ชื่อ-สกุล รับเหมา</td><td style='padding:3px 6px;'>รถตัดโรงงานเบอร์ 35</td></tr><tr><td style='padding:3px 6px; font-weight:bold; background-color:#f2f2f2;'>นักเกษตร</td><td style='padding:3px 6px;'>8301</td></tr><tr><td style='padding:3px 6px; font-weight:bold; background-color:#f2f2f2;'>ศูนย์</td><td style='padding:3px 6px;'>K2-83</td></tr><tr><td style='padding:3px 6px; font-weight:bold; background-color:#f2f2f2;'>โควตา</td><td style='padding:3px 6px;'>788097</td></tr><tr><td style='padding:3px 6px; font-weight:bold; background-color:#f2f2f2;'>ชาวไร่</td><td style='padding:3px 6px;'>นาย ธนชัย สายน้อย</td></tr><tr><td style='padding:3px 6px; font-weight:bold; background-color:#f2f2f2;'>ประเภทอ้อย</td><td style='padding:3px 6px;'>ตอ1</td></tr><tr><td style='padding:3px 6px; font-weight:bold; background-color:#f2f2f2;'>พื้นที่</td><td style='padding:3px 6px;'>7.91</td></tr><tr><td style='padding:3px 6px; font-weight:bold; background-color:#f2f2f2;'>ตันรวม</td><td style='padding:3px 6px;'>71.19</td></tr><tr><td style='padding:3px 6px; font-weight:bold; background-color:#f2f2f2;'>รหัสแปลง</td><td style='padding:3px 6px;'>320409060002</td></tr><tr><td style='padding:3px 6px; font-weight:bold; background-color:#f2f2f2;'>กลุ่ม</td><td style='padding:3px 6px;'>กลุ่ม_83</td></tr></table></div>]]></description>
      <styleUrl>#plotStyle</styleUrl>
      <MultiGeometry><Polygon><outerBoundaryIs><LinearRing><coordinates>103.5521179,15.1382701,0 103.5514656,15.1384626,0 103.5514038,15.1385082,0 103.5514181,15.1394219,0 103.5524596,15.1393863,0 103.5524683,15.1391973,0 103.5531301,15.1391852,0 103.5531336,15.1389333,0 103.5521974,15.1389922,0 103.5521179,15.1382701,0</coordinates></LinearRing></outerBoundaryIs></Polygon></MultiGeometry>
    </Placemark>
    <Placemark>
      <name>320409010011</name>
      <description><![CDATA[<div style='font-family:Tahoma,sans-serif; font-size:13px;'><h3 style='color:#1565C0; margin:4px 0;'>รหัสแปลง: 320409010011</h3><p style='margin:2px 0;'><b>กลุ่มคิว:</b> 83_001</p><table border='1' style='border-collapse:collapse; border-color:#ccc; width:100%;'><tr><td style='padding:3px 6px; font-weight:bold; background-color:#f2f2f2;'>รหัสกลุ่มคิว</td><td style='padding:3px 6px;'>83/001</td></tr><tr><td style='padding:3px 6px; font-weight:bold; background-color:#f2f2f2;'>รหัสรับเหมา</td><td style='padding:3px 6px;'>738889</td></tr><tr><td style='padding:3px 6px; font-weight:bold; background-color:#f2f2f2;'>ชื่อ-สกุล รับเหมา</td><td style='padding:3px 6px;'>รถตัดโรงงานเบอร์ 35</td></tr><tr><td style='padding:3px 6px; font-weight:bold; background-color:#f2f2f2;'>นักเกษตร</td><td style='padding:3px 6px;'>8301</td></tr><tr><td style='padding:3px 6px; font-weight:bold; background-color:#f2f2f2;'>ศูนย์</td><td style='padding:3px 6px;'>K2-83</td></tr><tr><td style='padding:3px 6px; font-weight:bold; background-color:#f2f2f2;'>โควตา</td><td style='padding:3px 6px;'>782403</td></tr><tr><td style='padding:3px 6px; font-weight:bold; background-color:#f2f2f2;'>ชาวไร่</td><td style='padding:3px 6px;'>นาย พิทักษ์ แสนกล้า</td></tr><tr><td style='padding:3px 6px; font-weight:bold; background-color:#f2f2f2;'>ประเภทอ้อย</td><td style='padding:3px 6px;'>ตอ1</td></tr><tr><td style='padding:3px 6px; font-weight:bold; background-color:#f2f2f2;'>พื้นที่</td><td style='padding:3px 6px;'>6.16</td></tr><tr><td style='padding:3px 6px; font-weight:bold; background-color:#f2f2f2;'>ตันรวม</td><td style='padding:3px 6px;'>55.44</td></tr><tr><td style='padding:3px 6px; font-weight:bold; background-color:#f2f2f2;'>รหัสแปลง</td><td style='padding:3px 6px;'>320409010011</td></tr><tr><td style='padding:3px 6px; font-weight:bold; background-color:#f2f2f2;'>กลุ่ม</td><td style='padding:3px 6px;'>กลุ่ม_83</td></tr></table></div>]]></description>
      <styleUrl>#plotStyle</styleUrl>
      <MultiGeometry><Polygon><outerBoundaryIs><LinearRing><coordinates>103.5737381,15.1167497,0 103.5747365,15.1164873,0 103.5747037,15.1163327,0 103.5747717,15.1162546,0 103.5747629,15.1157065,0 103.5744454,15.1157730,0 103.5744622,15.1158525,0 103.5734915,15.1161215,0 103.5737381,15.1167497,0</coordinates></LinearRing></outerBoundaryIs></Polygon></MultiGeometry>
    </Placemark>
    <Placemark>
      <name>320409010012</name>
      <description><![CDATA[<div style='font-family:Tahoma,sans-serif; font-size:13px;'><h3 style='color:#1565C0; margin:4px 0;'>รหัสแปลง: 320409010012</h3><p style='margin:2px 0;'><b>กลุ่มคิว:</b> 83_001</p><table border='1' style='border-collapse:collapse; border-color:#ccc; width:100%;'><tr><td style='padding:3px 6px; font-weight:bold; background-color:#f2f2f2;'>รหัสกลุ่มคิว</td><td style='padding:3px 6px;'>83/001</td></tr><tr><td style='padding:3px 6px; font-weight:bold; background-color:#f2f2f2;'>รหัสรับเหมา</td><td style='padding:3px 6px;'>738889</td></tr><tr><td style='padding:3px 6px; font-weight:bold; background-color:#f2f2f2;'>ชื่อ-สกุล รับเหมา</td><td style='padding:3px 6px;'>รถตัดโรงงานเบอร์ 35</td></tr><tr><td style='padding:3px 6px; font-weight:bold; background-color:#f2f2f2;'>นักเกษตร</td><td style='padding:3px 6px;'>8301</td></tr><tr><td style='padding:3px 6px; font-weight:bold; background-color:#f2f2f2;'>ศูนย์</td><td style='padding:3px 6px;'>K2-83</td></tr><tr><td style='padding:3px 6px; font-weight:bold; background-color:#f2f2f2;'>โควตา</td><td style='padding:3px 6px;'>782403</td></tr><tr><td style='padding:3px 6px; font-weight:bold; background-color:#f2f2f2;'>ชาวไร่</td><td style='padding:3px 6px;'>นาย พิทักษ์ แสนกล้า</td></tr><tr><td style='padding:3px 6px; font-weight:bold; background-color:#f2f2f2;'>ประเภทอ้อย</td><td style='padding:3px 6px;'>ตอ1</td></tr><tr><td style='padding:3px 6px; font-weight:bold; background-color:#f2f2f2;'>พื้นที่</td><td style='padding:3px 6px;'>3.09</td></tr><tr><td style='padding:3px 6px; font-weight:bold; background-color:#f2f2f2;'>ตันรวม</td><td style='padding:3px 6px;'>27.81</td></tr><tr><td style='padding:3px 6px; font-weight:bold; background-color:#f2f2f2;'>รหัสแปลง</td><td style='padding:3px 6px;'>320409010012</td></tr><tr><td style='padding:3px 6px; font-weight:bold; background-color:#f2f2f2;'>กลุ่ม</td><td style='padding:3px 6px;'>กลุ่ม_83</td></tr></table></div>]]></description>
      <styleUrl>#plotStyle</styleUrl>
      <MultiGeometry><Polygon><outerBoundaryIs><LinearRing><coordinates>103.5724369,15.1172643,0 103.5722176,15.1168084,0 103.5717988,15.1169425,0 103.5716282,15.1165736,0 103.5714581,15.1166375,0 103.5715803,15.1172249,0 103.5716555,15.1172887,0 103.5718376,15.1172895,0 103.5718740,15.1173911,0 103.5724369,15.1172643,0</coordinates></LinearRing></outerBoundaryIs></Polygon></MultiGeometry>
    </Placemark>
    <Placemark>
      <name>320405071558</name>
      <description><![CDATA[<div style='font-family:Tahoma,sans-serif; font-size:13px;'><h3 style='color:#1565C0; margin:4px 0;'>รหัสแปลง: 320405071558</h3><p style='margin:2px 0;'><b>กลุ่มคิว:</b> 83_001</p><table border='1' style='border-collapse:collapse; border-color:#ccc; width:100%;'><tr><td style='padding:3px 6px; font-weight:bold; background-color:#f2f2f2;'>รหัสกลุ่มคิว</td><td style='padding:3px 6px;'>83/001</td></tr><tr><td style='padding:3px 6px; font-weight:bold; background-color:#f2f2f2;'>รหัสรับเหมา</td><td style='padding:3px 6px;'>738889</td></tr><tr><td style='padding:3px 6px; font-weight:bold; background-color:#f2f2f2;'>ชื่อ-สกุล รับเหมา</td><td style='padding:3px 6px;'>รถตัดโรงงานเบอร์ 35</td></tr><tr><td style='padding:3px 6px; font-weight:bold; background-color:#f2f2f2;'>นักเกษตร</td><td style='padding:3px 6px;'>8301</td></tr><tr><td style='padding:3px 6px; font-weight:bold; background-color:#f2f2f2;'>ศูนย์</td><td style='padding:3px 6px;'>K2-83</td></tr><tr><td style='padding:3px 6px; font-weight:bold; background-color:#f2f2f2;'>โควตา</td><td style='padding:3px 6px;'>782305</td></tr><tr><td style='padding:3px 6px; font-weight:bold; background-color:#f2f2f2;'>ชาวไร่</td><td style='padding:3px 6px;'>นาย เหมียน หวังผล</td></tr><tr><td style='padding:3px 6px; font-weight:bold; background-color:#f2f2f2;'>ประเภทอ้อย</td><td style='padding:3px 6px;'>ปลายฝน</td></tr><tr><td style='padding:3px 6px; font-weight:bold; background-color:#f2f2f2;'>พื้นที่</td><td style='padding:3px 6px;'>15.5</td></tr><tr><td style='padding:3px 6px; font-weight:bold; background-color:#f2f2f2;'>ตันรวม</td><td style='padding:3px 6px;'>201.5</td></tr><tr><td style='padding:3px 6px; font-weight:bold; background-color:#f2f2f2;'>รหัสแปลง</td><td style='padding:3px 6px;'>320405071558</td></tr><tr><td style='padding:3px 6px; font-weight:bold; background-color:#f2f2f2;'>กลุ่ม</td><td style='padding:3px 6px;'>กลุ่ม_83</td></tr></table></div>]]></description>
      <styleUrl>#plotStyle</styleUrl>
      <MultiGeometry><Polygon><outerBoundaryIs><LinearRing><coordinates>103.6557252,15.1391583,0 103.6553423,15.1393784,0 103.6553435,15.1394217,0 103.6553533,15.1394657,0 103.6556734,15.1403075,0 103.6574126,15.1397771,0 103.6568743,15.1385547,0 103.6557252,15.1391583,0</coordinates></LinearRing></outerBoundaryIs></Polygon></MultiGeometry>
    </Placemark>
    <Placemark>
      <name>320407030013</name>
      <description><![CDATA[<div style='font-family:Tahoma,sans-serif; font-size:13px;'><h3 style='color:#1565C0; margin:4px 0;'>รหัสแปลง: 320407030013</h3><p style='margin:2px 0;'><b>กลุ่มคิว:</b> 83_001</p><table border='1' style='border-collapse:collapse; border-color:#ccc; width:100%;'><tr><td style='padding:3px 6px; font-weight:bold; background-color:#f2f2f2;'>รหัสกลุ่มคิว</td><td style='padding:3px 6px;'>83/001</td></tr><tr><td style='padding:3px 6px; font-weight:bold; background-color:#f2f2f2;'>รหัสรับเหมา</td><td style='padding:3px 6px;'>738889</td></tr><tr><td style='padding:3px 6px; font-weight:bold; background-color:#f2f2f2;'>ชื่อ-สกุล รับเหมา</td><td style='padding:3px 6px;'>รถตัดโรงงานเบอร์ 35</td></tr><tr><td style='padding:3px 6px; font-weight:bold; background-color:#f2f2f2;'>นักเกษตร</td><td style='padding:3px 6px;'>8301</td></tr><tr><td style='padding:3px 6px; font-weight:bold; background-color:#f2f2f2;'>ศูนย์</td><td style='padding:3px 6px;'>K2-83</td></tr><tr><td style='padding:3px 6px; font-weight:bold; background-color:#f2f2f2;'>โควตา</td><td style='padding:3px 6px;'>782244</td></tr><tr><td style='padding:3px 6px; font-weight:bold; background-color:#f2f2f2;'>ชาวไร่</td><td style='padding:3px 6px;'>นาย สมยศ บุญเลิศ</td></tr><tr><td style='padding:3px 6px; font-weight:bold; background-color:#f2f2f2;'>ประเภทอ้อย</td><td style='padding:3px 6px;'>ปลายฝน</td></tr><tr><td style='padding:3px 6px; font-weight:bold; background-color:#f2f2f2;'>พื้นที่</td><td style='padding:3px 6px;'>4.04</td></tr><tr><td style='padding:3px 6px; font-weight:bold; background-color:#f2f2f2;'>ตันรวม</td><td style='padding:3px 6px;'>52.52</td></tr><tr><td style='padding:3px 6px; font-weight:bold; background-color:#f2f2f2;'>รหัสแปลง</td><td style='padding:3px 6px;'>320407030013</td></tr><tr><td style='padding:3px 6px; font-weight:bold; background-color:#f2f2f2;'>กลุ่ม</td><td style='padding:3px 6px;'>กลุ่ม_83</td></tr></table></div>]]></description>
      <styleUrl>#plotStyle</styleUrl>
      <MultiGeometry><Polygon><outerBoundaryIs><LinearRing><coordinates>103.6017480,15.1856489,0 103.6017056,15.1862682,0 103.6024043,15.1866060,0 103.6024314,15.1856785,0 103.6017480,15.1856489,0</coordinates></LinearRing></outerBoundaryIs></Polygon></MultiGeometry>
    </Placemark>
    <Placemark>
      <name>320309100002</name>
      <description><![CDATA[<div style='font-family:Tahoma,sans-serif; font-size:13px;'><h3 style='color:#1565C0; margin:4px 0;'>รหัสแปลง: 320309100002</h3><p style='margin:2px 0;'><b>กลุ่มคิว:</b> 83_001</p><table border='1' style='border-collapse:collapse; border-color:#ccc; width:100%;'><tr><td style='padding:3px 6px; font-weight:bold; background-color:#f2f2f2;'>รหัสกลุ่มคิว</td><td style='padding:3px 6px;'>83/001</td></tr><tr><td style='padding:3px 6px; font-weight:bold; background-color:#f2f2f2;'>รหัสรับเหมา</td><td style='padding:3px 6px;'>738889</td></tr><tr><td style='padding:3px 6px; font-weight:bold; background-color:#f2f2f2;'>ชื่อ-สกุล รับเหมา</td><td style='padding:3px 6px;'>รถตัดโรงงานเบอร์ 35</td></tr><tr><td style='padding:3px 6px; font-weight:bold; background-color:#f2f2f2;'>นักเกษตร</td><td style='padding:3px 6px;'>8301</td></tr><tr><td style='padding:3px 6px; font-weight:bold; background-color:#f2f2f2;'>ศูนย์</td><td style='padding:3px 6px;'>K2-83</td></tr><tr><td style='padding:3px 6px; font-weight:bold; background-color:#f2f2f2;'>โควตา</td><td style='padding:3px 6px;'>701538</td></tr><tr><td style='padding:3px 6px; font-weight:bold; background-color:#f2f2f2;'>ชาวไร่</td><td style='padding:3px 6px;'>นาย ธนพล สังข์เสาวภาคย์</td></tr><tr><td style='padding:3px 6px; font-weight:bold; background-color:#f2f2f2;'>ประเภทอ้อย</td><td style='padding:3px 6px;'>ปลายฝน</td></tr><tr><td style='padding:3px 6px; font-weight:bold; background-color:#f2f2f2;'>พื้นที่</td><td style='padding:3px 6px;'>7.99</td></tr><tr><td style='padding:3px 6px; font-weight:bold; background-color:#f2f2f2;'>ตันรวม</td><td style='padding:3px 6px;'>103.87</td></tr><tr><td style='padding:3px 6px; font-weight:bold; background-color:#f2f2f2;'>รหัสแปลง</td><td style='padding:3px 6px;'>320309100002</td></tr><tr><td style='padding:3px 6px; font-weight:bold; background-color:#f2f2f2;'>กลุ่ม</td><td style='padding:3px 6px;'>กลุ่ม_83</td></tr></table></div>]]></description>
      <styleUrl>#plotStyle</styleUrl>
      <MultiGeometry><Polygon><outerBoundaryIs><LinearRing><coordinates>103.6131379,15.2415022,0 103.6127536,15.2404479,0 103.6117831,15.2404251,0 103.6116471,15.2411480,0 103.6131379,15.2415022,0</coordinates></LinearRing></outerBoundaryIs></Polygon></MultiGeometry>
    </Placemark>
    <Placemark>
      <name>320309100003</name>
      <description><![CDATA[<div style='font-family:Tahoma,sans-serif; font-size:13px;'><h3 style='color:#1565C0; margin:4px 0;'>รหัสแปลง: 320309100003</h3><p style='margin:2px 0;'><b>กลุ่มคิว:</b> 83_001</p><table border='1' style='border-collapse:collapse; border-color:#ccc; width:100%;'><tr><td style='padding:3px 6px; font-weight:bold; background-color:#f2f2f2;'>รหัสกลุ่มคิว</td><td style='padding:3px 6px;'>83/001</td></tr><tr><td style='padding:3px 6px; font-weight:bold; background-color:#f2f2f2;'>รหัสรับเหมา</td><td style='padding:3px 6px;'>738889</td></tr><tr><td style='padding:3px 6px; font-weight:bold; background-color:#f2f2f2;'>ชื่อ-สกุล รับเหมา</td><td style='padding:3px 6px;'>รถตัดโรงงานเบอร์ 35</td></tr><tr><td style='padding:3px 6px; font-weight:bold; background-color:#f2f2f2;'>นักเกษตร</td><td style='padding:3px 6px;'>8301</td></tr><tr><td style='padding:3px 6px; font-weight:bold; background-color:#f2f2f2;'>ศูนย์</td><td style='padding:3px 6px;'>K2-83</td></tr><tr><td style='padding:3px 6px; font-weight:bold; background-color:#f2f2f2;'>โควตา</td><td style='padding:3px 6px;'>782244</td></tr><tr><td style='padding:3px 6px; font-weight:bold; background-color:#f2f2f2;'>ชาวไร่</td><td style='padding:3px 6px;'>นาย สมยศ บุญเลิศ</td></tr><tr><td style='padding:3px 6px; font-weight:bold; background-color:#f2f2f2;'>ประเภทอ้อย</td><td style='padding:3px 6px;'>ปลายฝน</td></tr><tr><td style='padding:3px 6px; font-weight:bold; background-color:#f2f2f2;'>พื้นที่</td><td style='padding:3px 6px;'>10.96</td></tr><tr><td style='padding:3px 6px; font-weight:bold; background-color:#f2f2f2;'>ตันรวม</td><td style='padding:3px 6px;'>142.48</td></tr><tr><td style='padding:3px 6px; font-weight:bold; background-color:#f2f2f2;'>รหัสแปลง</td><td style='padding:3px 6px;'>320309100003</td></tr><tr><td style='padding:3px 6px; font-weight:bold; background-color:#f2f2f2;'>กลุ่ม</td><td style='padding:3px 6px;'>กลุ่ม_83</td></tr></table></div>]]></description>
      <styleUrl>#plotStyle</styleUrl>
      <MultiGeometry><Polygon><outerBoundaryIs><LinearRing><coordinates>103.6116534,15.2411849,0 103.6114710,15.2418029,0 103.6120221,15.2419432,0 103.6119641,15.2421672,0 103.6129218,15.2423895,0 103.6129247,15.2424343,0 103.6134413,15.2424383,0 103.6131647,15.2417156,0 103.6131127,15.2415053,0 103.6116534,15.2411849,0</coordinates></LinearRing></outerBoundaryIs></Polygon></MultiGeometry>
    </Placemark>
    <Placemark>
      <name>320407090017</name>
      <description><![CDATA[<div style='font-family:Tahoma,sans-serif; font-size:13px;'><h3 style='color:#1565C0; margin:4px 0;'>รหัสแปลง: 320407090017</h3><p style='margin:2px 0;'><b>กลุ่มคิว:</b> 83_001</p><table border='1' style='border-collapse:collapse; border-color:#ccc; width:100%;'><tr><td style='padding:3px 6px; font-weight:bold; background-color:#f2f2f2;'>รหัสกลุ่มคิว</td><td style='padding:3px 6px;'>83/001</td></tr><tr><td style='padding:3px 6px; font-weight:bold; background-color:#f2f2f2;'>รหัสรับเหมา</td><td style='padding:3px 6px;'>738889</td></tr><tr><td style='padding:3px 6px; font-weight:bold; background-color:#f2f2f2;'>ชื่อ-สกุล รับเหมา</td><td style='padding:3px 6px;'>รถตัดโรงงานเบอร์ 35</td></tr><tr><td style='padding:3px 6px; font-weight:bold; background-color:#f2f2f2;'>นักเกษตร</td><td style='padding:3px 6px;'>8301</td></tr><tr><td style='padding:3px 6px; font-weight:bold; background-color:#f2f2f2;'>ศูนย์</td><td style='padding:3px 6px;'>K2-83</td></tr><tr><td style='padding:3px 6px; font-weight:bold; background-color:#f2f2f2;'>โควตา</td><td style='padding:3px 6px;'>782244</td></tr><tr><td style='padding:3px 6px; font-weight:bold; background-color:#f2f2f2;'>ชาวไร่</td><td style='padding:3px 6px;'>นาย สมยศ บุญเลิศ</td></tr><tr><td style='padding:3px 6px; font-weight:bold; background-color:#f2f2f2;'>ประเภทอ้อย</td><td style='padding:3px 6px;'>ปลายฝน</td></tr><tr><td style='padding:3px 6px; font-weight:bold; background-color:#f2f2f2;'>พื้นที่</td><td style='padding:3px 6px;'>4.73</td></tr><tr><td style='padding:3px 6px; font-weight:bold; background-color:#f2f2f2;'>ตันรวม</td><td style='padding:3px 6px;'>61.49</td></tr><tr><td style='padding:3px 6px; font-weight:bold; background-color:#f2f2f2;'>รหัสแปลง</td><td style='padding:3px 6px;'>320407090017</td></tr><tr><td style='padding:3px 6px; font-weight:bold; background-color:#f2f2f2;'>กลุ่ม</td><td style='padding:3px 6px;'>กลุ่ม_83</td></tr></table></div>]]></description>
      <styleUrl>#plotStyle</styleUrl>
      <MultiGeometry><Polygon><outerBoundaryIs><LinearRing><coordinates>103.6134496,15.2403483,0 103.6134555,15.2403460,0 103.6130613,15.2393482,0 103.6125237,15.2394996,0 103.6127653,15.2404386,0 103.6134496,15.2403483,0</coordinates></LinearRing></outerBoundaryIs></Polygon></MultiGeometry>
    </Placemark>
    <Placemark>
      <name>320407010038</name>
      <description><![CDATA[<div style='font-family:Tahoma,sans-serif; font-size:13px;'><h3 style='color:#1565C0; margin:4px 0;'>รหัสแปลง: 320407010038</h3><p style='margin:2px 0;'><b>กลุ่มคิว:</b> 83_001</p><table border='1' style='border-collapse:collapse; border-color:#ccc; width:100%;'><tr><td style='padding:3px 6px; font-weight:bold; background-color:#f2f2f2;'>รหัสกลุ่มคิว</td><td style='padding:3px 6px;'>83/001</td></tr><tr><td style='padding:3px 6px; font-weight:bold; background-color:#f2f2f2;'>รหัสรับเหมา</td><td style='padding:3px 6px;'>738889</td></tr><tr><td style='padding:3px 6px; font-weight:bold; background-color:#f2f2f2;'>ชื่อ-สกุล รับเหมา</td><td style='padding:3px 6px;'>รถตัดโรงงานเบอร์ 35</td></tr><tr><td style='padding:3px 6px; font-weight:bold; background-color:#f2f2f2;'>นักเกษตร</td><td style='padding:3px 6px;'>8301</td></tr><tr><td style='padding:3px 6px; font-weight:bold; background-color:#f2f2f2;'>ศูนย์</td><td style='padding:3px 6px;'>K2-83</td></tr><tr><td style='padding:3px 6px; font-weight:bold; background-color:#f2f2f2;'>โควตา</td><td style='padding:3px 6px;'>788049</td></tr><tr><td style='padding:3px 6px; font-weight:bold; background-color:#f2f2f2;'>ชาวไร่</td><td style='padding:3px 6px;'>นาย มงคล พุฒหล้า</td></tr><tr><td style='padding:3px 6px; font-weight:bold; background-color:#f2f2f2;'>ประเภทอ้อย</td><td style='padding:3px 6px;'>ปลายฝน</td></tr><tr><td style='padding:3px 6px; font-weight:bold; background-color:#f2f2f2;'>พื้นที่</td><td style='padding:3px 6px;'>6.38</td></tr><tr><td style='padding:3px 6px; font-weight:bold; background-color:#f2f2f2;'>ตันรวม</td><td style='padding:3px 6px;'>82.94</td></tr><tr><td style='padding:3px 6px; font-weight:bold; background-color:#f2f2f2;'>รหัสแปลง</td><td style='padding:3px 6px;'>320407010038</td></tr><tr><td style='padding:3px 6px; font-weight:bold; background-color:#f2f2f2;'>กลุ่ม</td><td style='padding:3px 6px;'>กลุ่ม_83</td></tr></table></div>]]></description>
      <styleUrl>#plotStyle</styleUrl>
      <MultiGeometry><Polygon><outerBoundaryIs><LinearRing><coordinates>103.6174269,15.1678043,0 103.6165447,15.1687118,0 103.6168529,15.1692857,0 103.6179285,15.1681143,0 103.6174269,15.1678043,0</coordinates></LinearRing></outerBoundaryIs></Polygon></MultiGeometry>
    </Placemark>
    <Placemark>
      <name>320407010039</name>
      <description><![CDATA[<div style='font-family:Tahoma,sans-serif; font-size:13px;'><h3 style='color:#1565C0; margin:4px 0;'>รหัสแปลง: 320407010039</h3><p style='margin:2px 0;'><b>กลุ่มคิว:</b> 83_001</p><table border='1' style='border-collapse:collapse; border-color:#ccc; width:100%;'><tr><td style='padding:3px 6px; font-weight:bold; background-color:#f2f2f2;'>รหัสกลุ่มคิว</td><td style='padding:3px 6px;'>83/001</td></tr><tr><td style='padding:3px 6px; font-weight:bold; background-color:#f2f2f2;'>รหัสรับเหมา</td><td style='padding:3px 6px;'>738889</td></tr><tr><td style='padding:3px 6px; font-weight:bold; background-color:#f2f2f2;'>ชื่อ-สกุล รับเหมา</td><td style='padding:3px 6px;'>รถตัดโรงงานเบอร์ 35</td></tr><tr><td style='padding:3px 6px; font-weight:bold; background-color:#f2f2f2;'>นักเกษตร</td><td style='padding:3px 6px;'>8301</td></tr><tr><td style='padding:3px 6px; font-weight:bold; background-color:#f2f2f2;'>ศูนย์</td><td style='padding:3px 6px;'>K2-83</td></tr><tr><td style='padding:3px 6px; font-weight:bold; background-color:#f2f2f2;'>โควตา</td><td style='padding:3px 6px;'>788022</td></tr><tr><td style='padding:3px 6px; font-weight:bold; background-color:#f2f2f2;'>ชาวไร่</td><td style='padding:3px 6px;'>นาง บังอร กระแสเทพ</td></tr><tr><td style='padding:3px 6px; font-weight:bold; background-color:#f2f2f2;'>ประเภทอ้อย</td><td style='padding:3px 6px;'>ปลายฝน</td></tr><tr><td style='padding:3px 6px; font-weight:bold; background-color:#f2f2f2;'>พื้นที่</td><td style='padding:3px 6px;'>4.5</td></tr><tr><td style='padding:3px 6px; font-weight:bold; background-color:#f2f2f2;'>ตันรวม</td><td style='padding:3px 6px;'>58.5</td></tr><tr><td style='padding:3px 6px; font-weight:bold; background-color:#f2f2f2;'>รหัสแปลง</td><td style='padding:3px 6px;'>320407010039</td></tr><tr><td style='padding:3px 6px; font-weight:bold; background-color:#f2f2f2;'>กลุ่ม</td><td style='padding:3px 6px;'>กลุ่ม_83</td></tr></table></div>]]></description>
      <styleUrl>#plotStyle</styleUrl>
      <MultiGeometry><Polygon><outerBoundaryIs><LinearRing><coordinates>103.6086729,15.1742960,0 103.6087726,15.1746770,0 103.6086921,15.1746789,0 103.6088314,15.1749253,0 103.6082733,15.1750520,0 103.6083685,15.1753930,0 103.6086202,15.1753463,0 103.6086858,15.1755657,0 103.6093427,15.1753299,0 103.6092828,15.1751552,0 103.6092295,15.1751445,0 103.6092210,15.1751373,0 103.6089627,15.1751647,0 103.6089281,15.1750461,0 103.6088140,15.1750600,0 103.6088140,15.1750028,0 103.6091870,15.1749123,0 103.6089366,15.1742426,0 103.6086729,15.1742960,0</coordinates></LinearRing></outerBoundaryIs></Polygon></MultiGeometry>
    </Placemark>
    <Placemark>
      <name>320407090018</name>
      <description><![CDATA[<div style='font-family:Tahoma,sans-serif; font-size:13px;'><h3 style='color:#1565C0; margin:4px 0;'>รหัสแปลง: 320407090018</h3><p style='margin:2px 0;'><b>กลุ่มคิว:</b> 83_001</p><table border='1' style='border-collapse:collapse; border-color:#ccc; width:100%;'><tr><td style='padding:3px 6px; font-weight:bold; background-color:#f2f2f2;'>รหัสกลุ่มคิว</td><td style='padding:3px 6px;'>83/001</td></tr><tr><td style='padding:3px 6px; font-weight:bold; background-color:#f2f2f2;'>รหัสรับเหมา</td><td style='padding:3px 6px;'>738889</td></tr><tr><td style='padding:3px 6px; font-weight:bold; background-color:#f2f2f2;'>ชื่อ-สกุล รับเหมา</td><td style='padding:3px 6px;'>รถตัดโรงงานเบอร์ 35</td></tr><tr><td style='padding:3px 6px; font-weight:bold; background-color:#f2f2f2;'>นักเกษตร</td><td style='padding:3px 6px;'>8301</td></tr><tr><td style='padding:3px 6px; font-weight:bold; background-color:#f2f2f2;'>ศูนย์</td><td style='padding:3px 6px;'>K2-83</td></tr><tr><td style='padding:3px 6px; font-weight:bold; background-color:#f2f2f2;'>โควตา</td><td style='padding:3px 6px;'>788017</td></tr><tr><td style='padding:3px 6px; font-weight:bold; background-color:#f2f2f2;'>ชาวไร่</td><td style='padding:3px 6px;'>นาง กนกอร เที่ยงธรรม</td></tr><tr><td style='padding:3px 6px; font-weight:bold; background-color:#f2f2f2;'>ประเภทอ้อย</td><td style='padding:3px 6px;'>ปลายฝน</td></tr><tr><td style='padding:3px 6px; font-weight:bold; background-color:#f2f2f2;'>พื้นที่</td><td style='padding:3px 6px;'>2.0</td></tr><tr><td style='padding:3px 6px; font-weight:bold; background-color:#f2f2f2;'>ตันรวม</td><td style='padding:3px 6px;'>26.0</td></tr><tr><td style='padding:3px 6px; font-weight:bold; background-color:#f2f2f2;'>รหัสแปลง</td><td style='padding:3px 6px;'>320407090018</td></tr><tr><td style='padding:3px 6px; font-weight:bold; background-color:#f2f2f2;'>กลุ่ม</td><td style='padding:3px 6px;'>กลุ่ม_83</td></tr></table></div>]]></description>
      <styleUrl>#plotStyle</styleUrl>
      <MultiGeometry><Polygon><outerBoundaryIs><LinearRing><coordinates>103.6133614,15.1709472,0 103.6134515,15.1707594,0 103.6120101,15.1706187,0 103.6120280,15.1707294,0 103.6119722,15.1708008,0 103.6133614,15.1709472,0</coordinates></LinearRing></outerBoundaryIs></Polygon></MultiGeometry>
    </Placemark>
    <Placemark>
      <name>320407090019</name>
      <description><![CDATA[<div style='font-family:Tahoma,sans-serif; font-size:13px;'><h3 style='color:#1565C0; margin:4px 0;'>รหัสแปลง: 320407090019</h3><p style='margin:2px 0;'><b>กลุ่มคิว:</b> 83_001</p><table border='1' style='border-collapse:collapse; border-color:#ccc; width:100%;'><tr><td style='padding:3px 6px; font-weight:bold; background-color:#f2f2f2;'>รหัสกลุ่มคิว</td><td style='padding:3px 6px;'>83/001</td></tr><tr><td style='padding:3px 6px; font-weight:bold; background-color:#f2f2f2;'>รหัสรับเหมา</td><td style='padding:3px 6px;'>738889</td></tr><tr><td style='padding:3px 6px; font-weight:bold; background-color:#f2f2f2;'>ชื่อ-สกุล รับเหมา</td><td style='padding:3px 6px;'>รถตัดโรงงานเบอร์ 35</td></tr><tr><td style='padding:3px 6px; font-weight:bold; background-color:#f2f2f2;'>นักเกษตร</td><td style='padding:3px 6px;'>8301</td></tr><tr><td style='padding:3px 6px; font-weight:bold; background-color:#f2f2f2;'>ศูนย์</td><td style='padding:3px 6px;'>K2-83</td></tr><tr><td style='padding:3px 6px; font-weight:bold; background-color:#f2f2f2;'>โควตา</td><td style='padding:3px 6px;'>787105</td></tr><tr><td style='padding:3px 6px; font-weight:bold; background-color:#f2f2f2;'>ชาวไร่</td><td style='padding:3px 6px;'>นาง ทองอยู่ กระแสเทพ</td></tr><tr><td style='padding:3px 6px; font-weight:bold; background-color:#f2f2f2;'>ประเภทอ้อย</td><td style='padding:3px 6px;'>ปลายฝน</td></tr><tr><td style='padding:3px 6px; font-weight:bold; background-color:#f2f2f2;'>พื้นที่</td><td style='padding:3px 6px;'>3.29</td></tr><tr><td style='padding:3px 6px; font-weight:bold; background-color:#f2f2f2;'>ตันรวม</td><td style='padding:3px 6px;'>42.77</td></tr><tr><td style='padding:3px 6px; font-weight:bold; background-color:#f2f2f2;'>รหัสแปลง</td><td style='padding:3px 6px;'>320407090019</td></tr><tr><td style='padding:3px 6px; font-weight:bold; background-color:#f2f2f2;'>กลุ่ม</td><td style='padding:3px 6px;'>กลุ่ม_83</td></tr></table></div>]]></description>
      <styleUrl>#plotStyle</styleUrl>
      <MultiGeometry><Polygon><outerBoundaryIs><LinearRing><coordinates>103.6121132,15.1702882,0 103.6120086,15.1705959,0 103.6134592,15.1707335,0 103.6135797,15.1704618,0 103.6121132,15.1702882,0</coordinates></LinearRing></outerBoundaryIs></Polygon></MultiGeometry>
    </Placemark>
    <Placemark>
      <name>320407090020</name>
      <description><![CDATA[<div style='font-family:Tahoma,sans-serif; font-size:13px;'><h3 style='color:#1565C0; margin:4px 0;'>รหัสแปลง: 320407090020</h3><p style='margin:2px 0;'><b>กลุ่มคิว:</b> 83_001</p><table border='1' style='border-collapse:collapse; border-color:#ccc; width:100%;'><tr><td style='padding:3px 6px; font-weight:bold; background-color:#f2f2f2;'>รหัสกลุ่มคิว</td><td style='padding:3px 6px;'>83/001</td></tr><tr><td style='padding:3px 6px; font-weight:bold; background-color:#f2f2f2;'>รหัสรับเหมา</td><td style='padding:3px 6px;'>738889</td></tr><tr><td style='padding:3px 6px; font-weight:bold; background-color:#f2f2f2;'>ชื่อ-สกุล รับเหมา</td><td style='padding:3px 6px;'>รถตัดโรงงานเบอร์ 35</td></tr><tr><td style='padding:3px 6px; font-weight:bold; background-color:#f2f2f2;'>นักเกษตร</td><td style='padding:3px 6px;'>8301</td></tr><tr><td style='padding:3px 6px; font-weight:bold; background-color:#f2f2f2;'>ศูนย์</td><td style='padding:3px 6px;'>K2-83</td></tr><tr><td style='padding:3px 6px; font-weight:bold; background-color:#f2f2f2;'>โควตา</td><td style='padding:3px 6px;'>788017</td></tr><tr><td style='padding:3px 6px; font-weight:bold; background-color:#f2f2f2;'>ชาวไร่</td><td style='padding:3px 6px;'>นาง กนกอร เที่ยงธรรม</td></tr><tr><td style='padding:3px 6px; font-weight:bold; background-color:#f2f2f2;'>ประเภทอ้อย</td><td style='padding:3px 6px;'>ปลายฝน</td></tr><tr><td style='padding:3px 6px; font-weight:bold; background-color:#f2f2f2;'>พื้นที่</td><td style='padding:3px 6px;'>11.1</td></tr><tr><td style='padding:3px 6px; font-weight:bold; background-color:#f2f2f2;'>ตันรวม</td><td style='padding:3px 6px;'>144.3</td></tr><tr><td style='padding:3px 6px; font-weight:bold; background-color:#f2f2f2;'>รหัสแปลง</td><td style='padding:3px 6px;'>320407090020</td></tr><tr><td style='padding:3px 6px; font-weight:bold; background-color:#f2f2f2;'>กลุ่ม</td><td style='padding:3px 6px;'>กลุ่ม_83</td></tr></table></div>]]></description>
      <styleUrl>#plotStyle</styleUrl>
      <MultiGeometry><Polygon><outerBoundaryIs><LinearRing><coordinates>103.6112408,15.1675799,0 103.6112269,15.1702131,0 103.6116005,15.1702107,0 103.6119879,15.1675159,0 103.6112408,15.1675799,0</coordinates></LinearRing></outerBoundaryIs></Polygon></MultiGeometry>
    </Placemark>
    <Placemark>
      <name>320407090021</name>
      <description><![CDATA[<div style='font-family:Tahoma,sans-serif; font-size:13px;'><h3 style='color:#1565C0; margin:4px 0;'>รหัสแปลง: 320407090021</h3><p style='margin:2px 0;'><b>กลุ่มคิว:</b> 83_001</p><table border='1' style='border-collapse:collapse; border-color:#ccc; width:100%;'><tr><td style='padding:3px 6px; font-weight:bold; background-color:#f2f2f2;'>รหัสกลุ่มคิว</td><td style='padding:3px 6px;'>83/001</td></tr><tr><td style='padding:3px 6px; font-weight:bold; background-color:#f2f2f2;'>รหัสรับเหมา</td><td style='padding:3px 6px;'>738889</td></tr><tr><td style='padding:3px 6px; font-weight:bold; background-color:#f2f2f2;'>ชื่อ-สกุล รับเหมา</td><td style='padding:3px 6px;'>รถตัดโรงงานเบอร์ 35</td></tr><tr><td style='padding:3px 6px; font-weight:bold; background-color:#f2f2f2;'>นักเกษตร</td><td style='padding:3px 6px;'>8301</td></tr><tr><td style='padding:3px 6px; font-weight:bold; background-color:#f2f2f2;'>ศูนย์</td><td style='padding:3px 6px;'>K2-83</td></tr><tr><td style='padding:3px 6px; font-weight:bold; background-color:#f2f2f2;'>โควตา</td><td style='padding:3px 6px;'>788002</td></tr><tr><td style='padding:3px 6px; font-weight:bold; background-color:#f2f2f2;'>ชาวไร่</td><td style='padding:3px 6px;'>นาง ถนอม ขอทัดกลาง</td></tr><tr><td style='padding:3px 6px; font-weight:bold; background-color:#f2f2f2;'>ประเภทอ้อย</td><td style='padding:3px 6px;'>ปลายฝน</td></tr><tr><td style='padding:3px 6px; font-weight:bold; background-color:#f2f2f2;'>พื้นที่</td><td style='padding:3px 6px;'>4.39</td></tr><tr><td style='padding:3px 6px; font-weight:bold; background-color:#f2f2f2;'>ตันรวม</td><td style='padding:3px 6px;'>57.07</td></tr><tr><td style='padding:3px 6px; font-weight:bold; background-color:#f2f2f2;'>รหัสแปลง</td><td style='padding:3px 6px;'>320407090021</td></tr><tr><td style='padding:3px 6px; font-weight:bold; background-color:#f2f2f2;'>กลุ่ม</td><td style='padding:3px 6px;'>กลุ่ม_83</td></tr></table></div>]]></description>
      <styleUrl>#plotStyle</styleUrl>
      <MultiGeometry><Polygon><outerBoundaryIs><LinearRing><coordinates>103.6086805,15.1679278,0 103.6087808,15.1688057,0 103.6087974,15.1689175,0 103.6088083,15.1691716,0 103.6088853,15.1694993,0 103.6092606,15.1694355,0 103.6090315,15.1679184,0 103.6086805,15.1679278,0</coordinates></LinearRing></outerBoundaryIs></Polygon></MultiGeometry>
    </Placemark>
    <Placemark>
      <name>320401071517</name>
      <description><![CDATA[<div style='font-family:Tahoma,sans-serif; font-size:13px;'><h3 style='color:#1565C0; margin:4px 0;'>รหัสแปลง: 320401071517</h3><p style='margin:2px 0;'><b>กลุ่มคิว:</b> 83_001</p><table border='1' style='border-collapse:collapse; border-color:#ccc; width:100%;'><tr><td style='padding:3px 6px; font-weight:bold; background-color:#f2f2f2;'>รหัสกลุ่มคิว</td><td style='padding:3px 6px;'>83/001</td></tr><tr><td style='padding:3px 6px; font-weight:bold; background-color:#f2f2f2;'>รหัสรับเหมา</td><td style='padding:3px 6px;'>738889</td></tr><tr><td style='padding:3px 6px; font-weight:bold; background-color:#f2f2f2;'>ชื่อ-สกุล รับเหมา</td><td style='padding:3px 6px;'>รถตัดโรงงานเบอร์ 35</td></tr><tr><td style='padding:3px 6px; font-weight:bold; background-color:#f2f2f2;'>นักเกษตร</td><td style='padding:3px 6px;'>8301</td></tr><tr><td style='padding:3px 6px; font-weight:bold; background-color:#f2f2f2;'>ศูนย์</td><td style='padding:3px 6px;'>K2-83</td></tr><tr><td style='padding:3px 6px; font-weight:bold; background-color:#f2f2f2;'>โควตา</td><td style='padding:3px 6px;'>787028</td></tr><tr><td style='padding:3px 6px; font-weight:bold; background-color:#f2f2f2;'>ชาวไร่</td><td style='padding:3px 6px;'>นาง เง็ก ธนาศุภวัฒน์</td></tr><tr><td style='padding:3px 6px; font-weight:bold; background-color:#f2f2f2;'>ประเภทอ้อย</td><td style='padding:3px 6px;'>ปลายฝน</td></tr><tr><td style='padding:3px 6px; font-weight:bold; background-color:#f2f2f2;'>พื้นที่</td><td style='padding:3px 6px;'>5.34</td></tr><tr><td style='padding:3px 6px; font-weight:bold; background-color:#f2f2f2;'>ตันรวม</td><td style='padding:3px 6px;'>69.42</td></tr><tr><td style='padding:3px 6px; font-weight:bold; background-color:#f2f2f2;'>รหัสแปลง</td><td style='padding:3px 6px;'>320401071517</td></tr><tr><td style='padding:3px 6px; font-weight:bold; background-color:#f2f2f2;'>กลุ่ม</td><td style='padding:3px 6px;'>กลุ่ม_83</td></tr></table></div>]]></description>
      <styleUrl>#plotStyle</styleUrl>
      <MultiGeometry><Polygon><outerBoundaryIs><LinearRing><coordinates>103.6113611,15.1300282,0 103.6118934,15.1297758,0 103.6118864,15.1295908,0 103.6120168,15.1295493,0 103.6119019,15.1291561,0 103.6111313,15.1292049,0 103.6109942,15.1292175,0 103.6108464,15.1292462,0 103.6105165,15.1293274,0 103.6105636,15.1294578,0 103.6106389,15.1294702,0 103.6106241,15.1295728,0 103.6108097,15.1295570,0 103.6108363,15.1296106,0 103.6111034,15.1295477,0 103.6111696,15.1295888,0 103.6112409,15.1296355,0 103.6113611,15.1300282,0</coordinates></LinearRing></outerBoundaryIs></Polygon></MultiGeometry>
    </Placemark>
    <Placemark>
      <name>320401071518</name>
      <description><![CDATA[<div style='font-family:Tahoma,sans-serif; font-size:13px;'><h3 style='color:#1565C0; margin:4px 0;'>รหัสแปลง: 320401071518</h3><p style='margin:2px 0;'><b>กลุ่มคิว:</b> 83_001</p><table border='1' style='border-collapse:collapse; border-color:#ccc; width:100%;'><tr><td style='padding:3px 6px; font-weight:bold; background-color:#f2f2f2;'>รหัสกลุ่มคิว</td><td style='padding:3px 6px;'>83/001</td></tr><tr><td style='padding:3px 6px; font-weight:bold; background-color:#f2f2f2;'>รหัสรับเหมา</td><td style='padding:3px 6px;'>738889</td></tr><tr><td style='padding:3px 6px; font-weight:bold; background-color:#f2f2f2;'>ชื่อ-สกุล รับเหมา</td><td style='padding:3px 6px;'>รถตัดโรงงานเบอร์ 35</td></tr><tr><td style='padding:3px 6px; font-weight:bold; background-color:#f2f2f2;'>นักเกษตร</td><td style='padding:3px 6px;'>8301</td></tr><tr><td style='padding:3px 6px; font-weight:bold; background-color:#f2f2f2;'>ศูนย์</td><td style='padding:3px 6px;'>K2-83</td></tr><tr><td style='padding:3px 6px; font-weight:bold; background-color:#f2f2f2;'>โควตา</td><td style='padding:3px 6px;'>787028</td></tr><tr><td style='padding:3px 6px; font-weight:bold; background-color:#f2f2f2;'>ชาวไร่</td><td style='padding:3px 6px;'>นาง เง็ก ธนาศุภวัฒน์</td></tr><tr><td style='padding:3px 6px; font-weight:bold; background-color:#f2f2f2;'>ประเภทอ้อย</td><td style='padding:3px 6px;'>ปลายฝน</td></tr><tr><td style='padding:3px 6px; font-weight:bold; background-color:#f2f2f2;'>พื้นที่</td><td style='padding:3px 6px;'>7.49</td></tr><tr><td style='padding:3px 6px; font-weight:bold; background-color:#f2f2f2;'>ตันรวม</td><td style='padding:3px 6px;'>97.37</td></tr><tr><td style='padding:3px 6px; font-weight:bold; background-color:#f2f2f2;'>รหัสแปลง</td><td style='padding:3px 6px;'>320401071518</td></tr><tr><td style='padding:3px 6px; font-weight:bold; background-color:#f2f2f2;'>กลุ่ม</td><td style='padding:3px 6px;'>กลุ่ม_83</td></tr></table></div>]]></description>
      <styleUrl>#plotStyle</styleUrl>
      <MultiGeometry><Polygon><outerBoundaryIs><LinearRing><coordinates>103.6114631,15.1307225,0 103.6113592,15.1300630,0 103.6112060,15.1300713,0 103.6111480,15.1298951,0 103.6100943,15.1299988,0 103.6102650,15.1304831,0 103.6103302,15.1305001,0 103.6104340,15.1309268,0 103.6114631,15.1307225,0</coordinates></LinearRing></outerBoundaryIs></Polygon></MultiGeometry>
    </Placemark>
    <Placemark>
      <name>320407041552</name>
      <description><![CDATA[<div style='font-family:Tahoma,sans-serif; font-size:13px;'><h3 style='color:#1565C0; margin:4px 0;'>รหัสแปลง: 320407041552</h3><p style='margin:2px 0;'><b>กลุ่มคิว:</b> 83_001</p><table border='1' style='border-collapse:collapse; border-color:#ccc; width:100%;'><tr><td style='padding:3px 6px; font-weight:bold; background-color:#f2f2f2;'>รหัสกลุ่มคิว</td><td style='padding:3px 6px;'>83/001</td></tr><tr><td style='padding:3px 6px; font-weight:bold; background-color:#f2f2f2;'>รหัสรับเหมา</td><td style='padding:3px 6px;'>738889</td></tr><tr><td style='padding:3px 6px; font-weight:bold; background-color:#f2f2f2;'>ชื่อ-สกุล รับเหมา</td><td style='padding:3px 6px;'>รถตัดโรงงานเบอร์ 35</td></tr><tr><td style='padding:3px 6px; font-weight:bold; background-color:#f2f2f2;'>นักเกษตร</td><td style='padding:3px 6px;'>8301</td></tr><tr><td style='padding:3px 6px; font-weight:bold; background-color:#f2f2f2;'>ศูนย์</td><td style='padding:3px 6px;'>K2-83</td></tr><tr><td style='padding:3px 6px; font-weight:bold; background-color:#f2f2f2;'>โควตา</td><td style='padding:3px 6px;'>788022</td></tr><tr><td style='padding:3px 6px; font-weight:bold; background-color:#f2f2f2;'>ชาวไร่</td><td style='padding:3px 6px;'>นาง บังอร กระแสเทพ</td></tr><tr><td style='padding:3px 6px; font-weight:bold; background-color:#f2f2f2;'>ประเภทอ้อย</td><td style='padding:3px 6px;'>ปลายฝน</td></tr><tr><td style='padding:3px 6px; font-weight:bold; background-color:#f2f2f2;'>พื้นที่</td><td style='padding:3px 6px;'>4.26</td></tr><tr><td style='padding:3px 6px; font-weight:bold; background-color:#f2f2f2;'>ตันรวม</td><td style='padding:3px 6px;'>55.38</td></tr><tr><td style='padding:3px 6px; font-weight:bold; background-color:#f2f2f2;'>รหัสแปลง</td><td style='padding:3px 6px;'>320407041552</td></tr><tr><td style='padding:3px 6px; font-weight:bold; background-color:#f2f2f2;'>กลุ่ม</td><td style='padding:3px 6px;'>กลุ่ม_83</td></tr></table></div>]]></description>
      <styleUrl>#plotStyle</styleUrl>
      <MultiGeometry><Polygon><outerBoundaryIs><LinearRing><coordinates>103.6086308,15.1679461,0 103.6082930,15.1679823,0 103.6084059,15.1694591,0 103.6088264,15.1694401,0 103.6087682,15.1692496,0 103.6087668,15.1691711,0 103.6087648,15.1689022,0 103.6087367,15.1686058,0 103.6086308,15.1679461,0</coordinates></LinearRing></outerBoundaryIs></Polygon></MultiGeometry>
    </Placemark>
    <Placemark>
      <name>320402100001</name>
      <description><![CDATA[<div style='font-family:Tahoma,sans-serif; font-size:13px;'><h3 style='color:#1565C0; margin:4px 0;'>รหัสแปลง: 320402100001</h3><p style='margin:2px 0;'><b>กลุ่มคิว:</b> 83_001</p><table border='1' style='border-collapse:collapse; border-color:#ccc; width:100%;'><tr><td style='padding:3px 6px; font-weight:bold; background-color:#f2f2f2;'>รหัสกลุ่มคิว</td><td style='padding:3px 6px;'>83/001</td></tr><tr><td style='padding:3px 6px; font-weight:bold; background-color:#f2f2f2;'>รหัสรับเหมา</td><td style='padding:3px 6px;'>738889</td></tr><tr><td style='padding:3px 6px; font-weight:bold; background-color:#f2f2f2;'>ชื่อ-สกุล รับเหมา</td><td style='padding:3px 6px;'>รถตัดโรงงานเบอร์ 35</td></tr><tr><td style='padding:3px 6px; font-weight:bold; background-color:#f2f2f2;'>นักเกษตร</td><td style='padding:3px 6px;'>8301</td></tr><tr><td style='padding:3px 6px; font-weight:bold; background-color:#f2f2f2;'>ศูนย์</td><td style='padding:3px 6px;'>K2-83</td></tr><tr><td style='padding:3px 6px; font-weight:bold; background-color:#f2f2f2;'>โควตา</td><td style='padding:3px 6px;'>787085</td></tr><tr><td style='padding:3px 6px; font-weight:bold; background-color:#f2f2f2;'>ชาวไร่</td><td style='padding:3px 6px;'>นาย พงษ์พิชิต ตลับทอง</td></tr><tr><td style='padding:3px 6px; font-weight:bold; background-color:#f2f2f2;'>ประเภทอ้อย</td><td style='padding:3px 6px;'>ปลายฝน</td></tr><tr><td style='padding:3px 6px; font-weight:bold; background-color:#f2f2f2;'>พื้นที่</td><td style='padding:3px 6px;'>16.22</td></tr><tr><td style='padding:3px 6px; font-weight:bold; background-color:#f2f2f2;'>ตันรวม</td><td style='padding:3px 6px;'>210.86</td></tr><tr><td style='padding:3px 6px; font-weight:bold; background-color:#f2f2f2;'>รหัสแปลง</td><td style='padding:3px 6px;'>320402100001</td></tr><tr><td style='padding:3px 6px; font-weight:bold; background-color:#f2f2f2;'>กลุ่ม</td><td style='padding:3px 6px;'>กลุ่ม_83</td></tr></table></div>]]></description>
      <styleUrl>#plotStyle</styleUrl>
      <MultiGeometry><Polygon><outerBoundaryIs><LinearRing><coordinates>103.4886996,15.1815074,0 103.4885601,15.1821442,0 103.4894708,15.1823638,0 103.4897828,15.1827160,0 103.4897428,15.1831351,0 103.4904545,15.1833674,0 103.4906255,15.1820611,0 103.4906979,15.1820639,0 103.4907886,15.1817490,0 103.4886996,15.1815074,0</coordinates></LinearRing></outerBoundaryIs></Polygon></MultiGeometry>
    </Placemark>
    <Placemark>
      <name>320402100002</name>
      <description><![CDATA[<div style='font-family:Tahoma,sans-serif; font-size:13px;'><h3 style='color:#1565C0; margin:4px 0;'>รหัสแปลง: 320402100002</h3><p style='margin:2px 0;'><b>กลุ่มคิว:</b> 83_001</p><table border='1' style='border-collapse:collapse; border-color:#ccc; width:100%;'><tr><td style='padding:3px 6px; font-weight:bold; background-color:#f2f2f2;'>รหัสกลุ่มคิว</td><td style='padding:3px 6px;'>83/001</td></tr><tr><td style='padding:3px 6px; font-weight:bold; background-color:#f2f2f2;'>รหัสรับเหมา</td><td style='padding:3px 6px;'>738889</td></tr><tr><td style='padding:3px 6px; font-weight:bold; background-color:#f2f2f2;'>ชื่อ-สกุล รับเหมา</td><td style='padding:3px 6px;'>รถตัดโรงงานเบอร์ 35</td></tr><tr><td style='padding:3px 6px; font-weight:bold; background-color:#f2f2f2;'>นักเกษตร</td><td style='padding:3px 6px;'>8301</td></tr><tr><td style='padding:3px 6px; font-weight:bold; background-color:#f2f2f2;'>ศูนย์</td><td style='padding:3px 6px;'>K2-83</td></tr><tr><td style='padding:3px 6px; font-weight:bold; background-color:#f2f2f2;'>โควตา</td><td style='padding:3px 6px;'>782492</td></tr><tr><td style='padding:3px 6px; font-weight:bold; background-color:#f2f2f2;'>ชาวไร่</td><td style='padding:3px 6px;'>นาย วิทยา แสนกล้า</td></tr><tr><td style='padding:3px 6px; font-weight:bold; background-color:#f2f2f2;'>ประเภทอ้อย</td><td style='padding:3px 6px;'>ปลายฝน</td></tr><tr><td style='padding:3px 6px; font-weight:bold; background-color:#f2f2f2;'>พื้นที่</td><td style='padding:3px 6px;'>9.51</td></tr><tr><td style='padding:3px 6px; font-weight:bold; background-color:#f2f2f2;'>ตันรวม</td><td style='padding:3px 6px;'>123.63</td></tr><tr><td style='padding:3px 6px; font-weight:bold; background-color:#f2f2f2;'>รหัสแปลง</td><td style='padding:3px 6px;'>320402100002</td></tr><tr><td style='padding:3px 6px; font-weight:bold; background-color:#f2f2f2;'>กลุ่ม</td><td style='padding:3px 6px;'>กลุ่ม_83</td></tr></table></div>]]></description>
      <styleUrl>#plotStyle</styleUrl>
      <MultiGeometry><Polygon><outerBoundaryIs><LinearRing><coordinates>103.4908831,15.1810987,0 103.4887860,15.1809497,0 103.4887003,15.1815131,0 103.4907905,15.1817363,0 103.4908831,15.1810987,0</coordinates></LinearRing></outerBoundaryIs></Polygon></MultiGeometry>
    </Placemark>
    <Placemark>
      <name>320402100003</name>
      <description><![CDATA[<div style='font-family:Tahoma,sans-serif; font-size:13px;'><h3 style='color:#1565C0; margin:4px 0;'>รหัสแปลง: 320402100003</h3><p style='margin:2px 0;'><b>กลุ่มคิว:</b> 83_001</p><table border='1' style='border-collapse:collapse; border-color:#ccc; width:100%;'><tr><td style='padding:3px 6px; font-weight:bold; background-color:#f2f2f2;'>รหัสกลุ่มคิว</td><td style='padding:3px 6px;'>83/001</td></tr><tr><td style='padding:3px 6px; font-weight:bold; background-color:#f2f2f2;'>รหัสรับเหมา</td><td style='padding:3px 6px;'>738889</td></tr><tr><td style='padding:3px 6px; font-weight:bold; background-color:#f2f2f2;'>ชื่อ-สกุล รับเหมา</td><td style='padding:3px 6px;'>รถตัดโรงงานเบอร์ 35</td></tr><tr><td style='padding:3px 6px; font-weight:bold; background-color:#f2f2f2;'>นักเกษตร</td><td style='padding:3px 6px;'>8301</td></tr><tr><td style='padding:3px 6px; font-weight:bold; background-color:#f2f2f2;'>ศูนย์</td><td style='padding:3px 6px;'>K2-83</td></tr><tr><td style='padding:3px 6px; font-weight:bold; background-color:#f2f2f2;'>โควตา</td><td style='padding:3px 6px;'>782452</td></tr><tr><td style='padding:3px 6px; font-weight:bold; background-color:#f2f2f2;'>ชาวไร่</td><td style='padding:3px 6px;'>นาย สุคม บุญเลิศ</td></tr><tr><td style='padding:3px 6px; font-weight:bold; background-color:#f2f2f2;'>ประเภทอ้อย</td><td style='padding:3px 6px;'>ปลายฝน</td></tr><tr><td style='padding:3px 6px; font-weight:bold; background-color:#f2f2f2;'>พื้นที่</td><td style='padding:3px 6px;'>10.69</td></tr><tr><td style='padding:3px 6px; font-weight:bold; background-color:#f2f2f2;'>ตันรวม</td><td style='padding:3px 6px;'>138.97</td></tr><tr><td style='padding:3px 6px; font-weight:bold; background-color:#f2f2f2;'>รหัสแปลง</td><td style='padding:3px 6px;'>320402100003</td></tr><tr><td style='padding:3px 6px; font-weight:bold; background-color:#f2f2f2;'>กลุ่ม</td><td style='padding:3px 6px;'>กลุ่ม_83</td></tr></table></div>]]></description>
      <styleUrl>#plotStyle</styleUrl>
      <MultiGeometry><Polygon><outerBoundaryIs><LinearRing><coordinates>103.4888235,15.1809344,0 103.4908898,15.1811162,0 103.4908222,15.1803717,0 103.4889141,15.1802395,0 103.4888235,15.1809344,0</coordinates></LinearRing></outerBoundaryIs></Polygon></MultiGeometry>
    </Placemark>
    <Placemark>
      <name>320409060003</name>
      <description><![CDATA[<div style='font-family:Tahoma,sans-serif; font-size:13px;'><h3 style='color:#1565C0; margin:4px 0;'>รหัสแปลง: 320409060003</h3><p style='margin:2px 0;'><b>กลุ่มคิว:</b> 83_001</p><table border='1' style='border-collapse:collapse; border-color:#ccc; width:100%;'><tr><td style='padding:3px 6px; font-weight:bold; background-color:#f2f2f2;'>รหัสกลุ่มคิว</td><td style='padding:3px 6px;'>83/001</td></tr><tr><td style='padding:3px 6px; font-weight:bold; background-color:#f2f2f2;'>รหัสรับเหมา</td><td style='padding:3px 6px;'>738889</td></tr><tr><td style='padding:3px 6px; font-weight:bold; background-color:#f2f2f2;'>ชื่อ-สกุล รับเหมา</td><td style='padding:3px 6px;'>รถตัดโรงงานเบอร์ 35</td></tr><tr><td style='padding:3px 6px; font-weight:bold; background-color:#f2f2f2;'>นักเกษตร</td><td style='padding:3px 6px;'>8301</td></tr><tr><td style='padding:3px 6px; font-weight:bold; background-color:#f2f2f2;'>ศูนย์</td><td style='padding:3px 6px;'>K2-83</td></tr><tr><td style='padding:3px 6px; font-weight:bold; background-color:#f2f2f2;'>โควตา</td><td style='padding:3px 6px;'>782403</td></tr><tr><td style='padding:3px 6px; font-weight:bold; background-color:#f2f2f2;'>ชาวไร่</td><td style='padding:3px 6px;'>นาย พิทักษ์ แสนกล้า</td></tr><tr><td style='padding:3px 6px; font-weight:bold; background-color:#f2f2f2;'>ประเภทอ้อย</td><td style='padding:3px 6px;'>ปลายฝน</td></tr><tr><td style='padding:3px 6px; font-weight:bold; background-color:#f2f2f2;'>พื้นที่</td><td style='padding:3px 6px;'>7.75</td></tr><tr><td style='padding:3px 6px; font-weight:bold; background-color:#f2f2f2;'>ตันรวม</td><td style='padding:3px 6px;'>100.75</td></tr><tr><td style='padding:3px 6px; font-weight:bold; background-color:#f2f2f2;'>รหัสแปลง</td><td style='padding:3px 6px;'>320409060003</td></tr><tr><td style='padding:3px 6px; font-weight:bold; background-color:#f2f2f2;'>กลุ่ม</td><td style='padding:3px 6px;'>กลุ่ม_83</td></tr></table></div>]]></description>
      <styleUrl>#plotStyle</styleUrl>
      <MultiGeometry><Polygon><outerBoundaryIs><LinearRing><coordinates>103.5560473,15.1540292,0 103.5561454,15.1542201,0 103.5561863,15.1542311,0 103.5593654,15.1533104,0 103.5592233,15.1529499,0 103.5560473,15.1540292,0</coordinates></LinearRing></outerBoundaryIs></Polygon></MultiGeometry>
    </Placemark>
    <Placemark>
      <name>320402100004</name>
      <description><![CDATA[<div style='font-family:Tahoma,sans-serif; font-size:13px;'><h3 style='color:#1565C0; margin:4px 0;'>รหัสแปลง: 320402100004</h3><p style='margin:2px 0;'><b>กลุ่มคิว:</b> 83_001</p><table border='1' style='border-collapse:collapse; border-color:#ccc; width:100%;'><tr><td style='padding:3px 6px; font-weight:bold; background-color:#f2f2f2;'>รหัสกลุ่มคิว</td><td style='padding:3px 6px;'>83/001</td></tr><tr><td style='padding:3px 6px; font-weight:bold; background-color:#f2f2f2;'>รหัสรับเหมา</td><td style='padding:3px 6px;'>738889</td></tr><tr><td style='padding:3px 6px; font-weight:bold; background-color:#f2f2f2;'>ชื่อ-สกุล รับเหมา</td><td style='padding:3px 6px;'>รถตัดโรงงานเบอร์ 35</td></tr><tr><td style='padding:3px 6px; font-weight:bold; background-color:#f2f2f2;'>นักเกษตร</td><td style='padding:3px 6px;'>8301</td></tr><tr><td style='padding:3px 6px; font-weight:bold; background-color:#f2f2f2;'>ศูนย์</td><td style='padding:3px 6px;'>K2-83</td></tr><tr><td style='padding:3px 6px; font-weight:bold; background-color:#f2f2f2;'>โควตา</td><td style='padding:3px 6px;'>788049</td></tr><tr><td style='padding:3px 6px; font-weight:bold; background-color:#f2f2f2;'>ชาวไร่</td><td style='padding:3px 6px;'>นาย มงคล พุฒหล้า</td></tr><tr><td style='padding:3px 6px; font-weight:bold; background-color:#f2f2f2;'>ประเภทอ้อย</td><td style='padding:3px 6px;'>ปลายฝน</td></tr><tr><td style='padding:3px 6px; font-weight:bold; background-color:#f2f2f2;'>พื้นที่</td><td style='padding:3px 6px;'>17.94</td></tr><tr><td style='padding:3px 6px; font-weight:bold; background-color:#f2f2f2;'>ตันรวม</td><td style='padding:3px 6px;'>233.22</td></tr><tr><td style='padding:3px 6px; font-weight:bold; background-color:#f2f2f2;'>รหัสแปลง</td><td style='padding:3px 6px;'>320402100004</td></tr><tr><td style='padding:3px 6px; font-weight:bold; background-color:#f2f2f2;'>กลุ่ม</td><td style='padding:3px 6px;'>กลุ่ม_83</td></tr></table></div>]]></description>
      <styleUrl>#plotStyle</styleUrl>
      <MultiGeometry><Polygon><outerBoundaryIs><LinearRing><coordinates>103.4927483,15.1860771,0 103.4935937,15.1859787,0 103.4936637,15.1859625,0 103.4937088,15.1859080,0 103.4937915,15.1847985,0 103.4937655,15.1842787,0 103.4937380,15.1840540,0 103.4936790,15.1831740,0 103.4929178,15.1832321,0 103.4929284,15.1835063,0 103.4930102,15.1835692,0 103.4927483,15.1860771,0</coordinates></LinearRing></outerBoundaryIs></Polygon></MultiGeometry>
    </Placemark>
    <Placemark>
      <name>320402100005</name>
      <description><![CDATA[<div style='font-family:Tahoma,sans-serif; font-size:13px;'><h3 style='color:#1565C0; margin:4px 0;'>รหัสแปลง: 320402100005</h3><p style='margin:2px 0;'><b>กลุ่มคิว:</b> 83_001</p><table border='1' style='border-collapse:collapse; border-color:#ccc; width:100%;'><tr><td style='padding:3px 6px; font-weight:bold; background-color:#f2f2f2;'>รหัสกลุ่มคิว</td><td style='padding:3px 6px;'>83/001</td></tr><tr><td style='padding:3px 6px; font-weight:bold; background-color:#f2f2f2;'>รหัสรับเหมา</td><td style='padding:3px 6px;'>738889</td></tr><tr><td style='padding:3px 6px; font-weight:bold; background-color:#f2f2f2;'>ชื่อ-สกุล รับเหมา</td><td style='padding:3px 6px;'>รถตัดโรงงานเบอร์ 35</td></tr><tr><td style='padding:3px 6px; font-weight:bold; background-color:#f2f2f2;'>นักเกษตร</td><td style='padding:3px 6px;'>8301</td></tr><tr><td style='padding:3px 6px; font-weight:bold; background-color:#f2f2f2;'>ศูนย์</td><td style='padding:3px 6px;'>K2-83</td></tr><tr><td style='padding:3px 6px; font-weight:bold; background-color:#f2f2f2;'>โควตา</td><td style='padding:3px 6px;'>787114</td></tr><tr><td style='padding:3px 6px; font-weight:bold; background-color:#f2f2f2;'>ชาวไร่</td><td style='padding:3px 6px;'>นาย สมปอง สมานมิตร</td></tr><tr><td style='padding:3px 6px; font-weight:bold; background-color:#f2f2f2;'>ประเภทอ้อย</td><td style='padding:3px 6px;'>ปลายฝน</td></tr><tr><td style='padding:3px 6px; font-weight:bold; background-color:#f2f2f2;'>พื้นที่</td><td style='padding:3px 6px;'>4.59</td></tr><tr><td style='padding:3px 6px; font-weight:bold; background-color:#f2f2f2;'>ตันรวม</td><td style='padding:3px 6px;'>59.67</td></tr><tr><td style='padding:3px 6px; font-weight:bold; background-color:#f2f2f2;'>รหัสแปลง</td><td style='padding:3px 6px;'>320402100005</td></tr><tr><td style='padding:3px 6px; font-weight:bold; background-color:#f2f2f2;'>กลุ่ม</td><td style='padding:3px 6px;'>กลุ่ม_83</td></tr></table></div>]]></description>
      <styleUrl>#plotStyle</styleUrl>
      <MultiGeometry><Polygon><outerBoundaryIs><LinearRing><coordinates>103.4891787,15.1783150,0 103.4883234,15.1782552,0 103.4882959,15.1790238,0 103.4890782,15.1790417,0 103.4891787,15.1783150,0</coordinates></LinearRing></outerBoundaryIs></Polygon></MultiGeometry>
    </Placemark>
    <Placemark>
      <name>320409060004</name>
      <description><![CDATA[<div style='font-family:Tahoma,sans-serif; font-size:13px;'><h3 style='color:#1565C0; margin:4px 0;'>รหัสแปลง: 320409060004</h3><p style='margin:2px 0;'><b>กลุ่มคิว:</b> 83_001</p><table border='1' style='border-collapse:collapse; border-color:#ccc; width:100%;'><tr><td style='padding:3px 6px; font-weight:bold; background-color:#f2f2f2;'>รหัสกลุ่มคิว</td><td style='padding:3px 6px;'>83/001</td></tr><tr><td style='padding:3px 6px; font-weight:bold; background-color:#f2f2f2;'>รหัสรับเหมา</td><td style='padding:3px 6px;'>738889</td></tr><tr><td style='padding:3px 6px; font-weight:bold; background-color:#f2f2f2;'>ชื่อ-สกุล รับเหมา</td><td style='padding:3px 6px;'>รถตัดโรงงานเบอร์ 35</td></tr><tr><td style='padding:3px 6px; font-weight:bold; background-color:#f2f2f2;'>นักเกษตร</td><td style='padding:3px 6px;'>8301</td></tr><tr><td style='padding:3px 6px; font-weight:bold; background-color:#f2f2f2;'>ศูนย์</td><td style='padding:3px 6px;'>K2-83</td></tr><tr><td style='padding:3px 6px; font-weight:bold; background-color:#f2f2f2;'>โควตา</td><td style='padding:3px 6px;'>788097</td></tr><tr><td style='padding:3px 6px; font-weight:bold; background-color:#f2f2f2;'>ชาวไร่</td><td style='padding:3px 6px;'>นาย ธนชัย สายน้อย</td></tr><tr><td style='padding:3px 6px; font-weight:bold; background-color:#f2f2f2;'>ประเภทอ้อย</td><td style='padding:3px 6px;'>ปลายฝน</td></tr><tr><td style='padding:3px 6px; font-weight:bold; background-color:#f2f2f2;'>พื้นที่</td><td style='padding:3px 6px;'>6.75</td></tr><tr><td style='padding:3px 6px; font-weight:bold; background-color:#f2f2f2;'>ตันรวม</td><td style='padding:3px 6px;'>87.75</td></tr><tr><td style='padding:3px 6px; font-weight:bold; background-color:#f2f2f2;'>รหัสแปลง</td><td style='padding:3px 6px;'>320409060004</td></tr><tr><td style='padding:3px 6px; font-weight:bold; background-color:#f2f2f2;'>กลุ่ม</td><td style='padding:3px 6px;'>กลุ่ม_83</td></tr></table></div>]]></description>
      <styleUrl>#plotStyle</styleUrl>
      <MultiGeometry><Polygon><outerBoundaryIs><LinearRing><coordinates>103.5531179,15.1389128,0 103.5533828,15.1389087,0 103.5533185,15.1381636,0 103.5521195,15.1382079,0 103.5521730,15.1389667,0 103.5531179,15.1389128,0</coordinates></LinearRing></outerBoundaryIs></Polygon></MultiGeometry>
    </Placemark>
    <Placemark>
      <name>320407090025</name>
      <description><![CDATA[<div style='font-family:Tahoma,sans-serif; font-size:13px;'><h3 style='color:#1565C0; margin:4px 0;'>รหัสแปลง: 320407090025</h3><p style='margin:2px 0;'><b>กลุ่มคิว:</b> 83_001</p><table border='1' style='border-collapse:collapse; border-color:#ccc; width:100%;'><tr><td style='padding:3px 6px; font-weight:bold; background-color:#f2f2f2;'>รหัสกลุ่มคิว</td><td style='padding:3px 6px;'>83/001</td></tr><tr><td style='padding:3px 6px; font-weight:bold; background-color:#f2f2f2;'>รหัสรับเหมา</td><td style='padding:3px 6px;'>738889</td></tr><tr><td style='padding:3px 6px; font-weight:bold; background-color:#f2f2f2;'>ชื่อ-สกุล รับเหมา</td><td style='padding:3px 6px;'>รถตัดโรงงานเบอร์ 35</td></tr><tr><td style='padding:3px 6px; font-weight:bold; background-color:#f2f2f2;'>นักเกษตร</td><td style='padding:3px 6px;'>8301</td></tr><tr><td style='padding:3px 6px; font-weight:bold; background-color:#f2f2f2;'>ศูนย์</td><td style='padding:3px 6px;'>K2-83</td></tr><tr><td style='padding:3px 6px; font-weight:bold; background-color:#f2f2f2;'>โควตา</td><td style='padding:3px 6px;'>788075</td></tr><tr><td style='padding:3px 6px; font-weight:bold; background-color:#f2f2f2;'>ชาวไร่</td><td style='padding:3px 6px;'>นาย พนาศักดิ์ กระแสเทพ</td></tr><tr><td style='padding:3px 6px; font-weight:bold; background-color:#f2f2f2;'>ประเภทอ้อย</td><td style='padding:3px 6px;'>ปลายฝน</td></tr><tr><td style='padding:3px 6px; font-weight:bold; background-color:#f2f2f2;'>พื้นที่</td><td style='padding:3px 6px;'>1.86</td></tr><tr><td style='padding:3px 6px; font-weight:bold; background-color:#f2f2f2;'>ตันรวม</td><td style='padding:3px 6px;'>24.18</td></tr><tr><td style='padding:3px 6px; font-weight:bold; background-color:#f2f2f2;'>รหัสแปลง</td><td style='padding:3px 6px;'>320407090025</td></tr><tr><td style='padding:3px 6px; font-weight:bold; background-color:#f2f2f2;'>กลุ่ม</td><td style='padding:3px 6px;'>กลุ่ม_83</td></tr></table></div>]]></description>
      <styleUrl>#plotStyle</styleUrl>
      <MultiGeometry><Polygon><outerBoundaryIs><LinearRing><coordinates>103.6121179,15.1699321,0 103.6120238,15.1699116,0 103.6120046,15.1698644,0 103.6120372,15.1697022,0 103.6118960,15.1696538,0 103.6117005,15.1708026,0 103.6117383,15.1708632,0 103.6118336,15.1708233,0 103.6118655,15.1708013,0 103.6118932,15.1707770,0 103.6119091,15.1707509,0 103.6119203,15.1707317,0 103.6121179,15.1699321,0</coordinates></LinearRing></outerBoundaryIs></Polygon></MultiGeometry>
    </Placemark>
    <Placemark>
      <name>320801080001</name>
      <description><![CDATA[<div style='font-family:Tahoma,sans-serif; font-size:13px;'><h3 style='color:#1565C0; margin:4px 0;'>รหัสแปลง: 320801080001</h3><p style='margin:2px 0;'><b>กลุ่มคิว:</b> 83_001</p><table border='1' style='border-collapse:collapse; border-color:#ccc; width:100%;'><tr><td style='padding:3px 6px; font-weight:bold; background-color:#f2f2f2;'>รหัสกลุ่มคิว</td><td style='padding:3px 6px;'>83/001</td></tr><tr><td style='padding:3px 6px; font-weight:bold; background-color:#f2f2f2;'>รหัสรับเหมา</td><td style='padding:3px 6px;'>738889</td></tr><tr><td style='padding:3px 6px; font-weight:bold; background-color:#f2f2f2;'>ชื่อ-สกุล รับเหมา</td><td style='padding:3px 6px;'>รถตัดโรงงานเบอร์ 35</td></tr><tr><td style='padding:3px 6px; font-weight:bold; background-color:#f2f2f2;'>นักเกษตร</td><td style='padding:3px 6px;'>8301</td></tr><tr><td style='padding:3px 6px; font-weight:bold; background-color:#f2f2f2;'>ศูนย์</td><td style='padding:3px 6px;'>K2-83</td></tr><tr><td style='padding:3px 6px; font-weight:bold; background-color:#f2f2f2;'>โควตา</td><td style='padding:3px 6px;'>787110</td></tr><tr><td style='padding:3px 6px; font-weight:bold; background-color:#f2f2f2;'>ชาวไร่</td><td style='padding:3px 6px;'>นาง ปรียนันท์ เอี่ยมอาจิณ</td></tr><tr><td style='padding:3px 6px; font-weight:bold; background-color:#f2f2f2;'>ประเภทอ้อย</td><td style='padding:3px 6px;'>ปลายฝน</td></tr><tr><td style='padding:3px 6px; font-weight:bold; background-color:#f2f2f2;'>พื้นที่</td><td style='padding:3px 6px;'>20.26</td></tr><tr><td style='padding:3px 6px; font-weight:bold; background-color:#f2f2f2;'>ตันรวม</td><td style='padding:3px 6px;'>263.38</td></tr><tr><td style='padding:3px 6px; font-weight:bold; background-color:#f2f2f2;'>รหัสแปลง</td><td style='padding:3px 6px;'>320801080001</td></tr><tr><td style='padding:3px 6px; font-weight:bold; background-color:#f2f2f2;'>กลุ่ม</td><td style='padding:3px 6px;'>กลุ่ม_83</td></tr></table></div>]]></description>
      <styleUrl>#plotStyle</styleUrl>
      <MultiGeometry><Polygon><outerBoundaryIs><LinearRing><coordinates>103.7546406,15.1992440,0 103.7546269,15.1995330,0 103.7543799,15.1995520,0 103.7544004,15.2003148,0 103.7545013,15.2015435,0 103.7545157,15.2018199,0 103.7554959,15.2019942,0 103.7555144,15.2017949,0 103.7555690,15.1999666,0 103.7554156,15.1999541,0 103.7554361,15.1994791,0 103.7552799,15.1994008,0 103.7546406,15.1992440,0</coordinates></LinearRing></outerBoundaryIs></Polygon></MultiGeometry>
    </Placemark>
    <Placemark>
      <name>320401071519</name>
      <description><![CDATA[<div style='font-family:Tahoma,sans-serif; font-size:13px;'><h3 style='color:#1565C0; margin:4px 0;'>รหัสแปลง: 320401071519</h3><p style='margin:2px 0;'><b>กลุ่มคิว:</b> 83_001</p><table border='1' style='border-collapse:collapse; border-color:#ccc; width:100%;'><tr><td style='padding:3px 6px; font-weight:bold; background-color:#f2f2f2;'>รหัสกลุ่มคิว</td><td style='padding:3px 6px;'>83/001</td></tr><tr><td style='padding:3px 6px; font-weight:bold; background-color:#f2f2f2;'>รหัสรับเหมา</td><td style='padding:3px 6px;'>738889</td></tr><tr><td style='padding:3px 6px; font-weight:bold; background-color:#f2f2f2;'>ชื่อ-สกุล รับเหมา</td><td style='padding:3px 6px;'>รถตัดโรงงานเบอร์ 35</td></tr><tr><td style='padding:3px 6px; font-weight:bold; background-color:#f2f2f2;'>นักเกษตร</td><td style='padding:3px 6px;'>8301</td></tr><tr><td style='padding:3px 6px; font-weight:bold; background-color:#f2f2f2;'>ศูนย์</td><td style='padding:3px 6px;'>K2-83</td></tr><tr><td style='padding:3px 6px; font-weight:bold; background-color:#f2f2f2;'>โควตา</td><td style='padding:3px 6px;'>787028</td></tr><tr><td style='padding:3px 6px; font-weight:bold; background-color:#f2f2f2;'>ชาวไร่</td><td style='padding:3px 6px;'>นาง เง็ก ธนาศุภวัฒน์</td></tr><tr><td style='padding:3px 6px; font-weight:bold; background-color:#f2f2f2;'>ประเภทอ้อย</td><td style='padding:3px 6px;'>ปลายฝน</td></tr><tr><td style='padding:3px 6px; font-weight:bold; background-color:#f2f2f2;'>พื้นที่</td><td style='padding:3px 6px;'>1.43</td></tr><tr><td style='padding:3px 6px; font-weight:bold; background-color:#f2f2f2;'>ตันรวม</td><td style='padding:3px 6px;'>18.59</td></tr><tr><td style='padding:3px 6px; font-weight:bold; background-color:#f2f2f2;'>รหัสแปลง</td><td style='padding:3px 6px;'>320401071519</td></tr><tr><td style='padding:3px 6px; font-weight:bold; background-color:#f2f2f2;'>กลุ่ม</td><td style='padding:3px 6px;'>กลุ่ม_83</td></tr></table></div>]]></description>
      <styleUrl>#plotStyle</styleUrl>
      <MultiGeometry><Polygon><outerBoundaryIs><LinearRing><coordinates>103.6124685,15.1298284,0 103.6121741,15.1290927,0 103.6119612,15.1291268,0 103.6120644,15.1294712,0 103.6122462,15.1293629,0 103.6122554,15.1294161,0 103.6120760,15.1295099,0 103.6121980,15.1299174,0 103.6124685,15.1298284,0</coordinates></LinearRing></outerBoundaryIs></Polygon></MultiGeometry>
    </Placemark>
    <Placemark>
      <name>320401071520</name>
      <description><![CDATA[<div style='font-family:Tahoma,sans-serif; font-size:13px;'><h3 style='color:#1565C0; margin:4px 0;'>รหัสแปลง: 320401071520</h3><p style='margin:2px 0;'><b>กลุ่มคิว:</b> 83_001</p><table border='1' style='border-collapse:collapse; border-color:#ccc; width:100%;'><tr><td style='padding:3px 6px; font-weight:bold; background-color:#f2f2f2;'>รหัสกลุ่มคิว</td><td style='padding:3px 6px;'>83/001</td></tr><tr><td style='padding:3px 6px; font-weight:bold; background-color:#f2f2f2;'>รหัสรับเหมา</td><td style='padding:3px 6px;'>738889</td></tr><tr><td style='padding:3px 6px; font-weight:bold; background-color:#f2f2f2;'>ชื่อ-สกุล รับเหมา</td><td style='padding:3px 6px;'>รถตัดโรงงานเบอร์ 35</td></tr><tr><td style='padding:3px 6px; font-weight:bold; background-color:#f2f2f2;'>นักเกษตร</td><td style='padding:3px 6px;'>8301</td></tr><tr><td style='padding:3px 6px; font-weight:bold; background-color:#f2f2f2;'>ศูนย์</td><td style='padding:3px 6px;'>K2-83</td></tr><tr><td style='padding:3px 6px; font-weight:bold; background-color:#f2f2f2;'>โควตา</td><td style='padding:3px 6px;'>787028</td></tr><tr><td style='padding:3px 6px; font-weight:bold; background-color:#f2f2f2;'>ชาวไร่</td><td style='padding:3px 6px;'>นาง เง็ก ธนาศุภวัฒน์</td></tr><tr><td style='padding:3px 6px; font-weight:bold; background-color:#f2f2f2;'>ประเภทอ้อย</td><td style='padding:3px 6px;'>ปลายฝน</td></tr><tr><td style='padding:3px 6px; font-weight:bold; background-color:#f2f2f2;'>พื้นที่</td><td style='padding:3px 6px;'>6.31</td></tr><tr><td style='padding:3px 6px; font-weight:bold; background-color:#f2f2f2;'>ตันรวม</td><td style='padding:3px 6px;'>82.03</td></tr><tr><td style='padding:3px 6px; font-weight:bold; background-color:#f2f2f2;'>รหัสแปลง</td><td style='padding:3px 6px;'>320401071520</td></tr><tr><td style='padding:3px 6px; font-weight:bold; background-color:#f2f2f2;'>กลุ่ม</td><td style='padding:3px 6px;'>กลุ่ม_83</td></tr></table></div>]]></description>
      <styleUrl>#plotStyle</styleUrl>
      <MultiGeometry><Polygon><outerBoundaryIs><LinearRing><coordinates>103.6126904,15.1298763,0 103.6121911,15.1299685,0 103.6123716,15.1305558,0 103.6128831,15.1304947,0 103.6129093,15.1306478,0 103.6134398,15.1304876,0 103.6134264,15.1304337,0 103.6136374,15.1303237,0 103.6134448,15.1299970,0 103.6132466,15.1297670,0 103.6131376,15.1298037,0 103.6129455,15.1296076,0 103.6127432,15.1297651,0 103.6128991,15.1304718,0 103.6128424,15.1304905,0 103.6126904,15.1298763,0</coordinates></LinearRing></outerBoundaryIs></Polygon></MultiGeometry>
    </Placemark>
    <Placemark>
      <name>320409060005</name>
      <description><![CDATA[<div style='font-family:Tahoma,sans-serif; font-size:13px;'><h3 style='color:#1565C0; margin:4px 0;'>รหัสแปลง: 320409060005</h3><p style='margin:2px 0;'><b>กลุ่มคิว:</b> 83_001</p><table border='1' style='border-collapse:collapse; border-color:#ccc; width:100%;'><tr><td style='padding:3px 6px; font-weight:bold; background-color:#f2f2f2;'>รหัสกลุ่มคิว</td><td style='padding:3px 6px;'>83/001</td></tr><tr><td style='padding:3px 6px; font-weight:bold; background-color:#f2f2f2;'>รหัสรับเหมา</td><td style='padding:3px 6px;'>738889</td></tr><tr><td style='padding:3px 6px; font-weight:bold; background-color:#f2f2f2;'>ชื่อ-สกุล รับเหมา</td><td style='padding:3px 6px;'>รถตัดโรงงานเบอร์ 35</td></tr><tr><td style='padding:3px 6px; font-weight:bold; background-color:#f2f2f2;'>นักเกษตร</td><td style='padding:3px 6px;'>8301</td></tr><tr><td style='padding:3px 6px; font-weight:bold; background-color:#f2f2f2;'>ศูนย์</td><td style='padding:3px 6px;'>K2-83</td></tr><tr><td style='padding:3px 6px; font-weight:bold; background-color:#f2f2f2;'>โควตา</td><td style='padding:3px 6px;'>782403</td></tr><tr><td style='padding:3px 6px; font-weight:bold; background-color:#f2f2f2;'>ชาวไร่</td><td style='padding:3px 6px;'>นาย พิทักษ์ แสนกล้า</td></tr><tr><td style='padding:3px 6px; font-weight:bold; background-color:#f2f2f2;'>ประเภทอ้อย</td><td style='padding:3px 6px;'>ปลายฝน</td></tr><tr><td style='padding:3px 6px; font-weight:bold; background-color:#f2f2f2;'>พื้นที่</td><td style='padding:3px 6px;'>4.59</td></tr><tr><td style='padding:3px 6px; font-weight:bold; background-color:#f2f2f2;'>ตันรวม</td><td style='padding:3px 6px;'>59.67</td></tr><tr><td style='padding:3px 6px; font-weight:bold; background-color:#f2f2f2;'>รหัสแปลง</td><td style='padding:3px 6px;'>320409060005</td></tr><tr><td style='padding:3px 6px; font-weight:bold; background-color:#f2f2f2;'>กลุ่ม</td><td style='padding:3px 6px;'>กลุ่ม_83</td></tr></table></div>]]></description>
      <styleUrl>#plotStyle</styleUrl>
      <MultiGeometry><Polygon><outerBoundaryIs><LinearRing><coordinates>103.5574006,15.1539345,0 103.5569932,15.1540023,0 103.5576016,15.1553826,0 103.5580183,15.1552857,0 103.5576288,15.1544086,0 103.5575174,15.1542003,0 103.5574811,15.1541869,0 103.5574006,15.1539345,0</coordinates></LinearRing></outerBoundaryIs></Polygon></MultiGeometry>
    </Placemark>
    <Placemark>
      <name>320401071521</name>
      <description><![CDATA[<div style='font-family:Tahoma,sans-serif; font-size:13px;'><h3 style='color:#1565C0; margin:4px 0;'>รหัสแปลง: 320401071521</h3><p style='margin:2px 0;'><b>กลุ่มคิว:</b> 83_001</p><table border='1' style='border-collapse:collapse; border-color:#ccc; width:100%;'><tr><td style='padding:3px 6px; font-weight:bold; background-color:#f2f2f2;'>รหัสกลุ่มคิว</td><td style='padding:3px 6px;'>83/001</td></tr><tr><td style='padding:3px 6px; font-weight:bold; background-color:#f2f2f2;'>รหัสรับเหมา</td><td style='padding:3px 6px;'>738889</td></tr><tr><td style='padding:3px 6px; font-weight:bold; background-color:#f2f2f2;'>ชื่อ-สกุล รับเหมา</td><td style='padding:3px 6px;'>รถตัดโรงงานเบอร์ 35</td></tr><tr><td style='padding:3px 6px; font-weight:bold; background-color:#f2f2f2;'>นักเกษตร</td><td style='padding:3px 6px;'>8301</td></tr><tr><td style='padding:3px 6px; font-weight:bold; background-color:#f2f2f2;'>ศูนย์</td><td style='padding:3px 6px;'>K2-83</td></tr><tr><td style='padding:3px 6px; font-weight:bold; background-color:#f2f2f2;'>โควตา</td><td style='padding:3px 6px;'>787028</td></tr><tr><td style='padding:3px 6px; font-weight:bold; background-color:#f2f2f2;'>ชาวไร่</td><td style='padding:3px 6px;'>นาง เง็ก ธนาศุภวัฒน์</td></tr><tr><td style='padding:3px 6px; font-weight:bold; background-color:#f2f2f2;'>ประเภทอ้อย</td><td style='padding:3px 6px;'>ปลายฝน</td></tr><tr><td style='padding:3px 6px; font-weight:bold; background-color:#f2f2f2;'>พื้นที่</td><td style='padding:3px 6px;'>8.0</td></tr><tr><td style='padding:3px 6px; font-weight:bold; background-color:#f2f2f2;'>ตันรวม</td><td style='padding:3px 6px;'>104.0</td></tr><tr><td style='padding:3px 6px; font-weight:bold; background-color:#f2f2f2;'>รหัสแปลง</td><td style='padding:3px 6px;'>320401071521</td></tr><tr><td style='padding:3px 6px; font-weight:bold; background-color:#f2f2f2;'>กลุ่ม</td><td style='padding:3px 6px;'>กลุ่ม_83</td></tr></table></div>]]></description>
      <styleUrl>#plotStyle</styleUrl>
      <MultiGeometry><Polygon><outerBoundaryIs><LinearRing><coordinates>103.6151625,15.1301352,0 103.6143067,15.1304708,0 103.6150638,15.1316329,0 103.6156780,15.1313603,0 103.6151625,15.1301352,0</coordinates></LinearRing></outerBoundaryIs></Polygon></MultiGeometry>
    </Placemark>
    <Placemark>
      <name>320401071522</name>
      <description><![CDATA[<div style='font-family:Tahoma,sans-serif; font-size:13px;'><h3 style='color:#1565C0; margin:4px 0;'>รหัสแปลง: 320401071522</h3><p style='margin:2px 0;'><b>กลุ่มคิว:</b> 83_001</p><table border='1' style='border-collapse:collapse; border-color:#ccc; width:100%;'><tr><td style='padding:3px 6px; font-weight:bold; background-color:#f2f2f2;'>รหัสกลุ่มคิว</td><td style='padding:3px 6px;'>83/001</td></tr><tr><td style='padding:3px 6px; font-weight:bold; background-color:#f2f2f2;'>รหัสรับเหมา</td><td style='padding:3px 6px;'>738889</td></tr><tr><td style='padding:3px 6px; font-weight:bold; background-color:#f2f2f2;'>ชื่อ-สกุล รับเหมา</td><td style='padding:3px 6px;'>รถตัดโรงงานเบอร์ 35</td></tr><tr><td style='padding:3px 6px; font-weight:bold; background-color:#f2f2f2;'>นักเกษตร</td><td style='padding:3px 6px;'>8301</td></tr><tr><td style='padding:3px 6px; font-weight:bold; background-color:#f2f2f2;'>ศูนย์</td><td style='padding:3px 6px;'>K2-83</td></tr><tr><td style='padding:3px 6px; font-weight:bold; background-color:#f2f2f2;'>โควตา</td><td style='padding:3px 6px;'>787028</td></tr><tr><td style='padding:3px 6px; font-weight:bold; background-color:#f2f2f2;'>ชาวไร่</td><td style='padding:3px 6px;'>นาง เง็ก ธนาศุภวัฒน์</td></tr><tr><td style='padding:3px 6px; font-weight:bold; background-color:#f2f2f2;'>ประเภทอ้อย</td><td style='padding:3px 6px;'>ปลายฝน</td></tr><tr><td style='padding:3px 6px; font-weight:bold; background-color:#f2f2f2;'>พื้นที่</td><td style='padding:3px 6px;'>4.48</td></tr><tr><td style='padding:3px 6px; font-weight:bold; background-color:#f2f2f2;'>ตันรวม</td><td style='padding:3px 6px;'>58.24</td></tr><tr><td style='padding:3px 6px; font-weight:bold; background-color:#f2f2f2;'>รหัสแปลง</td><td style='padding:3px 6px;'>320401071522</td></tr><tr><td style='padding:3px 6px; font-weight:bold; background-color:#f2f2f2;'>กลุ่ม</td><td style='padding:3px 6px;'>กลุ่ม_83</td></tr></table></div>]]></description>
      <styleUrl>#plotStyle</styleUrl>
      <MultiGeometry><Polygon><outerBoundaryIs><LinearRing><coordinates>103.6160563,15.1297536,0 103.6160995,15.1297892,0 103.6163423,15.1296751,0 103.6161009,15.1290436,0 103.6152406,15.1293762,0 103.6155047,15.1299771,0 103.6160563,15.1297536,0</coordinates></LinearRing></outerBoundaryIs></Polygon></MultiGeometry>
    </Placemark>
    <Placemark>
      <name>320407010041</name>
      <description><![CDATA[<div style='font-family:Tahoma,sans-serif; font-size:13px;'><h3 style='color:#1565C0; margin:4px 0;'>รหัสแปลง: 320407010041</h3><p style='margin:2px 0;'><b>กลุ่มคิว:</b> 83_001</p><table border='1' style='border-collapse:collapse; border-color:#ccc; width:100%;'><tr><td style='padding:3px 6px; font-weight:bold; background-color:#f2f2f2;'>รหัสกลุ่มคิว</td><td style='padding:3px 6px;'>83/001</td></tr><tr><td style='padding:3px 6px; font-weight:bold; background-color:#f2f2f2;'>รหัสรับเหมา</td><td style='padding:3px 6px;'>738889</td></tr><tr><td style='padding:3px 6px; font-weight:bold; background-color:#f2f2f2;'>ชื่อ-สกุล รับเหมา</td><td style='padding:3px 6px;'>รถตัดโรงงานเบอร์ 35</td></tr><tr><td style='padding:3px 6px; font-weight:bold; background-color:#f2f2f2;'>นักเกษตร</td><td style='padding:3px 6px;'>8301</td></tr><tr><td style='padding:3px 6px; font-weight:bold; background-color:#f2f2f2;'>ศูนย์</td><td style='padding:3px 6px;'>K2-83</td></tr><tr><td style='padding:3px 6px; font-weight:bold; background-color:#f2f2f2;'>โควตา</td><td style='padding:3px 6px;'>782244</td></tr><tr><td style='padding:3px 6px; font-weight:bold; background-color:#f2f2f2;'>ชาวไร่</td><td style='padding:3px 6px;'>นาย สมยศ บุญเลิศ</td></tr><tr><td style='padding:3px 6px; font-weight:bold; background-color:#f2f2f2;'>ประเภทอ้อย</td><td style='padding:3px 6px;'>ปลายฝน</td></tr><tr><td style='padding:3px 6px; font-weight:bold; background-color:#f2f2f2;'>พื้นที่</td><td style='padding:3px 6px;'>11.03</td></tr><tr><td style='padding:3px 6px; font-weight:bold; background-color:#f2f2f2;'>ตันรวม</td><td style='padding:3px 6px;'>143.39</td></tr><tr><td style='padding:3px 6px; font-weight:bold; background-color:#f2f2f2;'>รหัสแปลง</td><td style='padding:3px 6px;'>320407010041</td></tr><tr><td style='padding:3px 6px; font-weight:bold; background-color:#f2f2f2;'>กลุ่ม</td><td style='padding:3px 6px;'>กลุ่ม_83</td></tr></table></div>]]></description>
      <styleUrl>#plotStyle</styleUrl>
      <MultiGeometry><Polygon><outerBoundaryIs><LinearRing><coordinates>103.6134110,15.1499257,0 103.6132315,15.1472200,0 103.6129957,15.1472354,0 103.6130032,15.1473184,0 103.6130880,15.1473226,0 103.6131275,15.1475320,0 103.6130681,15.1475528,0 103.6130604,15.1476066,0 103.6127938,15.1476243,0 103.6127467,15.1473963,0 103.6125237,15.1474436,0 103.6127061,15.1485696,0 103.6127114,15.1486244,0 103.6133149,15.1486304,0 103.6133196,15.1486890,0 103.6127179,15.1486849,0 103.6127331,15.1488336,0 103.6127771,15.1491067,0 103.6129329,15.1499659,0 103.6134109,15.1499253,0 103.6134110,15.1499257,0</coordinates></LinearRing></outerBoundaryIs></Polygon></MultiGeometry>
    </Placemark>
    <Placemark>
      <name>320409010013</name>
      <description><![CDATA[<div style='font-family:Tahoma,sans-serif; font-size:13px;'><h3 style='color:#1565C0; margin:4px 0;'>รหัสแปลง: 320409010013</h3><p style='margin:2px 0;'><b>กลุ่มคิว:</b> 83_001</p><table border='1' style='border-collapse:collapse; border-color:#ccc; width:100%;'><tr><td style='padding:3px 6px; font-weight:bold; background-color:#f2f2f2;'>รหัสกลุ่มคิว</td><td style='padding:3px 6px;'>83/001</td></tr><tr><td style='padding:3px 6px; font-weight:bold; background-color:#f2f2f2;'>รหัสรับเหมา</td><td style='padding:3px 6px;'>738889</td></tr><tr><td style='padding:3px 6px; font-weight:bold; background-color:#f2f2f2;'>ชื่อ-สกุล รับเหมา</td><td style='padding:3px 6px;'>รถตัดโรงงานเบอร์ 35</td></tr><tr><td style='padding:3px 6px; font-weight:bold; background-color:#f2f2f2;'>นักเกษตร</td><td style='padding:3px 6px;'>8301</td></tr><tr><td style='padding:3px 6px; font-weight:bold; background-color:#f2f2f2;'>ศูนย์</td><td style='padding:3px 6px;'>K2-83</td></tr><tr><td style='padding:3px 6px; font-weight:bold; background-color:#f2f2f2;'>โควตา</td><td style='padding:3px 6px;'>782403</td></tr><tr><td style='padding:3px 6px; font-weight:bold; background-color:#f2f2f2;'>ชาวไร่</td><td style='padding:3px 6px;'>นาย พิทักษ์ แสนกล้า</td></tr><tr><td style='padding:3px 6px; font-weight:bold; background-color:#f2f2f2;'>ประเภทอ้อย</td><td style='padding:3px 6px;'>ปลายฝน</td></tr><tr><td style='padding:3px 6px; font-weight:bold; background-color:#f2f2f2;'>พื้นที่</td><td style='padding:3px 6px;'>3.9</td></tr><tr><td style='padding:3px 6px; font-weight:bold; background-color:#f2f2f2;'>ตันรวม</td><td style='padding:3px 6px;'>50.7</td></tr><tr><td style='padding:3px 6px; font-weight:bold; background-color:#f2f2f2;'>รหัสแปลง</td><td style='padding:3px 6px;'>320409010013</td></tr><tr><td style='padding:3px 6px; font-weight:bold; background-color:#f2f2f2;'>กลุ่ม</td><td style='padding:3px 6px;'>กลุ่ม_83</td></tr></table></div>]]></description>
      <styleUrl>#plotStyle</styleUrl>
      <MultiGeometry><Polygon><outerBoundaryIs><LinearRing><coordinates>103.5725707,15.1162338,0 103.5741349,15.1158311,0 103.5740869,15.1155887,0 103.5729138,15.1157745,0 103.5724530,15.1158926,0 103.5725707,15.1162338,0</coordinates></LinearRing></outerBoundaryIs></Polygon></MultiGeometry>
    </Placemark>
  </Folder>
</Document>
</kml>