<?xml version="1.0" encoding="UTF-8"?>
<kml xmlns="http://www.opengis.net/kml/2.2">
<Document>
  <name>กลุ่มคิว 02</name>
  <Style id="plotStyle">
    <LineStyle>
      <color>ff3539E5</color>
      <width>1.5</width>
    </LineStyle>
    <PolyStyle>
      <color>803539E5</color>
    </PolyStyle>
  </Style>
  <Folder>
    <name>02_001</name>
    <Placemark>
      <name>320504130065</name>
      <description><![CDATA[<div style='font-family:Tahoma,sans-serif; font-size:13px;'><h3 style='color:#1565C0; margin:4px 0;'>รหัสแปลง: 320504130065</h3><p style='margin:2px 0;'><b>กลุ่มคิว:</b> 02_001</p><table border='1' style='border-collapse:collapse; border-color:#ccc; width:100%;'><tr><td style='padding:3px 6px; font-weight:bold; background-color:#f2f2f2;'>รหัสกลุ่มคิว</td><td style='padding:3px 6px;'>02/001</td></tr><tr><td style='padding:3px 6px; font-weight:bold; background-color:#f2f2f2;'>รหัสรับเหมา</td><td style='padding:3px 6px;'>738889</td></tr><tr><td style='padding:3px 6px; font-weight:bold; background-color:#f2f2f2;'>ชื่อ-สกุล รับเหมา</td><td style='padding:3px 6px;'>รถตัดโรงงานเบอร์ 15</td></tr><tr><td style='padding:3px 6px; font-weight:bold; background-color:#f2f2f2;'>นักเกษตร</td><td style='padding:3px 6px;'>0010</td></tr><tr><td style='padding:3px 6px; font-weight:bold; background-color:#f2f2f2;'>ศูนย์</td><td style='padding:3px 6px;'>K2-02</td></tr><tr><td style='padding:3px 6px; font-weight:bold; background-color:#f2f2f2;'>โควตา</td><td style='padding:3px 6px;'>720000</td></tr><tr><td style='padding:3px 6px; font-weight:bold; background-color:#f2f2f2;'>ชาวไร่</td><td style='padding:3px 6px;'>นางสาว ดาหวัน แก้วแสนเมือง</td></tr><tr><td style='padding:3px 6px; font-weight:bold; background-color:#f2f2f2;'>ประเภทอ้อย</td><td style='padding:3px 6px;'>ปลายฝน</td></tr><tr><td style='padding:3px 6px; font-weight:bold; background-color:#f2f2f2;'>พื้นที่</td><td style='padding:3px 6px;'>5.34</td></tr><tr><td style='padding:3px 6px; font-weight:bold; background-color:#f2f2f2;'>ตันรวม</td><td style='padding:3px 6px;'>69.42</td></tr><tr><td style='padding:3px 6px; font-weight:bold; background-color:#f2f2f2;'>รหัสแปลง</td><td style='padding:3px 6px;'>320504130065</td></tr><tr><td style='padding:3px 6px; font-weight:bold; background-color:#f2f2f2;'>กลุ่ม</td><td style='padding:3px 6px;'>กลุ่ม_02</td></tr></table></div>]]></description>
      <styleUrl>#plotStyle</styleUrl>
      <MultiGeometry><Polygon><outerBoundaryIs><LinearRing><coordinates>103.3458273,14.5797287,0 103.3458353,14.5791296,0 103.3457506,14.5789781,0 103.3449262,14.5789503,0 103.3448439,14.5797091,0 103.3453340,14.5797414,0 103.3453453,14.5797175,0 103.3458273,14.5797287,0</coordinates></LinearRing></outerBoundaryIs></Polygon></MultiGeometry>
    </Placemark>
    <Placemark>
      <name>320504130066</name>
      <description><![CDATA[<div style='font-family:Tahoma,sans-serif; font-size:13px;'><h3 style='color:#1565C0; margin:4px 0;'>รหัสแปลง: 320504130066</h3><p style='margin:2px 0;'><b>กลุ่มคิว:</b> 02_001</p><table border='1' style='border-collapse:collapse; border-color:#ccc; width:100%;'><tr><td style='padding:3px 6px; font-weight:bold; background-color:#f2f2f2;'>รหัสกลุ่มคิว</td><td style='padding:3px 6px;'>02/001</td></tr><tr><td style='padding:3px 6px; font-weight:bold; background-color:#f2f2f2;'>รหัสรับเหมา</td><td style='padding:3px 6px;'>738889</td></tr><tr><td style='padding:3px 6px; font-weight:bold; background-color:#f2f2f2;'>ชื่อ-สกุล รับเหมา</td><td style='padding:3px 6px;'>รถตัดโรงงานเบอร์ 15</td></tr><tr><td style='padding:3px 6px; font-weight:bold; background-color:#f2f2f2;'>นักเกษตร</td><td style='padding:3px 6px;'>0010</td></tr><tr><td style='padding:3px 6px; font-weight:bold; background-color:#f2f2f2;'>ศูนย์</td><td style='padding:3px 6px;'>K2-02</td></tr><tr><td style='padding:3px 6px; font-weight:bold; background-color:#f2f2f2;'>โควตา</td><td style='padding:3px 6px;'>773000</td></tr><tr><td style='padding:3px 6px; font-weight:bold; background-color:#f2f2f2;'>ชาวไร่</td><td style='padding:3px 6px;'>นาย ฐิติโชติ มิ่งแก้ว</td></tr><tr><td style='padding:3px 6px; font-weight:bold; background-color:#f2f2f2;'>ประเภทอ้อย</td><td style='padding:3px 6px;'>ตอ1</td></tr><tr><td style='padding:3px 6px; font-weight:bold; background-color:#f2f2f2;'>พื้นที่</td><td style='padding:3px 6px;'>4.09</td></tr><tr><td style='padding:3px 6px; font-weight:bold; background-color:#f2f2f2;'>ตันรวม</td><td style='padding:3px 6px;'>36.81</td></tr><tr><td style='padding:3px 6px; font-weight:bold; background-color:#f2f2f2;'>รหัสแปลง</td><td style='padding:3px 6px;'>320504130066</td></tr><tr><td style='padding:3px 6px; font-weight:bold; background-color:#f2f2f2;'>กลุ่ม</td><td style='padding:3px 6px;'>กลุ่ม_02</td></tr></table></div>]]></description>
      <styleUrl>#plotStyle</styleUrl>
      <MultiGeometry><Polygon><outerBoundaryIs><LinearRing><coordinates>103.3543765,14.5873408,0 103.3557067,14.5876768,0 103.3558490,14.5872780,0 103.3544851,14.5869875,0 103.3543765,14.5873408,0</coordinates></LinearRing></outerBoundaryIs></Polygon></MultiGeometry>
    </Placemark>
    <Placemark>
      <name>320504131505</name>
      <description><![CDATA[<div style='font-family:Tahoma,sans-serif; font-size:13px;'><h3 style='color:#1565C0; margin:4px 0;'>รหัสแปลง: 320504131505</h3><p style='margin:2px 0;'><b>กลุ่มคิว:</b> 02_001</p><table border='1' style='border-collapse:collapse; border-color:#ccc; width:100%;'><tr><td style='padding:3px 6px; font-weight:bold; background-color:#f2f2f2;'>รหัสกลุ่มคิว</td><td style='padding:3px 6px;'>02/001</td></tr><tr><td style='padding:3px 6px; font-weight:bold; background-color:#f2f2f2;'>รหัสรับเหมา</td><td style='padding:3px 6px;'>738889</td></tr><tr><td style='padding:3px 6px; font-weight:bold; background-color:#f2f2f2;'>ชื่อ-สกุล รับเหมา</td><td style='padding:3px 6px;'>รถตัดโรงงานเบอร์ 15</td></tr><tr><td style='padding:3px 6px; font-weight:bold; background-color:#f2f2f2;'>นักเกษตร</td><td style='padding:3px 6px;'>0010</td></tr><tr><td style='padding:3px 6px; font-weight:bold; background-color:#f2f2f2;'>ศูนย์</td><td style='padding:3px 6px;'>K2-02</td></tr><tr><td style='padding:3px 6px; font-weight:bold; background-color:#f2f2f2;'>โควตา</td><td style='padding:3px 6px;'>773000</td></tr><tr><td style='padding:3px 6px; font-weight:bold; background-color:#f2f2f2;'>ชาวไร่</td><td style='padding:3px 6px;'>นาย ฐิติโชติ มิ่งแก้ว</td></tr><tr><td style='padding:3px 6px; font-weight:bold; background-color:#f2f2f2;'>ประเภทอ้อย</td><td style='padding:3px 6px;'>ปลายฝน</td></tr><tr><td style='padding:3px 6px; font-weight:bold; background-color:#f2f2f2;'>พื้นที่</td><td style='padding:3px 6px;'>6.2</td></tr><tr><td style='padding:3px 6px; font-weight:bold; background-color:#f2f2f2;'>ตันรวม</td><td style='padding:3px 6px;'>80.6</td></tr><tr><td style='padding:3px 6px; font-weight:bold; background-color:#f2f2f2;'>รหัสแปลง</td><td style='padding:3px 6px;'>320504131505</td></tr><tr><td style='padding:3px 6px; font-weight:bold; background-color:#f2f2f2;'>กลุ่ม</td><td style='padding:3px 6px;'>กลุ่ม_02</td></tr></table></div>]]></description>
      <styleUrl>#plotStyle</styleUrl>
      <MultiGeometry><Polygon><outerBoundaryIs><LinearRing><coordinates>103.3491083,14.5857500,0 103.3492750,14.5858050,0 103.3493117,14.5856183,0 103.3493233,14.5854950,0 103.3493333,14.5853550,0 103.3493383,14.5853267,0 103.3493783,14.5851583,0 103.3494100,14.5851383,0 103.3494917,14.5851067,0 103.3495233,14.5849717,0 103.3495467,14.5848633,0 103.3493767,14.5846783,0 103.3493933,14.5845067,0 103.3493283,14.5844550,0 103.3493550,14.5842300,0 103.3493000,14.5840383,0 103.3491950,14.5837067,0 103.3491283,14.5840400,0 103.3490950,14.5841100,0 103.3490167,14.5844617,0 103.3490267,14.5844967,0 103.3489433,14.5847400,0 103.3489083,14.5848883,0 103.3487550,14.5855133,0 103.3486983,14.5856483,0 103.3489317,14.5857233,0 103.3491117,14.5857583,0 103.3491083,14.5857500,0</coordinates></LinearRing></outerBoundaryIs></Polygon></MultiGeometry>
    </Placemark>
    <Placemark>
      <name>321301111535</name>
      <description><![CDATA[<div style='font-family:Tahoma,sans-serif; font-size:13px;'><h3 style='color:#1565C0; margin:4px 0;'>รหัสแปลง: 321301111535</h3><p style='margin:2px 0;'><b>กลุ่มคิว:</b> 02_001</p><table border='1' style='border-collapse:collapse; border-color:#ccc; width:100%;'><tr><td style='padding:3px 6px; font-weight:bold; background-color:#f2f2f2;'>รหัสกลุ่มคิว</td><td style='padding:3px 6px;'>02/001</td></tr><tr><td style='padding:3px 6px; font-weight:bold; background-color:#f2f2f2;'>รหัสรับเหมา</td><td style='padding:3px 6px;'>738889</td></tr><tr><td style='padding:3px 6px; font-weight:bold; background-color:#f2f2f2;'>ชื่อ-สกุล รับเหมา</td><td style='padding:3px 6px;'>รถตัดโรงงานเบอร์ 15</td></tr><tr><td style='padding:3px 6px; font-weight:bold; background-color:#f2f2f2;'>นักเกษตร</td><td style='padding:3px 6px;'>0010</td></tr><tr><td style='padding:3px 6px; font-weight:bold; background-color:#f2f2f2;'>ศูนย์</td><td style='padding:3px 6px;'>K2-02</td></tr><tr><td style='padding:3px 6px; font-weight:bold; background-color:#f2f2f2;'>โควตา</td><td style='padding:3px 6px;'>773000</td></tr><tr><td style='padding:3px 6px; font-weight:bold; background-color:#f2f2f2;'>ชาวไร่</td><td style='padding:3px 6px;'>นาย ฐิติโชติ มิ่งแก้ว</td></tr><tr><td style='padding:3px 6px; font-weight:bold; background-color:#f2f2f2;'>ประเภทอ้อย</td><td style='padding:3px 6px;'>ปลายฝน</td></tr><tr><td style='padding:3px 6px; font-weight:bold; background-color:#f2f2f2;'>พื้นที่</td><td style='padding:3px 6px;'>14.27</td></tr><tr><td style='padding:3px 6px; font-weight:bold; background-color:#f2f2f2;'>ตันรวม</td><td style='padding:3px 6px;'>185.51</td></tr><tr><td style='padding:3px 6px; font-weight:bold; background-color:#f2f2f2;'>รหัสแปลง</td><td style='padding:3px 6px;'>321301111535</td></tr><tr><td style='padding:3px 6px; font-weight:bold; background-color:#f2f2f2;'>กลุ่ม</td><td style='padding:3px 6px;'>กลุ่ม_02</td></tr></table></div>]]></description>
      <styleUrl>#plotStyle</styleUrl>
      <MultiGeometry><Polygon><outerBoundaryIs><LinearRing><coordinates>103.9093981,14.5128980,0 103.9091124,14.5146367,0 103.9106842,14.5139457,0 103.9103732,14.5130670,0 103.9101911,14.5127544,0 103.9094321,14.5126507,0 103.9093981,14.5128980,0</coordinates></LinearRing></outerBoundaryIs></Polygon></MultiGeometry>
    </Placemark>
    <Placemark>
      <name>321301111564</name>
      <description><![CDATA[<div style='font-family:Tahoma,sans-serif; font-size:13px;'><h3 style='color:#1565C0; margin:4px 0;'>รหัสแปลง: 321301111564</h3><p style='margin:2px 0;'><b>กลุ่มคิว:</b> 02_001</p><table border='1' style='border-collapse:collapse; border-color:#ccc; width:100%;'><tr><td style='padding:3px 6px; font-weight:bold; background-color:#f2f2f2;'>รหัสกลุ่มคิว</td><td style='padding:3px 6px;'>02/001</td></tr><tr><td style='padding:3px 6px; font-weight:bold; background-color:#f2f2f2;'>รหัสรับเหมา</td><td style='padding:3px 6px;'>738889</td></tr><tr><td style='padding:3px 6px; font-weight:bold; background-color:#f2f2f2;'>ชื่อ-สกุล รับเหมา</td><td style='padding:3px 6px;'>รถตัดโรงงานเบอร์ 15</td></tr><tr><td style='padding:3px 6px; font-weight:bold; background-color:#f2f2f2;'>นักเกษตร</td><td style='padding:3px 6px;'>0010</td></tr><tr><td style='padding:3px 6px; font-weight:bold; background-color:#f2f2f2;'>ศูนย์</td><td style='padding:3px 6px;'>K2-02</td></tr><tr><td style='padding:3px 6px; font-weight:bold; background-color:#f2f2f2;'>โควตา</td><td style='padding:3px 6px;'>773000</td></tr><tr><td style='padding:3px 6px; font-weight:bold; background-color:#f2f2f2;'>ชาวไร่</td><td style='padding:3px 6px;'>นาย ฐิติโชติ มิ่งแก้ว</td></tr><tr><td style='padding:3px 6px; font-weight:bold; background-color:#f2f2f2;'>ประเภทอ้อย</td><td style='padding:3px 6px;'>ปลายฝน</td></tr><tr><td style='padding:3px 6px; font-weight:bold; background-color:#f2f2f2;'>พื้นที่</td><td style='padding:3px 6px;'>11.96</td></tr><tr><td style='padding:3px 6px; font-weight:bold; background-color:#f2f2f2;'>ตันรวม</td><td style='padding:3px 6px;'>155.48</td></tr><tr><td style='padding:3px 6px; font-weight:bold; background-color:#f2f2f2;'>รหัสแปลง</td><td style='padding:3px 6px;'>321301111564</td></tr><tr><td style='padding:3px 6px; font-weight:bold; background-color:#f2f2f2;'>กลุ่ม</td><td style='padding:3px 6px;'>กลุ่ม_02</td></tr></table></div>]]></description>
      <styleUrl>#plotStyle</styleUrl>
      <MultiGeometry><Polygon><outerBoundaryIs><LinearRing><coordinates>103.9044989,14.5205885,0 103.9071681,14.5203557,0 103.9070657,14.5196723,0 103.9043427,14.5201222,0 103.9044989,14.5205885,0</coordinates></LinearRing></outerBoundaryIs></Polygon></MultiGeometry>
    </Placemark>
    <Placemark>
      <name>321301110125</name>
      <description><![CDATA[<div style='font-family:Tahoma,sans-serif; font-size:13px;'><h3 style='color:#1565C0; margin:4px 0;'>รหัสแปลง: 321301110125</h3><p style='margin:2px 0;'><b>กลุ่มคิว:</b> 02_001</p><table border='1' style='border-collapse:collapse; border-color:#ccc; width:100%;'><tr><td style='padding:3px 6px; font-weight:bold; background-color:#f2f2f2;'>รหัสกลุ่มคิว</td><td style='padding:3px 6px;'>02/001</td></tr><tr><td style='padding:3px 6px; font-weight:bold; background-color:#f2f2f2;'>รหัสรับเหมา</td><td style='padding:3px 6px;'>738889</td></tr><tr><td style='padding:3px 6px; font-weight:bold; background-color:#f2f2f2;'>ชื่อ-สกุล รับเหมา</td><td style='padding:3px 6px;'>รถตัดโรงงานเบอร์ 15</td></tr><tr><td style='padding:3px 6px; font-weight:bold; background-color:#f2f2f2;'>นักเกษตร</td><td style='padding:3px 6px;'>0010</td></tr><tr><td style='padding:3px 6px; font-weight:bold; background-color:#f2f2f2;'>ศูนย์</td><td style='padding:3px 6px;'>K2-02</td></tr><tr><td style='padding:3px 6px; font-weight:bold; background-color:#f2f2f2;'>โควตา</td><td style='padding:3px 6px;'>773000</td></tr><tr><td style='padding:3px 6px; font-weight:bold; background-color:#f2f2f2;'>ชาวไร่</td><td style='padding:3px 6px;'>นาย ฐิติโชติ มิ่งแก้ว</td></tr><tr><td style='padding:3px 6px; font-weight:bold; background-color:#f2f2f2;'>ประเภทอ้อย</td><td style='padding:3px 6px;'>ปลายฝน</td></tr><tr><td style='padding:3px 6px; font-weight:bold; background-color:#f2f2f2;'>พื้นที่</td><td style='padding:3px 6px;'>23.12</td></tr><tr><td style='padding:3px 6px; font-weight:bold; background-color:#f2f2f2;'>ตันรวม</td><td style='padding:3px 6px;'>300.56</td></tr><tr><td style='padding:3px 6px; font-weight:bold; background-color:#f2f2f2;'>รหัสแปลง</td><td style='padding:3px 6px;'>321301110125</td></tr><tr><td style='padding:3px 6px; font-weight:bold; background-color:#f2f2f2;'>กลุ่ม</td><td style='padding:3px 6px;'>กลุ่ม_02</td></tr></table></div>]]></description>
      <styleUrl>#plotStyle</styleUrl>
      <MultiGeometry><Polygon><outerBoundaryIs><LinearRing><coordinates>103.9064680,14.5222082,0 103.9067702,14.5229134,0 103.9070422,14.5236121,0 103.9075166,14.5236057,0 103.9087558,14.5236873,0 103.9086851,14.5228455,0 103.9086163,14.5219090,0 103.9077776,14.5220189,0 103.9064680,14.5222082,0</coordinates></LinearRing></outerBoundaryIs></Polygon></MultiGeometry>
    </Placemark>
    <Placemark>
      <name>321301110126</name>
      <description><![CDATA[<div style='font-family:Tahoma,sans-serif; font-size:13px;'><h3 style='color:#1565C0; margin:4px 0;'>รหัสแปลง: 321301110126</h3><p style='margin:2px 0;'><b>กลุ่มคิว:</b> 02_001</p><table border='1' style='border-collapse:collapse; border-color:#ccc; width:100%;'><tr><td style='padding:3px 6px; font-weight:bold; background-color:#f2f2f2;'>รหัสกลุ่มคิว</td><td style='padding:3px 6px;'>02/001</td></tr><tr><td style='padding:3px 6px; font-weight:bold; background-color:#f2f2f2;'>รหัสรับเหมา</td><td style='padding:3px 6px;'>738889</td></tr><tr><td style='padding:3px 6px; font-weight:bold; background-color:#f2f2f2;'>ชื่อ-สกุล รับเหมา</td><td style='padding:3px 6px;'>รถตัดโรงงานเบอร์ 15</td></tr><tr><td style='padding:3px 6px; font-weight:bold; background-color:#f2f2f2;'>นักเกษตร</td><td style='padding:3px 6px;'>0010</td></tr><tr><td style='padding:3px 6px; font-weight:bold; background-color:#f2f2f2;'>ศูนย์</td><td style='padding:3px 6px;'>K2-02</td></tr><tr><td style='padding:3px 6px; font-weight:bold; background-color:#f2f2f2;'>โควตา</td><td style='padding:3px 6px;'>773000</td></tr><tr><td style='padding:3px 6px; font-weight:bold; background-color:#f2f2f2;'>ชาวไร่</td><td style='padding:3px 6px;'>นาย ฐิติโชติ มิ่งแก้ว</td></tr><tr><td style='padding:3px 6px; font-weight:bold; background-color:#f2f2f2;'>ประเภทอ้อย</td><td style='padding:3px 6px;'>ปลายฝน</td></tr><tr><td style='padding:3px 6px; font-weight:bold; background-color:#f2f2f2;'>พื้นที่</td><td style='padding:3px 6px;'>37.7</td></tr><tr><td style='padding:3px 6px; font-weight:bold; background-color:#f2f2f2;'>ตันรวม</td><td style='padding:3px 6px;'>490.1</td></tr><tr><td style='padding:3px 6px; font-weight:bold; background-color:#f2f2f2;'>รหัสแปลง</td><td style='padding:3px 6px;'>321301110126</td></tr><tr><td style='padding:3px 6px; font-weight:bold; background-color:#f2f2f2;'>กลุ่ม</td><td style='padding:3px 6px;'>กลุ่ม_02</td></tr></table></div>]]></description>
      <styleUrl>#plotStyle</styleUrl>
      <MultiGeometry><Polygon><outerBoundaryIs><LinearRing><coordinates>103.9101137,14.5246594,0 103.9114833,14.5219707,0 103.9086651,14.5222226,0 103.9087917,14.5244325,0 103.9092013,14.5244714,0 103.9093691,14.5244963,0 103.9095373,14.5245047,0 103.9095770,14.5245137,0 103.9101137,14.5246594,0</coordinates></LinearRing></outerBoundaryIs></Polygon></MultiGeometry>
    </Placemark>
    <Placemark>
      <name>321301110127</name>
      <description><![CDATA[<div style='font-family:Tahoma,sans-serif; font-size:13px;'><h3 style='color:#1565C0; margin:4px 0;'>รหัสแปลง: 321301110127</h3><p style='margin:2px 0;'><b>กลุ่มคิว:</b> 02_001</p><table border='1' style='border-collapse:collapse; border-color:#ccc; width:100%;'><tr><td style='padding:3px 6px; font-weight:bold; background-color:#f2f2f2;'>รหัสกลุ่มคิว</td><td style='padding:3px 6px;'>02/001</td></tr><tr><td style='padding:3px 6px; font-weight:bold; background-color:#f2f2f2;'>รหัสรับเหมา</td><td style='padding:3px 6px;'>738889</td></tr><tr><td style='padding:3px 6px; font-weight:bold; background-color:#f2f2f2;'>ชื่อ-สกุล รับเหมา</td><td style='padding:3px 6px;'>รถตัดโรงงานเบอร์ 15</td></tr><tr><td style='padding:3px 6px; font-weight:bold; background-color:#f2f2f2;'>นักเกษตร</td><td style='padding:3px 6px;'>0010</td></tr><tr><td style='padding:3px 6px; font-weight:bold; background-color:#f2f2f2;'>ศูนย์</td><td style='padding:3px 6px;'>K2-02</td></tr><tr><td style='padding:3px 6px; font-weight:bold; background-color:#f2f2f2;'>โควตา</td><td style='padding:3px 6px;'>773000</td></tr><tr><td style='padding:3px 6px; font-weight:bold; background-color:#f2f2f2;'>ชาวไร่</td><td style='padding:3px 6px;'>นาย ฐิติโชติ มิ่งแก้ว</td></tr><tr><td style='padding:3px 6px; font-weight:bold; background-color:#f2f2f2;'>ประเภทอ้อย</td><td style='padding:3px 6px;'>ปลายฝน</td></tr><tr><td style='padding:3px 6px; font-weight:bold; background-color:#f2f2f2;'>พื้นที่</td><td style='padding:3px 6px;'>37.26</td></tr><tr><td style='padding:3px 6px; font-weight:bold; background-color:#f2f2f2;'>ตันรวม</td><td style='padding:3px 6px;'>484.38</td></tr><tr><td style='padding:3px 6px; font-weight:bold; background-color:#f2f2f2;'>รหัสแปลง</td><td style='padding:3px 6px;'>321301110127</td></tr><tr><td style='padding:3px 6px; font-weight:bold; background-color:#f2f2f2;'>กลุ่ม</td><td style='padding:3px 6px;'>กลุ่ม_02</td></tr></table></div>]]></description>
      <styleUrl>#plotStyle</styleUrl>
      <MultiGeometry><Polygon><outerBoundaryIs><LinearRing><coordinates>103.9125977,14.5216384,0 103.9116778,14.5217112,0 103.9101871,14.5246512,0 103.9114486,14.5250999,0 103.9118852,14.5250212,0 103.9125928,14.5231186,0 103.9125977,14.5216384,0</coordinates></LinearRing></outerBoundaryIs></Polygon></MultiGeometry>
    </Placemark>
    <Placemark>
      <name>321301110128</name>
      <description><![CDATA[<div style='font-family:Tahoma,sans-serif; font-size:13px;'><h3 style='color:#1565C0; margin:4px 0;'>รหัสแปลง: 321301110128</h3><p style='margin:2px 0;'><b>กลุ่มคิว:</b> 02_001</p><table border='1' style='border-collapse:collapse; border-color:#ccc; width:100%;'><tr><td style='padding:3px 6px; font-weight:bold; background-color:#f2f2f2;'>รหัสกลุ่มคิว</td><td style='padding:3px 6px;'>02/001</td></tr><tr><td style='padding:3px 6px; font-weight:bold; background-color:#f2f2f2;'>รหัสรับเหมา</td><td style='padding:3px 6px;'>738889</td></tr><tr><td style='padding:3px 6px; font-weight:bold; background-color:#f2f2f2;'>ชื่อ-สกุล รับเหมา</td><td style='padding:3px 6px;'>รถตัดโรงงานเบอร์ 15</td></tr><tr><td style='padding:3px 6px; font-weight:bold; background-color:#f2f2f2;'>นักเกษตร</td><td style='padding:3px 6px;'>0010</td></tr><tr><td style='padding:3px 6px; font-weight:bold; background-color:#f2f2f2;'>ศูนย์</td><td style='padding:3px 6px;'>K2-02</td></tr><tr><td style='padding:3px 6px; font-weight:bold; background-color:#f2f2f2;'>โควตา</td><td style='padding:3px 6px;'>773000</td></tr><tr><td style='padding:3px 6px; font-weight:bold; background-color:#f2f2f2;'>ชาวไร่</td><td style='padding:3px 6px;'>นาย ฐิติโชติ มิ่งแก้ว</td></tr><tr><td style='padding:3px 6px; font-weight:bold; background-color:#f2f2f2;'>ประเภทอ้อย</td><td style='padding:3px 6px;'>ปลายฝน</td></tr><tr><td style='padding:3px 6px; font-weight:bold; background-color:#f2f2f2;'>พื้นที่</td><td style='padding:3px 6px;'>29.1</td></tr><tr><td style='padding:3px 6px; font-weight:bold; background-color:#f2f2f2;'>ตันรวม</td><td style='padding:3px 6px;'>378.3</td></tr><tr><td style='padding:3px 6px; font-weight:bold; background-color:#f2f2f2;'>รหัสแปลง</td><td style='padding:3px 6px;'>321301110128</td></tr><tr><td style='padding:3px 6px; font-weight:bold; background-color:#f2f2f2;'>กลุ่ม</td><td style='padding:3px 6px;'>กลุ่ม_02</td></tr></table></div>]]></description>
      <styleUrl>#plotStyle</styleUrl>
      <MultiGeometry><Polygon><outerBoundaryIs><LinearRing><coordinates>103.9085419,14.5202990,0 103.9086476,14.5218532,0 103.9096880,14.5216583,0 103.9097969,14.5216288,0 103.9103673,14.5215718,0 103.9104741,14.5214158,0 103.9106184,14.5212952,0 103.9110363,14.5210237,0 103.9115317,14.5207581,0 103.9116147,14.5206774,0 103.9116466,14.5206236,0 103.9116466,14.5205709,0 103.9116172,14.5204595,0 103.9115476,14.5203500,0 103.9114133,14.5200115,0 103.9085419,14.5202990,0</coordinates></LinearRing></outerBoundaryIs></Polygon></MultiGeometry>
    </Placemark>
    <Placemark>
      <name>321301110129</name>
      <description><![CDATA[<div style='font-family:Tahoma,sans-serif; font-size:13px;'><h3 style='color:#1565C0; margin:4px 0;'>รหัสแปลง: 321301110129</h3><p style='margin:2px 0;'><b>กลุ่มคิว:</b> 02_001</p><table border='1' style='border-collapse:collapse; border-color:#ccc; width:100%;'><tr><td style='padding:3px 6px; font-weight:bold; background-color:#f2f2f2;'>รหัสกลุ่มคิว</td><td style='padding:3px 6px;'>02/001</td></tr><tr><td style='padding:3px 6px; font-weight:bold; background-color:#f2f2f2;'>รหัสรับเหมา</td><td style='padding:3px 6px;'>738889</td></tr><tr><td style='padding:3px 6px; font-weight:bold; background-color:#f2f2f2;'>ชื่อ-สกุล รับเหมา</td><td style='padding:3px 6px;'>รถตัดโรงงานเบอร์ 15</td></tr><tr><td style='padding:3px 6px; font-weight:bold; background-color:#f2f2f2;'>นักเกษตร</td><td style='padding:3px 6px;'>0010</td></tr><tr><td style='padding:3px 6px; font-weight:bold; background-color:#f2f2f2;'>ศูนย์</td><td style='padding:3px 6px;'>K2-02</td></tr><tr><td style='padding:3px 6px; font-weight:bold; background-color:#f2f2f2;'>โควตา</td><td style='padding:3px 6px;'>773000</td></tr><tr><td style='padding:3px 6px; font-weight:bold; background-color:#f2f2f2;'>ชาวไร่</td><td style='padding:3px 6px;'>นาย ฐิติโชติ มิ่งแก้ว</td></tr><tr><td style='padding:3px 6px; font-weight:bold; background-color:#f2f2f2;'>ประเภทอ้อย</td><td style='padding:3px 6px;'>ปลายฝน</td></tr><tr><td style='padding:3px 6px; font-weight:bold; background-color:#f2f2f2;'>พื้นที่</td><td style='padding:3px 6px;'>23.1</td></tr><tr><td style='padding:3px 6px; font-weight:bold; background-color:#f2f2f2;'>ตันรวม</td><td style='padding:3px 6px;'>300.3</td></tr><tr><td style='padding:3px 6px; font-weight:bold; background-color:#f2f2f2;'>รหัสแปลง</td><td style='padding:3px 6px;'>321301110129</td></tr><tr><td style='padding:3px 6px; font-weight:bold; background-color:#f2f2f2;'>กลุ่ม</td><td style='padding:3px 6px;'>กลุ่ม_02</td></tr></table></div>]]></description>
      <styleUrl>#plotStyle</styleUrl>
      <MultiGeometry><Polygon><outerBoundaryIs><LinearRing><coordinates>103.9065551,14.5204305,0 103.9068201,14.5220950,0 103.9075948,14.5219829,0 103.9086295,14.5218475,0 103.9085428,14.5209688,0 103.9085056,14.5202758,0 103.9073488,14.5203488,0 103.9065551,14.5204305,0</coordinates></LinearRing></outerBoundaryIs></Polygon></MultiGeometry>
    </Placemark>
    <Placemark>
      <name>321301110134</name>
      <description><![CDATA[<div style='font-family:Tahoma,sans-serif; font-size:13px;'><h3 style='color:#1565C0; margin:4px 0;'>รหัสแปลง: 321301110134</h3><p style='margin:2px 0;'><b>กลุ่มคิว:</b> 02_001</p><table border='1' style='border-collapse:collapse; border-color:#ccc; width:100%;'><tr><td style='padding:3px 6px; font-weight:bold; background-color:#f2f2f2;'>รหัสกลุ่มคิว</td><td style='padding:3px 6px;'>02/001</td></tr><tr><td style='padding:3px 6px; font-weight:bold; background-color:#f2f2f2;'>รหัสรับเหมา</td><td style='padding:3px 6px;'>738889</td></tr><tr><td style='padding:3px 6px; font-weight:bold; background-color:#f2f2f2;'>ชื่อ-สกุล รับเหมา</td><td style='padding:3px 6px;'>รถตัดโรงงานเบอร์ 15</td></tr><tr><td style='padding:3px 6px; font-weight:bold; background-color:#f2f2f2;'>นักเกษตร</td><td style='padding:3px 6px;'>0010</td></tr><tr><td style='padding:3px 6px; font-weight:bold; background-color:#f2f2f2;'>ศูนย์</td><td style='padding:3px 6px;'>K2-02</td></tr><tr><td style='padding:3px 6px; font-weight:bold; background-color:#f2f2f2;'>โควตา</td><td style='padding:3px 6px;'>773000</td></tr><tr><td style='padding:3px 6px; font-weight:bold; background-color:#f2f2f2;'>ชาวไร่</td><td style='padding:3px 6px;'>นาย ฐิติโชติ มิ่งแก้ว</td></tr><tr><td style='padding:3px 6px; font-weight:bold; background-color:#f2f2f2;'>ประเภทอ้อย</td><td style='padding:3px 6px;'>ตอ1</td></tr><tr><td style='padding:3px 6px; font-weight:bold; background-color:#f2f2f2;'>พื้นที่</td><td style='padding:3px 6px;'>41.11</td></tr><tr><td style='padding:3px 6px; font-weight:bold; background-color:#f2f2f2;'>ตันรวม</td><td style='padding:3px 6px;'>369.99</td></tr><tr><td style='padding:3px 6px; font-weight:bold; background-color:#f2f2f2;'>รหัสแปลง</td><td style='padding:3px 6px;'>321301110134</td></tr><tr><td style='padding:3px 6px; font-weight:bold; background-color:#f2f2f2;'>กลุ่ม</td><td style='padding:3px 6px;'>กลุ่ม_02</td></tr></table></div>]]></description>
      <styleUrl>#plotStyle</styleUrl>
      <MultiGeometry><Polygon><outerBoundaryIs><LinearRing><coordinates>103.9072268,14.5203369,0 103.9090875,14.5201243,0 103.9089902,14.5191008,0 103.9089194,14.5185647,0 103.9088502,14.5180367,0 103.9087766,14.5175127,0 103.9086899,14.5171315,0 103.9081998,14.5171923,0 103.9077191,14.5172759,0 103.9074190,14.5173638,0 103.9074962,14.5179895,0 103.9074744,14.5180846,0 103.9074137,14.5181449,0 103.9069408,14.5182716,0 103.9067725,14.5183194,0 103.9065924,14.5184272,0 103.9066659,14.5186245,0 103.9068301,14.5189291,0 103.9069868,14.5193056,0 103.9070803,14.5195346,0 103.9072268,14.5203369,0</coordinates></LinearRing></outerBoundaryIs></Polygon></MultiGeometry>
    </Placemark>
    <Placemark>
      <name>321301110135</name>
      <description><![CDATA[<div style='font-family:Tahoma,sans-serif; font-size:13px;'><h3 style='color:#1565C0; margin:4px 0;'>รหัสแปลง: 321301110135</h3><p style='margin:2px 0;'><b>กลุ่มคิว:</b> 02_001</p><table border='1' style='border-collapse:collapse; border-color:#ccc; width:100%;'><tr><td style='padding:3px 6px; font-weight:bold; background-color:#f2f2f2;'>รหัสกลุ่มคิว</td><td style='padding:3px 6px;'>02/001</td></tr><tr><td style='padding:3px 6px; font-weight:bold; background-color:#f2f2f2;'>รหัสรับเหมา</td><td style='padding:3px 6px;'>738889</td></tr><tr><td style='padding:3px 6px; font-weight:bold; background-color:#f2f2f2;'>ชื่อ-สกุล รับเหมา</td><td style='padding:3px 6px;'>รถตัดโรงงานเบอร์ 15</td></tr><tr><td style='padding:3px 6px; font-weight:bold; background-color:#f2f2f2;'>นักเกษตร</td><td style='padding:3px 6px;'>0010</td></tr><tr><td style='padding:3px 6px; font-weight:bold; background-color:#f2f2f2;'>ศูนย์</td><td style='padding:3px 6px;'>K2-02</td></tr><tr><td style='padding:3px 6px; font-weight:bold; background-color:#f2f2f2;'>โควตา</td><td style='padding:3px 6px;'>773000</td></tr><tr><td style='padding:3px 6px; font-weight:bold; background-color:#f2f2f2;'>ชาวไร่</td><td style='padding:3px 6px;'>นาย ฐิติโชติ มิ่งแก้ว</td></tr><tr><td style='padding:3px 6px; font-weight:bold; background-color:#f2f2f2;'>ประเภทอ้อย</td><td style='padding:3px 6px;'>ตอ1</td></tr><tr><td style='padding:3px 6px; font-weight:bold; background-color:#f2f2f2;'>พื้นที่</td><td style='padding:3px 6px;'>42.77</td></tr><tr><td style='padding:3px 6px; font-weight:bold; background-color:#f2f2f2;'>ตันรวม</td><td style='padding:3px 6px;'>384.93</td></tr><tr><td style='padding:3px 6px; font-weight:bold; background-color:#f2f2f2;'>รหัสแปลง</td><td style='padding:3px 6px;'>321301110135</td></tr><tr><td style='padding:3px 6px; font-weight:bold; background-color:#f2f2f2;'>กลุ่ม</td><td style='padding:3px 6px;'>กลุ่ม_02</td></tr></table></div>]]></description>
      <styleUrl>#plotStyle</styleUrl>
      <MultiGeometry><Polygon><outerBoundaryIs><LinearRing><coordinates>103.9103152,14.5170002,0 103.9087669,14.5171382,0 103.9090465,14.5193612,0 103.9091431,14.5193497,0 103.9091749,14.5195044,0 103.9090864,14.5195334,0 103.9091610,14.5201797,0 103.9113421,14.5199440,0 103.9103152,14.5170002,0</coordinates></LinearRing></outerBoundaryIs></Polygon></MultiGeometry>
    </Placemark>
    <Placemark>
      <name>321301110136</name>
      <description><![CDATA[<div style='font-family:Tahoma,sans-serif; font-size:13px;'><h3 style='color:#1565C0; margin:4px 0;'>รหัสแปลง: 321301110136</h3><p style='margin:2px 0;'><b>กลุ่มคิว:</b> 02_001</p><table border='1' style='border-collapse:collapse; border-color:#ccc; width:100%;'><tr><td style='padding:3px 6px; font-weight:bold; background-color:#f2f2f2;'>รหัสกลุ่มคิว</td><td style='padding:3px 6px;'>02/001</td></tr><tr><td style='padding:3px 6px; font-weight:bold; background-color:#f2f2f2;'>รหัสรับเหมา</td><td style='padding:3px 6px;'>738889</td></tr><tr><td style='padding:3px 6px; font-weight:bold; background-color:#f2f2f2;'>ชื่อ-สกุล รับเหมา</td><td style='padding:3px 6px;'>รถตัดโรงงานเบอร์ 15</td></tr><tr><td style='padding:3px 6px; font-weight:bold; background-color:#f2f2f2;'>นักเกษตร</td><td style='padding:3px 6px;'>0010</td></tr><tr><td style='padding:3px 6px; font-weight:bold; background-color:#f2f2f2;'>ศูนย์</td><td style='padding:3px 6px;'>K2-02</td></tr><tr><td style='padding:3px 6px; font-weight:bold; background-color:#f2f2f2;'>โควตา</td><td style='padding:3px 6px;'>773000</td></tr><tr><td style='padding:3px 6px; font-weight:bold; background-color:#f2f2f2;'>ชาวไร่</td><td style='padding:3px 6px;'>นาย ฐิติโชติ มิ่งแก้ว</td></tr><tr><td style='padding:3px 6px; font-weight:bold; background-color:#f2f2f2;'>ประเภทอ้อย</td><td style='padding:3px 6px;'>ตอ2</td></tr><tr><td style='padding:3px 6px; font-weight:bold; background-color:#f2f2f2;'>พื้นที่</td><td style='padding:3px 6px;'>8.48</td></tr><tr><td style='padding:3px 6px; font-weight:bold; background-color:#f2f2f2;'>ตันรวม</td><td style='padding:3px 6px;'>67.84</td></tr><tr><td style='padding:3px 6px; font-weight:bold; background-color:#f2f2f2;'>รหัสแปลง</td><td style='padding:3px 6px;'>321301110136</td></tr><tr><td style='padding:3px 6px; font-weight:bold; background-color:#f2f2f2;'>กลุ่ม</td><td style='padding:3px 6px;'>กลุ่ม_02</td></tr></table></div>]]></description>
      <styleUrl>#plotStyle</styleUrl>
      <MultiGeometry><Polygon><outerBoundaryIs><LinearRing><coordinates>103.9121022,14.5167862,0 103.9104400,14.5171054,0 103.9106234,14.5177219,0 103.9122649,14.5174795,0 103.9121022,14.5167862,0</coordinates></LinearRing></outerBoundaryIs></Polygon></MultiGeometry>
    </Placemark>
    <Placemark>
      <name>321301110153</name>
      <description><![CDATA[<div style='font-family:Tahoma,sans-serif; font-size:13px;'><h3 style='color:#1565C0; margin:4px 0;'>รหัสแปลง: 321301110153</h3><p style='margin:2px 0;'><b>กลุ่มคิว:</b> 02_001</p><table border='1' style='border-collapse:collapse; border-color:#ccc; width:100%;'><tr><td style='padding:3px 6px; font-weight:bold; background-color:#f2f2f2;'>รหัสกลุ่มคิว</td><td style='padding:3px 6px;'>02/001</td></tr><tr><td style='padding:3px 6px; font-weight:bold; background-color:#f2f2f2;'>รหัสรับเหมา</td><td style='padding:3px 6px;'>738889</td></tr><tr><td style='padding:3px 6px; font-weight:bold; background-color:#f2f2f2;'>ชื่อ-สกุล รับเหมา</td><td style='padding:3px 6px;'>รถตัดโรงงานเบอร์ 15</td></tr><tr><td style='padding:3px 6px; font-weight:bold; background-color:#f2f2f2;'>นักเกษตร</td><td style='padding:3px 6px;'>0010</td></tr><tr><td style='padding:3px 6px; font-weight:bold; background-color:#f2f2f2;'>ศูนย์</td><td style='padding:3px 6px;'>K2-02</td></tr><tr><td style='padding:3px 6px; font-weight:bold; background-color:#f2f2f2;'>โควตา</td><td style='padding:3px 6px;'>773000</td></tr><tr><td style='padding:3px 6px; font-weight:bold; background-color:#f2f2f2;'>ชาวไร่</td><td style='padding:3px 6px;'>นาย ฐิติโชติ มิ่งแก้ว</td></tr><tr><td style='padding:3px 6px; font-weight:bold; background-color:#f2f2f2;'>ประเภทอ้อย</td><td style='padding:3px 6px;'>ตอ5</td></tr><tr><td style='padding:3px 6px; font-weight:bold; background-color:#f2f2f2;'>พื้นที่</td><td style='padding:3px 6px;'>34.15</td></tr><tr><td style='padding:3px 6px; font-weight:bold; background-color:#f2f2f2;'>ตันรวม</td><td style='padding:3px 6px;'>239.05</td></tr><tr><td style='padding:3px 6px; font-weight:bold; background-color:#f2f2f2;'>รหัสแปลง</td><td style='padding:3px 6px;'>321301110153</td></tr><tr><td style='padding:3px 6px; font-weight:bold; background-color:#f2f2f2;'>กลุ่ม</td><td style='padding:3px 6px;'>กลุ่ม_02</td></tr></table></div>]]></description>
      <styleUrl>#plotStyle</styleUrl>
      <MultiGeometry><Polygon><outerBoundaryIs><LinearRing><coordinates>103.9106960,14.5140351,0 103.9091550,14.5146997,0 103.9087618,14.5170853,0 103.9107425,14.5169043,0 103.9106960,14.5140351,0</coordinates></LinearRing></outerBoundaryIs></Polygon></MultiGeometry>
    </Placemark>
    <Placemark>
      <name>321301110157</name>
      <description><![CDATA[<div style='font-family:Tahoma,sans-serif; font-size:13px;'><h3 style='color:#1565C0; margin:4px 0;'>รหัสแปลง: 321301110157</h3><p style='margin:2px 0;'><b>กลุ่มคิว:</b> 02_001</p><table border='1' style='border-collapse:collapse; border-color:#ccc; width:100%;'><tr><td style='padding:3px 6px; font-weight:bold; background-color:#f2f2f2;'>รหัสกลุ่มคิว</td><td style='padding:3px 6px;'>02/001</td></tr><tr><td style='padding:3px 6px; font-weight:bold; background-color:#f2f2f2;'>รหัสรับเหมา</td><td style='padding:3px 6px;'>738889</td></tr><tr><td style='padding:3px 6px; font-weight:bold; background-color:#f2f2f2;'>ชื่อ-สกุล รับเหมา</td><td style='padding:3px 6px;'>รถตัดโรงงานเบอร์ 15</td></tr><tr><td style='padding:3px 6px; font-weight:bold; background-color:#f2f2f2;'>นักเกษตร</td><td style='padding:3px 6px;'>0010</td></tr><tr><td style='padding:3px 6px; font-weight:bold; background-color:#f2f2f2;'>ศูนย์</td><td style='padding:3px 6px;'>K2-02</td></tr><tr><td style='padding:3px 6px; font-weight:bold; background-color:#f2f2f2;'>โควตา</td><td style='padding:3px 6px;'>773000</td></tr><tr><td style='padding:3px 6px; font-weight:bold; background-color:#f2f2f2;'>ชาวไร่</td><td style='padding:3px 6px;'>นาย ฐิติโชติ มิ่งแก้ว</td></tr><tr><td style='padding:3px 6px; font-weight:bold; background-color:#f2f2f2;'>ประเภทอ้อย</td><td style='padding:3px 6px;'>ตอ2</td></tr><tr><td style='padding:3px 6px; font-weight:bold; background-color:#f2f2f2;'>พื้นที่</td><td style='padding:3px 6px;'>24.74</td></tr><tr><td style='padding:3px 6px; font-weight:bold; background-color:#f2f2f2;'>ตันรวม</td><td style='padding:3px 6px;'>197.92</td></tr><tr><td style='padding:3px 6px; font-weight:bold; background-color:#f2f2f2;'>รหัสแปลง</td><td style='padding:3px 6px;'>321301110157</td></tr><tr><td style='padding:3px 6px; font-weight:bold; background-color:#f2f2f2;'>กลุ่ม</td><td style='padding:3px 6px;'>กลุ่ม_02</td></tr></table></div>]]></description>
      <styleUrl>#plotStyle</styleUrl>
      <MultiGeometry><Polygon><outerBoundaryIs><LinearRing><coordinates>103.9111777,14.5123375,0 103.9108515,14.5112346,0 103.9106478,14.5112275,0 103.9106450,14.5102833,0 103.9090906,14.5107341,0 103.9094455,14.5124417,0 103.9096647,14.5125042,0 103.9103250,14.5126441,0 103.9107110,14.5124965,0 103.9111777,14.5123375,0</coordinates></LinearRing></outerBoundaryIs></Polygon></MultiGeometry>
    </Placemark>
    <Placemark>
      <name>321301110158</name>
      <description><![CDATA[<div style='font-family:Tahoma,sans-serif; font-size:13px;'><h3 style='color:#1565C0; margin:4px 0;'>รหัสแปลง: 321301110158</h3><p style='margin:2px 0;'><b>กลุ่มคิว:</b> 02_001</p><table border='1' style='border-collapse:collapse; border-color:#ccc; width:100%;'><tr><td style='padding:3px 6px; font-weight:bold; background-color:#f2f2f2;'>รหัสกลุ่มคิว</td><td style='padding:3px 6px;'>02/001</td></tr><tr><td style='padding:3px 6px; font-weight:bold; background-color:#f2f2f2;'>รหัสรับเหมา</td><td style='padding:3px 6px;'>738889</td></tr><tr><td style='padding:3px 6px; font-weight:bold; background-color:#f2f2f2;'>ชื่อ-สกุล รับเหมา</td><td style='padding:3px 6px;'>รถตัดโรงงานเบอร์ 15</td></tr><tr><td style='padding:3px 6px; font-weight:bold; background-color:#f2f2f2;'>นักเกษตร</td><td style='padding:3px 6px;'>0010</td></tr><tr><td style='padding:3px 6px; font-weight:bold; background-color:#f2f2f2;'>ศูนย์</td><td style='padding:3px 6px;'>K2-02</td></tr><tr><td style='padding:3px 6px; font-weight:bold; background-color:#f2f2f2;'>โควตา</td><td style='padding:3px 6px;'>773000</td></tr><tr><td style='padding:3px 6px; font-weight:bold; background-color:#f2f2f2;'>ชาวไร่</td><td style='padding:3px 6px;'>นาย ฐิติโชติ มิ่งแก้ว</td></tr><tr><td style='padding:3px 6px; font-weight:bold; background-color:#f2f2f2;'>ประเภทอ้อย</td><td style='padding:3px 6px;'>ตอ1</td></tr><tr><td style='padding:3px 6px; font-weight:bold; background-color:#f2f2f2;'>พื้นที่</td><td style='padding:3px 6px;'>23.63</td></tr><tr><td style='padding:3px 6px; font-weight:bold; background-color:#f2f2f2;'>ตันรวม</td><td style='padding:3px 6px;'>212.67</td></tr><tr><td style='padding:3px 6px; font-weight:bold; background-color:#f2f2f2;'>รหัสแปลง</td><td style='padding:3px 6px;'>321301110158</td></tr><tr><td style='padding:3px 6px; font-weight:bold; background-color:#f2f2f2;'>กลุ่ม</td><td style='padding:3px 6px;'>กลุ่ม_02</td></tr></table></div>]]></description>
      <styleUrl>#plotStyle</styleUrl>
      <MultiGeometry><Polygon><outerBoundaryIs><LinearRing><coordinates>103.9068875,14.5114359,0 103.9072009,14.5123493,0 103.9074202,14.5122701,0 103.9076549,14.5127292,0 103.9085298,14.5125273,0 103.9093490,14.5124704,0 103.9090491,14.5107798,0 103.9068875,14.5114359,0</coordinates></LinearRing></outerBoundaryIs></Polygon></MultiGeometry>
    </Placemark>
    <Placemark>
      <name>321301110170</name>
      <description><![CDATA[<div style='font-family:Tahoma,sans-serif; font-size:13px;'><h3 style='color:#1565C0; margin:4px 0;'>รหัสแปลง: 321301110170</h3><p style='margin:2px 0;'><b>กลุ่มคิว:</b> 02_001</p><table border='1' style='border-collapse:collapse; border-color:#ccc; width:100%;'><tr><td style='padding:3px 6px; font-weight:bold; background-color:#f2f2f2;'>รหัสกลุ่มคิว</td><td style='padding:3px 6px;'>02/001</td></tr><tr><td style='padding:3px 6px; font-weight:bold; background-color:#f2f2f2;'>รหัสรับเหมา</td><td style='padding:3px 6px;'>738889</td></tr><tr><td style='padding:3px 6px; font-weight:bold; background-color:#f2f2f2;'>ชื่อ-สกุล รับเหมา</td><td style='padding:3px 6px;'>รถตัดโรงงานเบอร์ 15</td></tr><tr><td style='padding:3px 6px; font-weight:bold; background-color:#f2f2f2;'>นักเกษตร</td><td style='padding:3px 6px;'>0010</td></tr><tr><td style='padding:3px 6px; font-weight:bold; background-color:#f2f2f2;'>ศูนย์</td><td style='padding:3px 6px;'>K2-02</td></tr><tr><td style='padding:3px 6px; font-weight:bold; background-color:#f2f2f2;'>โควตา</td><td style='padding:3px 6px;'>773000</td></tr><tr><td style='padding:3px 6px; font-weight:bold; background-color:#f2f2f2;'>ชาวไร่</td><td style='padding:3px 6px;'>นาย ฐิติโชติ มิ่งแก้ว</td></tr><tr><td style='padding:3px 6px; font-weight:bold; background-color:#f2f2f2;'>ประเภทอ้อย</td><td style='padding:3px 6px;'>ตอ3</td></tr><tr><td style='padding:3px 6px; font-weight:bold; background-color:#f2f2f2;'>พื้นที่</td><td style='padding:3px 6px;'>13.77</td></tr><tr><td style='padding:3px 6px; font-weight:bold; background-color:#f2f2f2;'>ตันรวม</td><td style='padding:3px 6px;'>96.39</td></tr><tr><td style='padding:3px 6px; font-weight:bold; background-color:#f2f2f2;'>รหัสแปลง</td><td style='padding:3px 6px;'>321301110170</td></tr><tr><td style='padding:3px 6px; font-weight:bold; background-color:#f2f2f2;'>กลุ่ม</td><td style='padding:3px 6px;'>กลุ่ม_02</td></tr></table></div>]]></description>
      <styleUrl>#plotStyle</styleUrl>
      <MultiGeometry><Polygon><outerBoundaryIs><LinearRing><coordinates>103.9044242,14.5097502,0 103.9046758,14.5104082,0 103.9046302,14.5105755,0 103.9050205,14.5115401,0 103.9051715,14.5111339,0 103.9054112,14.5107221,0 103.9055501,14.5104668,0 103.9056532,14.5103406,0 103.9058924,14.5101511,0 103.9061033,14.5100730,0 103.9063260,14.5100013,0 103.9062192,14.5094082,0 103.9044242,14.5097502,0</coordinates></LinearRing></outerBoundaryIs></Polygon></MultiGeometry>
    </Placemark>
    <Placemark>
      <name>321301110195</name>
      <description><![CDATA[<div style='font-family:Tahoma,sans-serif; font-size:13px;'><h3 style='color:#1565C0; margin:4px 0;'>รหัสแปลง: 321301110195</h3><p style='margin:2px 0;'><b>กลุ่มคิว:</b> 02_001</p><table border='1' style='border-collapse:collapse; border-color:#ccc; width:100%;'><tr><td style='padding:3px 6px; font-weight:bold; background-color:#f2f2f2;'>รหัสกลุ่มคิว</td><td style='padding:3px 6px;'>02/001</td></tr><tr><td style='padding:3px 6px; font-weight:bold; background-color:#f2f2f2;'>รหัสรับเหมา</td><td style='padding:3px 6px;'>738889</td></tr><tr><td style='padding:3px 6px; font-weight:bold; background-color:#f2f2f2;'>ชื่อ-สกุล รับเหมา</td><td style='padding:3px 6px;'>รถตัดโรงงานเบอร์ 15</td></tr><tr><td style='padding:3px 6px; font-weight:bold; background-color:#f2f2f2;'>นักเกษตร</td><td style='padding:3px 6px;'>0010</td></tr><tr><td style='padding:3px 6px; font-weight:bold; background-color:#f2f2f2;'>ศูนย์</td><td style='padding:3px 6px;'>K2-02</td></tr><tr><td style='padding:3px 6px; font-weight:bold; background-color:#f2f2f2;'>โควตา</td><td style='padding:3px 6px;'>773000</td></tr><tr><td style='padding:3px 6px; font-weight:bold; background-color:#f2f2f2;'>ชาวไร่</td><td style='padding:3px 6px;'>นาย ฐิติโชติ มิ่งแก้ว</td></tr><tr><td style='padding:3px 6px; font-weight:bold; background-color:#f2f2f2;'>ประเภทอ้อย</td><td style='padding:3px 6px;'>ตอ1</td></tr><tr><td style='padding:3px 6px; font-weight:bold; background-color:#f2f2f2;'>พื้นที่</td><td style='padding:3px 6px;'>11.82</td></tr><tr><td style='padding:3px 6px; font-weight:bold; background-color:#f2f2f2;'>ตันรวม</td><td style='padding:3px 6px;'>106.38</td></tr><tr><td style='padding:3px 6px; font-weight:bold; background-color:#f2f2f2;'>รหัสแปลง</td><td style='padding:3px 6px;'>321301110195</td></tr><tr><td style='padding:3px 6px; font-weight:bold; background-color:#f2f2f2;'>กลุ่ม</td><td style='padding:3px 6px;'>กลุ่ม_02</td></tr></table></div>]]></description>
      <styleUrl>#plotStyle</styleUrl>
      <MultiGeometry><Polygon><outerBoundaryIs><LinearRing><coordinates>103.9059521,14.5244854,0 103.9055127,14.5222495,0 103.9048140,14.5222435,0 103.9050639,14.5234632,0 103.9052457,14.5245325,0 103.9059521,14.5244854,0</coordinates></LinearRing></outerBoundaryIs></Polygon></MultiGeometry>
    </Placemark>
    <Placemark>
      <name>321301110197</name>
      <description><![CDATA[<div style='font-family:Tahoma,sans-serif; font-size:13px;'><h3 style='color:#1565C0; margin:4px 0;'>รหัสแปลง: 321301110197</h3><p style='margin:2px 0;'><b>กลุ่มคิว:</b> 02_001</p><table border='1' style='border-collapse:collapse; border-color:#ccc; width:100%;'><tr><td style='padding:3px 6px; font-weight:bold; background-color:#f2f2f2;'>รหัสกลุ่มคิว</td><td style='padding:3px 6px;'>02/001</td></tr><tr><td style='padding:3px 6px; font-weight:bold; background-color:#f2f2f2;'>รหัสรับเหมา</td><td style='padding:3px 6px;'>738889</td></tr><tr><td style='padding:3px 6px; font-weight:bold; background-color:#f2f2f2;'>ชื่อ-สกุล รับเหมา</td><td style='padding:3px 6px;'>รถตัดโรงงานเบอร์ 15</td></tr><tr><td style='padding:3px 6px; font-weight:bold; background-color:#f2f2f2;'>นักเกษตร</td><td style='padding:3px 6px;'>0010</td></tr><tr><td style='padding:3px 6px; font-weight:bold; background-color:#f2f2f2;'>ศูนย์</td><td style='padding:3px 6px;'>K2-02</td></tr><tr><td style='padding:3px 6px; font-weight:bold; background-color:#f2f2f2;'>โควตา</td><td style='padding:3px 6px;'>773000</td></tr><tr><td style='padding:3px 6px; font-weight:bold; background-color:#f2f2f2;'>ชาวไร่</td><td style='padding:3px 6px;'>นาย ฐิติโชติ มิ่งแก้ว</td></tr><tr><td style='padding:3px 6px; font-weight:bold; background-color:#f2f2f2;'>ประเภทอ้อย</td><td style='padding:3px 6px;'>ต้นฝน</td></tr><tr><td style='padding:3px 6px; font-weight:bold; background-color:#f2f2f2;'>พื้นที่</td><td style='padding:3px 6px;'>19.86</td></tr><tr><td style='padding:3px 6px; font-weight:bold; background-color:#f2f2f2;'>ตันรวม</td><td style='padding:3px 6px;'>218.46</td></tr><tr><td style='padding:3px 6px; font-weight:bold; background-color:#f2f2f2;'>รหัสแปลง</td><td style='padding:3px 6px;'>321301110197</td></tr><tr><td style='padding:3px 6px; font-weight:bold; background-color:#f2f2f2;'>กลุ่ม</td><td style='padding:3px 6px;'>กลุ่ม_02</td></tr></table></div>]]></description>
      <styleUrl>#plotStyle</styleUrl>
      <MultiGeometry><Polygon><outerBoundaryIs><LinearRing><coordinates>103.9073761,14.5173732,0 103.9067860,14.5175068,0 103.9039835,14.5180995,0 103.9042031,14.5188409,0 103.9058860,14.5185080,0 103.9064575,14.5183608,0 103.9069883,14.5182533,0 103.9074107,14.5181691,0 103.9074573,14.5181203,0 103.9073761,14.5173732,0</coordinates></LinearRing></outerBoundaryIs></Polygon></MultiGeometry>
    </Placemark>
    <Placemark>
      <name>321301110198</name>
      <description><![CDATA[<div style='font-family:Tahoma,sans-serif; font-size:13px;'><h3 style='color:#1565C0; margin:4px 0;'>รหัสแปลง: 321301110198</h3><p style='margin:2px 0;'><b>กลุ่มคิว:</b> 02_001</p><table border='1' style='border-collapse:collapse; border-color:#ccc; width:100%;'><tr><td style='padding:3px 6px; font-weight:bold; background-color:#f2f2f2;'>รหัสกลุ่มคิว</td><td style='padding:3px 6px;'>02/001</td></tr><tr><td style='padding:3px 6px; font-weight:bold; background-color:#f2f2f2;'>รหัสรับเหมา</td><td style='padding:3px 6px;'>738889</td></tr><tr><td style='padding:3px 6px; font-weight:bold; background-color:#f2f2f2;'>ชื่อ-สกุล รับเหมา</td><td style='padding:3px 6px;'>รถตัดโรงงานเบอร์ 15</td></tr><tr><td style='padding:3px 6px; font-weight:bold; background-color:#f2f2f2;'>นักเกษตร</td><td style='padding:3px 6px;'>0010</td></tr><tr><td style='padding:3px 6px; font-weight:bold; background-color:#f2f2f2;'>ศูนย์</td><td style='padding:3px 6px;'>K2-02</td></tr><tr><td style='padding:3px 6px; font-weight:bold; background-color:#f2f2f2;'>โควตา</td><td style='padding:3px 6px;'>773000</td></tr><tr><td style='padding:3px 6px; font-weight:bold; background-color:#f2f2f2;'>ชาวไร่</td><td style='padding:3px 6px;'>นาย ฐิติโชติ มิ่งแก้ว</td></tr><tr><td style='padding:3px 6px; font-weight:bold; background-color:#f2f2f2;'>ประเภทอ้อย</td><td style='padding:3px 6px;'>ตอ1</td></tr><tr><td style='padding:3px 6px; font-weight:bold; background-color:#f2f2f2;'>พื้นที่</td><td style='padding:3px 6px;'>21.33</td></tr><tr><td style='padding:3px 6px; font-weight:bold; background-color:#f2f2f2;'>ตันรวม</td><td style='padding:3px 6px;'>191.97</td></tr><tr><td style='padding:3px 6px; font-weight:bold; background-color:#f2f2f2;'>รหัสแปลง</td><td style='padding:3px 6px;'>321301110198</td></tr><tr><td style='padding:3px 6px; font-weight:bold; background-color:#f2f2f2;'>กลุ่ม</td><td style='padding:3px 6px;'>กลุ่ม_02</td></tr></table></div>]]></description>
      <styleUrl>#plotStyle</styleUrl>
      <MultiGeometry><Polygon><outerBoundaryIs><LinearRing><coordinates>103.9148243,14.5201717,0 103.9138547,14.5202473,0 103.9129291,14.5203346,0 103.9128998,14.5203663,0 103.9131116,14.5210124,0 103.9131950,14.5213510,0 103.9130719,14.5214283,0 103.9131083,14.5216433,0 103.9140554,14.5216799,0 103.9152398,14.5217273,0 103.9148243,14.5201717,0</coordinates></LinearRing></outerBoundaryIs></Polygon></MultiGeometry>
    </Placemark>
    <Placemark>
      <name>321301110200</name>
      <description><![CDATA[<div style='font-family:Tahoma,sans-serif; font-size:13px;'><h3 style='color:#1565C0; margin:4px 0;'>รหัสแปลง: 321301110200</h3><p style='margin:2px 0;'><b>กลุ่มคิว:</b> 02_001</p><table border='1' style='border-collapse:collapse; border-color:#ccc; width:100%;'><tr><td style='padding:3px 6px; font-weight:bold; background-color:#f2f2f2;'>รหัสกลุ่มคิว</td><td style='padding:3px 6px;'>02/001</td></tr><tr><td style='padding:3px 6px; font-weight:bold; background-color:#f2f2f2;'>รหัสรับเหมา</td><td style='padding:3px 6px;'>738889</td></tr><tr><td style='padding:3px 6px; font-weight:bold; background-color:#f2f2f2;'>ชื่อ-สกุล รับเหมา</td><td style='padding:3px 6px;'>รถตัดโรงงานเบอร์ 15</td></tr><tr><td style='padding:3px 6px; font-weight:bold; background-color:#f2f2f2;'>นักเกษตร</td><td style='padding:3px 6px;'>0010</td></tr><tr><td style='padding:3px 6px; font-weight:bold; background-color:#f2f2f2;'>ศูนย์</td><td style='padding:3px 6px;'>K2-02</td></tr><tr><td style='padding:3px 6px; font-weight:bold; background-color:#f2f2f2;'>โควตา</td><td style='padding:3px 6px;'>773000</td></tr><tr><td style='padding:3px 6px; font-weight:bold; background-color:#f2f2f2;'>ชาวไร่</td><td style='padding:3px 6px;'>นาย ฐิติโชติ มิ่งแก้ว</td></tr><tr><td style='padding:3px 6px; font-weight:bold; background-color:#f2f2f2;'>ประเภทอ้อย</td><td style='padding:3px 6px;'>ปลายฝน</td></tr><tr><td style='padding:3px 6px; font-weight:bold; background-color:#f2f2f2;'>พื้นที่</td><td style='padding:3px 6px;'>12.25</td></tr><tr><td style='padding:3px 6px; font-weight:bold; background-color:#f2f2f2;'>ตันรวม</td><td style='padding:3px 6px;'>159.25</td></tr><tr><td style='padding:3px 6px; font-weight:bold; background-color:#f2f2f2;'>รหัสแปลง</td><td style='padding:3px 6px;'>321301110200</td></tr><tr><td style='padding:3px 6px; font-weight:bold; background-color:#f2f2f2;'>กลุ่ม</td><td style='padding:3px 6px;'>กลุ่ม_02</td></tr></table></div>]]></description>
      <styleUrl>#plotStyle</styleUrl>
      <MultiGeometry><Polygon><outerBoundaryIs><LinearRing><coordinates>103.9039811,14.5120071,0 103.9045176,14.5117542,0 103.9034482,14.5088639,0 103.9030258,14.5090835,0 103.9039811,14.5120071,0</coordinates></LinearRing></outerBoundaryIs></Polygon></MultiGeometry>
    </Placemark>
    <Placemark>
      <name>321301110201</name>
      <description><![CDATA[<div style='font-family:Tahoma,sans-serif; font-size:13px;'><h3 style='color:#1565C0; margin:4px 0;'>รหัสแปลง: 321301110201</h3><p style='margin:2px 0;'><b>กลุ่มคิว:</b> 02_001</p><table border='1' style='border-collapse:collapse; border-color:#ccc; width:100%;'><tr><td style='padding:3px 6px; font-weight:bold; background-color:#f2f2f2;'>รหัสกลุ่มคิว</td><td style='padding:3px 6px;'>02/001</td></tr><tr><td style='padding:3px 6px; font-weight:bold; background-color:#f2f2f2;'>รหัสรับเหมา</td><td style='padding:3px 6px;'>738889</td></tr><tr><td style='padding:3px 6px; font-weight:bold; background-color:#f2f2f2;'>ชื่อ-สกุล รับเหมา</td><td style='padding:3px 6px;'>รถตัดโรงงานเบอร์ 15</td></tr><tr><td style='padding:3px 6px; font-weight:bold; background-color:#f2f2f2;'>นักเกษตร</td><td style='padding:3px 6px;'>0010</td></tr><tr><td style='padding:3px 6px; font-weight:bold; background-color:#f2f2f2;'>ศูนย์</td><td style='padding:3px 6px;'>K2-02</td></tr><tr><td style='padding:3px 6px; font-weight:bold; background-color:#f2f2f2;'>โควตา</td><td style='padding:3px 6px;'>773000</td></tr><tr><td style='padding:3px 6px; font-weight:bold; background-color:#f2f2f2;'>ชาวไร่</td><td style='padding:3px 6px;'>นาย ฐิติโชติ มิ่งแก้ว</td></tr><tr><td style='padding:3px 6px; font-weight:bold; background-color:#f2f2f2;'>ประเภทอ้อย</td><td style='padding:3px 6px;'>ตอ2</td></tr><tr><td style='padding:3px 6px; font-weight:bold; background-color:#f2f2f2;'>พื้นที่</td><td style='padding:3px 6px;'>22.31</td></tr><tr><td style='padding:3px 6px; font-weight:bold; background-color:#f2f2f2;'>ตันรวม</td><td style='padding:3px 6px;'>178.48</td></tr><tr><td style='padding:3px 6px; font-weight:bold; background-color:#f2f2f2;'>รหัสแปลง</td><td style='padding:3px 6px;'>321301110201</td></tr><tr><td style='padding:3px 6px; font-weight:bold; background-color:#f2f2f2;'>กลุ่ม</td><td style='padding:3px 6px;'>กลุ่ม_02</td></tr></table></div>]]></description>
      <styleUrl>#plotStyle</styleUrl>
      <MultiGeometry><Polygon><outerBoundaryIs><LinearRing><coordinates>103.9069663,14.5076488,0 103.9047714,14.5085250,0 103.9050104,14.5095883,0 103.9071987,14.5091597,0 103.9069663,14.5076488,0</coordinates></LinearRing></outerBoundaryIs></Polygon></MultiGeometry>
    </Placemark>
    <Placemark>
      <name>321301110211</name>
      <description><![CDATA[<div style='font-family:Tahoma,sans-serif; font-size:13px;'><h3 style='color:#1565C0; margin:4px 0;'>รหัสแปลง: 321301110211</h3><p style='margin:2px 0;'><b>กลุ่มคิว:</b> 02_001</p><table border='1' style='border-collapse:collapse; border-color:#ccc; width:100%;'><tr><td style='padding:3px 6px; font-weight:bold; background-color:#f2f2f2;'>รหัสกลุ่มคิว</td><td style='padding:3px 6px;'>02/001</td></tr><tr><td style='padding:3px 6px; font-weight:bold; background-color:#f2f2f2;'>รหัสรับเหมา</td><td style='padding:3px 6px;'>738889</td></tr><tr><td style='padding:3px 6px; font-weight:bold; background-color:#f2f2f2;'>ชื่อ-สกุล รับเหมา</td><td style='padding:3px 6px;'>รถตัดโรงงานเบอร์ 15</td></tr><tr><td style='padding:3px 6px; font-weight:bold; background-color:#f2f2f2;'>นักเกษตร</td><td style='padding:3px 6px;'>0010</td></tr><tr><td style='padding:3px 6px; font-weight:bold; background-color:#f2f2f2;'>ศูนย์</td><td style='padding:3px 6px;'>K2-02</td></tr><tr><td style='padding:3px 6px; font-weight:bold; background-color:#f2f2f2;'>โควตา</td><td style='padding:3px 6px;'>720000</td></tr><tr><td style='padding:3px 6px; font-weight:bold; background-color:#f2f2f2;'>ชาวไร่</td><td style='padding:3px 6px;'>นางสาว ดาหวัน แก้วแสนเมือง</td></tr><tr><td style='padding:3px 6px; font-weight:bold; background-color:#f2f2f2;'>ประเภทอ้อย</td><td style='padding:3px 6px;'>ตอ1</td></tr><tr><td style='padding:3px 6px; font-weight:bold; background-color:#f2f2f2;'>พื้นที่</td><td style='padding:3px 6px;'>2.09</td></tr><tr><td style='padding:3px 6px; font-weight:bold; background-color:#f2f2f2;'>ตันรวม</td><td style='padding:3px 6px;'>18.81</td></tr><tr><td style='padding:3px 6px; font-weight:bold; background-color:#f2f2f2;'>รหัสแปลง</td><td style='padding:3px 6px;'>321301110211</td></tr><tr><td style='padding:3px 6px; font-weight:bold; background-color:#f2f2f2;'>กลุ่ม</td><td style='padding:3px 6px;'>กลุ่ม_02</td></tr></table></div>]]></description>
      <styleUrl>#plotStyle</styleUrl>
      <MultiGeometry><Polygon><outerBoundaryIs><LinearRing><coordinates>103.9150686,14.5217824,0 103.9149715,14.5226692,0 103.9154118,14.5227176,0 103.9152481,14.5217958,0 103.9150686,14.5217824,0</coordinates></LinearRing></outerBoundaryIs></Polygon></MultiGeometry>
    </Placemark>
    <Placemark>
      <name>321301110215</name>
      <description><![CDATA[<div style='font-family:Tahoma,sans-serif; font-size:13px;'><h3 style='color:#1565C0; margin:4px 0;'>รหัสแปลง: 321301110215</h3><p style='margin:2px 0;'><b>กลุ่มคิว:</b> 02_001</p><table border='1' style='border-collapse:collapse; border-color:#ccc; width:100%;'><tr><td style='padding:3px 6px; font-weight:bold; background-color:#f2f2f2;'>รหัสกลุ่มคิว</td><td style='padding:3px 6px;'>02/001</td></tr><tr><td style='padding:3px 6px; font-weight:bold; background-color:#f2f2f2;'>รหัสรับเหมา</td><td style='padding:3px 6px;'>738889</td></tr><tr><td style='padding:3px 6px; font-weight:bold; background-color:#f2f2f2;'>ชื่อ-สกุล รับเหมา</td><td style='padding:3px 6px;'>รถตัดโรงงานเบอร์ 15</td></tr><tr><td style='padding:3px 6px; font-weight:bold; background-color:#f2f2f2;'>นักเกษตร</td><td style='padding:3px 6px;'>0010</td></tr><tr><td style='padding:3px 6px; font-weight:bold; background-color:#f2f2f2;'>ศูนย์</td><td style='padding:3px 6px;'>K2-02</td></tr><tr><td style='padding:3px 6px; font-weight:bold; background-color:#f2f2f2;'>โควตา</td><td style='padding:3px 6px;'>773000</td></tr><tr><td style='padding:3px 6px; font-weight:bold; background-color:#f2f2f2;'>ชาวไร่</td><td style='padding:3px 6px;'>นาย ฐิติโชติ มิ่งแก้ว</td></tr><tr><td style='padding:3px 6px; font-weight:bold; background-color:#f2f2f2;'>ประเภทอ้อย</td><td style='padding:3px 6px;'>ตอ3</td></tr><tr><td style='padding:3px 6px; font-weight:bold; background-color:#f2f2f2;'>พื้นที่</td><td style='padding:3px 6px;'>8.02</td></tr><tr><td style='padding:3px 6px; font-weight:bold; background-color:#f2f2f2;'>ตันรวม</td><td style='padding:3px 6px;'>56.14</td></tr><tr><td style='padding:3px 6px; font-weight:bold; background-color:#f2f2f2;'>รหัสแปลง</td><td style='padding:3px 6px;'>321301110215</td></tr><tr><td style='padding:3px 6px; font-weight:bold; background-color:#f2f2f2;'>กลุ่ม</td><td style='padding:3px 6px;'>กลุ่ม_02</td></tr></table></div>]]></description>
      <styleUrl>#plotStyle</styleUrl>
      <MultiGeometry><Polygon><outerBoundaryIs><LinearRing><coordinates>103.9151660,14.5140682,0 103.9154598,14.5151025,0 103.9155863,14.5156783,0 103.9162084,14.5155717,0 103.9159982,14.5146884,0 103.9158411,14.5139388,0 103.9151660,14.5140682,0</coordinates></LinearRing></outerBoundaryIs></Polygon></MultiGeometry>
    </Placemark>
    <Placemark>
      <name>321301110217</name>
      <description><![CDATA[<div style='font-family:Tahoma,sans-serif; font-size:13px;'><h3 style='color:#1565C0; margin:4px 0;'>รหัสแปลง: 321301110217</h3><p style='margin:2px 0;'><b>กลุ่มคิว:</b> 02_001</p><table border='1' style='border-collapse:collapse; border-color:#ccc; width:100%;'><tr><td style='padding:3px 6px; font-weight:bold; background-color:#f2f2f2;'>รหัสกลุ่มคิว</td><td style='padding:3px 6px;'>02/001</td></tr><tr><td style='padding:3px 6px; font-weight:bold; background-color:#f2f2f2;'>รหัสรับเหมา</td><td style='padding:3px 6px;'>738889</td></tr><tr><td style='padding:3px 6px; font-weight:bold; background-color:#f2f2f2;'>ชื่อ-สกุล รับเหมา</td><td style='padding:3px 6px;'>รถตัดโรงงานเบอร์ 15</td></tr><tr><td style='padding:3px 6px; font-weight:bold; background-color:#f2f2f2;'>นักเกษตร</td><td style='padding:3px 6px;'>0010</td></tr><tr><td style='padding:3px 6px; font-weight:bold; background-color:#f2f2f2;'>ศูนย์</td><td style='padding:3px 6px;'>K2-02</td></tr><tr><td style='padding:3px 6px; font-weight:bold; background-color:#f2f2f2;'>โควตา</td><td style='padding:3px 6px;'>773000</td></tr><tr><td style='padding:3px 6px; font-weight:bold; background-color:#f2f2f2;'>ชาวไร่</td><td style='padding:3px 6px;'>นาย ฐิติโชติ มิ่งแก้ว</td></tr><tr><td style='padding:3px 6px; font-weight:bold; background-color:#f2f2f2;'>ประเภทอ้อย</td><td style='padding:3px 6px;'>ตอ1</td></tr><tr><td style='padding:3px 6px; font-weight:bold; background-color:#f2f2f2;'>พื้นที่</td><td style='padding:3px 6px;'>77.29</td></tr><tr><td style='padding:3px 6px; font-weight:bold; background-color:#f2f2f2;'>ตันรวม</td><td style='padding:3px 6px;'>695.61</td></tr><tr><td style='padding:3px 6px; font-weight:bold; background-color:#f2f2f2;'>รหัสแปลง</td><td style='padding:3px 6px;'>321301110217</td></tr><tr><td style='padding:3px 6px; font-weight:bold; background-color:#f2f2f2;'>กลุ่ม</td><td style='padding:3px 6px;'>กลุ่ม_02</td></tr></table></div>]]></description>
      <styleUrl>#plotStyle</styleUrl>
      <MultiGeometry><Polygon><outerBoundaryIs><LinearRing><coordinates>103.9197081,14.5230271,0 103.9196431,14.5221922,0 103.9204366,14.5223105,0 103.9206779,14.5198966,0 103.9203454,14.5198960,0 103.9200812,14.5199186,0 103.9193711,14.5199677,0 103.9191660,14.5199839,0 103.9189758,14.5200114,0 103.9187729,14.5200406,0 103.9186399,14.5200647,0 103.9185523,14.5200796,0 103.9183305,14.5201281,0 103.9164829,14.5205893,0 103.9165706,14.5224239,0 103.9173135,14.5224183,0 103.9174039,14.5229685,0 103.9183610,14.5229411,0 103.9197081,14.5230271,0</coordinates></LinearRing></outerBoundaryIs></Polygon></MultiGeometry>
    </Placemark>
    <Placemark>
      <name>321301110233</name>
      <description><![CDATA[<div style='font-family:Tahoma,sans-serif; font-size:13px;'><h3 style='color:#1565C0; margin:4px 0;'>รหัสแปลง: 321301110233</h3><p style='margin:2px 0;'><b>กลุ่มคิว:</b> 02_001</p><table border='1' style='border-collapse:collapse; border-color:#ccc; width:100%;'><tr><td style='padding:3px 6px; font-weight:bold; background-color:#f2f2f2;'>รหัสกลุ่มคิว</td><td style='padding:3px 6px;'>02/001</td></tr><tr><td style='padding:3px 6px; font-weight:bold; background-color:#f2f2f2;'>รหัสรับเหมา</td><td style='padding:3px 6px;'>738889</td></tr><tr><td style='padding:3px 6px; font-weight:bold; background-color:#f2f2f2;'>ชื่อ-สกุล รับเหมา</td><td style='padding:3px 6px;'>รถตัดโรงงานเบอร์ 15</td></tr><tr><td style='padding:3px 6px; font-weight:bold; background-color:#f2f2f2;'>นักเกษตร</td><td style='padding:3px 6px;'>0010</td></tr><tr><td style='padding:3px 6px; font-weight:bold; background-color:#f2f2f2;'>ศูนย์</td><td style='padding:3px 6px;'>K2-02</td></tr><tr><td style='padding:3px 6px; font-weight:bold; background-color:#f2f2f2;'>โควตา</td><td style='padding:3px 6px;'>720000</td></tr><tr><td style='padding:3px 6px; font-weight:bold; background-color:#f2f2f2;'>ชาวไร่</td><td style='padding:3px 6px;'>นางสาว ดาหวัน แก้วแสนเมือง</td></tr><tr><td style='padding:3px 6px; font-weight:bold; background-color:#f2f2f2;'>ประเภทอ้อย</td><td style='padding:3px 6px;'>ตอ2</td></tr><tr><td style='padding:3px 6px; font-weight:bold; background-color:#f2f2f2;'>พื้นที่</td><td style='padding:3px 6px;'>11.68</td></tr><tr><td style='padding:3px 6px; font-weight:bold; background-color:#f2f2f2;'>ตันรวม</td><td style='padding:3px 6px;'>93.44</td></tr><tr><td style='padding:3px 6px; font-weight:bold; background-color:#f2f2f2;'>รหัสแปลง</td><td style='padding:3px 6px;'>321301110233</td></tr><tr><td style='padding:3px 6px; font-weight:bold; background-color:#f2f2f2;'>กลุ่ม</td><td style='padding:3px 6px;'>กลุ่ม_02</td></tr></table></div>]]></description>
      <styleUrl>#plotStyle</styleUrl>
      <MultiGeometry><Polygon><outerBoundaryIs><LinearRing><coordinates>103.9152982,14.5263783,0 103.9154065,14.5252920,0 103.9139520,14.5249967,0 103.9137952,14.5259528,0 103.9152982,14.5263783,0</coordinates></LinearRing></outerBoundaryIs></Polygon></MultiGeometry>
    </Placemark>
    <Placemark>
      <name>321301110234</name>
      <description><![CDATA[<div style='font-family:Tahoma,sans-serif; font-size:13px;'><h3 style='color:#1565C0; margin:4px 0;'>รหัสแปลง: 321301110234</h3><p style='margin:2px 0;'><b>กลุ่มคิว:</b> 02_001</p><table border='1' style='border-collapse:collapse; border-color:#ccc; width:100%;'><tr><td style='padding:3px 6px; font-weight:bold; background-color:#f2f2f2;'>รหัสกลุ่มคิว</td><td style='padding:3px 6px;'>02/001</td></tr><tr><td style='padding:3px 6px; font-weight:bold; background-color:#f2f2f2;'>รหัสรับเหมา</td><td style='padding:3px 6px;'>738889</td></tr><tr><td style='padding:3px 6px; font-weight:bold; background-color:#f2f2f2;'>ชื่อ-สกุล รับเหมา</td><td style='padding:3px 6px;'>รถตัดโรงงานเบอร์ 15</td></tr><tr><td style='padding:3px 6px; font-weight:bold; background-color:#f2f2f2;'>นักเกษตร</td><td style='padding:3px 6px;'>0010</td></tr><tr><td style='padding:3px 6px; font-weight:bold; background-color:#f2f2f2;'>ศูนย์</td><td style='padding:3px 6px;'>K2-02</td></tr><tr><td style='padding:3px 6px; font-weight:bold; background-color:#f2f2f2;'>โควตา</td><td style='padding:3px 6px;'>773000</td></tr><tr><td style='padding:3px 6px; font-weight:bold; background-color:#f2f2f2;'>ชาวไร่</td><td style='padding:3px 6px;'>นาย ฐิติโชติ มิ่งแก้ว</td></tr><tr><td style='padding:3px 6px; font-weight:bold; background-color:#f2f2f2;'>ประเภทอ้อย</td><td style='padding:3px 6px;'>ตอ1</td></tr><tr><td style='padding:3px 6px; font-weight:bold; background-color:#f2f2f2;'>พื้นที่</td><td style='padding:3px 6px;'>30.44</td></tr><tr><td style='padding:3px 6px; font-weight:bold; background-color:#f2f2f2;'>ตันรวม</td><td style='padding:3px 6px;'>273.96</td></tr><tr><td style='padding:3px 6px; font-weight:bold; background-color:#f2f2f2;'>รหัสแปลง</td><td style='padding:3px 6px;'>321301110234</td></tr><tr><td style='padding:3px 6px; font-weight:bold; background-color:#f2f2f2;'>กลุ่ม</td><td style='padding:3px 6px;'>กลุ่ม_02</td></tr></table></div>]]></description>
      <styleUrl>#plotStyle</styleUrl>
      <MultiGeometry><Polygon><outerBoundaryIs><LinearRing><coordinates>103.9150229,14.5167585,0 103.9141022,14.5168314,0 103.9143252,14.5180118,0 103.9145227,14.5190062,0 103.9153748,14.5189192,0 103.9163403,14.5188193,0 103.9163139,14.5180250,0 103.9162840,14.5174438,0 103.9159730,14.5174200,0 103.9158414,14.5167392,0 103.9150229,14.5167585,0</coordinates></LinearRing></outerBoundaryIs></Polygon></MultiGeometry>
    </Placemark>
    <Placemark>
      <name>321301110235</name>
      <description><![CDATA[<div style='font-family:Tahoma,sans-serif; font-size:13px;'><h3 style='color:#1565C0; margin:4px 0;'>รหัสแปลง: 321301110235</h3><p style='margin:2px 0;'><b>กลุ่มคิว:</b> 02_001</p><table border='1' style='border-collapse:collapse; border-color:#ccc; width:100%;'><tr><td style='padding:3px 6px; font-weight:bold; background-color:#f2f2f2;'>รหัสกลุ่มคิว</td><td style='padding:3px 6px;'>02/001</td></tr><tr><td style='padding:3px 6px; font-weight:bold; background-color:#f2f2f2;'>รหัสรับเหมา</td><td style='padding:3px 6px;'>738889</td></tr><tr><td style='padding:3px 6px; font-weight:bold; background-color:#f2f2f2;'>ชื่อ-สกุล รับเหมา</td><td style='padding:3px 6px;'>รถตัดโรงงานเบอร์ 15</td></tr><tr><td style='padding:3px 6px; font-weight:bold; background-color:#f2f2f2;'>นักเกษตร</td><td style='padding:3px 6px;'>0010</td></tr><tr><td style='padding:3px 6px; font-weight:bold; background-color:#f2f2f2;'>ศูนย์</td><td style='padding:3px 6px;'>K2-02</td></tr><tr><td style='padding:3px 6px; font-weight:bold; background-color:#f2f2f2;'>โควตา</td><td style='padding:3px 6px;'>720000</td></tr><tr><td style='padding:3px 6px; font-weight:bold; background-color:#f2f2f2;'>ชาวไร่</td><td style='padding:3px 6px;'>นางสาว ดาหวัน แก้วแสนเมือง</td></tr><tr><td style='padding:3px 6px; font-weight:bold; background-color:#f2f2f2;'>ประเภทอ้อย</td><td style='padding:3px 6px;'>ตอ6</td></tr><tr><td style='padding:3px 6px; font-weight:bold; background-color:#f2f2f2;'>พื้นที่</td><td style='padding:3px 6px;'>5.74</td></tr><tr><td style='padding:3px 6px; font-weight:bold; background-color:#f2f2f2;'>ตันรวม</td><td style='padding:3px 6px;'>40.18</td></tr><tr><td style='padding:3px 6px; font-weight:bold; background-color:#f2f2f2;'>รหัสแปลง</td><td style='padding:3px 6px;'>321301110235</td></tr><tr><td style='padding:3px 6px; font-weight:bold; background-color:#f2f2f2;'>กลุ่ม</td><td style='padding:3px 6px;'>กลุ่ม_02</td></tr></table></div>]]></description>
      <styleUrl>#plotStyle</styleUrl>
      <MultiGeometry><Polygon><outerBoundaryIs><LinearRing><coordinates>103.9137583,14.5259288,0 103.9137962,14.5257728,0 103.9140129,14.5242100,0 103.9135702,14.5241389,0 103.9133377,14.5257832,0 103.9137583,14.5259288,0</coordinates></LinearRing></outerBoundaryIs></Polygon></MultiGeometry>
    </Placemark>
    <Placemark>
      <name>321301111018</name>
      <description><![CDATA[<div style='font-family:Tahoma,sans-serif; font-size:13px;'><h3 style='color:#1565C0; margin:4px 0;'>รหัสแปลง: 321301111018</h3><p style='margin:2px 0;'><b>กลุ่มคิว:</b> 02_001</p><table border='1' style='border-collapse:collapse; border-color:#ccc; width:100%;'><tr><td style='padding:3px 6px; font-weight:bold; background-color:#f2f2f2;'>รหัสกลุ่มคิว</td><td style='padding:3px 6px;'>02/001</td></tr><tr><td style='padding:3px 6px; font-weight:bold; background-color:#f2f2f2;'>รหัสรับเหมา</td><td style='padding:3px 6px;'>738889</td></tr><tr><td style='padding:3px 6px; font-weight:bold; background-color:#f2f2f2;'>ชื่อ-สกุล รับเหมา</td><td style='padding:3px 6px;'>รถตัดโรงงานเบอร์ 15</td></tr><tr><td style='padding:3px 6px; font-weight:bold; background-color:#f2f2f2;'>นักเกษตร</td><td style='padding:3px 6px;'>0010</td></tr><tr><td style='padding:3px 6px; font-weight:bold; background-color:#f2f2f2;'>ศูนย์</td><td style='padding:3px 6px;'>K2-02</td></tr><tr><td style='padding:3px 6px; font-weight:bold; background-color:#f2f2f2;'>โควตา</td><td style='padding:3px 6px;'>773000</td></tr><tr><td style='padding:3px 6px; font-weight:bold; background-color:#f2f2f2;'>ชาวไร่</td><td style='padding:3px 6px;'>นาย ฐิติโชติ มิ่งแก้ว</td></tr><tr><td style='padding:3px 6px; font-weight:bold; background-color:#f2f2f2;'>ประเภทอ้อย</td><td style='padding:3px 6px;'>ตอ3</td></tr><tr><td style='padding:3px 6px; font-weight:bold; background-color:#f2f2f2;'>พื้นที่</td><td style='padding:3px 6px;'>22.97</td></tr><tr><td style='padding:3px 6px; font-weight:bold; background-color:#f2f2f2;'>ตันรวม</td><td style='padding:3px 6px;'>160.79</td></tr><tr><td style='padding:3px 6px; font-weight:bold; background-color:#f2f2f2;'>รหัสแปลง</td><td style='padding:3px 6px;'>321301111018</td></tr><tr><td style='padding:3px 6px; font-weight:bold; background-color:#f2f2f2;'>กลุ่ม</td><td style='padding:3px 6px;'>กลุ่ม_02</td></tr></table></div>]]></description>
      <styleUrl>#plotStyle</styleUrl>
      <MultiGeometry><Polygon><outerBoundaryIs><LinearRing><coordinates>103.9074098,14.5171488,0 103.9074951,14.5171027,0 103.9075216,14.5170844,0 103.9075656,14.5170721,0 103.9075893,14.5170701,0 103.9076220,14.5170627,0 103.9076511,14.5170545,0 103.9076816,14.5170548,0 103.9076987,14.5170616,0 103.9077221,14.5170705,0 103.9077414,14.5170750,0 103.9077579,14.5170804,0 103.9077726,14.5170900,0 103.9077876,14.5170994,0 103.9077975,14.5171074,0 103.9077984,14.5171190,0 103.9078097,14.5171483,0 103.9087119,14.5170208,0 103.9091117,14.5147504,0 103.9071349,14.5156436,0 103.9074098,14.5171488,0</coordinates></LinearRing></outerBoundaryIs></Polygon></MultiGeometry>
    </Placemark>
    <Placemark>
      <name>321301111019</name>
      <description><![CDATA[<div style='font-family:Tahoma,sans-serif; font-size:13px;'><h3 style='color:#1565C0; margin:4px 0;'>รหัสแปลง: 321301111019</h3><p style='margin:2px 0;'><b>กลุ่มคิว:</b> 02_001</p><table border='1' style='border-collapse:collapse; border-color:#ccc; width:100%;'><tr><td style='padding:3px 6px; font-weight:bold; background-color:#f2f2f2;'>รหัสกลุ่มคิว</td><td style='padding:3px 6px;'>02/001</td></tr><tr><td style='padding:3px 6px; font-weight:bold; background-color:#f2f2f2;'>รหัสรับเหมา</td><td style='padding:3px 6px;'>738889</td></tr><tr><td style='padding:3px 6px; font-weight:bold; background-color:#f2f2f2;'>ชื่อ-สกุล รับเหมา</td><td style='padding:3px 6px;'>รถตัดโรงงานเบอร์ 15</td></tr><tr><td style='padding:3px 6px; font-weight:bold; background-color:#f2f2f2;'>นักเกษตร</td><td style='padding:3px 6px;'>0010</td></tr><tr><td style='padding:3px 6px; font-weight:bold; background-color:#f2f2f2;'>ศูนย์</td><td style='padding:3px 6px;'>K2-02</td></tr><tr><td style='padding:3px 6px; font-weight:bold; background-color:#f2f2f2;'>โควตา</td><td style='padding:3px 6px;'>773000</td></tr><tr><td style='padding:3px 6px; font-weight:bold; background-color:#f2f2f2;'>ชาวไร่</td><td style='padding:3px 6px;'>นาย ฐิติโชติ มิ่งแก้ว</td></tr><tr><td style='padding:3px 6px; font-weight:bold; background-color:#f2f2f2;'>ประเภทอ้อย</td><td style='padding:3px 6px;'>ตอ2</td></tr><tr><td style='padding:3px 6px; font-weight:bold; background-color:#f2f2f2;'>พื้นที่</td><td style='padding:3px 6px;'>15.83</td></tr><tr><td style='padding:3px 6px; font-weight:bold; background-color:#f2f2f2;'>ตันรวม</td><td style='padding:3px 6px;'>126.64</td></tr><tr><td style='padding:3px 6px; font-weight:bold; background-color:#f2f2f2;'>รหัสแปลง</td><td style='padding:3px 6px;'>321301111019</td></tr><tr><td style='padding:3px 6px; font-weight:bold; background-color:#f2f2f2;'>กลุ่ม</td><td style='padding:3px 6px;'>กลุ่ม_02</td></tr></table></div>]]></description>
      <styleUrl>#plotStyle</styleUrl>
      <MultiGeometry><Polygon><outerBoundaryIs><LinearRing><coordinates>103.9073364,14.5172825,0 103.9071028,14.5157001,0 103.9062170,14.5146654,0 103.9051763,14.5149679,0 103.9073364,14.5172825,0</coordinates></LinearRing></outerBoundaryIs></Polygon></MultiGeometry>
    </Placemark>
    <Placemark>
      <name>321301111022</name>
      <description><![CDATA[<div style='font-family:Tahoma,sans-serif; font-size:13px;'><h3 style='color:#1565C0; margin:4px 0;'>รหัสแปลง: 321301111022</h3><p style='margin:2px 0;'><b>กลุ่มคิว:</b> 02_001</p><table border='1' style='border-collapse:collapse; border-color:#ccc; width:100%;'><tr><td style='padding:3px 6px; font-weight:bold; background-color:#f2f2f2;'>รหัสกลุ่มคิว</td><td style='padding:3px 6px;'>02/001</td></tr><tr><td style='padding:3px 6px; font-weight:bold; background-color:#f2f2f2;'>รหัสรับเหมา</td><td style='padding:3px 6px;'>738889</td></tr><tr><td style='padding:3px 6px; font-weight:bold; background-color:#f2f2f2;'>ชื่อ-สกุล รับเหมา</td><td style='padding:3px 6px;'>รถตัดโรงงานเบอร์ 15</td></tr><tr><td style='padding:3px 6px; font-weight:bold; background-color:#f2f2f2;'>นักเกษตร</td><td style='padding:3px 6px;'>0010</td></tr><tr><td style='padding:3px 6px; font-weight:bold; background-color:#f2f2f2;'>ศูนย์</td><td style='padding:3px 6px;'>K2-02</td></tr><tr><td style='padding:3px 6px; font-weight:bold; background-color:#f2f2f2;'>โควตา</td><td style='padding:3px 6px;'>773000</td></tr><tr><td style='padding:3px 6px; font-weight:bold; background-color:#f2f2f2;'>ชาวไร่</td><td style='padding:3px 6px;'>นาย ฐิติโชติ มิ่งแก้ว</td></tr><tr><td style='padding:3px 6px; font-weight:bold; background-color:#f2f2f2;'>ประเภทอ้อย</td><td style='padding:3px 6px;'>ตอ2</td></tr><tr><td style='padding:3px 6px; font-weight:bold; background-color:#f2f2f2;'>พื้นที่</td><td style='padding:3px 6px;'>16.02</td></tr><tr><td style='padding:3px 6px; font-weight:bold; background-color:#f2f2f2;'>ตันรวม</td><td style='padding:3px 6px;'>128.16</td></tr><tr><td style='padding:3px 6px; font-weight:bold; background-color:#f2f2f2;'>รหัสแปลง</td><td style='padding:3px 6px;'>321301111022</td></tr><tr><td style='padding:3px 6px; font-weight:bold; background-color:#f2f2f2;'>กลุ่ม</td><td style='padding:3px 6px;'>กลุ่ม_02</td></tr></table></div>]]></description>
      <styleUrl>#plotStyle</styleUrl>
      <MultiGeometry><Polygon><outerBoundaryIs><LinearRing><coordinates>103.9070956,14.5155645,0 103.9072320,14.5141306,0 103.9072289,14.5140258,0 103.9066761,14.5132363,0 103.9053043,14.5134859,0 103.9070956,14.5155645,0</coordinates></LinearRing></outerBoundaryIs></Polygon></MultiGeometry>
    </Placemark>
    <Placemark>
      <name>321301111023</name>
      <description><![CDATA[<div style='font-family:Tahoma,sans-serif; font-size:13px;'><h3 style='color:#1565C0; margin:4px 0;'>รหัสแปลง: 321301111023</h3><p style='margin:2px 0;'><b>กลุ่มคิว:</b> 02_001</p><table border='1' style='border-collapse:collapse; border-color:#ccc; width:100%;'><tr><td style='padding:3px 6px; font-weight:bold; background-color:#f2f2f2;'>รหัสกลุ่มคิว</td><td style='padding:3px 6px;'>02/001</td></tr><tr><td style='padding:3px 6px; font-weight:bold; background-color:#f2f2f2;'>รหัสรับเหมา</td><td style='padding:3px 6px;'>738889</td></tr><tr><td style='padding:3px 6px; font-weight:bold; background-color:#f2f2f2;'>ชื่อ-สกุล รับเหมา</td><td style='padding:3px 6px;'>รถตัดโรงงานเบอร์ 15</td></tr><tr><td style='padding:3px 6px; font-weight:bold; background-color:#f2f2f2;'>นักเกษตร</td><td style='padding:3px 6px;'>0010</td></tr><tr><td style='padding:3px 6px; font-weight:bold; background-color:#f2f2f2;'>ศูนย์</td><td style='padding:3px 6px;'>K2-02</td></tr><tr><td style='padding:3px 6px; font-weight:bold; background-color:#f2f2f2;'>โควตา</td><td style='padding:3px 6px;'>773000</td></tr><tr><td style='padding:3px 6px; font-weight:bold; background-color:#f2f2f2;'>ชาวไร่</td><td style='padding:3px 6px;'>นาย ฐิติโชติ มิ่งแก้ว</td></tr><tr><td style='padding:3px 6px; font-weight:bold; background-color:#f2f2f2;'>ประเภทอ้อย</td><td style='padding:3px 6px;'>ตอ1</td></tr><tr><td style='padding:3px 6px; font-weight:bold; background-color:#f2f2f2;'>พื้นที่</td><td style='padding:3px 6px;'>24.0</td></tr><tr><td style='padding:3px 6px; font-weight:bold; background-color:#f2f2f2;'>ตันรวม</td><td style='padding:3px 6px;'>216.0</td></tr><tr><td style='padding:3px 6px; font-weight:bold; background-color:#f2f2f2;'>รหัสแปลง</td><td style='padding:3px 6px;'>321301111023</td></tr><tr><td style='padding:3px 6px; font-weight:bold; background-color:#f2f2f2;'>กลุ่ม</td><td style='padding:3px 6px;'>กลุ่ม_02</td></tr></table></div>]]></description>
      <styleUrl>#plotStyle</styleUrl>
      <MultiGeometry><Polygon><outerBoundaryIs><LinearRing><coordinates>103.9045411,14.5206551,0 103.9047813,14.5221853,0 103.9059252,14.5221906,0 103.9067569,14.5221889,0 103.9064743,14.5204716,0 103.9045411,14.5206551,0</coordinates></LinearRing></outerBoundaryIs></Polygon></MultiGeometry>
    </Placemark>
    <Placemark>
      <name>321301111032</name>
      <description><![CDATA[<div style='font-family:Tahoma,sans-serif; font-size:13px;'><h3 style='color:#1565C0; margin:4px 0;'>รหัสแปลง: 321301111032</h3><p style='margin:2px 0;'><b>กลุ่มคิว:</b> 02_001</p><table border='1' style='border-collapse:collapse; border-color:#ccc; width:100%;'><tr><td style='padding:3px 6px; font-weight:bold; background-color:#f2f2f2;'>รหัสกลุ่มคิว</td><td style='padding:3px 6px;'>02/001</td></tr><tr><td style='padding:3px 6px; font-weight:bold; background-color:#f2f2f2;'>รหัสรับเหมา</td><td style='padding:3px 6px;'>738889</td></tr><tr><td style='padding:3px 6px; font-weight:bold; background-color:#f2f2f2;'>ชื่อ-สกุล รับเหมา</td><td style='padding:3px 6px;'>รถตัดโรงงานเบอร์ 15</td></tr><tr><td style='padding:3px 6px; font-weight:bold; background-color:#f2f2f2;'>นักเกษตร</td><td style='padding:3px 6px;'>0010</td></tr><tr><td style='padding:3px 6px; font-weight:bold; background-color:#f2f2f2;'>ศูนย์</td><td style='padding:3px 6px;'>K2-02</td></tr><tr><td style='padding:3px 6px; font-weight:bold; background-color:#f2f2f2;'>โควตา</td><td style='padding:3px 6px;'>720000</td></tr><tr><td style='padding:3px 6px; font-weight:bold; background-color:#f2f2f2;'>ชาวไร่</td><td style='padding:3px 6px;'>นางสาว ดาหวัน แก้วแสนเมือง</td></tr><tr><td style='padding:3px 6px; font-weight:bold; background-color:#f2f2f2;'>ประเภทอ้อย</td><td style='padding:3px 6px;'>ตอ1</td></tr><tr><td style='padding:3px 6px; font-weight:bold; background-color:#f2f2f2;'>พื้นที่</td><td style='padding:3px 6px;'>41.04</td></tr><tr><td style='padding:3px 6px; font-weight:bold; background-color:#f2f2f2;'>ตันรวม</td><td style='padding:3px 6px;'>369.36</td></tr><tr><td style='padding:3px 6px; font-weight:bold; background-color:#f2f2f2;'>รหัสแปลง</td><td style='padding:3px 6px;'>321301111032</td></tr><tr><td style='padding:3px 6px; font-weight:bold; background-color:#f2f2f2;'>กลุ่ม</td><td style='padding:3px 6px;'>กลุ่ม_02</td></tr></table></div>]]></description>
      <styleUrl>#plotStyle</styleUrl>
      <MultiGeometry><Polygon><outerBoundaryIs><LinearRing><coordinates>103.9155530,14.5264737,0 103.9158269,14.5265333,0 103.9161104,14.5265778,0 103.9171852,14.5266365,0 103.9172166,14.5263625,0 103.9172217,14.5262036,0 103.9172438,14.5260508,0 103.9172969,14.5259000,0 103.9174314,14.5256268,0 103.9176485,14.5252306,0 103.9175361,14.5244712,0 103.9174311,14.5239196,0 103.9170241,14.5238376,0 103.9161644,14.5238179,0 103.9155433,14.5238219,0 103.9155087,14.5243033,0 103.9154906,14.5245827,0 103.9153477,14.5264080,0 103.9155530,14.5264737,0</coordinates></LinearRing></outerBoundaryIs></Polygon></MultiGeometry>
    </Placemark>
    <Placemark>
      <name>330411010006</name>
      <description><![CDATA[<div style='font-family:Tahoma,sans-serif; font-size:13px;'><h3 style='color:#1565C0; margin:4px 0;'>รหัสแปลง: 330411010006</h3><p style='margin:2px 0;'><b>กลุ่มคิว:</b> 02_001</p><table border='1' style='border-collapse:collapse; border-color:#ccc; width:100%;'><tr><td style='padding:3px 6px; font-weight:bold; background-color:#f2f2f2;'>รหัสกลุ่มคิว</td><td style='padding:3px 6px;'>02/001</td></tr><tr><td style='padding:3px 6px; font-weight:bold; background-color:#f2f2f2;'>รหัสรับเหมา</td><td style='padding:3px 6px;'>738889</td></tr><tr><td style='padding:3px 6px; font-weight:bold; background-color:#f2f2f2;'>ชื่อ-สกุล รับเหมา</td><td style='padding:3px 6px;'>รถตัดโรงงานเบอร์ 15</td></tr><tr><td style='padding:3px 6px; font-weight:bold; background-color:#f2f2f2;'>นักเกษตร</td><td style='padding:3px 6px;'>0010</td></tr><tr><td style='padding:3px 6px; font-weight:bold; background-color:#f2f2f2;'>ศูนย์</td><td style='padding:3px 6px;'>K2-02</td></tr><tr><td style='padding:3px 6px; font-weight:bold; background-color:#f2f2f2;'>โควตา</td><td style='padding:3px 6px;'>910208</td></tr><tr><td style='padding:3px 6px; font-weight:bold; background-color:#f2f2f2;'>ชาวไร่</td><td style='padding:3px 6px;'>นาย วิเชียร ธงชัย</td></tr><tr><td style='padding:3px 6px; font-weight:bold; background-color:#f2f2f2;'>ประเภทอ้อย</td><td style='padding:3px 6px;'>ตอ2</td></tr><tr><td style='padding:3px 6px; font-weight:bold; background-color:#f2f2f2;'>พื้นที่</td><td style='padding:3px 6px;'>10.92</td></tr><tr><td style='padding:3px 6px; font-weight:bold; background-color:#f2f2f2;'>ตันรวม</td><td style='padding:3px 6px;'>87.36</td></tr><tr><td style='padding:3px 6px; font-weight:bold; background-color:#f2f2f2;'>รหัสแปลง</td><td style='padding:3px 6px;'>330411010006</td></tr><tr><td style='padding:3px 6px; font-weight:bold; background-color:#f2f2f2;'>กลุ่ม</td><td style='padding:3px 6px;'>กลุ่ม_02</td></tr></table></div>]]></description>
      <styleUrl>#plotStyle</styleUrl>
      <MultiGeometry><Polygon><outerBoundaryIs><LinearRing><coordinates>104.6751647,14.7453977,0 104.6747655,14.7446228,0 104.6743020,14.7446515,0 104.6743129,14.7446853,0 104.6738472,14.7448199,0 104.6738012,14.7449330,0 104.6733031,14.7450427,0 104.6735490,14.7459021,0 104.6751647,14.7453977,0</coordinates></LinearRing></outerBoundaryIs></Polygon></MultiGeometry>
    </Placemark>
    <Placemark>
      <name>330411010007</name>
      <description><![CDATA[<div style='font-family:Tahoma,sans-serif; font-size:13px;'><h3 style='color:#1565C0; margin:4px 0;'>รหัสแปลง: 330411010007</h3><p style='margin:2px 0;'><b>กลุ่มคิว:</b> 02_001</p><table border='1' style='border-collapse:collapse; border-color:#ccc; width:100%;'><tr><td style='padding:3px 6px; font-weight:bold; background-color:#f2f2f2;'>รหัสกลุ่มคิว</td><td style='padding:3px 6px;'>02/001</td></tr><tr><td style='padding:3px 6px; font-weight:bold; background-color:#f2f2f2;'>รหัสรับเหมา</td><td style='padding:3px 6px;'>738889</td></tr><tr><td style='padding:3px 6px; font-weight:bold; background-color:#f2f2f2;'>ชื่อ-สกุล รับเหมา</td><td style='padding:3px 6px;'>รถตัดโรงงานเบอร์ 15</td></tr><tr><td style='padding:3px 6px; font-weight:bold; background-color:#f2f2f2;'>นักเกษตร</td><td style='padding:3px 6px;'>0010</td></tr><tr><td style='padding:3px 6px; font-weight:bold; background-color:#f2f2f2;'>ศูนย์</td><td style='padding:3px 6px;'>K2-02</td></tr><tr><td style='padding:3px 6px; font-weight:bold; background-color:#f2f2f2;'>โควตา</td><td style='padding:3px 6px;'>910581</td></tr><tr><td style='padding:3px 6px; font-weight:bold; background-color:#f2f2f2;'>ชาวไร่</td><td style='padding:3px 6px;'>นาย สุวิชัย คำตัน</td></tr><tr><td style='padding:3px 6px; font-weight:bold; background-color:#f2f2f2;'>ประเภทอ้อย</td><td style='padding:3px 6px;'>ตอ1</td></tr><tr><td style='padding:3px 6px; font-weight:bold; background-color:#f2f2f2;'>พื้นที่</td><td style='padding:3px 6px;'>26.29</td></tr><tr><td style='padding:3px 6px; font-weight:bold; background-color:#f2f2f2;'>ตันรวม</td><td style='padding:3px 6px;'>236.61</td></tr><tr><td style='padding:3px 6px; font-weight:bold; background-color:#f2f2f2;'>รหัสแปลง</td><td style='padding:3px 6px;'>330411010007</td></tr><tr><td style='padding:3px 6px; font-weight:bold; background-color:#f2f2f2;'>กลุ่ม</td><td style='padding:3px 6px;'>กลุ่ม_02</td></tr></table></div>]]></description>
      <styleUrl>#plotStyle</styleUrl>
      <MultiGeometry><Polygon><outerBoundaryIs><LinearRing><coordinates>104.6732217,14.7446467,0 104.6729883,14.7433517,0 104.6715567,14.7435417,0 104.6703683,14.7438033,0 104.6709400,14.7451967,0 104.6713800,14.7450300,0 104.6717100,14.7449617,0 104.6732217,14.7446467,0</coordinates></LinearRing></outerBoundaryIs></Polygon></MultiGeometry>
    </Placemark>
    <Placemark>
      <name>331902103002</name>
      <description><![CDATA[<div style='font-family:Tahoma,sans-serif; font-size:13px;'><h3 style='color:#1565C0; margin:4px 0;'>รหัสแปลง: 331902103002</h3><p style='margin:2px 0;'><b>กลุ่มคิว:</b> 02_001</p><table border='1' style='border-collapse:collapse; border-color:#ccc; width:100%;'><tr><td style='padding:3px 6px; font-weight:bold; background-color:#f2f2f2;'>รหัสกลุ่มคิว</td><td style='padding:3px 6px;'>02/001</td></tr><tr><td style='padding:3px 6px; font-weight:bold; background-color:#f2f2f2;'>รหัสรับเหมา</td><td style='padding:3px 6px;'>738889</td></tr><tr><td style='padding:3px 6px; font-weight:bold; background-color:#f2f2f2;'>ชื่อ-สกุล รับเหมา</td><td style='padding:3px 6px;'>รถตัดโรงงานเบอร์ 15</td></tr><tr><td style='padding:3px 6px; font-weight:bold; background-color:#f2f2f2;'>นักเกษตร</td><td style='padding:3px 6px;'>0010</td></tr><tr><td style='padding:3px 6px; font-weight:bold; background-color:#f2f2f2;'>ศูนย์</td><td style='padding:3px 6px;'>K2-02</td></tr><tr><td style='padding:3px 6px; font-weight:bold; background-color:#f2f2f2;'>โควตา</td><td style='padding:3px 6px;'>910208</td></tr><tr><td style='padding:3px 6px; font-weight:bold; background-color:#f2f2f2;'>ชาวไร่</td><td style='padding:3px 6px;'>นาย วิเชียร ธงชัย</td></tr><tr><td style='padding:3px 6px; font-weight:bold; background-color:#f2f2f2;'>ประเภทอ้อย</td><td style='padding:3px 6px;'>ตอ2</td></tr><tr><td style='padding:3px 6px; font-weight:bold; background-color:#f2f2f2;'>พื้นที่</td><td style='padding:3px 6px;'>4.2</td></tr><tr><td style='padding:3px 6px; font-weight:bold; background-color:#f2f2f2;'>ตันรวม</td><td style='padding:3px 6px;'>33.6</td></tr><tr><td style='padding:3px 6px; font-weight:bold; background-color:#f2f2f2;'>รหัสแปลง</td><td style='padding:3px 6px;'>331902103002</td></tr><tr><td style='padding:3px 6px; font-weight:bold; background-color:#f2f2f2;'>กลุ่ม</td><td style='padding:3px 6px;'>กลุ่ม_02</td></tr></table></div>]]></description>
      <styleUrl>#plotStyle</styleUrl>
      <MultiGeometry><Polygon><outerBoundaryIs><LinearRing><coordinates>104.6744822,14.7462034,0 104.6743408,14.7459353,0 104.6744663,14.7458409,0 104.6743834,14.7456939,0 104.6730965,14.7461453,0 104.6731377,14.7464625,0 104.6744822,14.7462034,0</coordinates></LinearRing></outerBoundaryIs></Polygon></MultiGeometry>
    </Placemark>
    <Placemark>
      <name>340704013005</name>
      <description><![CDATA[<div style='font-family:Tahoma,sans-serif; font-size:13px;'><h3 style='color:#1565C0; margin:4px 0;'>รหัสแปลง: 340704013005</h3><p style='margin:2px 0;'><b>กลุ่มคิว:</b> 02_001</p><table border='1' style='border-collapse:collapse; border-color:#ccc; width:100%;'><tr><td style='padding:3px 6px; font-weight:bold; background-color:#f2f2f2;'>รหัสกลุ่มคิว</td><td style='padding:3px 6px;'>02/001</td></tr><tr><td style='padding:3px 6px; font-weight:bold; background-color:#f2f2f2;'>รหัสรับเหมา</td><td style='padding:3px 6px;'>738889</td></tr><tr><td style='padding:3px 6px; font-weight:bold; background-color:#f2f2f2;'>ชื่อ-สกุล รับเหมา</td><td style='padding:3px 6px;'>รถตัดโรงงานเบอร์ 15</td></tr><tr><td style='padding:3px 6px; font-weight:bold; background-color:#f2f2f2;'>นักเกษตร</td><td style='padding:3px 6px;'>0010</td></tr><tr><td style='padding:3px 6px; font-weight:bold; background-color:#f2f2f2;'>ศูนย์</td><td style='padding:3px 6px;'>K2-02</td></tr><tr><td style='padding:3px 6px; font-weight:bold; background-color:#f2f2f2;'>โควตา</td><td style='padding:3px 6px;'>911516</td></tr><tr><td style='padding:3px 6px; font-weight:bold; background-color:#f2f2f2;'>ชาวไร่</td><td style='padding:3px 6px;'>นาย พรณรงค์ ลิ้มวงษ์ทอง</td></tr><tr><td style='padding:3px 6px; font-weight:bold; background-color:#f2f2f2;'>ประเภทอ้อย</td><td style='padding:3px 6px;'>ปลายฝน</td></tr><tr><td style='padding:3px 6px; font-weight:bold; background-color:#f2f2f2;'>พื้นที่</td><td style='padding:3px 6px;'>13.02</td></tr><tr><td style='padding:3px 6px; font-weight:bold; background-color:#f2f2f2;'>ตันรวม</td><td style='padding:3px 6px;'>169.26</td></tr><tr><td style='padding:3px 6px; font-weight:bold; background-color:#f2f2f2;'>รหัสแปลง</td><td style='padding:3px 6px;'>340704013005</td></tr><tr><td style='padding:3px 6px; font-weight:bold; background-color:#f2f2f2;'>กลุ่ม</td><td style='padding:3px 6px;'>กลุ่ม_02</td></tr></table></div>]]></description>
      <styleUrl>#plotStyle</styleUrl>
      <MultiGeometry><Polygon><outerBoundaryIs><LinearRing><coordinates>104.9684185,14.8964743,0 104.9688559,14.8961869,0 104.9690802,14.8960550,0 104.9694421,14.8958224,0 104.9700612,14.8953831,0 104.9698692,14.8951633,0 104.9695877,14.8948730,0 104.9691549,14.8950144,0 104.9687327,14.8951845,0 104.9684219,14.8953341,0 104.9682447,14.8954243,0 104.9678118,14.8957199,0 104.9681012,14.8960579,0 104.9682526,14.8962506,0 104.9684185,14.8964743,0</coordinates></LinearRing></outerBoundaryIs></Polygon></MultiGeometry>
    </Placemark>
    <Placemark>
      <name>340706013006</name>
      <description><![CDATA[<div style='font-family:Tahoma,sans-serif; font-size:13px;'><h3 style='color:#1565C0; margin:4px 0;'>รหัสแปลง: 340706013006</h3><p style='margin:2px 0;'><b>กลุ่มคิว:</b> 02_001</p><table border='1' style='border-collapse:collapse; border-color:#ccc; width:100%;'><tr><td style='padding:3px 6px; font-weight:bold; background-color:#f2f2f2;'>รหัสกลุ่มคิว</td><td style='padding:3px 6px;'>02/001</td></tr><tr><td style='padding:3px 6px; font-weight:bold; background-color:#f2f2f2;'>รหัสรับเหมา</td><td style='padding:3px 6px;'>738889</td></tr><tr><td style='padding:3px 6px; font-weight:bold; background-color:#f2f2f2;'>ชื่อ-สกุล รับเหมา</td><td style='padding:3px 6px;'>รถตัดโรงงานเบอร์ 15</td></tr><tr><td style='padding:3px 6px; font-weight:bold; background-color:#f2f2f2;'>นักเกษตร</td><td style='padding:3px 6px;'>0010</td></tr><tr><td style='padding:3px 6px; font-weight:bold; background-color:#f2f2f2;'>ศูนย์</td><td style='padding:3px 6px;'>K2-02</td></tr><tr><td style='padding:3px 6px; font-weight:bold; background-color:#f2f2f2;'>โควตา</td><td style='padding:3px 6px;'>910581</td></tr><tr><td style='padding:3px 6px; font-weight:bold; background-color:#f2f2f2;'>ชาวไร่</td><td style='padding:3px 6px;'>นาย สุวิชัย คำตัน</td></tr><tr><td style='padding:3px 6px; font-weight:bold; background-color:#f2f2f2;'>ประเภทอ้อย</td><td style='padding:3px 6px;'>ปลายฝน</td></tr><tr><td style='padding:3px 6px; font-weight:bold; background-color:#f2f2f2;'>พื้นที่</td><td style='padding:3px 6px;'>2.15</td></tr><tr><td style='padding:3px 6px; font-weight:bold; background-color:#f2f2f2;'>ตันรวม</td><td style='padding:3px 6px;'>27.95</td></tr><tr><td style='padding:3px 6px; font-weight:bold; background-color:#f2f2f2;'>รหัสแปลง</td><td style='padding:3px 6px;'>340706013006</td></tr><tr><td style='padding:3px 6px; font-weight:bold; background-color:#f2f2f2;'>กลุ่ม</td><td style='padding:3px 6px;'>กลุ่ม_02</td></tr></table></div>]]></description>
      <styleUrl>#plotStyle</styleUrl>
      <MultiGeometry><Polygon><outerBoundaryIs><LinearRing><coordinates>104.8611953,14.8402019,0 104.8612055,14.8404003,0 104.8610360,14.8404159,0 104.8610901,14.8407107,0 104.8614981,14.8406078,0 104.8617324,14.8405682,0 104.8617527,14.8405666,0 104.8617396,14.8404280,0 104.8617241,14.8404261,0 104.8617501,14.8403209,0 104.8617741,14.8402504,0 104.8617970,14.8401394,0 104.8616775,14.8401554,0 104.8611953,14.8402019,0</coordinates></LinearRing></outerBoundaryIs></Polygon></MultiGeometry>
    </Placemark>
    <Placemark>
      <name>340706023005</name>
      <description><![CDATA[<div style='font-family:Tahoma,sans-serif; font-size:13px;'><h3 style='color:#1565C0; margin:4px 0;'>รหัสแปลง: 340706023005</h3><p style='margin:2px 0;'><b>กลุ่มคิว:</b> 02_001</p><table border='1' style='border-collapse:collapse; border-color:#ccc; width:100%;'><tr><td style='padding:3px 6px; font-weight:bold; background-color:#f2f2f2;'>รหัสกลุ่มคิว</td><td style='padding:3px 6px;'>02/001</td></tr><tr><td style='padding:3px 6px; font-weight:bold; background-color:#f2f2f2;'>รหัสรับเหมา</td><td style='padding:3px 6px;'>738889</td></tr><tr><td style='padding:3px 6px; font-weight:bold; background-color:#f2f2f2;'>ชื่อ-สกุล รับเหมา</td><td style='padding:3px 6px;'>รถตัดโรงงานเบอร์ 15</td></tr><tr><td style='padding:3px 6px; font-weight:bold; background-color:#f2f2f2;'>นักเกษตร</td><td style='padding:3px 6px;'>0010</td></tr><tr><td style='padding:3px 6px; font-weight:bold; background-color:#f2f2f2;'>ศูนย์</td><td style='padding:3px 6px;'>K2-02</td></tr><tr><td style='padding:3px 6px; font-weight:bold; background-color:#f2f2f2;'>โควตา</td><td style='padding:3px 6px;'>910581</td></tr><tr><td style='padding:3px 6px; font-weight:bold; background-color:#f2f2f2;'>ชาวไร่</td><td style='padding:3px 6px;'>นาย สุวิชัย คำตัน</td></tr><tr><td style='padding:3px 6px; font-weight:bold; background-color:#f2f2f2;'>ประเภทอ้อย</td><td style='padding:3px 6px;'>ตอ2</td></tr><tr><td style='padding:3px 6px; font-weight:bold; background-color:#f2f2f2;'>พื้นที่</td><td style='padding:3px 6px;'>8.47</td></tr><tr><td style='padding:3px 6px; font-weight:bold; background-color:#f2f2f2;'>ตันรวม</td><td style='padding:3px 6px;'>67.76</td></tr><tr><td style='padding:3px 6px; font-weight:bold; background-color:#f2f2f2;'>รหัสแปลง</td><td style='padding:3px 6px;'>340706023005</td></tr><tr><td style='padding:3px 6px; font-weight:bold; background-color:#f2f2f2;'>กลุ่ม</td><td style='padding:3px 6px;'>กลุ่ม_02</td></tr></table></div>]]></description>
      <styleUrl>#plotStyle</styleUrl>
      <MultiGeometry><Polygon><outerBoundaryIs><LinearRing><coordinates>104.8607024,14.8366641,0 104.8610020,14.8366233,0 104.8607184,14.8354121,0 104.8605625,14.8354578,0 104.8606131,14.8356259,0 104.8603381,14.8356773,0 104.8600726,14.8349701,0 104.8598328,14.8350404,0 104.8601597,14.8363253,0 104.8602974,14.8369321,0 104.8605708,14.8369081,0 104.8607621,14.8368987,0 104.8607024,14.8366641,0</coordinates></LinearRing></outerBoundaryIs></Polygon></MultiGeometry>
    </Placemark>
    <Placemark>
      <name>340717053008</name>
      <description><![CDATA[<div style='font-family:Tahoma,sans-serif; font-size:13px;'><h3 style='color:#1565C0; margin:4px 0;'>รหัสแปลง: 340717053008</h3><p style='margin:2px 0;'><b>กลุ่มคิว:</b> 02_001</p><table border='1' style='border-collapse:collapse; border-color:#ccc; width:100%;'><tr><td style='padding:3px 6px; font-weight:bold; background-color:#f2f2f2;'>รหัสกลุ่มคิว</td><td style='padding:3px 6px;'>02/001</td></tr><tr><td style='padding:3px 6px; font-weight:bold; background-color:#f2f2f2;'>รหัสรับเหมา</td><td style='padding:3px 6px;'>738889</td></tr><tr><td style='padding:3px 6px; font-weight:bold; background-color:#f2f2f2;'>ชื่อ-สกุล รับเหมา</td><td style='padding:3px 6px;'>รถตัดโรงงานเบอร์ 15</td></tr><tr><td style='padding:3px 6px; font-weight:bold; background-color:#f2f2f2;'>นักเกษตร</td><td style='padding:3px 6px;'>0010</td></tr><tr><td style='padding:3px 6px; font-weight:bold; background-color:#f2f2f2;'>ศูนย์</td><td style='padding:3px 6px;'>K2-02</td></tr><tr><td style='padding:3px 6px; font-weight:bold; background-color:#f2f2f2;'>โควตา</td><td style='padding:3px 6px;'>960627</td></tr><tr><td style='padding:3px 6px; font-weight:bold; background-color:#f2f2f2;'>ชาวไร่</td><td style='padding:3px 6px;'>นาย กร มาลี</td></tr><tr><td style='padding:3px 6px; font-weight:bold; background-color:#f2f2f2;'>ประเภทอ้อย</td><td style='padding:3px 6px;'>ตอ1</td></tr><tr><td style='padding:3px 6px; font-weight:bold; background-color:#f2f2f2;'>พื้นที่</td><td style='padding:3px 6px;'>13.82</td></tr><tr><td style='padding:3px 6px; font-weight:bold; background-color:#f2f2f2;'>ตันรวม</td><td style='padding:3px 6px;'>124.38</td></tr><tr><td style='padding:3px 6px; font-weight:bold; background-color:#f2f2f2;'>รหัสแปลง</td><td style='padding:3px 6px;'>340717053008</td></tr><tr><td style='padding:3px 6px; font-weight:bold; background-color:#f2f2f2;'>กลุ่ม</td><td style='padding:3px 6px;'>กลุ่ม_02</td></tr></table></div>]]></description>
      <styleUrl>#plotStyle</styleUrl>
      <MultiGeometry><Polygon><outerBoundaryIs><LinearRing><coordinates>104.9731817,14.8723783,0 104.9731050,14.8716983,0 104.9718983,14.8716867,0 104.9720081,14.8722961,0 104.9723581,14.8722602,0 104.9723517,14.8722217,0 104.9723433,14.8721567,0 104.9723867,14.8721183,0 104.9724150,14.8721133,0 104.9724667,14.8721167,0 104.9725000,14.8721333,0 104.9725217,14.8721583,0 104.9725350,14.8722100,0 104.9725383,14.8722317,0 104.9725200,14.8722683,0 104.9724817,14.8722867,0 104.9724000,14.8722917,0 104.9723600,14.8722650,0 104.9720090,14.8723012,0 104.9720850,14.8727233,0 104.9716350,14.8727833,0 104.9716550,14.8737033,0 104.9722433,14.8736283,0 104.9721350,14.8732067,0 104.9723717,14.8730800,0 104.9731850,14.8725950,0 104.9731817,14.8723783,0</coordinates></LinearRing></outerBoundaryIs></Polygon></MultiGeometry>
    </Placemark>
    <Placemark>
      <name>330414063008</name>
      <description><![CDATA[<div style='font-family:Tahoma,sans-serif; font-size:13px;'><h3 style='color:#1565C0; margin:4px 0;'>รหัสแปลง: 330414063008</h3><p style='margin:2px 0;'><b>กลุ่มคิว:</b> 02_001</p><table border='1' style='border-collapse:collapse; border-color:#ccc; width:100%;'><tr><td style='padding:3px 6px; font-weight:bold; background-color:#f2f2f2;'>รหัสกลุ่มคิว</td><td style='padding:3px 6px;'>02/001</td></tr><tr><td style='padding:3px 6px; font-weight:bold; background-color:#f2f2f2;'>รหัสรับเหมา</td><td style='padding:3px 6px;'>738889</td></tr><tr><td style='padding:3px 6px; font-weight:bold; background-color:#f2f2f2;'>ชื่อ-สกุล รับเหมา</td><td style='padding:3px 6px;'>รถตัดโรงงานเบอร์ 15</td></tr><tr><td style='padding:3px 6px; font-weight:bold; background-color:#f2f2f2;'>นักเกษตร</td><td style='padding:3px 6px;'>0010</td></tr><tr><td style='padding:3px 6px; font-weight:bold; background-color:#f2f2f2;'>ศูนย์</td><td style='padding:3px 6px;'>K2-02</td></tr><tr><td style='padding:3px 6px; font-weight:bold; background-color:#f2f2f2;'>โควตา</td><td style='padding:3px 6px;'>910208</td></tr><tr><td style='padding:3px 6px; font-weight:bold; background-color:#f2f2f2;'>ชาวไร่</td><td style='padding:3px 6px;'>นาย วิเชียร ธงชัย</td></tr><tr><td style='padding:3px 6px; font-weight:bold; background-color:#f2f2f2;'>ประเภทอ้อย</td><td style='padding:3px 6px;'>ปลายฝน</td></tr><tr><td style='padding:3px 6px; font-weight:bold; background-color:#f2f2f2;'>พื้นที่</td><td style='padding:3px 6px;'>29.9</td></tr><tr><td style='padding:3px 6px; font-weight:bold; background-color:#f2f2f2;'>ตันรวม</td><td style='padding:3px 6px;'>388.7</td></tr><tr><td style='padding:3px 6px; font-weight:bold; background-color:#f2f2f2;'>รหัสแปลง</td><td style='padding:3px 6px;'>330414063008</td></tr><tr><td style='padding:3px 6px; font-weight:bold; background-color:#f2f2f2;'>กลุ่ม</td><td style='padding:3px 6px;'>กลุ่ม_02</td></tr></table></div>]]></description>
      <styleUrl>#plotStyle</styleUrl>
      <MultiGeometry><Polygon><outerBoundaryIs><LinearRing><coordinates>104.5906825,14.7009800,0 104.5898681,14.6971960,0 104.5887250,14.6972854,0 104.5888756,14.6991363,0 104.5895202,14.6990923,0 104.5896512,14.6999647,0 104.5898194,14.7011011,0 104.5906825,14.7009800,0</coordinates></LinearRing></outerBoundaryIs></Polygon></MultiGeometry>
    </Placemark>
    <Placemark>
      <name>330414173007</name>
      <description><![CDATA[<div style='font-family:Tahoma,sans-serif; font-size:13px;'><h3 style='color:#1565C0; margin:4px 0;'>รหัสแปลง: 330414173007</h3><p style='margin:2px 0;'><b>กลุ่มคิว:</b> 02_001</p><table border='1' style='border-collapse:collapse; border-color:#ccc; width:100%;'><tr><td style='padding:3px 6px; font-weight:bold; background-color:#f2f2f2;'>รหัสกลุ่มคิว</td><td style='padding:3px 6px;'>02/001</td></tr><tr><td style='padding:3px 6px; font-weight:bold; background-color:#f2f2f2;'>รหัสรับเหมา</td><td style='padding:3px 6px;'>738889</td></tr><tr><td style='padding:3px 6px; font-weight:bold; background-color:#f2f2f2;'>ชื่อ-สกุล รับเหมา</td><td style='padding:3px 6px;'>รถตัดโรงงานเบอร์ 15</td></tr><tr><td style='padding:3px 6px; font-weight:bold; background-color:#f2f2f2;'>นักเกษตร</td><td style='padding:3px 6px;'>0010</td></tr><tr><td style='padding:3px 6px; font-weight:bold; background-color:#f2f2f2;'>ศูนย์</td><td style='padding:3px 6px;'>K2-02</td></tr><tr><td style='padding:3px 6px; font-weight:bold; background-color:#f2f2f2;'>โควตา</td><td style='padding:3px 6px;'>910816</td></tr><tr><td style='padding:3px 6px; font-weight:bold; background-color:#f2f2f2;'>ชาวไร่</td><td style='padding:3px 6px;'>นาง นวย ศรีสุวรรณ</td></tr><tr><td style='padding:3px 6px; font-weight:bold; background-color:#f2f2f2;'>ประเภทอ้อย</td><td style='padding:3px 6px;'>ตอ1</td></tr><tr><td style='padding:3px 6px; font-weight:bold; background-color:#f2f2f2;'>พื้นที่</td><td style='padding:3px 6px;'>13.74</td></tr><tr><td style='padding:3px 6px; font-weight:bold; background-color:#f2f2f2;'>ตันรวม</td><td style='padding:3px 6px;'>123.66</td></tr><tr><td style='padding:3px 6px; font-weight:bold; background-color:#f2f2f2;'>รหัสแปลง</td><td style='padding:3px 6px;'>330414173007</td></tr><tr><td style='padding:3px 6px; font-weight:bold; background-color:#f2f2f2;'>กลุ่ม</td><td style='padding:3px 6px;'>กลุ่ม_02</td></tr></table></div>]]></description>
      <styleUrl>#plotStyle</styleUrl>
      <MultiGeometry><Polygon><outerBoundaryIs><LinearRing><coordinates>104.5822050,14.6914333,0 104.5815133,14.6908817,0 104.5809800,14.6915767,0 104.5801350,14.6920317,0 104.5801894,14.6921024,0 104.5802700,14.6921333,0 104.5804669,14.6923739,0 104.5806283,14.6925317,0 104.5809442,14.6928693,0 104.5812206,14.6927491,0 104.5813835,14.6924648,0 104.5812474,14.6923108,0 104.5811157,14.6921175,0 104.5813692,14.6919408,0 104.5818399,14.6924340,0 104.5822050,14.6914333,0</coordinates></LinearRing></outerBoundaryIs></Polygon></MultiGeometry>
    </Placemark>
    <Placemark>
      <name>331902033004</name>
      <description><![CDATA[<div style='font-family:Tahoma,sans-serif; font-size:13px;'><h3 style='color:#1565C0; margin:4px 0;'>รหัสแปลง: 331902033004</h3><p style='margin:2px 0;'><b>กลุ่มคิว:</b> 02_001</p><table border='1' style='border-collapse:collapse; border-color:#ccc; width:100%;'><tr><td style='padding:3px 6px; font-weight:bold; background-color:#f2f2f2;'>รหัสกลุ่มคิว</td><td style='padding:3px 6px;'>02/001</td></tr><tr><td style='padding:3px 6px; font-weight:bold; background-color:#f2f2f2;'>รหัสรับเหมา</td><td style='padding:3px 6px;'>738889</td></tr><tr><td style='padding:3px 6px; font-weight:bold; background-color:#f2f2f2;'>ชื่อ-สกุล รับเหมา</td><td style='padding:3px 6px;'>รถตัดโรงงานเบอร์ 15</td></tr><tr><td style='padding:3px 6px; font-weight:bold; background-color:#f2f2f2;'>นักเกษตร</td><td style='padding:3px 6px;'>0010</td></tr><tr><td style='padding:3px 6px; font-weight:bold; background-color:#f2f2f2;'>ศูนย์</td><td style='padding:3px 6px;'>K2-02</td></tr><tr><td style='padding:3px 6px; font-weight:bold; background-color:#f2f2f2;'>โควตา</td><td style='padding:3px 6px;'>913205</td></tr><tr><td style='padding:3px 6px; font-weight:bold; background-color:#f2f2f2;'>ชาวไร่</td><td style='padding:3px 6px;'>นาย นนทกร ลักขณาโรจน์</td></tr><tr><td style='padding:3px 6px; font-weight:bold; background-color:#f2f2f2;'>ประเภทอ้อย</td><td style='padding:3px 6px;'>ตอ1</td></tr><tr><td style='padding:3px 6px; font-weight:bold; background-color:#f2f2f2;'>พื้นที่</td><td style='padding:3px 6px;'>4.97</td></tr><tr><td style='padding:3px 6px; font-weight:bold; background-color:#f2f2f2;'>ตันรวม</td><td style='padding:3px 6px;'>44.73</td></tr><tr><td style='padding:3px 6px; font-weight:bold; background-color:#f2f2f2;'>รหัสแปลง</td><td style='padding:3px 6px;'>331902033004</td></tr><tr><td style='padding:3px 6px; font-weight:bold; background-color:#f2f2f2;'>กลุ่ม</td><td style='padding:3px 6px;'>กลุ่ม_02</td></tr></table></div>]]></description>
      <styleUrl>#plotStyle</styleUrl>
      <MultiGeometry><Polygon><outerBoundaryIs><LinearRing><coordinates>104.7382749,14.7766374,0 104.7380587,14.7754616,0 104.7374860,14.7755581,0 104.7375818,14.7760267,0 104.7376036,14.7760694,0 104.7377900,14.7767422,0 104.7382749,14.7766374,0</coordinates></LinearRing></outerBoundaryIs></Polygon></MultiGeometry>
    </Placemark>
    <Placemark>
      <name>330411010004</name>
      <description><![CDATA[<div style='font-family:Tahoma,sans-serif; font-size:13px;'><h3 style='color:#1565C0; margin:4px 0;'>รหัสแปลง: 330411010004</h3><p style='margin:2px 0;'><b>กลุ่มคิว:</b> 02_001</p><table border='1' style='border-collapse:collapse; border-color:#ccc; width:100%;'><tr><td style='padding:3px 6px; font-weight:bold; background-color:#f2f2f2;'>รหัสกลุ่มคิว</td><td style='padding:3px 6px;'>02/001</td></tr><tr><td style='padding:3px 6px; font-weight:bold; background-color:#f2f2f2;'>รหัสรับเหมา</td><td style='padding:3px 6px;'>738889</td></tr><tr><td style='padding:3px 6px; font-weight:bold; background-color:#f2f2f2;'>ชื่อ-สกุล รับเหมา</td><td style='padding:3px 6px;'>รถตัดโรงงานเบอร์ 15</td></tr><tr><td style='padding:3px 6px; font-weight:bold; background-color:#f2f2f2;'>นักเกษตร</td><td style='padding:3px 6px;'>0010</td></tr><tr><td style='padding:3px 6px; font-weight:bold; background-color:#f2f2f2;'>ศูนย์</td><td style='padding:3px 6px;'>K2-02</td></tr><tr><td style='padding:3px 6px; font-weight:bold; background-color:#f2f2f2;'>โควตา</td><td style='padding:3px 6px;'>910208</td></tr><tr><td style='padding:3px 6px; font-weight:bold; background-color:#f2f2f2;'>ชาวไร่</td><td style='padding:3px 6px;'>นาย วิเชียร ธงชัย</td></tr><tr><td style='padding:3px 6px; font-weight:bold; background-color:#f2f2f2;'>ประเภทอ้อย</td><td style='padding:3px 6px;'>ตอ1</td></tr><tr><td style='padding:3px 6px; font-weight:bold; background-color:#f2f2f2;'>พื้นที่</td><td style='padding:3px 6px;'>5.37</td></tr><tr><td style='padding:3px 6px; font-weight:bold; background-color:#f2f2f2;'>ตันรวม</td><td style='padding:3px 6px;'>48.33</td></tr><tr><td style='padding:3px 6px; font-weight:bold; background-color:#f2f2f2;'>รหัสแปลง</td><td style='padding:3px 6px;'>330411010004</td></tr><tr><td style='padding:3px 6px; font-weight:bold; background-color:#f2f2f2;'>กลุ่ม</td><td style='padding:3px 6px;'>กลุ่ม_02</td></tr></table></div>]]></description>
      <styleUrl>#plotStyle</styleUrl>
      <MultiGeometry><Polygon><outerBoundaryIs><LinearRing><coordinates>104.6685052,14.7457738,0 104.6680778,14.7459810,0 104.6680669,14.7459892,0 104.6680564,14.7460155,0 104.6680863,14.7462504,0 104.6683054,14.7474556,0 104.6687297,14.7473770,0 104.6685052,14.7457738,0</coordinates></LinearRing></outerBoundaryIs></Polygon></MultiGeometry>
    </Placemark>
    <Placemark>
      <name>340704013003</name>
      <description><![CDATA[<div style='font-family:Tahoma,sans-serif; font-size:13px;'><h3 style='color:#1565C0; margin:4px 0;'>รหัสแปลง: 340704013003</h3><p style='margin:2px 0;'><b>กลุ่มคิว:</b> 02_001</p><table border='1' style='border-collapse:collapse; border-color:#ccc; width:100%;'><tr><td style='padding:3px 6px; font-weight:bold; background-color:#f2f2f2;'>รหัสกลุ่มคิว</td><td style='padding:3px 6px;'>02/001</td></tr><tr><td style='padding:3px 6px; font-weight:bold; background-color:#f2f2f2;'>รหัสรับเหมา</td><td style='padding:3px 6px;'>738889</td></tr><tr><td style='padding:3px 6px; font-weight:bold; background-color:#f2f2f2;'>ชื่อ-สกุล รับเหมา</td><td style='padding:3px 6px;'>รถตัดโรงงานเบอร์ 15</td></tr><tr><td style='padding:3px 6px; font-weight:bold; background-color:#f2f2f2;'>นักเกษตร</td><td style='padding:3px 6px;'>0010</td></tr><tr><td style='padding:3px 6px; font-weight:bold; background-color:#f2f2f2;'>ศูนย์</td><td style='padding:3px 6px;'>K2-02</td></tr><tr><td style='padding:3px 6px; font-weight:bold; background-color:#f2f2f2;'>โควตา</td><td style='padding:3px 6px;'>911516</td></tr><tr><td style='padding:3px 6px; font-weight:bold; background-color:#f2f2f2;'>ชาวไร่</td><td style='padding:3px 6px;'>นาย พรณรงค์ ลิ้มวงษ์ทอง</td></tr><tr><td style='padding:3px 6px; font-weight:bold; background-color:#f2f2f2;'>ประเภทอ้อย</td><td style='padding:3px 6px;'>ปลายฝน</td></tr><tr><td style='padding:3px 6px; font-weight:bold; background-color:#f2f2f2;'>พื้นที่</td><td style='padding:3px 6px;'>6.71</td></tr><tr><td style='padding:3px 6px; font-weight:bold; background-color:#f2f2f2;'>ตันรวม</td><td style='padding:3px 6px;'>87.23</td></tr><tr><td style='padding:3px 6px; font-weight:bold; background-color:#f2f2f2;'>รหัสแปลง</td><td style='padding:3px 6px;'>340704013003</td></tr><tr><td style='padding:3px 6px; font-weight:bold; background-color:#f2f2f2;'>กลุ่ม</td><td style='padding:3px 6px;'>กลุ่ม_02</td></tr></table></div>]]></description>
      <styleUrl>#plotStyle</styleUrl>
      <MultiGeometry><Polygon><outerBoundaryIs><LinearRing><coordinates>104.9713400,14.8978626,0 104.9722356,14.8978348,0 104.9722362,14.8978320,0 104.9722753,14.8974880,0 104.9722760,14.8974873,0 104.9724515,14.8968676,0 104.9724470,14.8968760,0 104.9714715,14.8968269,0 104.9714703,14.8968288,0 104.9714689,14.8968310,0 104.9714540,14.8969507,0 104.9714443,14.8971360,0 104.9714456,14.8973669,0 104.9714467,14.8973699,0 104.9714255,14.8975940,0 104.9713400,14.8978626,0</coordinates></LinearRing></outerBoundaryIs><innerBoundaryIs><LinearRing><coordinates>104.9714255,14.8975940,0 104.9714273,14.8975885,0 104.9714252,14.8975976,0 104.9714255,14.8975940,0</coordinates></LinearRing></innerBoundaryIs></Polygon></MultiGeometry>
    </Placemark>
    <Placemark>
      <name>340704063002</name>
      <description><![CDATA[<div style='font-family:Tahoma,sans-serif; font-size:13px;'><h3 style='color:#1565C0; margin:4px 0;'>รหัสแปลง: 340704063002</h3><p style='margin:2px 0;'><b>กลุ่มคิว:</b> 02_001</p><table border='1' style='border-collapse:collapse; border-color:#ccc; width:100%;'><tr><td style='padding:3px 6px; font-weight:bold; background-color:#f2f2f2;'>รหัสกลุ่มคิว</td><td style='padding:3px 6px;'>02/001</td></tr><tr><td style='padding:3px 6px; font-weight:bold; background-color:#f2f2f2;'>รหัสรับเหมา</td><td style='padding:3px 6px;'>738889</td></tr><tr><td style='padding:3px 6px; font-weight:bold; background-color:#f2f2f2;'>ชื่อ-สกุล รับเหมา</td><td style='padding:3px 6px;'>รถตัดโรงงานเบอร์ 15</td></tr><tr><td style='padding:3px 6px; font-weight:bold; background-color:#f2f2f2;'>นักเกษตร</td><td style='padding:3px 6px;'>0010</td></tr><tr><td style='padding:3px 6px; font-weight:bold; background-color:#f2f2f2;'>ศูนย์</td><td style='padding:3px 6px;'>K2-02</td></tr><tr><td style='padding:3px 6px; font-weight:bold; background-color:#f2f2f2;'>โควตา</td><td style='padding:3px 6px;'>911758</td></tr><tr><td style='padding:3px 6px; font-weight:bold; background-color:#f2f2f2;'>ชาวไร่</td><td style='padding:3px 6px;'>นางสาว นงคาร บุญเชิญ</td></tr><tr><td style='padding:3px 6px; font-weight:bold; background-color:#f2f2f2;'>ประเภทอ้อย</td><td style='padding:3px 6px;'>ตอ3</td></tr><tr><td style='padding:3px 6px; font-weight:bold; background-color:#f2f2f2;'>พื้นที่</td><td style='padding:3px 6px;'>10.88</td></tr><tr><td style='padding:3px 6px; font-weight:bold; background-color:#f2f2f2;'>ตันรวม</td><td style='padding:3px 6px;'>76.16</td></tr><tr><td style='padding:3px 6px; font-weight:bold; background-color:#f2f2f2;'>รหัสแปลง</td><td style='padding:3px 6px;'>340704063002</td></tr><tr><td style='padding:3px 6px; font-weight:bold; background-color:#f2f2f2;'>กลุ่ม</td><td style='padding:3px 6px;'>กลุ่ม_02</td></tr></table></div>]]></description>
      <styleUrl>#plotStyle</styleUrl>
      <MultiGeometry><Polygon><outerBoundaryIs><LinearRing><coordinates>104.9039350,14.9895317,0 104.9039950,14.9897417,0 104.9040800,14.9902117,0 104.9042583,14.9904550,0 104.9055950,14.9901983,0 104.9052833,14.9891667,0 104.9039350,14.9895317,0</coordinates></LinearRing></outerBoundaryIs></Polygon></MultiGeometry>
    </Placemark>
    <Placemark>
      <name>331903083015</name>
      <description><![CDATA[<div style='font-family:Tahoma,sans-serif; font-size:13px;'><h3 style='color:#1565C0; margin:4px 0;'>รหัสแปลง: 331903083015</h3><p style='margin:2px 0;'><b>กลุ่มคิว:</b> 02_001</p><table border='1' style='border-collapse:collapse; border-color:#ccc; width:100%;'><tr><td style='padding:3px 6px; font-weight:bold; background-color:#f2f2f2;'>รหัสกลุ่มคิว</td><td style='padding:3px 6px;'>02/001</td></tr><tr><td style='padding:3px 6px; font-weight:bold; background-color:#f2f2f2;'>รหัสรับเหมา</td><td style='padding:3px 6px;'>738889</td></tr><tr><td style='padding:3px 6px; font-weight:bold; background-color:#f2f2f2;'>ชื่อ-สกุล รับเหมา</td><td style='padding:3px 6px;'>รถตัดโรงงานเบอร์ 15</td></tr><tr><td style='padding:3px 6px; font-weight:bold; background-color:#f2f2f2;'>นักเกษตร</td><td style='padding:3px 6px;'>0010</td></tr><tr><td style='padding:3px 6px; font-weight:bold; background-color:#f2f2f2;'>ศูนย์</td><td style='padding:3px 6px;'>K2-02</td></tr><tr><td style='padding:3px 6px; font-weight:bold; background-color:#f2f2f2;'>โควตา</td><td style='padding:3px 6px;'>910147</td></tr><tr><td style='padding:3px 6px; font-weight:bold; background-color:#f2f2f2;'>ชาวไร่</td><td style='padding:3px 6px;'>นาย วิลัย นะวัน</td></tr><tr><td style='padding:3px 6px; font-weight:bold; background-color:#f2f2f2;'>ประเภทอ้อย</td><td style='padding:3px 6px;'>ตอ4</td></tr><tr><td style='padding:3px 6px; font-weight:bold; background-color:#f2f2f2;'>พื้นที่</td><td style='padding:3px 6px;'>7.03</td></tr><tr><td style='padding:3px 6px; font-weight:bold; background-color:#f2f2f2;'>ตันรวม</td><td style='padding:3px 6px;'>49.21</td></tr><tr><td style='padding:3px 6px; font-weight:bold; background-color:#f2f2f2;'>รหัสแปลง</td><td style='padding:3px 6px;'>331903083015</td></tr><tr><td style='padding:3px 6px; font-weight:bold; background-color:#f2f2f2;'>กลุ่ม</td><td style='padding:3px 6px;'>กลุ่ม_02</td></tr></table></div>]]></description>
      <styleUrl>#plotStyle</styleUrl>
      <MultiGeometry><Polygon><outerBoundaryIs><LinearRing><coordinates>104.7462700,14.8335124,0 104.7470090,14.8337191,0 104.7474593,14.8336277,0 104.7473967,14.8331625,0 104.7473508,14.8331516,0 104.7465739,14.8323573,0 104.7462700,14.8335124,0</coordinates></LinearRing></outerBoundaryIs></Polygon></MultiGeometry>
    </Placemark>
    <Placemark>
      <name>340704013015</name>
      <description><![CDATA[<div style='font-family:Tahoma,sans-serif; font-size:13px;'><h3 style='color:#1565C0; margin:4px 0;'>รหัสแปลง: 340704013015</h3><p style='margin:2px 0;'><b>กลุ่มคิว:</b> 02_001</p><table border='1' style='border-collapse:collapse; border-color:#ccc; width:100%;'><tr><td style='padding:3px 6px; font-weight:bold; background-color:#f2f2f2;'>รหัสกลุ่มคิว</td><td style='padding:3px 6px;'>02/001</td></tr><tr><td style='padding:3px 6px; font-weight:bold; background-color:#f2f2f2;'>รหัสรับเหมา</td><td style='padding:3px 6px;'>738889</td></tr><tr><td style='padding:3px 6px; font-weight:bold; background-color:#f2f2f2;'>ชื่อ-สกุล รับเหมา</td><td style='padding:3px 6px;'>รถตัดโรงงานเบอร์ 15</td></tr><tr><td style='padding:3px 6px; font-weight:bold; background-color:#f2f2f2;'>นักเกษตร</td><td style='padding:3px 6px;'>0010</td></tr><tr><td style='padding:3px 6px; font-weight:bold; background-color:#f2f2f2;'>ศูนย์</td><td style='padding:3px 6px;'>K2-02</td></tr><tr><td style='padding:3px 6px; font-weight:bold; background-color:#f2f2f2;'>โควตา</td><td style='padding:3px 6px;'>911516</td></tr><tr><td style='padding:3px 6px; font-weight:bold; background-color:#f2f2f2;'>ชาวไร่</td><td style='padding:3px 6px;'>นาย พรณรงค์ ลิ้มวงษ์ทอง</td></tr><tr><td style='padding:3px 6px; font-weight:bold; background-color:#f2f2f2;'>ประเภทอ้อย</td><td style='padding:3px 6px;'>ปลายฝน</td></tr><tr><td style='padding:3px 6px; font-weight:bold; background-color:#f2f2f2;'>พื้นที่</td><td style='padding:3px 6px;'>21.75</td></tr><tr><td style='padding:3px 6px; font-weight:bold; background-color:#f2f2f2;'>ตันรวม</td><td style='padding:3px 6px;'>282.75</td></tr><tr><td style='padding:3px 6px; font-weight:bold; background-color:#f2f2f2;'>รหัสแปลง</td><td style='padding:3px 6px;'>340704013015</td></tr><tr><td style='padding:3px 6px; font-weight:bold; background-color:#f2f2f2;'>กลุ่ม</td><td style='padding:3px 6px;'>กลุ่ม_02</td></tr></table></div>]]></description>
      <styleUrl>#plotStyle</styleUrl>
      <MultiGeometry><Polygon><outerBoundaryIs><LinearRing><coordinates>104.9728261,14.9119956,0 104.9743770,14.9115218,0 104.9741822,14.9108589,0 104.9739777,14.9108703,0 104.9739529,14.9104693,0 104.9740338,14.9104540,0 104.9738627,14.9098951,0 104.9732858,14.9100666,0 104.9727136,14.9102566,0 104.9725112,14.9103505,0 104.9725671,14.9105220,0 104.9721000,14.9107825,0 104.9728261,14.9119956,0</coordinates></LinearRing></outerBoundaryIs></Polygon></MultiGeometry>
    </Placemark>
    <Placemark>
      <name>340704013019</name>
      <description><![CDATA[<div style='font-family:Tahoma,sans-serif; font-size:13px;'><h3 style='color:#1565C0; margin:4px 0;'>รหัสแปลง: 340704013019</h3><p style='margin:2px 0;'><b>กลุ่มคิว:</b> 02_001</p><table border='1' style='border-collapse:collapse; border-color:#ccc; width:100%;'><tr><td style='padding:3px 6px; font-weight:bold; background-color:#f2f2f2;'>รหัสกลุ่มคิว</td><td style='padding:3px 6px;'>02/001</td></tr><tr><td style='padding:3px 6px; font-weight:bold; background-color:#f2f2f2;'>รหัสรับเหมา</td><td style='padding:3px 6px;'>738889</td></tr><tr><td style='padding:3px 6px; font-weight:bold; background-color:#f2f2f2;'>ชื่อ-สกุล รับเหมา</td><td style='padding:3px 6px;'>รถตัดโรงงานเบอร์ 15</td></tr><tr><td style='padding:3px 6px; font-weight:bold; background-color:#f2f2f2;'>นักเกษตร</td><td style='padding:3px 6px;'>0010</td></tr><tr><td style='padding:3px 6px; font-weight:bold; background-color:#f2f2f2;'>ศูนย์</td><td style='padding:3px 6px;'>K2-02</td></tr><tr><td style='padding:3px 6px; font-weight:bold; background-color:#f2f2f2;'>โควตา</td><td style='padding:3px 6px;'>911516</td></tr><tr><td style='padding:3px 6px; font-weight:bold; background-color:#f2f2f2;'>ชาวไร่</td><td style='padding:3px 6px;'>นาย พรณรงค์ ลิ้มวงษ์ทอง</td></tr><tr><td style='padding:3px 6px; font-weight:bold; background-color:#f2f2f2;'>ประเภทอ้อย</td><td style='padding:3px 6px;'>ปลายฝน</td></tr><tr><td style='padding:3px 6px; font-weight:bold; background-color:#f2f2f2;'>พื้นที่</td><td style='padding:3px 6px;'>11.39</td></tr><tr><td style='padding:3px 6px; font-weight:bold; background-color:#f2f2f2;'>ตันรวม</td><td style='padding:3px 6px;'>148.07</td></tr><tr><td style='padding:3px 6px; font-weight:bold; background-color:#f2f2f2;'>รหัสแปลง</td><td style='padding:3px 6px;'>340704013019</td></tr><tr><td style='padding:3px 6px; font-weight:bold; background-color:#f2f2f2;'>กลุ่ม</td><td style='padding:3px 6px;'>กลุ่ม_02</td></tr></table></div>]]></description>
      <styleUrl>#plotStyle</styleUrl>
      <MultiGeometry><Polygon><outerBoundaryIs><LinearRing><coordinates>104.9679499,14.8968168,0 104.9679500,14.8968165,0 104.9677833,14.8965260,0 104.9677517,14.8964687,0 104.9681381,14.8961364,0 104.9677753,14.8957598,0 104.9674337,14.8960569,0 104.9674011,14.8960640,0 104.9670087,14.8964221,0 104.9664491,14.8968358,0 104.9661217,14.8970994,0 104.9662242,14.8972330,0 104.9663719,14.8972157,0 104.9663709,14.8972133,0 104.9665283,14.8973197,0 104.9666431,14.8974657,0 104.9667554,14.8975491,0 104.9669036,14.8977191,0 104.9669721,14.8975939,0 104.9672046,14.8973353,0 104.9670959,14.8971639,0 104.9671633,14.8970948,0 104.9674169,14.8969554,0 104.9675533,14.8971064,0 104.9677486,14.8969517,0 104.9679499,14.8968168,0</coordinates></LinearRing></outerBoundaryIs></Polygon></MultiGeometry>
    </Placemark>
    <Placemark>
      <name>340704083004</name>
      <description><![CDATA[<div style='font-family:Tahoma,sans-serif; font-size:13px;'><h3 style='color:#1565C0; margin:4px 0;'>รหัสแปลง: 340704083004</h3><p style='margin:2px 0;'><b>กลุ่มคิว:</b> 02_001</p><table border='1' style='border-collapse:collapse; border-color:#ccc; width:100%;'><tr><td style='padding:3px 6px; font-weight:bold; background-color:#f2f2f2;'>รหัสกลุ่มคิว</td><td style='padding:3px 6px;'>02/001</td></tr><tr><td style='padding:3px 6px; font-weight:bold; background-color:#f2f2f2;'>รหัสรับเหมา</td><td style='padding:3px 6px;'>738889</td></tr><tr><td style='padding:3px 6px; font-weight:bold; background-color:#f2f2f2;'>ชื่อ-สกุล รับเหมา</td><td style='padding:3px 6px;'>รถตัดโรงงานเบอร์ 15</td></tr><tr><td style='padding:3px 6px; font-weight:bold; background-color:#f2f2f2;'>นักเกษตร</td><td style='padding:3px 6px;'>0010</td></tr><tr><td style='padding:3px 6px; font-weight:bold; background-color:#f2f2f2;'>ศูนย์</td><td style='padding:3px 6px;'>K2-02</td></tr><tr><td style='padding:3px 6px; font-weight:bold; background-color:#f2f2f2;'>โควตา</td><td style='padding:3px 6px;'>911516</td></tr><tr><td style='padding:3px 6px; font-weight:bold; background-color:#f2f2f2;'>ชาวไร่</td><td style='padding:3px 6px;'>นาย พรณรงค์ ลิ้มวงษ์ทอง</td></tr><tr><td style='padding:3px 6px; font-weight:bold; background-color:#f2f2f2;'>ประเภทอ้อย</td><td style='padding:3px 6px;'>ปลายฝน</td></tr><tr><td style='padding:3px 6px; font-weight:bold; background-color:#f2f2f2;'>พื้นที่</td><td style='padding:3px 6px;'>23.5</td></tr><tr><td style='padding:3px 6px; font-weight:bold; background-color:#f2f2f2;'>ตันรวม</td><td style='padding:3px 6px;'>305.5</td></tr><tr><td style='padding:3px 6px; font-weight:bold; background-color:#f2f2f2;'>รหัสแปลง</td><td style='padding:3px 6px;'>340704083004</td></tr><tr><td style='padding:3px 6px; font-weight:bold; background-color:#f2f2f2;'>กลุ่ม</td><td style='padding:3px 6px;'>กลุ่ม_02</td></tr></table></div>]]></description>
      <styleUrl>#plotStyle</styleUrl>
      <MultiGeometry><Polygon><outerBoundaryIs><LinearRing><coordinates>104.9640067,14.8992978,0 104.9642622,14.8991675,0 104.9643215,14.8991372,0 104.9646574,14.8990276,0 104.9646522,14.8988747,0 104.9646326,14.8986764,0 104.9646333,14.8986739,0 104.9646338,14.8986720,0 104.9645507,14.8985391,0 104.9645477,14.8985395,0 104.9643633,14.8978592,0 104.9642863,14.8975754,0 104.9641168,14.8969573,0 104.9641168,14.8969573,0 104.9641165,14.8969572,0 104.9641161,14.8969569,0 104.9635761,14.8970490,0 104.9635760,14.8970490,0 104.9632810,14.8972515,0 104.9630621,14.8972247,0 104.9630008,14.8972172,0 104.9629739,14.8972064,0 104.9628627,14.8971616,0 104.9628624,14.8971608,0 104.9629529,14.8979830,0 104.9630253,14.8985325,0 104.9630268,14.8985443,0 104.9631905,14.8993712,0 104.9634447,14.8993483,0 104.9640067,14.8992978,0</coordinates></LinearRing></outerBoundaryIs></Polygon></MultiGeometry>
    </Placemark>
    <Placemark>
      <name>340704083005</name>
      <description><![CDATA[<div style='font-family:Tahoma,sans-serif; font-size:13px;'><h3 style='color:#1565C0; margin:4px 0;'>รหัสแปลง: 340704083005</h3><p style='margin:2px 0;'><b>กลุ่มคิว:</b> 02_001</p><table border='1' style='border-collapse:collapse; border-color:#ccc; width:100%;'><tr><td style='padding:3px 6px; font-weight:bold; background-color:#f2f2f2;'>รหัสกลุ่มคิว</td><td style='padding:3px 6px;'>02/001</td></tr><tr><td style='padding:3px 6px; font-weight:bold; background-color:#f2f2f2;'>รหัสรับเหมา</td><td style='padding:3px 6px;'>738889</td></tr><tr><td style='padding:3px 6px; font-weight:bold; background-color:#f2f2f2;'>ชื่อ-สกุล รับเหมา</td><td style='padding:3px 6px;'>รถตัดโรงงานเบอร์ 15</td></tr><tr><td style='padding:3px 6px; font-weight:bold; background-color:#f2f2f2;'>นักเกษตร</td><td style='padding:3px 6px;'>0010</td></tr><tr><td style='padding:3px 6px; font-weight:bold; background-color:#f2f2f2;'>ศูนย์</td><td style='padding:3px 6px;'>K2-02</td></tr><tr><td style='padding:3px 6px; font-weight:bold; background-color:#f2f2f2;'>โควตา</td><td style='padding:3px 6px;'>911516</td></tr><tr><td style='padding:3px 6px; font-weight:bold; background-color:#f2f2f2;'>ชาวไร่</td><td style='padding:3px 6px;'>นาย พรณรงค์ ลิ้มวงษ์ทอง</td></tr><tr><td style='padding:3px 6px; font-weight:bold; background-color:#f2f2f2;'>ประเภทอ้อย</td><td style='padding:3px 6px;'>ปลายฝน</td></tr><tr><td style='padding:3px 6px; font-weight:bold; background-color:#f2f2f2;'>พื้นที่</td><td style='padding:3px 6px;'>7.18</td></tr><tr><td style='padding:3px 6px; font-weight:bold; background-color:#f2f2f2;'>ตันรวม</td><td style='padding:3px 6px;'>93.34</td></tr><tr><td style='padding:3px 6px; font-weight:bold; background-color:#f2f2f2;'>รหัสแปลง</td><td style='padding:3px 6px;'>340704083005</td></tr><tr><td style='padding:3px 6px; font-weight:bold; background-color:#f2f2f2;'>กลุ่ม</td><td style='padding:3px 6px;'>กลุ่ม_02</td></tr></table></div>]]></description>
      <styleUrl>#plotStyle</styleUrl>
      <MultiGeometry><Polygon><outerBoundaryIs><LinearRing><coordinates>104.9640858,14.8993071,0 104.9640858,14.8992979,0 104.9640857,14.8992748,0 104.9640446,14.8992918,0 104.9640120,14.8993054,0 104.9639262,14.8993411,0 104.9635475,14.8993831,0 104.9635900,14.8994475,0 104.9636312,14.8995100,0 104.9637136,14.8995173,0 104.9637792,14.8995232,0 104.9638280,14.8996707,0 104.9637241,14.8997683,0 104.9637195,14.8997727,0 104.9637166,14.8997736,0 104.9636731,14.8996977,0 104.9635430,14.8994707,0 104.9635143,14.8994277,0 104.9634900,14.8993915,0 104.9632300,14.8994183,0 104.9632479,14.8994682,0 104.9632893,14.8995836,0 104.9636622,14.9003105,0 104.9638573,14.9002013,0 104.9638567,14.9001991,0 104.9638567,14.9001990,0 104.9640670,14.9000691,0 104.9644710,14.8998636,0 104.9645802,14.8998081,0 104.9646174,14.8997792,0 104.9648357,14.8996098,0 104.9648292,14.8995802,0 104.9648225,14.8995495,0 104.9647837,14.8993750,0 104.9647833,14.8993761,0 104.9646569,14.8993922,0 104.9645749,14.8994026,0 104.9645749,14.8994026,0 104.9645736,14.8993988,0 104.9644746,14.8991061,0 104.9644341,14.8991271,0 104.9640858,14.8993071,0</coordinates></LinearRing></outerBoundaryIs><innerBoundaryIs><LinearRing><coordinates>104.9640858,14.8993071,0 104.9640858,14.8993089,0 104.9640834,14.8993084,0 104.9640858,14.8993071,0</coordinates></LinearRing></innerBoundaryIs></Polygon></MultiGeometry>
    </Placemark>
    <Placemark>
      <name>341508073014</name>
      <description><![CDATA[<div style='font-family:Tahoma,sans-serif; font-size:13px;'><h3 style='color:#1565C0; margin:4px 0;'>รหัสแปลง: 341508073014</h3><p style='margin:2px 0;'><b>กลุ่มคิว:</b> 02_001</p><table border='1' style='border-collapse:collapse; border-color:#ccc; width:100%;'><tr><td style='padding:3px 6px; font-weight:bold; background-color:#f2f2f2;'>รหัสกลุ่มคิว</td><td style='padding:3px 6px;'>02/001</td></tr><tr><td style='padding:3px 6px; font-weight:bold; background-color:#f2f2f2;'>รหัสรับเหมา</td><td style='padding:3px 6px;'>738889</td></tr><tr><td style='padding:3px 6px; font-weight:bold; background-color:#f2f2f2;'>ชื่อ-สกุล รับเหมา</td><td style='padding:3px 6px;'>รถตัดโรงงานเบอร์ 15</td></tr><tr><td style='padding:3px 6px; font-weight:bold; background-color:#f2f2f2;'>นักเกษตร</td><td style='padding:3px 6px;'>0010</td></tr><tr><td style='padding:3px 6px; font-weight:bold; background-color:#f2f2f2;'>ศูนย์</td><td style='padding:3px 6px;'>K2-02</td></tr><tr><td style='padding:3px 6px; font-weight:bold; background-color:#f2f2f2;'>โควตา</td><td style='padding:3px 6px;'>911525</td></tr><tr><td style='padding:3px 6px; font-weight:bold; background-color:#f2f2f2;'>ชาวไร่</td><td style='padding:3px 6px;'>นาย สมพงษ์ กัญญาพงษ์</td></tr><tr><td style='padding:3px 6px; font-weight:bold; background-color:#f2f2f2;'>ประเภทอ้อย</td><td style='padding:3px 6px;'>ปลายฝน</td></tr><tr><td style='padding:3px 6px; font-weight:bold; background-color:#f2f2f2;'>พื้นที่</td><td style='padding:3px 6px;'>12.8</td></tr><tr><td style='padding:3px 6px; font-weight:bold; background-color:#f2f2f2;'>ตันรวม</td><td style='padding:3px 6px;'>166.4</td></tr><tr><td style='padding:3px 6px; font-weight:bold; background-color:#f2f2f2;'>รหัสแปลง</td><td style='padding:3px 6px;'>341508073014</td></tr><tr><td style='padding:3px 6px; font-weight:bold; background-color:#f2f2f2;'>กลุ่ม</td><td style='padding:3px 6px;'>กลุ่ม_02</td></tr></table></div>]]></description>
      <styleUrl>#plotStyle</styleUrl>
      <MultiGeometry><Polygon><outerBoundaryIs><LinearRing><coordinates>104.8990842,14.9896451,0 104.8992149,14.9896031,0 104.8992668,14.9895310,0 104.8993290,14.9894829,0 104.8992108,14.9891503,0 104.8992481,14.9887296,0 104.8992004,14.9886835,0 104.8991174,14.9886394,0 104.8988914,14.9886715,0 104.8988685,14.9887857,0 104.8987918,14.9888658,0 104.8987088,14.9889099,0 104.8981966,14.9889299,0 104.8981572,14.9889119,0 104.8980866,14.9888298,0 104.8980307,14.9887176,0 104.8980493,14.9885733,0 104.8979622,14.9884311,0 104.8976615,14.9885172,0 104.8973898,14.9887817,0 104.8973608,14.9887857,0 104.8970600,14.9887095,0 104.8969916,14.9887296,0 104.8969439,14.9888097,0 104.8971056,14.9891944,0 104.8974956,14.9894208,0 104.8979601,14.9893827,0 104.8981738,14.9896111,0 104.8988063,14.9896351,0 104.8990842,14.9896451,0</coordinates></LinearRing></outerBoundaryIs></Polygon></MultiGeometry>
    </Placemark>
    <Placemark>
      <name>341508073016</name>
      <description><![CDATA[<div style='font-family:Tahoma,sans-serif; font-size:13px;'><h3 style='color:#1565C0; margin:4px 0;'>รหัสแปลง: 341508073016</h3><p style='margin:2px 0;'><b>กลุ่มคิว:</b> 02_001</p><table border='1' style='border-collapse:collapse; border-color:#ccc; width:100%;'><tr><td style='padding:3px 6px; font-weight:bold; background-color:#f2f2f2;'>รหัสกลุ่มคิว</td><td style='padding:3px 6px;'>02/001</td></tr><tr><td style='padding:3px 6px; font-weight:bold; background-color:#f2f2f2;'>รหัสรับเหมา</td><td style='padding:3px 6px;'>738889</td></tr><tr><td style='padding:3px 6px; font-weight:bold; background-color:#f2f2f2;'>ชื่อ-สกุล รับเหมา</td><td style='padding:3px 6px;'>รถตัดโรงงานเบอร์ 15</td></tr><tr><td style='padding:3px 6px; font-weight:bold; background-color:#f2f2f2;'>นักเกษตร</td><td style='padding:3px 6px;'>0010</td></tr><tr><td style='padding:3px 6px; font-weight:bold; background-color:#f2f2f2;'>ศูนย์</td><td style='padding:3px 6px;'>K2-02</td></tr><tr><td style='padding:3px 6px; font-weight:bold; background-color:#f2f2f2;'>โควตา</td><td style='padding:3px 6px;'>911758</td></tr><tr><td style='padding:3px 6px; font-weight:bold; background-color:#f2f2f2;'>ชาวไร่</td><td style='padding:3px 6px;'>นางสาว นงคาร บุญเชิญ</td></tr><tr><td style='padding:3px 6px; font-weight:bold; background-color:#f2f2f2;'>ประเภทอ้อย</td><td style='padding:3px 6px;'>ตอ3</td></tr><tr><td style='padding:3px 6px; font-weight:bold; background-color:#f2f2f2;'>พื้นที่</td><td style='padding:3px 6px;'>9.61</td></tr><tr><td style='padding:3px 6px; font-weight:bold; background-color:#f2f2f2;'>ตันรวม</td><td style='padding:3px 6px;'>67.27</td></tr><tr><td style='padding:3px 6px; font-weight:bold; background-color:#f2f2f2;'>รหัสแปลง</td><td style='padding:3px 6px;'>341508073016</td></tr><tr><td style='padding:3px 6px; font-weight:bold; background-color:#f2f2f2;'>กลุ่ม</td><td style='padding:3px 6px;'>กลุ่ม_02</td></tr></table></div>]]></description>
      <styleUrl>#plotStyle</styleUrl>
      <MultiGeometry><Polygon><outerBoundaryIs><LinearRing><coordinates>104.8993433,14.9837900,0 104.8993139,14.9826371,0 104.8992983,14.9826360,0 104.8992877,14.9826031,0 104.8992496,14.9823779,0 104.8990890,14.9814043,0 104.8988300,14.9815367,0 104.8985383,14.9816200,0 104.8987750,14.9830583,0 104.8989417,14.9839183,0 104.8993433,14.9837900,0</coordinates></LinearRing></outerBoundaryIs></Polygon></MultiGeometry>
    </Placemark>
    <Placemark>
      <name>340704013011</name>
      <description><![CDATA[<div style='font-family:Tahoma,sans-serif; font-size:13px;'><h3 style='color:#1565C0; margin:4px 0;'>รหัสแปลง: 340704013011</h3><p style='margin:2px 0;'><b>กลุ่มคิว:</b> 02_001</p><table border='1' style='border-collapse:collapse; border-color:#ccc; width:100%;'><tr><td style='padding:3px 6px; font-weight:bold; background-color:#f2f2f2;'>รหัสกลุ่มคิว</td><td style='padding:3px 6px;'>02/001</td></tr><tr><td style='padding:3px 6px; font-weight:bold; background-color:#f2f2f2;'>รหัสรับเหมา</td><td style='padding:3px 6px;'>738889</td></tr><tr><td style='padding:3px 6px; font-weight:bold; background-color:#f2f2f2;'>ชื่อ-สกุล รับเหมา</td><td style='padding:3px 6px;'>รถตัดโรงงานเบอร์ 15</td></tr><tr><td style='padding:3px 6px; font-weight:bold; background-color:#f2f2f2;'>นักเกษตร</td><td style='padding:3px 6px;'>0010</td></tr><tr><td style='padding:3px 6px; font-weight:bold; background-color:#f2f2f2;'>ศูนย์</td><td style='padding:3px 6px;'>K2-02</td></tr><tr><td style='padding:3px 6px; font-weight:bold; background-color:#f2f2f2;'>โควตา</td><td style='padding:3px 6px;'>911516</td></tr><tr><td style='padding:3px 6px; font-weight:bold; background-color:#f2f2f2;'>ชาวไร่</td><td style='padding:3px 6px;'>นาย พรณรงค์ ลิ้มวงษ์ทอง</td></tr><tr><td style='padding:3px 6px; font-weight:bold; background-color:#f2f2f2;'>ประเภทอ้อย</td><td style='padding:3px 6px;'>ปลายฝน</td></tr><tr><td style='padding:3px 6px; font-weight:bold; background-color:#f2f2f2;'>พื้นที่</td><td style='padding:3px 6px;'>17.2</td></tr><tr><td style='padding:3px 6px; font-weight:bold; background-color:#f2f2f2;'>ตันรวม</td><td style='padding:3px 6px;'>223.6</td></tr><tr><td style='padding:3px 6px; font-weight:bold; background-color:#f2f2f2;'>รหัสแปลง</td><td style='padding:3px 6px;'>340704013011</td></tr><tr><td style='padding:3px 6px; font-weight:bold; background-color:#f2f2f2;'>กลุ่ม</td><td style='padding:3px 6px;'>กลุ่ม_02</td></tr></table></div>]]></description>
      <styleUrl>#plotStyle</styleUrl>
      <MultiGeometry><Polygon><outerBoundaryIs><LinearRing><coordinates>104.9678575,14.8969377,0 104.9683290,14.8972120,0 104.9684288,14.8974515,0 104.9685234,14.8976191,0 104.9686997,14.8977653,0 104.9689007,14.8976823,0 104.9690173,14.8975833,0 104.9696903,14.8968546,0 104.9696955,14.8967533,0 104.9696993,14.8963696,0 104.9697367,14.8962861,0 104.9698933,14.8961994,0 104.9699709,14.8961665,0 104.9702889,14.8960037,0 104.9703345,14.8960109,0 104.9705355,14.8959754,0 104.9700957,14.8954623,0 104.9700375,14.8954672,0 104.9681101,14.8967321,0 104.9680321,14.8967924,0 104.9678575,14.8969377,0</coordinates></LinearRing></outerBoundaryIs></Polygon></MultiGeometry>
    </Placemark>
    <Placemark>
      <name>340704083008</name>
      <description><![CDATA[<div style='font-family:Tahoma,sans-serif; font-size:13px;'><h3 style='color:#1565C0; margin:4px 0;'>รหัสแปลง: 340704083008</h3><p style='margin:2px 0;'><b>กลุ่มคิว:</b> 02_001</p><table border='1' style='border-collapse:collapse; border-color:#ccc; width:100%;'><tr><td style='padding:3px 6px; font-weight:bold; background-color:#f2f2f2;'>รหัสกลุ่มคิว</td><td style='padding:3px 6px;'>02/001</td></tr><tr><td style='padding:3px 6px; font-weight:bold; background-color:#f2f2f2;'>รหัสรับเหมา</td><td style='padding:3px 6px;'>738889</td></tr><tr><td style='padding:3px 6px; font-weight:bold; background-color:#f2f2f2;'>ชื่อ-สกุล รับเหมา</td><td style='padding:3px 6px;'>รถตัดโรงงานเบอร์ 15</td></tr><tr><td style='padding:3px 6px; font-weight:bold; background-color:#f2f2f2;'>นักเกษตร</td><td style='padding:3px 6px;'>0010</td></tr><tr><td style='padding:3px 6px; font-weight:bold; background-color:#f2f2f2;'>ศูนย์</td><td style='padding:3px 6px;'>K2-02</td></tr><tr><td style='padding:3px 6px; font-weight:bold; background-color:#f2f2f2;'>โควตา</td><td style='padding:3px 6px;'>911516</td></tr><tr><td style='padding:3px 6px; font-weight:bold; background-color:#f2f2f2;'>ชาวไร่</td><td style='padding:3px 6px;'>นาย พรณรงค์ ลิ้มวงษ์ทอง</td></tr><tr><td style='padding:3px 6px; font-weight:bold; background-color:#f2f2f2;'>ประเภทอ้อย</td><td style='padding:3px 6px;'>ปลายฝน</td></tr><tr><td style='padding:3px 6px; font-weight:bold; background-color:#f2f2f2;'>พื้นที่</td><td style='padding:3px 6px;'>8.47</td></tr><tr><td style='padding:3px 6px; font-weight:bold; background-color:#f2f2f2;'>ตันรวม</td><td style='padding:3px 6px;'>110.11</td></tr><tr><td style='padding:3px 6px; font-weight:bold; background-color:#f2f2f2;'>รหัสแปลง</td><td style='padding:3px 6px;'>340704083008</td></tr><tr><td style='padding:3px 6px; font-weight:bold; background-color:#f2f2f2;'>กลุ่ม</td><td style='padding:3px 6px;'>กลุ่ม_02</td></tr></table></div>]]></description>
      <styleUrl>#plotStyle</styleUrl>
      <MultiGeometry><Polygon><outerBoundaryIs><LinearRing><coordinates>104.9659793,14.8983869,0 104.9657313,14.8979969,0 104.9658394,14.8978995,0 104.9658779,14.8976760,0 104.9655126,14.8971271,0 104.9654369,14.8969223,0 104.9650755,14.8967528,0 104.9648729,14.8968848,0 104.9650175,14.8974099,0 104.9653193,14.8986688,0 104.9659793,14.8983869,0</coordinates></LinearRing></outerBoundaryIs></Polygon></MultiGeometry>
    </Placemark>
    <Placemark>
      <name>340708103001</name>
      <description><![CDATA[<div style='font-family:Tahoma,sans-serif; font-size:13px;'><h3 style='color:#1565C0; margin:4px 0;'>รหัสแปลง: 340708103001</h3><p style='margin:2px 0;'><b>กลุ่มคิว:</b> 02_001</p><table border='1' style='border-collapse:collapse; border-color:#ccc; width:100%;'><tr><td style='padding:3px 6px; font-weight:bold; background-color:#f2f2f2;'>รหัสกลุ่มคิว</td><td style='padding:3px 6px;'>02/001</td></tr><tr><td style='padding:3px 6px; font-weight:bold; background-color:#f2f2f2;'>รหัสรับเหมา</td><td style='padding:3px 6px;'>738889</td></tr><tr><td style='padding:3px 6px; font-weight:bold; background-color:#f2f2f2;'>ชื่อ-สกุล รับเหมา</td><td style='padding:3px 6px;'>รถตัดโรงงานเบอร์ 15</td></tr><tr><td style='padding:3px 6px; font-weight:bold; background-color:#f2f2f2;'>นักเกษตร</td><td style='padding:3px 6px;'>0010</td></tr><tr><td style='padding:3px 6px; font-weight:bold; background-color:#f2f2f2;'>ศูนย์</td><td style='padding:3px 6px;'>K2-02</td></tr><tr><td style='padding:3px 6px; font-weight:bold; background-color:#f2f2f2;'>โควตา</td><td style='padding:3px 6px;'>912210</td></tr><tr><td style='padding:3px 6px; font-weight:bold; background-color:#f2f2f2;'>ชาวไร่</td><td style='padding:3px 6px;'>นาย กิตติ ศิริชาติ</td></tr><tr><td style='padding:3px 6px; font-weight:bold; background-color:#f2f2f2;'>ประเภทอ้อย</td><td style='padding:3px 6px;'>ปลายฝน</td></tr><tr><td style='padding:3px 6px; font-weight:bold; background-color:#f2f2f2;'>พื้นที่</td><td style='padding:3px 6px;'>3.77</td></tr><tr><td style='padding:3px 6px; font-weight:bold; background-color:#f2f2f2;'>ตันรวม</td><td style='padding:3px 6px;'>49.01</td></tr><tr><td style='padding:3px 6px; font-weight:bold; background-color:#f2f2f2;'>รหัสแปลง</td><td style='padding:3px 6px;'>340708103001</td></tr><tr><td style='padding:3px 6px; font-weight:bold; background-color:#f2f2f2;'>กลุ่ม</td><td style='padding:3px 6px;'>กลุ่ม_02</td></tr></table></div>]]></description>
      <styleUrl>#plotStyle</styleUrl>
      <MultiGeometry><Polygon><outerBoundaryIs><LinearRing><coordinates>105.0019850,14.8165133,0 105.0020750,14.8165683,0 105.0021900,14.8166617,0 105.0020583,14.8168233,0 105.0021142,14.8169258,0 105.0027361,14.8163765,0 105.0021736,14.8158295,0 105.0017144,14.8162621,0 105.0019850,14.8165133,0</coordinates></LinearRing></outerBoundaryIs></Polygon></MultiGeometry>
    </Placemark>
    <Placemark>
      <name>331905033026</name>
      <description><![CDATA[<div style='font-family:Tahoma,sans-serif; font-size:13px;'><h3 style='color:#1565C0; margin:4px 0;'>รหัสแปลง: 331905033026</h3><p style='margin:2px 0;'><b>กลุ่มคิว:</b> 02_001</p><table border='1' style='border-collapse:collapse; border-color:#ccc; width:100%;'><tr><td style='padding:3px 6px; font-weight:bold; background-color:#f2f2f2;'>รหัสกลุ่มคิว</td><td style='padding:3px 6px;'>02/001</td></tr><tr><td style='padding:3px 6px; font-weight:bold; background-color:#f2f2f2;'>รหัสรับเหมา</td><td style='padding:3px 6px;'>738889</td></tr><tr><td style='padding:3px 6px; font-weight:bold; background-color:#f2f2f2;'>ชื่อ-สกุล รับเหมา</td><td style='padding:3px 6px;'>รถตัดโรงงานเบอร์ 15</td></tr><tr><td style='padding:3px 6px; font-weight:bold; background-color:#f2f2f2;'>นักเกษตร</td><td style='padding:3px 6px;'>0010</td></tr><tr><td style='padding:3px 6px; font-weight:bold; background-color:#f2f2f2;'>ศูนย์</td><td style='padding:3px 6px;'>K2-02</td></tr><tr><td style='padding:3px 6px; font-weight:bold; background-color:#f2f2f2;'>โควตา</td><td style='padding:3px 6px;'>913231</td></tr><tr><td style='padding:3px 6px; font-weight:bold; background-color:#f2f2f2;'>ชาวไร่</td><td style='padding:3px 6px;'>นาย โชติ สิงห์แจ่ม</td></tr><tr><td style='padding:3px 6px; font-weight:bold; background-color:#f2f2f2;'>ประเภทอ้อย</td><td style='padding:3px 6px;'>ปลายฝน</td></tr><tr><td style='padding:3px 6px; font-weight:bold; background-color:#f2f2f2;'>พื้นที่</td><td style='padding:3px 6px;'>10.62</td></tr><tr><td style='padding:3px 6px; font-weight:bold; background-color:#f2f2f2;'>ตันรวม</td><td style='padding:3px 6px;'>138.06</td></tr><tr><td style='padding:3px 6px; font-weight:bold; background-color:#f2f2f2;'>รหัสแปลง</td><td style='padding:3px 6px;'>331905033026</td></tr><tr><td style='padding:3px 6px; font-weight:bold; background-color:#f2f2f2;'>กลุ่ม</td><td style='padding:3px 6px;'>กลุ่ม_02</td></tr></table></div>]]></description>
      <styleUrl>#plotStyle</styleUrl>
      <MultiGeometry><Polygon><outerBoundaryIs><LinearRing><coordinates>104.7970201,14.8165412,0 104.7968583,14.8166321,0 104.7968518,14.8166426,0 104.7969523,14.8169536,0 104.7966692,14.8170455,0 104.7965199,14.8167072,0 104.7957967,14.8169693,0 104.7955441,14.8170583,0 104.7957297,14.8174555,0 104.7959863,14.8179928,0 104.7968809,14.8176060,0 104.7972146,14.8174494,0 104.7974289,14.8173397,0 104.7970201,14.8165412,0</coordinates></LinearRing></outerBoundaryIs></Polygon></MultiGeometry>
    </Placemark>
    <Placemark>
      <name>341508133001</name>
      <description><![CDATA[<div style='font-family:Tahoma,sans-serif; font-size:13px;'><h3 style='color:#1565C0; margin:4px 0;'>รหัสแปลง: 341508133001</h3><p style='margin:2px 0;'><b>กลุ่มคิว:</b> 02_001</p><table border='1' style='border-collapse:collapse; border-color:#ccc; width:100%;'><tr><td style='padding:3px 6px; font-weight:bold; background-color:#f2f2f2;'>รหัสกลุ่มคิว</td><td style='padding:3px 6px;'>02/001</td></tr><tr><td style='padding:3px 6px; font-weight:bold; background-color:#f2f2f2;'>รหัสรับเหมา</td><td style='padding:3px 6px;'>738889</td></tr><tr><td style='padding:3px 6px; font-weight:bold; background-color:#f2f2f2;'>ชื่อ-สกุล รับเหมา</td><td style='padding:3px 6px;'>รถตัดโรงงานเบอร์ 15</td></tr><tr><td style='padding:3px 6px; font-weight:bold; background-color:#f2f2f2;'>นักเกษตร</td><td style='padding:3px 6px;'>0010</td></tr><tr><td style='padding:3px 6px; font-weight:bold; background-color:#f2f2f2;'>ศูนย์</td><td style='padding:3px 6px;'>K2-02</td></tr><tr><td style='padding:3px 6px; font-weight:bold; background-color:#f2f2f2;'>โควตา</td><td style='padding:3px 6px;'>912173</td></tr><tr><td style='padding:3px 6px; font-weight:bold; background-color:#f2f2f2;'>ชาวไร่</td><td style='padding:3px 6px;'>นาง สมจิตร วรรณประภา</td></tr><tr><td style='padding:3px 6px; font-weight:bold; background-color:#f2f2f2;'>ประเภทอ้อย</td><td style='padding:3px 6px;'>ปลายฝน</td></tr><tr><td style='padding:3px 6px; font-weight:bold; background-color:#f2f2f2;'>พื้นที่</td><td style='padding:3px 6px;'>11.0</td></tr><tr><td style='padding:3px 6px; font-weight:bold; background-color:#f2f2f2;'>ตันรวม</td><td style='padding:3px 6px;'>143.0</td></tr><tr><td style='padding:3px 6px; font-weight:bold; background-color:#f2f2f2;'>รหัสแปลง</td><td style='padding:3px 6px;'>341508133001</td></tr><tr><td style='padding:3px 6px; font-weight:bold; background-color:#f2f2f2;'>กลุ่ม</td><td style='padding:3px 6px;'>กลุ่ม_02</td></tr></table></div>]]></description>
      <styleUrl>#plotStyle</styleUrl>
      <MultiGeometry><Polygon><outerBoundaryIs><LinearRing><coordinates>104.9192776,14.9777006,0 104.9192553,14.9777061,0 104.9186251,14.9779995,0 104.9183730,14.9780642,0 104.9183773,14.9780428,0 104.9178843,14.9781336,0 104.9178929,14.9782033,0 104.9176886,14.9782873,0 104.9176567,14.9782560,0 104.9174872,14.9782752,0 104.9175890,14.9787628,0 104.9182802,14.9786091,0 104.9188569,14.9784582,0 104.9194942,14.9782221,0 104.9202394,14.9779779,0 104.9199814,14.9774235,0 104.9195698,14.9775641,0 104.9192776,14.9777006,0</coordinates></LinearRing></outerBoundaryIs></Polygon></MultiGeometry>
    </Placemark>
    <Placemark>
      <name>321301111642</name>
      <description><![CDATA[<div style='font-family:Tahoma,sans-serif; font-size:13px;'><h3 style='color:#1565C0; margin:4px 0;'>รหัสแปลง: 321301111642</h3><p style='margin:2px 0;'><b>กลุ่มคิว:</b> 02_001</p><table border='1' style='border-collapse:collapse; border-color:#ccc; width:100%;'><tr><td style='padding:3px 6px; font-weight:bold; background-color:#f2f2f2;'>รหัสกลุ่มคิว</td><td style='padding:3px 6px;'>02/001</td></tr><tr><td style='padding:3px 6px; font-weight:bold; background-color:#f2f2f2;'>รหัสรับเหมา</td><td style='padding:3px 6px;'>738889</td></tr><tr><td style='padding:3px 6px; font-weight:bold; background-color:#f2f2f2;'>ชื่อ-สกุล รับเหมา</td><td style='padding:3px 6px;'>รถตัดโรงงานเบอร์ 15</td></tr><tr><td style='padding:3px 6px; font-weight:bold; background-color:#f2f2f2;'>นักเกษตร</td><td style='padding:3px 6px;'>0010</td></tr><tr><td style='padding:3px 6px; font-weight:bold; background-color:#f2f2f2;'>ศูนย์</td><td style='padding:3px 6px;'>K2-02</td></tr><tr><td style='padding:3px 6px; font-weight:bold; background-color:#f2f2f2;'>โควตา</td><td style='padding:3px 6px;'>773000</td></tr><tr><td style='padding:3px 6px; font-weight:bold; background-color:#f2f2f2;'>ชาวไร่</td><td style='padding:3px 6px;'>นาย ฐิติโชติ มิ่งแก้ว</td></tr><tr><td style='padding:3px 6px; font-weight:bold; background-color:#f2f2f2;'>ประเภทอ้อย</td><td style='padding:3px 6px;'>ตอ3</td></tr><tr><td style='padding:3px 6px; font-weight:bold; background-color:#f2f2f2;'>พื้นที่</td><td style='padding:3px 6px;'>94.88</td></tr><tr><td style='padding:3px 6px; font-weight:bold; background-color:#f2f2f2;'>ตันรวม</td><td style='padding:3px 6px;'>664.16</td></tr><tr><td style='padding:3px 6px; font-weight:bold; background-color:#f2f2f2;'>รหัสแปลง</td><td style='padding:3px 6px;'>321301111642</td></tr><tr><td style='padding:3px 6px; font-weight:bold; background-color:#f2f2f2;'>กลุ่ม</td><td style='padding:3px 6px;'>กลุ่ม_02</td></tr></table></div>]]></description>
      <styleUrl>#plotStyle</styleUrl>
      <MultiGeometry><Polygon><outerBoundaryIs><LinearRing><coordinates>103.9107850,14.5154022,0 103.9108194,14.5168755,0 103.9139168,14.5163446,0 103.9139896,14.5163136,0 103.9141243,14.5162481,0 103.9141448,14.5162237,0 103.9141236,14.5154948,0 103.9153758,14.5151851,0 103.9148845,14.5130449,0 103.9117143,14.5135950,0 103.9108927,14.5139017,0 103.9107544,14.5140383,0 103.9107850,14.5154022,0</coordinates></LinearRing></outerBoundaryIs></Polygon></MultiGeometry>
    </Placemark>
    <Placemark>
      <name>331903083034</name>
      <description><![CDATA[<div style='font-family:Tahoma,sans-serif; font-size:13px;'><h3 style='color:#1565C0; margin:4px 0;'>รหัสแปลง: 331903083034</h3><p style='margin:2px 0;'><b>กลุ่มคิว:</b> 02_001</p><table border='1' style='border-collapse:collapse; border-color:#ccc; width:100%;'><tr><td style='padding:3px 6px; font-weight:bold; background-color:#f2f2f2;'>รหัสกลุ่มคิว</td><td style='padding:3px 6px;'>02/001</td></tr><tr><td style='padding:3px 6px; font-weight:bold; background-color:#f2f2f2;'>รหัสรับเหมา</td><td style='padding:3px 6px;'>738889</td></tr><tr><td style='padding:3px 6px; font-weight:bold; background-color:#f2f2f2;'>ชื่อ-สกุล รับเหมา</td><td style='padding:3px 6px;'>รถตัดโรงงานเบอร์ 15</td></tr><tr><td style='padding:3px 6px; font-weight:bold; background-color:#f2f2f2;'>นักเกษตร</td><td style='padding:3px 6px;'>0010</td></tr><tr><td style='padding:3px 6px; font-weight:bold; background-color:#f2f2f2;'>ศูนย์</td><td style='padding:3px 6px;'>K2-02</td></tr><tr><td style='padding:3px 6px; font-weight:bold; background-color:#f2f2f2;'>โควตา</td><td style='padding:3px 6px;'>910147</td></tr><tr><td style='padding:3px 6px; font-weight:bold; background-color:#f2f2f2;'>ชาวไร่</td><td style='padding:3px 6px;'>นาย วิลัย นะวัน</td></tr><tr><td style='padding:3px 6px; font-weight:bold; background-color:#f2f2f2;'>ประเภทอ้อย</td><td style='padding:3px 6px;'>ตอ5</td></tr><tr><td style='padding:3px 6px; font-weight:bold; background-color:#f2f2f2;'>พื้นที่</td><td style='padding:3px 6px;'>14.9</td></tr><tr><td style='padding:3px 6px; font-weight:bold; background-color:#f2f2f2;'>ตันรวม</td><td style='padding:3px 6px;'>104.3</td></tr><tr><td style='padding:3px 6px; font-weight:bold; background-color:#f2f2f2;'>รหัสแปลง</td><td style='padding:3px 6px;'>331903083034</td></tr><tr><td style='padding:3px 6px; font-weight:bold; background-color:#f2f2f2;'>กลุ่ม</td><td style='padding:3px 6px;'>กลุ่ม_02</td></tr></table></div>]]></description>
      <styleUrl>#plotStyle</styleUrl>
      <MultiGeometry><Polygon><outerBoundaryIs><LinearRing><coordinates>104.7626074,14.8084017,0 104.7640046,14.8107941,0 104.7647825,14.8102980,0 104.7635650,14.8085606,0 104.7631335,14.8086365,0 104.7630250,14.8084885,0 104.7629125,14.8084920,0 104.7628472,14.8083299,0 104.7626074,14.8084017,0</coordinates></LinearRing></outerBoundaryIs></Polygon></MultiGeometry>
    </Placemark>
    <Placemark>
      <name>340704020002</name>
      <description><![CDATA[<div style='font-family:Tahoma,sans-serif; font-size:13px;'><h3 style='color:#1565C0; margin:4px 0;'>รหัสแปลง: 340704020002</h3><p style='margin:2px 0;'><b>กลุ่มคิว:</b> 02_001</p><table border='1' style='border-collapse:collapse; border-color:#ccc; width:100%;'><tr><td style='padding:3px 6px; font-weight:bold; background-color:#f2f2f2;'>รหัสกลุ่มคิว</td><td style='padding:3px 6px;'>02/001</td></tr><tr><td style='padding:3px 6px; font-weight:bold; background-color:#f2f2f2;'>รหัสรับเหมา</td><td style='padding:3px 6px;'>738889</td></tr><tr><td style='padding:3px 6px; font-weight:bold; background-color:#f2f2f2;'>ชื่อ-สกุล รับเหมา</td><td style='padding:3px 6px;'>รถตัดโรงงานเบอร์ 15</td></tr><tr><td style='padding:3px 6px; font-weight:bold; background-color:#f2f2f2;'>นักเกษตร</td><td style='padding:3px 6px;'>0010</td></tr><tr><td style='padding:3px 6px; font-weight:bold; background-color:#f2f2f2;'>ศูนย์</td><td style='padding:3px 6px;'>K2-02</td></tr><tr><td style='padding:3px 6px; font-weight:bold; background-color:#f2f2f2;'>โควตา</td><td style='padding:3px 6px;'>912502</td></tr><tr><td style='padding:3px 6px; font-weight:bold; background-color:#f2f2f2;'>ชาวไร่</td><td style='padding:3px 6px;'>นาย คำพร ปามุทา</td></tr><tr><td style='padding:3px 6px; font-weight:bold; background-color:#f2f2f2;'>ประเภทอ้อย</td><td style='padding:3px 6px;'>ตอ2</td></tr><tr><td style='padding:3px 6px; font-weight:bold; background-color:#f2f2f2;'>พื้นที่</td><td style='padding:3px 6px;'>4.03</td></tr><tr><td style='padding:3px 6px; font-weight:bold; background-color:#f2f2f2;'>ตันรวม</td><td style='padding:3px 6px;'>32.24</td></tr><tr><td style='padding:3px 6px; font-weight:bold; background-color:#f2f2f2;'>รหัสแปลง</td><td style='padding:3px 6px;'>340704020002</td></tr><tr><td style='padding:3px 6px; font-weight:bold; background-color:#f2f2f2;'>กลุ่ม</td><td style='padding:3px 6px;'>กลุ่ม_02</td></tr></table></div>]]></description>
      <styleUrl>#plotStyle</styleUrl>
      <MultiGeometry><Polygon><outerBoundaryIs><LinearRing><coordinates>104.9880183,14.8840433,0 104.9880433,14.8829600,0 104.9878283,14.8829300,0 104.9877917,14.8827050,0 104.9875467,14.8827133,0 104.9875800,14.8834733,0 104.9877100,14.8834817,0 104.9877233,14.8835700,0 104.9875817,14.8836167,0 104.9876183,14.8839800,0 104.9877000,14.8840500,0 104.9880183,14.8840433,0</coordinates></LinearRing></outerBoundaryIs></Polygon></MultiGeometry>
    </Placemark>
    <Placemark>
      <name>340708103004</name>
      <description><![CDATA[<div style='font-family:Tahoma,sans-serif; font-size:13px;'><h3 style='color:#1565C0; margin:4px 0;'>รหัสแปลง: 340708103004</h3><p style='margin:2px 0;'><b>กลุ่มคิว:</b> 02_001</p><table border='1' style='border-collapse:collapse; border-color:#ccc; width:100%;'><tr><td style='padding:3px 6px; font-weight:bold; background-color:#f2f2f2;'>รหัสกลุ่มคิว</td><td style='padding:3px 6px;'>02/001</td></tr><tr><td style='padding:3px 6px; font-weight:bold; background-color:#f2f2f2;'>รหัสรับเหมา</td><td style='padding:3px 6px;'>738889</td></tr><tr><td style='padding:3px 6px; font-weight:bold; background-color:#f2f2f2;'>ชื่อ-สกุล รับเหมา</td><td style='padding:3px 6px;'>รถตัดโรงงานเบอร์ 15</td></tr><tr><td style='padding:3px 6px; font-weight:bold; background-color:#f2f2f2;'>นักเกษตร</td><td style='padding:3px 6px;'>0010</td></tr><tr><td style='padding:3px 6px; font-weight:bold; background-color:#f2f2f2;'>ศูนย์</td><td style='padding:3px 6px;'>K2-02</td></tr><tr><td style='padding:3px 6px; font-weight:bold; background-color:#f2f2f2;'>โควตา</td><td style='padding:3px 6px;'>912686</td></tr><tr><td style='padding:3px 6px; font-weight:bold; background-color:#f2f2f2;'>ชาวไร่</td><td style='padding:3px 6px;'>นาย ถวัลย์ วันนา</td></tr><tr><td style='padding:3px 6px; font-weight:bold; background-color:#f2f2f2;'>ประเภทอ้อย</td><td style='padding:3px 6px;'>ตอ1</td></tr><tr><td style='padding:3px 6px; font-weight:bold; background-color:#f2f2f2;'>พื้นที่</td><td style='padding:3px 6px;'>7.42</td></tr><tr><td style='padding:3px 6px; font-weight:bold; background-color:#f2f2f2;'>ตันรวม</td><td style='padding:3px 6px;'>66.78</td></tr><tr><td style='padding:3px 6px; font-weight:bold; background-color:#f2f2f2;'>รหัสแปลง</td><td style='padding:3px 6px;'>340708103004</td></tr><tr><td style='padding:3px 6px; font-weight:bold; background-color:#f2f2f2;'>กลุ่ม</td><td style='padding:3px 6px;'>กลุ่ม_02</td></tr></table></div>]]></description>
      <styleUrl>#plotStyle</styleUrl>
      <MultiGeometry><Polygon><outerBoundaryIs><LinearRing><coordinates>104.9860496,14.8715366,0 104.9861309,14.8719247,0 104.9861936,14.8721722,0 104.9862181,14.8722503,0 104.9862860,14.8725360,0 104.9862684,14.8725992,0 104.9863825,14.8732683,0 104.9869213,14.8732094,0 104.9866707,14.8715277,0 104.9864588,14.8715035,0 104.9862124,14.8715038,0 104.9860495,14.8715362,0 104.9860496,14.8715366,0</coordinates></LinearRing></outerBoundaryIs></Polygon></MultiGeometry>
    </Placemark>
    <Placemark>
      <name>340704103008</name>
      <description><![CDATA[<div style='font-family:Tahoma,sans-serif; font-size:13px;'><h3 style='color:#1565C0; margin:4px 0;'>รหัสแปลง: 340704103008</h3><p style='margin:2px 0;'><b>กลุ่มคิว:</b> 02_001</p><table border='1' style='border-collapse:collapse; border-color:#ccc; width:100%;'><tr><td style='padding:3px 6px; font-weight:bold; background-color:#f2f2f2;'>รหัสกลุ่มคิว</td><td style='padding:3px 6px;'>02/001</td></tr><tr><td style='padding:3px 6px; font-weight:bold; background-color:#f2f2f2;'>รหัสรับเหมา</td><td style='padding:3px 6px;'>738889</td></tr><tr><td style='padding:3px 6px; font-weight:bold; background-color:#f2f2f2;'>ชื่อ-สกุล รับเหมา</td><td style='padding:3px 6px;'>รถตัดโรงงานเบอร์ 15</td></tr><tr><td style='padding:3px 6px; font-weight:bold; background-color:#f2f2f2;'>นักเกษตร</td><td style='padding:3px 6px;'>0010</td></tr><tr><td style='padding:3px 6px; font-weight:bold; background-color:#f2f2f2;'>ศูนย์</td><td style='padding:3px 6px;'>K2-02</td></tr><tr><td style='padding:3px 6px; font-weight:bold; background-color:#f2f2f2;'>โควตา</td><td style='padding:3px 6px;'>911516</td></tr><tr><td style='padding:3px 6px; font-weight:bold; background-color:#f2f2f2;'>ชาวไร่</td><td style='padding:3px 6px;'>นาย พรณรงค์ ลิ้มวงษ์ทอง</td></tr><tr><td style='padding:3px 6px; font-weight:bold; background-color:#f2f2f2;'>ประเภทอ้อย</td><td style='padding:3px 6px;'>ปลายฝน</td></tr><tr><td style='padding:3px 6px; font-weight:bold; background-color:#f2f2f2;'>พื้นที่</td><td style='padding:3px 6px;'>6.84</td></tr><tr><td style='padding:3px 6px; font-weight:bold; background-color:#f2f2f2;'>ตันรวม</td><td style='padding:3px 6px;'>88.92</td></tr><tr><td style='padding:3px 6px; font-weight:bold; background-color:#f2f2f2;'>รหัสแปลง</td><td style='padding:3px 6px;'>340704103008</td></tr><tr><td style='padding:3px 6px; font-weight:bold; background-color:#f2f2f2;'>กลุ่ม</td><td style='padding:3px 6px;'>กลุ่ม_02</td></tr></table></div>]]></description>
      <styleUrl>#plotStyle</styleUrl>
      <MultiGeometry><Polygon><outerBoundaryIs><LinearRing><coordinates>104.9731817,14.9349200,0 104.9734173,14.9333029,0 104.9729200,14.9333192,0 104.9726564,14.9333406,0 104.9726783,14.9345383,0 104.9731817,14.9349200,0</coordinates></LinearRing></outerBoundaryIs></Polygon></MultiGeometry>
    </Placemark>
    <Placemark>
      <name>340704103009</name>
      <description><![CDATA[<div style='font-family:Tahoma,sans-serif; font-size:13px;'><h3 style='color:#1565C0; margin:4px 0;'>รหัสแปลง: 340704103009</h3><p style='margin:2px 0;'><b>กลุ่มคิว:</b> 02_001</p><table border='1' style='border-collapse:collapse; border-color:#ccc; width:100%;'><tr><td style='padding:3px 6px; font-weight:bold; background-color:#f2f2f2;'>รหัสกลุ่มคิว</td><td style='padding:3px 6px;'>02/001</td></tr><tr><td style='padding:3px 6px; font-weight:bold; background-color:#f2f2f2;'>รหัสรับเหมา</td><td style='padding:3px 6px;'>738889</td></tr><tr><td style='padding:3px 6px; font-weight:bold; background-color:#f2f2f2;'>ชื่อ-สกุล รับเหมา</td><td style='padding:3px 6px;'>รถตัดโรงงานเบอร์ 15</td></tr><tr><td style='padding:3px 6px; font-weight:bold; background-color:#f2f2f2;'>นักเกษตร</td><td style='padding:3px 6px;'>0010</td></tr><tr><td style='padding:3px 6px; font-weight:bold; background-color:#f2f2f2;'>ศูนย์</td><td style='padding:3px 6px;'>K2-02</td></tr><tr><td style='padding:3px 6px; font-weight:bold; background-color:#f2f2f2;'>โควตา</td><td style='padding:3px 6px;'>911516</td></tr><tr><td style='padding:3px 6px; font-weight:bold; background-color:#f2f2f2;'>ชาวไร่</td><td style='padding:3px 6px;'>นาย พรณรงค์ ลิ้มวงษ์ทอง</td></tr><tr><td style='padding:3px 6px; font-weight:bold; background-color:#f2f2f2;'>ประเภทอ้อย</td><td style='padding:3px 6px;'>ปลายฝน</td></tr><tr><td style='padding:3px 6px; font-weight:bold; background-color:#f2f2f2;'>พื้นที่</td><td style='padding:3px 6px;'>19.3</td></tr><tr><td style='padding:3px 6px; font-weight:bold; background-color:#f2f2f2;'>ตันรวม</td><td style='padding:3px 6px;'>250.9</td></tr><tr><td style='padding:3px 6px; font-weight:bold; background-color:#f2f2f2;'>รหัสแปลง</td><td style='padding:3px 6px;'>340704103009</td></tr><tr><td style='padding:3px 6px; font-weight:bold; background-color:#f2f2f2;'>กลุ่ม</td><td style='padding:3px 6px;'>กลุ่ม_02</td></tr></table></div>]]></description>
      <styleUrl>#plotStyle</styleUrl>
      <MultiGeometry><Polygon><outerBoundaryIs><LinearRing><coordinates>104.9724398,14.9333903,0 104.9724404,14.9333895,0 104.9718939,14.9337236,0 104.9711630,14.9340349,0 104.9712556,14.9357801,0 104.9717622,14.9358395,0 104.9722669,14.9358169,0 104.9723185,14.9358176,0 104.9723061,14.9356698,0 104.9724466,14.9356388,0 104.9724599,14.9355065,0 104.9724398,14.9333903,0</coordinates></LinearRing></outerBoundaryIs></Polygon></MultiGeometry>
    </Placemark>
    <Placemark>
      <name>340704013044</name>
      <description><![CDATA[<div style='font-family:Tahoma,sans-serif; font-size:13px;'><h3 style='color:#1565C0; margin:4px 0;'>รหัสแปลง: 340704013044</h3><p style='margin:2px 0;'><b>กลุ่มคิว:</b> 02_001</p><table border='1' style='border-collapse:collapse; border-color:#ccc; width:100%;'><tr><td style='padding:3px 6px; font-weight:bold; background-color:#f2f2f2;'>รหัสกลุ่มคิว</td><td style='padding:3px 6px;'>02/001</td></tr><tr><td style='padding:3px 6px; font-weight:bold; background-color:#f2f2f2;'>รหัสรับเหมา</td><td style='padding:3px 6px;'>738889</td></tr><tr><td style='padding:3px 6px; font-weight:bold; background-color:#f2f2f2;'>ชื่อ-สกุล รับเหมา</td><td style='padding:3px 6px;'>รถตัดโรงงานเบอร์ 15</td></tr><tr><td style='padding:3px 6px; font-weight:bold; background-color:#f2f2f2;'>นักเกษตร</td><td style='padding:3px 6px;'>0010</td></tr><tr><td style='padding:3px 6px; font-weight:bold; background-color:#f2f2f2;'>ศูนย์</td><td style='padding:3px 6px;'>K2-02</td></tr><tr><td style='padding:3px 6px; font-weight:bold; background-color:#f2f2f2;'>โควตา</td><td style='padding:3px 6px;'>911516</td></tr><tr><td style='padding:3px 6px; font-weight:bold; background-color:#f2f2f2;'>ชาวไร่</td><td style='padding:3px 6px;'>นาย พรณรงค์ ลิ้มวงษ์ทอง</td></tr><tr><td style='padding:3px 6px; font-weight:bold; background-color:#f2f2f2;'>ประเภทอ้อย</td><td style='padding:3px 6px;'>ปลายฝน</td></tr><tr><td style='padding:3px 6px; font-weight:bold; background-color:#f2f2f2;'>พื้นที่</td><td style='padding:3px 6px;'>7.92</td></tr><tr><td style='padding:3px 6px; font-weight:bold; background-color:#f2f2f2;'>ตันรวม</td><td style='padding:3px 6px;'>102.96</td></tr><tr><td style='padding:3px 6px; font-weight:bold; background-color:#f2f2f2;'>รหัสแปลง</td><td style='padding:3px 6px;'>340704013044</td></tr><tr><td style='padding:3px 6px; font-weight:bold; background-color:#f2f2f2;'>กลุ่ม</td><td style='padding:3px 6px;'>กลุ่ม_02</td></tr></table></div>]]></description>
      <styleUrl>#plotStyle</styleUrl>
      <MultiGeometry><Polygon><outerBoundaryIs><LinearRing><coordinates>104.9678633,14.8969383,0 104.9671933,14.8973950,0 104.9670717,14.8975333,0 104.9670033,14.8977467,0 104.9670233,14.8978100,0 104.9671050,14.8979100,0 104.9672833,14.8979683,0 104.9673733,14.8981750,0 104.9685167,14.8976350,0 104.9683150,14.8972067,0 104.9678633,14.8969383,0</coordinates></LinearRing></outerBoundaryIs></Polygon></MultiGeometry>
    </Placemark>
    <Placemark>
      <name>321301111668</name>
      <description><![CDATA[<div style='font-family:Tahoma,sans-serif; font-size:13px;'><h3 style='color:#1565C0; margin:4px 0;'>รหัสแปลง: 321301111668</h3><p style='margin:2px 0;'><b>กลุ่มคิว:</b> 02_001</p><table border='1' style='border-collapse:collapse; border-color:#ccc; width:100%;'><tr><td style='padding:3px 6px; font-weight:bold; background-color:#f2f2f2;'>รหัสกลุ่มคิว</td><td style='padding:3px 6px;'>02/001</td></tr><tr><td style='padding:3px 6px; font-weight:bold; background-color:#f2f2f2;'>รหัสรับเหมา</td><td style='padding:3px 6px;'>738889</td></tr><tr><td style='padding:3px 6px; font-weight:bold; background-color:#f2f2f2;'>ชื่อ-สกุล รับเหมา</td><td style='padding:3px 6px;'>รถตัดโรงงานเบอร์ 15</td></tr><tr><td style='padding:3px 6px; font-weight:bold; background-color:#f2f2f2;'>นักเกษตร</td><td style='padding:3px 6px;'>0010</td></tr><tr><td style='padding:3px 6px; font-weight:bold; background-color:#f2f2f2;'>ศูนย์</td><td style='padding:3px 6px;'>K2-02</td></tr><tr><td style='padding:3px 6px; font-weight:bold; background-color:#f2f2f2;'>โควตา</td><td style='padding:3px 6px;'>720000</td></tr><tr><td style='padding:3px 6px; font-weight:bold; background-color:#f2f2f2;'>ชาวไร่</td><td style='padding:3px 6px;'>นางสาว ดาหวัน แก้วแสนเมือง</td></tr><tr><td style='padding:3px 6px; font-weight:bold; background-color:#f2f2f2;'>ประเภทอ้อย</td><td style='padding:3px 6px;'>ปลายฝน</td></tr><tr><td style='padding:3px 6px; font-weight:bold; background-color:#f2f2f2;'>พื้นที่</td><td style='padding:3px 6px;'>7.62</td></tr><tr><td style='padding:3px 6px; font-weight:bold; background-color:#f2f2f2;'>ตันรวม</td><td style='padding:3px 6px;'>99.06</td></tr><tr><td style='padding:3px 6px; font-weight:bold; background-color:#f2f2f2;'>รหัสแปลง</td><td style='padding:3px 6px;'>321301111668</td></tr><tr><td style='padding:3px 6px; font-weight:bold; background-color:#f2f2f2;'>กลุ่ม</td><td style='padding:3px 6px;'>กลุ่ม_02</td></tr></table></div>]]></description>
      <styleUrl>#plotStyle</styleUrl>
      <MultiGeometry><Polygon><outerBoundaryIs><LinearRing><coordinates>103.9086891,14.5221720,0 103.9115004,14.5219189,0 103.9116153,14.5216370,0 103.9104854,14.5216359,0 103.9102913,14.5216189,0 103.9098771,14.5216675,0 103.9086680,14.5218668,0 103.9086836,14.5221592,0 103.9086891,14.5221720,0</coordinates></LinearRing></outerBoundaryIs></Polygon></MultiGeometry>
    </Placemark>
    <Placemark>
      <name>341511093008</name>
      <description><![CDATA[<div style='font-family:Tahoma,sans-serif; font-size:13px;'><h3 style='color:#1565C0; margin:4px 0;'>รหัสแปลง: 341511093008</h3><p style='margin:2px 0;'><b>กลุ่มคิว:</b> 02_001</p><table border='1' style='border-collapse:collapse; border-color:#ccc; width:100%;'><tr><td style='padding:3px 6px; font-weight:bold; background-color:#f2f2f2;'>รหัสกลุ่มคิว</td><td style='padding:3px 6px;'>02/001</td></tr><tr><td style='padding:3px 6px; font-weight:bold; background-color:#f2f2f2;'>รหัสรับเหมา</td><td style='padding:3px 6px;'>738889</td></tr><tr><td style='padding:3px 6px; font-weight:bold; background-color:#f2f2f2;'>ชื่อ-สกุล รับเหมา</td><td style='padding:3px 6px;'>รถตัดโรงงานเบอร์ 15</td></tr><tr><td style='padding:3px 6px; font-weight:bold; background-color:#f2f2f2;'>นักเกษตร</td><td style='padding:3px 6px;'>0010</td></tr><tr><td style='padding:3px 6px; font-weight:bold; background-color:#f2f2f2;'>ศูนย์</td><td style='padding:3px 6px;'>K2-02</td></tr><tr><td style='padding:3px 6px; font-weight:bold; background-color:#f2f2f2;'>โควตา</td><td style='padding:3px 6px;'>931048</td></tr><tr><td style='padding:3px 6px; font-weight:bold; background-color:#f2f2f2;'>ชาวไร่</td><td style='padding:3px 6px;'>นาย ทองปาน พันแสนแก้ว</td></tr><tr><td style='padding:3px 6px; font-weight:bold; background-color:#f2f2f2;'>ประเภทอ้อย</td><td style='padding:3px 6px;'>ปลายฝน</td></tr><tr><td style='padding:3px 6px; font-weight:bold; background-color:#f2f2f2;'>พื้นที่</td><td style='padding:3px 6px;'>22.71</td></tr><tr><td style='padding:3px 6px; font-weight:bold; background-color:#f2f2f2;'>ตันรวม</td><td style='padding:3px 6px;'>295.23</td></tr><tr><td style='padding:3px 6px; font-weight:bold; background-color:#f2f2f2;'>รหัสแปลง</td><td style='padding:3px 6px;'>341511093008</td></tr><tr><td style='padding:3px 6px; font-weight:bold; background-color:#f2f2f2;'>กลุ่ม</td><td style='padding:3px 6px;'>กลุ่ม_02</td></tr></table></div>]]></description>
      <styleUrl>#plotStyle</styleUrl>
      <MultiGeometry><Polygon><outerBoundaryIs><LinearRing><coordinates>104.7503523,15.1234815,0 104.7503587,15.1235894,0 104.7490854,15.1236471,0 104.7490068,15.1238150,0 104.7486096,15.1239729,0 104.7489206,15.1250202,0 104.7490887,15.1250660,0 104.7507851,15.1245503,0 104.7507979,15.1236067,0 104.7503807,15.1236156,0 104.7503833,15.1236000,0 104.7507982,15.1235842,0 104.7508168,15.1221998,0 104.7503906,15.1222072,0 104.7503523,15.1234815,0</coordinates></LinearRing></outerBoundaryIs></Polygon></MultiGeometry>
    </Placemark>
    <Placemark>
      <name>321301111676</name>
      <description><![CDATA[<div style='font-family:Tahoma,sans-serif; font-size:13px;'><h3 style='color:#1565C0; margin:4px 0;'>รหัสแปลง: 321301111676</h3><p style='margin:2px 0;'><b>กลุ่มคิว:</b> 02_001</p><table border='1' style='border-collapse:collapse; border-color:#ccc; width:100%;'><tr><td style='padding:3px 6px; font-weight:bold; background-color:#f2f2f2;'>รหัสกลุ่มคิว</td><td style='padding:3px 6px;'>02/001</td></tr><tr><td style='padding:3px 6px; font-weight:bold; background-color:#f2f2f2;'>รหัสรับเหมา</td><td style='padding:3px 6px;'>738889</td></tr><tr><td style='padding:3px 6px; font-weight:bold; background-color:#f2f2f2;'>ชื่อ-สกุล รับเหมา</td><td style='padding:3px 6px;'>รถตัดโรงงานเบอร์ 15</td></tr><tr><td style='padding:3px 6px; font-weight:bold; background-color:#f2f2f2;'>นักเกษตร</td><td style='padding:3px 6px;'>0010</td></tr><tr><td style='padding:3px 6px; font-weight:bold; background-color:#f2f2f2;'>ศูนย์</td><td style='padding:3px 6px;'>K2-02</td></tr><tr><td style='padding:3px 6px; font-weight:bold; background-color:#f2f2f2;'>โควตา</td><td style='padding:3px 6px;'>720000</td></tr><tr><td style='padding:3px 6px; font-weight:bold; background-color:#f2f2f2;'>ชาวไร่</td><td style='padding:3px 6px;'>นางสาว ดาหวัน แก้วแสนเมือง</td></tr><tr><td style='padding:3px 6px; font-weight:bold; background-color:#f2f2f2;'>ประเภทอ้อย</td><td style='padding:3px 6px;'>ตอ6</td></tr><tr><td style='padding:3px 6px; font-weight:bold; background-color:#f2f2f2;'>พื้นที่</td><td style='padding:3px 6px;'>11.71</td></tr><tr><td style='padding:3px 6px; font-weight:bold; background-color:#f2f2f2;'>ตันรวม</td><td style='padding:3px 6px;'>81.97</td></tr><tr><td style='padding:3px 6px; font-weight:bold; background-color:#f2f2f2;'>รหัสแปลง</td><td style='padding:3px 6px;'>321301111676</td></tr><tr><td style='padding:3px 6px; font-weight:bold; background-color:#f2f2f2;'>กลุ่ม</td><td style='padding:3px 6px;'>กลุ่ม_02</td></tr></table></div>]]></description>
      <styleUrl>#plotStyle</styleUrl>
      <MultiGeometry><Polygon><outerBoundaryIs><LinearRing><coordinates>103.9136015,14.5240896,0 103.9128342,14.5239900,0 103.9128195,14.5239991,0 103.9127927,14.5240350,0 103.9127652,14.5240432,0 103.9127468,14.5240468,0 103.9127247,14.5240618,0 103.9127000,14.5240927,0 103.9125328,14.5245309,0 103.9124571,14.5249049,0 103.9123648,14.5251649,0 103.9123152,14.5253341,0 103.9124761,14.5254570,0 103.9133375,14.5257740,0 103.9136015,14.5240896,0</coordinates></LinearRing></outerBoundaryIs></Polygon></MultiGeometry>
    </Placemark>
    <Placemark>
      <name>340704020004</name>
      <description><![CDATA[<div style='font-family:Tahoma,sans-serif; font-size:13px;'><h3 style='color:#1565C0; margin:4px 0;'>รหัสแปลง: 340704020004</h3><p style='margin:2px 0;'><b>กลุ่มคิว:</b> 02_001</p><table border='1' style='border-collapse:collapse; border-color:#ccc; width:100%;'><tr><td style='padding:3px 6px; font-weight:bold; background-color:#f2f2f2;'>รหัสกลุ่มคิว</td><td style='padding:3px 6px;'>02/001</td></tr><tr><td style='padding:3px 6px; font-weight:bold; background-color:#f2f2f2;'>รหัสรับเหมา</td><td style='padding:3px 6px;'>738889</td></tr><tr><td style='padding:3px 6px; font-weight:bold; background-color:#f2f2f2;'>ชื่อ-สกุล รับเหมา</td><td style='padding:3px 6px;'>รถตัดโรงงานเบอร์ 15</td></tr><tr><td style='padding:3px 6px; font-weight:bold; background-color:#f2f2f2;'>นักเกษตร</td><td style='padding:3px 6px;'>0010</td></tr><tr><td style='padding:3px 6px; font-weight:bold; background-color:#f2f2f2;'>ศูนย์</td><td style='padding:3px 6px;'>K2-02</td></tr><tr><td style='padding:3px 6px; font-weight:bold; background-color:#f2f2f2;'>โควตา</td><td style='padding:3px 6px;'>912502</td></tr><tr><td style='padding:3px 6px; font-weight:bold; background-color:#f2f2f2;'>ชาวไร่</td><td style='padding:3px 6px;'>นาย คำพร ปามุทา</td></tr><tr><td style='padding:3px 6px; font-weight:bold; background-color:#f2f2f2;'>ประเภทอ้อย</td><td style='padding:3px 6px;'>ตอ1</td></tr><tr><td style='padding:3px 6px; font-weight:bold; background-color:#f2f2f2;'>พื้นที่</td><td style='padding:3px 6px;'>5.13</td></tr><tr><td style='padding:3px 6px; font-weight:bold; background-color:#f2f2f2;'>ตันรวม</td><td style='padding:3px 6px;'>46.17</td></tr><tr><td style='padding:3px 6px; font-weight:bold; background-color:#f2f2f2;'>รหัสแปลง</td><td style='padding:3px 6px;'>340704020004</td></tr><tr><td style='padding:3px 6px; font-weight:bold; background-color:#f2f2f2;'>กลุ่ม</td><td style='padding:3px 6px;'>กลุ่ม_02</td></tr></table></div>]]></description>
      <styleUrl>#plotStyle</styleUrl>
      <MultiGeometry><Polygon><outerBoundaryIs><LinearRing><coordinates>104.9869927,14.8826618,0 104.9869890,14.8826653,0 104.9869851,14.8826648,0 104.9870945,14.8832350,0 104.9871348,14.8835167,0 104.9871794,14.8841258,0 104.9875861,14.8840716,0 104.9875906,14.8840648,0 104.9875980,14.8840018,0 104.9875388,14.8826320,0 104.9869927,14.8826618,0</coordinates></LinearRing></outerBoundaryIs></Polygon></MultiGeometry>
    </Placemark>
    <Placemark>
      <name>331903083042</name>
      <description><![CDATA[<div style='font-family:Tahoma,sans-serif; font-size:13px;'><h3 style='color:#1565C0; margin:4px 0;'>รหัสแปลง: 331903083042</h3><p style='margin:2px 0;'><b>กลุ่มคิว:</b> 02_001</p><table border='1' style='border-collapse:collapse; border-color:#ccc; width:100%;'><tr><td style='padding:3px 6px; font-weight:bold; background-color:#f2f2f2;'>รหัสกลุ่มคิว</td><td style='padding:3px 6px;'>02/001</td></tr><tr><td style='padding:3px 6px; font-weight:bold; background-color:#f2f2f2;'>รหัสรับเหมา</td><td style='padding:3px 6px;'>738889</td></tr><tr><td style='padding:3px 6px; font-weight:bold; background-color:#f2f2f2;'>ชื่อ-สกุล รับเหมา</td><td style='padding:3px 6px;'>รถตัดโรงงานเบอร์ 15</td></tr><tr><td style='padding:3px 6px; font-weight:bold; background-color:#f2f2f2;'>นักเกษตร</td><td style='padding:3px 6px;'>0010</td></tr><tr><td style='padding:3px 6px; font-weight:bold; background-color:#f2f2f2;'>ศูนย์</td><td style='padding:3px 6px;'>K2-02</td></tr><tr><td style='padding:3px 6px; font-weight:bold; background-color:#f2f2f2;'>โควตา</td><td style='padding:3px 6px;'>910147</td></tr><tr><td style='padding:3px 6px; font-weight:bold; background-color:#f2f2f2;'>ชาวไร่</td><td style='padding:3px 6px;'>นาย วิลัย นะวัน</td></tr><tr><td style='padding:3px 6px; font-weight:bold; background-color:#f2f2f2;'>ประเภทอ้อย</td><td style='padding:3px 6px;'>ตอ2</td></tr><tr><td style='padding:3px 6px; font-weight:bold; background-color:#f2f2f2;'>พื้นที่</td><td style='padding:3px 6px;'>16.93</td></tr><tr><td style='padding:3px 6px; font-weight:bold; background-color:#f2f2f2;'>ตันรวม</td><td style='padding:3px 6px;'>135.44</td></tr><tr><td style='padding:3px 6px; font-weight:bold; background-color:#f2f2f2;'>รหัสแปลง</td><td style='padding:3px 6px;'>331903083042</td></tr><tr><td style='padding:3px 6px; font-weight:bold; background-color:#f2f2f2;'>กลุ่ม</td><td style='padding:3px 6px;'>กลุ่ม_02</td></tr></table></div>]]></description>
      <styleUrl>#plotStyle</styleUrl>
      <MultiGeometry><Polygon><outerBoundaryIs><LinearRing><coordinates>104.7526633,14.8280600,0 104.7527283,14.8280617,0 104.7528667,14.8280300,0 104.7527783,14.8277383,0 104.7527567,14.8275000,0 104.7520050,14.8271767,0 104.7520683,14.8269950,0 104.7516650,14.8267650,0 104.7506633,14.8270283,0 104.7510417,14.8283650,0 104.7526633,14.8280600,0</coordinates></LinearRing></outerBoundaryIs></Polygon></MultiGeometry>
    </Placemark>
    <Placemark>
      <name>321301021584</name>
      <description><![CDATA[<div style='font-family:Tahoma,sans-serif; font-size:13px;'><h3 style='color:#1565C0; margin:4px 0;'>รหัสแปลง: 321301021584</h3><p style='margin:2px 0;'><b>กลุ่มคิว:</b> 02_001</p><table border='1' style='border-collapse:collapse; border-color:#ccc; width:100%;'><tr><td style='padding:3px 6px; font-weight:bold; background-color:#f2f2f2;'>รหัสกลุ่มคิว</td><td style='padding:3px 6px;'>02/001</td></tr><tr><td style='padding:3px 6px; font-weight:bold; background-color:#f2f2f2;'>รหัสรับเหมา</td><td style='padding:3px 6px;'>738889</td></tr><tr><td style='padding:3px 6px; font-weight:bold; background-color:#f2f2f2;'>ชื่อ-สกุล รับเหมา</td><td style='padding:3px 6px;'>รถตัดโรงงานเบอร์ 15</td></tr><tr><td style='padding:3px 6px; font-weight:bold; background-color:#f2f2f2;'>นักเกษตร</td><td style='padding:3px 6px;'>0010</td></tr><tr><td style='padding:3px 6px; font-weight:bold; background-color:#f2f2f2;'>ศูนย์</td><td style='padding:3px 6px;'>K2-02</td></tr><tr><td style='padding:3px 6px; font-weight:bold; background-color:#f2f2f2;'>โควตา</td><td style='padding:3px 6px;'>712866</td></tr><tr><td style='padding:3px 6px; font-weight:bold; background-color:#f2f2f2;'>ชาวไร่</td><td style='padding:3px 6px;'>นาย จักพงษ์ สุวาสุนะ</td></tr><tr><td style='padding:3px 6px; font-weight:bold; background-color:#f2f2f2;'>ประเภทอ้อย</td><td style='padding:3px 6px;'>ปลายฝน</td></tr><tr><td style='padding:3px 6px; font-weight:bold; background-color:#f2f2f2;'>พื้นที่</td><td style='padding:3px 6px;'>14.09</td></tr><tr><td style='padding:3px 6px; font-weight:bold; background-color:#f2f2f2;'>ตันรวม</td><td style='padding:3px 6px;'>183.17</td></tr><tr><td style='padding:3px 6px; font-weight:bold; background-color:#f2f2f2;'>รหัสแปลง</td><td style='padding:3px 6px;'>321301021584</td></tr><tr><td style='padding:3px 6px; font-weight:bold; background-color:#f2f2f2;'>กลุ่ม</td><td style='padding:3px 6px;'>กลุ่ม_02</td></tr></table></div>]]></description>
      <styleUrl>#plotStyle</styleUrl>
      <MultiGeometry><Polygon><outerBoundaryIs><LinearRing><coordinates>103.9193073,14.5199368,0 103.9191879,14.5193433,0 103.9164304,14.5198383,0 103.9164724,14.5205566,0 103.9193073,14.5199368,0</coordinates></LinearRing></outerBoundaryIs></Polygon></MultiGeometry>
    </Placemark>
    <Placemark>
      <name>320504131739</name>
      <description><![CDATA[<div style='font-family:Tahoma,sans-serif; font-size:13px;'><h3 style='color:#1565C0; margin:4px 0;'>รหัสแปลง: 320504131739</h3><p style='margin:2px 0;'><b>กลุ่มคิว:</b> 02_001</p><table border='1' style='border-collapse:collapse; border-color:#ccc; width:100%;'><tr><td style='padding:3px 6px; font-weight:bold; background-color:#f2f2f2;'>รหัสกลุ่มคิว</td><td style='padding:3px 6px;'>02/001</td></tr><tr><td style='padding:3px 6px; font-weight:bold; background-color:#f2f2f2;'>รหัสรับเหมา</td><td style='padding:3px 6px;'>738889</td></tr><tr><td style='padding:3px 6px; font-weight:bold; background-color:#f2f2f2;'>ชื่อ-สกุล รับเหมา</td><td style='padding:3px 6px;'>รถตัดโรงงานเบอร์ 15</td></tr><tr><td style='padding:3px 6px; font-weight:bold; background-color:#f2f2f2;'>นักเกษตร</td><td style='padding:3px 6px;'>0010</td></tr><tr><td style='padding:3px 6px; font-weight:bold; background-color:#f2f2f2;'>ศูนย์</td><td style='padding:3px 6px;'>K2-02</td></tr><tr><td style='padding:3px 6px; font-weight:bold; background-color:#f2f2f2;'>โควตา</td><td style='padding:3px 6px;'>720000</td></tr><tr><td style='padding:3px 6px; font-weight:bold; background-color:#f2f2f2;'>ชาวไร่</td><td style='padding:3px 6px;'>นางสาว ดาหวัน แก้วแสนเมือง</td></tr><tr><td style='padding:3px 6px; font-weight:bold; background-color:#f2f2f2;'>ประเภทอ้อย</td><td style='padding:3px 6px;'>ปลายฝน</td></tr><tr><td style='padding:3px 6px; font-weight:bold; background-color:#f2f2f2;'>พื้นที่</td><td style='padding:3px 6px;'>1.79</td></tr><tr><td style='padding:3px 6px; font-weight:bold; background-color:#f2f2f2;'>ตันรวม</td><td style='padding:3px 6px;'>23.27</td></tr><tr><td style='padding:3px 6px; font-weight:bold; background-color:#f2f2f2;'>รหัสแปลง</td><td style='padding:3px 6px;'>320504131739</td></tr><tr><td style='padding:3px 6px; font-weight:bold; background-color:#f2f2f2;'>กลุ่ม</td><td style='padding:3px 6px;'>กลุ่ม_02</td></tr></table></div>]]></description>
      <styleUrl>#plotStyle</styleUrl>
      <MultiGeometry><Polygon><outerBoundaryIs><LinearRing><coordinates>103.3457951,14.5797584,0 103.3451478,14.5797439,0 103.3451368,14.5801072,0 103.3457597,14.5801478,0 103.3457951,14.5797584,0</coordinates></LinearRing></outerBoundaryIs></Polygon></MultiGeometry>
    </Placemark>
    <Placemark>
      <name>340706123008</name>
      <description><![CDATA[<div style='font-family:Tahoma,sans-serif; font-size:13px;'><h3 style='color:#1565C0; margin:4px 0;'>รหัสแปลง: 340706123008</h3><p style='margin:2px 0;'><b>กลุ่มคิว:</b> 02_001</p><table border='1' style='border-collapse:collapse; border-color:#ccc; width:100%;'><tr><td style='padding:3px 6px; font-weight:bold; background-color:#f2f2f2;'>รหัสกลุ่มคิว</td><td style='padding:3px 6px;'>02/001</td></tr><tr><td style='padding:3px 6px; font-weight:bold; background-color:#f2f2f2;'>รหัสรับเหมา</td><td style='padding:3px 6px;'>738889</td></tr><tr><td style='padding:3px 6px; font-weight:bold; background-color:#f2f2f2;'>ชื่อ-สกุล รับเหมา</td><td style='padding:3px 6px;'>รถตัดโรงงานเบอร์ 15</td></tr><tr><td style='padding:3px 6px; font-weight:bold; background-color:#f2f2f2;'>นักเกษตร</td><td style='padding:3px 6px;'>0010</td></tr><tr><td style='padding:3px 6px; font-weight:bold; background-color:#f2f2f2;'>ศูนย์</td><td style='padding:3px 6px;'>K2-02</td></tr><tr><td style='padding:3px 6px; font-weight:bold; background-color:#f2f2f2;'>โควตา</td><td style='padding:3px 6px;'>910581</td></tr><tr><td style='padding:3px 6px; font-weight:bold; background-color:#f2f2f2;'>ชาวไร่</td><td style='padding:3px 6px;'>นาย สุวิชัย คำตัน</td></tr><tr><td style='padding:3px 6px; font-weight:bold; background-color:#f2f2f2;'>ประเภทอ้อย</td><td style='padding:3px 6px;'>ตอ2</td></tr><tr><td style='padding:3px 6px; font-weight:bold; background-color:#f2f2f2;'>พื้นที่</td><td style='padding:3px 6px;'>24.03</td></tr><tr><td style='padding:3px 6px; font-weight:bold; background-color:#f2f2f2;'>ตันรวม</td><td style='padding:3px 6px;'>192.24</td></tr><tr><td style='padding:3px 6px; font-weight:bold; background-color:#f2f2f2;'>รหัสแปลง</td><td style='padding:3px 6px;'>340706123008</td></tr><tr><td style='padding:3px 6px; font-weight:bold; background-color:#f2f2f2;'>กลุ่ม</td><td style='padding:3px 6px;'>กลุ่ม_02</td></tr></table></div>]]></description>
      <styleUrl>#plotStyle</styleUrl>
      <MultiGeometry><Polygon><outerBoundaryIs><LinearRing><coordinates>104.8613533,14.8379683,0 104.8615983,14.8392367,0 104.8616617,14.8396417,0 104.8618583,14.8396283,0 104.8618533,14.8377933,0 104.8618583,14.8373667,0 104.8613683,14.8352217,0 104.8610917,14.8344400,0 104.8599967,14.8346717,0 104.8603267,14.8354450,0 104.8607250,14.8353700,0 104.8613533,14.8379683,0</coordinates></LinearRing></outerBoundaryIs></Polygon></MultiGeometry>
    </Placemark>
    <Placemark>
      <name>321301111697</name>
      <description><![CDATA[<div style='font-family:Tahoma,sans-serif; font-size:13px;'><h3 style='color:#1565C0; margin:4px 0;'>รหัสแปลง: 321301111697</h3><p style='margin:2px 0;'><b>กลุ่มคิว:</b> 02_001</p><table border='1' style='border-collapse:collapse; border-color:#ccc; width:100%;'><tr><td style='padding:3px 6px; font-weight:bold; background-color:#f2f2f2;'>รหัสกลุ่มคิว</td><td style='padding:3px 6px;'>02/001</td></tr><tr><td style='padding:3px 6px; font-weight:bold; background-color:#f2f2f2;'>รหัสรับเหมา</td><td style='padding:3px 6px;'>738889</td></tr><tr><td style='padding:3px 6px; font-weight:bold; background-color:#f2f2f2;'>ชื่อ-สกุล รับเหมา</td><td style='padding:3px 6px;'>รถตัดโรงงานเบอร์ 15</td></tr><tr><td style='padding:3px 6px; font-weight:bold; background-color:#f2f2f2;'>นักเกษตร</td><td style='padding:3px 6px;'>0010</td></tr><tr><td style='padding:3px 6px; font-weight:bold; background-color:#f2f2f2;'>ศูนย์</td><td style='padding:3px 6px;'>K2-02</td></tr><tr><td style='padding:3px 6px; font-weight:bold; background-color:#f2f2f2;'>โควตา</td><td style='padding:3px 6px;'>773000</td></tr><tr><td style='padding:3px 6px; font-weight:bold; background-color:#f2f2f2;'>ชาวไร่</td><td style='padding:3px 6px;'>นาย ฐิติโชติ มิ่งแก้ว</td></tr><tr><td style='padding:3px 6px; font-weight:bold; background-color:#f2f2f2;'>ประเภทอ้อย</td><td style='padding:3px 6px;'>ตอ3</td></tr><tr><td style='padding:3px 6px; font-weight:bold; background-color:#f2f2f2;'>พื้นที่</td><td style='padding:3px 6px;'>33.95</td></tr><tr><td style='padding:3px 6px; font-weight:bold; background-color:#f2f2f2;'>ตันรวม</td><td style='padding:3px 6px;'>237.65</td></tr><tr><td style='padding:3px 6px; font-weight:bold; background-color:#f2f2f2;'>รหัสแปลง</td><td style='padding:3px 6px;'>321301111697</td></tr><tr><td style='padding:3px 6px; font-weight:bold; background-color:#f2f2f2;'>กลุ่ม</td><td style='padding:3px 6px;'>กลุ่ม_02</td></tr></table></div>]]></description>
      <styleUrl>#plotStyle</styleUrl>
      <MultiGeometry><Polygon><outerBoundaryIs><LinearRing><coordinates>103.9121759,14.5166950,0 103.9127469,14.5191386,0 103.9144890,14.5189490,0 103.9139546,14.5164014,0 103.9121759,14.5166950,0</coordinates></LinearRing></outerBoundaryIs></Polygon></MultiGeometry>
    </Placemark>
    <Placemark>
      <name>340704083017</name>
      <description><![CDATA[<div style='font-family:Tahoma,sans-serif; font-size:13px;'><h3 style='color:#1565C0; margin:4px 0;'>รหัสแปลง: 340704083017</h3><p style='margin:2px 0;'><b>กลุ่มคิว:</b> 02_001</p><table border='1' style='border-collapse:collapse; border-color:#ccc; width:100%;'><tr><td style='padding:3px 6px; font-weight:bold; background-color:#f2f2f2;'>รหัสกลุ่มคิว</td><td style='padding:3px 6px;'>02/001</td></tr><tr><td style='padding:3px 6px; font-weight:bold; background-color:#f2f2f2;'>รหัสรับเหมา</td><td style='padding:3px 6px;'>738889</td></tr><tr><td style='padding:3px 6px; font-weight:bold; background-color:#f2f2f2;'>ชื่อ-สกุล รับเหมา</td><td style='padding:3px 6px;'>รถตัดโรงงานเบอร์ 15</td></tr><tr><td style='padding:3px 6px; font-weight:bold; background-color:#f2f2f2;'>นักเกษตร</td><td style='padding:3px 6px;'>0010</td></tr><tr><td style='padding:3px 6px; font-weight:bold; background-color:#f2f2f2;'>ศูนย์</td><td style='padding:3px 6px;'>K2-02</td></tr><tr><td style='padding:3px 6px; font-weight:bold; background-color:#f2f2f2;'>โควตา</td><td style='padding:3px 6px;'>911516</td></tr><tr><td style='padding:3px 6px; font-weight:bold; background-color:#f2f2f2;'>ชาวไร่</td><td style='padding:3px 6px;'>นาย พรณรงค์ ลิ้มวงษ์ทอง</td></tr><tr><td style='padding:3px 6px; font-weight:bold; background-color:#f2f2f2;'>ประเภทอ้อย</td><td style='padding:3px 6px;'>ปลายฝน</td></tr><tr><td style='padding:3px 6px; font-weight:bold; background-color:#f2f2f2;'>พื้นที่</td><td style='padding:3px 6px;'>7.12</td></tr><tr><td style='padding:3px 6px; font-weight:bold; background-color:#f2f2f2;'>ตันรวม</td><td style='padding:3px 6px;'>92.56</td></tr><tr><td style='padding:3px 6px; font-weight:bold; background-color:#f2f2f2;'>รหัสแปลง</td><td style='padding:3px 6px;'>340704083017</td></tr><tr><td style='padding:3px 6px; font-weight:bold; background-color:#f2f2f2;'>กลุ่ม</td><td style='padding:3px 6px;'>กลุ่ม_02</td></tr></table></div>]]></description>
      <styleUrl>#plotStyle</styleUrl>
      <MultiGeometry><Polygon><outerBoundaryIs><LinearRing><coordinates>104.9665595,14.8984548,0 104.9669376,14.8982010,0 104.9667802,14.8979807,0 104.9665592,14.8981188,0 104.9660391,14.8984215,0 104.9656723,14.8985884,0 104.9650187,14.8988160,0 104.9647267,14.8989292,0 104.9648315,14.8995795,0 104.9665595,14.8984548,0</coordinates></LinearRing></outerBoundaryIs></Polygon></MultiGeometry>
    </Placemark>
    <Placemark>
      <name>321301111705</name>
      <description><![CDATA[<div style='font-family:Tahoma,sans-serif; font-size:13px;'><h3 style='color:#1565C0; margin:4px 0;'>รหัสแปลง: 321301111705</h3><p style='margin:2px 0;'><b>กลุ่มคิว:</b> 02_001</p><table border='1' style='border-collapse:collapse; border-color:#ccc; width:100%;'><tr><td style='padding:3px 6px; font-weight:bold; background-color:#f2f2f2;'>รหัสกลุ่มคิว</td><td style='padding:3px 6px;'>02/001</td></tr><tr><td style='padding:3px 6px; font-weight:bold; background-color:#f2f2f2;'>รหัสรับเหมา</td><td style='padding:3px 6px;'>738889</td></tr><tr><td style='padding:3px 6px; font-weight:bold; background-color:#f2f2f2;'>ชื่อ-สกุล รับเหมา</td><td style='padding:3px 6px;'>รถตัดโรงงานเบอร์ 15</td></tr><tr><td style='padding:3px 6px; font-weight:bold; background-color:#f2f2f2;'>นักเกษตร</td><td style='padding:3px 6px;'>0010</td></tr><tr><td style='padding:3px 6px; font-weight:bold; background-color:#f2f2f2;'>ศูนย์</td><td style='padding:3px 6px;'>K2-02</td></tr><tr><td style='padding:3px 6px; font-weight:bold; background-color:#f2f2f2;'>โควตา</td><td style='padding:3px 6px;'>720000</td></tr><tr><td style='padding:3px 6px; font-weight:bold; background-color:#f2f2f2;'>ชาวไร่</td><td style='padding:3px 6px;'>นางสาว ดาหวัน แก้วแสนเมือง</td></tr><tr><td style='padding:3px 6px; font-weight:bold; background-color:#f2f2f2;'>ประเภทอ้อย</td><td style='padding:3px 6px;'>ตอ1</td></tr><tr><td style='padding:3px 6px; font-weight:bold; background-color:#f2f2f2;'>พื้นที่</td><td style='padding:3px 6px;'>2.23</td></tr><tr><td style='padding:3px 6px; font-weight:bold; background-color:#f2f2f2;'>ตันรวม</td><td style='padding:3px 6px;'>20.07</td></tr><tr><td style='padding:3px 6px; font-weight:bold; background-color:#f2f2f2;'>รหัสแปลง</td><td style='padding:3px 6px;'>321301111705</td></tr><tr><td style='padding:3px 6px; font-weight:bold; background-color:#f2f2f2;'>กลุ่ม</td><td style='padding:3px 6px;'>กลุ่ม_02</td></tr></table></div>]]></description>
      <styleUrl>#plotStyle</styleUrl>
      <MultiGeometry><Polygon><outerBoundaryIs><LinearRing><coordinates>103.9149810,14.5226847,0 103.9150997,14.5217977,0 103.9147578,14.5217797,0 103.9146476,14.5226257,0 103.9149810,14.5226847,0</coordinates></LinearRing></outerBoundaryIs></Polygon></MultiGeometry>
    </Placemark>
    <Placemark>
      <name>341511093009</name>
      <description><![CDATA[<div style='font-family:Tahoma,sans-serif; font-size:13px;'><h3 style='color:#1565C0; margin:4px 0;'>รหัสแปลง: 341511093009</h3><p style='margin:2px 0;'><b>กลุ่มคิว:</b> 02_001</p><table border='1' style='border-collapse:collapse; border-color:#ccc; width:100%;'><tr><td style='padding:3px 6px; font-weight:bold; background-color:#f2f2f2;'>รหัสกลุ่มคิว</td><td style='padding:3px 6px;'>02/001</td></tr><tr><td style='padding:3px 6px; font-weight:bold; background-color:#f2f2f2;'>รหัสรับเหมา</td><td style='padding:3px 6px;'>738889</td></tr><tr><td style='padding:3px 6px; font-weight:bold; background-color:#f2f2f2;'>ชื่อ-สกุล รับเหมา</td><td style='padding:3px 6px;'>รถตัดโรงงานเบอร์ 15</td></tr><tr><td style='padding:3px 6px; font-weight:bold; background-color:#f2f2f2;'>นักเกษตร</td><td style='padding:3px 6px;'>0010</td></tr><tr><td style='padding:3px 6px; font-weight:bold; background-color:#f2f2f2;'>ศูนย์</td><td style='padding:3px 6px;'>K2-02</td></tr><tr><td style='padding:3px 6px; font-weight:bold; background-color:#f2f2f2;'>โควตา</td><td style='padding:3px 6px;'>931048</td></tr><tr><td style='padding:3px 6px; font-weight:bold; background-color:#f2f2f2;'>ชาวไร่</td><td style='padding:3px 6px;'>นาย ทองปาน พันแสนแก้ว</td></tr><tr><td style='padding:3px 6px; font-weight:bold; background-color:#f2f2f2;'>ประเภทอ้อย</td><td style='padding:3px 6px;'>ปลายฝน</td></tr><tr><td style='padding:3px 6px; font-weight:bold; background-color:#f2f2f2;'>พื้นที่</td><td style='padding:3px 6px;'>3.94</td></tr><tr><td style='padding:3px 6px; font-weight:bold; background-color:#f2f2f2;'>ตันรวม</td><td style='padding:3px 6px;'>51.22</td></tr><tr><td style='padding:3px 6px; font-weight:bold; background-color:#f2f2f2;'>รหัสแปลง</td><td style='padding:3px 6px;'>341511093009</td></tr><tr><td style='padding:3px 6px; font-weight:bold; background-color:#f2f2f2;'>กลุ่ม</td><td style='padding:3px 6px;'>กลุ่ม_02</td></tr></table></div>]]></description>
      <styleUrl>#plotStyle</styleUrl>
      <MultiGeometry><Polygon><outerBoundaryIs><LinearRing><coordinates>104.7499867,15.1281417,0 104.7494100,15.1278367,0 104.7490017,15.1284967,0 104.7496033,15.1288350,0 104.7499867,15.1281417,0</coordinates></LinearRing></outerBoundaryIs></Polygon></MultiGeometry>
    </Placemark>
    <Placemark>
      <name>340704103024</name>
      <description><![CDATA[<div style='font-family:Tahoma,sans-serif; font-size:13px;'><h3 style='color:#1565C0; margin:4px 0;'>รหัสแปลง: 340704103024</h3><p style='margin:2px 0;'><b>กลุ่มคิว:</b> 02_001</p><table border='1' style='border-collapse:collapse; border-color:#ccc; width:100%;'><tr><td style='padding:3px 6px; font-weight:bold; background-color:#f2f2f2;'>รหัสกลุ่มคิว</td><td style='padding:3px 6px;'>02/001</td></tr><tr><td style='padding:3px 6px; font-weight:bold; background-color:#f2f2f2;'>รหัสรับเหมา</td><td style='padding:3px 6px;'>738889</td></tr><tr><td style='padding:3px 6px; font-weight:bold; background-color:#f2f2f2;'>ชื่อ-สกุล รับเหมา</td><td style='padding:3px 6px;'>รถตัดโรงงานเบอร์ 15</td></tr><tr><td style='padding:3px 6px; font-weight:bold; background-color:#f2f2f2;'>นักเกษตร</td><td style='padding:3px 6px;'>0010</td></tr><tr><td style='padding:3px 6px; font-weight:bold; background-color:#f2f2f2;'>ศูนย์</td><td style='padding:3px 6px;'>K2-02</td></tr><tr><td style='padding:3px 6px; font-weight:bold; background-color:#f2f2f2;'>โควตา</td><td style='padding:3px 6px;'>911516</td></tr><tr><td style='padding:3px 6px; font-weight:bold; background-color:#f2f2f2;'>ชาวไร่</td><td style='padding:3px 6px;'>นาย พรณรงค์ ลิ้มวงษ์ทอง</td></tr><tr><td style='padding:3px 6px; font-weight:bold; background-color:#f2f2f2;'>ประเภทอ้อย</td><td style='padding:3px 6px;'>ปลายฝน</td></tr><tr><td style='padding:3px 6px; font-weight:bold; background-color:#f2f2f2;'>พื้นที่</td><td style='padding:3px 6px;'>2.13</td></tr><tr><td style='padding:3px 6px; font-weight:bold; background-color:#f2f2f2;'>ตันรวม</td><td style='padding:3px 6px;'>27.69</td></tr><tr><td style='padding:3px 6px; font-weight:bold; background-color:#f2f2f2;'>รหัสแปลง</td><td style='padding:3px 6px;'>340704103024</td></tr><tr><td style='padding:3px 6px; font-weight:bold; background-color:#f2f2f2;'>กลุ่ม</td><td style='padding:3px 6px;'>กลุ่ม_02</td></tr></table></div>]]></description>
      <styleUrl>#plotStyle</styleUrl>
      <MultiGeometry><Polygon><outerBoundaryIs><LinearRing><coordinates>104.9730885,14.9332577,0 104.9727911,14.9319049,0 104.9727453,14.9318839,0 104.9727135,14.9332475,0 104.9730885,14.9332577,0</coordinates></LinearRing></outerBoundaryIs></Polygon></MultiGeometry>
    </Placemark>
    <Placemark>
      <name>340708030007</name>
      <description><![CDATA[<div style='font-family:Tahoma,sans-serif; font-size:13px;'><h3 style='color:#1565C0; margin:4px 0;'>รหัสแปลง: 340708030007</h3><p style='margin:2px 0;'><b>กลุ่มคิว:</b> 02_001</p><table border='1' style='border-collapse:collapse; border-color:#ccc; width:100%;'><tr><td style='padding:3px 6px; font-weight:bold; background-color:#f2f2f2;'>รหัสกลุ่มคิว</td><td style='padding:3px 6px;'>02/001</td></tr><tr><td style='padding:3px 6px; font-weight:bold; background-color:#f2f2f2;'>รหัสรับเหมา</td><td style='padding:3px 6px;'>738889</td></tr><tr><td style='padding:3px 6px; font-weight:bold; background-color:#f2f2f2;'>ชื่อ-สกุล รับเหมา</td><td style='padding:3px 6px;'>รถตัดโรงงานเบอร์ 15</td></tr><tr><td style='padding:3px 6px; font-weight:bold; background-color:#f2f2f2;'>นักเกษตร</td><td style='padding:3px 6px;'>0010</td></tr><tr><td style='padding:3px 6px; font-weight:bold; background-color:#f2f2f2;'>ศูนย์</td><td style='padding:3px 6px;'>K2-02</td></tr><tr><td style='padding:3px 6px; font-weight:bold; background-color:#f2f2f2;'>โควตา</td><td style='padding:3px 6px;'>912686</td></tr><tr><td style='padding:3px 6px; font-weight:bold; background-color:#f2f2f2;'>ชาวไร่</td><td style='padding:3px 6px;'>นาย ถวัลย์ วันนา</td></tr><tr><td style='padding:3px 6px; font-weight:bold; background-color:#f2f2f2;'>ประเภทอ้อย</td><td style='padding:3px 6px;'>ตอ1</td></tr><tr><td style='padding:3px 6px; font-weight:bold; background-color:#f2f2f2;'>พื้นที่</td><td style='padding:3px 6px;'>4.5</td></tr><tr><td style='padding:3px 6px; font-weight:bold; background-color:#f2f2f2;'>ตันรวม</td><td style='padding:3px 6px;'>40.5</td></tr><tr><td style='padding:3px 6px; font-weight:bold; background-color:#f2f2f2;'>รหัสแปลง</td><td style='padding:3px 6px;'>340708030007</td></tr><tr><td style='padding:3px 6px; font-weight:bold; background-color:#f2f2f2;'>กลุ่ม</td><td style='padding:3px 6px;'>กลุ่ม_02</td></tr></table></div>]]></description>
      <styleUrl>#plotStyle</styleUrl>
      <MultiGeometry><Polygon><outerBoundaryIs><LinearRing><coordinates>104.9864465,14.8735402,0 104.9867214,14.8747873,0 104.9871722,14.8745731,0 104.9870008,14.8735336,0 104.9864465,14.8735402,0</coordinates></LinearRing></outerBoundaryIs></Polygon></MultiGeometry>
    </Placemark>
    <Placemark>
      <name>321301111719</name>
      <description><![CDATA[<div style='font-family:Tahoma,sans-serif; font-size:13px;'><h3 style='color:#1565C0; margin:4px 0;'>รหัสแปลง: 321301111719</h3><p style='margin:2px 0;'><b>กลุ่มคิว:</b> 02_001</p><table border='1' style='border-collapse:collapse; border-color:#ccc; width:100%;'><tr><td style='padding:3px 6px; font-weight:bold; background-color:#f2f2f2;'>รหัสกลุ่มคิว</td><td style='padding:3px 6px;'>02/001</td></tr><tr><td style='padding:3px 6px; font-weight:bold; background-color:#f2f2f2;'>รหัสรับเหมา</td><td style='padding:3px 6px;'>738889</td></tr><tr><td style='padding:3px 6px; font-weight:bold; background-color:#f2f2f2;'>ชื่อ-สกุล รับเหมา</td><td style='padding:3px 6px;'>รถตัดโรงงานเบอร์ 15</td></tr><tr><td style='padding:3px 6px; font-weight:bold; background-color:#f2f2f2;'>นักเกษตร</td><td style='padding:3px 6px;'>0010</td></tr><tr><td style='padding:3px 6px; font-weight:bold; background-color:#f2f2f2;'>ศูนย์</td><td style='padding:3px 6px;'>K2-02</td></tr><tr><td style='padding:3px 6px; font-weight:bold; background-color:#f2f2f2;'>โควตา</td><td style='padding:3px 6px;'>773000</td></tr><tr><td style='padding:3px 6px; font-weight:bold; background-color:#f2f2f2;'>ชาวไร่</td><td style='padding:3px 6px;'>นาย ฐิติโชติ มิ่งแก้ว</td></tr><tr><td style='padding:3px 6px; font-weight:bold; background-color:#f2f2f2;'>ประเภทอ้อย</td><td style='padding:3px 6px;'>ตอ4</td></tr><tr><td style='padding:3px 6px; font-weight:bold; background-color:#f2f2f2;'>พื้นที่</td><td style='padding:3px 6px;'>8.08</td></tr><tr><td style='padding:3px 6px; font-weight:bold; background-color:#f2f2f2;'>ตันรวม</td><td style='padding:3px 6px;'>56.56</td></tr><tr><td style='padding:3px 6px; font-weight:bold; background-color:#f2f2f2;'>รหัสแปลง</td><td style='padding:3px 6px;'>321301111719</td></tr><tr><td style='padding:3px 6px; font-weight:bold; background-color:#f2f2f2;'>กลุ่ม</td><td style='padding:3px 6px;'>กลุ่ม_02</td></tr></table></div>]]></description>
      <styleUrl>#plotStyle</styleUrl>
      <MultiGeometry><Polygon><outerBoundaryIs><LinearRing><coordinates>103.9103852,14.5131041,0 103.9107220,14.5139682,0 103.9115859,14.5136318,0 103.9111906,14.5123617,0 103.9108010,14.5124863,0 103.9109105,14.5128310,0 103.9103852,14.5131041,0</coordinates></LinearRing></outerBoundaryIs></Polygon></MultiGeometry>
    </Placemark>
    <Placemark>
      <name>340708103008</name>
      <description><![CDATA[<div style='font-family:Tahoma,sans-serif; font-size:13px;'><h3 style='color:#1565C0; margin:4px 0;'>รหัสแปลง: 340708103008</h3><p style='margin:2px 0;'><b>กลุ่มคิว:</b> 02_001</p><table border='1' style='border-collapse:collapse; border-color:#ccc; width:100%;'><tr><td style='padding:3px 6px; font-weight:bold; background-color:#f2f2f2;'>รหัสกลุ่มคิว</td><td style='padding:3px 6px;'>02/001</td></tr><tr><td style='padding:3px 6px; font-weight:bold; background-color:#f2f2f2;'>รหัสรับเหมา</td><td style='padding:3px 6px;'>738889</td></tr><tr><td style='padding:3px 6px; font-weight:bold; background-color:#f2f2f2;'>ชื่อ-สกุล รับเหมา</td><td style='padding:3px 6px;'>รถตัดโรงงานเบอร์ 15</td></tr><tr><td style='padding:3px 6px; font-weight:bold; background-color:#f2f2f2;'>นักเกษตร</td><td style='padding:3px 6px;'>0010</td></tr><tr><td style='padding:3px 6px; font-weight:bold; background-color:#f2f2f2;'>ศูนย์</td><td style='padding:3px 6px;'>K2-02</td></tr><tr><td style='padding:3px 6px; font-weight:bold; background-color:#f2f2f2;'>โควตา</td><td style='padding:3px 6px;'>960576</td></tr><tr><td style='padding:3px 6px; font-weight:bold; background-color:#f2f2f2;'>ชาวไร่</td><td style='padding:3px 6px;'>นาย ถวิล วันนา</td></tr><tr><td style='padding:3px 6px; font-weight:bold; background-color:#f2f2f2;'>ประเภทอ้อย</td><td style='padding:3px 6px;'>ปลายฝน</td></tr><tr><td style='padding:3px 6px; font-weight:bold; background-color:#f2f2f2;'>พื้นที่</td><td style='padding:3px 6px;'>5.97</td></tr><tr><td style='padding:3px 6px; font-weight:bold; background-color:#f2f2f2;'>ตันรวม</td><td style='padding:3px 6px;'>77.61</td></tr><tr><td style='padding:3px 6px; font-weight:bold; background-color:#f2f2f2;'>รหัสแปลง</td><td style='padding:3px 6px;'>340708103008</td></tr><tr><td style='padding:3px 6px; font-weight:bold; background-color:#f2f2f2;'>กลุ่ม</td><td style='padding:3px 6px;'>กลุ่ม_02</td></tr></table></div>]]></description>
      <styleUrl>#plotStyle</styleUrl>
      <MultiGeometry><Polygon><outerBoundaryIs><LinearRing><coordinates>104.9983566,14.8175284,0 104.9985899,14.8175701,0 104.9986439,14.8174759,0 104.9990437,14.8175890,0 104.9993861,14.8163580,0 104.9988759,14.8162069,0 104.9983566,14.8175284,0</coordinates></LinearRing></outerBoundaryIs></Polygon></MultiGeometry>
    </Placemark>
    <Placemark>
      <name>340708080001</name>
      <description><![CDATA[<div style='font-family:Tahoma,sans-serif; font-size:13px;'><h3 style='color:#1565C0; margin:4px 0;'>รหัสแปลง: 340708080001</h3><p style='margin:2px 0;'><b>กลุ่มคิว:</b> 02_001</p><table border='1' style='border-collapse:collapse; border-color:#ccc; width:100%;'><tr><td style='padding:3px 6px; font-weight:bold; background-color:#f2f2f2;'>รหัสกลุ่มคิว</td><td style='padding:3px 6px;'>02/001</td></tr><tr><td style='padding:3px 6px; font-weight:bold; background-color:#f2f2f2;'>รหัสรับเหมา</td><td style='padding:3px 6px;'>738889</td></tr><tr><td style='padding:3px 6px; font-weight:bold; background-color:#f2f2f2;'>ชื่อ-สกุล รับเหมา</td><td style='padding:3px 6px;'>รถตัดโรงงานเบอร์ 15</td></tr><tr><td style='padding:3px 6px; font-weight:bold; background-color:#f2f2f2;'>นักเกษตร</td><td style='padding:3px 6px;'>0010</td></tr><tr><td style='padding:3px 6px; font-weight:bold; background-color:#f2f2f2;'>ศูนย์</td><td style='padding:3px 6px;'>K2-02</td></tr><tr><td style='padding:3px 6px; font-weight:bold; background-color:#f2f2f2;'>โควตา</td><td style='padding:3px 6px;'>960572</td></tr><tr><td style='padding:3px 6px; font-weight:bold; background-color:#f2f2f2;'>ชาวไร่</td><td style='padding:3px 6px;'>นาง สมปอง หัถวงค์</td></tr><tr><td style='padding:3px 6px; font-weight:bold; background-color:#f2f2f2;'>ประเภทอ้อย</td><td style='padding:3px 6px;'>ปลายฝน</td></tr><tr><td style='padding:3px 6px; font-weight:bold; background-color:#f2f2f2;'>พื้นที่</td><td style='padding:3px 6px;'>8.67</td></tr><tr><td style='padding:3px 6px; font-weight:bold; background-color:#f2f2f2;'>ตันรวม</td><td style='padding:3px 6px;'>112.71</td></tr><tr><td style='padding:3px 6px; font-weight:bold; background-color:#f2f2f2;'>รหัสแปลง</td><td style='padding:3px 6px;'>340708080001</td></tr><tr><td style='padding:3px 6px; font-weight:bold; background-color:#f2f2f2;'>กลุ่ม</td><td style='padding:3px 6px;'>กลุ่ม_02</td></tr></table></div>]]></description>
      <styleUrl>#plotStyle</styleUrl>
      <MultiGeometry><Polygon><outerBoundaryIs><LinearRing><coordinates>104.9952624,14.8089201,0 104.9954042,14.8094184,0 104.9960953,14.8093655,0 104.9960366,14.8091217,0 104.9963609,14.8091384,0 104.9964088,14.8093069,0 104.9977742,14.8092623,0 104.9976585,14.8087203,0 104.9952624,14.8089201,0</coordinates></LinearRing></outerBoundaryIs></Polygon></MultiGeometry>
    </Placemark>
    <Placemark>
      <name>340704083020</name>
      <description><![CDATA[<div style='font-family:Tahoma,sans-serif; font-size:13px;'><h3 style='color:#1565C0; margin:4px 0;'>รหัสแปลง: 340704083020</h3><p style='margin:2px 0;'><b>กลุ่มคิว:</b> 02_001</p><table border='1' style='border-collapse:collapse; border-color:#ccc; width:100%;'><tr><td style='padding:3px 6px; font-weight:bold; background-color:#f2f2f2;'>รหัสกลุ่มคิว</td><td style='padding:3px 6px;'>02/001</td></tr><tr><td style='padding:3px 6px; font-weight:bold; background-color:#f2f2f2;'>รหัสรับเหมา</td><td style='padding:3px 6px;'>738889</td></tr><tr><td style='padding:3px 6px; font-weight:bold; background-color:#f2f2f2;'>ชื่อ-สกุล รับเหมา</td><td style='padding:3px 6px;'>รถตัดโรงงานเบอร์ 15</td></tr><tr><td style='padding:3px 6px; font-weight:bold; background-color:#f2f2f2;'>นักเกษตร</td><td style='padding:3px 6px;'>0010</td></tr><tr><td style='padding:3px 6px; font-weight:bold; background-color:#f2f2f2;'>ศูนย์</td><td style='padding:3px 6px;'>K2-02</td></tr><tr><td style='padding:3px 6px; font-weight:bold; background-color:#f2f2f2;'>โควตา</td><td style='padding:3px 6px;'>911516</td></tr><tr><td style='padding:3px 6px; font-weight:bold; background-color:#f2f2f2;'>ชาวไร่</td><td style='padding:3px 6px;'>นาย พรณรงค์ ลิ้มวงษ์ทอง</td></tr><tr><td style='padding:3px 6px; font-weight:bold; background-color:#f2f2f2;'>ประเภทอ้อย</td><td style='padding:3px 6px;'>ปลายฝน</td></tr><tr><td style='padding:3px 6px; font-weight:bold; background-color:#f2f2f2;'>พื้นที่</td><td style='padding:3px 6px;'>9.11</td></tr><tr><td style='padding:3px 6px; font-weight:bold; background-color:#f2f2f2;'>ตันรวม</td><td style='padding:3px 6px;'>118.43</td></tr><tr><td style='padding:3px 6px; font-weight:bold; background-color:#f2f2f2;'>รหัสแปลง</td><td style='padding:3px 6px;'>340704083020</td></tr><tr><td style='padding:3px 6px; font-weight:bold; background-color:#f2f2f2;'>กลุ่ม</td><td style='padding:3px 6px;'>กลุ่ม_02</td></tr></table></div>]]></description>
      <styleUrl>#plotStyle</styleUrl>
      <MultiGeometry><Polygon><outerBoundaryIs><LinearRing><coordinates>104.9646863,14.8988675,0 104.9653227,14.8986697,0 104.9650442,14.8974583,0 104.9649603,14.8974645,0 104.9649980,14.8976824,0 104.9646651,14.8977268,0 104.9646412,14.8975561,0 104.9648642,14.8974622,0 104.9647622,14.8969134,0 104.9641697,14.8970309,0 104.9644605,14.8982355,0 104.9645505,14.8985445,0 104.9646175,14.8986795,0 104.9646863,14.8988675,0</coordinates></LinearRing></outerBoundaryIs></Polygon></MultiGeometry>
    </Placemark>
    <Placemark>
      <name>340702050003</name>
      <description><![CDATA[<div style='font-family:Tahoma,sans-serif; font-size:13px;'><h3 style='color:#1565C0; margin:4px 0;'>รหัสแปลง: 340702050003</h3><p style='margin:2px 0;'><b>กลุ่มคิว:</b> 02_001</p><table border='1' style='border-collapse:collapse; border-color:#ccc; width:100%;'><tr><td style='padding:3px 6px; font-weight:bold; background-color:#f2f2f2;'>รหัสกลุ่มคิว</td><td style='padding:3px 6px;'>02/001</td></tr><tr><td style='padding:3px 6px; font-weight:bold; background-color:#f2f2f2;'>รหัสรับเหมา</td><td style='padding:3px 6px;'>738889</td></tr><tr><td style='padding:3px 6px; font-weight:bold; background-color:#f2f2f2;'>ชื่อ-สกุล รับเหมา</td><td style='padding:3px 6px;'>รถตัดโรงงานเบอร์ 15</td></tr><tr><td style='padding:3px 6px; font-weight:bold; background-color:#f2f2f2;'>นักเกษตร</td><td style='padding:3px 6px;'>0010</td></tr><tr><td style='padding:3px 6px; font-weight:bold; background-color:#f2f2f2;'>ศูนย์</td><td style='padding:3px 6px;'>K2-02</td></tr><tr><td style='padding:3px 6px; font-weight:bold; background-color:#f2f2f2;'>โควตา</td><td style='padding:3px 6px;'>960580</td></tr><tr><td style='padding:3px 6px; font-weight:bold; background-color:#f2f2f2;'>ชาวไร่</td><td style='padding:3px 6px;'>นาย ณัฐวัฒน์ สำโรงแสง</td></tr><tr><td style='padding:3px 6px; font-weight:bold; background-color:#f2f2f2;'>ประเภทอ้อย</td><td style='padding:3px 6px;'>ปลายฝน</td></tr><tr><td style='padding:3px 6px; font-weight:bold; background-color:#f2f2f2;'>พื้นที่</td><td style='padding:3px 6px;'>23.07</td></tr><tr><td style='padding:3px 6px; font-weight:bold; background-color:#f2f2f2;'>ตันรวม</td><td style='padding:3px 6px;'>299.91</td></tr><tr><td style='padding:3px 6px; font-weight:bold; background-color:#f2f2f2;'>รหัสแปลง</td><td style='padding:3px 6px;'>340702050003</td></tr><tr><td style='padding:3px 6px; font-weight:bold; background-color:#f2f2f2;'>กลุ่ม</td><td style='padding:3px 6px;'>กลุ่ม_02</td></tr></table></div>]]></description>
      <styleUrl>#plotStyle</styleUrl>
      <MultiGeometry><Polygon><outerBoundaryIs><LinearRing><coordinates>104.9620579,15.0051448,0 104.9620795,15.0055787,0 104.9622436,15.0066871,0 104.9623161,15.0066478,0 104.9624530,15.0067654,0 104.9628915,15.0065825,0 104.9631093,15.0069594,0 104.9633929,15.0065163,0 104.9634256,15.0064607,0 104.9638795,15.0059028,0 104.9639475,15.0058001,0 104.9639463,15.0057261,0 104.9641679,15.0054428,0 104.9640623,15.0053633,0 104.9640027,15.0053811,0 104.9637762,15.0049264,0 104.9638672,15.0048970,0 104.9638776,15.0048234,0 104.9641092,15.0047335,0 104.9641003,15.0045643,0 104.9620579,15.0051448,0</coordinates></LinearRing></outerBoundaryIs></Polygon></MultiGeometry>
    </Placemark>
    <Placemark>
      <name>340708103009</name>
      <description><![CDATA[<div style='font-family:Tahoma,sans-serif; font-size:13px;'><h3 style='color:#1565C0; margin:4px 0;'>รหัสแปลง: 340708103009</h3><p style='margin:2px 0;'><b>กลุ่มคิว:</b> 02_001</p><table border='1' style='border-collapse:collapse; border-color:#ccc; width:100%;'><tr><td style='padding:3px 6px; font-weight:bold; background-color:#f2f2f2;'>รหัสกลุ่มคิว</td><td style='padding:3px 6px;'>02/001</td></tr><tr><td style='padding:3px 6px; font-weight:bold; background-color:#f2f2f2;'>รหัสรับเหมา</td><td style='padding:3px 6px;'>738889</td></tr><tr><td style='padding:3px 6px; font-weight:bold; background-color:#f2f2f2;'>ชื่อ-สกุล รับเหมา</td><td style='padding:3px 6px;'>รถตัดโรงงานเบอร์ 15</td></tr><tr><td style='padding:3px 6px; font-weight:bold; background-color:#f2f2f2;'>นักเกษตร</td><td style='padding:3px 6px;'>0010</td></tr><tr><td style='padding:3px 6px; font-weight:bold; background-color:#f2f2f2;'>ศูนย์</td><td style='padding:3px 6px;'>K2-02</td></tr><tr><td style='padding:3px 6px; font-weight:bold; background-color:#f2f2f2;'>โควตา</td><td style='padding:3px 6px;'>960574</td></tr><tr><td style='padding:3px 6px; font-weight:bold; background-color:#f2f2f2;'>ชาวไร่</td><td style='padding:3px 6px;'>นาย รังสรรณ์ ศรีจำปา</td></tr><tr><td style='padding:3px 6px; font-weight:bold; background-color:#f2f2f2;'>ประเภทอ้อย</td><td style='padding:3px 6px;'>ตอ1</td></tr><tr><td style='padding:3px 6px; font-weight:bold; background-color:#f2f2f2;'>พื้นที่</td><td style='padding:3px 6px;'>7.52</td></tr><tr><td style='padding:3px 6px; font-weight:bold; background-color:#f2f2f2;'>ตันรวม</td><td style='padding:3px 6px;'>67.68</td></tr><tr><td style='padding:3px 6px; font-weight:bold; background-color:#f2f2f2;'>รหัสแปลง</td><td style='padding:3px 6px;'>340708103009</td></tr><tr><td style='padding:3px 6px; font-weight:bold; background-color:#f2f2f2;'>กลุ่ม</td><td style='padding:3px 6px;'>กลุ่ม_02</td></tr></table></div>]]></description>
      <styleUrl>#plotStyle</styleUrl>
      <MultiGeometry><Polygon><outerBoundaryIs><LinearRing><coordinates>104.9846491,14.8539132,0 104.9848357,14.8538111,0 104.9847390,14.8533323,0 104.9843918,14.8509320,0 104.9840563,14.8509630,0 104.9842332,14.8524276,0 104.9842290,14.8524326,0 104.9842315,14.8524317,0 104.9843772,14.8532381,0 104.9844554,14.8534543,0 104.9846491,14.8539132,0</coordinates></LinearRing></outerBoundaryIs></Polygon></MultiGeometry>
    </Placemark>
    <Placemark>
      <name>321301111724</name>
      <description><![CDATA[<div style='font-family:Tahoma,sans-serif; font-size:13px;'><h3 style='color:#1565C0; margin:4px 0;'>รหัสแปลง: 321301111724</h3><p style='margin:2px 0;'><b>กลุ่มคิว:</b> 02_001</p><table border='1' style='border-collapse:collapse; border-color:#ccc; width:100%;'><tr><td style='padding:3px 6px; font-weight:bold; background-color:#f2f2f2;'>รหัสกลุ่มคิว</td><td style='padding:3px 6px;'>02/001</td></tr><tr><td style='padding:3px 6px; font-weight:bold; background-color:#f2f2f2;'>รหัสรับเหมา</td><td style='padding:3px 6px;'>738889</td></tr><tr><td style='padding:3px 6px; font-weight:bold; background-color:#f2f2f2;'>ชื่อ-สกุล รับเหมา</td><td style='padding:3px 6px;'>รถตัดโรงงานเบอร์ 15</td></tr><tr><td style='padding:3px 6px; font-weight:bold; background-color:#f2f2f2;'>นักเกษตร</td><td style='padding:3px 6px;'>0010</td></tr><tr><td style='padding:3px 6px; font-weight:bold; background-color:#f2f2f2;'>ศูนย์</td><td style='padding:3px 6px;'>K2-02</td></tr><tr><td style='padding:3px 6px; font-weight:bold; background-color:#f2f2f2;'>โควตา</td><td style='padding:3px 6px;'>773000</td></tr><tr><td style='padding:3px 6px; font-weight:bold; background-color:#f2f2f2;'>ชาวไร่</td><td style='padding:3px 6px;'>นาย ฐิติโชติ มิ่งแก้ว</td></tr><tr><td style='padding:3px 6px; font-weight:bold; background-color:#f2f2f2;'>ประเภทอ้อย</td><td style='padding:3px 6px;'>ปลายฝน</td></tr><tr><td style='padding:3px 6px; font-weight:bold; background-color:#f2f2f2;'>พื้นที่</td><td style='padding:3px 6px;'>36.06</td></tr><tr><td style='padding:3px 6px; font-weight:bold; background-color:#f2f2f2;'>ตันรวม</td><td style='padding:3px 6px;'>468.78</td></tr><tr><td style='padding:3px 6px; font-weight:bold; background-color:#f2f2f2;'>รหัสแปลง</td><td style='padding:3px 6px;'>321301111724</td></tr><tr><td style='padding:3px 6px; font-weight:bold; background-color:#f2f2f2;'>กลุ่ม</td><td style='padding:3px 6px;'>กลุ่ม_02</td></tr></table></div>]]></description>
      <styleUrl>#plotStyle</styleUrl>
      <MultiGeometry><Polygon><outerBoundaryIs><LinearRing><coordinates>103.9163570,14.5188932,0 103.9145712,14.5190724,0 103.9154502,14.5223566,0 103.9164837,14.5223724,0 103.9163570,14.5188932,0</coordinates></LinearRing></outerBoundaryIs></Polygon></MultiGeometry>
    </Placemark>
    <Placemark>
      <name>340708030009</name>
      <description><![CDATA[<div style='font-family:Tahoma,sans-serif; font-size:13px;'><h3 style='color:#1565C0; margin:4px 0;'>รหัสแปลง: 340708030009</h3><p style='margin:2px 0;'><b>กลุ่มคิว:</b> 02_001</p><table border='1' style='border-collapse:collapse; border-color:#ccc; width:100%;'><tr><td style='padding:3px 6px; font-weight:bold; background-color:#f2f2f2;'>รหัสกลุ่มคิว</td><td style='padding:3px 6px;'>02/001</td></tr><tr><td style='padding:3px 6px; font-weight:bold; background-color:#f2f2f2;'>รหัสรับเหมา</td><td style='padding:3px 6px;'>738889</td></tr><tr><td style='padding:3px 6px; font-weight:bold; background-color:#f2f2f2;'>ชื่อ-สกุล รับเหมา</td><td style='padding:3px 6px;'>รถตัดโรงงานเบอร์ 15</td></tr><tr><td style='padding:3px 6px; font-weight:bold; background-color:#f2f2f2;'>นักเกษตร</td><td style='padding:3px 6px;'>0010</td></tr><tr><td style='padding:3px 6px; font-weight:bold; background-color:#f2f2f2;'>ศูนย์</td><td style='padding:3px 6px;'>K2-02</td></tr><tr><td style='padding:3px 6px; font-weight:bold; background-color:#f2f2f2;'>โควตา</td><td style='padding:3px 6px;'>960576</td></tr><tr><td style='padding:3px 6px; font-weight:bold; background-color:#f2f2f2;'>ชาวไร่</td><td style='padding:3px 6px;'>นาย ถวิล วันนา</td></tr><tr><td style='padding:3px 6px; font-weight:bold; background-color:#f2f2f2;'>ประเภทอ้อย</td><td style='padding:3px 6px;'>ปลายฝน</td></tr><tr><td style='padding:3px 6px; font-weight:bold; background-color:#f2f2f2;'>พื้นที่</td><td style='padding:3px 6px;'>7.67</td></tr><tr><td style='padding:3px 6px; font-weight:bold; background-color:#f2f2f2;'>ตันรวม</td><td style='padding:3px 6px;'>99.71</td></tr><tr><td style='padding:3px 6px; font-weight:bold; background-color:#f2f2f2;'>รหัสแปลง</td><td style='padding:3px 6px;'>340708030009</td></tr><tr><td style='padding:3px 6px; font-weight:bold; background-color:#f2f2f2;'>กลุ่ม</td><td style='padding:3px 6px;'>กลุ่ม_02</td></tr></table></div>]]></description>
      <styleUrl>#plotStyle</styleUrl>
      <MultiGeometry><Polygon><outerBoundaryIs><LinearRing><coordinates>104.9990763,14.8176452,0 104.9983383,14.8175160,0 104.9979876,14.8185922,0 104.9989727,14.8188384,0 104.9990763,14.8176452,0</coordinates></LinearRing></outerBoundaryIs></Polygon></MultiGeometry>
    </Placemark>
    <Placemark>
      <name>341511093010</name>
      <description><![CDATA[<div style='font-family:Tahoma,sans-serif; font-size:13px;'><h3 style='color:#1565C0; margin:4px 0;'>รหัสแปลง: 341511093010</h3><p style='margin:2px 0;'><b>กลุ่มคิว:</b> 02_001</p><table border='1' style='border-collapse:collapse; border-color:#ccc; width:100%;'><tr><td style='padding:3px 6px; font-weight:bold; background-color:#f2f2f2;'>รหัสกลุ่มคิว</td><td style='padding:3px 6px;'>02/001</td></tr><tr><td style='padding:3px 6px; font-weight:bold; background-color:#f2f2f2;'>รหัสรับเหมา</td><td style='padding:3px 6px;'>738889</td></tr><tr><td style='padding:3px 6px; font-weight:bold; background-color:#f2f2f2;'>ชื่อ-สกุล รับเหมา</td><td style='padding:3px 6px;'>รถตัดโรงงานเบอร์ 15</td></tr><tr><td style='padding:3px 6px; font-weight:bold; background-color:#f2f2f2;'>นักเกษตร</td><td style='padding:3px 6px;'>0010</td></tr><tr><td style='padding:3px 6px; font-weight:bold; background-color:#f2f2f2;'>ศูนย์</td><td style='padding:3px 6px;'>K2-02</td></tr><tr><td style='padding:3px 6px; font-weight:bold; background-color:#f2f2f2;'>โควตา</td><td style='padding:3px 6px;'>931048</td></tr><tr><td style='padding:3px 6px; font-weight:bold; background-color:#f2f2f2;'>ชาวไร่</td><td style='padding:3px 6px;'>นาย ทองปาน พันแสนแก้ว</td></tr><tr><td style='padding:3px 6px; font-weight:bold; background-color:#f2f2f2;'>ประเภทอ้อย</td><td style='padding:3px 6px;'>ตอ2</td></tr><tr><td style='padding:3px 6px; font-weight:bold; background-color:#f2f2f2;'>พื้นที่</td><td style='padding:3px 6px;'>10.05</td></tr><tr><td style='padding:3px 6px; font-weight:bold; background-color:#f2f2f2;'>ตันรวม</td><td style='padding:3px 6px;'>80.4</td></tr><tr><td style='padding:3px 6px; font-weight:bold; background-color:#f2f2f2;'>รหัสแปลง</td><td style='padding:3px 6px;'>341511093010</td></tr><tr><td style='padding:3px 6px; font-weight:bold; background-color:#f2f2f2;'>กลุ่ม</td><td style='padding:3px 6px;'>กลุ่ม_02</td></tr></table></div>]]></description>
      <styleUrl>#plotStyle</styleUrl>
      <MultiGeometry><Polygon><outerBoundaryIs><LinearRing><coordinates>104.7492500,15.1294200,0 104.7507657,15.1303803,0 104.7510207,15.1295389,0 104.7509083,15.1294950,0 104.7497283,15.1288667,0 104.7494717,15.1288633,0 104.7492500,15.1294200,0</coordinates></LinearRing></outerBoundaryIs></Polygon></MultiGeometry>
    </Placemark>
    <Placemark>
      <name>340708030011</name>
      <description><![CDATA[<div style='font-family:Tahoma,sans-serif; font-size:13px;'><h3 style='color:#1565C0; margin:4px 0;'>รหัสแปลง: 340708030011</h3><p style='margin:2px 0;'><b>กลุ่มคิว:</b> 02_001</p><table border='1' style='border-collapse:collapse; border-color:#ccc; width:100%;'><tr><td style='padding:3px 6px; font-weight:bold; background-color:#f2f2f2;'>รหัสกลุ่มคิว</td><td style='padding:3px 6px;'>02/001</td></tr><tr><td style='padding:3px 6px; font-weight:bold; background-color:#f2f2f2;'>รหัสรับเหมา</td><td style='padding:3px 6px;'>738889</td></tr><tr><td style='padding:3px 6px; font-weight:bold; background-color:#f2f2f2;'>ชื่อ-สกุล รับเหมา</td><td style='padding:3px 6px;'>รถตัดโรงงานเบอร์ 15</td></tr><tr><td style='padding:3px 6px; font-weight:bold; background-color:#f2f2f2;'>นักเกษตร</td><td style='padding:3px 6px;'>0010</td></tr><tr><td style='padding:3px 6px; font-weight:bold; background-color:#f2f2f2;'>ศูนย์</td><td style='padding:3px 6px;'>K2-02</td></tr><tr><td style='padding:3px 6px; font-weight:bold; background-color:#f2f2f2;'>โควตา</td><td style='padding:3px 6px;'>960573</td></tr><tr><td style='padding:3px 6px; font-weight:bold; background-color:#f2f2f2;'>ชาวไร่</td><td style='padding:3px 6px;'>นาง ภู อาริกุล</td></tr><tr><td style='padding:3px 6px; font-weight:bold; background-color:#f2f2f2;'>ประเภทอ้อย</td><td style='padding:3px 6px;'>ตอ1</td></tr><tr><td style='padding:3px 6px; font-weight:bold; background-color:#f2f2f2;'>พื้นที่</td><td style='padding:3px 6px;'>6.15</td></tr><tr><td style='padding:3px 6px; font-weight:bold; background-color:#f2f2f2;'>ตันรวม</td><td style='padding:3px 6px;'>55.35</td></tr><tr><td style='padding:3px 6px; font-weight:bold; background-color:#f2f2f2;'>รหัสแปลง</td><td style='padding:3px 6px;'>340708030011</td></tr><tr><td style='padding:3px 6px; font-weight:bold; background-color:#f2f2f2;'>กลุ่ม</td><td style='padding:3px 6px;'>กลุ่ม_02</td></tr></table></div>]]></description>
      <styleUrl>#plotStyle</styleUrl>
      <MultiGeometry><Polygon><outerBoundaryIs><LinearRing><coordinates>105.0052706,14.8566526,0 105.0052800,14.8566167,0 105.0053467,14.8566433,0 105.0053867,14.8567233,0 105.0054617,14.8567617,0 105.0056217,14.8567033,0 105.0057267,14.8567083,0 105.0061267,14.8569300,0 105.0060868,14.8571183,0 105.0062381,14.8571730,0 105.0063293,14.8566740,0 105.0043741,14.8558183,0 105.0042809,14.8557774,0 105.0041609,14.8560775,0 105.0052706,14.8566526,0</coordinates></LinearRing></outerBoundaryIs></Polygon></MultiGeometry>
    </Placemark>
    <Placemark>
      <name>321301111733</name>
      <description><![CDATA[<div style='font-family:Tahoma,sans-serif; font-size:13px;'><h3 style='color:#1565C0; margin:4px 0;'>รหัสแปลง: 321301111733</h3><p style='margin:2px 0;'><b>กลุ่มคิว:</b> 02_001</p><table border='1' style='border-collapse:collapse; border-color:#ccc; width:100%;'><tr><td style='padding:3px 6px; font-weight:bold; background-color:#f2f2f2;'>รหัสกลุ่มคิว</td><td style='padding:3px 6px;'>02/001</td></tr><tr><td style='padding:3px 6px; font-weight:bold; background-color:#f2f2f2;'>รหัสรับเหมา</td><td style='padding:3px 6px;'>738889</td></tr><tr><td style='padding:3px 6px; font-weight:bold; background-color:#f2f2f2;'>ชื่อ-สกุล รับเหมา</td><td style='padding:3px 6px;'>รถตัดโรงงานเบอร์ 15</td></tr><tr><td style='padding:3px 6px; font-weight:bold; background-color:#f2f2f2;'>นักเกษตร</td><td style='padding:3px 6px;'>0010</td></tr><tr><td style='padding:3px 6px; font-weight:bold; background-color:#f2f2f2;'>ศูนย์</td><td style='padding:3px 6px;'>K2-02</td></tr><tr><td style='padding:3px 6px; font-weight:bold; background-color:#f2f2f2;'>โควตา</td><td style='padding:3px 6px;'>720000</td></tr><tr><td style='padding:3px 6px; font-weight:bold; background-color:#f2f2f2;'>ชาวไร่</td><td style='padding:3px 6px;'>นางสาว ดาหวัน แก้วแสนเมือง</td></tr><tr><td style='padding:3px 6px; font-weight:bold; background-color:#f2f2f2;'>ประเภทอ้อย</td><td style='padding:3px 6px;'>ปลายฝน</td></tr><tr><td style='padding:3px 6px; font-weight:bold; background-color:#f2f2f2;'>พื้นที่</td><td style='padding:3px 6px;'>3.26</td></tr><tr><td style='padding:3px 6px; font-weight:bold; background-color:#f2f2f2;'>ตันรวม</td><td style='padding:3px 6px;'>42.38</td></tr><tr><td style='padding:3px 6px; font-weight:bold; background-color:#f2f2f2;'>รหัสแปลง</td><td style='padding:3px 6px;'>321301111733</td></tr><tr><td style='padding:3px 6px; font-weight:bold; background-color:#f2f2f2;'>กลุ่ม</td><td style='padding:3px 6px;'>กลุ่ม_02</td></tr></table></div>]]></description>
      <styleUrl>#plotStyle</styleUrl>
      <MultiGeometry><Polygon><outerBoundaryIs><LinearRing><coordinates>103.9152519,14.5237512,0 103.9150845,14.5251842,0 103.9154181,14.5252269,0 103.9155140,14.5237649,0 103.9152519,14.5237512,0</coordinates></LinearRing></outerBoundaryIs></Polygon></MultiGeometry>
    </Placemark>
    <Placemark>
      <name>321301111734</name>
      <description><![CDATA[<div style='font-family:Tahoma,sans-serif; font-size:13px;'><h3 style='color:#1565C0; margin:4px 0;'>รหัสแปลง: 321301111734</h3><p style='margin:2px 0;'><b>กลุ่มคิว:</b> 02_001</p><table border='1' style='border-collapse:collapse; border-color:#ccc; width:100%;'><tr><td style='padding:3px 6px; font-weight:bold; background-color:#f2f2f2;'>รหัสกลุ่มคิว</td><td style='padding:3px 6px;'>02/001</td></tr><tr><td style='padding:3px 6px; font-weight:bold; background-color:#f2f2f2;'>รหัสรับเหมา</td><td style='padding:3px 6px;'>738889</td></tr><tr><td style='padding:3px 6px; font-weight:bold; background-color:#f2f2f2;'>ชื่อ-สกุล รับเหมา</td><td style='padding:3px 6px;'>รถตัดโรงงานเบอร์ 15</td></tr><tr><td style='padding:3px 6px; font-weight:bold; background-color:#f2f2f2;'>นักเกษตร</td><td style='padding:3px 6px;'>0010</td></tr><tr><td style='padding:3px 6px; font-weight:bold; background-color:#f2f2f2;'>ศูนย์</td><td style='padding:3px 6px;'>K2-02</td></tr><tr><td style='padding:3px 6px; font-weight:bold; background-color:#f2f2f2;'>โควตา</td><td style='padding:3px 6px;'>720000</td></tr><tr><td style='padding:3px 6px; font-weight:bold; background-color:#f2f2f2;'>ชาวไร่</td><td style='padding:3px 6px;'>นางสาว ดาหวัน แก้วแสนเมือง</td></tr><tr><td style='padding:3px 6px; font-weight:bold; background-color:#f2f2f2;'>ประเภทอ้อย</td><td style='padding:3px 6px;'>ปลายฝน</td></tr><tr><td style='padding:3px 6px; font-weight:bold; background-color:#f2f2f2;'>พื้นที่</td><td style='padding:3px 6px;'>6.15</td></tr><tr><td style='padding:3px 6px; font-weight:bold; background-color:#f2f2f2;'>ตันรวม</td><td style='padding:3px 6px;'>79.95</td></tr><tr><td style='padding:3px 6px; font-weight:bold; background-color:#f2f2f2;'>รหัสแปลง</td><td style='padding:3px 6px;'>321301111734</td></tr><tr><td style='padding:3px 6px; font-weight:bold; background-color:#f2f2f2;'>กลุ่ม</td><td style='padding:3px 6px;'>กลุ่ม_02</td></tr></table></div>]]></description>
      <styleUrl>#plotStyle</styleUrl>
      <MultiGeometry><Polygon><outerBoundaryIs><LinearRing><coordinates>103.9144139,14.5241673,0 103.9147410,14.5217283,0 103.9144150,14.5217033,0 103.9140747,14.5241389,0 103.9144139,14.5241673,0</coordinates></LinearRing></outerBoundaryIs></Polygon></MultiGeometry>
    </Placemark>
    <Placemark>
      <name>340708030012</name>
      <description><![CDATA[<div style='font-family:Tahoma,sans-serif; font-size:13px;'><h3 style='color:#1565C0; margin:4px 0;'>รหัสแปลง: 340708030012</h3><p style='margin:2px 0;'><b>กลุ่มคิว:</b> 02_001</p><table border='1' style='border-collapse:collapse; border-color:#ccc; width:100%;'><tr><td style='padding:3px 6px; font-weight:bold; background-color:#f2f2f2;'>รหัสกลุ่มคิว</td><td style='padding:3px 6px;'>02/001</td></tr><tr><td style='padding:3px 6px; font-weight:bold; background-color:#f2f2f2;'>รหัสรับเหมา</td><td style='padding:3px 6px;'>738889</td></tr><tr><td style='padding:3px 6px; font-weight:bold; background-color:#f2f2f2;'>ชื่อ-สกุล รับเหมา</td><td style='padding:3px 6px;'>รถตัดโรงงานเบอร์ 15</td></tr><tr><td style='padding:3px 6px; font-weight:bold; background-color:#f2f2f2;'>นักเกษตร</td><td style='padding:3px 6px;'>0010</td></tr><tr><td style='padding:3px 6px; font-weight:bold; background-color:#f2f2f2;'>ศูนย์</td><td style='padding:3px 6px;'>K2-02</td></tr><tr><td style='padding:3px 6px; font-weight:bold; background-color:#f2f2f2;'>โควตา</td><td style='padding:3px 6px;'>960589</td></tr><tr><td style='padding:3px 6px; font-weight:bold; background-color:#f2f2f2;'>ชาวไร่</td><td style='padding:3px 6px;'>นาย สว่าง ศิลาเกษ</td></tr><tr><td style='padding:3px 6px; font-weight:bold; background-color:#f2f2f2;'>ประเภทอ้อย</td><td style='padding:3px 6px;'>ตอ1</td></tr><tr><td style='padding:3px 6px; font-weight:bold; background-color:#f2f2f2;'>พื้นที่</td><td style='padding:3px 6px;'>6.39</td></tr><tr><td style='padding:3px 6px; font-weight:bold; background-color:#f2f2f2;'>ตันรวม</td><td style='padding:3px 6px;'>57.51</td></tr><tr><td style='padding:3px 6px; font-weight:bold; background-color:#f2f2f2;'>รหัสแปลง</td><td style='padding:3px 6px;'>340708030012</td></tr><tr><td style='padding:3px 6px; font-weight:bold; background-color:#f2f2f2;'>กลุ่ม</td><td style='padding:3px 6px;'>กลุ่ม_02</td></tr></table></div>]]></description>
      <styleUrl>#plotStyle</styleUrl>
      <MultiGeometry><Polygon><outerBoundaryIs><LinearRing><coordinates>104.9877617,14.8606165,0 104.9877499,14.8608548,0 104.9878909,14.8608427,0 104.9879070,14.8609732,0 104.9879748,14.8609391,0 104.9880156,14.8610394,0 104.9880168,14.8611004,0 104.9881622,14.8610898,0 104.9881700,14.8612204,0 104.9881238,14.8612483,0 104.9881194,14.8614108,0 104.9882919,14.8614069,0 104.9882462,14.8615924,0 104.9885370,14.8616993,0 104.9889303,14.8609277,0 104.9890356,14.8605363,0 104.9877617,14.8606165,0</coordinates></LinearRing></outerBoundaryIs></Polygon></MultiGeometry>
    </Placemark>
    <Placemark>
      <name>341511093011</name>
      <description><![CDATA[<div style='font-family:Tahoma,sans-serif; font-size:13px;'><h3 style='color:#1565C0; margin:4px 0;'>รหัสแปลง: 341511093011</h3><p style='margin:2px 0;'><b>กลุ่มคิว:</b> 02_001</p><table border='1' style='border-collapse:collapse; border-color:#ccc; width:100%;'><tr><td style='padding:3px 6px; font-weight:bold; background-color:#f2f2f2;'>รหัสกลุ่มคิว</td><td style='padding:3px 6px;'>02/001</td></tr><tr><td style='padding:3px 6px; font-weight:bold; background-color:#f2f2f2;'>รหัสรับเหมา</td><td style='padding:3px 6px;'>738889</td></tr><tr><td style='padding:3px 6px; font-weight:bold; background-color:#f2f2f2;'>ชื่อ-สกุล รับเหมา</td><td style='padding:3px 6px;'>รถตัดโรงงานเบอร์ 15</td></tr><tr><td style='padding:3px 6px; font-weight:bold; background-color:#f2f2f2;'>นักเกษตร</td><td style='padding:3px 6px;'>0010</td></tr><tr><td style='padding:3px 6px; font-weight:bold; background-color:#f2f2f2;'>ศูนย์</td><td style='padding:3px 6px;'>K2-02</td></tr><tr><td style='padding:3px 6px; font-weight:bold; background-color:#f2f2f2;'>โควตา</td><td style='padding:3px 6px;'>931048</td></tr><tr><td style='padding:3px 6px; font-weight:bold; background-color:#f2f2f2;'>ชาวไร่</td><td style='padding:3px 6px;'>นาย ทองปาน พันแสนแก้ว</td></tr><tr><td style='padding:3px 6px; font-weight:bold; background-color:#f2f2f2;'>ประเภทอ้อย</td><td style='padding:3px 6px;'>ปลายฝน</td></tr><tr><td style='padding:3px 6px; font-weight:bold; background-color:#f2f2f2;'>พื้นที่</td><td style='padding:3px 6px;'>2.67</td></tr><tr><td style='padding:3px 6px; font-weight:bold; background-color:#f2f2f2;'>ตันรวม</td><td style='padding:3px 6px;'>34.71</td></tr><tr><td style='padding:3px 6px; font-weight:bold; background-color:#f2f2f2;'>รหัสแปลง</td><td style='padding:3px 6px;'>341511093011</td></tr><tr><td style='padding:3px 6px; font-weight:bold; background-color:#f2f2f2;'>กลุ่ม</td><td style='padding:3px 6px;'>กลุ่ม_02</td></tr></table></div>]]></description>
      <styleUrl>#plotStyle</styleUrl>
      <MultiGeometry><Polygon><outerBoundaryIs><LinearRing><coordinates>104.7490133,15.1285150,0 104.7486950,15.1291217,0 104.7491850,15.1293867,0 104.7494317,15.1287183,0 104.7490133,15.1285150,0</coordinates></LinearRing></outerBoundaryIs></Polygon></MultiGeometry>
    </Placemark>
    <Placemark>
      <name>340708030015</name>
      <description><![CDATA[<div style='font-family:Tahoma,sans-serif; font-size:13px;'><h3 style='color:#1565C0; margin:4px 0;'>รหัสแปลง: 340708030015</h3><p style='margin:2px 0;'><b>กลุ่มคิว:</b> 02_001</p><table border='1' style='border-collapse:collapse; border-color:#ccc; width:100%;'><tr><td style='padding:3px 6px; font-weight:bold; background-color:#f2f2f2;'>รหัสกลุ่มคิว</td><td style='padding:3px 6px;'>02/001</td></tr><tr><td style='padding:3px 6px; font-weight:bold; background-color:#f2f2f2;'>รหัสรับเหมา</td><td style='padding:3px 6px;'>738889</td></tr><tr><td style='padding:3px 6px; font-weight:bold; background-color:#f2f2f2;'>ชื่อ-สกุล รับเหมา</td><td style='padding:3px 6px;'>รถตัดโรงงานเบอร์ 15</td></tr><tr><td style='padding:3px 6px; font-weight:bold; background-color:#f2f2f2;'>นักเกษตร</td><td style='padding:3px 6px;'>0010</td></tr><tr><td style='padding:3px 6px; font-weight:bold; background-color:#f2f2f2;'>ศูนย์</td><td style='padding:3px 6px;'>K2-02</td></tr><tr><td style='padding:3px 6px; font-weight:bold; background-color:#f2f2f2;'>โควตา</td><td style='padding:3px 6px;'>960608</td></tr><tr><td style='padding:3px 6px; font-weight:bold; background-color:#f2f2f2;'>ชาวไร่</td><td style='padding:3px 6px;'>นาง หนูกุล อารีย์</td></tr><tr><td style='padding:3px 6px; font-weight:bold; background-color:#f2f2f2;'>ประเภทอ้อย</td><td style='padding:3px 6px;'>ปลายฝน</td></tr><tr><td style='padding:3px 6px; font-weight:bold; background-color:#f2f2f2;'>พื้นที่</td><td style='padding:3px 6px;'>15.52</td></tr><tr><td style='padding:3px 6px; font-weight:bold; background-color:#f2f2f2;'>ตันรวม</td><td style='padding:3px 6px;'>201.76</td></tr><tr><td style='padding:3px 6px; font-weight:bold; background-color:#f2f2f2;'>รหัสแปลง</td><td style='padding:3px 6px;'>340708030015</td></tr><tr><td style='padding:3px 6px; font-weight:bold; background-color:#f2f2f2;'>กลุ่ม</td><td style='padding:3px 6px;'>กลุ่ม_02</td></tr></table></div>]]></description>
      <styleUrl>#plotStyle</styleUrl>
      <MultiGeometry><Polygon><outerBoundaryIs><LinearRing><coordinates>105.0108100,14.8180917,0 105.0098053,14.8189476,0 105.0101795,14.8191989,0 105.0106217,14.8188833,0 105.0110767,14.8191633,0 105.0113683,14.8187450,0 105.0115217,14.8184917,0 105.0118300,14.8179217,0 105.0119600,14.8176567,0 105.0120967,14.8174550,0 105.0122683,14.8171567,0 105.0122217,14.8171033,0 105.0119050,14.8171583,0 105.0116717,14.8169867,0 105.0113017,14.8173600,0 105.0111200,14.8175700,0 105.0106817,14.8180367,0 105.0108100,14.8180917,0</coordinates></LinearRing></outerBoundaryIs></Polygon></MultiGeometry>
    </Placemark>
    <Placemark>
      <name>341508043040</name>
      <description><![CDATA[<div style='font-family:Tahoma,sans-serif; font-size:13px;'><h3 style='color:#1565C0; margin:4px 0;'>รหัสแปลง: 341508043040</h3><p style='margin:2px 0;'><b>กลุ่มคิว:</b> 02_001</p><table border='1' style='border-collapse:collapse; border-color:#ccc; width:100%;'><tr><td style='padding:3px 6px; font-weight:bold; background-color:#f2f2f2;'>รหัสกลุ่มคิว</td><td style='padding:3px 6px;'>02/001</td></tr><tr><td style='padding:3px 6px; font-weight:bold; background-color:#f2f2f2;'>รหัสรับเหมา</td><td style='padding:3px 6px;'>738889</td></tr><tr><td style='padding:3px 6px; font-weight:bold; background-color:#f2f2f2;'>ชื่อ-สกุล รับเหมา</td><td style='padding:3px 6px;'>รถตัดโรงงานเบอร์ 15</td></tr><tr><td style='padding:3px 6px; font-weight:bold; background-color:#f2f2f2;'>นักเกษตร</td><td style='padding:3px 6px;'>0010</td></tr><tr><td style='padding:3px 6px; font-weight:bold; background-color:#f2f2f2;'>ศูนย์</td><td style='padding:3px 6px;'>K2-02</td></tr><tr><td style='padding:3px 6px; font-weight:bold; background-color:#f2f2f2;'>โควตา</td><td style='padding:3px 6px;'>911758</td></tr><tr><td style='padding:3px 6px; font-weight:bold; background-color:#f2f2f2;'>ชาวไร่</td><td style='padding:3px 6px;'>นางสาว นงคาร บุญเชิญ</td></tr><tr><td style='padding:3px 6px; font-weight:bold; background-color:#f2f2f2;'>ประเภทอ้อย</td><td style='padding:3px 6px;'>ปลายฝน</td></tr><tr><td style='padding:3px 6px; font-weight:bold; background-color:#f2f2f2;'>พื้นที่</td><td style='padding:3px 6px;'>8.92</td></tr><tr><td style='padding:3px 6px; font-weight:bold; background-color:#f2f2f2;'>ตันรวม</td><td style='padding:3px 6px;'>115.96</td></tr><tr><td style='padding:3px 6px; font-weight:bold; background-color:#f2f2f2;'>รหัสแปลง</td><td style='padding:3px 6px;'>341508043040</td></tr><tr><td style='padding:3px 6px; font-weight:bold; background-color:#f2f2f2;'>กลุ่ม</td><td style='padding:3px 6px;'>กลุ่ม_02</td></tr></table></div>]]></description>
      <styleUrl>#plotStyle</styleUrl>
      <MultiGeometry><Polygon><outerBoundaryIs><LinearRing><coordinates>104.8993183,14.9825833,0 104.8993450,14.9837650,0 104.8989217,14.9839000,0 104.8991233,14.9845333,0 104.8999300,14.9841783,0 104.9000067,14.9841000,0 104.8997917,14.9832183,0 104.8998983,14.9825867,0 104.8996600,14.9825117,0 104.8993183,14.9825833,0</coordinates></LinearRing></outerBoundaryIs></Polygon></MultiGeometry>
    </Placemark>
    <Placemark>
      <name>340708030019</name>
      <description><![CDATA[<div style='font-family:Tahoma,sans-serif; font-size:13px;'><h3 style='color:#1565C0; margin:4px 0;'>รหัสแปลง: 340708030019</h3><p style='margin:2px 0;'><b>กลุ่มคิว:</b> 02_001</p><table border='1' style='border-collapse:collapse; border-color:#ccc; width:100%;'><tr><td style='padding:3px 6px; font-weight:bold; background-color:#f2f2f2;'>รหัสกลุ่มคิว</td><td style='padding:3px 6px;'>02/001</td></tr><tr><td style='padding:3px 6px; font-weight:bold; background-color:#f2f2f2;'>รหัสรับเหมา</td><td style='padding:3px 6px;'>738889</td></tr><tr><td style='padding:3px 6px; font-weight:bold; background-color:#f2f2f2;'>ชื่อ-สกุล รับเหมา</td><td style='padding:3px 6px;'>รถตัดโรงงานเบอร์ 15</td></tr><tr><td style='padding:3px 6px; font-weight:bold; background-color:#f2f2f2;'>นักเกษตร</td><td style='padding:3px 6px;'>0010</td></tr><tr><td style='padding:3px 6px; font-weight:bold; background-color:#f2f2f2;'>ศูนย์</td><td style='padding:3px 6px;'>K2-02</td></tr><tr><td style='padding:3px 6px; font-weight:bold; background-color:#f2f2f2;'>โควตา</td><td style='padding:3px 6px;'>960615</td></tr><tr><td style='padding:3px 6px; font-weight:bold; background-color:#f2f2f2;'>ชาวไร่</td><td style='padding:3px 6px;'>นาย สมัย ชาบุญเรือง</td></tr><tr><td style='padding:3px 6px; font-weight:bold; background-color:#f2f2f2;'>ประเภทอ้อย</td><td style='padding:3px 6px;'>ตอ2</td></tr><tr><td style='padding:3px 6px; font-weight:bold; background-color:#f2f2f2;'>พื้นที่</td><td style='padding:3px 6px;'>6.99</td></tr><tr><td style='padding:3px 6px; font-weight:bold; background-color:#f2f2f2;'>ตันรวม</td><td style='padding:3px 6px;'>55.92</td></tr><tr><td style='padding:3px 6px; font-weight:bold; background-color:#f2f2f2;'>รหัสแปลง</td><td style='padding:3px 6px;'>340708030019</td></tr><tr><td style='padding:3px 6px; font-weight:bold; background-color:#f2f2f2;'>กลุ่ม</td><td style='padding:3px 6px;'>กลุ่ม_02</td></tr></table></div>]]></description>
      <styleUrl>#plotStyle</styleUrl>
      <MultiGeometry><Polygon><outerBoundaryIs><LinearRing><coordinates>104.9797750,14.8546133,0 104.9801700,14.8574700,0 104.9805133,14.8573217,0 104.9804117,14.8567583,0 104.9804217,14.8567433,0 104.9800733,14.8545933,0 104.9797750,14.8546133,0</coordinates></LinearRing></outerBoundaryIs></Polygon></MultiGeometry>
    </Placemark>
    <Placemark>
      <name>340708030020</name>
      <description><![CDATA[<div style='font-family:Tahoma,sans-serif; font-size:13px;'><h3 style='color:#1565C0; margin:4px 0;'>รหัสแปลง: 340708030020</h3><p style='margin:2px 0;'><b>กลุ่มคิว:</b> 02_001</p><table border='1' style='border-collapse:collapse; border-color:#ccc; width:100%;'><tr><td style='padding:3px 6px; font-weight:bold; background-color:#f2f2f2;'>รหัสกลุ่มคิว</td><td style='padding:3px 6px;'>02/001</td></tr><tr><td style='padding:3px 6px; font-weight:bold; background-color:#f2f2f2;'>รหัสรับเหมา</td><td style='padding:3px 6px;'>738889</td></tr><tr><td style='padding:3px 6px; font-weight:bold; background-color:#f2f2f2;'>ชื่อ-สกุล รับเหมา</td><td style='padding:3px 6px;'>รถตัดโรงงานเบอร์ 15</td></tr><tr><td style='padding:3px 6px; font-weight:bold; background-color:#f2f2f2;'>นักเกษตร</td><td style='padding:3px 6px;'>0010</td></tr><tr><td style='padding:3px 6px; font-weight:bold; background-color:#f2f2f2;'>ศูนย์</td><td style='padding:3px 6px;'>K2-02</td></tr><tr><td style='padding:3px 6px; font-weight:bold; background-color:#f2f2f2;'>โควตา</td><td style='padding:3px 6px;'>960609</td></tr><tr><td style='padding:3px 6px; font-weight:bold; background-color:#f2f2f2;'>ชาวไร่</td><td style='padding:3px 6px;'>นาย วินัย ประฐม</td></tr><tr><td style='padding:3px 6px; font-weight:bold; background-color:#f2f2f2;'>ประเภทอ้อย</td><td style='padding:3px 6px;'>ตอ2</td></tr><tr><td style='padding:3px 6px; font-weight:bold; background-color:#f2f2f2;'>พื้นที่</td><td style='padding:3px 6px;'>6.32</td></tr><tr><td style='padding:3px 6px; font-weight:bold; background-color:#f2f2f2;'>ตันรวม</td><td style='padding:3px 6px;'>50.56</td></tr><tr><td style='padding:3px 6px; font-weight:bold; background-color:#f2f2f2;'>รหัสแปลง</td><td style='padding:3px 6px;'>340708030020</td></tr><tr><td style='padding:3px 6px; font-weight:bold; background-color:#f2f2f2;'>กลุ่ม</td><td style='padding:3px 6px;'>กลุ่ม_02</td></tr></table></div>]]></description>
      <styleUrl>#plotStyle</styleUrl>
      <MultiGeometry><Polygon><outerBoundaryIs><LinearRing><coordinates>104.9800883,14.8707783,0 104.9793150,14.8695883,0 104.9788517,14.8700417,0 104.9795067,14.8710633,0 104.9800883,14.8707783,0</coordinates></LinearRing></outerBoundaryIs></Polygon></MultiGeometry>
    </Placemark>
    <Placemark>
      <name>340708030021</name>
      <description><![CDATA[<div style='font-family:Tahoma,sans-serif; font-size:13px;'><h3 style='color:#1565C0; margin:4px 0;'>รหัสแปลง: 340708030021</h3><p style='margin:2px 0;'><b>กลุ่มคิว:</b> 02_001</p><table border='1' style='border-collapse:collapse; border-color:#ccc; width:100%;'><tr><td style='padding:3px 6px; font-weight:bold; background-color:#f2f2f2;'>รหัสกลุ่มคิว</td><td style='padding:3px 6px;'>02/001</td></tr><tr><td style='padding:3px 6px; font-weight:bold; background-color:#f2f2f2;'>รหัสรับเหมา</td><td style='padding:3px 6px;'>738889</td></tr><tr><td style='padding:3px 6px; font-weight:bold; background-color:#f2f2f2;'>ชื่อ-สกุล รับเหมา</td><td style='padding:3px 6px;'>รถตัดโรงงานเบอร์ 15</td></tr><tr><td style='padding:3px 6px; font-weight:bold; background-color:#f2f2f2;'>นักเกษตร</td><td style='padding:3px 6px;'>0010</td></tr><tr><td style='padding:3px 6px; font-weight:bold; background-color:#f2f2f2;'>ศูนย์</td><td style='padding:3px 6px;'>K2-02</td></tr><tr><td style='padding:3px 6px; font-weight:bold; background-color:#f2f2f2;'>โควตา</td><td style='padding:3px 6px;'>960610</td></tr><tr><td style='padding:3px 6px; font-weight:bold; background-color:#f2f2f2;'>ชาวไร่</td><td style='padding:3px 6px;'>นาย สมพร มาลี</td></tr><tr><td style='padding:3px 6px; font-weight:bold; background-color:#f2f2f2;'>ประเภทอ้อย</td><td style='padding:3px 6px;'>ตอ2</td></tr><tr><td style='padding:3px 6px; font-weight:bold; background-color:#f2f2f2;'>พื้นที่</td><td style='padding:3px 6px;'>10.56</td></tr><tr><td style='padding:3px 6px; font-weight:bold; background-color:#f2f2f2;'>ตันรวม</td><td style='padding:3px 6px;'>84.48</td></tr><tr><td style='padding:3px 6px; font-weight:bold; background-color:#f2f2f2;'>รหัสแปลง</td><td style='padding:3px 6px;'>340708030021</td></tr><tr><td style='padding:3px 6px; font-weight:bold; background-color:#f2f2f2;'>กลุ่ม</td><td style='padding:3px 6px;'>กลุ่ม_02</td></tr></table></div>]]></description>
      <styleUrl>#plotStyle</styleUrl>
      <MultiGeometry><Polygon><outerBoundaryIs><LinearRing><coordinates>104.9870137,14.8609418,0 104.9854731,14.8611011,0 104.9854822,14.8619803,0 104.9871640,14.8617621,0 104.9872814,14.8613333,0 104.9869953,14.8613595,0 104.9870137,14.8609418,0</coordinates></LinearRing></outerBoundaryIs></Polygon></MultiGeometry>
    </Placemark>
    <Placemark>
      <name>340708030025</name>
      <description><![CDATA[<div style='font-family:Tahoma,sans-serif; font-size:13px;'><h3 style='color:#1565C0; margin:4px 0;'>รหัสแปลง: 340708030025</h3><p style='margin:2px 0;'><b>กลุ่มคิว:</b> 02_001</p><table border='1' style='border-collapse:collapse; border-color:#ccc; width:100%;'><tr><td style='padding:3px 6px; font-weight:bold; background-color:#f2f2f2;'>รหัสกลุ่มคิว</td><td style='padding:3px 6px;'>02/001</td></tr><tr><td style='padding:3px 6px; font-weight:bold; background-color:#f2f2f2;'>รหัสรับเหมา</td><td style='padding:3px 6px;'>738889</td></tr><tr><td style='padding:3px 6px; font-weight:bold; background-color:#f2f2f2;'>ชื่อ-สกุล รับเหมา</td><td style='padding:3px 6px;'>รถตัดโรงงานเบอร์ 15</td></tr><tr><td style='padding:3px 6px; font-weight:bold; background-color:#f2f2f2;'>นักเกษตร</td><td style='padding:3px 6px;'>0010</td></tr><tr><td style='padding:3px 6px; font-weight:bold; background-color:#f2f2f2;'>ศูนย์</td><td style='padding:3px 6px;'>K2-02</td></tr><tr><td style='padding:3px 6px; font-weight:bold; background-color:#f2f2f2;'>โควตา</td><td style='padding:3px 6px;'>960616</td></tr><tr><td style='padding:3px 6px; font-weight:bold; background-color:#f2f2f2;'>ชาวไร่</td><td style='padding:3px 6px;'>นาง หนูจร กันนิดา</td></tr><tr><td style='padding:3px 6px; font-weight:bold; background-color:#f2f2f2;'>ประเภทอ้อย</td><td style='padding:3px 6px;'>ตอ2</td></tr><tr><td style='padding:3px 6px; font-weight:bold; background-color:#f2f2f2;'>พื้นที่</td><td style='padding:3px 6px;'>10.01</td></tr><tr><td style='padding:3px 6px; font-weight:bold; background-color:#f2f2f2;'>ตันรวม</td><td style='padding:3px 6px;'>80.08</td></tr><tr><td style='padding:3px 6px; font-weight:bold; background-color:#f2f2f2;'>รหัสแปลง</td><td style='padding:3px 6px;'>340708030025</td></tr><tr><td style='padding:3px 6px; font-weight:bold; background-color:#f2f2f2;'>กลุ่ม</td><td style='padding:3px 6px;'>กลุ่ม_02</td></tr></table></div>]]></description>
      <styleUrl>#plotStyle</styleUrl>
      <MultiGeometry><Polygon><outerBoundaryIs><LinearRing><coordinates>104.9845636,14.8730237,0 104.9847987,14.8736106,0 104.9850227,14.8744065,0 104.9859818,14.8743420,0 104.9857520,14.8731168,0 104.9850465,14.8732792,0 104.9849013,14.8728112,0 104.9845636,14.8730237,0</coordinates></LinearRing></outerBoundaryIs></Polygon></MultiGeometry>
    </Placemark>
    <Placemark>
      <name>340708030026</name>
      <description><![CDATA[<div style='font-family:Tahoma,sans-serif; font-size:13px;'><h3 style='color:#1565C0; margin:4px 0;'>รหัสแปลง: 340708030026</h3><p style='margin:2px 0;'><b>กลุ่มคิว:</b> 02_001</p><table border='1' style='border-collapse:collapse; border-color:#ccc; width:100%;'><tr><td style='padding:3px 6px; font-weight:bold; background-color:#f2f2f2;'>รหัสกลุ่มคิว</td><td style='padding:3px 6px;'>02/001</td></tr><tr><td style='padding:3px 6px; font-weight:bold; background-color:#f2f2f2;'>รหัสรับเหมา</td><td style='padding:3px 6px;'>738889</td></tr><tr><td style='padding:3px 6px; font-weight:bold; background-color:#f2f2f2;'>ชื่อ-สกุล รับเหมา</td><td style='padding:3px 6px;'>รถตัดโรงงานเบอร์ 15</td></tr><tr><td style='padding:3px 6px; font-weight:bold; background-color:#f2f2f2;'>นักเกษตร</td><td style='padding:3px 6px;'>0010</td></tr><tr><td style='padding:3px 6px; font-weight:bold; background-color:#f2f2f2;'>ศูนย์</td><td style='padding:3px 6px;'>K2-02</td></tr><tr><td style='padding:3px 6px; font-weight:bold; background-color:#f2f2f2;'>โควตา</td><td style='padding:3px 6px;'>960589</td></tr><tr><td style='padding:3px 6px; font-weight:bold; background-color:#f2f2f2;'>ชาวไร่</td><td style='padding:3px 6px;'>นาย สว่าง ศิลาเกษ</td></tr><tr><td style='padding:3px 6px; font-weight:bold; background-color:#f2f2f2;'>ประเภทอ้อย</td><td style='padding:3px 6px;'>ตอ2</td></tr><tr><td style='padding:3px 6px; font-weight:bold; background-color:#f2f2f2;'>พื้นที่</td><td style='padding:3px 6px;'>2.26</td></tr><tr><td style='padding:3px 6px; font-weight:bold; background-color:#f2f2f2;'>ตันรวม</td><td style='padding:3px 6px;'>18.08</td></tr><tr><td style='padding:3px 6px; font-weight:bold; background-color:#f2f2f2;'>รหัสแปลง</td><td style='padding:3px 6px;'>340708030026</td></tr><tr><td style='padding:3px 6px; font-weight:bold; background-color:#f2f2f2;'>กลุ่ม</td><td style='padding:3px 6px;'>กลุ่ม_02</td></tr></table></div>]]></description>
      <styleUrl>#plotStyle</styleUrl>
      <MultiGeometry><Polygon><outerBoundaryIs><LinearRing><coordinates>104.9877763,14.8606503,0 104.9890397,14.8605542,0 104.9891162,14.8603180,0 104.9877742,14.8604191,0 104.9877763,14.8606503,0</coordinates></LinearRing></outerBoundaryIs></Polygon></MultiGeometry>
    </Placemark>
    <Placemark>
      <name>340704020008</name>
      <description><![CDATA[<div style='font-family:Tahoma,sans-serif; font-size:13px;'><h3 style='color:#1565C0; margin:4px 0;'>รหัสแปลง: 340704020008</h3><p style='margin:2px 0;'><b>กลุ่มคิว:</b> 02_001</p><table border='1' style='border-collapse:collapse; border-color:#ccc; width:100%;'><tr><td style='padding:3px 6px; font-weight:bold; background-color:#f2f2f2;'>รหัสกลุ่มคิว</td><td style='padding:3px 6px;'>02/001</td></tr><tr><td style='padding:3px 6px; font-weight:bold; background-color:#f2f2f2;'>รหัสรับเหมา</td><td style='padding:3px 6px;'>738889</td></tr><tr><td style='padding:3px 6px; font-weight:bold; background-color:#f2f2f2;'>ชื่อ-สกุล รับเหมา</td><td style='padding:3px 6px;'>รถตัดโรงงานเบอร์ 15</td></tr><tr><td style='padding:3px 6px; font-weight:bold; background-color:#f2f2f2;'>นักเกษตร</td><td style='padding:3px 6px;'>0010</td></tr><tr><td style='padding:3px 6px; font-weight:bold; background-color:#f2f2f2;'>ศูนย์</td><td style='padding:3px 6px;'>K2-02</td></tr><tr><td style='padding:3px 6px; font-weight:bold; background-color:#f2f2f2;'>โควตา</td><td style='padding:3px 6px;'>912687</td></tr><tr><td style='padding:3px 6px; font-weight:bold; background-color:#f2f2f2;'>ชาวไร่</td><td style='padding:3px 6px;'>นาย ดัด ขอสุข</td></tr><tr><td style='padding:3px 6px; font-weight:bold; background-color:#f2f2f2;'>ประเภทอ้อย</td><td style='padding:3px 6px;'>ตอ1</td></tr><tr><td style='padding:3px 6px; font-weight:bold; background-color:#f2f2f2;'>พื้นที่</td><td style='padding:3px 6px;'>4.44</td></tr><tr><td style='padding:3px 6px; font-weight:bold; background-color:#f2f2f2;'>ตันรวม</td><td style='padding:3px 6px;'>39.96</td></tr><tr><td style='padding:3px 6px; font-weight:bold; background-color:#f2f2f2;'>รหัสแปลง</td><td style='padding:3px 6px;'>340704020008</td></tr><tr><td style='padding:3px 6px; font-weight:bold; background-color:#f2f2f2;'>กลุ่ม</td><td style='padding:3px 6px;'>กลุ่ม_02</td></tr></table></div>]]></description>
      <styleUrl>#plotStyle</styleUrl>
      <MultiGeometry><Polygon><outerBoundaryIs><LinearRing><coordinates>104.9828683,14.8806550,0 104.9823000,14.8797700,0 104.9819067,14.8799467,0 104.9822283,14.8809467,0 104.9828683,14.8806550,0</coordinates></LinearRing></outerBoundaryIs></Polygon></MultiGeometry>
    </Placemark>
    <Placemark>
      <name>340708030027</name>
      <description><![CDATA[<div style='font-family:Tahoma,sans-serif; font-size:13px;'><h3 style='color:#1565C0; margin:4px 0;'>รหัสแปลง: 340708030027</h3><p style='margin:2px 0;'><b>กลุ่มคิว:</b> 02_001</p><table border='1' style='border-collapse:collapse; border-color:#ccc; width:100%;'><tr><td style='padding:3px 6px; font-weight:bold; background-color:#f2f2f2;'>รหัสกลุ่มคิว</td><td style='padding:3px 6px;'>02/001</td></tr><tr><td style='padding:3px 6px; font-weight:bold; background-color:#f2f2f2;'>รหัสรับเหมา</td><td style='padding:3px 6px;'>738889</td></tr><tr><td style='padding:3px 6px; font-weight:bold; background-color:#f2f2f2;'>ชื่อ-สกุล รับเหมา</td><td style='padding:3px 6px;'>รถตัดโรงงานเบอร์ 15</td></tr><tr><td style='padding:3px 6px; font-weight:bold; background-color:#f2f2f2;'>นักเกษตร</td><td style='padding:3px 6px;'>0010</td></tr><tr><td style='padding:3px 6px; font-weight:bold; background-color:#f2f2f2;'>ศูนย์</td><td style='padding:3px 6px;'>K2-02</td></tr><tr><td style='padding:3px 6px; font-weight:bold; background-color:#f2f2f2;'>โควตา</td><td style='padding:3px 6px;'>960621</td></tr><tr><td style='padding:3px 6px; font-weight:bold; background-color:#f2f2f2;'>ชาวไร่</td><td style='padding:3px 6px;'>นาย อาทิตย์ บุญตาเพศ</td></tr><tr><td style='padding:3px 6px; font-weight:bold; background-color:#f2f2f2;'>ประเภทอ้อย</td><td style='padding:3px 6px;'>ตอ2</td></tr><tr><td style='padding:3px 6px; font-weight:bold; background-color:#f2f2f2;'>พื้นที่</td><td style='padding:3px 6px;'>12.55</td></tr><tr><td style='padding:3px 6px; font-weight:bold; background-color:#f2f2f2;'>ตันรวม</td><td style='padding:3px 6px;'>100.4</td></tr><tr><td style='padding:3px 6px; font-weight:bold; background-color:#f2f2f2;'>รหัสแปลง</td><td style='padding:3px 6px;'>340708030027</td></tr><tr><td style='padding:3px 6px; font-weight:bold; background-color:#f2f2f2;'>กลุ่ม</td><td style='padding:3px 6px;'>กลุ่ม_02</td></tr></table></div>]]></description>
      <styleUrl>#plotStyle</styleUrl>
      <MultiGeometry><Polygon><outerBoundaryIs><LinearRing><coordinates>104.9842825,14.8727303,0 104.9847214,14.8726210,0 104.9849123,14.8727800,0 104.9850695,14.8732292,0 104.9857461,14.8730454,0 104.9856487,14.8725756,0 104.9849508,14.8727273,0 104.9846966,14.8718893,0 104.9833309,14.8722720,0 104.9832752,14.8723403,0 104.9829024,14.8730300,0 104.9843122,14.8728588,0 104.9842825,14.8727303,0</coordinates></LinearRing></outerBoundaryIs></Polygon></MultiGeometry>
    </Placemark>
    <Placemark>
      <name>340708030032</name>
      <description><![CDATA[<div style='font-family:Tahoma,sans-serif; font-size:13px;'><h3 style='color:#1565C0; margin:4px 0;'>รหัสแปลง: 340708030032</h3><p style='margin:2px 0;'><b>กลุ่มคิว:</b> 02_001</p><table border='1' style='border-collapse:collapse; border-color:#ccc; width:100%;'><tr><td style='padding:3px 6px; font-weight:bold; background-color:#f2f2f2;'>รหัสกลุ่มคิว</td><td style='padding:3px 6px;'>02/001</td></tr><tr><td style='padding:3px 6px; font-weight:bold; background-color:#f2f2f2;'>รหัสรับเหมา</td><td style='padding:3px 6px;'>738889</td></tr><tr><td style='padding:3px 6px; font-weight:bold; background-color:#f2f2f2;'>ชื่อ-สกุล รับเหมา</td><td style='padding:3px 6px;'>รถตัดโรงงานเบอร์ 15</td></tr><tr><td style='padding:3px 6px; font-weight:bold; background-color:#f2f2f2;'>นักเกษตร</td><td style='padding:3px 6px;'>0010</td></tr><tr><td style='padding:3px 6px; font-weight:bold; background-color:#f2f2f2;'>ศูนย์</td><td style='padding:3px 6px;'>K2-02</td></tr><tr><td style='padding:3px 6px; font-weight:bold; background-color:#f2f2f2;'>โควตา</td><td style='padding:3px 6px;'>960627</td></tr><tr><td style='padding:3px 6px; font-weight:bold; background-color:#f2f2f2;'>ชาวไร่</td><td style='padding:3px 6px;'>นาย กร มาลี</td></tr><tr><td style='padding:3px 6px; font-weight:bold; background-color:#f2f2f2;'>ประเภทอ้อย</td><td style='padding:3px 6px;'>ตอ2</td></tr><tr><td style='padding:3px 6px; font-weight:bold; background-color:#f2f2f2;'>พื้นที่</td><td style='padding:3px 6px;'>5.26</td></tr><tr><td style='padding:3px 6px; font-weight:bold; background-color:#f2f2f2;'>ตันรวม</td><td style='padding:3px 6px;'>42.08</td></tr><tr><td style='padding:3px 6px; font-weight:bold; background-color:#f2f2f2;'>รหัสแปลง</td><td style='padding:3px 6px;'>340708030032</td></tr><tr><td style='padding:3px 6px; font-weight:bold; background-color:#f2f2f2;'>กลุ่ม</td><td style='padding:3px 6px;'>กลุ่ม_02</td></tr></table></div>]]></description>
      <styleUrl>#plotStyle</styleUrl>
      <MultiGeometry><Polygon><outerBoundaryIs><LinearRing><coordinates>104.9786550,14.8575133,0 104.9786833,14.8581367,0 104.9801017,14.8574817,0 104.9800250,14.8571700,0 104.9789617,14.8574050,0 104.9786550,14.8575133,0</coordinates></LinearRing></outerBoundaryIs></Polygon></MultiGeometry>
    </Placemark>
    <Placemark>
      <name>340708030033</name>
      <description><![CDATA[<div style='font-family:Tahoma,sans-serif; font-size:13px;'><h3 style='color:#1565C0; margin:4px 0;'>รหัสแปลง: 340708030033</h3><p style='margin:2px 0;'><b>กลุ่มคิว:</b> 02_001</p><table border='1' style='border-collapse:collapse; border-color:#ccc; width:100%;'><tr><td style='padding:3px 6px; font-weight:bold; background-color:#f2f2f2;'>รหัสกลุ่มคิว</td><td style='padding:3px 6px;'>02/001</td></tr><tr><td style='padding:3px 6px; font-weight:bold; background-color:#f2f2f2;'>รหัสรับเหมา</td><td style='padding:3px 6px;'>738889</td></tr><tr><td style='padding:3px 6px; font-weight:bold; background-color:#f2f2f2;'>ชื่อ-สกุล รับเหมา</td><td style='padding:3px 6px;'>รถตัดโรงงานเบอร์ 15</td></tr><tr><td style='padding:3px 6px; font-weight:bold; background-color:#f2f2f2;'>นักเกษตร</td><td style='padding:3px 6px;'>0010</td></tr><tr><td style='padding:3px 6px; font-weight:bold; background-color:#f2f2f2;'>ศูนย์</td><td style='padding:3px 6px;'>K2-02</td></tr><tr><td style='padding:3px 6px; font-weight:bold; background-color:#f2f2f2;'>โควตา</td><td style='padding:3px 6px;'>960576</td></tr><tr><td style='padding:3px 6px; font-weight:bold; background-color:#f2f2f2;'>ชาวไร่</td><td style='padding:3px 6px;'>นาย ถวิล วันนา</td></tr><tr><td style='padding:3px 6px; font-weight:bold; background-color:#f2f2f2;'>ประเภทอ้อย</td><td style='padding:3px 6px;'>ตอ2</td></tr><tr><td style='padding:3px 6px; font-weight:bold; background-color:#f2f2f2;'>พื้นที่</td><td style='padding:3px 6px;'>10.67</td></tr><tr><td style='padding:3px 6px; font-weight:bold; background-color:#f2f2f2;'>ตันรวม</td><td style='padding:3px 6px;'>85.36</td></tr><tr><td style='padding:3px 6px; font-weight:bold; background-color:#f2f2f2;'>รหัสแปลง</td><td style='padding:3px 6px;'>340708030033</td></tr><tr><td style='padding:3px 6px; font-weight:bold; background-color:#f2f2f2;'>กลุ่ม</td><td style='padding:3px 6px;'>กลุ่ม_02</td></tr></table></div>]]></description>
      <styleUrl>#plotStyle</styleUrl>
      <MultiGeometry><Polygon><outerBoundaryIs><LinearRing><coordinates>104.9969083,14.8627650,0 104.9968067,14.8634400,0 104.9967450,14.8637133,0 104.9966483,14.8640017,0 104.9965750,14.8641900,0 104.9964783,14.8643783,0 104.9965800,14.8643800,0 104.9965850,14.8643483,0 104.9966400,14.8643400,0 104.9966717,14.8643683,0 104.9971067,14.8643550,0 104.9976633,14.8643233,0 104.9976117,14.8641550,0 104.9975783,14.8641250,0 104.9976100,14.8640533,0 104.9976517,14.8640733,0 104.9976717,14.8635783,0 104.9977150,14.8628367,0 104.9971867,14.8628117,0 104.9971033,14.8628117,0 104.9969083,14.8627650,0</coordinates></LinearRing></outerBoundaryIs></Polygon></MultiGeometry>
    </Placemark>
    <Placemark>
      <name>340708030035</name>
      <description><![CDATA[<div style='font-family:Tahoma,sans-serif; font-size:13px;'><h3 style='color:#1565C0; margin:4px 0;'>รหัสแปลง: 340708030035</h3><p style='margin:2px 0;'><b>กลุ่มคิว:</b> 02_001</p><table border='1' style='border-collapse:collapse; border-color:#ccc; width:100%;'><tr><td style='padding:3px 6px; font-weight:bold; background-color:#f2f2f2;'>รหัสกลุ่มคิว</td><td style='padding:3px 6px;'>02/001</td></tr><tr><td style='padding:3px 6px; font-weight:bold; background-color:#f2f2f2;'>รหัสรับเหมา</td><td style='padding:3px 6px;'>738889</td></tr><tr><td style='padding:3px 6px; font-weight:bold; background-color:#f2f2f2;'>ชื่อ-สกุล รับเหมา</td><td style='padding:3px 6px;'>รถตัดโรงงานเบอร์ 15</td></tr><tr><td style='padding:3px 6px; font-weight:bold; background-color:#f2f2f2;'>นักเกษตร</td><td style='padding:3px 6px;'>0010</td></tr><tr><td style='padding:3px 6px; font-weight:bold; background-color:#f2f2f2;'>ศูนย์</td><td style='padding:3px 6px;'>K2-02</td></tr><tr><td style='padding:3px 6px; font-weight:bold; background-color:#f2f2f2;'>โควตา</td><td style='padding:3px 6px;'>960582</td></tr><tr><td style='padding:3px 6px; font-weight:bold; background-color:#f2f2f2;'>ชาวไร่</td><td style='padding:3px 6px;'>นาย สอน ประทุม</td></tr><tr><td style='padding:3px 6px; font-weight:bold; background-color:#f2f2f2;'>ประเภทอ้อย</td><td style='padding:3px 6px;'>ตอ1</td></tr><tr><td style='padding:3px 6px; font-weight:bold; background-color:#f2f2f2;'>พื้นที่</td><td style='padding:3px 6px;'>12.54</td></tr><tr><td style='padding:3px 6px; font-weight:bold; background-color:#f2f2f2;'>ตันรวม</td><td style='padding:3px 6px;'>112.86</td></tr><tr><td style='padding:3px 6px; font-weight:bold; background-color:#f2f2f2;'>รหัสแปลง</td><td style='padding:3px 6px;'>340708030035</td></tr><tr><td style='padding:3px 6px; font-weight:bold; background-color:#f2f2f2;'>กลุ่ม</td><td style='padding:3px 6px;'>กลุ่ม_02</td></tr></table></div>]]></description>
      <styleUrl>#plotStyle</styleUrl>
      <MultiGeometry><Polygon><outerBoundaryIs><LinearRing><coordinates>104.9915683,14.8707233,0 104.9918017,14.8703467,0 104.9919500,14.8701333,0 104.9920359,14.8699690,0 104.9919839,14.8699684,0 104.9918947,14.8699898,0 104.9918650,14.8699994,0 104.9918287,14.8699971,0 104.9918150,14.8699849,0 104.9918008,14.8699428,0 104.9918001,14.8699096,0 104.9918476,14.8698975,0 104.9918980,14.8699086,0 104.9919087,14.8699512,0 104.9920428,14.8699413,0 104.9920517,14.8696667,0 104.9920367,14.8695133,0 104.9916550,14.8678633,0 104.9915733,14.8678683,0 104.9914450,14.8678783,0 104.9913467,14.8676650,0 104.9914400,14.8676100,0 104.9914450,14.8675700,0 104.9914767,14.8674733,0 104.9909850,14.8677650,0 104.9912717,14.8690067,0 104.9912933,14.8690067,0 104.9914433,14.8699983,0 104.9915683,14.8707233,0</coordinates></LinearRing></outerBoundaryIs></Polygon></MultiGeometry>
    </Placemark>
    <Placemark>
      <name>340708080002</name>
      <description><![CDATA[<div style='font-family:Tahoma,sans-serif; font-size:13px;'><h3 style='color:#1565C0; margin:4px 0;'>รหัสแปลง: 340708080002</h3><p style='margin:2px 0;'><b>กลุ่มคิว:</b> 02_001</p><table border='1' style='border-collapse:collapse; border-color:#ccc; width:100%;'><tr><td style='padding:3px 6px; font-weight:bold; background-color:#f2f2f2;'>รหัสกลุ่มคิว</td><td style='padding:3px 6px;'>02/001</td></tr><tr><td style='padding:3px 6px; font-weight:bold; background-color:#f2f2f2;'>รหัสรับเหมา</td><td style='padding:3px 6px;'>738889</td></tr><tr><td style='padding:3px 6px; font-weight:bold; background-color:#f2f2f2;'>ชื่อ-สกุล รับเหมา</td><td style='padding:3px 6px;'>รถตัดโรงงานเบอร์ 15</td></tr><tr><td style='padding:3px 6px; font-weight:bold; background-color:#f2f2f2;'>นักเกษตร</td><td style='padding:3px 6px;'>0010</td></tr><tr><td style='padding:3px 6px; font-weight:bold; background-color:#f2f2f2;'>ศูนย์</td><td style='padding:3px 6px;'>K2-02</td></tr><tr><td style='padding:3px 6px; font-weight:bold; background-color:#f2f2f2;'>โควตา</td><td style='padding:3px 6px;'>960637</td></tr><tr><td style='padding:3px 6px; font-weight:bold; background-color:#f2f2f2;'>ชาวไร่</td><td style='padding:3px 6px;'>นางสาว วราธร ศรีเนตร</td></tr><tr><td style='padding:3px 6px; font-weight:bold; background-color:#f2f2f2;'>ประเภทอ้อย</td><td style='padding:3px 6px;'>ตอ2</td></tr><tr><td style='padding:3px 6px; font-weight:bold; background-color:#f2f2f2;'>พื้นที่</td><td style='padding:3px 6px;'>1.22</td></tr><tr><td style='padding:3px 6px; font-weight:bold; background-color:#f2f2f2;'>ตันรวม</td><td style='padding:3px 6px;'>9.76</td></tr><tr><td style='padding:3px 6px; font-weight:bold; background-color:#f2f2f2;'>รหัสแปลง</td><td style='padding:3px 6px;'>340708080002</td></tr><tr><td style='padding:3px 6px; font-weight:bold; background-color:#f2f2f2;'>กลุ่ม</td><td style='padding:3px 6px;'>กลุ่ม_02</td></tr></table></div>]]></description>
      <styleUrl>#plotStyle</styleUrl>
      <MultiGeometry><Polygon><outerBoundaryIs><LinearRing><coordinates>104.9929500,14.7989267,0 104.9929783,14.7998217,0 104.9932217,14.7998067,0 104.9930617,14.7988933,0 104.9929500,14.7989267,0</coordinates></LinearRing></outerBoundaryIs></Polygon></MultiGeometry>
    </Placemark>
    <Placemark>
      <name>340708080003</name>
      <description><![CDATA[<div style='font-family:Tahoma,sans-serif; font-size:13px;'><h3 style='color:#1565C0; margin:4px 0;'>รหัสแปลง: 340708080003</h3><p style='margin:2px 0;'><b>กลุ่มคิว:</b> 02_001</p><table border='1' style='border-collapse:collapse; border-color:#ccc; width:100%;'><tr><td style='padding:3px 6px; font-weight:bold; background-color:#f2f2f2;'>รหัสกลุ่มคิว</td><td style='padding:3px 6px;'>02/001</td></tr><tr><td style='padding:3px 6px; font-weight:bold; background-color:#f2f2f2;'>รหัสรับเหมา</td><td style='padding:3px 6px;'>738889</td></tr><tr><td style='padding:3px 6px; font-weight:bold; background-color:#f2f2f2;'>ชื่อ-สกุล รับเหมา</td><td style='padding:3px 6px;'>รถตัดโรงงานเบอร์ 15</td></tr><tr><td style='padding:3px 6px; font-weight:bold; background-color:#f2f2f2;'>นักเกษตร</td><td style='padding:3px 6px;'>0010</td></tr><tr><td style='padding:3px 6px; font-weight:bold; background-color:#f2f2f2;'>ศูนย์</td><td style='padding:3px 6px;'>K2-02</td></tr><tr><td style='padding:3px 6px; font-weight:bold; background-color:#f2f2f2;'>โควตา</td><td style='padding:3px 6px;'>960637</td></tr><tr><td style='padding:3px 6px; font-weight:bold; background-color:#f2f2f2;'>ชาวไร่</td><td style='padding:3px 6px;'>นางสาว วราธร ศรีเนตร</td></tr><tr><td style='padding:3px 6px; font-weight:bold; background-color:#f2f2f2;'>ประเภทอ้อย</td><td style='padding:3px 6px;'>ตอ1</td></tr><tr><td style='padding:3px 6px; font-weight:bold; background-color:#f2f2f2;'>พื้นที่</td><td style='padding:3px 6px;'>6.59</td></tr><tr><td style='padding:3px 6px; font-weight:bold; background-color:#f2f2f2;'>ตันรวม</td><td style='padding:3px 6px;'>59.31</td></tr><tr><td style='padding:3px 6px; font-weight:bold; background-color:#f2f2f2;'>รหัสแปลง</td><td style='padding:3px 6px;'>340708080003</td></tr><tr><td style='padding:3px 6px; font-weight:bold; background-color:#f2f2f2;'>กลุ่ม</td><td style='padding:3px 6px;'>กลุ่ม_02</td></tr></table></div>]]></description>
      <styleUrl>#plotStyle</styleUrl>
      <MultiGeometry><Polygon><outerBoundaryIs><LinearRing><coordinates>104.9929617,14.7989383,0 104.9930817,14.7989133,0 104.9934500,14.7987583,0 104.9934917,14.7987517,0 104.9934200,14.7981733,0 104.9933917,14.7981133,0 104.9933367,14.7977667,0 104.9926283,14.7978517,0 104.9926783,14.7979683,0 104.9927017,14.7981167,0 104.9927167,14.7981800,0 104.9927600,14.7983100,0 104.9928133,14.7983983,0 104.9928100,14.7984300,0 104.9927133,14.7985400,0 104.9927117,14.7985467,0 104.9927900,14.7985933,0 104.9928067,14.7986600,0 104.9928017,14.7987250,0 104.9928317,14.7988117,0 104.9928867,14.7988967,0 104.9928883,14.7989150,0 104.9928017,14.7989500,0 104.9928050,14.7990433,0 104.9927833,14.7995600,0 104.9927750,14.7997550,0 104.9927917,14.7998300,0 104.9929583,14.7998667,0 104.9929617,14.7989383,0</coordinates></LinearRing></outerBoundaryIs></Polygon></MultiGeometry>
    </Placemark>
    <Placemark>
      <name>340708030037</name>
      <description><![CDATA[<div style='font-family:Tahoma,sans-serif; font-size:13px;'><h3 style='color:#1565C0; margin:4px 0;'>รหัสแปลง: 340708030037</h3><p style='margin:2px 0;'><b>กลุ่มคิว:</b> 02_001</p><table border='1' style='border-collapse:collapse; border-color:#ccc; width:100%;'><tr><td style='padding:3px 6px; font-weight:bold; background-color:#f2f2f2;'>รหัสกลุ่มคิว</td><td style='padding:3px 6px;'>02/001</td></tr><tr><td style='padding:3px 6px; font-weight:bold; background-color:#f2f2f2;'>รหัสรับเหมา</td><td style='padding:3px 6px;'>738889</td></tr><tr><td style='padding:3px 6px; font-weight:bold; background-color:#f2f2f2;'>ชื่อ-สกุล รับเหมา</td><td style='padding:3px 6px;'>รถตัดโรงงานเบอร์ 15</td></tr><tr><td style='padding:3px 6px; font-weight:bold; background-color:#f2f2f2;'>นักเกษตร</td><td style='padding:3px 6px;'>0010</td></tr><tr><td style='padding:3px 6px; font-weight:bold; background-color:#f2f2f2;'>ศูนย์</td><td style='padding:3px 6px;'>K2-02</td></tr><tr><td style='padding:3px 6px; font-weight:bold; background-color:#f2f2f2;'>โควตา</td><td style='padding:3px 6px;'>960609</td></tr><tr><td style='padding:3px 6px; font-weight:bold; background-color:#f2f2f2;'>ชาวไร่</td><td style='padding:3px 6px;'>นาย วินัย ประฐม</td></tr><tr><td style='padding:3px 6px; font-weight:bold; background-color:#f2f2f2;'>ประเภทอ้อย</td><td style='padding:3px 6px;'>ตอ1</td></tr><tr><td style='padding:3px 6px; font-weight:bold; background-color:#f2f2f2;'>พื้นที่</td><td style='padding:3px 6px;'>6.51</td></tr><tr><td style='padding:3px 6px; font-weight:bold; background-color:#f2f2f2;'>ตันรวม</td><td style='padding:3px 6px;'>58.59</td></tr><tr><td style='padding:3px 6px; font-weight:bold; background-color:#f2f2f2;'>รหัสแปลง</td><td style='padding:3px 6px;'>340708030037</td></tr><tr><td style='padding:3px 6px; font-weight:bold; background-color:#f2f2f2;'>กลุ่ม</td><td style='padding:3px 6px;'>กลุ่ม_02</td></tr></table></div>]]></description>
      <styleUrl>#plotStyle</styleUrl>
      <MultiGeometry><Polygon><outerBoundaryIs><LinearRing><coordinates>104.9844417,14.8668617,0 104.9845817,14.8672267,0 104.9853700,14.8669467,0 104.9866917,14.8666083,0 104.9866317,14.8664617,0 104.9865517,14.8662717,0 104.9862533,14.8663433,0 104.9860267,14.8663583,0 104.9857983,14.8664017,0 104.9856933,14.8664267,0 104.9856250,14.8664450,0 104.9855583,14.8664650,0 104.9844417,14.8668617,0</coordinates></LinearRing></outerBoundaryIs></Polygon></MultiGeometry>
    </Placemark>
    <Placemark>
      <name>340708040003</name>
      <description><![CDATA[<div style='font-family:Tahoma,sans-serif; font-size:13px;'><h3 style='color:#1565C0; margin:4px 0;'>รหัสแปลง: 340708040003</h3><p style='margin:2px 0;'><b>กลุ่มคิว:</b> 02_001</p><table border='1' style='border-collapse:collapse; border-color:#ccc; width:100%;'><tr><td style='padding:3px 6px; font-weight:bold; background-color:#f2f2f2;'>รหัสกลุ่มคิว</td><td style='padding:3px 6px;'>02/001</td></tr><tr><td style='padding:3px 6px; font-weight:bold; background-color:#f2f2f2;'>รหัสรับเหมา</td><td style='padding:3px 6px;'>738889</td></tr><tr><td style='padding:3px 6px; font-weight:bold; background-color:#f2f2f2;'>ชื่อ-สกุล รับเหมา</td><td style='padding:3px 6px;'>รถตัดโรงงานเบอร์ 15</td></tr><tr><td style='padding:3px 6px; font-weight:bold; background-color:#f2f2f2;'>นักเกษตร</td><td style='padding:3px 6px;'>0010</td></tr><tr><td style='padding:3px 6px; font-weight:bold; background-color:#f2f2f2;'>ศูนย์</td><td style='padding:3px 6px;'>K2-02</td></tr><tr><td style='padding:3px 6px; font-weight:bold; background-color:#f2f2f2;'>โควตา</td><td style='padding:3px 6px;'>960624</td></tr><tr><td style='padding:3px 6px; font-weight:bold; background-color:#f2f2f2;'>ชาวไร่</td><td style='padding:3px 6px;'>นาย รำไพ แสวงวงษ์</td></tr><tr><td style='padding:3px 6px; font-weight:bold; background-color:#f2f2f2;'>ประเภทอ้อย</td><td style='padding:3px 6px;'>ตอ1</td></tr><tr><td style='padding:3px 6px; font-weight:bold; background-color:#f2f2f2;'>พื้นที่</td><td style='padding:3px 6px;'>10.08</td></tr><tr><td style='padding:3px 6px; font-weight:bold; background-color:#f2f2f2;'>ตันรวม</td><td style='padding:3px 6px;'>90.72</td></tr><tr><td style='padding:3px 6px; font-weight:bold; background-color:#f2f2f2;'>รหัสแปลง</td><td style='padding:3px 6px;'>340708040003</td></tr><tr><td style='padding:3px 6px; font-weight:bold; background-color:#f2f2f2;'>กลุ่ม</td><td style='padding:3px 6px;'>กลุ่ม_02</td></tr></table></div>]]></description>
      <styleUrl>#plotStyle</styleUrl>
      <MultiGeometry><Polygon><outerBoundaryIs><LinearRing><coordinates>104.9629683,14.8447617,0 104.9627783,14.8440567,0 104.9626717,14.8436367,0 104.9626200,14.8435433,0 104.9626000,14.8434967,0 104.9626000,14.8434950,0 104.9625133,14.8430250,0 104.9618683,14.8431717,0 104.9620950,14.8442517,0 104.9622783,14.8451583,0 104.9629683,14.8447617,0</coordinates></LinearRing></outerBoundaryIs></Polygon></MultiGeometry>
    </Placemark>
    <Placemark>
      <name>340708040004</name>
      <description><![CDATA[<div style='font-family:Tahoma,sans-serif; font-size:13px;'><h3 style='color:#1565C0; margin:4px 0;'>รหัสแปลง: 340708040004</h3><p style='margin:2px 0;'><b>กลุ่มคิว:</b> 02_001</p><table border='1' style='border-collapse:collapse; border-color:#ccc; width:100%;'><tr><td style='padding:3px 6px; font-weight:bold; background-color:#f2f2f2;'>รหัสกลุ่มคิว</td><td style='padding:3px 6px;'>02/001</td></tr><tr><td style='padding:3px 6px; font-weight:bold; background-color:#f2f2f2;'>รหัสรับเหมา</td><td style='padding:3px 6px;'>738889</td></tr><tr><td style='padding:3px 6px; font-weight:bold; background-color:#f2f2f2;'>ชื่อ-สกุล รับเหมา</td><td style='padding:3px 6px;'>รถตัดโรงงานเบอร์ 15</td></tr><tr><td style='padding:3px 6px; font-weight:bold; background-color:#f2f2f2;'>นักเกษตร</td><td style='padding:3px 6px;'>0010</td></tr><tr><td style='padding:3px 6px; font-weight:bold; background-color:#f2f2f2;'>ศูนย์</td><td style='padding:3px 6px;'>K2-02</td></tr><tr><td style='padding:3px 6px; font-weight:bold; background-color:#f2f2f2;'>โควตา</td><td style='padding:3px 6px;'>960659</td></tr><tr><td style='padding:3px 6px; font-weight:bold; background-color:#f2f2f2;'>ชาวไร่</td><td style='padding:3px 6px;'>นางสาว จตุพร สร้อยทอง</td></tr><tr><td style='padding:3px 6px; font-weight:bold; background-color:#f2f2f2;'>ประเภทอ้อย</td><td style='padding:3px 6px;'>ตอ1</td></tr><tr><td style='padding:3px 6px; font-weight:bold; background-color:#f2f2f2;'>พื้นที่</td><td style='padding:3px 6px;'>8.33</td></tr><tr><td style='padding:3px 6px; font-weight:bold; background-color:#f2f2f2;'>ตันรวม</td><td style='padding:3px 6px;'>74.97</td></tr><tr><td style='padding:3px 6px; font-weight:bold; background-color:#f2f2f2;'>รหัสแปลง</td><td style='padding:3px 6px;'>340708040004</td></tr><tr><td style='padding:3px 6px; font-weight:bold; background-color:#f2f2f2;'>กลุ่ม</td><td style='padding:3px 6px;'>กลุ่ม_02</td></tr></table></div>]]></description>
      <styleUrl>#plotStyle</styleUrl>
      <MultiGeometry><Polygon><outerBoundaryIs><LinearRing><coordinates>104.9981583,14.8590400,0 104.9983503,14.8595314,0 104.9987433,14.8594600,0 104.9988200,14.8596417,0 104.9986633,14.8597117,0 104.9987267,14.8600333,0 104.9999417,14.8599050,0 104.9999567,14.8599083,0 105.0000767,14.8593800,0 104.9996533,14.8594300,0 104.9991217,14.8593583,0 104.9991750,14.8592467,0 104.9988050,14.8589933,0 104.9986367,14.8589750,0 104.9983950,14.8590850,0 104.9983250,14.8589017,0 104.9982310,14.8588869,0 104.9981583,14.8590400,0</coordinates></LinearRing></outerBoundaryIs></Polygon></MultiGeometry>
    </Placemark>
    <Placemark>
      <name>340708030038</name>
      <description><![CDATA[<div style='font-family:Tahoma,sans-serif; font-size:13px;'><h3 style='color:#1565C0; margin:4px 0;'>รหัสแปลง: 340708030038</h3><p style='margin:2px 0;'><b>กลุ่มคิว:</b> 02_001</p><table border='1' style='border-collapse:collapse; border-color:#ccc; width:100%;'><tr><td style='padding:3px 6px; font-weight:bold; background-color:#f2f2f2;'>รหัสกลุ่มคิว</td><td style='padding:3px 6px;'>02/001</td></tr><tr><td style='padding:3px 6px; font-weight:bold; background-color:#f2f2f2;'>รหัสรับเหมา</td><td style='padding:3px 6px;'>738889</td></tr><tr><td style='padding:3px 6px; font-weight:bold; background-color:#f2f2f2;'>ชื่อ-สกุล รับเหมา</td><td style='padding:3px 6px;'>รถตัดโรงงานเบอร์ 15</td></tr><tr><td style='padding:3px 6px; font-weight:bold; background-color:#f2f2f2;'>นักเกษตร</td><td style='padding:3px 6px;'>0010</td></tr><tr><td style='padding:3px 6px; font-weight:bold; background-color:#f2f2f2;'>ศูนย์</td><td style='padding:3px 6px;'>K2-02</td></tr><tr><td style='padding:3px 6px; font-weight:bold; background-color:#f2f2f2;'>โควตา</td><td style='padding:3px 6px;'>960661</td></tr><tr><td style='padding:3px 6px; font-weight:bold; background-color:#f2f2f2;'>ชาวไร่</td><td style='padding:3px 6px;'>นาง นุผัน มีบุญ</td></tr><tr><td style='padding:3px 6px; font-weight:bold; background-color:#f2f2f2;'>ประเภทอ้อย</td><td style='padding:3px 6px;'>ตอ1</td></tr><tr><td style='padding:3px 6px; font-weight:bold; background-color:#f2f2f2;'>พื้นที่</td><td style='padding:3px 6px;'>8.89</td></tr><tr><td style='padding:3px 6px; font-weight:bold; background-color:#f2f2f2;'>ตันรวม</td><td style='padding:3px 6px;'>80.01</td></tr><tr><td style='padding:3px 6px; font-weight:bold; background-color:#f2f2f2;'>รหัสแปลง</td><td style='padding:3px 6px;'>340708030038</td></tr><tr><td style='padding:3px 6px; font-weight:bold; background-color:#f2f2f2;'>กลุ่ม</td><td style='padding:3px 6px;'>กลุ่ม_02</td></tr></table></div>]]></description>
      <styleUrl>#plotStyle</styleUrl>
      <MultiGeometry><Polygon><outerBoundaryIs><LinearRing><coordinates>104.9801533,14.8685350,0 104.9800117,14.8685183,0 104.9800933,14.8686150,0 104.9799367,14.8687167,0 104.9802300,14.8690633,0 104.9805183,14.8694750,0 104.9806583,14.8696833,0 104.9807733,14.8698850,0 104.9811917,14.8706233,0 104.9812850,14.8707967,0 104.9813117,14.8707950,0 104.9817233,14.8715450,0 104.9819583,14.8719617,0 104.9820833,14.8721583,0 104.9823817,14.8720317,0 104.9817983,14.8710500,0 104.9813217,14.8702783,0 104.9811117,14.8699117,0 104.9810300,14.8697717,0 104.9808183,14.8694633,0 104.9806250,14.8691667,0 104.9801533,14.8685350,0</coordinates></LinearRing></outerBoundaryIs></Polygon></MultiGeometry>
    </Placemark>
    <Placemark>
      <name>340708050002</name>
      <description><![CDATA[<div style='font-family:Tahoma,sans-serif; font-size:13px;'><h3 style='color:#1565C0; margin:4px 0;'>รหัสแปลง: 340708050002</h3><p style='margin:2px 0;'><b>กลุ่มคิว:</b> 02_001</p><table border='1' style='border-collapse:collapse; border-color:#ccc; width:100%;'><tr><td style='padding:3px 6px; font-weight:bold; background-color:#f2f2f2;'>รหัสกลุ่มคิว</td><td style='padding:3px 6px;'>02/001</td></tr><tr><td style='padding:3px 6px; font-weight:bold; background-color:#f2f2f2;'>รหัสรับเหมา</td><td style='padding:3px 6px;'>738889</td></tr><tr><td style='padding:3px 6px; font-weight:bold; background-color:#f2f2f2;'>ชื่อ-สกุล รับเหมา</td><td style='padding:3px 6px;'>รถตัดโรงงานเบอร์ 15</td></tr><tr><td style='padding:3px 6px; font-weight:bold; background-color:#f2f2f2;'>นักเกษตร</td><td style='padding:3px 6px;'>0010</td></tr><tr><td style='padding:3px 6px; font-weight:bold; background-color:#f2f2f2;'>ศูนย์</td><td style='padding:3px 6px;'>K2-02</td></tr><tr><td style='padding:3px 6px; font-weight:bold; background-color:#f2f2f2;'>โควตา</td><td style='padding:3px 6px;'>960662</td></tr><tr><td style='padding:3px 6px; font-weight:bold; background-color:#f2f2f2;'>ชาวไร่</td><td style='padding:3px 6px;'>นาง อุไร ผาโคตร</td></tr><tr><td style='padding:3px 6px; font-weight:bold; background-color:#f2f2f2;'>ประเภทอ้อย</td><td style='padding:3px 6px;'>ตอ1</td></tr><tr><td style='padding:3px 6px; font-weight:bold; background-color:#f2f2f2;'>พื้นที่</td><td style='padding:3px 6px;'>6.52</td></tr><tr><td style='padding:3px 6px; font-weight:bold; background-color:#f2f2f2;'>ตันรวม</td><td style='padding:3px 6px;'>58.68</td></tr><tr><td style='padding:3px 6px; font-weight:bold; background-color:#f2f2f2;'>รหัสแปลง</td><td style='padding:3px 6px;'>340708050002</td></tr><tr><td style='padding:3px 6px; font-weight:bold; background-color:#f2f2f2;'>กลุ่ม</td><td style='padding:3px 6px;'>กลุ่ม_02</td></tr></table></div>]]></description>
      <styleUrl>#plotStyle</styleUrl>
      <MultiGeometry><Polygon><outerBoundaryIs><LinearRing><coordinates>105.0206350,14.8153900,0 105.0208717,14.8159867,0 105.0210950,14.8158950,0 105.0216717,14.8157400,0 105.0220017,14.8156817,0 105.0221583,14.8156550,0 105.0218733,14.8150067,0 105.0211250,14.8152000,0 105.0206350,14.8153900,0</coordinates></LinearRing></outerBoundaryIs></Polygon></MultiGeometry>
    </Placemark>
    <Placemark>
      <name>340708030041</name>
      <description><![CDATA[<div style='font-family:Tahoma,sans-serif; font-size:13px;'><h3 style='color:#1565C0; margin:4px 0;'>รหัสแปลง: 340708030041</h3><p style='margin:2px 0;'><b>กลุ่มคิว:</b> 02_001</p><table border='1' style='border-collapse:collapse; border-color:#ccc; width:100%;'><tr><td style='padding:3px 6px; font-weight:bold; background-color:#f2f2f2;'>รหัสกลุ่มคิว</td><td style='padding:3px 6px;'>02/001</td></tr><tr><td style='padding:3px 6px; font-weight:bold; background-color:#f2f2f2;'>รหัสรับเหมา</td><td style='padding:3px 6px;'>738889</td></tr><tr><td style='padding:3px 6px; font-weight:bold; background-color:#f2f2f2;'>ชื่อ-สกุล รับเหมา</td><td style='padding:3px 6px;'>รถตัดโรงงานเบอร์ 15</td></tr><tr><td style='padding:3px 6px; font-weight:bold; background-color:#f2f2f2;'>นักเกษตร</td><td style='padding:3px 6px;'>0010</td></tr><tr><td style='padding:3px 6px; font-weight:bold; background-color:#f2f2f2;'>ศูนย์</td><td style='padding:3px 6px;'>K2-02</td></tr><tr><td style='padding:3px 6px; font-weight:bold; background-color:#f2f2f2;'>โควตา</td><td style='padding:3px 6px;'>960664</td></tr><tr><td style='padding:3px 6px; font-weight:bold; background-color:#f2f2f2;'>ชาวไร่</td><td style='padding:3px 6px;'>นาย สุภี สีทา</td></tr><tr><td style='padding:3px 6px; font-weight:bold; background-color:#f2f2f2;'>ประเภทอ้อย</td><td style='padding:3px 6px;'>ตอ1</td></tr><tr><td style='padding:3px 6px; font-weight:bold; background-color:#f2f2f2;'>พื้นที่</td><td style='padding:3px 6px;'>7.12</td></tr><tr><td style='padding:3px 6px; font-weight:bold; background-color:#f2f2f2;'>ตันรวม</td><td style='padding:3px 6px;'>64.08</td></tr><tr><td style='padding:3px 6px; font-weight:bold; background-color:#f2f2f2;'>รหัสแปลง</td><td style='padding:3px 6px;'>340708030041</td></tr><tr><td style='padding:3px 6px; font-weight:bold; background-color:#f2f2f2;'>กลุ่ม</td><td style='padding:3px 6px;'>กลุ่ม_02</td></tr></table></div>]]></description>
      <styleUrl>#plotStyle</styleUrl>
      <MultiGeometry><Polygon><outerBoundaryIs><LinearRing><coordinates>104.9792833,14.8630217,0 104.9794133,14.8628483,0 104.9796067,14.8626200,0 104.9797917,14.8624300,0 104.9796900,14.8622217,0 104.9798000,14.8621767,0 104.9799200,14.8622667,0 104.9803567,14.8615300,0 104.9795933,14.8618600,0 104.9796200,14.8618717,0 104.9794683,14.8619733,0 104.9793750,14.8618750,0 104.9786367,14.8621983,0 104.9792833,14.8630217,0</coordinates></LinearRing></outerBoundaryIs></Polygon></MultiGeometry>
    </Placemark>
    <Placemark>
      <name>340708103019</name>
      <description><![CDATA[<div style='font-family:Tahoma,sans-serif; font-size:13px;'><h3 style='color:#1565C0; margin:4px 0;'>รหัสแปลง: 340708103019</h3><p style='margin:2px 0;'><b>กลุ่มคิว:</b> 02_001</p><table border='1' style='border-collapse:collapse; border-color:#ccc; width:100%;'><tr><td style='padding:3px 6px; font-weight:bold; background-color:#f2f2f2;'>รหัสกลุ่มคิว</td><td style='padding:3px 6px;'>02/001</td></tr><tr><td style='padding:3px 6px; font-weight:bold; background-color:#f2f2f2;'>รหัสรับเหมา</td><td style='padding:3px 6px;'>738889</td></tr><tr><td style='padding:3px 6px; font-weight:bold; background-color:#f2f2f2;'>ชื่อ-สกุล รับเหมา</td><td style='padding:3px 6px;'>รถตัดโรงงานเบอร์ 15</td></tr><tr><td style='padding:3px 6px; font-weight:bold; background-color:#f2f2f2;'>นักเกษตร</td><td style='padding:3px 6px;'>0010</td></tr><tr><td style='padding:3px 6px; font-weight:bold; background-color:#f2f2f2;'>ศูนย์</td><td style='padding:3px 6px;'>K2-02</td></tr><tr><td style='padding:3px 6px; font-weight:bold; background-color:#f2f2f2;'>โควตา</td><td style='padding:3px 6px;'>960396</td></tr><tr><td style='padding:3px 6px; font-weight:bold; background-color:#f2f2f2;'>ชาวไร่</td><td style='padding:3px 6px;'>นาง สุพรรณ จันประสิทธิ์</td></tr><tr><td style='padding:3px 6px; font-weight:bold; background-color:#f2f2f2;'>ประเภทอ้อย</td><td style='padding:3px 6px;'>ตอ1</td></tr><tr><td style='padding:3px 6px; font-weight:bold; background-color:#f2f2f2;'>พื้นที่</td><td style='padding:3px 6px;'>4.61</td></tr><tr><td style='padding:3px 6px; font-weight:bold; background-color:#f2f2f2;'>ตันรวม</td><td style='padding:3px 6px;'>41.49</td></tr><tr><td style='padding:3px 6px; font-weight:bold; background-color:#f2f2f2;'>รหัสแปลง</td><td style='padding:3px 6px;'>340708103019</td></tr><tr><td style='padding:3px 6px; font-weight:bold; background-color:#f2f2f2;'>กลุ่ม</td><td style='padding:3px 6px;'>กลุ่ม_02</td></tr></table></div>]]></description>
      <styleUrl>#plotStyle</styleUrl>
      <MultiGeometry><Polygon><outerBoundaryIs><LinearRing><coordinates>104.9993917,14.8174817,0 104.9993501,14.8176535,0 104.9995850,14.8177800,0 104.9996200,14.8177417,0 105.0001183,14.8173167,0 104.9999750,14.8172117,0 104.9998617,14.8171783,0 104.9999783,14.8169033,0 104.9998083,14.8167700,0 104.9997500,14.8168200,0 104.9993850,14.8166000,0 104.9991916,14.8173710,0 104.9993917,14.8174817,0</coordinates></LinearRing></outerBoundaryIs></Polygon></MultiGeometry>
    </Placemark>
    <Placemark>
      <name>340708020001</name>
      <description><![CDATA[<div style='font-family:Tahoma,sans-serif; font-size:13px;'><h3 style='color:#1565C0; margin:4px 0;'>รหัสแปลง: 340708020001</h3><p style='margin:2px 0;'><b>กลุ่มคิว:</b> 02_001</p><table border='1' style='border-collapse:collapse; border-color:#ccc; width:100%;'><tr><td style='padding:3px 6px; font-weight:bold; background-color:#f2f2f2;'>รหัสกลุ่มคิว</td><td style='padding:3px 6px;'>02/001</td></tr><tr><td style='padding:3px 6px; font-weight:bold; background-color:#f2f2f2;'>รหัสรับเหมา</td><td style='padding:3px 6px;'>738889</td></tr><tr><td style='padding:3px 6px; font-weight:bold; background-color:#f2f2f2;'>ชื่อ-สกุล รับเหมา</td><td style='padding:3px 6px;'>รถตัดโรงงานเบอร์ 15</td></tr><tr><td style='padding:3px 6px; font-weight:bold; background-color:#f2f2f2;'>นักเกษตร</td><td style='padding:3px 6px;'>0010</td></tr><tr><td style='padding:3px 6px; font-weight:bold; background-color:#f2f2f2;'>ศูนย์</td><td style='padding:3px 6px;'>K2-02</td></tr><tr><td style='padding:3px 6px; font-weight:bold; background-color:#f2f2f2;'>โควตา</td><td style='padding:3px 6px;'>960660</td></tr><tr><td style='padding:3px 6px; font-weight:bold; background-color:#f2f2f2;'>ชาวไร่</td><td style='padding:3px 6px;'>นาย อบมา มาลี</td></tr><tr><td style='padding:3px 6px; font-weight:bold; background-color:#f2f2f2;'>ประเภทอ้อย</td><td style='padding:3px 6px;'>ตอ1</td></tr><tr><td style='padding:3px 6px; font-weight:bold; background-color:#f2f2f2;'>พื้นที่</td><td style='padding:3px 6px;'>5.3</td></tr><tr><td style='padding:3px 6px; font-weight:bold; background-color:#f2f2f2;'>ตันรวม</td><td style='padding:3px 6px;'>47.7</td></tr><tr><td style='padding:3px 6px; font-weight:bold; background-color:#f2f2f2;'>รหัสแปลง</td><td style='padding:3px 6px;'>340708020001</td></tr><tr><td style='padding:3px 6px; font-weight:bold; background-color:#f2f2f2;'>กลุ่ม</td><td style='padding:3px 6px;'>กลุ่ม_02</td></tr></table></div>]]></description>
      <styleUrl>#plotStyle</styleUrl>
      <MultiGeometry><Polygon><outerBoundaryIs><LinearRing><coordinates>104.9782300,14.8558200,0 104.9781483,14.8552733,0 104.9771067,14.8554483,0 104.9769300,14.8557917,0 104.9769133,14.8560800,0 104.9782300,14.8558200,0</coordinates></LinearRing></outerBoundaryIs></Polygon></MultiGeometry>
    </Placemark>
    <Placemark>
      <name>340708030042</name>
      <description><![CDATA[<div style='font-family:Tahoma,sans-serif; font-size:13px;'><h3 style='color:#1565C0; margin:4px 0;'>รหัสแปลง: 340708030042</h3><p style='margin:2px 0;'><b>กลุ่มคิว:</b> 02_001</p><table border='1' style='border-collapse:collapse; border-color:#ccc; width:100%;'><tr><td style='padding:3px 6px; font-weight:bold; background-color:#f2f2f2;'>รหัสกลุ่มคิว</td><td style='padding:3px 6px;'>02/001</td></tr><tr><td style='padding:3px 6px; font-weight:bold; background-color:#f2f2f2;'>รหัสรับเหมา</td><td style='padding:3px 6px;'>738889</td></tr><tr><td style='padding:3px 6px; font-weight:bold; background-color:#f2f2f2;'>ชื่อ-สกุล รับเหมา</td><td style='padding:3px 6px;'>รถตัดโรงงานเบอร์ 15</td></tr><tr><td style='padding:3px 6px; font-weight:bold; background-color:#f2f2f2;'>นักเกษตร</td><td style='padding:3px 6px;'>0010</td></tr><tr><td style='padding:3px 6px; font-weight:bold; background-color:#f2f2f2;'>ศูนย์</td><td style='padding:3px 6px;'>K2-02</td></tr><tr><td style='padding:3px 6px; font-weight:bold; background-color:#f2f2f2;'>โควตา</td><td style='padding:3px 6px;'>960660</td></tr><tr><td style='padding:3px 6px; font-weight:bold; background-color:#f2f2f2;'>ชาวไร่</td><td style='padding:3px 6px;'>นาย อบมา มาลี</td></tr><tr><td style='padding:3px 6px; font-weight:bold; background-color:#f2f2f2;'>ประเภทอ้อย</td><td style='padding:3px 6px;'>ตอ1</td></tr><tr><td style='padding:3px 6px; font-weight:bold; background-color:#f2f2f2;'>พื้นที่</td><td style='padding:3px 6px;'>8.13</td></tr><tr><td style='padding:3px 6px; font-weight:bold; background-color:#f2f2f2;'>ตันรวม</td><td style='padding:3px 6px;'>73.17</td></tr><tr><td style='padding:3px 6px; font-weight:bold; background-color:#f2f2f2;'>รหัสแปลง</td><td style='padding:3px 6px;'>340708030042</td></tr><tr><td style='padding:3px 6px; font-weight:bold; background-color:#f2f2f2;'>กลุ่ม</td><td style='padding:3px 6px;'>กลุ่ม_02</td></tr></table></div>]]></description>
      <styleUrl>#plotStyle</styleUrl>
      <MultiGeometry><Polygon><outerBoundaryIs><LinearRing><coordinates>104.9789817,14.8570117,0 104.9793444,14.8569210,0 104.9792733,14.8566667,0 104.9791650,14.8563583,0 104.9796467,14.8562400,0 104.9797117,14.8565150,0 104.9792783,14.8566646,0 104.9793517,14.8569192,0 104.9798483,14.8567950,0 104.9800167,14.8567517,0 104.9800367,14.8565500,0 104.9799833,14.8562783,0 104.9799167,14.8558417,0 104.9799050,14.8557317,0 104.9789200,14.8557883,0 104.9788817,14.8560867,0 104.9789917,14.8560983,0 104.9790650,14.8563717,0 104.9787667,14.8564650,0 104.9787383,14.8564700,0 104.9788350,14.8568333,0 104.9789817,14.8570117,0</coordinates></LinearRing></outerBoundaryIs></Polygon></MultiGeometry>
    </Placemark>
    <Placemark>
      <name>341511093012</name>
      <description><![CDATA[<div style='font-family:Tahoma,sans-serif; font-size:13px;'><h3 style='color:#1565C0; margin:4px 0;'>รหัสแปลง: 341511093012</h3><p style='margin:2px 0;'><b>กลุ่มคิว:</b> 02_001</p><table border='1' style='border-collapse:collapse; border-color:#ccc; width:100%;'><tr><td style='padding:3px 6px; font-weight:bold; background-color:#f2f2f2;'>รหัสกลุ่มคิว</td><td style='padding:3px 6px;'>02/001</td></tr><tr><td style='padding:3px 6px; font-weight:bold; background-color:#f2f2f2;'>รหัสรับเหมา</td><td style='padding:3px 6px;'>738889</td></tr><tr><td style='padding:3px 6px; font-weight:bold; background-color:#f2f2f2;'>ชื่อ-สกุล รับเหมา</td><td style='padding:3px 6px;'>รถตัดโรงงานเบอร์ 15</td></tr><tr><td style='padding:3px 6px; font-weight:bold; background-color:#f2f2f2;'>นักเกษตร</td><td style='padding:3px 6px;'>0010</td></tr><tr><td style='padding:3px 6px; font-weight:bold; background-color:#f2f2f2;'>ศูนย์</td><td style='padding:3px 6px;'>K2-02</td></tr><tr><td style='padding:3px 6px; font-weight:bold; background-color:#f2f2f2;'>โควตา</td><td style='padding:3px 6px;'>931048</td></tr><tr><td style='padding:3px 6px; font-weight:bold; background-color:#f2f2f2;'>ชาวไร่</td><td style='padding:3px 6px;'>นาย ทองปาน พันแสนแก้ว</td></tr><tr><td style='padding:3px 6px; font-weight:bold; background-color:#f2f2f2;'>ประเภทอ้อย</td><td style='padding:3px 6px;'>ปลายฝน</td></tr><tr><td style='padding:3px 6px; font-weight:bold; background-color:#f2f2f2;'>พื้นที่</td><td style='padding:3px 6px;'>3.54</td></tr><tr><td style='padding:3px 6px; font-weight:bold; background-color:#f2f2f2;'>ตันรวม</td><td style='padding:3px 6px;'>46.02</td></tr><tr><td style='padding:3px 6px; font-weight:bold; background-color:#f2f2f2;'>รหัสแปลง</td><td style='padding:3px 6px;'>341511093012</td></tr><tr><td style='padding:3px 6px; font-weight:bold; background-color:#f2f2f2;'>กลุ่ม</td><td style='padding:3px 6px;'>กลุ่ม_02</td></tr></table></div>]]></description>
      <styleUrl>#plotStyle</styleUrl>
      <MultiGeometry><Polygon><outerBoundaryIs><LinearRing><coordinates>104.7478260,15.1269481,0 104.7479517,15.1267382,0 104.7470667,15.1262532,0 104.7469695,15.1264054,0 104.7468804,15.1263528,0 104.7469988,15.1262018,0 104.7468598,15.1261262,0 104.7464420,15.1264197,0 104.7467713,15.1265949,0 104.7468595,15.1265206,0 104.7469290,15.1265541,0 104.7469378,15.1266253,0 104.7470593,15.1267103,0 104.7471482,15.1266633,0 104.7472352,15.1267073,0 104.7472149,15.1267844,0 104.7478260,15.1269481,0</coordinates></LinearRing></outerBoundaryIs></Polygon></MultiGeometry>
    </Placemark>
    <Placemark>
      <name>340708060003</name>
      <description><![CDATA[<div style='font-family:Tahoma,sans-serif; font-size:13px;'><h3 style='color:#1565C0; margin:4px 0;'>รหัสแปลง: 340708060003</h3><p style='margin:2px 0;'><b>กลุ่มคิว:</b> 02_001</p><table border='1' style='border-collapse:collapse; border-color:#ccc; width:100%;'><tr><td style='padding:3px 6px; font-weight:bold; background-color:#f2f2f2;'>รหัสกลุ่มคิว</td><td style='padding:3px 6px;'>02/001</td></tr><tr><td style='padding:3px 6px; font-weight:bold; background-color:#f2f2f2;'>รหัสรับเหมา</td><td style='padding:3px 6px;'>738889</td></tr><tr><td style='padding:3px 6px; font-weight:bold; background-color:#f2f2f2;'>ชื่อ-สกุล รับเหมา</td><td style='padding:3px 6px;'>รถตัดโรงงานเบอร์ 15</td></tr><tr><td style='padding:3px 6px; font-weight:bold; background-color:#f2f2f2;'>นักเกษตร</td><td style='padding:3px 6px;'>0010</td></tr><tr><td style='padding:3px 6px; font-weight:bold; background-color:#f2f2f2;'>ศูนย์</td><td style='padding:3px 6px;'>K2-02</td></tr><tr><td style='padding:3px 6px; font-weight:bold; background-color:#f2f2f2;'>โควตา</td><td style='padding:3px 6px;'>960665</td></tr><tr><td style='padding:3px 6px; font-weight:bold; background-color:#f2f2f2;'>ชาวไร่</td><td style='padding:3px 6px;'>นาง บังอร ดวงแก้ว</td></tr><tr><td style='padding:3px 6px; font-weight:bold; background-color:#f2f2f2;'>ประเภทอ้อย</td><td style='padding:3px 6px;'>ตอ1</td></tr><tr><td style='padding:3px 6px; font-weight:bold; background-color:#f2f2f2;'>พื้นที่</td><td style='padding:3px 6px;'>10.01</td></tr><tr><td style='padding:3px 6px; font-weight:bold; background-color:#f2f2f2;'>ตันรวม</td><td style='padding:3px 6px;'>90.09</td></tr><tr><td style='padding:3px 6px; font-weight:bold; background-color:#f2f2f2;'>รหัสแปลง</td><td style='padding:3px 6px;'>340708060003</td></tr><tr><td style='padding:3px 6px; font-weight:bold; background-color:#f2f2f2;'>กลุ่ม</td><td style='padding:3px 6px;'>กลุ่ม_02</td></tr></table></div>]]></description>
      <styleUrl>#plotStyle</styleUrl>
      <MultiGeometry><Polygon><outerBoundaryIs><LinearRing><coordinates>104.9811367,14.8154733,0 104.9809517,14.8146900,0 104.9806633,14.8147750,0 104.9806200,14.8146933,0 104.9791467,14.8150333,0 104.9792783,14.8155950,0 104.9793283,14.8156100,0 104.9793933,14.8156117,0 104.9811367,14.8154733,0</coordinates></LinearRing></outerBoundaryIs></Polygon></MultiGeometry>
    </Placemark>
    <Placemark>
      <name>340708030043</name>
      <description><![CDATA[<div style='font-family:Tahoma,sans-serif; font-size:13px;'><h3 style='color:#1565C0; margin:4px 0;'>รหัสแปลง: 340708030043</h3><p style='margin:2px 0;'><b>กลุ่มคิว:</b> 02_001</p><table border='1' style='border-collapse:collapse; border-color:#ccc; width:100%;'><tr><td style='padding:3px 6px; font-weight:bold; background-color:#f2f2f2;'>รหัสกลุ่มคิว</td><td style='padding:3px 6px;'>02/001</td></tr><tr><td style='padding:3px 6px; font-weight:bold; background-color:#f2f2f2;'>รหัสรับเหมา</td><td style='padding:3px 6px;'>738889</td></tr><tr><td style='padding:3px 6px; font-weight:bold; background-color:#f2f2f2;'>ชื่อ-สกุล รับเหมา</td><td style='padding:3px 6px;'>รถตัดโรงงานเบอร์ 15</td></tr><tr><td style='padding:3px 6px; font-weight:bold; background-color:#f2f2f2;'>นักเกษตร</td><td style='padding:3px 6px;'>0010</td></tr><tr><td style='padding:3px 6px; font-weight:bold; background-color:#f2f2f2;'>ศูนย์</td><td style='padding:3px 6px;'>K2-02</td></tr><tr><td style='padding:3px 6px; font-weight:bold; background-color:#f2f2f2;'>โควตา</td><td style='padding:3px 6px;'>960631</td></tr><tr><td style='padding:3px 6px; font-weight:bold; background-color:#f2f2f2;'>ชาวไร่</td><td style='padding:3px 6px;'>นาย สรวง ตะนะโส</td></tr><tr><td style='padding:3px 6px; font-weight:bold; background-color:#f2f2f2;'>ประเภทอ้อย</td><td style='padding:3px 6px;'>ตอ1</td></tr><tr><td style='padding:3px 6px; font-weight:bold; background-color:#f2f2f2;'>พื้นที่</td><td style='padding:3px 6px;'>5.86</td></tr><tr><td style='padding:3px 6px; font-weight:bold; background-color:#f2f2f2;'>ตันรวม</td><td style='padding:3px 6px;'>52.74</td></tr><tr><td style='padding:3px 6px; font-weight:bold; background-color:#f2f2f2;'>รหัสแปลง</td><td style='padding:3px 6px;'>340708030043</td></tr><tr><td style='padding:3px 6px; font-weight:bold; background-color:#f2f2f2;'>กลุ่ม</td><td style='padding:3px 6px;'>กลุ่ม_02</td></tr></table></div>]]></description>
      <styleUrl>#plotStyle</styleUrl>
      <MultiGeometry><Polygon><outerBoundaryIs><LinearRing><coordinates>104.9857400,14.8523667,0 104.9856250,14.8516750,0 104.9858850,14.8517050,0 104.9858400,14.8510150,0 104.9855233,14.8509833,0 104.9850483,14.8509450,0 104.9852717,14.8518950,0 104.9853317,14.8521617,0 104.9854567,14.8524433,0 104.9857400,14.8523667,0</coordinates></LinearRing></outerBoundaryIs></Polygon></MultiGeometry>
    </Placemark>
    <Placemark>
      <name>340708040005</name>
      <description><![CDATA[<div style='font-family:Tahoma,sans-serif; font-size:13px;'><h3 style='color:#1565C0; margin:4px 0;'>รหัสแปลง: 340708040005</h3><p style='margin:2px 0;'><b>กลุ่มคิว:</b> 02_001</p><table border='1' style='border-collapse:collapse; border-color:#ccc; width:100%;'><tr><td style='padding:3px 6px; font-weight:bold; background-color:#f2f2f2;'>รหัสกลุ่มคิว</td><td style='padding:3px 6px;'>02/001</td></tr><tr><td style='padding:3px 6px; font-weight:bold; background-color:#f2f2f2;'>รหัสรับเหมา</td><td style='padding:3px 6px;'>738889</td></tr><tr><td style='padding:3px 6px; font-weight:bold; background-color:#f2f2f2;'>ชื่อ-สกุล รับเหมา</td><td style='padding:3px 6px;'>รถตัดโรงงานเบอร์ 15</td></tr><tr><td style='padding:3px 6px; font-weight:bold; background-color:#f2f2f2;'>นักเกษตร</td><td style='padding:3px 6px;'>0010</td></tr><tr><td style='padding:3px 6px; font-weight:bold; background-color:#f2f2f2;'>ศูนย์</td><td style='padding:3px 6px;'>K2-02</td></tr><tr><td style='padding:3px 6px; font-weight:bold; background-color:#f2f2f2;'>โควตา</td><td style='padding:3px 6px;'>960677</td></tr><tr><td style='padding:3px 6px; font-weight:bold; background-color:#f2f2f2;'>ชาวไร่</td><td style='padding:3px 6px;'>นาย สังวาลย์ โสสว่าง</td></tr><tr><td style='padding:3px 6px; font-weight:bold; background-color:#f2f2f2;'>ประเภทอ้อย</td><td style='padding:3px 6px;'>ตอ1</td></tr><tr><td style='padding:3px 6px; font-weight:bold; background-color:#f2f2f2;'>พื้นที่</td><td style='padding:3px 6px;'>12.68</td></tr><tr><td style='padding:3px 6px; font-weight:bold; background-color:#f2f2f2;'>ตันรวม</td><td style='padding:3px 6px;'>114.12</td></tr><tr><td style='padding:3px 6px; font-weight:bold; background-color:#f2f2f2;'>รหัสแปลง</td><td style='padding:3px 6px;'>340708040005</td></tr><tr><td style='padding:3px 6px; font-weight:bold; background-color:#f2f2f2;'>กลุ่ม</td><td style='padding:3px 6px;'>กลุ่ม_02</td></tr></table></div>]]></description>
      <styleUrl>#plotStyle</styleUrl>
      <MultiGeometry><Polygon><outerBoundaryIs><LinearRing><coordinates>104.9865133,14.8394733,0 104.9855433,14.8394433,0 104.9853300,14.8394700,0 104.9852000,14.8394750,0 104.9850867,14.8394967,0 104.9850967,14.8396400,0 104.9850367,14.8397000,0 104.9844000,14.8398083,0 104.9845083,14.8401050,0 104.9845450,14.8403383,0 104.9846683,14.8403250,0 104.9846967,14.8406583,0 104.9852767,14.8405317,0 104.9853933,14.8405033,0 104.9860333,14.8402900,0 104.9860267,14.8402183,0 104.9861433,14.8401567,0 104.9861167,14.8400067,0 104.9861717,14.8399533,0 104.9864417,14.8400233,0 104.9865183,14.8399917,0 104.9865633,14.8399333,0 104.9865367,14.8397283,0 104.9864950,14.8396433,0 104.9865883,14.8396183,0 104.9865133,14.8394733,0</coordinates></LinearRing></outerBoundaryIs></Polygon></MultiGeometry>
    </Placemark>
    <Placemark>
      <name>340708060004</name>
      <description><![CDATA[<div style='font-family:Tahoma,sans-serif; font-size:13px;'><h3 style='color:#1565C0; margin:4px 0;'>รหัสแปลง: 340708060004</h3><p style='margin:2px 0;'><b>กลุ่มคิว:</b> 02_001</p><table border='1' style='border-collapse:collapse; border-color:#ccc; width:100%;'><tr><td style='padding:3px 6px; font-weight:bold; background-color:#f2f2f2;'>รหัสกลุ่มคิว</td><td style='padding:3px 6px;'>02/001</td></tr><tr><td style='padding:3px 6px; font-weight:bold; background-color:#f2f2f2;'>รหัสรับเหมา</td><td style='padding:3px 6px;'>738889</td></tr><tr><td style='padding:3px 6px; font-weight:bold; background-color:#f2f2f2;'>ชื่อ-สกุล รับเหมา</td><td style='padding:3px 6px;'>รถตัดโรงงานเบอร์ 15</td></tr><tr><td style='padding:3px 6px; font-weight:bold; background-color:#f2f2f2;'>นักเกษตร</td><td style='padding:3px 6px;'>0010</td></tr><tr><td style='padding:3px 6px; font-weight:bold; background-color:#f2f2f2;'>ศูนย์</td><td style='padding:3px 6px;'>K2-02</td></tr><tr><td style='padding:3px 6px; font-weight:bold; background-color:#f2f2f2;'>โควตา</td><td style='padding:3px 6px;'>960666</td></tr><tr><td style='padding:3px 6px; font-weight:bold; background-color:#f2f2f2;'>ชาวไร่</td><td style='padding:3px 6px;'>นาง แพงศรี ดันงา</td></tr><tr><td style='padding:3px 6px; font-weight:bold; background-color:#f2f2f2;'>ประเภทอ้อย</td><td style='padding:3px 6px;'>ตอ1</td></tr><tr><td style='padding:3px 6px; font-weight:bold; background-color:#f2f2f2;'>พื้นที่</td><td style='padding:3px 6px;'>10.59</td></tr><tr><td style='padding:3px 6px; font-weight:bold; background-color:#f2f2f2;'>ตันรวม</td><td style='padding:3px 6px;'>95.31</td></tr><tr><td style='padding:3px 6px; font-weight:bold; background-color:#f2f2f2;'>รหัสแปลง</td><td style='padding:3px 6px;'>340708060004</td></tr><tr><td style='padding:3px 6px; font-weight:bold; background-color:#f2f2f2;'>กลุ่ม</td><td style='padding:3px 6px;'>กลุ่ม_02</td></tr></table></div>]]></description>
      <styleUrl>#plotStyle</styleUrl>
      <MultiGeometry><Polygon><outerBoundaryIs><LinearRing><coordinates>104.9815700,14.8161433,0 104.9816067,14.8162717,0 104.9827383,14.8153550,0 104.9843950,14.8135917,0 104.9846000,14.8133833,0 104.9842883,14.8130417,0 104.9841233,14.8131933,0 104.9838167,14.8135200,0 104.9836267,14.8137433,0 104.9834533,14.8139750,0 104.9833317,14.8141433,0 104.9832133,14.8142967,0 104.9830767,14.8144600,0 104.9830700,14.8144667,0 104.9828967,14.8146800,0 104.9822917,14.8153567,0 104.9823350,14.8153717,0 104.9824233,14.8154450,0 104.9824583,14.8154950,0 104.9824000,14.8155700,0 104.9822383,14.8154083,0 104.9815700,14.8161433,0</coordinates></LinearRing></outerBoundaryIs></Polygon></MultiGeometry>
    </Placemark>
    <Placemark>
      <name>340708030046</name>
      <description><![CDATA[<div style='font-family:Tahoma,sans-serif; font-size:13px;'><h3 style='color:#1565C0; margin:4px 0;'>รหัสแปลง: 340708030046</h3><p style='margin:2px 0;'><b>กลุ่มคิว:</b> 02_001</p><table border='1' style='border-collapse:collapse; border-color:#ccc; width:100%;'><tr><td style='padding:3px 6px; font-weight:bold; background-color:#f2f2f2;'>รหัสกลุ่มคิว</td><td style='padding:3px 6px;'>02/001</td></tr><tr><td style='padding:3px 6px; font-weight:bold; background-color:#f2f2f2;'>รหัสรับเหมา</td><td style='padding:3px 6px;'>738889</td></tr><tr><td style='padding:3px 6px; font-weight:bold; background-color:#f2f2f2;'>ชื่อ-สกุล รับเหมา</td><td style='padding:3px 6px;'>รถตัดโรงงานเบอร์ 15</td></tr><tr><td style='padding:3px 6px; font-weight:bold; background-color:#f2f2f2;'>นักเกษตร</td><td style='padding:3px 6px;'>0010</td></tr><tr><td style='padding:3px 6px; font-weight:bold; background-color:#f2f2f2;'>ศูนย์</td><td style='padding:3px 6px;'>K2-02</td></tr><tr><td style='padding:3px 6px; font-weight:bold; background-color:#f2f2f2;'>โควตา</td><td style='padding:3px 6px;'>960679</td></tr><tr><td style='padding:3px 6px; font-weight:bold; background-color:#f2f2f2;'>ชาวไร่</td><td style='padding:3px 6px;'>นาย จักรกฤษณ์ ละทะโล</td></tr><tr><td style='padding:3px 6px; font-weight:bold; background-color:#f2f2f2;'>ประเภทอ้อย</td><td style='padding:3px 6px;'>ตอ1</td></tr><tr><td style='padding:3px 6px; font-weight:bold; background-color:#f2f2f2;'>พื้นที่</td><td style='padding:3px 6px;'>9.65</td></tr><tr><td style='padding:3px 6px; font-weight:bold; background-color:#f2f2f2;'>ตันรวม</td><td style='padding:3px 6px;'>86.85</td></tr><tr><td style='padding:3px 6px; font-weight:bold; background-color:#f2f2f2;'>รหัสแปลง</td><td style='padding:3px 6px;'>340708030046</td></tr><tr><td style='padding:3px 6px; font-weight:bold; background-color:#f2f2f2;'>กลุ่ม</td><td style='padding:3px 6px;'>กลุ่ม_02</td></tr></table></div>]]></description>
      <styleUrl>#plotStyle</styleUrl>
      <MultiGeometry><Polygon><outerBoundaryIs><LinearRing><coordinates>105.0042133,14.8578367,0 105.0044633,14.8586333,0 105.0044867,14.8586867,0 105.0045850,14.8589833,0 105.0046800,14.8592700,0 105.0047783,14.8595333,0 105.0048767,14.8597267,0 105.0055583,14.8592883,0 105.0051967,14.8586267,0 105.0047033,14.8576833,0 105.0042133,14.8578367,0</coordinates></LinearRing></outerBoundaryIs></Polygon></MultiGeometry>
    </Placemark>
    <Placemark>
      <name>340708050003</name>
      <description><![CDATA[<div style='font-family:Tahoma,sans-serif; font-size:13px;'><h3 style='color:#1565C0; margin:4px 0;'>รหัสแปลง: 340708050003</h3><p style='margin:2px 0;'><b>กลุ่มคิว:</b> 02_001</p><table border='1' style='border-collapse:collapse; border-color:#ccc; width:100%;'><tr><td style='padding:3px 6px; font-weight:bold; background-color:#f2f2f2;'>รหัสกลุ่มคิว</td><td style='padding:3px 6px;'>02/001</td></tr><tr><td style='padding:3px 6px; font-weight:bold; background-color:#f2f2f2;'>รหัสรับเหมา</td><td style='padding:3px 6px;'>738889</td></tr><tr><td style='padding:3px 6px; font-weight:bold; background-color:#f2f2f2;'>ชื่อ-สกุล รับเหมา</td><td style='padding:3px 6px;'>รถตัดโรงงานเบอร์ 15</td></tr><tr><td style='padding:3px 6px; font-weight:bold; background-color:#f2f2f2;'>นักเกษตร</td><td style='padding:3px 6px;'>0010</td></tr><tr><td style='padding:3px 6px; font-weight:bold; background-color:#f2f2f2;'>ศูนย์</td><td style='padding:3px 6px;'>K2-02</td></tr><tr><td style='padding:3px 6px; font-weight:bold; background-color:#f2f2f2;'>โควตา</td><td style='padding:3px 6px;'>960674</td></tr><tr><td style='padding:3px 6px; font-weight:bold; background-color:#f2f2f2;'>ชาวไร่</td><td style='padding:3px 6px;'>นาง ดวงใจ แสวงวงค์</td></tr><tr><td style='padding:3px 6px; font-weight:bold; background-color:#f2f2f2;'>ประเภทอ้อย</td><td style='padding:3px 6px;'>ตอ1</td></tr><tr><td style='padding:3px 6px; font-weight:bold; background-color:#f2f2f2;'>พื้นที่</td><td style='padding:3px 6px;'>4.42</td></tr><tr><td style='padding:3px 6px; font-weight:bold; background-color:#f2f2f2;'>ตันรวม</td><td style='padding:3px 6px;'>39.78</td></tr><tr><td style='padding:3px 6px; font-weight:bold; background-color:#f2f2f2;'>รหัสแปลง</td><td style='padding:3px 6px;'>340708050003</td></tr><tr><td style='padding:3px 6px; font-weight:bold; background-color:#f2f2f2;'>กลุ่ม</td><td style='padding:3px 6px;'>กลุ่ม_02</td></tr></table></div>]]></description>
      <styleUrl>#plotStyle</styleUrl>
      <MultiGeometry><Polygon><outerBoundaryIs><LinearRing><coordinates>105.0168933,14.8012300,0 105.0168217,14.8014767,0 105.0168923,14.8017191,0 105.0170750,14.8016967,0 105.0178033,14.8015400,0 105.0176483,14.8008967,0 105.0170226,14.8009781,0 105.0169067,14.8012117,0 105.0168933,14.8012300,0</coordinates></LinearRing></outerBoundaryIs></Polygon></MultiGeometry>
    </Placemark>
    <Placemark>
      <name>340708030047</name>
      <description><![CDATA[<div style='font-family:Tahoma,sans-serif; font-size:13px;'><h3 style='color:#1565C0; margin:4px 0;'>รหัสแปลง: 340708030047</h3><p style='margin:2px 0;'><b>กลุ่มคิว:</b> 02_001</p><table border='1' style='border-collapse:collapse; border-color:#ccc; width:100%;'><tr><td style='padding:3px 6px; font-weight:bold; background-color:#f2f2f2;'>รหัสกลุ่มคิว</td><td style='padding:3px 6px;'>02/001</td></tr><tr><td style='padding:3px 6px; font-weight:bold; background-color:#f2f2f2;'>รหัสรับเหมา</td><td style='padding:3px 6px;'>738889</td></tr><tr><td style='padding:3px 6px; font-weight:bold; background-color:#f2f2f2;'>ชื่อ-สกุล รับเหมา</td><td style='padding:3px 6px;'>รถตัดโรงงานเบอร์ 15</td></tr><tr><td style='padding:3px 6px; font-weight:bold; background-color:#f2f2f2;'>นักเกษตร</td><td style='padding:3px 6px;'>0010</td></tr><tr><td style='padding:3px 6px; font-weight:bold; background-color:#f2f2f2;'>ศูนย์</td><td style='padding:3px 6px;'>K2-02</td></tr><tr><td style='padding:3px 6px; font-weight:bold; background-color:#f2f2f2;'>โควตา</td><td style='padding:3px 6px;'>960676</td></tr><tr><td style='padding:3px 6px; font-weight:bold; background-color:#f2f2f2;'>ชาวไร่</td><td style='padding:3px 6px;'>นาย นิยม แพงศรี</td></tr><tr><td style='padding:3px 6px; font-weight:bold; background-color:#f2f2f2;'>ประเภทอ้อย</td><td style='padding:3px 6px;'>ตอ1</td></tr><tr><td style='padding:3px 6px; font-weight:bold; background-color:#f2f2f2;'>พื้นที่</td><td style='padding:3px 6px;'>6.52</td></tr><tr><td style='padding:3px 6px; font-weight:bold; background-color:#f2f2f2;'>ตันรวม</td><td style='padding:3px 6px;'>58.68</td></tr><tr><td style='padding:3px 6px; font-weight:bold; background-color:#f2f2f2;'>รหัสแปลง</td><td style='padding:3px 6px;'>340708030047</td></tr><tr><td style='padding:3px 6px; font-weight:bold; background-color:#f2f2f2;'>กลุ่ม</td><td style='padding:3px 6px;'>กลุ่ม_02</td></tr></table></div>]]></description>
      <styleUrl>#plotStyle</styleUrl>
      <MultiGeometry><Polygon><outerBoundaryIs><LinearRing><coordinates>104.9852917,14.8716050,0 104.9857717,14.8715183,0 104.9855583,14.8708333,0 104.9854650,14.8704717,0 104.9853367,14.8700233,0 104.9852267,14.8696950,0 104.9848083,14.8698167,0 104.9852917,14.8716050,0</coordinates></LinearRing></outerBoundaryIs></Polygon></MultiGeometry>
    </Placemark>
    <Placemark>
      <name>340708030048</name>
      <description><![CDATA[<div style='font-family:Tahoma,sans-serif; font-size:13px;'><h3 style='color:#1565C0; margin:4px 0;'>รหัสแปลง: 340708030048</h3><p style='margin:2px 0;'><b>กลุ่มคิว:</b> 02_001</p><table border='1' style='border-collapse:collapse; border-color:#ccc; width:100%;'><tr><td style='padding:3px 6px; font-weight:bold; background-color:#f2f2f2;'>รหัสกลุ่มคิว</td><td style='padding:3px 6px;'>02/001</td></tr><tr><td style='padding:3px 6px; font-weight:bold; background-color:#f2f2f2;'>รหัสรับเหมา</td><td style='padding:3px 6px;'>738889</td></tr><tr><td style='padding:3px 6px; font-weight:bold; background-color:#f2f2f2;'>ชื่อ-สกุล รับเหมา</td><td style='padding:3px 6px;'>รถตัดโรงงานเบอร์ 15</td></tr><tr><td style='padding:3px 6px; font-weight:bold; background-color:#f2f2f2;'>นักเกษตร</td><td style='padding:3px 6px;'>0010</td></tr><tr><td style='padding:3px 6px; font-weight:bold; background-color:#f2f2f2;'>ศูนย์</td><td style='padding:3px 6px;'>K2-02</td></tr><tr><td style='padding:3px 6px; font-weight:bold; background-color:#f2f2f2;'>โควตา</td><td style='padding:3px 6px;'>960682</td></tr><tr><td style='padding:3px 6px; font-weight:bold; background-color:#f2f2f2;'>ชาวไร่</td><td style='padding:3px 6px;'>นาย สุริยันต์ หงษ์วิเศษ</td></tr><tr><td style='padding:3px 6px; font-weight:bold; background-color:#f2f2f2;'>ประเภทอ้อย</td><td style='padding:3px 6px;'>ตอ1</td></tr><tr><td style='padding:3px 6px; font-weight:bold; background-color:#f2f2f2;'>พื้นที่</td><td style='padding:3px 6px;'>9.68</td></tr><tr><td style='padding:3px 6px; font-weight:bold; background-color:#f2f2f2;'>ตันรวม</td><td style='padding:3px 6px;'>87.12</td></tr><tr><td style='padding:3px 6px; font-weight:bold; background-color:#f2f2f2;'>รหัสแปลง</td><td style='padding:3px 6px;'>340708030048</td></tr><tr><td style='padding:3px 6px; font-weight:bold; background-color:#f2f2f2;'>กลุ่ม</td><td style='padding:3px 6px;'>กลุ่ม_02</td></tr></table></div>]]></description>
      <styleUrl>#plotStyle</styleUrl>
      <MultiGeometry><Polygon><outerBoundaryIs><LinearRing><coordinates>104.9830917,14.8606517,0 104.9807450,14.8607067,0 104.9806433,14.8609750,0 104.9807783,14.8610100,0 104.9807850,14.8611283,0 104.9805583,14.8611700,0 104.9805033,14.8612483,0 104.9831067,14.8611850,0 104.9830917,14.8606517,0</coordinates></LinearRing></outerBoundaryIs></Polygon></MultiGeometry>
    </Placemark>
    <Placemark>
      <name>340706123009</name>
      <description><![CDATA[<div style='font-family:Tahoma,sans-serif; font-size:13px;'><h3 style='color:#1565C0; margin:4px 0;'>รหัสแปลง: 340706123009</h3><p style='margin:2px 0;'><b>กลุ่มคิว:</b> 02_001</p><table border='1' style='border-collapse:collapse; border-color:#ccc; width:100%;'><tr><td style='padding:3px 6px; font-weight:bold; background-color:#f2f2f2;'>รหัสกลุ่มคิว</td><td style='padding:3px 6px;'>02/001</td></tr><tr><td style='padding:3px 6px; font-weight:bold; background-color:#f2f2f2;'>รหัสรับเหมา</td><td style='padding:3px 6px;'>738889</td></tr><tr><td style='padding:3px 6px; font-weight:bold; background-color:#f2f2f2;'>ชื่อ-สกุล รับเหมา</td><td style='padding:3px 6px;'>รถตัดโรงงานเบอร์ 15</td></tr><tr><td style='padding:3px 6px; font-weight:bold; background-color:#f2f2f2;'>นักเกษตร</td><td style='padding:3px 6px;'>0010</td></tr><tr><td style='padding:3px 6px; font-weight:bold; background-color:#f2f2f2;'>ศูนย์</td><td style='padding:3px 6px;'>K2-02</td></tr><tr><td style='padding:3px 6px; font-weight:bold; background-color:#f2f2f2;'>โควตา</td><td style='padding:3px 6px;'>960681</td></tr><tr><td style='padding:3px 6px; font-weight:bold; background-color:#f2f2f2;'>ชาวไร่</td><td style='padding:3px 6px;'>นาย พรชัย บุญมางำ</td></tr><tr><td style='padding:3px 6px; font-weight:bold; background-color:#f2f2f2;'>ประเภทอ้อย</td><td style='padding:3px 6px;'>ตอ1</td></tr><tr><td style='padding:3px 6px; font-weight:bold; background-color:#f2f2f2;'>พื้นที่</td><td style='padding:3px 6px;'>8.09</td></tr><tr><td style='padding:3px 6px; font-weight:bold; background-color:#f2f2f2;'>ตันรวม</td><td style='padding:3px 6px;'>72.81</td></tr><tr><td style='padding:3px 6px; font-weight:bold; background-color:#f2f2f2;'>รหัสแปลง</td><td style='padding:3px 6px;'>340706123009</td></tr><tr><td style='padding:3px 6px; font-weight:bold; background-color:#f2f2f2;'>กลุ่ม</td><td style='padding:3px 6px;'>กลุ่ม_02</td></tr></table></div>]]></description>
      <styleUrl>#plotStyle</styleUrl>
      <MultiGeometry><Polygon><outerBoundaryIs><LinearRing><coordinates>104.8621700,14.8281400,0 104.8629700,14.8300033,0 104.8635433,14.8298433,0 104.8626133,14.8279933,0 104.8621700,14.8281400,0</coordinates></LinearRing></outerBoundaryIs></Polygon></MultiGeometry>
    </Placemark>
    <Placemark>
      <name>340708030050</name>
      <description><![CDATA[<div style='font-family:Tahoma,sans-serif; font-size:13px;'><h3 style='color:#1565C0; margin:4px 0;'>รหัสแปลง: 340708030050</h3><p style='margin:2px 0;'><b>กลุ่มคิว:</b> 02_001</p><table border='1' style='border-collapse:collapse; border-color:#ccc; width:100%;'><tr><td style='padding:3px 6px; font-weight:bold; background-color:#f2f2f2;'>รหัสกลุ่มคิว</td><td style='padding:3px 6px;'>02/001</td></tr><tr><td style='padding:3px 6px; font-weight:bold; background-color:#f2f2f2;'>รหัสรับเหมา</td><td style='padding:3px 6px;'>738889</td></tr><tr><td style='padding:3px 6px; font-weight:bold; background-color:#f2f2f2;'>ชื่อ-สกุล รับเหมา</td><td style='padding:3px 6px;'>รถตัดโรงงานเบอร์ 15</td></tr><tr><td style='padding:3px 6px; font-weight:bold; background-color:#f2f2f2;'>นักเกษตร</td><td style='padding:3px 6px;'>0010</td></tr><tr><td style='padding:3px 6px; font-weight:bold; background-color:#f2f2f2;'>ศูนย์</td><td style='padding:3px 6px;'>K2-02</td></tr><tr><td style='padding:3px 6px; font-weight:bold; background-color:#f2f2f2;'>โควตา</td><td style='padding:3px 6px;'>960572</td></tr><tr><td style='padding:3px 6px; font-weight:bold; background-color:#f2f2f2;'>ชาวไร่</td><td style='padding:3px 6px;'>นาง สมปอง หัถวงค์</td></tr><tr><td style='padding:3px 6px; font-weight:bold; background-color:#f2f2f2;'>ประเภทอ้อย</td><td style='padding:3px 6px;'>ตอ1</td></tr><tr><td style='padding:3px 6px; font-weight:bold; background-color:#f2f2f2;'>พื้นที่</td><td style='padding:3px 6px;'>9.51</td></tr><tr><td style='padding:3px 6px; font-weight:bold; background-color:#f2f2f2;'>ตันรวม</td><td style='padding:3px 6px;'>85.59</td></tr><tr><td style='padding:3px 6px; font-weight:bold; background-color:#f2f2f2;'>รหัสแปลง</td><td style='padding:3px 6px;'>340708030050</td></tr><tr><td style='padding:3px 6px; font-weight:bold; background-color:#f2f2f2;'>กลุ่ม</td><td style='padding:3px 6px;'>กลุ่ม_02</td></tr></table></div>]]></description>
      <styleUrl>#plotStyle</styleUrl>
      <MultiGeometry><Polygon><outerBoundaryIs><LinearRing><coordinates>104.9976967,14.8628267,0 104.9975800,14.8607967,0 104.9970650,14.8607617,0 104.9970283,14.8615350,0 104.9969267,14.8627250,0 104.9976967,14.8628267,0</coordinates></LinearRing></outerBoundaryIs></Polygon></MultiGeometry>
    </Placemark>
    <Placemark>
      <name>340708060005</name>
      <description><![CDATA[<div style='font-family:Tahoma,sans-serif; font-size:13px;'><h3 style='color:#1565C0; margin:4px 0;'>รหัสแปลง: 340708060005</h3><p style='margin:2px 0;'><b>กลุ่มคิว:</b> 02_001</p><table border='1' style='border-collapse:collapse; border-color:#ccc; width:100%;'><tr><td style='padding:3px 6px; font-weight:bold; background-color:#f2f2f2;'>รหัสกลุ่มคิว</td><td style='padding:3px 6px;'>02/001</td></tr><tr><td style='padding:3px 6px; font-weight:bold; background-color:#f2f2f2;'>รหัสรับเหมา</td><td style='padding:3px 6px;'>738889</td></tr><tr><td style='padding:3px 6px; font-weight:bold; background-color:#f2f2f2;'>ชื่อ-สกุล รับเหมา</td><td style='padding:3px 6px;'>รถตัดโรงงานเบอร์ 15</td></tr><tr><td style='padding:3px 6px; font-weight:bold; background-color:#f2f2f2;'>นักเกษตร</td><td style='padding:3px 6px;'>0010</td></tr><tr><td style='padding:3px 6px; font-weight:bold; background-color:#f2f2f2;'>ศูนย์</td><td style='padding:3px 6px;'>K2-02</td></tr><tr><td style='padding:3px 6px; font-weight:bold; background-color:#f2f2f2;'>โควตา</td><td style='padding:3px 6px;'>960665</td></tr><tr><td style='padding:3px 6px; font-weight:bold; background-color:#f2f2f2;'>ชาวไร่</td><td style='padding:3px 6px;'>นาง บังอร ดวงแก้ว</td></tr><tr><td style='padding:3px 6px; font-weight:bold; background-color:#f2f2f2;'>ประเภทอ้อย</td><td style='padding:3px 6px;'>ตอ1</td></tr><tr><td style='padding:3px 6px; font-weight:bold; background-color:#f2f2f2;'>พื้นที่</td><td style='padding:3px 6px;'>10.19</td></tr><tr><td style='padding:3px 6px; font-weight:bold; background-color:#f2f2f2;'>ตันรวม</td><td style='padding:3px 6px;'>91.71</td></tr><tr><td style='padding:3px 6px; font-weight:bold; background-color:#f2f2f2;'>รหัสแปลง</td><td style='padding:3px 6px;'>340708060005</td></tr><tr><td style='padding:3px 6px; font-weight:bold; background-color:#f2f2f2;'>กลุ่ม</td><td style='padding:3px 6px;'>กลุ่ม_02</td></tr></table></div>]]></description>
      <styleUrl>#plotStyle</styleUrl>
      <MultiGeometry><Polygon><outerBoundaryIs><LinearRing><coordinates>104.9687983,14.8246933,0 104.9703483,14.8245050,0 104.9703517,14.8244083,0 104.9702333,14.8236850,0 104.9701733,14.8236833,0 104.9685817,14.8238683,0 104.9686500,14.8241167,0 104.9687800,14.8241117,0 104.9687617,14.8242400,0 104.9686417,14.8242250,0 104.9687983,14.8246933,0</coordinates></LinearRing></outerBoundaryIs></Polygon></MultiGeometry>
    </Placemark>
    <Placemark>
      <name>340708030051</name>
      <description><![CDATA[<div style='font-family:Tahoma,sans-serif; font-size:13px;'><h3 style='color:#1565C0; margin:4px 0;'>รหัสแปลง: 340708030051</h3><p style='margin:2px 0;'><b>กลุ่มคิว:</b> 02_001</p><table border='1' style='border-collapse:collapse; border-color:#ccc; width:100%;'><tr><td style='padding:3px 6px; font-weight:bold; background-color:#f2f2f2;'>รหัสกลุ่มคิว</td><td style='padding:3px 6px;'>02/001</td></tr><tr><td style='padding:3px 6px; font-weight:bold; background-color:#f2f2f2;'>รหัสรับเหมา</td><td style='padding:3px 6px;'>738889</td></tr><tr><td style='padding:3px 6px; font-weight:bold; background-color:#f2f2f2;'>ชื่อ-สกุล รับเหมา</td><td style='padding:3px 6px;'>รถตัดโรงงานเบอร์ 15</td></tr><tr><td style='padding:3px 6px; font-weight:bold; background-color:#f2f2f2;'>นักเกษตร</td><td style='padding:3px 6px;'>0010</td></tr><tr><td style='padding:3px 6px; font-weight:bold; background-color:#f2f2f2;'>ศูนย์</td><td style='padding:3px 6px;'>K2-02</td></tr><tr><td style='padding:3px 6px; font-weight:bold; background-color:#f2f2f2;'>โควตา</td><td style='padding:3px 6px;'>960685</td></tr><tr><td style='padding:3px 6px; font-weight:bold; background-color:#f2f2f2;'>ชาวไร่</td><td style='padding:3px 6px;'>นาย บุญโฮม โสมอ่อน</td></tr><tr><td style='padding:3px 6px; font-weight:bold; background-color:#f2f2f2;'>ประเภทอ้อย</td><td style='padding:3px 6px;'>ตอ1</td></tr><tr><td style='padding:3px 6px; font-weight:bold; background-color:#f2f2f2;'>พื้นที่</td><td style='padding:3px 6px;'>9.7</td></tr><tr><td style='padding:3px 6px; font-weight:bold; background-color:#f2f2f2;'>ตันรวม</td><td style='padding:3px 6px;'>87.3</td></tr><tr><td style='padding:3px 6px; font-weight:bold; background-color:#f2f2f2;'>รหัสแปลง</td><td style='padding:3px 6px;'>340708030051</td></tr><tr><td style='padding:3px 6px; font-weight:bold; background-color:#f2f2f2;'>กลุ่ม</td><td style='padding:3px 6px;'>กลุ่ม_02</td></tr></table></div>]]></description>
      <styleUrl>#plotStyle</styleUrl>
      <MultiGeometry><Polygon><outerBoundaryIs><LinearRing><coordinates>105.0046033,14.8573900,0 105.0055967,14.8592767,0 105.0056833,14.8591133,0 105.0056917,14.8590383,0 105.0057683,14.8589333,0 105.0058400,14.8588717,0 105.0059717,14.8587800,0 105.0060750,14.8585850,0 105.0061967,14.8584567,0 105.0062300,14.8583550,0 105.0059950,14.8583350,0 105.0057550,14.8580167,0 105.0053817,14.8576317,0 105.0050483,14.8572750,0 105.0049450,14.8571717,0 105.0046033,14.8573900,0</coordinates></LinearRing></outerBoundaryIs></Polygon></MultiGeometry>
    </Placemark>
    <Placemark>
      <name>340708040006</name>
      <description><![CDATA[<div style='font-family:Tahoma,sans-serif; font-size:13px;'><h3 style='color:#1565C0; margin:4px 0;'>รหัสแปลง: 340708040006</h3><p style='margin:2px 0;'><b>กลุ่มคิว:</b> 02_001</p><table border='1' style='border-collapse:collapse; border-color:#ccc; width:100%;'><tr><td style='padding:3px 6px; font-weight:bold; background-color:#f2f2f2;'>รหัสกลุ่มคิว</td><td style='padding:3px 6px;'>02/001</td></tr><tr><td style='padding:3px 6px; font-weight:bold; background-color:#f2f2f2;'>รหัสรับเหมา</td><td style='padding:3px 6px;'>738889</td></tr><tr><td style='padding:3px 6px; font-weight:bold; background-color:#f2f2f2;'>ชื่อ-สกุล รับเหมา</td><td style='padding:3px 6px;'>รถตัดโรงงานเบอร์ 15</td></tr><tr><td style='padding:3px 6px; font-weight:bold; background-color:#f2f2f2;'>นักเกษตร</td><td style='padding:3px 6px;'>0010</td></tr><tr><td style='padding:3px 6px; font-weight:bold; background-color:#f2f2f2;'>ศูนย์</td><td style='padding:3px 6px;'>K2-02</td></tr><tr><td style='padding:3px 6px; font-weight:bold; background-color:#f2f2f2;'>โควตา</td><td style='padding:3px 6px;'>960690</td></tr><tr><td style='padding:3px 6px; font-weight:bold; background-color:#f2f2f2;'>ชาวไร่</td><td style='padding:3px 6px;'>นาง สัมฤทธิ์ โสภา</td></tr><tr><td style='padding:3px 6px; font-weight:bold; background-color:#f2f2f2;'>ประเภทอ้อย</td><td style='padding:3px 6px;'>ตอ1</td></tr><tr><td style='padding:3px 6px; font-weight:bold; background-color:#f2f2f2;'>พื้นที่</td><td style='padding:3px 6px;'>7.95</td></tr><tr><td style='padding:3px 6px; font-weight:bold; background-color:#f2f2f2;'>ตันรวม</td><td style='padding:3px 6px;'>71.55</td></tr><tr><td style='padding:3px 6px; font-weight:bold; background-color:#f2f2f2;'>รหัสแปลง</td><td style='padding:3px 6px;'>340708040006</td></tr><tr><td style='padding:3px 6px; font-weight:bold; background-color:#f2f2f2;'>กลุ่ม</td><td style='padding:3px 6px;'>กลุ่ม_02</td></tr></table></div>]]></description>
      <styleUrl>#plotStyle</styleUrl>
      <MultiGeometry><Polygon><outerBoundaryIs><LinearRing><coordinates>104.9638633,14.8383283,0 104.9634483,14.8393950,0 104.9649283,14.8390217,0 104.9646700,14.8382033,0 104.9638633,14.8383283,0</coordinates></LinearRing></outerBoundaryIs></Polygon></MultiGeometry>
    </Placemark>
    <Placemark>
      <name>331903053018</name>
      <description><![CDATA[<div style='font-family:Tahoma,sans-serif; font-size:13px;'><h3 style='color:#1565C0; margin:4px 0;'>รหัสแปลง: 331903053018</h3><p style='margin:2px 0;'><b>กลุ่มคิว:</b> 02_001</p><table border='1' style='border-collapse:collapse; border-color:#ccc; width:100%;'><tr><td style='padding:3px 6px; font-weight:bold; background-color:#f2f2f2;'>รหัสกลุ่มคิว</td><td style='padding:3px 6px;'>02/001</td></tr><tr><td style='padding:3px 6px; font-weight:bold; background-color:#f2f2f2;'>รหัสรับเหมา</td><td style='padding:3px 6px;'>738889</td></tr><tr><td style='padding:3px 6px; font-weight:bold; background-color:#f2f2f2;'>ชื่อ-สกุล รับเหมา</td><td style='padding:3px 6px;'>รถตัดโรงงานเบอร์ 15</td></tr><tr><td style='padding:3px 6px; font-weight:bold; background-color:#f2f2f2;'>นักเกษตร</td><td style='padding:3px 6px;'>0010</td></tr><tr><td style='padding:3px 6px; font-weight:bold; background-color:#f2f2f2;'>ศูนย์</td><td style='padding:3px 6px;'>K2-02</td></tr><tr><td style='padding:3px 6px; font-weight:bold; background-color:#f2f2f2;'>โควตา</td><td style='padding:3px 6px;'>913221</td></tr><tr><td style='padding:3px 6px; font-weight:bold; background-color:#f2f2f2;'>ชาวไร่</td><td style='padding:3px 6px;'>นาง มนัญชยา บุดดา</td></tr><tr><td style='padding:3px 6px; font-weight:bold; background-color:#f2f2f2;'>ประเภทอ้อย</td><td style='padding:3px 6px;'>ตอ1</td></tr><tr><td style='padding:3px 6px; font-weight:bold; background-color:#f2f2f2;'>พื้นที่</td><td style='padding:3px 6px;'>13.7</td></tr><tr><td style='padding:3px 6px; font-weight:bold; background-color:#f2f2f2;'>ตันรวม</td><td style='padding:3px 6px;'>123.3</td></tr><tr><td style='padding:3px 6px; font-weight:bold; background-color:#f2f2f2;'>รหัสแปลง</td><td style='padding:3px 6px;'>331903053018</td></tr><tr><td style='padding:3px 6px; font-weight:bold; background-color:#f2f2f2;'>กลุ่ม</td><td style='padding:3px 6px;'>กลุ่ม_02</td></tr></table></div>]]></description>
      <styleUrl>#plotStyle</styleUrl>
      <MultiGeometry><Polygon><outerBoundaryIs><LinearRing><coordinates>104.7425741,14.8085055,0 104.7418151,14.8061701,0 104.7414029,14.8063126,0 104.7414087,14.8064130,0 104.7411898,14.8064677,0 104.7413124,14.8068886,0 104.7413457,14.8069013,0 104.7413561,14.8069371,0 104.7414339,14.8074038,0 104.7416750,14.8083120,0 104.7415846,14.8083580,0 104.7416097,14.8086335,0 104.7418074,14.8086247,0 104.7418581,14.8086724,0 104.7420118,14.8086196,0 104.7420492,14.8087544,0 104.7421504,14.8087380,0 104.7421269,14.8085926,0 104.7421850,14.8085728,0 104.7421865,14.8086022,0 104.7425741,14.8085055,0</coordinates></LinearRing></outerBoundaryIs></Polygon></MultiGeometry>
    </Placemark>
    <Placemark>
      <name>340708020002</name>
      <description><![CDATA[<div style='font-family:Tahoma,sans-serif; font-size:13px;'><h3 style='color:#1565C0; margin:4px 0;'>รหัสแปลง: 340708020002</h3><p style='margin:2px 0;'><b>กลุ่มคิว:</b> 02_001</p><table border='1' style='border-collapse:collapse; border-color:#ccc; width:100%;'><tr><td style='padding:3px 6px; font-weight:bold; background-color:#f2f2f2;'>รหัสกลุ่มคิว</td><td style='padding:3px 6px;'>02/001</td></tr><tr><td style='padding:3px 6px; font-weight:bold; background-color:#f2f2f2;'>รหัสรับเหมา</td><td style='padding:3px 6px;'>738889</td></tr><tr><td style='padding:3px 6px; font-weight:bold; background-color:#f2f2f2;'>ชื่อ-สกุล รับเหมา</td><td style='padding:3px 6px;'>รถตัดโรงงานเบอร์ 15</td></tr><tr><td style='padding:3px 6px; font-weight:bold; background-color:#f2f2f2;'>นักเกษตร</td><td style='padding:3px 6px;'>0010</td></tr><tr><td style='padding:3px 6px; font-weight:bold; background-color:#f2f2f2;'>ศูนย์</td><td style='padding:3px 6px;'>K2-02</td></tr><tr><td style='padding:3px 6px; font-weight:bold; background-color:#f2f2f2;'>โควตา</td><td style='padding:3px 6px;'>960692</td></tr><tr><td style='padding:3px 6px; font-weight:bold; background-color:#f2f2f2;'>ชาวไร่</td><td style='padding:3px 6px;'>นาย สต๋อย โสมา</td></tr><tr><td style='padding:3px 6px; font-weight:bold; background-color:#f2f2f2;'>ประเภทอ้อย</td><td style='padding:3px 6px;'>ตอ1</td></tr><tr><td style='padding:3px 6px; font-weight:bold; background-color:#f2f2f2;'>พื้นที่</td><td style='padding:3px 6px;'>5.31</td></tr><tr><td style='padding:3px 6px; font-weight:bold; background-color:#f2f2f2;'>ตันรวม</td><td style='padding:3px 6px;'>47.79</td></tr><tr><td style='padding:3px 6px; font-weight:bold; background-color:#f2f2f2;'>รหัสแปลง</td><td style='padding:3px 6px;'>340708020002</td></tr><tr><td style='padding:3px 6px; font-weight:bold; background-color:#f2f2f2;'>กลุ่ม</td><td style='padding:3px 6px;'>กลุ่ม_02</td></tr></table></div>]]></description>
      <styleUrl>#plotStyle</styleUrl>
      <MultiGeometry><Polygon><outerBoundaryIs><LinearRing><coordinates>105.0120583,14.7885317,0 105.0129800,14.7888783,0 105.0131717,14.7888617,0 105.0132683,14.7888500,0 105.0133683,14.7888317,0 105.0134583,14.7887950,0 105.0135617,14.7887750,0 105.0135150,14.7884000,0 105.0130031,14.7882298,0 105.0129800,14.7883650,0 105.0130500,14.7884750,0 105.0130450,14.7885217,0 105.0130600,14.7885850,0 105.0130283,14.7885567,0 105.0129633,14.7884633,0 105.0129333,14.7884983,0 105.0128967,14.7884883,0 105.0128883,14.7884067,0 105.0129167,14.7882333,0 105.0128583,14.7882317,0 105.0128417,14.7882917,0 105.0128050,14.7882783,0 105.0127317,14.7882217,0 105.0127133,14.7882367,0 105.0126783,14.7883517,0 105.0126983,14.7884250,0 105.0124717,14.7883800,0 105.0124683,14.7883350,0 105.0124233,14.7883050,0 105.0124100,14.7882950,0 105.0124767,14.7882683,0 105.0126150,14.7882867,0 105.0126317,14.7882317,0 105.0127267,14.7882183,0 105.0127329,14.7881512,0 105.0120300,14.7881967,0 105.0120583,14.7885317,0</coordinates></LinearRing></outerBoundaryIs></Polygon></MultiGeometry>
    </Placemark>
    <Placemark>
      <name>340708030052</name>
      <description><![CDATA[<div style='font-family:Tahoma,sans-serif; font-size:13px;'><h3 style='color:#1565C0; margin:4px 0;'>รหัสแปลง: 340708030052</h3><p style='margin:2px 0;'><b>กลุ่มคิว:</b> 02_001</p><table border='1' style='border-collapse:collapse; border-color:#ccc; width:100%;'><tr><td style='padding:3px 6px; font-weight:bold; background-color:#f2f2f2;'>รหัสกลุ่มคิว</td><td style='padding:3px 6px;'>02/001</td></tr><tr><td style='padding:3px 6px; font-weight:bold; background-color:#f2f2f2;'>รหัสรับเหมา</td><td style='padding:3px 6px;'>738889</td></tr><tr><td style='padding:3px 6px; font-weight:bold; background-color:#f2f2f2;'>ชื่อ-สกุล รับเหมา</td><td style='padding:3px 6px;'>รถตัดโรงงานเบอร์ 15</td></tr><tr><td style='padding:3px 6px; font-weight:bold; background-color:#f2f2f2;'>นักเกษตร</td><td style='padding:3px 6px;'>0010</td></tr><tr><td style='padding:3px 6px; font-weight:bold; background-color:#f2f2f2;'>ศูนย์</td><td style='padding:3px 6px;'>K2-02</td></tr><tr><td style='padding:3px 6px; font-weight:bold; background-color:#f2f2f2;'>โควตา</td><td style='padding:3px 6px;'>960621</td></tr><tr><td style='padding:3px 6px; font-weight:bold; background-color:#f2f2f2;'>ชาวไร่</td><td style='padding:3px 6px;'>นาย อาทิตย์ บุญตาเพศ</td></tr><tr><td style='padding:3px 6px; font-weight:bold; background-color:#f2f2f2;'>ประเภทอ้อย</td><td style='padding:3px 6px;'>ตอ1</td></tr><tr><td style='padding:3px 6px; font-weight:bold; background-color:#f2f2f2;'>พื้นที่</td><td style='padding:3px 6px;'>4.65</td></tr><tr><td style='padding:3px 6px; font-weight:bold; background-color:#f2f2f2;'>ตันรวม</td><td style='padding:3px 6px;'>41.85</td></tr><tr><td style='padding:3px 6px; font-weight:bold; background-color:#f2f2f2;'>รหัสแปลง</td><td style='padding:3px 6px;'>340708030052</td></tr><tr><td style='padding:3px 6px; font-weight:bold; background-color:#f2f2f2;'>กลุ่ม</td><td style='padding:3px 6px;'>กลุ่ม_02</td></tr></table></div>]]></description>
      <styleUrl>#plotStyle</styleUrl>
      <MultiGeometry><Polygon><outerBoundaryIs><LinearRing><coordinates>104.9848417,14.8719533,0 104.9847317,14.8719583,0 104.9849167,14.8726467,0 104.9856100,14.8725200,0 104.9854167,14.8716350,0 104.9848100,14.8717950,0 104.9848417,14.8719533,0</coordinates></LinearRing></outerBoundaryIs></Polygon></MultiGeometry>
    </Placemark>
    <Placemark>
      <name>340708060006</name>
      <description><![CDATA[<div style='font-family:Tahoma,sans-serif; font-size:13px;'><h3 style='color:#1565C0; margin:4px 0;'>รหัสแปลง: 340708060006</h3><p style='margin:2px 0;'><b>กลุ่มคิว:</b> 02_001</p><table border='1' style='border-collapse:collapse; border-color:#ccc; width:100%;'><tr><td style='padding:3px 6px; font-weight:bold; background-color:#f2f2f2;'>รหัสกลุ่มคิว</td><td style='padding:3px 6px;'>02/001</td></tr><tr><td style='padding:3px 6px; font-weight:bold; background-color:#f2f2f2;'>รหัสรับเหมา</td><td style='padding:3px 6px;'>738889</td></tr><tr><td style='padding:3px 6px; font-weight:bold; background-color:#f2f2f2;'>ชื่อ-สกุล รับเหมา</td><td style='padding:3px 6px;'>รถตัดโรงงานเบอร์ 15</td></tr><tr><td style='padding:3px 6px; font-weight:bold; background-color:#f2f2f2;'>นักเกษตร</td><td style='padding:3px 6px;'>0010</td></tr><tr><td style='padding:3px 6px; font-weight:bold; background-color:#f2f2f2;'>ศูนย์</td><td style='padding:3px 6px;'>K2-02</td></tr><tr><td style='padding:3px 6px; font-weight:bold; background-color:#f2f2f2;'>โควตา</td><td style='padding:3px 6px;'>960686</td></tr><tr><td style='padding:3px 6px; font-weight:bold; background-color:#f2f2f2;'>ชาวไร่</td><td style='padding:3px 6px;'>นางสาว สุภาพร สังกะเพศ</td></tr><tr><td style='padding:3px 6px; font-weight:bold; background-color:#f2f2f2;'>ประเภทอ้อย</td><td style='padding:3px 6px;'>ตอ1</td></tr><tr><td style='padding:3px 6px; font-weight:bold; background-color:#f2f2f2;'>พื้นที่</td><td style='padding:3px 6px;'>8.94</td></tr><tr><td style='padding:3px 6px; font-weight:bold; background-color:#f2f2f2;'>ตันรวม</td><td style='padding:3px 6px;'>80.46</td></tr><tr><td style='padding:3px 6px; font-weight:bold; background-color:#f2f2f2;'>รหัสแปลง</td><td style='padding:3px 6px;'>340708060006</td></tr><tr><td style='padding:3px 6px; font-weight:bold; background-color:#f2f2f2;'>กลุ่ม</td><td style='padding:3px 6px;'>กลุ่ม_02</td></tr></table></div>]]></description>
      <styleUrl>#plotStyle</styleUrl>
      <MultiGeometry><Polygon><outerBoundaryIs><LinearRing><coordinates>104.9862867,14.8284967,0 104.9876433,14.8279500,0 104.9872800,14.8273550,0 104.9870083,14.8274000,0 104.9868617,14.8272300,0 104.9863683,14.8274500,0 104.9862967,14.8274917,0 104.9863633,14.8276500,0 104.9859633,14.8278533,0 104.9862867,14.8284967,0</coordinates></LinearRing></outerBoundaryIs></Polygon></MultiGeometry>
    </Placemark>
    <Placemark>
      <name>340708030053</name>
      <description><![CDATA[<div style='font-family:Tahoma,sans-serif; font-size:13px;'><h3 style='color:#1565C0; margin:4px 0;'>รหัสแปลง: 340708030053</h3><p style='margin:2px 0;'><b>กลุ่มคิว:</b> 02_001</p><table border='1' style='border-collapse:collapse; border-color:#ccc; width:100%;'><tr><td style='padding:3px 6px; font-weight:bold; background-color:#f2f2f2;'>รหัสกลุ่มคิว</td><td style='padding:3px 6px;'>02/001</td></tr><tr><td style='padding:3px 6px; font-weight:bold; background-color:#f2f2f2;'>รหัสรับเหมา</td><td style='padding:3px 6px;'>738889</td></tr><tr><td style='padding:3px 6px; font-weight:bold; background-color:#f2f2f2;'>ชื่อ-สกุล รับเหมา</td><td style='padding:3px 6px;'>รถตัดโรงงานเบอร์ 15</td></tr><tr><td style='padding:3px 6px; font-weight:bold; background-color:#f2f2f2;'>นักเกษตร</td><td style='padding:3px 6px;'>0010</td></tr><tr><td style='padding:3px 6px; font-weight:bold; background-color:#f2f2f2;'>ศูนย์</td><td style='padding:3px 6px;'>K2-02</td></tr><tr><td style='padding:3px 6px; font-weight:bold; background-color:#f2f2f2;'>โควตา</td><td style='padding:3px 6px;'>960695</td></tr><tr><td style='padding:3px 6px; font-weight:bold; background-color:#f2f2f2;'>ชาวไร่</td><td style='padding:3px 6px;'>นาย มงคล แสงกล้า</td></tr><tr><td style='padding:3px 6px; font-weight:bold; background-color:#f2f2f2;'>ประเภทอ้อย</td><td style='padding:3px 6px;'>ตอ1</td></tr><tr><td style='padding:3px 6px; font-weight:bold; background-color:#f2f2f2;'>พื้นที่</td><td style='padding:3px 6px;'>11.2</td></tr><tr><td style='padding:3px 6px; font-weight:bold; background-color:#f2f2f2;'>ตันรวม</td><td style='padding:3px 6px;'>100.8</td></tr><tr><td style='padding:3px 6px; font-weight:bold; background-color:#f2f2f2;'>รหัสแปลง</td><td style='padding:3px 6px;'>340708030053</td></tr><tr><td style='padding:3px 6px; font-weight:bold; background-color:#f2f2f2;'>กลุ่ม</td><td style='padding:3px 6px;'>กลุ่ม_02</td></tr></table></div>]]></description>
      <styleUrl>#plotStyle</styleUrl>
      <MultiGeometry><Polygon><outerBoundaryIs><LinearRing><coordinates>104.9848417,14.8657750,0 104.9839050,14.8661250,0 104.9839933,14.8662900,0 104.9841300,14.8662550,0 104.9842767,14.8665217,0 104.9851033,14.8662317,0 104.9852233,14.8665417,0 104.9859167,14.8663500,0 104.9866133,14.8662283,0 104.9863100,14.8654567,0 104.9853183,14.8657067,0 104.9853933,14.8659350,0 104.9849350,14.8660433,0 104.9848417,14.8657750,0</coordinates></LinearRing></outerBoundaryIs></Polygon></MultiGeometry>
    </Placemark>
    <Placemark>
      <name>340708030054</name>
      <description><![CDATA[<div style='font-family:Tahoma,sans-serif; font-size:13px;'><h3 style='color:#1565C0; margin:4px 0;'>รหัสแปลง: 340708030054</h3><p style='margin:2px 0;'><b>กลุ่มคิว:</b> 02_001</p><table border='1' style='border-collapse:collapse; border-color:#ccc; width:100%;'><tr><td style='padding:3px 6px; font-weight:bold; background-color:#f2f2f2;'>รหัสกลุ่มคิว</td><td style='padding:3px 6px;'>02/001</td></tr><tr><td style='padding:3px 6px; font-weight:bold; background-color:#f2f2f2;'>รหัสรับเหมา</td><td style='padding:3px 6px;'>738889</td></tr><tr><td style='padding:3px 6px; font-weight:bold; background-color:#f2f2f2;'>ชื่อ-สกุล รับเหมา</td><td style='padding:3px 6px;'>รถตัดโรงงานเบอร์ 15</td></tr><tr><td style='padding:3px 6px; font-weight:bold; background-color:#f2f2f2;'>นักเกษตร</td><td style='padding:3px 6px;'>0010</td></tr><tr><td style='padding:3px 6px; font-weight:bold; background-color:#f2f2f2;'>ศูนย์</td><td style='padding:3px 6px;'>K2-02</td></tr><tr><td style='padding:3px 6px; font-weight:bold; background-color:#f2f2f2;'>โควตา</td><td style='padding:3px 6px;'>960621</td></tr><tr><td style='padding:3px 6px; font-weight:bold; background-color:#f2f2f2;'>ชาวไร่</td><td style='padding:3px 6px;'>นาย อาทิตย์ บุญตาเพศ</td></tr><tr><td style='padding:3px 6px; font-weight:bold; background-color:#f2f2f2;'>ประเภทอ้อย</td><td style='padding:3px 6px;'>ตอ1</td></tr><tr><td style='padding:3px 6px; font-weight:bold; background-color:#f2f2f2;'>พื้นที่</td><td style='padding:3px 6px;'>1.66</td></tr><tr><td style='padding:3px 6px; font-weight:bold; background-color:#f2f2f2;'>ตันรวม</td><td style='padding:3px 6px;'>14.94</td></tr><tr><td style='padding:3px 6px; font-weight:bold; background-color:#f2f2f2;'>รหัสแปลง</td><td style='padding:3px 6px;'>340708030054</td></tr><tr><td style='padding:3px 6px; font-weight:bold; background-color:#f2f2f2;'>กลุ่ม</td><td style='padding:3px 6px;'>กลุ่ม_02</td></tr></table></div>]]></description>
      <styleUrl>#plotStyle</styleUrl>
      <MultiGeometry><Polygon><outerBoundaryIs><LinearRing><coordinates>104.9868667,14.8715683,0 104.9870450,14.8715717,0 104.9870433,14.8715050,0 104.9871350,14.8714183,0 104.9871333,14.8713967,0 104.9871817,14.8706417,0 104.9869833,14.8705217,0 104.9868667,14.8715683,0</coordinates></LinearRing></outerBoundaryIs></Polygon></MultiGeometry>
    </Placemark>
    <Placemark>
      <name>340706013024</name>
      <description><![CDATA[<div style='font-family:Tahoma,sans-serif; font-size:13px;'><h3 style='color:#1565C0; margin:4px 0;'>รหัสแปลง: 340706013024</h3><p style='margin:2px 0;'><b>กลุ่มคิว:</b> 02_001</p><table border='1' style='border-collapse:collapse; border-color:#ccc; width:100%;'><tr><td style='padding:3px 6px; font-weight:bold; background-color:#f2f2f2;'>รหัสกลุ่มคิว</td><td style='padding:3px 6px;'>02/001</td></tr><tr><td style='padding:3px 6px; font-weight:bold; background-color:#f2f2f2;'>รหัสรับเหมา</td><td style='padding:3px 6px;'>738889</td></tr><tr><td style='padding:3px 6px; font-weight:bold; background-color:#f2f2f2;'>ชื่อ-สกุล รับเหมา</td><td style='padding:3px 6px;'>รถตัดโรงงานเบอร์ 15</td></tr><tr><td style='padding:3px 6px; font-weight:bold; background-color:#f2f2f2;'>นักเกษตร</td><td style='padding:3px 6px;'>0010</td></tr><tr><td style='padding:3px 6px; font-weight:bold; background-color:#f2f2f2;'>ศูนย์</td><td style='padding:3px 6px;'>K2-02</td></tr><tr><td style='padding:3px 6px; font-weight:bold; background-color:#f2f2f2;'>โควตา</td><td style='padding:3px 6px;'>910581</td></tr><tr><td style='padding:3px 6px; font-weight:bold; background-color:#f2f2f2;'>ชาวไร่</td><td style='padding:3px 6px;'>นาย สุวิชัย คำตัน</td></tr><tr><td style='padding:3px 6px; font-weight:bold; background-color:#f2f2f2;'>ประเภทอ้อย</td><td style='padding:3px 6px;'>ตอ1</td></tr><tr><td style='padding:3px 6px; font-weight:bold; background-color:#f2f2f2;'>พื้นที่</td><td style='padding:3px 6px;'>9.49</td></tr><tr><td style='padding:3px 6px; font-weight:bold; background-color:#f2f2f2;'>ตันรวม</td><td style='padding:3px 6px;'>85.41</td></tr><tr><td style='padding:3px 6px; font-weight:bold; background-color:#f2f2f2;'>รหัสแปลง</td><td style='padding:3px 6px;'>340706013024</td></tr><tr><td style='padding:3px 6px; font-weight:bold; background-color:#f2f2f2;'>กลุ่ม</td><td style='padding:3px 6px;'>กลุ่ม_02</td></tr></table></div>]]></description>
      <styleUrl>#plotStyle</styleUrl>
      <MultiGeometry><Polygon><outerBoundaryIs><LinearRing><coordinates>104.8616483,14.8391400,0 104.8613483,14.8391967,0 104.8612317,14.8388050,0 104.8610450,14.8380550,0 104.8609067,14.8378700,0 104.8607500,14.8379300,0 104.8605417,14.8379917,0 104.8609200,14.8394183,0 104.8610200,14.8400433,0 104.8610567,14.8404333,0 104.8611500,14.8404050,0 104.8611850,14.8401950,0 104.8615400,14.8401717,0 104.8614967,14.8397450,0 104.8616533,14.8397150,0 104.8616483,14.8391400,0</coordinates></LinearRing></outerBoundaryIs></Polygon></MultiGeometry>
    </Placemark>
    <Placemark>
      <name>340708040007</name>
      <description><![CDATA[<div style='font-family:Tahoma,sans-serif; font-size:13px;'><h3 style='color:#1565C0; margin:4px 0;'>รหัสแปลง: 340708040007</h3><p style='margin:2px 0;'><b>กลุ่มคิว:</b> 02_001</p><table border='1' style='border-collapse:collapse; border-color:#ccc; width:100%;'><tr><td style='padding:3px 6px; font-weight:bold; background-color:#f2f2f2;'>รหัสกลุ่มคิว</td><td style='padding:3px 6px;'>02/001</td></tr><tr><td style='padding:3px 6px; font-weight:bold; background-color:#f2f2f2;'>รหัสรับเหมา</td><td style='padding:3px 6px;'>738889</td></tr><tr><td style='padding:3px 6px; font-weight:bold; background-color:#f2f2f2;'>ชื่อ-สกุล รับเหมา</td><td style='padding:3px 6px;'>รถตัดโรงงานเบอร์ 15</td></tr><tr><td style='padding:3px 6px; font-weight:bold; background-color:#f2f2f2;'>นักเกษตร</td><td style='padding:3px 6px;'>0010</td></tr><tr><td style='padding:3px 6px; font-weight:bold; background-color:#f2f2f2;'>ศูนย์</td><td style='padding:3px 6px;'>K2-02</td></tr><tr><td style='padding:3px 6px; font-weight:bold; background-color:#f2f2f2;'>โควตา</td><td style='padding:3px 6px;'>960698</td></tr><tr><td style='padding:3px 6px; font-weight:bold; background-color:#f2f2f2;'>ชาวไร่</td><td style='padding:3px 6px;'>นาย มาโนช สีทา</td></tr><tr><td style='padding:3px 6px; font-weight:bold; background-color:#f2f2f2;'>ประเภทอ้อย</td><td style='padding:3px 6px;'>ตอ1</td></tr><tr><td style='padding:3px 6px; font-weight:bold; background-color:#f2f2f2;'>พื้นที่</td><td style='padding:3px 6px;'>3.82</td></tr><tr><td style='padding:3px 6px; font-weight:bold; background-color:#f2f2f2;'>ตันรวม</td><td style='padding:3px 6px;'>34.38</td></tr><tr><td style='padding:3px 6px; font-weight:bold; background-color:#f2f2f2;'>รหัสแปลง</td><td style='padding:3px 6px;'>340708040007</td></tr><tr><td style='padding:3px 6px; font-weight:bold; background-color:#f2f2f2;'>กลุ่ม</td><td style='padding:3px 6px;'>กลุ่ม_02</td></tr></table></div>]]></description>
      <styleUrl>#plotStyle</styleUrl>
      <MultiGeometry><Polygon><outerBoundaryIs><LinearRing><coordinates>104.9614817,14.8416317,0 104.9615417,14.8426900,0 104.9616383,14.8432550,0 104.9618900,14.8431650,0 104.9619417,14.8430750,0 104.9619317,14.8429950,0 104.9619350,14.8429283,0 104.9619250,14.8428133,0 104.9618683,14.8424333,0 104.9618100,14.8423300,0 104.9618600,14.8422417,0 104.9617350,14.8416300,0 104.9614817,14.8416317,0</coordinates></LinearRing></outerBoundaryIs></Polygon></MultiGeometry>
    </Placemark>
    <Placemark>
      <name>331902033038</name>
      <description><![CDATA[<div style='font-family:Tahoma,sans-serif; font-size:13px;'><h3 style='color:#1565C0; margin:4px 0;'>รหัสแปลง: 331902033038</h3><p style='margin:2px 0;'><b>กลุ่มคิว:</b> 02_001</p><table border='1' style='border-collapse:collapse; border-color:#ccc; width:100%;'><tr><td style='padding:3px 6px; font-weight:bold; background-color:#f2f2f2;'>รหัสกลุ่มคิว</td><td style='padding:3px 6px;'>02/001</td></tr><tr><td style='padding:3px 6px; font-weight:bold; background-color:#f2f2f2;'>รหัสรับเหมา</td><td style='padding:3px 6px;'>738889</td></tr><tr><td style='padding:3px 6px; font-weight:bold; background-color:#f2f2f2;'>ชื่อ-สกุล รับเหมา</td><td style='padding:3px 6px;'>รถตัดโรงงานเบอร์ 15</td></tr><tr><td style='padding:3px 6px; font-weight:bold; background-color:#f2f2f2;'>นักเกษตร</td><td style='padding:3px 6px;'>0010</td></tr><tr><td style='padding:3px 6px; font-weight:bold; background-color:#f2f2f2;'>ศูนย์</td><td style='padding:3px 6px;'>K2-02</td></tr><tr><td style='padding:3px 6px; font-weight:bold; background-color:#f2f2f2;'>โควตา</td><td style='padding:3px 6px;'>913205</td></tr><tr><td style='padding:3px 6px; font-weight:bold; background-color:#f2f2f2;'>ชาวไร่</td><td style='padding:3px 6px;'>นาย นนทกร ลักขณาโรจน์</td></tr><tr><td style='padding:3px 6px; font-weight:bold; background-color:#f2f2f2;'>ประเภทอ้อย</td><td style='padding:3px 6px;'>ปลายฝน</td></tr><tr><td style='padding:3px 6px; font-weight:bold; background-color:#f2f2f2;'>พื้นที่</td><td style='padding:3px 6px;'>20.55</td></tr><tr><td style='padding:3px 6px; font-weight:bold; background-color:#f2f2f2;'>ตันรวม</td><td style='padding:3px 6px;'>267.15</td></tr><tr><td style='padding:3px 6px; font-weight:bold; background-color:#f2f2f2;'>รหัสแปลง</td><td style='padding:3px 6px;'>331902033038</td></tr><tr><td style='padding:3px 6px; font-weight:bold; background-color:#f2f2f2;'>กลุ่ม</td><td style='padding:3px 6px;'>กลุ่ม_02</td></tr></table></div>]]></description>
      <styleUrl>#plotStyle</styleUrl>
      <MultiGeometry><Polygon><outerBoundaryIs><LinearRing><coordinates>104.7372702,14.7772225,0 104.7372919,14.7772042,0 104.7373146,14.7772127,0 104.7373522,14.7772415,0 104.7375282,14.7772104,0 104.7371437,14.7755060,0 104.7369173,14.7755497,0 104.7367553,14.7750914,0 104.7357627,14.7753422,0 104.7363284,14.7775307,0 104.7372636,14.7772697,0 104.7372702,14.7772225,0</coordinates></LinearRing></outerBoundaryIs></Polygon></MultiGeometry>
    </Placemark>
    <Placemark>
      <name>341511093013</name>
      <description><![CDATA[<div style='font-family:Tahoma,sans-serif; font-size:13px;'><h3 style='color:#1565C0; margin:4px 0;'>รหัสแปลง: 341511093013</h3><p style='margin:2px 0;'><b>กลุ่มคิว:</b> 02_001</p><table border='1' style='border-collapse:collapse; border-color:#ccc; width:100%;'><tr><td style='padding:3px 6px; font-weight:bold; background-color:#f2f2f2;'>รหัสกลุ่มคิว</td><td style='padding:3px 6px;'>02/001</td></tr><tr><td style='padding:3px 6px; font-weight:bold; background-color:#f2f2f2;'>รหัสรับเหมา</td><td style='padding:3px 6px;'>738889</td></tr><tr><td style='padding:3px 6px; font-weight:bold; background-color:#f2f2f2;'>ชื่อ-สกุล รับเหมา</td><td style='padding:3px 6px;'>รถตัดโรงงานเบอร์ 15</td></tr><tr><td style='padding:3px 6px; font-weight:bold; background-color:#f2f2f2;'>นักเกษตร</td><td style='padding:3px 6px;'>0010</td></tr><tr><td style='padding:3px 6px; font-weight:bold; background-color:#f2f2f2;'>ศูนย์</td><td style='padding:3px 6px;'>K2-02</td></tr><tr><td style='padding:3px 6px; font-weight:bold; background-color:#f2f2f2;'>โควตา</td><td style='padding:3px 6px;'>931048</td></tr><tr><td style='padding:3px 6px; font-weight:bold; background-color:#f2f2f2;'>ชาวไร่</td><td style='padding:3px 6px;'>นาย ทองปาน พันแสนแก้ว</td></tr><tr><td style='padding:3px 6px; font-weight:bold; background-color:#f2f2f2;'>ประเภทอ้อย</td><td style='padding:3px 6px;'>ปลายฝน</td></tr><tr><td style='padding:3px 6px; font-weight:bold; background-color:#f2f2f2;'>พื้นที่</td><td style='padding:3px 6px;'>10.82</td></tr><tr><td style='padding:3px 6px; font-weight:bold; background-color:#f2f2f2;'>ตันรวม</td><td style='padding:3px 6px;'>140.66</td></tr><tr><td style='padding:3px 6px; font-weight:bold; background-color:#f2f2f2;'>รหัสแปลง</td><td style='padding:3px 6px;'>341511093013</td></tr><tr><td style='padding:3px 6px; font-weight:bold; background-color:#f2f2f2;'>กลุ่ม</td><td style='padding:3px 6px;'>กลุ่ม_02</td></tr></table></div>]]></description>
      <styleUrl>#plotStyle</styleUrl>
      <MultiGeometry><Polygon><outerBoundaryIs><LinearRing><coordinates>104.7507716,15.1286212,0 104.7499967,15.1282260,0 104.7496813,15.1288628,0 104.7509300,15.1295235,0 104.7516316,15.1297581,0 104.7516902,15.1290399,0 104.7513390,15.1289167,0 104.7507716,15.1286212,0</coordinates></LinearRing></outerBoundaryIs></Polygon></MultiGeometry>
    </Placemark>
    <Placemark>
      <name>341511093014</name>
      <description><![CDATA[<div style='font-family:Tahoma,sans-serif; font-size:13px;'><h3 style='color:#1565C0; margin:4px 0;'>รหัสแปลง: 341511093014</h3><p style='margin:2px 0;'><b>กลุ่มคิว:</b> 02_001</p><table border='1' style='border-collapse:collapse; border-color:#ccc; width:100%;'><tr><td style='padding:3px 6px; font-weight:bold; background-color:#f2f2f2;'>รหัสกลุ่มคิว</td><td style='padding:3px 6px;'>02/001</td></tr><tr><td style='padding:3px 6px; font-weight:bold; background-color:#f2f2f2;'>รหัสรับเหมา</td><td style='padding:3px 6px;'>738889</td></tr><tr><td style='padding:3px 6px; font-weight:bold; background-color:#f2f2f2;'>ชื่อ-สกุล รับเหมา</td><td style='padding:3px 6px;'>รถตัดโรงงานเบอร์ 15</td></tr><tr><td style='padding:3px 6px; font-weight:bold; background-color:#f2f2f2;'>นักเกษตร</td><td style='padding:3px 6px;'>0010</td></tr><tr><td style='padding:3px 6px; font-weight:bold; background-color:#f2f2f2;'>ศูนย์</td><td style='padding:3px 6px;'>K2-02</td></tr><tr><td style='padding:3px 6px; font-weight:bold; background-color:#f2f2f2;'>โควตา</td><td style='padding:3px 6px;'>931048</td></tr><tr><td style='padding:3px 6px; font-weight:bold; background-color:#f2f2f2;'>ชาวไร่</td><td style='padding:3px 6px;'>นาย ทองปาน พันแสนแก้ว</td></tr><tr><td style='padding:3px 6px; font-weight:bold; background-color:#f2f2f2;'>ประเภทอ้อย</td><td style='padding:3px 6px;'>ปลายฝน</td></tr><tr><td style='padding:3px 6px; font-weight:bold; background-color:#f2f2f2;'>พื้นที่</td><td style='padding:3px 6px;'>5.67</td></tr><tr><td style='padding:3px 6px; font-weight:bold; background-color:#f2f2f2;'>ตันรวม</td><td style='padding:3px 6px;'>73.71</td></tr><tr><td style='padding:3px 6px; font-weight:bold; background-color:#f2f2f2;'>รหัสแปลง</td><td style='padding:3px 6px;'>341511093014</td></tr><tr><td style='padding:3px 6px; font-weight:bold; background-color:#f2f2f2;'>กลุ่ม</td><td style='padding:3px 6px;'>กลุ่ม_02</td></tr></table></div>]]></description>
      <styleUrl>#plotStyle</styleUrl>
      <MultiGeometry><Polygon><outerBoundaryIs><LinearRing><coordinates>104.7517097,15.1289000,0 104.7517849,15.1280420,0 104.7514958,15.1280829,0 104.7509931,15.1282459,0 104.7507818,15.1282845,0 104.7498338,15.1277768,0 104.7497785,15.1278630,0 104.7497157,15.1278222,0 104.7497618,15.1277537,0 104.7494364,15.1275507,0 104.7492429,15.1276749,0 104.7517097,15.1289000,0</coordinates></LinearRing></outerBoundaryIs></Polygon></MultiGeometry>
    </Placemark>
    <Placemark>
      <name>330416090001</name>
      <description><![CDATA[<div style='font-family:Tahoma,sans-serif; font-size:13px;'><h3 style='color:#1565C0; margin:4px 0;'>รหัสแปลง: 330416090001</h3><p style='margin:2px 0;'><b>กลุ่มคิว:</b> 02_001</p><table border='1' style='border-collapse:collapse; border-color:#ccc; width:100%;'><tr><td style='padding:3px 6px; font-weight:bold; background-color:#f2f2f2;'>รหัสกลุ่มคิว</td><td style='padding:3px 6px;'>02/001</td></tr><tr><td style='padding:3px 6px; font-weight:bold; background-color:#f2f2f2;'>รหัสรับเหมา</td><td style='padding:3px 6px;'>738889</td></tr><tr><td style='padding:3px 6px; font-weight:bold; background-color:#f2f2f2;'>ชื่อ-สกุล รับเหมา</td><td style='padding:3px 6px;'>รถตัดโรงงานเบอร์ 15</td></tr><tr><td style='padding:3px 6px; font-weight:bold; background-color:#f2f2f2;'>นักเกษตร</td><td style='padding:3px 6px;'>0010</td></tr><tr><td style='padding:3px 6px; font-weight:bold; background-color:#f2f2f2;'>ศูนย์</td><td style='padding:3px 6px;'>K2-02</td></tr><tr><td style='padding:3px 6px; font-weight:bold; background-color:#f2f2f2;'>โควตา</td><td style='padding:3px 6px;'>913236</td></tr><tr><td style='padding:3px 6px; font-weight:bold; background-color:#f2f2f2;'>ชาวไร่</td><td style='padding:3px 6px;'>นาง จิราวรรณ พะวงษ์</td></tr><tr><td style='padding:3px 6px; font-weight:bold; background-color:#f2f2f2;'>ประเภทอ้อย</td><td style='padding:3px 6px;'>ปลายฝน</td></tr><tr><td style='padding:3px 6px; font-weight:bold; background-color:#f2f2f2;'>พื้นที่</td><td style='padding:3px 6px;'>19.63</td></tr><tr><td style='padding:3px 6px; font-weight:bold; background-color:#f2f2f2;'>ตันรวม</td><td style='padding:3px 6px;'>255.19</td></tr><tr><td style='padding:3px 6px; font-weight:bold; background-color:#f2f2f2;'>รหัสแปลง</td><td style='padding:3px 6px;'>330416090001</td></tr><tr><td style='padding:3px 6px; font-weight:bold; background-color:#f2f2f2;'>กลุ่ม</td><td style='padding:3px 6px;'>กลุ่ม_02</td></tr></table></div>]]></description>
      <styleUrl>#plotStyle</styleUrl>
      <MultiGeometry><Polygon><outerBoundaryIs><LinearRing><coordinates>104.6039614,14.6891893,0 104.6039847,14.6893332,0 104.6038916,14.6893553,0 104.6041172,14.6903423,0 104.6041405,14.6904014,0 104.6042183,14.6904316,0 104.6045634,14.6905620,0 104.6045721,14.6906058,0 104.6052720,14.6908515,0 104.6053207,14.6898560,0 104.6057656,14.6898808,0 104.6057892,14.6894881,0 104.6054529,14.6886358,0 104.6053729,14.6885822,0 104.6046649,14.6888288,0 104.6046028,14.6892134,0 104.6042467,14.6891723,0 104.6039614,14.6891893,0</coordinates></LinearRing></outerBoundaryIs></Polygon></MultiGeometry>
    </Placemark>
    <Placemark>
      <name>340708030058</name>
      <description><![CDATA[<div style='font-family:Tahoma,sans-serif; font-size:13px;'><h3 style='color:#1565C0; margin:4px 0;'>รหัสแปลง: 340708030058</h3><p style='margin:2px 0;'><b>กลุ่มคิว:</b> 02_001</p><table border='1' style='border-collapse:collapse; border-color:#ccc; width:100%;'><tr><td style='padding:3px 6px; font-weight:bold; background-color:#f2f2f2;'>รหัสกลุ่มคิว</td><td style='padding:3px 6px;'>02/001</td></tr><tr><td style='padding:3px 6px; font-weight:bold; background-color:#f2f2f2;'>รหัสรับเหมา</td><td style='padding:3px 6px;'>738889</td></tr><tr><td style='padding:3px 6px; font-weight:bold; background-color:#f2f2f2;'>ชื่อ-สกุล รับเหมา</td><td style='padding:3px 6px;'>รถตัดโรงงานเบอร์ 15</td></tr><tr><td style='padding:3px 6px; font-weight:bold; background-color:#f2f2f2;'>นักเกษตร</td><td style='padding:3px 6px;'>0010</td></tr><tr><td style='padding:3px 6px; font-weight:bold; background-color:#f2f2f2;'>ศูนย์</td><td style='padding:3px 6px;'>K2-02</td></tr><tr><td style='padding:3px 6px; font-weight:bold; background-color:#f2f2f2;'>โควตา</td><td style='padding:3px 6px;'>960624</td></tr><tr><td style='padding:3px 6px; font-weight:bold; background-color:#f2f2f2;'>ชาวไร่</td><td style='padding:3px 6px;'>นาย รำไพ แสวงวงษ์</td></tr><tr><td style='padding:3px 6px; font-weight:bold; background-color:#f2f2f2;'>ประเภทอ้อย</td><td style='padding:3px 6px;'>ปลายฝน</td></tr><tr><td style='padding:3px 6px; font-weight:bold; background-color:#f2f2f2;'>พื้นที่</td><td style='padding:3px 6px;'>9.75</td></tr><tr><td style='padding:3px 6px; font-weight:bold; background-color:#f2f2f2;'>ตันรวม</td><td style='padding:3px 6px;'>126.75</td></tr><tr><td style='padding:3px 6px; font-weight:bold; background-color:#f2f2f2;'>รหัสแปลง</td><td style='padding:3px 6px;'>340708030058</td></tr><tr><td style='padding:3px 6px; font-weight:bold; background-color:#f2f2f2;'>กลุ่ม</td><td style='padding:3px 6px;'>กลุ่ม_02</td></tr></table></div>]]></description>
      <styleUrl>#plotStyle</styleUrl>
      <MultiGeometry><Polygon><outerBoundaryIs><LinearRing><coordinates>105.0203617,14.8141217,0 105.0204400,14.8141417,0 105.0205633,14.8140900,0 105.0206079,14.8141384,0 105.0218433,14.8137450,0 105.0217200,14.8134633,0 105.0216600,14.8135217,0 105.0215733,14.8134767,0 105.0215717,14.8134583,0 105.0215700,14.8134483,0 105.0216500,14.8133900,0 105.0217550,14.8134000,0 105.0214750,14.8128883,0 105.0199617,14.8136883,0 105.0201970,14.8141747,0 105.0203617,14.8141217,0</coordinates></LinearRing></outerBoundaryIs></Polygon></MultiGeometry>
    </Placemark>
    <Placemark>
      <name>340708050005</name>
      <description><![CDATA[<div style='font-family:Tahoma,sans-serif; font-size:13px;'><h3 style='color:#1565C0; margin:4px 0;'>รหัสแปลง: 340708050005</h3><p style='margin:2px 0;'><b>กลุ่มคิว:</b> 02_001</p><table border='1' style='border-collapse:collapse; border-color:#ccc; width:100%;'><tr><td style='padding:3px 6px; font-weight:bold; background-color:#f2f2f2;'>รหัสกลุ่มคิว</td><td style='padding:3px 6px;'>02/001</td></tr><tr><td style='padding:3px 6px; font-weight:bold; background-color:#f2f2f2;'>รหัสรับเหมา</td><td style='padding:3px 6px;'>738889</td></tr><tr><td style='padding:3px 6px; font-weight:bold; background-color:#f2f2f2;'>ชื่อ-สกุล รับเหมา</td><td style='padding:3px 6px;'>รถตัดโรงงานเบอร์ 15</td></tr><tr><td style='padding:3px 6px; font-weight:bold; background-color:#f2f2f2;'>นักเกษตร</td><td style='padding:3px 6px;'>0010</td></tr><tr><td style='padding:3px 6px; font-weight:bold; background-color:#f2f2f2;'>ศูนย์</td><td style='padding:3px 6px;'>K2-02</td></tr><tr><td style='padding:3px 6px; font-weight:bold; background-color:#f2f2f2;'>โควตา</td><td style='padding:3px 6px;'>960662</td></tr><tr><td style='padding:3px 6px; font-weight:bold; background-color:#f2f2f2;'>ชาวไร่</td><td style='padding:3px 6px;'>นาง อุไร ผาโคตร</td></tr><tr><td style='padding:3px 6px; font-weight:bold; background-color:#f2f2f2;'>ประเภทอ้อย</td><td style='padding:3px 6px;'>ปลายฝน</td></tr><tr><td style='padding:3px 6px; font-weight:bold; background-color:#f2f2f2;'>พื้นที่</td><td style='padding:3px 6px;'>4.98</td></tr><tr><td style='padding:3px 6px; font-weight:bold; background-color:#f2f2f2;'>ตันรวม</td><td style='padding:3px 6px;'>64.74</td></tr><tr><td style='padding:3px 6px; font-weight:bold; background-color:#f2f2f2;'>รหัสแปลง</td><td style='padding:3px 6px;'>340708050005</td></tr><tr><td style='padding:3px 6px; font-weight:bold; background-color:#f2f2f2;'>กลุ่ม</td><td style='padding:3px 6px;'>กลุ่ม_02</td></tr></table></div>]]></description>
      <styleUrl>#plotStyle</styleUrl>
      <MultiGeometry><Polygon><outerBoundaryIs><LinearRing><coordinates>105.0230433,14.8152500,0 105.0226283,14.8147250,0 105.0218717,14.8149767,0 105.0221183,14.8156283,0 105.0223617,14.8156017,0 105.0227333,14.8154983,0 105.0230433,14.8152500,0</coordinates></LinearRing></outerBoundaryIs></Polygon></MultiGeometry>
    </Placemark>
    <Placemark>
      <name>340708040008</name>
      <description><![CDATA[<div style='font-family:Tahoma,sans-serif; font-size:13px;'><h3 style='color:#1565C0; margin:4px 0;'>รหัสแปลง: 340708040008</h3><p style='margin:2px 0;'><b>กลุ่มคิว:</b> 02_001</p><table border='1' style='border-collapse:collapse; border-color:#ccc; width:100%;'><tr><td style='padding:3px 6px; font-weight:bold; background-color:#f2f2f2;'>รหัสกลุ่มคิว</td><td style='padding:3px 6px;'>02/001</td></tr><tr><td style='padding:3px 6px; font-weight:bold; background-color:#f2f2f2;'>รหัสรับเหมา</td><td style='padding:3px 6px;'>738889</td></tr><tr><td style='padding:3px 6px; font-weight:bold; background-color:#f2f2f2;'>ชื่อ-สกุล รับเหมา</td><td style='padding:3px 6px;'>รถตัดโรงงานเบอร์ 15</td></tr><tr><td style='padding:3px 6px; font-weight:bold; background-color:#f2f2f2;'>นักเกษตร</td><td style='padding:3px 6px;'>0010</td></tr><tr><td style='padding:3px 6px; font-weight:bold; background-color:#f2f2f2;'>ศูนย์</td><td style='padding:3px 6px;'>K2-02</td></tr><tr><td style='padding:3px 6px; font-weight:bold; background-color:#f2f2f2;'>โควตา</td><td style='padding:3px 6px;'>960700</td></tr><tr><td style='padding:3px 6px; font-weight:bold; background-color:#f2f2f2;'>ชาวไร่</td><td style='padding:3px 6px;'>นาง อรวรรณ์ อ่อนสีบุตร</td></tr><tr><td style='padding:3px 6px; font-weight:bold; background-color:#f2f2f2;'>ประเภทอ้อย</td><td style='padding:3px 6px;'>ปลายฝน</td></tr><tr><td style='padding:3px 6px; font-weight:bold; background-color:#f2f2f2;'>พื้นที่</td><td style='padding:3px 6px;'>6.32</td></tr><tr><td style='padding:3px 6px; font-weight:bold; background-color:#f2f2f2;'>ตันรวม</td><td style='padding:3px 6px;'>82.16</td></tr><tr><td style='padding:3px 6px; font-weight:bold; background-color:#f2f2f2;'>รหัสแปลง</td><td style='padding:3px 6px;'>340708040008</td></tr><tr><td style='padding:3px 6px; font-weight:bold; background-color:#f2f2f2;'>กลุ่ม</td><td style='padding:3px 6px;'>กลุ่ม_02</td></tr></table></div>]]></description>
      <styleUrl>#plotStyle</styleUrl>
      <MultiGeometry><Polygon><outerBoundaryIs><LinearRing><coordinates>104.9620767,14.8442600,0 104.9618717,14.8431300,0 104.9611750,14.8433133,0 104.9614117,14.8444917,0 104.9617283,14.8444050,0 104.9618750,14.8443533,0 104.9620767,14.8442600,0</coordinates></LinearRing></outerBoundaryIs></Polygon></MultiGeometry>
    </Placemark>
    <Placemark>
      <name>340708040009</name>
      <description><![CDATA[<div style='font-family:Tahoma,sans-serif; font-size:13px;'><h3 style='color:#1565C0; margin:4px 0;'>รหัสแปลง: 340708040009</h3><p style='margin:2px 0;'><b>กลุ่มคิว:</b> 02_001</p><table border='1' style='border-collapse:collapse; border-color:#ccc; width:100%;'><tr><td style='padding:3px 6px; font-weight:bold; background-color:#f2f2f2;'>รหัสกลุ่มคิว</td><td style='padding:3px 6px;'>02/001</td></tr><tr><td style='padding:3px 6px; font-weight:bold; background-color:#f2f2f2;'>รหัสรับเหมา</td><td style='padding:3px 6px;'>738889</td></tr><tr><td style='padding:3px 6px; font-weight:bold; background-color:#f2f2f2;'>ชื่อ-สกุล รับเหมา</td><td style='padding:3px 6px;'>รถตัดโรงงานเบอร์ 15</td></tr><tr><td style='padding:3px 6px; font-weight:bold; background-color:#f2f2f2;'>นักเกษตร</td><td style='padding:3px 6px;'>0010</td></tr><tr><td style='padding:3px 6px; font-weight:bold; background-color:#f2f2f2;'>ศูนย์</td><td style='padding:3px 6px;'>K2-02</td></tr><tr><td style='padding:3px 6px; font-weight:bold; background-color:#f2f2f2;'>โควตา</td><td style='padding:3px 6px;'>960702</td></tr><tr><td style='padding:3px 6px; font-weight:bold; background-color:#f2f2f2;'>ชาวไร่</td><td style='padding:3px 6px;'>นาง ทองปนท์ ไชยรัตน์</td></tr><tr><td style='padding:3px 6px; font-weight:bold; background-color:#f2f2f2;'>ประเภทอ้อย</td><td style='padding:3px 6px;'>ปลายฝน</td></tr><tr><td style='padding:3px 6px; font-weight:bold; background-color:#f2f2f2;'>พื้นที่</td><td style='padding:3px 6px;'>7.59</td></tr><tr><td style='padding:3px 6px; font-weight:bold; background-color:#f2f2f2;'>ตันรวม</td><td style='padding:3px 6px;'>98.67</td></tr><tr><td style='padding:3px 6px; font-weight:bold; background-color:#f2f2f2;'>รหัสแปลง</td><td style='padding:3px 6px;'>340708040009</td></tr><tr><td style='padding:3px 6px; font-weight:bold; background-color:#f2f2f2;'>กลุ่ม</td><td style='padding:3px 6px;'>กลุ่ม_02</td></tr></table></div>]]></description>
      <styleUrl>#plotStyle</styleUrl>
      <MultiGeometry><Polygon><outerBoundaryIs><LinearRing><coordinates>104.9661243,14.8448992,0 104.9650910,14.8451074,0 104.9651000,14.8451350,0 104.9651950,14.8456000,0 104.9650700,14.8456600,0 104.9650983,14.8458017,0 104.9651233,14.8458983,0 104.9652217,14.8459050,0 104.9656967,14.8459450,0 104.9658350,14.8459450,0 104.9662233,14.8459567,0 104.9662750,14.8459250,0 104.9661243,14.8448992,0</coordinates></LinearRing></outerBoundaryIs></Polygon></MultiGeometry>
    </Placemark>
    <Placemark>
      <name>340708060007</name>
      <description><![CDATA[<div style='font-family:Tahoma,sans-serif; font-size:13px;'><h3 style='color:#1565C0; margin:4px 0;'>รหัสแปลง: 340708060007</h3><p style='margin:2px 0;'><b>กลุ่มคิว:</b> 02_001</p><table border='1' style='border-collapse:collapse; border-color:#ccc; width:100%;'><tr><td style='padding:3px 6px; font-weight:bold; background-color:#f2f2f2;'>รหัสกลุ่มคิว</td><td style='padding:3px 6px;'>02/001</td></tr><tr><td style='padding:3px 6px; font-weight:bold; background-color:#f2f2f2;'>รหัสรับเหมา</td><td style='padding:3px 6px;'>738889</td></tr><tr><td style='padding:3px 6px; font-weight:bold; background-color:#f2f2f2;'>ชื่อ-สกุล รับเหมา</td><td style='padding:3px 6px;'>รถตัดโรงงานเบอร์ 15</td></tr><tr><td style='padding:3px 6px; font-weight:bold; background-color:#f2f2f2;'>นักเกษตร</td><td style='padding:3px 6px;'>0010</td></tr><tr><td style='padding:3px 6px; font-weight:bold; background-color:#f2f2f2;'>ศูนย์</td><td style='padding:3px 6px;'>K2-02</td></tr><tr><td style='padding:3px 6px; font-weight:bold; background-color:#f2f2f2;'>โควตา</td><td style='padding:3px 6px;'>960396</td></tr><tr><td style='padding:3px 6px; font-weight:bold; background-color:#f2f2f2;'>ชาวไร่</td><td style='padding:3px 6px;'>นาง สุพรรณ จันประสิทธิ์</td></tr><tr><td style='padding:3px 6px; font-weight:bold; background-color:#f2f2f2;'>ประเภทอ้อย</td><td style='padding:3px 6px;'>ปลายฝน</td></tr><tr><td style='padding:3px 6px; font-weight:bold; background-color:#f2f2f2;'>พื้นที่</td><td style='padding:3px 6px;'>17.46</td></tr><tr><td style='padding:3px 6px; font-weight:bold; background-color:#f2f2f2;'>ตันรวม</td><td style='padding:3px 6px;'>226.98</td></tr><tr><td style='padding:3px 6px; font-weight:bold; background-color:#f2f2f2;'>รหัสแปลง</td><td style='padding:3px 6px;'>340708060007</td></tr><tr><td style='padding:3px 6px; font-weight:bold; background-color:#f2f2f2;'>กลุ่ม</td><td style='padding:3px 6px;'>กลุ่ม_02</td></tr></table></div>]]></description>
      <styleUrl>#plotStyle</styleUrl>
      <MultiGeometry><Polygon><outerBoundaryIs><LinearRing><coordinates>104.9767700,14.8224233,0 104.9779717,14.8207200,0 104.9769767,14.8204333,0 104.9767450,14.8203633,0 104.9757267,14.8217200,0 104.9767700,14.8224233,0</coordinates></LinearRing></outerBoundaryIs></Polygon></MultiGeometry>
    </Placemark>
    <Placemark>
      <name>341511093015</name>
      <description><![CDATA[<div style='font-family:Tahoma,sans-serif; font-size:13px;'><h3 style='color:#1565C0; margin:4px 0;'>รหัสแปลง: 341511093015</h3><p style='margin:2px 0;'><b>กลุ่มคิว:</b> 02_001</p><table border='1' style='border-collapse:collapse; border-color:#ccc; width:100%;'><tr><td style='padding:3px 6px; font-weight:bold; background-color:#f2f2f2;'>รหัสกลุ่มคิว</td><td style='padding:3px 6px;'>02/001</td></tr><tr><td style='padding:3px 6px; font-weight:bold; background-color:#f2f2f2;'>รหัสรับเหมา</td><td style='padding:3px 6px;'>738889</td></tr><tr><td style='padding:3px 6px; font-weight:bold; background-color:#f2f2f2;'>ชื่อ-สกุล รับเหมา</td><td style='padding:3px 6px;'>รถตัดโรงงานเบอร์ 15</td></tr><tr><td style='padding:3px 6px; font-weight:bold; background-color:#f2f2f2;'>นักเกษตร</td><td style='padding:3px 6px;'>0010</td></tr><tr><td style='padding:3px 6px; font-weight:bold; background-color:#f2f2f2;'>ศูนย์</td><td style='padding:3px 6px;'>K2-02</td></tr><tr><td style='padding:3px 6px; font-weight:bold; background-color:#f2f2f2;'>โควตา</td><td style='padding:3px 6px;'>931048</td></tr><tr><td style='padding:3px 6px; font-weight:bold; background-color:#f2f2f2;'>ชาวไร่</td><td style='padding:3px 6px;'>นาย ทองปาน พันแสนแก้ว</td></tr><tr><td style='padding:3px 6px; font-weight:bold; background-color:#f2f2f2;'>ประเภทอ้อย</td><td style='padding:3px 6px;'>ปลายฝน</td></tr><tr><td style='padding:3px 6px; font-weight:bold; background-color:#f2f2f2;'>พื้นที่</td><td style='padding:3px 6px;'>4.03</td></tr><tr><td style='padding:3px 6px; font-weight:bold; background-color:#f2f2f2;'>ตันรวม</td><td style='padding:3px 6px;'>52.39</td></tr><tr><td style='padding:3px 6px; font-weight:bold; background-color:#f2f2f2;'>รหัสแปลง</td><td style='padding:3px 6px;'>341511093015</td></tr><tr><td style='padding:3px 6px; font-weight:bold; background-color:#f2f2f2;'>กลุ่ม</td><td style='padding:3px 6px;'>กลุ่ม_02</td></tr></table></div>]]></description>
      <styleUrl>#plotStyle</styleUrl>
      <MultiGeometry><Polygon><outerBoundaryIs><LinearRing><coordinates>104.7475915,15.1270507,0 104.7472175,15.1269493,0 104.7466611,15.1277964,0 104.7467668,15.1278912,0 104.7470887,15.1282128,0 104.7475915,15.1270507,0</coordinates></LinearRing></outerBoundaryIs></Polygon></MultiGeometry>
    </Placemark>
    <Placemark>
      <name>341511093016</name>
      <description><![CDATA[<div style='font-family:Tahoma,sans-serif; font-size:13px;'><h3 style='color:#1565C0; margin:4px 0;'>รหัสแปลง: 341511093016</h3><p style='margin:2px 0;'><b>กลุ่มคิว:</b> 02_001</p><table border='1' style='border-collapse:collapse; border-color:#ccc; width:100%;'><tr><td style='padding:3px 6px; font-weight:bold; background-color:#f2f2f2;'>รหัสกลุ่มคิว</td><td style='padding:3px 6px;'>02/001</td></tr><tr><td style='padding:3px 6px; font-weight:bold; background-color:#f2f2f2;'>รหัสรับเหมา</td><td style='padding:3px 6px;'>738889</td></tr><tr><td style='padding:3px 6px; font-weight:bold; background-color:#f2f2f2;'>ชื่อ-สกุล รับเหมา</td><td style='padding:3px 6px;'>รถตัดโรงงานเบอร์ 15</td></tr><tr><td style='padding:3px 6px; font-weight:bold; background-color:#f2f2f2;'>นักเกษตร</td><td style='padding:3px 6px;'>0010</td></tr><tr><td style='padding:3px 6px; font-weight:bold; background-color:#f2f2f2;'>ศูนย์</td><td style='padding:3px 6px;'>K2-02</td></tr><tr><td style='padding:3px 6px; font-weight:bold; background-color:#f2f2f2;'>โควตา</td><td style='padding:3px 6px;'>931048</td></tr><tr><td style='padding:3px 6px; font-weight:bold; background-color:#f2f2f2;'>ชาวไร่</td><td style='padding:3px 6px;'>นาย ทองปาน พันแสนแก้ว</td></tr><tr><td style='padding:3px 6px; font-weight:bold; background-color:#f2f2f2;'>ประเภทอ้อย</td><td style='padding:3px 6px;'>ปลายฝน</td></tr><tr><td style='padding:3px 6px; font-weight:bold; background-color:#f2f2f2;'>พื้นที่</td><td style='padding:3px 6px;'>1.77</td></tr><tr><td style='padding:3px 6px; font-weight:bold; background-color:#f2f2f2;'>ตันรวม</td><td style='padding:3px 6px;'>23.01</td></tr><tr><td style='padding:3px 6px; font-weight:bold; background-color:#f2f2f2;'>รหัสแปลง</td><td style='padding:3px 6px;'>341511093016</td></tr><tr><td style='padding:3px 6px; font-weight:bold; background-color:#f2f2f2;'>กลุ่ม</td><td style='padding:3px 6px;'>กลุ่ม_02</td></tr></table></div>]]></description>
      <styleUrl>#plotStyle</styleUrl>
      <MultiGeometry><Polygon><outerBoundaryIs><LinearRing><coordinates>104.7479495,15.1267454,0 104.7478444,15.1269462,0 104.7482362,15.1270846,0 104.7487310,15.1273417,0 104.7487754,15.1273349,0 104.7487907,15.1273823,0 104.7490859,15.1275145,0 104.7491458,15.1273725,0 104.7479495,15.1267454,0</coordinates></LinearRing></outerBoundaryIs></Polygon></MultiGeometry>
    </Placemark>
    <Placemark>
      <name>340708030059</name>
      <description><![CDATA[<div style='font-family:Tahoma,sans-serif; font-size:13px;'><h3 style='color:#1565C0; margin:4px 0;'>รหัสแปลง: 340708030059</h3><p style='margin:2px 0;'><b>กลุ่มคิว:</b> 02_001</p><table border='1' style='border-collapse:collapse; border-color:#ccc; width:100%;'><tr><td style='padding:3px 6px; font-weight:bold; background-color:#f2f2f2;'>รหัสกลุ่มคิว</td><td style='padding:3px 6px;'>02/001</td></tr><tr><td style='padding:3px 6px; font-weight:bold; background-color:#f2f2f2;'>รหัสรับเหมา</td><td style='padding:3px 6px;'>738889</td></tr><tr><td style='padding:3px 6px; font-weight:bold; background-color:#f2f2f2;'>ชื่อ-สกุล รับเหมา</td><td style='padding:3px 6px;'>รถตัดโรงงานเบอร์ 15</td></tr><tr><td style='padding:3px 6px; font-weight:bold; background-color:#f2f2f2;'>นักเกษตร</td><td style='padding:3px 6px;'>0010</td></tr><tr><td style='padding:3px 6px; font-weight:bold; background-color:#f2f2f2;'>ศูนย์</td><td style='padding:3px 6px;'>K2-02</td></tr><tr><td style='padding:3px 6px; font-weight:bold; background-color:#f2f2f2;'>โควตา</td><td style='padding:3px 6px;'>960706</td></tr><tr><td style='padding:3px 6px; font-weight:bold; background-color:#f2f2f2;'>ชาวไร่</td><td style='padding:3px 6px;'>นางสาว สมเพียร สุทธิพรม</td></tr><tr><td style='padding:3px 6px; font-weight:bold; background-color:#f2f2f2;'>ประเภทอ้อย</td><td style='padding:3px 6px;'>ปลายฝน</td></tr><tr><td style='padding:3px 6px; font-weight:bold; background-color:#f2f2f2;'>พื้นที่</td><td style='padding:3px 6px;'>13.89</td></tr><tr><td style='padding:3px 6px; font-weight:bold; background-color:#f2f2f2;'>ตันรวม</td><td style='padding:3px 6px;'>180.57</td></tr><tr><td style='padding:3px 6px; font-weight:bold; background-color:#f2f2f2;'>รหัสแปลง</td><td style='padding:3px 6px;'>340708030059</td></tr><tr><td style='padding:3px 6px; font-weight:bold; background-color:#f2f2f2;'>กลุ่ม</td><td style='padding:3px 6px;'>กลุ่ม_02</td></tr></table></div>]]></description>
      <styleUrl>#plotStyle</styleUrl>
      <MultiGeometry><Polygon><outerBoundaryIs><LinearRing><coordinates>104.9931400,14.8456767,0 104.9931483,14.8455883,0 104.9929767,14.8455300,0 104.9930417,14.8453983,0 104.9930400,14.8452717,0 104.9930617,14.8450417,0 104.9930967,14.8449900,0 104.9930950,14.8447900,0 104.9927900,14.8447700,0 104.9928033,14.8445683,0 104.9907450,14.8442983,0 104.9907883,14.8447967,0 104.9929200,14.8457200,0 104.9929617,14.8456417,0 104.9931400,14.8456767,0</coordinates></LinearRing></outerBoundaryIs></Polygon></MultiGeometry>
    </Placemark>
    <Placemark>
      <name>340708030060</name>
      <description><![CDATA[<div style='font-family:Tahoma,sans-serif; font-size:13px;'><h3 style='color:#1565C0; margin:4px 0;'>รหัสแปลง: 340708030060</h3><p style='margin:2px 0;'><b>กลุ่มคิว:</b> 02_001</p><table border='1' style='border-collapse:collapse; border-color:#ccc; width:100%;'><tr><td style='padding:3px 6px; font-weight:bold; background-color:#f2f2f2;'>รหัสกลุ่มคิว</td><td style='padding:3px 6px;'>02/001</td></tr><tr><td style='padding:3px 6px; font-weight:bold; background-color:#f2f2f2;'>รหัสรับเหมา</td><td style='padding:3px 6px;'>738889</td></tr><tr><td style='padding:3px 6px; font-weight:bold; background-color:#f2f2f2;'>ชื่อ-สกุล รับเหมา</td><td style='padding:3px 6px;'>รถตัดโรงงานเบอร์ 15</td></tr><tr><td style='padding:3px 6px; font-weight:bold; background-color:#f2f2f2;'>นักเกษตร</td><td style='padding:3px 6px;'>0010</td></tr><tr><td style='padding:3px 6px; font-weight:bold; background-color:#f2f2f2;'>ศูนย์</td><td style='padding:3px 6px;'>K2-02</td></tr><tr><td style='padding:3px 6px; font-weight:bold; background-color:#f2f2f2;'>โควตา</td><td style='padding:3px 6px;'>912210</td></tr><tr><td style='padding:3px 6px; font-weight:bold; background-color:#f2f2f2;'>ชาวไร่</td><td style='padding:3px 6px;'>นาย กิตติ ศิริชาติ</td></tr><tr><td style='padding:3px 6px; font-weight:bold; background-color:#f2f2f2;'>ประเภทอ้อย</td><td style='padding:3px 6px;'>ปลายฝน</td></tr><tr><td style='padding:3px 6px; font-weight:bold; background-color:#f2f2f2;'>พื้นที่</td><td style='padding:3px 6px;'>7.38</td></tr><tr><td style='padding:3px 6px; font-weight:bold; background-color:#f2f2f2;'>ตันรวม</td><td style='padding:3px 6px;'>95.94</td></tr><tr><td style='padding:3px 6px; font-weight:bold; background-color:#f2f2f2;'>รหัสแปลง</td><td style='padding:3px 6px;'>340708030060</td></tr><tr><td style='padding:3px 6px; font-weight:bold; background-color:#f2f2f2;'>กลุ่ม</td><td style='padding:3px 6px;'>กลุ่ม_02</td></tr></table></div>]]></description>
      <styleUrl>#plotStyle</styleUrl>
      <MultiGeometry><Polygon><outerBoundaryIs><LinearRing><coordinates>105.0021717,14.8158183,0 105.0014600,14.8150883,0 105.0013817,14.8150667,0 105.0012783,14.8150767,0 105.0011050,14.8152533,0 105.0010500,14.8153400,0 105.0010767,14.8153783,0 105.0007700,14.8156900,0 105.0011150,14.8160233,0 105.0013250,14.8162333,0 105.0014900,14.8164283,0 105.0021717,14.8158183,0</coordinates></LinearRing></outerBoundaryIs></Polygon></MultiGeometry>
    </Placemark>
    <Placemark>
      <name>340708030062</name>
      <description><![CDATA[<div style='font-family:Tahoma,sans-serif; font-size:13px;'><h3 style='color:#1565C0; margin:4px 0;'>รหัสแปลง: 340708030062</h3><p style='margin:2px 0;'><b>กลุ่มคิว:</b> 02_001</p><table border='1' style='border-collapse:collapse; border-color:#ccc; width:100%;'><tr><td style='padding:3px 6px; font-weight:bold; background-color:#f2f2f2;'>รหัสกลุ่มคิว</td><td style='padding:3px 6px;'>02/001</td></tr><tr><td style='padding:3px 6px; font-weight:bold; background-color:#f2f2f2;'>รหัสรับเหมา</td><td style='padding:3px 6px;'>738889</td></tr><tr><td style='padding:3px 6px; font-weight:bold; background-color:#f2f2f2;'>ชื่อ-สกุล รับเหมา</td><td style='padding:3px 6px;'>รถตัดโรงงานเบอร์ 15</td></tr><tr><td style='padding:3px 6px; font-weight:bold; background-color:#f2f2f2;'>นักเกษตร</td><td style='padding:3px 6px;'>0010</td></tr><tr><td style='padding:3px 6px; font-weight:bold; background-color:#f2f2f2;'>ศูนย์</td><td style='padding:3px 6px;'>K2-02</td></tr><tr><td style='padding:3px 6px; font-weight:bold; background-color:#f2f2f2;'>โควตา</td><td style='padding:3px 6px;'>960712</td></tr><tr><td style='padding:3px 6px; font-weight:bold; background-color:#f2f2f2;'>ชาวไร่</td><td style='padding:3px 6px;'>นางสาว สมศิริน ศิรินู</td></tr><tr><td style='padding:3px 6px; font-weight:bold; background-color:#f2f2f2;'>ประเภทอ้อย</td><td style='padding:3px 6px;'>ปลายฝน</td></tr><tr><td style='padding:3px 6px; font-weight:bold; background-color:#f2f2f2;'>พื้นที่</td><td style='padding:3px 6px;'>8.99</td></tr><tr><td style='padding:3px 6px; font-weight:bold; background-color:#f2f2f2;'>ตันรวม</td><td style='padding:3px 6px;'>116.87</td></tr><tr><td style='padding:3px 6px; font-weight:bold; background-color:#f2f2f2;'>รหัสแปลง</td><td style='padding:3px 6px;'>340708030062</td></tr><tr><td style='padding:3px 6px; font-weight:bold; background-color:#f2f2f2;'>กลุ่ม</td><td style='padding:3px 6px;'>กลุ่ม_02</td></tr></table></div>]]></description>
      <styleUrl>#plotStyle</styleUrl>
      <MultiGeometry><Polygon><outerBoundaryIs><LinearRing><coordinates>105.0084200,14.8161467,0 105.0087433,14.8163333,0 105.0088417,14.8162183,0 105.0089983,14.8163383,0 105.0087333,14.8166617,0 105.0089717,14.8168517,0 105.0096483,14.8161367,0 105.0098950,14.8158817,0 105.0097367,14.8155783,0 105.0095683,14.8152933,0 105.0093233,14.8152583,0 105.0088117,14.8155867,0 105.0084200,14.8161467,0</coordinates></LinearRing></outerBoundaryIs></Polygon></MultiGeometry>
    </Placemark>
    <Placemark>
      <name>321301111766</name>
      <description><![CDATA[<div style='font-family:Tahoma,sans-serif; font-size:13px;'><h3 style='color:#1565C0; margin:4px 0;'>รหัสแปลง: 321301111766</h3><p style='margin:2px 0;'><b>กลุ่มคิว:</b> 02_001</p><table border='1' style='border-collapse:collapse; border-color:#ccc; width:100%;'><tr><td style='padding:3px 6px; font-weight:bold; background-color:#f2f2f2;'>รหัสกลุ่มคิว</td><td style='padding:3px 6px;'>02/001</td></tr><tr><td style='padding:3px 6px; font-weight:bold; background-color:#f2f2f2;'>รหัสรับเหมา</td><td style='padding:3px 6px;'>738889</td></tr><tr><td style='padding:3px 6px; font-weight:bold; background-color:#f2f2f2;'>ชื่อ-สกุล รับเหมา</td><td style='padding:3px 6px;'>รถตัดโรงงานเบอร์ 15</td></tr><tr><td style='padding:3px 6px; font-weight:bold; background-color:#f2f2f2;'>นักเกษตร</td><td style='padding:3px 6px;'>0010</td></tr><tr><td style='padding:3px 6px; font-weight:bold; background-color:#f2f2f2;'>ศูนย์</td><td style='padding:3px 6px;'>K2-02</td></tr><tr><td style='padding:3px 6px; font-weight:bold; background-color:#f2f2f2;'>โควตา</td><td style='padding:3px 6px;'>720000</td></tr><tr><td style='padding:3px 6px; font-weight:bold; background-color:#f2f2f2;'>ชาวไร่</td><td style='padding:3px 6px;'>นางสาว ดาหวัน แก้วแสนเมือง</td></tr><tr><td style='padding:3px 6px; font-weight:bold; background-color:#f2f2f2;'>ประเภทอ้อย</td><td style='padding:3px 6px;'>ปลายฝน</td></tr><tr><td style='padding:3px 6px; font-weight:bold; background-color:#f2f2f2;'>พื้นที่</td><td style='padding:3px 6px;'>3.38</td></tr><tr><td style='padding:3px 6px; font-weight:bold; background-color:#f2f2f2;'>ตันรวม</td><td style='padding:3px 6px;'>43.94</td></tr><tr><td style='padding:3px 6px; font-weight:bold; background-color:#f2f2f2;'>รหัสแปลง</td><td style='padding:3px 6px;'>321301111766</td></tr><tr><td style='padding:3px 6px; font-weight:bold; background-color:#f2f2f2;'>กลุ่ม</td><td style='padding:3px 6px;'>กลุ่ม_02</td></tr></table></div>]]></description>
      <styleUrl>#plotStyle</styleUrl>
      <MultiGeometry><Polygon><outerBoundaryIs><LinearRing><coordinates>103.9137355,14.5224564,0 103.9142449,14.5225563,0 103.9143968,14.5216864,0 103.9138526,14.5216500,0 103.9137355,14.5224564,0</coordinates></LinearRing></outerBoundaryIs></Polygon></MultiGeometry>
    </Placemark>
  </Folder>
</Document>
</kml>